feature,monthly_slopes,mean_slope,newey_west_t_stat,sign_consistency,selected,horizon_months,fold
revenue_growth,59,0.0061448582253971,0.3853881477337511,0.5254237288135594,False,3,2024-03-31_2024-05-31
ebitda_margin,59,-0.0163313769803693,-1.489461625240846,0.576271186440678,True,3,2024-03-31_2024-05-31
net_income_margin,59,-0.0018009814563994,-0.116008433884542,0.4745762711864407,False,3,2024-03-31_2024-05-31
free_cash_flow_yield,59,0.0173499850887431,1.303918017194306,0.6271186440677966,True,3,2024-03-31_2024-05-31
fcf_margin,59,0.0128452938611035,0.8804253089490329,0.5084745762711864,False,3,2024-03-31_2024-05-31
fcf_stability,59,-0.0104544833182775,-0.9765326170322582,0.576271186440678,False,3,2024-03-31_2024-05-31
cfo_to_net_income,59,0.0043483916693134,0.4328679719944276,0.4745762711864407,False,3,2024-03-31_2024-05-31
net_debt_to_ebitda,59,-0.0031983594839648,-0.1542700897590251,0.5423728813559322,False,3,2024-03-31_2024-05-31
interest_coverage,59,0.0177890411498899,0.8417070987486996,0.576271186440678,False,3,2024-03-31_2024-05-31
roe,59,0.0157899312763798,0.7081385571987623,0.4915254237288136,False,3,2024-03-31_2024-05-31
roic,59,0.0157780632497422,0.7254181529423275,0.5423728813559322,False,3,2024-03-31_2024-05-31
pe_ratio,59,-0.0256783933816779,-0.8514613294419605,0.559322033898305,False,3,2024-03-31_2024-05-31
pb_ratio,59,-0.011234456319541,-0.3012152372651216,0.576271186440678,False,3,2024-03-31_2024-05-31
ev_ebitda,59,-0.0166356162817236,-0.7045932228891251,0.5423728813559322,False,3,2024-03-31_2024-05-31
dividend_yield,59,0.0309949394773312,1.039709232893994,0.576271186440678,False,3,2024-03-31_2024-05-31
dividend_growth_3y,59,0.0231000440211616,2.3663466376140887,0.6440677966101694,True,3,2024-03-31_2024-05-31
dividend_growth_5y,58,0.0208324486965872,2.208418226268405,0.6206896551724138,True,3,2024-03-31_2024-05-31
payout_ratio,59,0.0100688064480345,0.7755078145276572,0.559322033898305,False,3,2024-03-31_2024-05-31
positive_fcf_years_5,59,0.0219176103094618,1.2946924160213469,0.6610169491525424,True,3,2024-03-31_2024-05-31
cash_flow_quality_score,59,0.015378265596333,1.181340707168996,0.559322033898305,False,3,2024-03-31_2024-05-31
balance_sheet_strength_score,59,0.0004123105237563,0.0192875148881442,0.559322033898305,False,3,2024-03-31_2024-05-31
earnings_stability_score,59,0.0019353500042327,0.1729145718731612,0.4915254237288136,False,3,2024-03-31_2024-05-31
fcf_dividend_cover,59,0.0076741731971295,0.5899057292215248,0.5254237288135594,False,3,2024-03-31_2024-05-31
dividend_stability_score,58,0.0226158408920456,2.2210487697388097,0.5862068965517241,True,3,2024-03-31_2024-05-31
dividend_safety_score,58,0.0260550459340765,1.7196498603930326,0.6551724137931034,True,3,2024-03-31_2024-05-31
valuation_score,59,0.0145623031876223,0.4397394427929706,0.559322033898305,False,3,2024-03-31_2024-05-31
valuation_percentile,59,0.0145623031876223,0.4397394427929706,0.559322033898305,False,3,2024-03-31_2024-05-31
volatility_1y,59,0.0049287810931118,0.1860419582652764,0.4576271186440678,False,3,2024-03-31_2024-05-31
downside_volatility,59,-0.0017936765770456,-0.0765289170399062,0.5254237288135594,False,3,2024-03-31_2024-05-31
beta_local_market,59,-0.0121437238224873,-0.3627000601919378,0.4915254237288136,False,3,2024-03-31_2024-05-31
beta_global_market,59,0.0049287810931118,0.1860419582652764,0.4576271186440678,False,3,2024-03-31_2024-05-31
max_drawdown_1y,59,0.0096146789202583,0.3269883373633424,0.576271186440678,False,3,2024-03-31_2024-05-31
var_5,59,-0.0073536036423579,-0.2670536094030775,0.4406779661016949,False,3,2024-03-31_2024-05-31
cvar_5,59,0.0005360668269886,0.0213675212221824,0.559322033898305,False,3,2024-03-31_2024-05-31
momentum_6m,59,0.023056294996436,1.065066228577949,0.6101694915254238,False,3,2024-03-31_2024-05-31
sharpe_proxy,59,-0.0117458577976879,-0.3423705492142112,0.5084745762711864,False,3,2024-03-31_2024-05-31
sortino_proxy,59,-0.011193839731184,-0.3253207687626495,0.4915254237288136,False,3,2024-03-31_2024-05-31
risk_score,59,0.0012510116133562,0.0468501360104183,0.559322033898305,False,3,2024-03-31_2024-05-31
liquidity_score,59,0.0106645397245394,2.216457320176855,0.6610169491525424,True,3,2024-03-31_2024-05-31
liquidity_stress_score,59,-0.0106645397245394,-2.216457320176854,0.6610169491525424,True,3,2024-03-31_2024-05-31
average_daily_value_usd,59,0.0106645397245394,2.216457320176855,0.6610169491525424,True,3,2024-03-31_2024-05-31
market_cap_usd,59,-0.0513302502818087,-3.51714524109328,0.7288135593220338,True,3,2024-03-31_2024-05-31
fundamentals_period_count,59,0.0217567031863378,2.1509791589551184,0.6440677966101694,True,3,2024-03-31_2024-05-31
fundamentals_coverage_ratio,59,-0.0102987940016373,-0.8610106241275519,0.576271186440678,False,3,2024-03-31_2024-05-31
log_market_cap_usd,59,-0.0513302502818087,-3.51714524109328,0.7288135593220338,True,3,2024-03-31_2024-05-31
log_average_daily_value_usd,59,0.0106645397245394,2.216457320176855,0.6610169491525424,True,3,2024-03-31_2024-05-31
revenue_growth__regional_rank,59,0.00407916464202,0.2432810795702598,0.5423728813559322,False,3,2024-03-31_2024-05-31
free_cash_flow_yield__regional_rank,59,0.0182270252962355,1.3919348826214424,0.6101694915254238,True,3,2024-03-31_2024-05-31
net_debt_to_ebitda__regional_rank,59,-0.0012976852791025,-0.0621360593764095,0.5254237288135594,False,3,2024-03-31_2024-05-31
interest_coverage__regional_rank,59,0.0103873133507061,0.4972401711064864,0.576271186440678,False,3,2024-03-31_2024-05-31
roe__regional_rank,59,0.0172036970895569,0.704826660530723,0.4745762711864407,False,3,2024-03-31_2024-05-31
roic__regional_rank,59,0.0166543435682383,0.7420624061304626,0.559322033898305,False,3,2024-03-31_2024-05-31
pe_ratio__regional_rank,59,-0.027348271181373,-0.8923320111957886,0.5423728813559322,False,3,2024-03-31_2024-05-31
pb_ratio__regional_rank,59,-0.0101951370322471,-0.2598077882068424,0.576271186440678,False,3,2024-03-31_2024-05-31
ev_ebitda__regional_rank,59,-0.0192205977549834,-0.771058680200698,0.559322033898305,False,3,2024-03-31_2024-05-31
dividend_yield__regional_rank,59,0.0344651557797333,1.1905008314226693,0.5932203389830508,False,3,2024-03-31_2024-05-31
cash_flow_quality_score__regional_rank,59,0.0161523919719371,1.2606810676634477,0.559322033898305,True,3,2024-03-31_2024-05-31
balance_sheet_strength_score__regional_rank,59,-0.0026866987436895,-0.1329766617932117,0.4745762711864407,False,3,2024-03-31_2024-05-31
dividend_safety_score__regional_rank,58,0.0237250190780092,1.5190017337019244,0.6551724137931034,True,3,2024-03-31_2024-05-31
valuation_score__regional_rank,59,0.0171653020278951,0.5029834570897238,0.5423728813559322,False,3,2024-03-31_2024-05-31
volatility_1y__regional_rank,59,0.0002383478611595,0.0079732888936645,0.3898305084745763,False,3,2024-03-31_2024-05-31
beta_local_market__regional_rank,59,-0.0135797622597736,-0.3830709547082259,0.4576271186440678,False,3,2024-03-31_2024-05-31
max_drawdown_1y__regional_rank,59,0.013132537443701,0.4056138142212734,0.559322033898305,False,3,2024-03-31_2024-05-31
momentum_6m__regional_rank,59,0.0241740263751535,1.0818258885923329,0.6271186440677966,False,3,2024-03-31_2024-05-31
liquidity_score__regional_rank,59,0.0212326869861847,2.9141733388479176,0.6610169491525424,True,3,2024-03-31_2024-05-31
average_daily_value_usd__regional_rank,59,0.0212326869861847,2.9141733388479176,0.6610169491525424,True,3,2024-03-31_2024-05-31
market_cap_usd__regional_rank,59,-0.0570027262536453,-3.424943830042188,0.7627118644067796,True,3,2024-03-31_2024-05-31
revenue_growth,62,0.0086296976889027,0.5622083227398623,0.532258064516129,False,3,2024-06-30_2024-08-31
ebitda_margin,62,-0.0205304228159639,-1.854588630509272,0.5967741935483871,True,3,2024-06-30_2024-08-31
net_income_margin,62,-0.0063307929014141,-0.4192089861618375,0.5,False,3,2024-06-30_2024-08-31
free_cash_flow_yield,62,0.0191617317516517,1.4810662111121669,0.6290322580645161,True,3,2024-06-30_2024-08-31
fcf_margin,62,0.0092289767978612,0.6525938998209456,0.5,False,3,2024-06-30_2024-08-31
fcf_stability,62,-0.010145980655753,-0.986642952054892,0.5806451612903226,False,3,2024-06-30_2024-08-31
cfo_to_net_income,62,0.0068565493808813,0.6963131866599294,0.4838709677419355,False,3,2024-06-30_2024-08-31
net_debt_to_ebitda,62,-0.0048414435323347,-0.2440656144286306,0.5483870967741935,False,3,2024-06-30_2024-08-31
interest_coverage,62,0.0179747165215154,0.892159659752118,0.5806451612903226,False,3,2024-06-30_2024-08-31
roe,62,0.0153013958178965,0.7206179581704961,0.5,False,3,2024-06-30_2024-08-31
roic,62,0.0171867316467818,0.8268994292712032,0.5645161290322581,False,3,2024-06-30_2024-08-31
pe_ratio,62,-0.0289081400339081,-1.0004245424002596,0.5806451612903226,False,3,2024-06-30_2024-08-31
pb_ratio,62,-0.0136024264599546,-0.3823785108689617,0.5806451612903226,False,3,2024-06-30_2024-08-31
ev_ebitda,62,-0.0216058074135908,-0.941531207443606,0.5645161290322581,False,3,2024-06-30_2024-08-31
dividend_yield,62,0.0305509408027873,1.076504363285553,0.5806451612903226,False,3,2024-06-30_2024-08-31
dividend_growth_3y,62,0.0229020841415931,2.460954022459257,0.6612903225806451,True,3,2024-06-30_2024-08-31
dividend_growth_5y,61,0.0220245876871946,2.4385345702893826,0.639344262295082,True,3,2024-06-30_2024-08-31
payout_ratio,62,0.0060333633150429,0.4690430811472771,0.532258064516129,False,3,2024-06-30_2024-08-31
positive_fcf_years_5,62,0.0185270098512608,1.133438326865437,0.6290322580645161,False,3,2024-06-30_2024-08-31
cash_flow_quality_score,62,0.0140194906659951,1.12011003966576,0.5645161290322581,False,3,2024-06-30_2024-08-31
balance_sheet_strength_score,62,0.0025026264591206,0.1224024891898119,0.5645161290322581,False,3,2024-06-30_2024-08-31
earnings_stability_score,62,0.00172019886442,0.1604649540430366,0.4838709677419355,False,3,2024-06-30_2024-08-31
fcf_dividend_cover,62,0.0086907122150721,0.6941829935987122,0.532258064516129,False,3,2024-06-30_2024-08-31
dividend_stability_score,61,0.0217482035468916,2.2406438003479634,0.5901639344262295,True,3,2024-06-30_2024-08-31
dividend_safety_score,61,0.0276210064253187,1.8916377379232696,0.6557377049180327,True,3,2024-06-30_2024-08-31
valuation_score,62,0.0182558190912369,0.5754322534372497,0.5806451612903226,False,3,2024-06-30_2024-08-31
valuation_percentile,62,0.0182558190912369,0.5754322534372497,0.5806451612903226,False,3,2024-06-30_2024-08-31
volatility_1y,62,0.0105183882103728,0.4103668444735623,0.4838709677419355,False,3,2024-06-30_2024-08-31
downside_volatility,62,0.0038252413188315,0.1678574577017042,0.5,False,3,2024-06-30_2024-08-31
beta_local_market,62,-0.003680080019471,-0.1111554110054966,0.4677419354838709,False,3,2024-06-30_2024-08-31
beta_global_market,62,0.0105183882103728,0.4103668444735623,0.4838709677419355,False,3,2024-06-30_2024-08-31
max_drawdown_1y,62,0.0093225038342036,0.3309269077360688,0.5645161290322581,False,3,2024-06-30_2024-08-31
var_5,62,-0.012349694516128,-0.465014666720157,0.4516129032258064,False,3,2024-06-30_2024-08-31
cvar_5,62,-0.0054023398858029,-0.2215321908134347,0.4677419354838709,False,3,2024-06-30_2024-08-31
momentum_6m,62,0.0219856268492655,1.0619184082401611,0.5967741935483871,False,3,2024-06-30_2024-08-31
sharpe_proxy,62,-0.0047980699318894,-0.1429831724322531,0.4838709677419355,False,3,2024-06-30_2024-08-31
sortino_proxy,62,-0.0039859058200272,-0.1182885233592726,0.4677419354838709,False,3,2024-06-30_2024-08-31
risk_score,62,-0.0034297703535726,-0.1332985458417064,0.4516129032258064,False,3,2024-06-30_2024-08-31
liquidity_score,62,0.0125603158004441,2.645593301973002,0.6774193548387096,True,3,2024-06-30_2024-08-31
liquidity_stress_score,62,-0.0125603158004441,-2.6455933019730016,0.6774193548387096,True,3,2024-06-30_2024-08-31
average_daily_value_usd,62,0.0125603158004441,2.645593301973002,0.6774193548387096,True,3,2024-06-30_2024-08-31
market_cap_usd,62,-0.0526239590775462,-3.751714958415808,0.7258064516129032,True,3,2024-06-30_2024-08-31
fundamentals_period_count,62,0.0219744855500239,2.2860258388122787,0.6612903225806451,True,3,2024-06-30_2024-08-31
fundamentals_coverage_ratio,62,-0.0110407866165108,-0.9612008765770748,0.5806451612903226,False,3,2024-06-30_2024-08-31
log_market_cap_usd,62,-0.0526239590775462,-3.751714958415808,0.7258064516129032,True,3,2024-06-30_2024-08-31
log_average_daily_value_usd,62,0.0125603158004441,2.645593301973002,0.6774193548387096,True,3,2024-06-30_2024-08-31
revenue_growth__regional_rank,62,0.0055827274914489,0.3481448841328687,0.5483870967741935,False,3,2024-06-30_2024-08-31
free_cash_flow_yield__regional_rank,62,0.0203733634861515,1.5979818572065432,0.6129032258064516,True,3,2024-06-30_2024-08-31
net_debt_to_ebitda__regional_rank,62,-0.0022579651634487,-0.1132058272129484,0.532258064516129,False,3,2024-06-30_2024-08-31
interest_coverage__regional_rank,62,0.0109175788825203,0.5476123153689103,0.5806451612903226,False,3,2024-06-30_2024-08-31
roe__regional_rank,62,0.0169335560272017,0.7289295627266935,0.4838709677419355,False,3,2024-06-30_2024-08-31
roic__regional_rank,62,0.0183077429665683,0.8534735791925612,0.5806451612903226,False,3,2024-06-30_2024-08-31
pe_ratio__regional_rank,62,-0.0306064242060357,-1.0422505517825806,0.5645161290322581,False,3,2024-06-30_2024-08-31
pb_ratio__regional_rank,62,-0.0124299541957515,-0.3321673864755835,0.5806451612903226,False,3,2024-06-30_2024-08-31
ev_ebitda__regional_rank,62,-0.0235642374573786,-0.9786349339464452,0.5806451612903226,False,3,2024-06-30_2024-08-31
dividend_yield__regional_rank,62,0.0339651775481738,1.2321744762881768,0.5967741935483871,True,3,2024-06-30_2024-08-31
cash_flow_quality_score__regional_rank,62,0.0152713605347184,1.2438542170663236,0.5645161290322581,True,3,2024-06-30_2024-08-31
balance_sheet_strength_score__regional_rank,62,-0.0004634335253015,-0.0239492651851448,0.4677419354838709,False,3,2024-06-30_2024-08-31
dividend_safety_score__regional_rank,61,0.0254536969195144,1.689452053238522,0.6557377049180327,True,3,2024-06-30_2024-08-31
valuation_score__regional_rank,62,0.0204708395488192,0.6269305292282523,0.5483870967741935,False,3,2024-06-30_2024-08-31
volatility_1y__regional_rank,62,0.006613292060395,0.2285438879350215,0.4193548387096774,False,3,2024-06-30_2024-08-31
beta_local_market__regional_rank,62,-0.0042318677877604,-0.1203994630604657,0.4354838709677419,False,3,2024-06-30_2024-08-31
max_drawdown_1y__regional_rank,62,0.0131412684483385,0.4236814634201083,0.5483870967741935,False,3,2024-06-30_2024-08-31
momentum_6m__regional_rank,62,0.0231550493242716,1.083932674914731,0.6129032258064516,False,3,2024-06-30_2024-08-31
liquidity_score__regional_rank,62,0.0234168812635073,3.3017797082657165,0.6774193548387096,True,3,2024-06-30_2024-08-31
average_daily_value_usd__regional_rank,62,0.0234168812635073,3.3017797082657165,0.6774193548387096,True,3,2024-06-30_2024-08-31
market_cap_usd__regional_rank,62,-0.0597944193075052,-3.7203819916908336,0.7741935483870968,True,3,2024-06-30_2024-08-31
revenue_growth,65,0.007646094326382,0.5219234206607339,0.5230769230769231,False,3,2024-09-30_2024-11-30
ebitda_margin,65,-0.020628522747669,-1.9482442520846537,0.6,True,3,2024-09-30_2024-11-30
net_income_margin,65,-0.0035595993581756,-0.2445708741937631,0.4769230769230769,False,3,2024-09-30_2024-11-30
free_cash_flow_yield,65,0.0209657275749009,1.6798120675301296,0.6461538461538462,True,3,2024-09-30_2024-11-30
fcf_margin,65,0.0117939917060988,0.8606772514990821,0.5230769230769231,False,3,2024-09-30_2024-11-30
fcf_stability,65,-0.0057544389436884,-0.5513211179222013,0.5538461538461539,False,3,2024-09-30_2024-11-30
cfo_to_net_income,65,0.008113530429408,0.8494577871121594,0.5076923076923077,False,3,2024-09-30_2024-11-30
net_debt_to_ebitda,65,-0.0004861777917128,-0.0252380970098016,0.5230769230769231,False,3,2024-09-30_2024-11-30
interest_coverage,65,0.0134776550557381,0.6864496857183893,0.5538461538461539,False,3,2024-09-30_2024-11-30
roe,65,0.0131918277289222,0.6482114543238827,0.4769230769230769,False,3,2024-09-30_2024-11-30
roic,65,0.0132106573368407,0.6572024484795141,0.5384615384615384,False,3,2024-09-30_2024-11-30
pe_ratio,65,-0.0325750603867688,-1.163823217199853,0.5846153846153846,False,3,2024-09-30_2024-11-30
pb_ratio,65,-0.0176319185373998,-0.514750056973321,0.5846153846153846,False,3,2024-09-30_2024-11-30
ev_ebitda,65,-0.021884807663168,-0.9855948104471656,0.5692307692307692,False,3,2024-09-30_2024-11-30
dividend_yield,65,0.0362320996804926,1.314805716290387,0.6,False,3,2024-09-30_2024-11-30
dividend_growth_3y,65,0.0212862723631077,2.3733239022320167,0.6461538461538462,True,3,2024-09-30_2024-11-30
dividend_growth_5y,64,0.0193210085375987,2.183111237382354,0.609375,True,3,2024-09-30_2024-11-30
payout_ratio,65,0.008172198432777,0.6614568563307494,0.5538461538461539,False,3,2024-09-30_2024-11-30
positive_fcf_years_5,65,0.0161002490062716,1.010246535750446,0.6153846153846154,False,3,2024-09-30_2024-11-30
cash_flow_quality_score,65,0.0171473166871598,1.4096033960775805,0.5846153846153846,False,3,2024-09-30_2024-11-30
balance_sheet_strength_score,65,-0.0040146101273419,-0.1984201454330089,0.4615384615384615,False,3,2024-09-30_2024-11-30
earnings_stability_score,65,0.0056154212038576,0.5247912762949166,0.5076923076923077,False,3,2024-09-30_2024-11-30
fcf_dividend_cover,65,0.0096700441105657,0.8072024246081597,0.5538461538461539,False,3,2024-09-30_2024-11-30
dividend_stability_score,64,0.0199735786078723,2.1289697419370053,0.578125,True,3,2024-09-30_2024-11-30
dividend_safety_score,64,0.028841150393142,2.057212247476267,0.671875,True,3,2024-09-30_2024-11-30
valuation_score,65,0.0193449094674878,0.6341954820552937,0.5846153846153846,False,3,2024-09-30_2024-11-30
valuation_percentile,65,0.0193449094674878,0.6341954820552937,0.5846153846153846,False,3,2024-09-30_2024-11-30
volatility_1y,65,0.0024989629291136,0.0988915870902157,0.4615384615384615,False,3,2024-09-30_2024-11-30
downside_volatility,65,-0.0030907117943898,-0.1380578104071567,0.5230769230769231,False,3,2024-09-30_2024-11-30
beta_local_market,65,-0.0024860945665344,-0.0783662805438867,0.4769230769230769,False,3,2024-09-30_2024-11-30
beta_global_market,65,0.0024989629291136,0.0988915870902157,0.4615384615384615,False,3,2024-09-30_2024-11-30
max_drawdown_1y,65,0.015301724370318,0.5610924543441355,0.5846153846153846,False,3,2024-09-30_2024-11-30
var_5,65,-0.0034633869529286,-0.1316304355997498,0.4307692307692308,False,3,2024-09-30_2024-11-30
cvar_5,65,0.0024743361618569,0.1028445146173387,0.5538461538461539,False,3,2024-09-30_2024-11-30
momentum_6m,65,0.0224885438162608,1.139681271826558,0.6,False,3,2024-09-30_2024-11-30
sharpe_proxy,65,-0.0021395006563787,-0.0664768295311466,0.4615384615384615,False,3,2024-09-30_2024-11-30
sortino_proxy,65,-0.0017138627562619,-0.0530671428885394,0.4461538461538462,False,3,2024-09-30_2024-11-30
risk_score,65,0.0043285988303845,0.1712059060208427,0.5692307692307692,False,3,2024-09-30_2024-11-30
liquidity_score,65,0.0137023889388527,2.941656579951616,0.6923076923076923,True,3,2024-09-30_2024-11-30
liquidity_stress_score,65,-0.0137023889388527,-2.941656579951615,0.6923076923076923,True,3,2024-09-30_2024-11-30
average_daily_value_usd,65,0.0137023889388527,2.941656579951616,0.6923076923076923,True,3,2024-09-30_2024-11-30
market_cap_usd,65,-0.0493920244553977,-3.639982263156055,0.7076923076923077,True,3,2024-09-30_2024-11-30
fundamentals_period_count,65,0.0220422556607735,2.3989736699299025,0.6615384615384615,True,3,2024-09-30_2024-11-30
fundamentals_coverage_ratio,65,-0.015485614725801,-1.3366764930646968,0.6,False,3,2024-09-30_2024-11-30
log_market_cap_usd,65,-0.0493920244553977,-3.639982263156055,0.7076923076923077,True,3,2024-09-30_2024-11-30
log_average_daily_value_usd,65,0.0137023889388527,2.941656579951616,0.6923076923076923,True,3,2024-09-30_2024-11-30
revenue_growth__regional_rank,65,0.0046351454173496,0.3029844104405832,0.5230769230769231,False,3,2024-09-30_2024-11-30
free_cash_flow_yield__regional_rank,65,0.0219780473271258,1.7874010172260315,0.6307692307692307,True,3,2024-09-30_2024-11-30
net_debt_to_ebitda__regional_rank,65,0.0020986927290045,0.1081788364438426,0.4923076923076923,False,3,2024-09-30_2024-11-30
interest_coverage__regional_rank,65,0.0067876073251651,0.3503277225585891,0.5538461538461539,False,3,2024-09-30_2024-11-30
roe__regional_rank,65,0.015227646386111,0.6854756009337402,0.4769230769230769,False,3,2024-09-30_2024-11-30
roic__regional_rank,65,0.0142578765598127,0.6874726313940935,0.5538461538461539,False,3,2024-09-30_2024-11-30
pe_ratio__regional_rank,65,-0.0344471703316046,-1.2108711467956004,0.5692307692307692,False,3,2024-09-30_2024-11-30
pb_ratio__regional_rank,65,-0.0169179900935689,-0.4693580451594337,0.5846153846153846,False,3,2024-09-30_2024-11-30
ev_ebitda__regional_rank,65,-0.024379159790138,-1.0485462250690438,0.5846153846153846,False,3,2024-09-30_2024-11-30
dividend_yield__regional_rank,65,0.039683970806078,1.4796383395226955,0.6153846153846154,True,3,2024-09-30_2024-11-30
cash_flow_quality_score__regional_rank,65,0.0181217283395855,1.5208261625967865,0.5846153846153846,True,3,2024-09-30_2024-11-30
balance_sheet_strength_score__regional_rank,65,-0.0068956150397879,-0.3588438646986937,0.4923076923076923,False,3,2024-09-30_2024-11-30
dividend_safety_score__regional_rank,64,0.0265687934523651,1.837849027422227,0.671875,True,3,2024-09-30_2024-11-30
valuation_score__regional_rank,65,0.0220269584159913,0.7018239942533735,0.5538461538461539,False,3,2024-09-30_2024-11-30
volatility_1y__regional_rank,65,-0.0019540811409348,-0.0688353087030757,0.6,False,3,2024-09-30_2024-11-30
beta_local_market__regional_rank,65,-0.0032014457085823,-0.0951026136248234,0.4461538461538462,False,3,2024-09-30_2024-11-30
max_drawdown_1y__regional_rank,65,0.0189775438427135,0.6343200072641315,0.5692307692307692,False,3,2024-09-30_2024-11-30
momentum_6m__regional_rank,65,0.0239118868336141,1.1743818647890982,0.6153846153846154,False,3,2024-09-30_2024-11-30
liquidity_score__regional_rank,65,0.0240076134498591,3.530625690313835,0.6923076923076923,True,3,2024-09-30_2024-11-30
average_daily_value_usd__regional_rank,65,0.0240076134498591,3.530625690313835,0.6923076923076923,True,3,2024-09-30_2024-11-30
market_cap_usd__regional_rank,65,-0.0567139738262894,-3.672200196636005,0.7538461538461538,True,3,2024-09-30_2024-11-30
revenue_growth,69,0.008983649671064,0.6493501846533398,0.5507246376811594,False,3,2024-12-31_2025-02-28
ebitda_margin,69,-0.0237714907880788,-2.299395747756497,0.6231884057971014,True,3,2024-12-31_2025-02-28
net_income_margin,69,-0.0005574689798685,-0.0399127409605532,0.4492753623188406,False,3,2024-12-31_2025-02-28
free_cash_flow_yield,69,0.0215393451665466,1.830105077484232,0.6666666666666666,True,3,2024-12-31_2025-02-28
fcf_margin,69,0.013418008519645,1.0247643437908074,0.5507246376811594,False,3,2024-12-31_2025-02-28
fcf_stability,69,-0.00620077516955,-0.6188415356283041,0.5652173913043478,False,3,2024-12-31_2025-02-28
cfo_to_net_income,69,0.0059724461663168,0.652639968137473,0.4927536231884058,False,3,2024-12-31_2025-02-28
net_debt_to_ebitda,69,-0.0016851549034088,-0.0927922495397561,0.5507246376811594,False,3,2024-12-31_2025-02-28
interest_coverage,69,0.0101924350900222,0.5448934670612119,0.5217391304347826,False,3,2024-12-31_2025-02-28
roe,69,0.0097248340385336,0.5020480936703415,0.4492753623188406,False,3,2024-12-31_2025-02-28
roic,69,0.0095241762364811,0.4953713570239395,0.5072463768115942,False,3,2024-12-31_2025-02-28
pe_ratio,69,-0.0317933244350769,-1.2011322600680652,0.5797101449275363,False,3,2024-12-31_2025-02-28
pb_ratio,69,-0.018903889368092,-0.5854596136101753,0.6086956521739131,False,3,2024-12-31_2025-02-28
ev_ebitda,69,-0.0207027193812904,-0.9821825141226777,0.5652173913043478,False,3,2024-12-31_2025-02-28
dividend_yield,69,0.0332698636537806,1.2771670766809298,0.5797101449275363,False,3,2024-12-31_2025-02-28
dividend_growth_3y,69,0.0176946861313226,1.979820581264075,0.6086956521739131,True,3,2024-12-31_2025-02-28
dividend_growth_5y,68,0.015079368679322,1.6620537400662494,0.5735294117647058,True,3,2024-12-31_2025-02-28
payout_ratio,69,0.0062793621292491,0.5327004423426206,0.5362318840579711,False,3,2024-12-31_2025-02-28
positive_fcf_years_5,69,0.0151515764378137,1.0061410364549368,0.6086956521739131,False,3,2024-12-31_2025-02-28
cash_flow_quality_score,69,0.0180546495194027,1.5670295457533143,0.6086956521739131,True,3,2024-12-31_2025-02-28
balance_sheet_strength_score,69,-0.0088727144382801,-0.4538633778557987,0.4927536231884058,False,3,2024-12-31_2025-02-28
earnings_stability_score,69,0.0046156491833461,0.4501158074213245,0.4927536231884058,False,3,2024-12-31_2025-02-28
fcf_dividend_cover,69,0.0119598725202778,1.044043358222911,0.5797101449275363,False,3,2024-12-31_2025-02-28
dividend_stability_score,68,0.0151924851268584,1.5657381546756153,0.5441176470588235,False,3,2024-12-31_2025-02-28
dividend_safety_score,68,0.0257661281574798,1.909970905388316,0.6470588235294118,True,3,2024-12-31_2025-02-28
valuation_score,69,0.0180759237223853,0.627398801796125,0.5652173913043478,False,3,2024-12-31_2025-02-28
valuation_percentile,69,0.0180759237223853,0.627398801796125,0.5652173913043478,False,3,2024-12-31_2025-02-28
volatility_1y,69,0.0027135257004409,0.1141883709261054,0.4782608695652174,False,3,2024-12-31_2025-02-28
downside_volatility,69,-0.0025202183982778,-0.1198356003026384,0.5072463768115942,False,3,2024-12-31_2025-02-28
beta_local_market,69,-0.0087800053318679,-0.2847139864900908,0.4927536231884058,False,3,2024-12-31_2025-02-28
beta_global_market,69,0.0027135257004409,0.1141883709261054,0.4782608695652174,False,3,2024-12-31_2025-02-28
max_drawdown_1y,69,0.0118603321609012,0.458931283548942,0.5652173913043478,False,3,2024-12-31_2025-02-28
var_5,69,-0.003061861181498,-0.1237118325504396,0.4492753623188406,False,3,2024-12-31_2025-02-28
cvar_5,69,0.0021712278664171,0.0960595637208962,0.5362318840579711,False,3,2024-12-31_2025-02-28
momentum_6m,69,0.017480832054245,0.9061681217346186,0.5797101449275363,False,3,2024-12-31_2025-02-28
sharpe_proxy,69,-0.0072510655626392,-0.233544797752194,0.4782608695652174,False,3,2024-12-31_2025-02-28
sortino_proxy,69,-0.0073214344719605,-0.2345854810657653,0.463768115942029,False,3,2024-12-31_2025-02-28
risk_score,69,0.0031477120936562,0.1325157111969486,0.5507246376811594,False,3,2024-12-31_2025-02-28
liquidity_score,69,0.0155120019920499,3.317606764356469,0.7101449275362319,True,3,2024-12-31_2025-02-28
liquidity_stress_score,69,-0.0155120019920499,-3.317606764356468,0.7101449275362319,True,3,2024-12-31_2025-02-28
average_daily_value_usd,69,0.0155120019920499,3.317606764356469,0.7101449275362319,True,3,2024-12-31_2025-02-28
market_cap_usd,69,-0.0489306980893714,-3.825137927870908,0.7101449275362319,True,3,2024-12-31_2025-02-28
fundamentals_period_count,69,0.0242024617152084,2.7301011185567496,0.6811594202898551,True,3,2024-12-31_2025-02-28
fundamentals_coverage_ratio,69,-0.0233523057371167,-1.8476440114546624,0.6231884057971014,True,3,2024-12-31_2025-02-28
log_market_cap_usd,69,-0.0489306980893714,-3.825137927870908,0.7101449275362319,True,3,2024-12-31_2025-02-28
log_average_daily_value_usd,69,0.0155120019920499,3.317606764356469,0.7101449275362319,True,3,2024-12-31_2025-02-28
revenue_growth__regional_rank,69,0.0062337791683655,0.4310743176482712,0.5507246376811594,False,3,2024-12-31_2025-02-28
free_cash_flow_yield__regional_rank,69,0.0225613366970104,1.9455139602626328,0.6521739130434783,True,3,2024-12-31_2025-02-28
net_debt_to_ebitda__regional_rank,69,0.001293795541835,0.070716710874689,0.4927536231884058,False,3,2024-12-31_2025-02-28
interest_coverage__regional_rank,69,0.0037398923720475,0.2028414010907673,0.5217391304347826,False,3,2024-12-31_2025-02-28
roe__regional_rank,69,0.0114010838053825,0.5395066417323972,0.4492753623188406,False,3,2024-12-31_2025-02-28
roic__regional_rank,69,0.0105237849108839,0.5307786529524354,0.5217391304347826,False,3,2024-12-31_2025-02-28
pe_ratio__regional_rank,69,-0.0334658829752977,-1.243581400647754,0.5652173913043478,False,3,2024-12-31_2025-02-28
pb_ratio__regional_rank,69,-0.0183425395431496,-0.5397535217256622,0.6086956521739131,False,3,2024-12-31_2025-02-28
ev_ebitda__regional_rank,69,-0.0234629727761396,-1.0640057206371456,0.5797101449275363,False,3,2024-12-31_2025-02-28
dividend_yield__regional_rank,69,0.036506585403588,1.438890856879101,0.5942028985507246,False,3,2024-12-31_2025-02-28
cash_flow_quality_score__regional_rank,69,0.0191413122024157,1.6956400268818947,0.6086956521739131,True,3,2024-12-31_2025-02-28
balance_sheet_strength_score__regional_rank,69,-0.0118420115073339,-0.6354986828767436,0.5217391304347826,False,3,2024-12-31_2025-02-28
dividend_safety_score__regional_rank,68,0.0240819618087388,1.7417669987608668,0.6470588235294118,True,3,2024-12-31_2025-02-28
valuation_score__regional_rank,69,0.0208279405340383,0.7027370775735251,0.5507246376811594,False,3,2024-12-31_2025-02-28
volatility_1y__regional_rank,69,-0.0021164740810676,-0.0792113567264637,0.5797101449275363,False,3,2024-12-31_2025-02-28
beta_local_market__regional_rank,69,-0.0089519637084435,-0.2751691131293619,0.463768115942029,False,3,2024-12-31_2025-02-28
max_drawdown_1y__regional_rank,69,0.0156023754278833,0.5504961966284414,0.5507246376811594,False,3,2024-12-31_2025-02-28
momentum_6m__regional_rank,69,0.0194257211073697,0.9820548807347548,0.5942028985507246,False,3,2024-12-31_2025-02-28
liquidity_score__regional_rank,69,0.0259690546377153,3.9034206890273326,0.7101449275362319,True,3,2024-12-31_2025-02-28
average_daily_value_usd__regional_rank,69,0.0259690546377153,3.9034206890273326,0.7101449275362319,True,3,2024-12-31_2025-02-28
market_cap_usd__regional_rank,69,-0.0571397574512312,-3.9278113111199455,0.7681159420289855,True,3,2024-12-31_2025-02-28
revenue_growth,57,-0.0051679052974511,-0.2628178537682772,0.5087719298245614,False,6,2024-03-31_2024-05-31
ebitda_margin,57,-0.0311900892236877,-2.1793428319519585,0.7192982456140351,True,6,2024-03-31_2024-05-31
net_income_margin,57,-0.0201637135161928,-0.827825112398052,0.6491228070175439,False,6,2024-03-31_2024-05-31
free_cash_flow_yield,57,0.0150973669876979,0.7040552595946606,0.5263157894736842,False,6,2024-03-31_2024-05-31
fcf_margin,57,0.0056213070278516,0.2421114839347372,0.4912280701754385,False,6,2024-03-31_2024-05-31
fcf_stability,57,-0.0203575605996269,-1.3355045583714376,0.5789473684210527,True,6,2024-03-31_2024-05-31
cfo_to_net_income,57,0.004567357189721,0.2998901764398871,0.5964912280701754,False,6,2024-03-31_2024-05-31
net_debt_to_ebitda,57,-0.0008466482870165,-0.0273032906629317,0.4736842105263157,False,6,2024-03-31_2024-05-31
interest_coverage,57,0.0055906020676021,0.1606489982507825,0.4035087719298245,False,6,2024-03-31_2024-05-31
roe,57,0.0069353807104097,0.1743520072441643,0.4385964912280701,False,6,2024-03-31_2024-05-31
roic,57,0.0066240712177126,0.1861588894929948,0.4561403508771929,False,6,2024-03-31_2024-05-31
pe_ratio,57,-0.027226133487593,-0.6464469896247954,0.5614035087719298,False,6,2024-03-31_2024-05-31
pb_ratio,57,-0.0153311746176178,-0.2565540728483353,0.7017543859649122,False,6,2024-03-31_2024-05-31
ev_ebitda,57,-0.0142144875780541,-0.4003969908653337,0.5614035087719298,False,6,2024-03-31_2024-05-31
dividend_yield,57,0.0335055393373485,0.7669408353856842,0.5964912280701754,False,6,2024-03-31_2024-05-31
dividend_growth_3y,57,0.0279800233880248,3.333685264654583,0.7192982456140351,True,6,2024-03-31_2024-05-31
dividend_growth_5y,56,0.0280260023789912,3.347914072197441,0.6785714285714286,True,6,2024-03-31_2024-05-31
payout_ratio,57,0.0231704578430461,1.345936639041111,0.6140350877192983,True,6,2024-03-31_2024-05-31
positive_fcf_years_5,57,0.0252557030486804,0.9789128332072714,0.5614035087719298,False,6,2024-03-31_2024-05-31
cash_flow_quality_score,57,0.0111071085196451,0.5224770149807864,0.4385964912280701,False,6,2024-03-31_2024-05-31
balance_sheet_strength_score,57,-0.0046436411811115,-0.1375426048782018,0.6491228070175439,False,6,2024-03-31_2024-05-31
earnings_stability_score,57,-0.0009005667005297,-0.0525814958577373,0.4912280701754385,False,6,2024-03-31_2024-05-31
fcf_dividend_cover,57,0.0031349836865181,0.1566563487360577,0.4736842105263157,False,6,2024-03-31_2024-05-31
dividend_stability_score,56,0.0283482655493628,2.723798621942888,0.7142857142857143,True,6,2024-03-31_2024-05-31
dividend_safety_score,56,0.0143007524384009,0.6599940816170186,0.625,False,6,2024-03-31_2024-05-31
valuation_score,57,0.0146312084261379,0.2829165866268541,0.5263157894736842,False,6,2024-03-31_2024-05-31
valuation_percentile,57,0.0146312084261379,0.2829165866268541,0.5263157894736842,False,6,2024-03-31_2024-05-31
volatility_1y,57,0.0150520691701331,0.4141500346327454,0.543859649122807,False,6,2024-03-31_2024-05-31
downside_volatility,57,0.0050570971175337,0.1651766740325509,0.5263157894736842,False,6,2024-03-31_2024-05-31
beta_local_market,57,-0.026632922262766,-0.4999142577020439,0.5789473684210527,False,6,2024-03-31_2024-05-31
beta_global_market,57,0.0150520691701331,0.4141500346327454,0.543859649122807,False,6,2024-03-31_2024-05-31
max_drawdown_1y,57,0.0049893611902984,0.147611273806528,0.5789473684210527,False,6,2024-03-31_2024-05-31
var_5,57,-0.0170296813913662,-0.4576261069664644,0.5087719298245614,False,6,2024-03-31_2024-05-31
cvar_5,57,-0.0060806978172441,-0.185422677225581,0.5263157894736842,False,6,2024-03-31_2024-05-31
momentum_6m,57,0.0355399144272998,1.123616013583783,0.6666666666666666,True,6,2024-03-31_2024-05-31
sharpe_proxy,57,-0.0292601033630722,-0.5666094125173292,0.5614035087719298,False,6,2024-03-31_2024-05-31
sortino_proxy,57,-0.027502747730939,-0.520568190879871,0.5614035087719298,False,6,2024-03-31_2024-05-31
risk_score,57,-0.0064223763403251,-0.1912316095737257,0.5263157894736842,False,6,2024-03-31_2024-05-31
liquidity_score,57,0.0192430245125299,4.8855773450084925,0.8421052631578947,True,6,2024-03-31_2024-05-31
liquidity_stress_score,57,-0.0192430245125299,-4.885577345008493,0.8421052631578947,True,6,2024-03-31_2024-05-31
average_daily_value_usd,57,0.0192430245125299,4.8855773450084925,0.8421052631578947,True,6,2024-03-31_2024-05-31
market_cap_usd,57,-0.0741567130478839,-3.664747891394407,0.8771929824561403,True,6,2024-03-31_2024-05-31
fundamentals_period_count,57,0.0304929426898719,1.9693930629623737,0.7017543859649122,True,6,2024-03-31_2024-05-31
fundamentals_coverage_ratio,57,-0.0149127525144088,-0.7961349483886564,0.5964912280701754,False,6,2024-03-31_2024-05-31
log_market_cap_usd,57,-0.0741567130478839,-3.664747891394407,0.8771929824561403,True,6,2024-03-31_2024-05-31
log_average_daily_value_usd,57,0.0192430245125299,4.8855773450084925,0.8421052631578947,True,6,2024-03-31_2024-05-31
revenue_growth__regional_rank,57,-0.0071943598059317,-0.3210529948635491,0.5087719298245614,False,6,2024-03-31_2024-05-31
free_cash_flow_yield__regional_rank,57,0.015801193908242,0.765555590515028,0.543859649122807,False,6,2024-03-31_2024-05-31
net_debt_to_ebitda__regional_rank,57,0.0018963439589703,0.0598401947096737,0.5789473684210527,False,6,2024-03-31_2024-05-31
interest_coverage__regional_rank,57,-0.0016991547068542,-0.0491171329117969,0.5964912280701754,False,6,2024-03-31_2024-05-31
roe__regional_rank,57,0.0068586251817023,0.1581735930077722,0.4210526315789473,False,6,2024-03-31_2024-05-31
roic__regional_rank,57,0.007037723116284,0.191680812910704,0.4561403508771929,False,6,2024-03-31_2024-05-31
pe_ratio__regional_rank,57,-0.0305803659297362,-0.7248801737256294,0.6140350877192983,False,6,2024-03-31_2024-05-31
pb_ratio__regional_rank,57,-0.0156048688223523,-0.2474985625093798,0.6842105263157895,False,6,2024-03-31_2024-05-31
ev_ebitda__regional_rank,57,-0.0186692905234922,-0.4970036330813828,0.5614035087719298,False,6,2024-03-31_2024-05-31
dividend_yield__regional_rank,57,0.036087341495831,0.8308500633052991,0.6140350877192983,False,6,2024-03-31_2024-05-31
cash_flow_quality_score__regional_rank,57,0.0111613807072477,0.5312280709931411,0.4736842105263157,False,6,2024-03-31_2024-05-31
balance_sheet_strength_score__regional_rank,57,-0.0074654892705723,-0.2380747608003225,0.6491228070175439,False,6,2024-03-31_2024-05-31
dividend_safety_score__regional_rank,56,0.0121743410021354,0.5483902341612817,0.5892857142857143,False,6,2024-03-31_2024-05-31
valuation_score__regional_rank,57,0.019160350912579,0.356884326959656,0.5789473684210527,False,6,2024-03-31_2024-05-31
volatility_1y__regional_rank,57,0.0178619632941281,0.4564560191959177,0.5263157894736842,False,6,2024-03-31_2024-05-31
beta_local_market__regional_rank,57,-0.0292517064326536,-0.5251860204238963,0.5263157894736842,False,6,2024-03-31_2024-05-31
max_drawdown_1y__regional_rank,57,0.0042156241494837,0.1107019410533492,0.5964912280701754,False,6,2024-03-31_2024-05-31
momentum_6m__regional_rank,57,0.0368134336680955,1.1356150321655225,0.6666666666666666,True,6,2024-03-31_2024-05-31
liquidity_score__regional_rank,57,0.0303805546201989,3.9229604817867374,0.7368421052631579,True,6,2024-03-31_2024-05-31
average_daily_value_usd__regional_rank,57,0.0303805546201989,3.9229604817867374,0.7368421052631579,True,6,2024-03-31_2024-05-31
market_cap_usd__regional_rank,57,-0.0863156103999987,-4.025525918912432,0.8771929824561403,True,6,2024-03-31_2024-05-31
revenue_growth,59,-0.0039244115432224,-0.2056658298321937,0.4915254237288136,False,6,2024-06-30_2024-08-31
ebitda_margin,59,-0.0337480844486304,-2.4050448563791416,0.7288135593220338,True,6,2024-06-30_2024-08-31
net_income_margin,59,-0.0206639349512394,-0.8793315215225991,0.6610169491525424,False,6,2024-06-30_2024-08-31
free_cash_flow_yield,59,0.0191648960814986,0.8739447424719922,0.5423728813559322,False,6,2024-06-30_2024-08-31
fcf_margin,59,0.0062093594962974,0.2753031121476053,0.5084745762711864,False,6,2024-06-30_2024-08-31
fcf_stability,59,-0.0185318104953646,-1.2324937551186403,0.559322033898305,True,6,2024-06-30_2024-08-31
cfo_to_net_income,59,0.0066980928416371,0.4387346122253702,0.6101694915254238,False,6,2024-06-30_2024-08-31
net_debt_to_ebitda,59,-0.0013691577137372,-0.0456904090364599,0.4745762711864407,False,6,2024-06-30_2024-08-31
interest_coverage,59,0.0059051417973096,0.1756379112341329,0.4067796610169492,False,6,2024-06-30_2024-08-31
roe,59,0.0067972777809069,0.1769029114103842,0.4406779661016949,False,6,2024-06-30_2024-08-31
roic,59,0.0073680260295798,0.2140505508723642,0.4745762711864407,False,6,2024-06-30_2024-08-31
pe_ratio,59,-0.0327313412014081,-0.7908095644659155,0.576271186440678,False,6,2024-06-30_2024-08-31
pb_ratio,59,-0.0200922879619321,-0.3458994557159785,0.711864406779661,False,6,2024-06-30_2024-08-31
ev_ebitda,59,-0.0195957383523607,-0.5568888105789666,0.576271186440678,False,6,2024-06-30_2024-08-31
dividend_yield,59,0.0368630396756275,0.8674058619889389,0.6101694915254238,False,6,2024-06-30_2024-08-31
dividend_growth_3y,59,0.0275715048458385,3.3638925816999112,0.7288135593220338,True,6,2024-06-30_2024-08-31
dividend_growth_5y,58,0.0284915002671074,3.566317509482408,0.6896551724137931,True,6,2024-06-30_2024-08-31
payout_ratio,59,0.0212999091750172,1.267194609885974,0.5932203389830508,True,6,2024-06-30_2024-08-31
positive_fcf_years_5,59,0.0228421514682788,0.9143323216828324,0.5423728813559322,False,6,2024-06-30_2024-08-31
cash_flow_quality_score,59,0.0133940732992981,0.6329399485258911,0.4576271186440678,False,6,2024-06-30_2024-08-31
balance_sheet_strength_score,59,-0.0044555957994583,-0.136627349335074,0.6440677966101694,False,6,2024-06-30_2024-08-31
earnings_stability_score,59,0.0003193735343399,0.0191427291359072,0.5254237288135594,False,6,2024-06-30_2024-08-31
fcf_dividend_cover,59,0.0052397850539586,0.2646502663662609,0.4915254237288136,False,6,2024-06-30_2024-08-31
dividend_stability_score,58,0.0283761335470525,2.8221885155282243,0.7241379310344828,True,6,2024-06-30_2024-08-31
dividend_safety_score,58,0.0187515691679932,0.8548553067994468,0.6379310344827587,False,6,2024-06-30_2024-08-31
valuation_score,59,0.0201816044326445,0.3986058825174621,0.5423728813559322,False,6,2024-06-30_2024-08-31
valuation_percentile,59,0.0201816044326445,0.3986058825174621,0.5423728813559322,False,6,2024-06-30_2024-08-31
volatility_1y,59,0.0170614553675317,0.4878142711596906,0.559322033898305,False,6,2024-06-30_2024-08-31
downside_volatility,59,0.0076223239539557,0.2583932750676275,0.5423728813559322,False,6,2024-06-30_2024-08-31
beta_local_market,59,-0.0174958164186371,-0.3290482328571456,0.559322033898305,False,6,2024-06-30_2024-08-31
beta_global_market,59,0.0170614553675317,0.4878142711596906,0.559322033898305,False,6,2024-06-30_2024-08-31
max_drawdown_1y,59,0.0069111986289719,0.2098674443471646,0.5932203389830508,False,6,2024-06-30_2024-08-31
var_5,59,-0.0187808861562199,-0.5243715835077998,0.5254237288135594,False,6,2024-06-30_2024-08-31
cvar_5,59,-0.0085467662307801,-0.2707754905608622,0.5423728813559322,False,6,2024-06-30_2024-08-31
momentum_6m,59,0.0382949366040347,1.2322906755282508,0.6779661016949152,True,6,2024-06-30_2024-08-31
sharpe_proxy,59,-0.0210715922218563,-0.4091177698504378,0.5423728813559322,False,6,2024-06-30_2024-08-31
sortino_proxy,59,-0.0192649096190445,-0.3661534078276713,0.5423728813559322,False,6,2024-06-30_2024-08-31
risk_score,59,-0.0077899810281682,-0.2408872833937239,0.5423728813559322,False,6,2024-06-30_2024-08-31
liquidity_score,59,0.0193919574885158,5.043364304748156,0.847457627118644,True,6,2024-06-30_2024-08-31
liquidity_stress_score,59,-0.0193919574885158,-5.043364304748158,0.847457627118644,True,6,2024-06-30_2024-08-31
average_daily_value_usd,59,0.0193919574885158,5.043364304748156,0.847457627118644,True,6,2024-06-30_2024-08-31
market_cap_usd,59,-0.0738107848508473,-3.769564022310001,0.8813559322033898,True,6,2024-06-30_2024-08-31
fundamentals_period_count,59,0.0294604251678004,1.9705374142873704,0.6949152542372882,True,6,2024-06-30_2024-08-31
fundamentals_coverage_ratio,59,-0.0174054255095975,-0.9398900050372287,0.6101694915254238,False,6,2024-06-30_2024-08-31
log_market_cap_usd,59,-0.0738107848508473,-3.769564022310001,0.8813559322033898,True,6,2024-06-30_2024-08-31
log_average_daily_value_usd,59,0.0193919574885158,5.043364304748156,0.847457627118644,True,6,2024-06-30_2024-08-31
revenue_growth__regional_rank,59,-0.0062074839356191,-0.2859148050806491,0.4915254237288136,False,6,2024-06-30_2024-08-31
free_cash_flow_yield__regional_rank,59,0.0196604839960944,0.9331345243055528,0.559322033898305,False,6,2024-06-30_2024-08-31
net_debt_to_ebitda__regional_rank,59,0.0017235256823527,0.0562972225969327,0.576271186440678,False,6,2024-06-30_2024-08-31
interest_coverage__regional_rank,59,-0.0009688144926423,-0.0289747693780868,0.576271186440678,False,6,2024-06-30_2024-08-31
roe__regional_rank,59,0.0065784161176242,0.1570517379437163,0.423728813559322,False,6,2024-06-30_2024-08-31
roic__regional_rank,59,0.007816203237756,0.2200874119230348,0.4745762711864407,False,6,2024-06-30_2024-08-31
pe_ratio__regional_rank,59,-0.0360586859377278,-0.8701032770446764,0.6271186440677966,False,6,2024-06-30_2024-08-31
pb_ratio__regional_rank,59,-0.0206143228674265,-0.3362956077562484,0.6949152542372882,False,6,2024-06-30_2024-08-31
ev_ebitda__regional_rank,59,-0.0238798615575027,-0.6443085595029977,0.576271186440678,False,6,2024-06-30_2024-08-31
dividend_yield__regional_rank,59,0.0390460128875426,0.9260608016556596,0.6271186440677966,False,6,2024-06-30_2024-08-31
cash_flow_quality_score__regional_rank,59,0.0133024450404763,0.6373487109249831,0.4915254237288136,False,6,2024-06-30_2024-08-31
balance_sheet_strength_score__regional_rank,59,-0.006946576379421,-0.2293550072557921,0.6271186440677966,False,6,2024-06-30_2024-08-31
dividend_safety_score__regional_rank,58,0.0167494392710246,0.7440646745920149,0.603448275862069,False,6,2024-06-30_2024-08-31
valuation_score__regional_rank,59,0.0247390740887783,0.4710841709650767,0.5932203389830508,False,6,2024-06-30_2024-08-31
volatility_1y__regional_rank,59,0.0205520754391459,0.5455060508079647,0.5423728813559322,False,6,2024-06-30_2024-08-31
beta_local_market__regional_rank,59,-0.0200182049204092,-0.3608898248668966,0.5084745762711864,False,6,2024-06-30_2024-08-31
max_drawdown_1y__regional_rank,59,0.0062698669656053,0.1691135324256567,0.6101694915254238,False,6,2024-06-30_2024-08-31
momentum_6m__regional_rank,59,0.0394885615418484,1.241686247126892,0.6779661016949152,True,6,2024-06-30_2024-08-31
liquidity_score__regional_rank,59,0.029997910852907,4.007245079002448,0.7457627118644068,True,6,2024-06-30_2024-08-31
average_daily_value_usd__regional_rank,59,0.029997910852907,4.007245079002448,0.7457627118644068,True,6,2024-06-30_2024-08-31
market_cap_usd__regional_rank,59,-0.08738485463375,-4.220082956280634,0.8813559322033898,True,6,2024-06-30_2024-08-31
revenue_growth,62,-0.0045274629074027,-0.2494037240960487,0.4838709677419355,False,6,2024-09-30_2024-11-30
ebitda_margin,62,-0.0362400791839875,-2.6212968901374727,0.7419354838709677,True,6,2024-09-30_2024-11-30
net_income_margin,62,-0.0211768271819226,-0.9470616482137908,0.6774193548387096,False,6,2024-09-30_2024-11-30
free_cash_flow_yield,62,0.0226327450086933,1.0431007479756904,0.5645161290322581,False,6,2024-09-30_2024-11-30
fcf_margin,62,0.0059936836458144,0.2792516666949546,0.5161290322580645,False,6,2024-09-30_2024-11-30
fcf_stability,62,-0.0144364725132208,-0.9529557080460784,0.532258064516129,False,6,2024-09-30_2024-11-30
cfo_to_net_income,62,0.0123304975930683,0.7661199251369447,0.6290322580645161,False,6,2024-09-30_2024-11-30
net_debt_to_ebitda,62,0.0016587907293911,0.0579411435564038,0.5483870967741935,False,6,2024-09-30_2024-11-30
interest_coverage,62,0.0031583335359573,0.0984607454037803,0.3870967741935484,False,6,2024-09-30_2024-11-30
roe,62,0.004489530033977,0.1226477117940497,0.4193548387096774,False,6,2024-09-30_2024-11-30
roic,62,0.0045705705315978,0.1393492573825233,0.4677419354838709,False,6,2024-09-30_2024-11-30
pe_ratio,62,-0.0382471285230216,-0.9512503180455124,0.5967741935483871,False,6,2024-09-30_2024-11-30
pb_ratio,62,-0.0261503335559643,-0.4683266532552278,0.7258064516129032,False,6,2024-09-30_2024-11-30
ev_ebitda,62,-0.0238664429939344,-0.6968374011407551,0.5967741935483871,False,6,2024-09-30_2024-11-30
dividend_yield,62,0.0416483898948047,1.0182918022760628,0.6290322580645161,False,6,2024-09-30_2024-11-30
dividend_growth_3y,62,0.0266414750325021,3.3745606361452523,0.7419354838709677,True,6,2024-09-30_2024-11-30
dividend_growth_5y,61,0.0272583645869385,3.535334720826908,0.6721311475409836,True,6,2024-09-30_2024-11-30
payout_ratio,62,0.0215158484733359,1.341408562575528,0.5806451612903226,True,6,2024-09-30_2024-11-30
positive_fcf_years_5,62,0.0173109171473906,0.7057389244320382,0.5161290322580645,False,6,2024-09-30_2024-11-30
cash_flow_quality_score,62,0.0160890727534382,0.7800707531178375,0.4838709677419355,False,6,2024-09-30_2024-11-30
balance_sheet_strength_score,62,-0.0083213807813585,-0.2663602055007815,0.6612903225806451,False,6,2024-09-30_2024-11-30
earnings_stability_score,62,0.003499352910054,0.2140429825319235,0.5483870967741935,False,6,2024-09-30_2024-11-30
fcf_dividend_cover,62,0.0065131425328477,0.3416014103811511,0.5,False,6,2024-09-30_2024-11-30
dividend_stability_score,61,0.0277108278348113,2.8775097718113307,0.7213114754098361,True,6,2024-09-30_2024-11-30
dividend_safety_score,61,0.0215056557644471,1.0012633610005883,0.6557377049180327,False,6,2024-09-30_2024-11-30
valuation_score,62,0.0243874721282909,0.5008483195601959,0.5645161290322581,False,6,2024-09-30_2024-11-30
valuation_percentile,62,0.0243874721282909,0.5008483195601959,0.5645161290322581,False,6,2024-09-30_2024-11-30
volatility_1y,62,0.0151017665275377,0.4532528267271319,0.5483870967741935,False,6,2024-09-30_2024-11-30
downside_volatility,62,0.0065186544663292,0.2322578372125535,0.532258064516129,False,6,2024-09-30_2024-11-30
beta_local_market,62,-0.00947045985472,-0.1808962301790207,0.532258064516129,False,6,2024-09-30_2024-11-30
beta_global_market,62,0.0151017665275377,0.4532528267271319,0.5483870967741935,False,6,2024-09-30_2024-11-30
max_drawdown_1y,62,0.0116063071653781,0.3628441359403309,0.6129032258064516,False,6,2024-09-30_2024-11-30
var_5,62,-0.0154219131913362,-0.4507012598719958,0.5161290322580645,False,6,2024-09-30_2024-11-30
cvar_5,62,-0.0069627082706011,-0.2317306019132157,0.532258064516129,False,6,2024-09-30_2024-11-30
momentum_6m,62,0.0392442147731236,1.318790047412095,0.6935483870967742,True,6,2024-09-30_2024-11-30
sharpe_proxy,62,-0.012937598814575,-0.2548591780421694,0.5161290322580645,False,6,2024-09-30_2024-11-30
sortino_proxy,62,-0.0111122850141008,-0.2145312796254599,0.5161290322580645,False,6,2024-09-30_2024-11-30
risk_score,62,-0.0052884854006903,-0.1713084884005737,0.532258064516129,False,6,2024-09-30_2024-11-30
liquidity_score,62,0.0208568061720288,5.214264546332205,0.8548387096774194,True,6,2024-09-30_2024-11-30
liquidity_stress_score,62,-0.0208568061720288,-5.214264546332206,0.8548387096774194,True,6,2024-09-30_2024-11-30
average_daily_value_usd,62,0.0208568061720288,5.214264546332205,0.8548387096774194,True,6,2024-09-30_2024-11-30
market_cap_usd,62,-0.0715926462984109,-3.800623357567879,0.8870967741935484,True,6,2024-09-30_2024-11-30
fundamentals_period_count,62,0.0286401436471935,2.0087769892160106,0.7096774193548387,True,6,2024-09-30_2024-11-30
fundamentals_coverage_ratio,62,-0.0209047428429929,-1.1473031737746715,0.6290322580645161,True,6,2024-09-30_2024-11-30
log_market_cap_usd,62,-0.0715926462984109,-3.800623357567879,0.8870967741935484,True,6,2024-09-30_2024-11-30
log_average_daily_value_usd,62,0.0208568061720288,5.214264546332205,0.8548387096774194,True,6,2024-09-30_2024-11-30
revenue_growth__regional_rank,62,-0.0075862514061213,-0.3673181403064065,0.5161290322580645,False,6,2024-09-30_2024-11-30
free_cash_flow_yield__regional_rank,62,0.0232003905022746,1.110826816745727,0.5806451612903226,True,6,2024-09-30_2024-11-30
net_debt_to_ebitda__regional_rank,62,0.0051598737986115,0.1760500180447622,0.5967741935483871,False,6,2024-09-30_2024-11-30
interest_coverage__regional_rank,62,-0.003204633373291,-0.1005918529146336,0.5967741935483871,False,6,2024-09-30_2024-11-30
roe__regional_rank,62,0.0048383063454799,0.1213140137184337,0.4193548387096774,False,6,2024-09-30_2024-11-30
roic__regional_rank,62,0.0055345899533859,0.1636563254835472,0.4677419354838709,False,6,2024-09-30_2024-11-30
pe_ratio__regional_rank,62,-0.0412042430788808,-1.0254441095709963,0.6451612903225806,False,6,2024-09-30_2024-11-30
pb_ratio__regional_rank,62,-0.0264421577979764,-0.4493277802885641,0.7096774193548387,False,6,2024-09-30_2024-11-30
ev_ebitda__regional_rank,62,-0.0275546321660762,-0.7685013187588388,0.5967741935483871,False,6,2024-09-30_2024-11-30
dividend_yield__regional_rank,62,0.0435714113760366,1.0758955066086378,0.6451612903225806,True,6,2024-09-30_2024-11-30
cash_flow_quality_score__regional_rank,62,0.0161520328692005,0.7927565730532569,0.5161290322580645,False,6,2024-09-30_2024-11-30
balance_sheet_strength_score__regional_rank,62,-0.0105741318916549,-0.3646798335689775,0.6451612903225806,False,6,2024-09-30_2024-11-30
dividend_safety_score__regional_rank,61,0.0195200356759297,0.8862293513800172,0.6229508196721312,False,6,2024-09-30_2024-11-30
valuation_score__regional_rank,62,0.0282181102695906,0.560161247146892,0.6129032258064516,False,6,2024-09-30_2024-11-30
volatility_1y__regional_rank,62,0.0180737829457532,0.503616248129579,0.532258064516129,False,6,2024-09-30_2024-11-30
beta_local_market__regional_rank,62,-0.0112138114173203,-0.2049685247535702,0.4838709677419355,False,6,2024-09-30_2024-11-30
max_drawdown_1y__regional_rank,62,0.0117293279648096,0.3254148710547566,0.6290322580645161,False,6,2024-09-30_2024-11-30
momentum_6m__regional_rank,62,0.0412619695724913,1.3504045023997286,0.6935483870967742,True,6,2024-09-30_2024-11-30
liquidity_score__regional_rank,62,0.0314249801889144,4.343386447181053,0.7580645161290323,True,6,2024-09-30_2024-11-30
average_daily_value_usd__regional_rank,62,0.0314249801889144,4.343386447181053,0.7580645161290323,True,6,2024-09-30_2024-11-30
market_cap_usd__regional_rank,62,-0.0862019664745335,-4.369747160139312,0.8870967741935484,True,6,2024-09-30_2024-11-30
revenue_growth,54,-0.0137848671668004,-0.6320400750118357,0.6481481481481481,False,9,2024-03-31_2024-05-31
ebitda_margin,54,-0.0460971100952522,-2.412142280933634,0.7777777777777778,True,9,2024-03-31_2024-05-31
net_income_margin,54,-0.0396543481918092,-1.2078707423448634,0.7037037037037037,True,9,2024-03-31_2024-05-31
free_cash_flow_yield,54,0.0106729200723406,0.4181938079817184,0.5185185185185185,False,9,2024-03-31_2024-05-31
fcf_margin,54,-0.0077955283707674,-0.2574581104567521,0.5555555555555556,False,9,2024-03-31_2024-05-31
fcf_stability,54,-0.0173426350032914,-0.9457088182788264,0.5185185185185185,False,9,2024-03-31_2024-05-31
cfo_to_net_income,54,-0.0005261352513986,-0.023641268380389,0.4444444444444444,False,9,2024-03-31_2024-05-31
net_debt_to_ebitda,54,-0.0024743803559815,-0.0608589525918339,0.4259259259259259,False,9,2024-03-31_2024-05-31
interest_coverage,54,-0.0030344538302383,-0.062543604708073,0.6296296296296297,False,9,2024-03-31_2024-05-31
roe,54,-0.010575410657392,-0.1945653628517045,0.6111111111111112,False,9,2024-03-31_2024-05-31
roic,54,-0.0095060995702057,-0.1976999726030436,0.6296296296296297,False,9,2024-03-31_2024-05-31
pe_ratio,54,-0.0385453985064227,-0.7527965389078329,0.6481481481481481,False,9,2024-03-31_2024-05-31
pb_ratio,54,-0.028650013042807,-0.3492042456039946,0.6851851851851852,False,9,2024-03-31_2024-05-31
ev_ebitda,54,-0.0223511317020381,-0.4864561400876975,0.6111111111111112,False,9,2024-03-31_2024-05-31
dividend_yield,54,0.0500137309095254,0.8832734723299557,0.6296296296296297,False,9,2024-03-31_2024-05-31
dividend_growth_3y,54,0.0326422778301756,3.202097420094036,0.7407407407407407,True,9,2024-03-31_2024-05-31
dividend_growth_5y,53,0.0432529903754331,4.895008246062901,0.8679245283018868,True,9,2024-03-31_2024-05-31
payout_ratio,54,0.0376510900028998,1.7688177579906823,0.7037037037037037,True,9,2024-03-31_2024-05-31
positive_fcf_years_5,54,0.0175171875025427,0.545259368335015,0.5925925925925926,False,9,2024-03-31_2024-05-31
cash_flow_quality_score,54,0.0012002018897358,0.0481163032933969,0.5,False,9,2024-03-31_2024-05-31
balance_sheet_strength_score,54,-0.0104903905273364,-0.2278490510288278,0.6666666666666666,False,9,2024-03-31_2024-05-31
earnings_stability_score,54,-0.0024152907373031,-0.1124125903803187,0.5,False,9,2024-03-31_2024-05-31
fcf_dividend_cover,54,-0.0088466161705318,-0.3480592027782442,0.5370370370370371,False,9,2024-03-31_2024-05-31
dividend_stability_score,53,0.0426281855461876,3.4239907123818223,0.7735849056603774,True,9,2024-03-31_2024-05-31
dividend_safety_score,53,0.0153167712482317,0.6195128405963203,0.5471698113207547,False,9,2024-03-31_2024-05-31
valuation_score,54,0.0276340071269793,0.402525537323297,0.6111111111111112,False,9,2024-03-31_2024-05-31
valuation_percentile,54,0.0276340071269793,0.402525537323297,0.6111111111111112,False,9,2024-03-31_2024-05-31
volatility_1y,54,0.0351864221138648,0.7348306937303181,0.5555555555555556,False,9,2024-03-31_2024-05-31
downside_volatility,54,0.0253602076530917,0.6106582679098055,0.5740740740740741,False,9,2024-03-31_2024-05-31
beta_local_market,54,-0.057079482085088,-0.8382263619301032,0.6111111111111112,False,9,2024-03-31_2024-05-31
beta_global_market,54,0.0351864221138648,0.7348306937303181,0.5555555555555556,False,9,2024-03-31_2024-05-31
max_drawdown_1y,54,-0.0180935001631268,-0.4625744889905037,0.4074074074074074,False,9,2024-03-31_2024-05-31
var_5,54,-0.0376236538192685,-0.7718282918760251,0.5555555555555556,False,9,2024-03-31_2024-05-31
cvar_5,54,-0.0275155427685455,-0.6302952786788021,0.5370370370370371,False,9,2024-03-31_2024-05-31
momentum_6m,54,0.0212769469943423,0.5985728984784544,0.5185185185185185,False,9,2024-03-31_2024-05-31
sharpe_proxy,54,-0.0626525341688057,-0.991035280514279,0.6296296296296297,False,9,2024-03-31_2024-05-31
sortino_proxy,54,-0.0612272791266228,-0.94048965384428,0.6111111111111112,False,9,2024-03-31_2024-05-31
risk_score,54,-0.0288809552726475,-0.6610459757613376,0.5185185185185185,False,9,2024-03-31_2024-05-31
liquidity_score,54,0.021090049494075,5.378094099680359,0.8333333333333334,True,9,2024-03-31_2024-05-31
liquidity_stress_score,54,-0.021090049494075,-5.378094099680359,0.8333333333333334,True,9,2024-03-31_2024-05-31
average_daily_value_usd,54,0.021090049494075,5.378094099680359,0.8333333333333334,True,9,2024-03-31_2024-05-31
market_cap_usd,54,-0.1010131745922606,-4.255471794748392,0.9629629629629628,True,9,2024-03-31_2024-05-31
fundamentals_period_count,54,0.0252493996691391,1.4566159003787122,0.6666666666666666,True,9,2024-03-31_2024-05-31
fundamentals_coverage_ratio,54,-0.0251198172588173,-1.1681975312570083,0.6296296296296297,True,9,2024-03-31_2024-05-31
log_market_cap_usd,54,-0.1010131745922606,-4.255471794748392,0.9629629629629628,True,9,2024-03-31_2024-05-31
log_average_daily_value_usd,54,0.021090049494075,5.378094099680359,0.8333333333333334,True,9,2024-03-31_2024-05-31
revenue_growth__regional_rank,54,-0.0135124524570312,-0.5153048789779056,0.6296296296296297,False,9,2024-03-31_2024-05-31
free_cash_flow_yield__regional_rank,54,0.0104741149880539,0.4197328939324643,0.5185185185185185,False,9,2024-03-31_2024-05-31
net_debt_to_ebitda__regional_rank,54,-0.0004353926928919,-0.010534830089937,0.3703703703703703,False,9,2024-03-31_2024-05-31
interest_coverage__regional_rank,54,-0.0085793965898447,-0.1781180700204259,0.6296296296296297,False,9,2024-03-31_2024-05-31
roe__regional_rank,54,-0.0132039702876726,-0.2237694613895084,0.6296296296296297,False,9,2024-03-31_2024-05-31
roic__regional_rank,54,-0.0105865210605693,-0.2150945331947541,0.6481481481481481,False,9,2024-03-31_2024-05-31
pe_ratio__regional_rank,54,-0.0428890853359993,-0.8339460145267826,0.6666666666666666,False,9,2024-03-31_2024-05-31
pb_ratio__regional_rank,54,-0.0301643987260687,-0.3497554282850391,0.6851851851851852,False,9,2024-03-31_2024-05-31
ev_ebitda__regional_rank,54,-0.0268570229309966,-0.5523754890573512,0.6481481481481481,False,9,2024-03-31_2024-05-31
dividend_yield__regional_rank,54,0.052882195692769,0.9400864352442914,0.6296296296296297,False,9,2024-03-31_2024-05-31
cash_flow_quality_score__regional_rank,54,0.0016629404393429,0.0666536737871916,0.5,False,9,2024-03-31_2024-05-31
balance_sheet_strength_score__regional_rank,54,-0.0140126025352301,-0.3266645518737892,0.6851851851851852,False,9,2024-03-31_2024-05-31
dividend_safety_score__regional_rank,53,0.0119154208490275,0.453435041496917,0.5094339622641509,False,9,2024-03-31_2024-05-31
valuation_score__regional_rank,54,0.0321689139581626,0.4477487161333367,0.6296296296296297,False,9,2024-03-31_2024-05-31
volatility_1y__regional_rank,54,0.03855221037,0.7693397900061644,0.5555555555555556,False,9,2024-03-31_2024-05-31
beta_local_market__regional_rank,54,-0.06087773389547,-0.8622806643673117,0.5925925925925926,False,9,2024-03-31_2024-05-31
max_drawdown_1y__regional_rank,54,-0.0205569152145482,-0.4732722915291399,0.3888888888888889,False,9,2024-03-31_2024-05-31
momentum_6m__regional_rank,54,0.0234308821690284,0.6542722009426025,0.5555555555555556,False,9,2024-03-31_2024-05-31
liquidity_score__regional_rank,54,0.0328993598733892,4.30115893034833,0.8703703703703703,True,9,2024-03-31_2024-05-31
average_daily_value_usd__regional_rank,54,0.0328993598733892,4.30115893034833,0.8703703703703703,True,9,2024-03-31_2024-05-31
market_cap_usd__regional_rank,54,-0.1195199247148395,-4.574401896105273,0.925925925925926,True,9,2024-03-31_2024-05-31
revenue_growth,56,-0.0127287360331979,-0.6060319454832543,0.625,False,9,2024-06-30_2024-08-31
ebitda_margin,56,-0.0471706870226463,-2.553095005626384,0.7857142857142857,True,9,2024-06-30_2024-08-31
net_income_margin,56,-0.038642426956264,-1.215132343339708,0.7142857142857143,True,9,2024-06-30_2024-08-31
free_cash_flow_yield,56,0.0165183282438543,0.6032969604275576,0.5357142857142857,False,9,2024-06-30_2024-08-31
fcf_margin,56,-0.0047833597126103,-0.1586463319795558,0.5357142857142857,False,9,2024-06-30_2024-08-31
fcf_stability,56,-0.0152970625608283,-0.8378765256551174,0.5,False,9,2024-06-30_2024-08-31
cfo_to_net_income,56,0.0035642243061932,0.1576265362406734,0.5714285714285714,False,9,2024-06-30_2024-08-31
net_debt_to_ebitda,56,-0.002916308298573,-0.0743623874407748,0.4464285714285714,False,9,2024-06-30_2024-08-31
interest_coverage,56,-0.0032405901675501,-0.0692648034307909,0.625,False,9,2024-06-30_2024-08-31
roe,56,-0.0098295888037468,-0.1874744763232887,0.5892857142857143,False,9,2024-06-30_2024-08-31
roic,56,-0.0071508367333506,-0.1535249637021446,0.6071428571428571,False,9,2024-06-30_2024-08-31
pe_ratio,56,-0.0442229106765314,-0.8765500317943812,0.6607142857142857,False,9,2024-06-30_2024-08-31
pb_ratio,56,-0.0331437432093187,-0.417092475404218,0.6964285714285714,False,9,2024-06-30_2024-08-31
ev_ebitda,56,-0.0286182664795779,-0.627347725960317,0.625,False,9,2024-06-30_2024-08-31
dividend_yield,56,0.0537591484687617,0.9766659113803204,0.6428571428571429,False,9,2024-06-30_2024-08-31
dividend_growth_3y,56,0.0312835503025433,3.013456126585916,0.7321428571428571,True,9,2024-06-30_2024-08-31
dividend_growth_5y,55,0.0418872472285371,4.5969246979689125,0.8545454545454545,True,9,2024-06-30_2024-08-31
payout_ratio,56,0.0355770371761794,1.7163586787938163,0.6785714285714286,True,9,2024-06-30_2024-08-31
positive_fcf_years_5,56,0.016922128773259,0.5462952854339821,0.5892857142857143,False,9,2024-06-30_2024-08-31
cash_flow_quality_score,56,0.0062308432467916,0.2354487526010251,0.5178571428571429,False,9,2024-06-30_2024-08-31
balance_sheet_strength_score,56,-0.0104724710434173,-0.235902742826883,0.6607142857142857,False,9,2024-06-30_2024-08-31
earnings_stability_score,56,-0.0008359318023671,-0.0398110550326726,0.4821428571428571,False,9,2024-06-30_2024-08-31
fcf_dividend_cover,56,-0.0047166744569935,-0.1817516718316058,0.5178571428571429,False,9,2024-06-30_2024-08-31
dividend_stability_score,55,0.0404957975943386,3.1298048534754024,0.7454545454545455,True,9,2024-06-30_2024-08-31
dividend_safety_score,55,0.0195214937717618,0.7707004399039123,0.5636363636363636,False,9,2024-06-30_2024-08-31
valuation_score,56,0.0338476786386615,0.5025099301022455,0.625,False,9,2024-06-30_2024-08-31
valuation_percentile,56,0.0338476786386615,0.5025099301022455,0.625,False,9,2024-06-30_2024-08-31
volatility_1y,56,0.0331618231003725,0.712346117804415,0.5535714285714286,False,9,2024-06-30_2024-08-31
downside_volatility,56,0.0243069292132344,0.6046113070868161,0.5714285714285714,False,9,2024-06-30_2024-08-31
beta_local_market,56,-0.0474974719407938,-0.7061804568441344,0.5892857142857143,False,9,2024-06-30_2024-08-31
beta_global_market,56,0.0331618231003725,0.712346117804415,0.5535714285714286,False,9,2024-06-30_2024-08-31
max_drawdown_1y,56,-0.0144775663333395,-0.3763956999593594,0.3928571428571428,False,9,2024-06-30_2024-08-31
var_5,56,-0.0353116899353107,-0.7451742015947587,0.5357142857142857,False,9,2024-06-30_2024-08-31
cvar_5,56,-0.0260646085067342,-0.6158672110236546,0.5357142857142857,False,9,2024-06-30_2024-08-31
momentum_6m,56,0.0249494366820655,0.72131690409756,0.5357142857142857,False,9,2024-06-30_2024-08-31
sharpe_proxy,56,-0.0524770169647961,-0.8320302158730928,0.6071428571428571,False,9,2024-06-30_2024-08-31
sortino_proxy,56,-0.0511375914981664,-0.7897721116596591,0.5892857142857143,False,9,2024-06-30_2024-08-31
risk_score,56,-0.0267101747835032,-0.6280533831690026,0.5,False,9,2024-06-30_2024-08-31
liquidity_score,56,0.0219974631024218,5.488954782360135,0.8392857142857143,True,9,2024-06-30_2024-08-31
liquidity_stress_score,56,-0.0219974631024218,-5.488954782360136,0.8392857142857143,True,9,2024-06-30_2024-08-31
average_daily_value_usd,56,0.0219974631024218,5.488954782360135,0.8392857142857143,True,9,2024-06-30_2024-08-31
market_cap_usd,56,-0.0998325157692678,-4.321984660073708,0.9642857142857144,True,9,2024-06-30_2024-08-31
fundamentals_period_count,56,0.0255903604507255,1.5304467250561102,0.6785714285714286,True,9,2024-06-30_2024-08-31
fundamentals_coverage_ratio,56,-0.027246943395475,-1.278720962215511,0.6428571428571429,True,9,2024-06-30_2024-08-31
log_market_cap_usd,56,-0.0998325157692678,-4.321984660073708,0.9642857142857144,True,9,2024-06-30_2024-08-31
log_average_daily_value_usd,56,0.0219974631024218,5.488954782360135,0.8392857142857143,True,9,2024-06-30_2024-08-31
revenue_growth__regional_rank,56,-0.0127062855484731,-0.5027559849108886,0.625,False,9,2024-06-30_2024-08-31
free_cash_flow_yield__regional_rank,56,0.0162658549368423,0.608148553221713,0.5357142857142857,False,9,2024-06-30_2024-08-31
net_debt_to_ebitda__regional_rank,56,-0.0002813930916545,-0.007061112428134,0.375,False,9,2024-06-30_2024-08-31
interest_coverage__regional_rank,56,-0.008441804375094,-0.1817615271492056,0.625,False,9,2024-06-30_2024-08-31
roe__regional_rank,56,-0.012708290049151,-0.2233201530659243,0.625,False,9,2024-06-30_2024-08-31
roic__regional_rank,56,-0.0083611441134271,-0.1754507946793917,0.625,False,9,2024-06-30_2024-08-31
pe_ratio__regional_rank,56,-0.0485060457971894,-0.9582064577128082,0.6785714285714286,False,9,2024-06-30_2024-08-31
pb_ratio__regional_rank,56,-0.0349788367901733,-0.4186732843151185,0.6964285714285714,False,9,2024-06-30_2024-08-31
ev_ebitda__regional_rank,56,-0.0331412101115062,-0.6895721433155247,0.6607142857142857,False,9,2024-06-30_2024-08-31
dividend_yield__regional_rank,56,0.0563722651212642,1.0330869211675198,0.6428571428571429,True,9,2024-06-30_2024-08-31
cash_flow_quality_score__regional_rank,56,0.0066941688023111,0.2531396376438395,0.5178571428571429,False,9,2024-06-30_2024-08-31
balance_sheet_strength_score__regional_rank,56,-0.0137028661829015,-0.3313722161348624,0.6785714285714286,False,9,2024-06-30_2024-08-31
dividend_safety_score__regional_rank,55,0.0163723610812042,0.6086436980183735,0.5272727272727272,False,9,2024-06-30_2024-08-31
valuation_score__regional_rank,56,0.0384837617908045,0.5467951795183351,0.6428571428571429,False,9,2024-06-30_2024-08-31
volatility_1y__regional_rank,56,0.0371347905937076,0.7649948807750242,0.5535714285714286,False,9,2024-06-30_2024-08-31
beta_local_market__regional_rank,56,-0.0511415243482436,-0.7331080436635371,0.5714285714285714,False,9,2024-06-30_2024-08-31
max_drawdown_1y__regional_rank,56,-0.0167809361500527,-0.3933217374674046,0.375,False,9,2024-06-30_2024-08-31
momentum_6m__regional_rank,56,0.0270520404393632,0.7765926183756016,0.5714285714285714,False,9,2024-06-30_2024-08-31
liquidity_score__regional_rank,56,0.0329364725558482,4.465800084108701,0.875,True,9,2024-06-30_2024-08-31
average_daily_value_usd__regional_rank,56,0.0329364725558482,4.465800084108701,0.875,True,9,2024-06-30_2024-08-31
market_cap_usd__regional_rank,56,-0.1196888589025166,-4.752205313635963,0.9285714285714286,True,9,2024-06-30_2024-08-31
revenue_growth,50,-0.016151670731465,-0.6132476818237833,0.68,False,12,2024-03-31_2024-05-31
ebitda_margin,50,-0.0516991068287166,-2.0688037206267755,0.76,True,12,2024-03-31_2024-05-31
net_income_margin,50,-0.0548585136337604,-1.373328082174718,0.68,True,12,2024-03-31_2024-05-31
free_cash_flow_yield,50,-0.0002077646928904,-0.0075945305771634,0.52,False,12,2024-03-31_2024-05-31
fcf_margin,50,-0.0228398141763833,-0.6486000116842153,0.62,False,12,2024-03-31_2024-05-31
fcf_stability,50,-0.0172964660300162,-0.8768886653603674,0.54,False,12,2024-03-31_2024-05-31
cfo_to_net_income,50,-0.0074262712599978,-0.2722495027751311,0.38,False,12,2024-03-31_2024-05-31
net_debt_to_ebitda,50,0.0005263316351501,0.0105577762443853,0.62,False,12,2024-03-31_2024-05-31
interest_coverage,50,-0.0154866637289766,-0.2444084492589942,0.68,False,12,2024-03-31_2024-05-31
roe,50,-0.0283162200572642,-0.4067123622614448,0.66,False,12,2024-03-31_2024-05-31
roic,50,-0.020141947879728,-0.3116024566814432,0.72,False,12,2024-03-31_2024-05-31
pe_ratio,50,-0.041095353711376,-0.6384707227253751,0.7,False,12,2024-03-31_2024-05-31
pb_ratio,50,-0.0427798457141078,-0.4089023792901366,0.72,False,12,2024-03-31_2024-05-31
ev_ebitda,50,-0.0325776219958562,-0.6019341630950674,0.7,False,12,2024-03-31_2024-05-31
dividend_yield,50,0.0645721721745926,0.9344904453714972,0.68,False,12,2024-03-31_2024-05-31
dividend_growth_3y,50,0.0438719695188041,4.051092723431332,0.92,True,12,2024-03-31_2024-05-31
dividend_growth_5y,49,0.0558388629457239,5.809311086661983,0.9591836734693876,True,12,2024-03-31_2024-05-31
payout_ratio,50,0.0572075814513104,2.612979071955704,0.78,True,12,2024-03-31_2024-05-31
positive_fcf_years_5,50,0.0194130220977286,0.4710946608839926,0.56,False,12,2024-03-31_2024-05-31
cash_flow_quality_score,50,-0.0128312962628528,-0.487994760188207,0.58,False,12,2024-03-31_2024-05-31
balance_sheet_strength_score,50,-0.017829400021705,-0.311366938634516,0.68,False,12,2024-03-31_2024-05-31
earnings_stability_score,50,6.086761041069949e-05,0.0022322730528643,0.4,False,12,2024-03-31_2024-05-31
fcf_dividend_cover,50,-0.0220126882515167,-0.7948419576434336,0.62,False,12,2024-03-31_2024-05-31
dividend_stability_score,49,0.0546294422416434,4.1763441926996485,0.8775510204081632,True,12,2024-03-31_2024-05-31
dividend_safety_score,49,0.0091663806353772,0.3285746112847998,0.5102040816326531,False,12,2024-03-31_2024-05-31
valuation_score,50,0.0364600784520377,0.4193531022065583,0.68,False,12,2024-03-31_2024-05-31
valuation_percentile,50,0.0364600784520377,0.4193531022065583,0.68,False,12,2024-03-31_2024-05-31
volatility_1y,50,0.0386862214651408,0.6818536922556552,0.48,False,12,2024-03-31_2024-05-31
downside_volatility,50,0.0283911443564419,0.5550223482956108,0.54,False,12,2024-03-31_2024-05-31
beta_local_market,50,-0.0952926012866138,-1.1717812682535689,0.72,True,12,2024-03-31_2024-05-31
beta_global_market,50,0.0386862214651408,0.6818536922556552,0.48,False,12,2024-03-31_2024-05-31
max_drawdown_1y,50,-0.0243456056348215,-0.5399703040567235,0.52,False,12,2024-03-31_2024-05-31
var_5,50,-0.0393064499320674,-0.6819645815153356,0.52,False,12,2024-03-31_2024-05-31
cvar_5,50,-0.0314439727681111,-0.5944630785667023,0.52,False,12,2024-03-31_2024-05-31
momentum_6m,50,0.0204932622668149,0.4534468220923788,0.5,False,12,2024-03-31_2024-05-31
sharpe_proxy,50,-0.1026053098921365,-1.3887193358915126,0.72,True,12,2024-03-31_2024-05-31
sortino_proxy,50,-0.100684986428888,-1.316170931760084,0.72,True,12,2024-03-31_2024-05-31
risk_score,50,-0.03315581344767,-0.6331918626568044,0.52,False,12,2024-03-31_2024-05-31
liquidity_score,50,0.0195372553358725,6.992532162963234,0.84,True,12,2024-03-31_2024-05-31
liquidity_stress_score,50,-0.0195372553358725,-6.992532162963233,0.84,True,12,2024-03-31_2024-05-31
average_daily_value_usd,50,0.0195372553358725,6.992532162963234,0.84,True,12,2024-03-31_2024-05-31
market_cap_usd,50,-0.1208516451675681,-4.117596375485304,0.94,True,12,2024-03-31_2024-05-31
fundamentals_period_count,50,0.0283817121081014,1.1346422271704744,0.5,False,12,2024-03-31_2024-05-31
fundamentals_coverage_ratio,50,-0.0265630015558504,-1.334650312992253,0.72,True,12,2024-03-31_2024-05-31
log_market_cap_usd,50,-0.1208516451675681,-4.117596375485304,0.94,True,12,2024-03-31_2024-05-31
log_average_daily_value_usd,50,0.0195372553358725,6.992532162963234,0.84,True,12,2024-03-31_2024-05-31
revenue_growth__regional_rank,50,-0.0160652753423069,-0.5090085871320775,0.66,False,12,2024-03-31_2024-05-31
free_cash_flow_yield__regional_rank,50,-0.0005548121020612,-0.0205370629080486,0.52,False,12,2024-03-31_2024-05-31
net_debt_to_ebitda__regional_rank,50,0.002195425161827,0.0441168934176792,0.66,False,12,2024-03-31_2024-05-31
interest_coverage__regional_rank,50,-0.0211235943751823,-0.3350021135457819,0.68,False,12,2024-03-31_2024-05-31
roe__regional_rank,50,-0.0318066755583982,-0.4209742916842331,0.64,False,12,2024-03-31_2024-05-31
roic__regional_rank,50,-0.0218220485690925,-0.3303147109801798,0.72,False,12,2024-03-31_2024-05-31
pe_ratio__regional_rank,50,-0.0463581512185689,-0.7175438768890258,0.7,False,12,2024-03-31_2024-05-31
pb_ratio__regional_rank,50,-0.0441357629700235,-0.4017280269048744,0.72,False,12,2024-03-31_2024-05-31
ev_ebitda__regional_rank,50,-0.0371399196739186,-0.6365449581107421,0.72,False,12,2024-03-31_2024-05-31
dividend_yield__regional_rank,50,0.0683420758426444,0.98965508262585,0.68,False,12,2024-03-31_2024-05-31
cash_flow_quality_score__regional_rank,50,-0.0115114922363293,-0.4398551389920641,0.54,False,12,2024-03-31_2024-05-31
balance_sheet_strength_score__regional_rank,50,-0.0206703935040575,-0.3825695019425623,0.7,False,12,2024-03-31_2024-05-31
dividend_safety_score__regional_rank,49,0.0056195151927291,0.1853066070804894,0.4897959183673469,False,12,2024-03-31_2024-05-31
valuation_score__regional_rank,50,0.0418677190277702,0.4605066132419443,0.7,False,12,2024-03-31_2024-05-31
volatility_1y__regional_rank,50,0.0400779579530856,0.6768392975747567,0.48,False,12,2024-03-31_2024-05-31
beta_local_market__regional_rank,50,-0.1006855621937484,-1.197746938329579,0.72,True,12,2024-03-31_2024-05-31
max_drawdown_1y__regional_rank,50,-0.0293727502159214,-0.5859714845786952,0.46,False,12,2024-03-31_2024-05-31
momentum_6m__regional_rank,50,0.02192265441554,0.4805312570832685,0.54,False,12,2024-03-31_2024-05-31
liquidity_score__regional_rank,50,0.0336329677729828,4.711199192268418,0.86,True,12,2024-03-31_2024-05-31
average_daily_value_usd__regional_rank,50,0.0336329677729828,4.711199192268418,0.86,True,12,2024-03-31_2024-05-31
market_cap_usd__regional_rank,50,-0.1409228994028986,-4.345963896920936,0.92,True,12,2024-03-31_2024-05-31
revenue_growth,74,0.0128041176646542,0.9696456699945136,0.581081081081081,False,3,legacy_locked_oos_fit
ebitda_margin,74,-0.0270173649307992,-2.655393290831514,0.6486486486486487,True,3,legacy_locked_oos_fit
net_income_margin,74,0.0014961793899337,0.112956762704781,0.5540540540540541,False,3,legacy_locked_oos_fit
free_cash_flow_yield,74,0.0210393049579466,1.9127207404689144,0.6756756756756757,True,3,legacy_locked_oos_fit
fcf_margin,74,0.0105254624013636,0.8456632611175726,0.527027027027027,False,3,legacy_locked_oos_fit
fcf_stability,74,-0.0092639482335369,-0.9583710643788884,0.5945945945945946,False,3,legacy_locked_oos_fit
cfo_to_net_income,74,0.0046977090855647,0.5459373571297028,0.4729729729729729,False,3,legacy_locked_oos_fit
net_debt_to_ebitda,74,-0.0030522716156318,-0.1789734944231309,0.5540540540540541,False,3,legacy_locked_oos_fit
interest_coverage,74,0.0077096903902946,0.4392834423812481,0.5,False,3,legacy_locked_oos_fit
roe,74,0.0071265749526708,0.3920584336165214,0.4324324324324324,False,3,legacy_locked_oos_fit
roic,74,0.0051476690619664,0.28235883089923,0.4729729729729729,False,3,legacy_locked_oos_fit
pe_ratio,74,-0.0382704373406468,-1.5224627731752802,0.6081081081081081,False,3,legacy_locked_oos_fit
pb_ratio,74,-0.0251427490192146,-0.8254077752999313,0.6351351351351351,False,3,legacy_locked_oos_fit
ev_ebitda,74,-0.022536365159269,-1.1435154476258558,0.581081081081081,False,3,legacy_locked_oos_fit
dividend_yield,74,0.0351662407946011,1.4387033787676595,0.5945945945945946,False,3,legacy_locked_oos_fit
dividend_growth_3y,74,0.0179532071484588,2.152759511126873,0.6351351351351351,True,3,legacy_locked_oos_fit
dividend_growth_5y,73,0.0154969434080862,1.8261959785277044,0.589041095890411,True,3,legacy_locked_oos_fit
payout_ratio,74,0.0008568790495423,0.0711642063847915,0.5135135135135135,False,3,legacy_locked_oos_fit
positive_fcf_years_5,74,0.0123810224341043,0.8708344527639404,0.581081081081081,False,3,legacy_locked_oos_fit
cash_flow_quality_score,74,0.0163174605958113,1.505416851393753,0.5945945945945946,False,3,legacy_locked_oos_fit
balance_sheet_strength_score,74,-0.012504720884441,-0.677270121556616,0.527027027027027,False,3,legacy_locked_oos_fit
earnings_stability_score,74,0.0007623178876231,0.0760921076102178,0.4594594594594595,False,3,legacy_locked_oos_fit
fcf_dividend_cover,74,0.0118747214513806,1.0854538388799455,0.581081081081081,False,3,legacy_locked_oos_fit
dividend_stability_score,73,0.0148852090974901,1.644047204111479,0.5616438356164384,True,3,legacy_locked_oos_fit
dividend_safety_score,73,0.0279726576058804,2.195291738632436,0.6712328767123288,True,3,legacy_locked_oos_fit
valuation_score,74,0.0195658262663679,0.7273628303585581,0.581081081081081,False,3,legacy_locked_oos_fit
valuation_percentile,74,0.0195658262663679,0.7273628303585581,0.581081081081081,False,3,legacy_locked_oos_fit
volatility_1y,74,-0.0028617236643659,-0.126769276984415,0.5540540540540541,False,3,legacy_locked_oos_fit
downside_volatility,74,-0.0057241386882993,-0.288996664995053,0.527027027027027,False,3,legacy_locked_oos_fit
beta_local_market,74,-0.0015813721909044,-0.0538121718729813,0.4594594594594595,False,3,legacy_locked_oos_fit
beta_global_market,74,-0.0028617236643659,-0.126769276984415,0.5540540540540541,False,3,legacy_locked_oos_fit
max_drawdown_1y,74,0.0173838506274362,0.7102056632922139,0.5945945945945946,False,3,legacy_locked_oos_fit
var_5,74,0.0016371137658272,0.0700184841816522,0.581081081081081,False,3,legacy_locked_oos_fit
cvar_5,74,0.0062098029102108,0.2911596636804243,0.5675675675675675,False,3,legacy_locked_oos_fit
momentum_6m,74,0.0171550537649662,0.9530677452026026,0.6081081081081081,False,3,legacy_locked_oos_fit
sharpe_proxy,74,0.0016645741442426,0.0558276498026598,0.5540540540540541,False,3,legacy_locked_oos_fit
sortino_proxy,74,0.0011916022194658,0.0398645616041139,0.5675675675675675,False,3,legacy_locked_oos_fit
risk_score,74,0.008137051082038,0.3617007677901883,0.581081081081081,False,3,legacy_locked_oos_fit
liquidity_score,74,0.0179921442569706,3.4271806352334533,0.7162162162162162,True,3,legacy_locked_oos_fit
liquidity_stress_score,74,-0.0179921442569706,-3.4271806352334546,0.7162162162162162,True,3,legacy_locked_oos_fit
average_daily_value_usd,74,0.0179921442569706,3.4271806352334533,0.7162162162162162,True,3,legacy_locked_oos_fit
market_cap_usd,74,-0.0469331328362887,-3.819598599227512,0.7027027027027027,True,3,legacy_locked_oos_fit
fundamentals_period_count,74,0.0253930706060742,2.9661417083077968,0.6891891891891891,True,3,legacy_locked_oos_fit
fundamentals_coverage_ratio,74,-0.0320544358584233,-2.3427554845263634,0.6486486486486487,True,3,legacy_locked_oos_fit
log_market_cap_usd,74,-0.0469331328362887,-3.819598599227512,0.7027027027027027,True,3,legacy_locked_oos_fit
log_average_daily_value_usd,74,0.0179921442569706,3.4271806352334533,0.7162162162162162,True,3,legacy_locked_oos_fit
revenue_growth__regional_rank,74,0.0106976360104927,0.770612585330974,0.581081081081081,False,3,legacy_locked_oos_fit
free_cash_flow_yield__regional_rank,74,0.0227062744327857,2.0957125179302363,0.6621621621621622,True,3,legacy_locked_oos_fit
net_debt_to_ebitda__regional_rank,74,0.0005522334586911,0.0321770687714691,0.5,False,3,legacy_locked_oos_fit
interest_coverage__regional_rank,74,0.0010062065961316,0.0580745170059842,0.5,False,3,legacy_locked_oos_fit
roe__regional_rank,74,0.0086529471142422,0.4364141955758489,0.4324324324324324,False,3,legacy_locked_oos_fit
roic__regional_rank,74,0.0059019535105665,0.3136210847566303,0.4864864864864865,False,3,legacy_locked_oos_fit
pe_ratio__regional_rank,74,-0.0399567542031702,-1.563871325919596,0.5945945945945946,False,3,legacy_locked_oos_fit
pb_ratio__regional_rank,74,-0.0249176183432425,-0.7772165690392057,0.6351351351351351,False,3,legacy_locked_oos_fit
ev_ebitda__regional_rank,74,-0.0256974762226279,-1.245377359479972,0.6081081081081081,False,3,legacy_locked_oos_fit
dividend_yield__regional_rank,74,0.0386044299240659,1.6205131901892873,0.6081081081081081,False,3,legacy_locked_oos_fit
cash_flow_quality_score__regional_rank,74,0.0180501441061191,1.707054725466593,0.5945945945945946,True,3,legacy_locked_oos_fit
balance_sheet_strength_score__regional_rank,74,-0.0160451917658871,-0.9067597700333648,0.5540540540540541,False,3,legacy_locked_oos_fit
dividend_safety_score__regional_rank,73,0.0267461178492633,2.040789353813925,0.6712328767123288,True,3,legacy_locked_oos_fit
valuation_score__regional_rank,74,0.0227086630133783,0.8203516402633335,0.5675675675675675,False,3,legacy_locked_oos_fit
volatility_1y__regional_rank,74,-0.008969490529911,-0.352028023134169,0.6081081081081081,False,3,legacy_locked_oos_fit
beta_local_market__regional_rank,74,-0.0014895911848758,-0.0481124290155871,0.4324324324324324,False,3,legacy_locked_oos_fit
max_drawdown_1y__regional_rank,74,0.0211275675382767,0.7889134254714048,0.581081081081081,False,3,legacy_locked_oos_fit
momentum_6m__regional_rank,74,0.0186297327075852,1.0094874062527452,0.5945945945945946,False,3,legacy_locked_oos_fit
liquidity_score__regional_rank,74,0.0273996335780341,3.935713324180482,0.7027027027027027,True,3,legacy_locked_oos_fit
average_daily_value_usd__regional_rank,74,0.0273996335780341,3.935713324180482,0.7027027027027027,True,3,legacy_locked_oos_fit
market_cap_usd__regional_rank,74,-0.0556601225902733,-4.023868317432622,0.7567567567567568,True,3,legacy_locked_oos_fit
revenue_growth,71,0.0005270866465559,0.0312542404339748,0.5492957746478874,False,6,legacy_locked_oos_fit
ebitda_margin,71,-0.0452435414241201,-3.251413515767856,0.7746478873239436,True,6,legacy_locked_oos_fit
net_income_margin,71,-0.0105356126213838,-0.5050014359606568,0.5915492957746479,False,6,legacy_locked_oos_fit
free_cash_flow_yield,71,0.0254167314392965,1.3213529310358918,0.6197183098591549,True,6,legacy_locked_oos_fit
fcf_margin,71,0.0089938866590094,0.4699778911249452,0.5211267605633803,False,6,legacy_locked_oos_fit
fcf_stability,71,-0.014414809424632,-1.0283639950927823,0.5352112676056338,False,6,legacy_locked_oos_fit
cfo_to_net_income,71,0.0087282709797522,0.6033999928222427,0.5633802816901409,False,6,legacy_locked_oos_fit
net_debt_to_ebitda,71,-0.0006867873499954,-0.0272137225765063,0.4788732394366197,False,6,legacy_locked_oos_fit
interest_coverage,71,-0.0051296775772,-0.1784273753815183,0.6619718309859155,False,6,legacy_locked_oos_fit
roe,71,-0.0034536190640024,-0.1062877019776548,0.6338028169014085,False,6,legacy_locked_oos_fit
roic,71,-0.0058880093712957,-0.1986116680483123,0.5915492957746479,False,6,legacy_locked_oos_fit
pe_ratio,71,-0.0464232556202925,-1.2996588164245575,0.647887323943662,True,6,legacy_locked_oos_fit
pb_ratio,71,-0.0367115269113582,-0.7429895642833833,0.7605633802816901,False,6,legacy_locked_oos_fit
ev_ebitda,71,-0.0240995583479782,-0.8049710470639371,0.6197183098591549,False,6,legacy_locked_oos_fit
dividend_yield,71,0.0436079549606504,1.2126227165961725,0.647887323943662,False,6,legacy_locked_oos_fit
dividend_growth_3y,71,0.021618908999633,2.6270206194130186,0.704225352112676,True,6,legacy_locked_oos_fit
dividend_growth_5y,70,0.0198694613726181,2.1076105060803467,0.6285714285714286,True,6,legacy_locked_oos_fit
payout_ratio,71,0.0143708734912948,0.91554436203297,0.5492957746478874,False,6,legacy_locked_oos_fit
positive_fcf_years_5,71,0.0117608361633658,0.5364124844071592,0.4788732394366197,False,6,legacy_locked_oos_fit
cash_flow_quality_score,71,0.0190453393110539,1.030362652049232,0.5070422535211268,False,6,legacy_locked_oos_fit
balance_sheet_strength_score,71,-0.0225631539909026,-0.7679442570800112,0.704225352112676,False,6,legacy_locked_oos_fit
earnings_stability_score,71,0.0013492888222537,0.0903206232201792,0.5352112676056338,False,6,legacy_locked_oos_fit
fcf_dividend_cover,71,0.0120628667756227,0.6964017081568745,0.5492957746478874,False,6,legacy_locked_oos_fit
dividend_stability_score,70,0.0201722904266583,1.926340551142689,0.6714285714285714,True,6,legacy_locked_oos_fit
dividend_safety_score,70,0.0225848925848601,1.197247528437236,0.6571428571428571,False,6,legacy_locked_oos_fit
valuation_score,71,0.0241059350997968,0.5666278161473224,0.5915492957746479,False,6,legacy_locked_oos_fit
valuation_percentile,71,0.0241059350997968,0.5666278161473224,0.5915492957746479,False,6,legacy_locked_oos_fit
volatility_1y,71,0.0040720427437466,0.1344879905251441,0.5070422535211268,False,6,legacy_locked_oos_fit
downside_volatility,71,0.0002138484726382,0.0085606498389903,0.5070422535211268,False,6,legacy_locked_oos_fit
beta_local_market,71,-0.0084577559827494,-0.1834280735044995,0.5211267605633803,False,6,legacy_locked_oos_fit
beta_global_market,71,0.0040720427437466,0.1344879905251441,0.5070422535211268,False,6,legacy_locked_oos_fit
max_drawdown_1y,71,0.015705806686218,0.5538884088340812,0.6056338028169014,False,6,legacy_locked_oos_fit
var_5,71,-0.0046719320300653,-0.1505553407524991,0.4788732394366197,False,6,legacy_locked_oos_fit
cvar_5,71,0.0013719521133028,0.0507972364781858,0.5070422535211268,False,6,legacy_locked_oos_fit
momentum_6m,71,0.0314239866027179,1.1737499419541806,0.6619718309859155,False,6,legacy_locked_oos_fit
sharpe_proxy,71,-0.0077966986733998,-0.1731195402213532,0.5070422535211268,False,6,legacy_locked_oos_fit
sortino_proxy,71,-0.0077006222759734,-0.1681983615647777,0.5070422535211268,False,6,legacy_locked_oos_fit
risk_score,71,0.0029978101983479,0.1079671043713314,0.5070422535211268,False,6,legacy_locked_oos_fit
liquidity_score,71,0.0252967705304523,4.930173659169731,0.8732394366197183,True,6,legacy_locked_oos_fit
liquidity_stress_score,71,-0.0252967705304523,-4.930173659169732,0.8732394366197183,True,6,legacy_locked_oos_fit
average_daily_value_usd,71,0.0252967705304523,4.930173659169731,0.8732394366197183,True,6,legacy_locked_oos_fit
market_cap_usd,71,-0.0666098500433949,-3.920299999536056,0.8873239436619719,True,6,legacy_locked_oos_fit
fundamentals_period_count,71,0.0305088691884485,2.392457678844394,0.7323943661971831,True,6,legacy_locked_oos_fit
fundamentals_coverage_ratio,71,-0.0459687857268999,-1.9079533893197405,0.676056338028169,True,6,legacy_locked_oos_fit
log_market_cap_usd,71,-0.0666098500433949,-3.920299999536056,0.8873239436619719,True,6,legacy_locked_oos_fit
log_average_daily_value_usd,71,0.0252967705304523,4.930173659169731,0.8732394366197183,True,6,legacy_locked_oos_fit
revenue_growth__regional_rank,71,-0.0021846762239861,-0.1144152673069473,0.4788732394366197,False,6,legacy_locked_oos_fit
free_cash_flow_yield__regional_rank,71,0.0261699002162566,1.414101844813189,0.6338028169014085,True,6,legacy_locked_oos_fit
net_debt_to_ebitda__regional_rank,71,0.0039974394487203,0.1548274454997042,0.5774647887323944,False,6,legacy_locked_oos_fit
interest_coverage__regional_rank,71,-0.011259885386095,-0.3952611203630761,0.647887323943662,False,6,legacy_locked_oos_fit
roe__regional_rank,71,-0.0033058979086497,-0.0936287919951798,0.6338028169014085,False,6,legacy_locked_oos_fit
roic__regional_rank,71,-0.0051418921190024,-0.1686120008059304,0.5915492957746479,False,6,legacy_locked_oos_fit
pe_ratio__regional_rank,71,-0.0489070365489723,-1.372350676040295,0.6901408450704225,True,6,legacy_locked_oos_fit
pb_ratio__regional_rank,71,-0.0373782840944577,-0.7183284746987914,0.7464788732394366,False,6,legacy_locked_oos_fit
ev_ebitda__regional_rank,71,-0.028412176991093,-0.9064041239487688,0.6197183098591549,False,6,legacy_locked_oos_fit
dividend_yield__regional_rank,71,0.0457468160459976,1.2856574126740854,0.6619718309859155,True,6,legacy_locked_oos_fit
cash_flow_quality_score__regional_rank,71,0.019514919500038,1.068971369321256,0.5774647887323944,False,6,legacy_locked_oos_fit
balance_sheet_strength_score__regional_rank,71,-0.0256005118880012,-0.9232999500926868,0.6901408450704225,False,6,legacy_locked_oos_fit
dividend_safety_score__regional_rank,70,0.0214685624178439,1.108099638122468,0.6285714285714286,False,6,legacy_locked_oos_fit
valuation_score__regional_rank,71,0.0280092216929056,0.6365514883238746,0.6338028169014085,False,6,legacy_locked_oos_fit
volatility_1y__regional_rank,71,0.0047759767385131,0.1453246300465595,0.4788732394366197,False,6,legacy_locked_oos_fit
beta_local_market__regional_rank,71,-0.0088818905421844,-0.1845095518816337,0.4788732394366197,False,6,legacy_locked_oos_fit
max_drawdown_1y__regional_rank,71,0.0159476759087002,0.5000417933842974,0.6197183098591549,False,6,legacy_locked_oos_fit
momentum_6m__regional_rank,71,0.033892148481728,1.2450789798803692,0.6619718309859155,False,6,legacy_locked_oos_fit
liquidity_score__regional_rank,71,0.0370229871789886,4.6925725490124,0.7746478873239436,True,6,legacy_locked_oos_fit
average_daily_value_usd__regional_rank,71,0.0370229871789886,4.6925725490124,0.7746478873239436,True,6,legacy_locked_oos_fit
market_cap_usd__regional_rank,71,-0.0816581590744136,-4.632483795525553,0.9014084507042254,True,6,legacy_locked_oos_fit
revenue_growth,68,-0.0129063306566633,-0.718328608316316,0.6029411764705882,False,9,legacy_locked_oos_fit
ebitda_margin,68,-0.061481663341972,-3.344744504352948,0.8235294117647058,True,9,legacy_locked_oos_fit
net_income_margin,68,-0.0253231638534991,-0.8957577367592393,0.6470588235294118,False,9,legacy_locked_oos_fit
free_cash_flow_yield,68,0.0297581811930801,1.1255720123294686,0.6176470588235294,False,9,legacy_locked_oos_fit
fcf_margin,68,0.004607411027449,0.1732555699826275,0.5441176470588235,False,9,legacy_locked_oos_fit
fcf_stability,68,-0.0080853157795025,-0.4729311041726082,0.4705882352941176,False,9,legacy_locked_oos_fit
cfo_to_net_income,68,0.0128267963315643,0.5734683225962143,0.5735294117647058,False,9,legacy_locked_oos_fit
net_debt_to_ebitda,68,-0.0012336310234081,-0.0380516972555691,0.4558823529411764,False,9,legacy_locked_oos_fit
interest_coverage,68,-0.0143565849617922,-0.3656259490964258,0.6911764705882353,False,9,legacy_locked_oos_fit
roe,68,-0.0200519110054818,-0.4597644008468313,0.6617647058823529,False,9,legacy_locked_oos_fit
roic,68,-0.0201699059803208,-0.5147641164951594,0.6764705882352942,False,9,legacy_locked_oos_fit
pe_ratio,68,-0.0605465224784987,-1.3820986124080177,0.7205882352941176,True,9,legacy_locked_oos_fit
pb_ratio,68,-0.0533003476091322,-0.7941984204097661,0.75,False,9,legacy_locked_oos_fit
ev_ebitda,68,-0.0354143726717414,-0.9137044170380764,0.6764705882352942,False,9,legacy_locked_oos_fit
dividend_yield,68,0.0624811573658663,1.346774173014199,0.7058823529411765,True,9,legacy_locked_oos_fit
dividend_growth_3y,68,0.0251002894833005,2.516353289791436,0.6911764705882353,True,9,legacy_locked_oos_fit
dividend_growth_5y,67,0.030876221968731,2.698482383824376,0.7910447761194029,True,9,legacy_locked_oos_fit
payout_ratio,68,0.0290545850069216,1.5912845430489462,0.6617647058823529,True,9,legacy_locked_oos_fit
positive_fcf_years_5,68,0.0024173066416237,0.0883664462022398,0.4852941176470588,False,9,legacy_locked_oos_fit
cash_flow_quality_score,68,0.0195182978444982,0.7584321328402329,0.6029411764705882,False,9,legacy_locked_oos_fit
balance_sheet_strength_score,68,-0.0317536367351175,-0.8027685736287162,0.7205882352941176,False,9,legacy_locked_oos_fit
earnings_stability_score,68,0.0039185460644923,0.2119669324045577,0.5441176470588235,False,9,legacy_locked_oos_fit
fcf_dividend_cover,68,0.0076511938417555,0.3178957953511611,0.5735294117647058,False,9,legacy_locked_oos_fit
dividend_stability_score,67,0.0311831618810808,2.386715718501278,0.6865671641791045,True,9,legacy_locked_oos_fit
dividend_safety_score,67,0.0268544159797276,1.1781805686754678,0.6417910447761194,False,9,legacy_locked_oos_fit
valuation_score,68,0.0399253811082839,0.7083328295102177,0.6764705882352942,False,9,legacy_locked_oos_fit
valuation_percentile,68,0.0399253811082839,0.7083328295102177,0.6764705882352942,False,9,legacy_locked_oos_fit
volatility_1y,68,0.0200896669590451,0.505237776864825,0.4852941176470588,False,9,legacy_locked_oos_fit
downside_volatility,68,0.0177282861862727,0.5283624595091999,0.5,False,9,legacy_locked_oos_fit
beta_local_market,68,-0.0344539997997388,-0.5966136436934867,0.5735294117647058,False,9,legacy_locked_oos_fit
beta_global_market,68,0.0200896669590451,0.505237776864825,0.4852941176470588,False,9,legacy_locked_oos_fit
max_drawdown_1y,68,-0.001737081455618,-0.0517712026955714,0.3529411764705882,False,9,legacy_locked_oos_fit
var_5,68,-0.0192188762652992,-0.4687905736833462,0.4705882352941176,False,9,legacy_locked_oos_fit
cvar_5,68,-0.016003683472349,-0.4471991755833137,0.4705882352941176,False,9,legacy_locked_oos_fit
momentum_6m,68,0.0242006156315534,0.8275086077825122,0.5441176470588235,False,9,legacy_locked_oos_fit
sharpe_proxy,68,-0.0361528734695155,-0.6573669480263936,0.5882352941176471,False,9,legacy_locked_oos_fit
sortino_proxy,68,-0.036892010150107,-0.6590716589344383,0.5735294117647058,False,9,legacy_locked_oos_fit
risk_score,68,-0.0149217048524338,-0.4110200390964543,0.4411764705882353,False,9,legacy_locked_oos_fit
liquidity_score,68,0.0284294294915472,4.820217204578112,0.8676470588235294,True,9,legacy_locked_oos_fit
liquidity_stress_score,68,-0.0284294294915472,-4.820217204578114,0.8676470588235294,True,9,legacy_locked_oos_fit
average_daily_value_usd,68,0.0284294294915472,4.820217204578112,0.8676470588235294,True,9,legacy_locked_oos_fit
market_cap_usd,68,-0.0913458636200362,-4.503643059105872,0.9705882352941176,True,9,legacy_locked_oos_fit
fundamentals_period_count,68,0.0232421886078392,1.6800850907790763,0.6764705882352942,True,9,legacy_locked_oos_fit
fundamentals_coverage_ratio,68,-0.0610973162415959,-2.002039713095191,0.7058823529411765,True,9,legacy_locked_oos_fit
log_market_cap_usd,68,-0.0913458636200362,-4.503643059105872,0.9705882352941176,True,9,legacy_locked_oos_fit
log_average_daily_value_usd,68,0.0284294294915472,4.820217204578112,0.8676470588235294,True,9,legacy_locked_oos_fit
revenue_growth__regional_rank,68,-0.0139825034658051,-0.6506434572620752,0.6029411764705882,False,9,legacy_locked_oos_fit
free_cash_flow_yield__regional_rank,68,0.0293377723273886,1.139254472250659,0.6176470588235294,False,9,legacy_locked_oos_fit
net_debt_to_ebitda__regional_rank,68,0.0040487300530546,0.1222709176761654,0.6176470588235294,False,9,legacy_locked_oos_fit
interest_coverage__regional_rank,68,-0.0190700803316958,-0.4899824924855873,0.6911764705882353,False,9,legacy_locked_oos_fit
roe__regional_rank,68,-0.0224238780812443,-0.474777768355631,0.6911764705882353,False,9,legacy_locked_oos_fit
roic__regional_rank,68,-0.0210670500270459,-0.5263727600034434,0.6911764705882353,False,9,legacy_locked_oos_fit
pe_ratio__regional_rank,68,-0.0640291385676581,-1.4631145630224804,0.7352941176470589,True,9,legacy_locked_oos_fit
pb_ratio__regional_rank,68,-0.055758850989966,-0.7908757579324188,0.75,False,9,legacy_locked_oos_fit
ev_ebitda__regional_rank,68,-0.0399944249365434,-0.9856326722153472,0.7205882352941176,False,9,legacy_locked_oos_fit
dividend_yield__regional_rank,68,0.0648204621140228,1.4154568853613496,0.7058823529411765,True,9,legacy_locked_oos_fit
cash_flow_quality_score__regional_rank,68,0.0199155718477831,0.7767288824377826,0.6029411764705882,False,9,legacy_locked_oos_fit
balance_sheet_strength_score__regional_rank,68,-0.0349928772632905,-0.9392081107802192,0.7352941176470589,False,9,legacy_locked_oos_fit
dividend_safety_score__regional_rank,67,0.0248547938709964,1.024632366521102,0.6119402985074627,False,9,legacy_locked_oos_fit
valuation_score__regional_rank,68,0.0439179672641993,0.7478835141211879,0.6911764705882353,False,9,legacy_locked_oos_fit
volatility_1y__regional_rank,68,0.0231758773858949,0.5590161187966536,0.4852941176470588,False,9,legacy_locked_oos_fit
beta_local_market__regional_rank,68,-0.0352226309510868,-0.5855007117277224,0.5588235294117647,False,9,legacy_locked_oos_fit
max_drawdown_1y__regional_rank,68,-0.0032562173071802,-0.0878292875833132,0.3382352941176471,False,9,legacy_locked_oos_fit
momentum_6m__regional_rank,68,0.0278053479511987,0.9476290715289388,0.5735294117647058,False,9,legacy_locked_oos_fit
liquidity_score__regional_rank,68,0.0400264876035205,4.850197490030867,0.8970588235294118,True,9,legacy_locked_oos_fit
average_daily_value_usd__regional_rank,68,0.0400264876035205,4.850197490030867,0.8970588235294118,True,9,legacy_locked_oos_fit
market_cap_usd__regional_rank,68,-0.1139914983319941,-5.362153601319941,0.9411764705882352,True,9,legacy_locked_oos_fit
revenue_growth,65,-0.0259489377614694,-1.1820146888764138,0.6923076923076923,False,12,legacy_locked_oos_fit
ebitda_margin,65,-0.0690042528715076,-3.174059244414028,0.8153846153846154,True,12,legacy_locked_oos_fit
net_income_margin,65,-0.0394792788682795,-1.1842581079365877,0.6153846153846154,True,12,legacy_locked_oos_fit
free_cash_flow_yield,65,0.0309820363912545,0.9091320738008992,0.6,False,12,legacy_locked_oos_fit
fcf_margin,65,-0.000769313256074,-0.02295576159962,0.4769230769230769,False,12,legacy_locked_oos_fit
fcf_stability,65,-0.0016494944418637,-0.0826048973633791,0.4307692307692308,False,12,legacy_locked_oos_fit
cfo_to_net_income,65,0.0201301366036473,0.6738249581242273,0.676923076923077,False,12,legacy_locked_oos_fit
net_debt_to_ebitda,65,0.0023960941696522,0.0623233463233319,0.6153846153846154,False,12,legacy_locked_oos_fit
interest_coverage,65,-0.0279398141767001,-0.5656789911003672,0.7538461538461538,False,12,legacy_locked_oos_fit
roe,65,-0.0375348742347278,-0.6970873336934262,0.7230769230769231,False,12,legacy_locked_oos_fit
roic,65,-0.0311724733708492,-0.6189567335512542,0.7230769230769231,False,12,legacy_locked_oos_fit
pe_ratio,65,-0.068406181845652,-1.271633974854209,0.7692307692307693,True,12,legacy_locked_oos_fit
pb_ratio,65,-0.0711942226529175,-0.8615683202270337,0.7846153846153846,False,12,legacy_locked_oos_fit
ev_ebitda,65,-0.0489969988621697,-1.1043139926829335,0.7692307692307693,False,12,legacy_locked_oos_fit
dividend_yield,65,0.0826486545512427,1.4993626344245563,0.7538461538461538,True,12,legacy_locked_oos_fit
dividend_growth_3y,65,0.031316169395349,2.51748183567456,0.7846153846153846,True,12,legacy_locked_oos_fit
dividend_growth_5y,64,0.0395622733259247,2.8068093705295896,0.796875,True,12,legacy_locked_oos_fit
payout_ratio,65,0.0495972418260009,2.855630649442276,0.7538461538461538,True,12,legacy_locked_oos_fit
positive_fcf_years_5,65,0.0004538344773296,0.0135515143256694,0.4307692307692308,False,12,legacy_locked_oos_fit
cash_flow_quality_score,65,0.0188016114929061,0.558610726134546,0.5538461538461539,False,12,legacy_locked_oos_fit
balance_sheet_strength_score,65,-0.041192531616085,-0.8744443638909764,0.7538461538461538,False,12,legacy_locked_oos_fit
earnings_stability_score,65,0.0113526121962027,0.4907158827632692,0.5230769230769231,False,12,legacy_locked_oos_fit
fcf_dividend_cover,65,0.0016391537122291,0.0562167357150888,0.5230769230769231,False,12,legacy_locked_oos_fit
dividend_stability_score,64,0.0385644790009873,2.396464804398709,0.734375,True,12,legacy_locked_oos_fit
dividend_safety_score,64,0.0269568361976807,1.0000885533133654,0.625,False,12,legacy_locked_oos_fit
valuation_score,65,0.0553677580504913,0.7856192594074719,0.7384615384615385,False,12,legacy_locked_oos_fit
valuation_percentile,65,0.0553677580504913,0.7856192594074719,0.7384615384615385,False,12,legacy_locked_oos_fit
volatility_1y,65,0.0218811153913536,0.4706046831647634,0.4461538461538462,False,12,legacy_locked_oos_fit
downside_volatility,65,0.0205163325436785,0.5073541963372987,0.5384615384615384,False,12,legacy_locked_oos_fit
beta_local_market,65,-0.0604750289731593,-0.9116070641284928,0.6153846153846154,False,12,legacy_locked_oos_fit
beta_global_market,65,0.0218811153913536,0.4706046831647634,0.4461538461538462,False,12,legacy_locked_oos_fit
max_drawdown_1y,65,-0.0042484147128567,-0.1086664772486712,0.4461538461538462,False,12,legacy_locked_oos_fit
var_5,65,-0.0205619256185675,-0.4339101517611939,0.4769230769230769,False,12,legacy_locked_oos_fit
cvar_5,65,-0.0196738251377866,-0.4641631040038562,0.5076923076923077,False,12,legacy_locked_oos_fit
momentum_6m,65,0.0246679614648843,0.699687483895261,0.5384615384615384,False,12,legacy_locked_oos_fit
sharpe_proxy,65,-0.0629221095569933,-1.0056237757880806,0.5846153846153846,False,12,legacy_locked_oos_fit
sortino_proxy,65,-0.0637065436855068,-1.0008635637525372,0.6,False,12,legacy_locked_oos_fit
risk_score,65,-0.0175168201743261,-0.4073409435424199,0.4769230769230769,False,12,legacy_locked_oos_fit
liquidity_score,65,0.0278514298779776,4.616687246922776,0.8769230769230769,True,12,legacy_locked_oos_fit
liquidity_stress_score,65,-0.0278514298779776,-4.616687246922776,0.8769230769230769,True,12,legacy_locked_oos_fit
average_daily_value_usd,65,0.0278514298779776,4.616687246922776,0.8769230769230769,True,12,legacy_locked_oos_fit
market_cap_usd,65,-0.1085674141086252,-4.308849523464458,0.953846153846154,True,12,legacy_locked_oos_fit
fundamentals_period_count,65,0.0245048268589232,1.2601753236534143,0.5230769230769231,False,12,legacy_locked_oos_fit
fundamentals_coverage_ratio,65,-0.065624716415815,-2.112523540957652,0.7846153846153846,True,12,legacy_locked_oos_fit
log_market_cap_usd,65,-0.1085674141086252,-4.308849523464458,0.953846153846154,True,12,legacy_locked_oos_fit
log_average_daily_value_usd,65,0.0278514298779776,4.616687246922776,0.8769230769230769,True,12,legacy_locked_oos_fit
revenue_growth__regional_rank,65,-0.0274023845373089,-1.0584327313292436,0.7076923076923077,False,12,legacy_locked_oos_fit
free_cash_flow_yield__regional_rank,65,0.0300934945340488,0.9075483337083292,0.6,False,12,legacy_locked_oos_fit
net_debt_to_ebitda__regional_rank,65,0.0083148378416723,0.2154260949657128,0.6923076923076923,False,12,legacy_locked_oos_fit
interest_coverage__regional_rank,65,-0.0324970930403096,-0.6630759722171174,0.7538461538461538,False,12,legacy_locked_oos_fit
roe__regional_rank,65,-0.040291985069317,-0.6908290197934377,0.7076923076923077,False,12,legacy_locked_oos_fit
roic__regional_rank,65,-0.0315980350303547,-0.6155319590241336,0.7384615384615385,False,12,legacy_locked_oos_fit
pe_ratio__regional_rank,65,-0.0720572172652876,-1.348257982593539,0.7692307692307693,True,12,legacy_locked_oos_fit
pb_ratio__regional_rank,65,-0.0729664954033627,-0.8421672511691235,0.7846153846153846,False,12,legacy_locked_oos_fit
ev_ebitda__regional_rank,65,-0.0528094969226236,-1.119371119712857,0.7846153846153846,False,12,legacy_locked_oos_fit
dividend_yield__regional_rank,65,0.084478797969986,1.5520720161369637,0.7538461538461538,True,12,legacy_locked_oos_fit
cash_flow_quality_score__regional_rank,65,0.019966757807056,0.5978633467867785,0.5846153846153846,False,12,legacy_locked_oos_fit
balance_sheet_strength_score__regional_rank,65,-0.0438907789660942,-0.979977160577371,0.7692307692307693,False,12,legacy_locked_oos_fit
dividend_safety_score__regional_rank,64,0.0246218473628303,0.8507214829429719,0.609375,False,12,legacy_locked_oos_fit
valuation_score__regional_rank,65,0.0590386117428808,0.8086609713741638,0.7538461538461538,False,12,legacy_locked_oos_fit
volatility_1y__regional_rank,65,0.0240495820291541,0.5020765893733784,0.4615384615384615,False,12,legacy_locked_oos_fit
beta_local_market__regional_rank,65,-0.0621504388932504,-0.8950199122794601,0.6,False,12,legacy_locked_oos_fit
max_drawdown_1y__regional_rank,65,-0.0069044255704054,-0.1589200729010129,0.4,False,12,legacy_locked_oos_fit
momentum_6m__regional_rank,65,0.0271853059846643,0.7622872348863852,0.5692307692307692,False,12,legacy_locked_oos_fit
liquidity_score__regional_rank,65,0.0412949350261474,5.209947762059326,0.8923076923076924,True,12,legacy_locked_oos_fit
average_daily_value_usd__regional_rank,65,0.0412949350261474,5.209947762059326,0.8923076923076924,True,12,legacy_locked_oos_fit
market_cap_usd__regional_rank,65,-0.13542630537794,-5.283221104925543,0.9384615384615383,True,12,legacy_locked_oos_fit
revenue_growth,88,0.0076629859429162,0.6613905657742174,0.5340909090909091,False,3,latest_refit
ebitda_margin,88,-0.034969316636927,-3.515438804008083,0.6704545454545454,True,3,latest_refit
net_income_margin,88,-0.0033021487061702,-0.2807164537385719,0.4886363636363636,False,3,latest_refit
free_cash_flow_yield,88,0.0221863628205923,2.3340807288443988,0.6704545454545454,True,3,latest_refit
fcf_margin,88,0.0008064624111759,0.0699816217489156,0.4545454545454545,False,3,latest_refit
fcf_stability,88,-0.0239398445054302,-2.1230469030928187,0.6477272727272727,False,3,latest_refit
cfo_to_net_income,88,0.006191617647012,0.8220781802383265,0.4886363636363636,False,3,latest_refit
net_debt_to_ebitda,88,-0.005565114828874,-0.381856611994466,0.5795454545454546,False,3,latest_refit
interest_coverage,88,0.0004209470959374,0.0277370593440003,0.4318181818181818,False,3,latest_refit
roe,88,-0.0002051666062304,-0.0130275031243579,0.625,False,3,latest_refit
roic,88,0.002618971988379,0.1691804111972182,0.4545454545454545,False,3,latest_refit
pe_ratio,88,-0.0510295562153683,-2.313257785504663,0.6590909090909091,True,3,latest_refit
pb_ratio,88,-0.0390023949750282,-1.478769026799664,0.6818181818181818,False,3,latest_refit
ev_ebitda,88,-0.0394355735837166,-2.155248436554562,0.625,False,3,latest_refit
dividend_yield,88,0.0432836021152915,2.030624361127422,0.625,False,3,latest_refit
dividend_growth_3y,88,0.0158102857129875,2.1099323128653835,0.625,False,3,latest_refit
dividend_growth_5y,87,0.0153552136302671,2.0173713184081272,0.5977011494252874,False,3,latest_refit
payout_ratio,88,-0.0006791601336321,-0.0633957634676618,0.5113636363636364,False,3,latest_refit
positive_fcf_years_5,88,-0.0004585208355758,-0.0342821545626828,0.5,False,3,latest_refit
cash_flow_quality_score,88,0.0109593884308737,1.1115344595716752,0.5454545454545454,False,3,latest_refit
balance_sheet_strength_score,88,-0.0142740789991087,-0.9056034864928516,0.5681818181818182,False,3,latest_refit
earnings_stability_score,88,-0.0159609829137083,-1.3345653704875156,0.6022727272727273,False,3,latest_refit
fcf_dividend_cover,88,0.0040709064250385,0.4046077679302207,0.5113636363636364,False,3,latest_refit
dividend_stability_score,87,0.0095695288858735,1.139756241803488,0.5402298850574713,False,3,latest_refit
dividend_safety_score,87,0.0259712089493781,2.3436340318204856,0.6666666666666666,True,3,latest_refit
valuation_score,88,0.0364080803591658,1.5237505716553517,0.6363636363636364,False,3,latest_refit
valuation_percentile,88,0.0364080803591658,1.5237505716553517,0.6363636363636364,False,3,latest_refit
volatility_1y,88,0.0071035490606988,0.3318078340419316,0.4772727272727273,False,3,latest_refit
downside_volatility,88,0.0061607119421715,0.319337801979899,0.5,False,3,latest_refit
beta_local_market,88,0.0056968270319035,0.226586468326877,0.5909090909090909,False,3,latest_refit
beta_global_market,88,0.0071035490606988,0.3318078340419316,0.4772727272727273,False,3,latest_refit
max_drawdown_1y,88,0.0136232219568863,0.6091958909224496,0.5795454545454546,False,3,latest_refit
var_5,88,-0.0062066180156181,-0.2840601133796152,0.4545454545454545,False,3,latest_refit
cvar_5,88,-0.0045904463954633,-0.2225454357226774,0.4659090909090909,False,3,latest_refit
momentum_6m,88,0.0216992106325625,1.293349087041245,0.6136363636363636,False,3,latest_refit
sharpe_proxy,88,0.0069539702062058,0.2746073163537643,0.5909090909090909,False,3,latest_refit
sortino_proxy,88,0.006211436234211,0.2447079314622045,0.6022727272727273,False,3,latest_refit
risk_score,88,-0.0016187409574221,-0.075543617267116,0.4545454545454545,False,3,latest_refit
liquidity_score,88,0.0206249932604923,4.090870024497433,0.7386363636363636,True,3,latest_refit
liquidity_stress_score,88,-0.0206249932604923,-4.090870024497433,0.7386363636363636,True,3,latest_refit
average_daily_value_usd,88,0.0206249932604923,4.090870024497433,0.7386363636363636,True,3,latest_refit
market_cap_usd,88,-0.0480743836561323,-4.361652380613903,0.7159090909090909,True,3,latest_refit
fundamentals_period_count,88,0.018877875144275,2.3831066090086845,0.625,True,3,latest_refit
fundamentals_coverage_ratio,88,-0.0422652599060574,-3.1172425920787226,0.6704545454545454,True,3,latest_refit
log_market_cap_usd,88,-0.0480743836561323,-4.361652380613903,0.7159090909090909,True,3,latest_refit
log_average_daily_value_usd,88,0.0206249932604923,4.090870024497433,0.7386363636363636,True,3,latest_refit
revenue_growth__regional_rank,88,0.0051779988604548,0.4244672015486292,0.5227272727272727,False,3,latest_refit
free_cash_flow_yield__regional_rank,88,0.0240140718280455,2.572562891117403,0.6477272727272727,True,3,latest_refit
net_debt_to_ebitda__regional_rank,88,-0.0008153395657932,-0.0558220116986317,0.5227272727272727,False,3,latest_refit
interest_coverage__regional_rank,88,-0.0073411531523194,-0.4851976190400965,0.5681818181818182,False,3,latest_refit
roe__regional_rank,88,0.0020872598356291,0.1224153740775761,0.3977272727272727,False,3,latest_refit
roic__regional_rank,88,0.0032854030169508,0.205474264220256,0.4659090909090909,False,3,latest_refit
pe_ratio__regional_rank,88,-0.0524686220819223,-2.343823970127608,0.6477272727272727,True,3,latest_refit
pb_ratio__regional_rank,88,-0.0382872618732153,-1.3841080018403196,0.6818181818181818,False,3,latest_refit
ev_ebitda__regional_rank,88,-0.0421318534171005,-2.228158883697052,0.6477272727272727,True,3,latest_refit
dividend_yield__regional_rank,88,0.0459947573994663,2.210200489050017,0.6363636363636364,True,3,latest_refit
cash_flow_quality_score__regional_rank,88,0.0133884923874006,1.4118525140921343,0.5568181818181818,False,3,latest_refit
balance_sheet_strength_score__regional_rank,88,-0.018300610774874,-1.213264138130514,0.5909090909090909,False,3,latest_refit
dividend_safety_score__regional_rank,87,0.024853208942335,2.1809719726100583,0.6666666666666666,True,3,latest_refit
valuation_score__regional_rank,88,0.0393248992969875,1.6065859499627737,0.6136363636363636,False,3,latest_refit
volatility_1y__regional_rank,88,0.002949241605017,0.1230676268251274,0.4318181818181818,False,3,latest_refit
beta_local_market__regional_rank,88,0.005761080948249,0.2175833265915207,0.6136363636363636,False,3,latest_refit
max_drawdown_1y__regional_rank,88,0.0164418913539309,0.6804092047767247,0.5681818181818182,False,3,latest_refit
momentum_6m__regional_rank,88,0.023059771777421,1.35262976383604,0.6022727272727273,False,3,latest_refit
liquidity_score__regional_rank,88,0.030734482296337,4.4605219166104,0.7272727272727273,True,3,latest_refit
average_daily_value_usd__regional_rank,88,0.030734482296337,4.4605219166104,0.7272727272727273,True,3,latest_refit
market_cap_usd__regional_rank,88,-0.0596814351391999,-4.780343745393992,0.7727272727272727,True,3,latest_refit
revenue_growth,84,-0.002235459500472,-0.1490586468267882,0.4642857142857143,False,6,latest_refit
ebitda_margin,84,-0.05241540473869,-3.89364253534898,0.7976190476190477,True,6,latest_refit
net_income_margin,84,-0.0178328778266604,-0.9758183902194298,0.6309523809523809,False,6,latest_refit
free_cash_flow_yield,84,0.0225869806377851,1.3747188255548577,0.6190476190476191,False,6,latest_refit
fcf_margin,84,-0.007036586969937,-0.3753032546263855,0.5595238095238095,False,6,latest_refit
fcf_stability,84,-0.0361287434501139,-1.997433736821456,0.6071428571428571,True,6,latest_refit
cfo_to_net_income,84,0.0094912949392588,0.7589012372502382,0.5714285714285714,False,6,latest_refit
net_debt_to_ebitda,84,-0.0032229571960921,-0.1499417569792326,0.5,False,6,latest_refit
interest_coverage,84,-0.0150860008667998,-0.6024251791623023,0.7142857142857143,False,6,latest_refit
roe,84,-0.0142329999948057,-0.5052302465294761,0.6904761904761905,False,6,latest_refit
roic,84,-0.0099043955286245,-0.3917221041315569,0.6071428571428571,False,6,latest_refit
pe_ratio,84,-0.0602760889172005,-1.9140305416118149,0.7023809523809523,True,6,latest_refit
pb_ratio,84,-0.0538352786935783,-1.2504992021300996,0.7976190476190477,False,6,latest_refit
ev_ebitda,84,-0.0439934252877975,-1.5417088750083054,0.6666666666666666,False,6,latest_refit
dividend_yield,84,0.0520729745270129,1.6792162942339235,0.6904761904761905,False,6,latest_refit
dividend_growth_3y,84,0.0193563411651162,2.56228370360142,0.7023809523809523,True,6,latest_refit
dividend_growth_5y,83,0.0192837625841941,2.289907188644959,0.6385542168674698,True,6,latest_refit
payout_ratio,84,0.0105588130332626,0.7464559490005187,0.5238095238095238,False,6,latest_refit
positive_fcf_years_5,84,-0.0060643412115209,-0.284925158696861,0.5952380952380952,False,6,latest_refit
cash_flow_quality_score,84,0.0076677890185517,0.4479361460029662,0.4404761904761904,False,6,latest_refit
balance_sheet_strength_score,84,-0.0257505857572115,-1.0191124778193057,0.7380952380952381,False,6,latest_refit
earnings_stability_score,84,-0.0233993535920074,-1.1785659334004883,0.5476190476190477,False,6,latest_refit
fcf_dividend_cover,84,-0.0010880936961645,-0.0659678384672365,0.5357142857142857,False,6,latest_refit
dividend_stability_score,83,0.0125941192239334,1.213014994088644,0.6144578313253012,False,6,latest_refit
dividend_safety_score,83,0.0185966747926066,1.154315848657247,0.6385542168674698,False,6,latest_refit
valuation_score,84,0.043185991102484,1.1325941033868208,0.6428571428571429,False,6,latest_refit
valuation_percentile,84,0.043185991102484,1.1325941033868208,0.6428571428571429,False,6,latest_refit
volatility_1y,84,0.0171450359555328,0.6159824501547709,0.5357142857142857,False,6,latest_refit
downside_volatility,84,0.015053798386936,0.6267959166109859,0.5476190476190477,False,6,latest_refit
beta_local_market,84,0.0045320304913235,0.1127479831562132,0.5476190476190477,False,6,latest_refit
beta_global_market,84,0.0171450359555328,0.6159824501547709,0.5357142857142857,False,6,latest_refit
max_drawdown_1y,84,0.0126423169921209,0.5002404014622698,0.5952380952380952,False,6,latest_refit
var_5,84,-0.0152827330896936,-0.538738158939226,0.5119047619047619,False,6,latest_refit
cvar_5,84,-0.0124265463026817,-0.4848888176697672,0.5238095238095238,False,6,latest_refit
momentum_6m,84,0.0450910478000799,1.867308630866224,0.7023809523809523,True,6,latest_refit
sharpe_proxy,84,0.0020837332349721,0.0535666670783585,0.5595238095238095,False,6,latest_refit
sortino_proxy,84,0.0019493994556935,0.0493739171579192,0.5714285714285714,False,6,latest_refit
risk_score,84,-0.0090858549854004,-0.3510483533772041,0.5119047619047619,False,6,latest_refit
liquidity_score,84,0.0291828723527044,5.587583568454801,0.8809523809523809,True,6,latest_refit
liquidity_stress_score,84,-0.0291828723527044,-5.587583568454801,0.8809523809523809,True,6,latest_refit
average_daily_value_usd,84,0.0291828723527044,5.587583568454801,0.8809523809523809,True,6,latest_refit
market_cap_usd,84,-0.0707134626606414,-4.794136262380035,0.9047619047619048,True,6,latest_refit
fundamentals_period_count,84,0.0227028688107592,1.9763236592554871,0.6666666666666666,True,6,latest_refit
fundamentals_coverage_ratio,84,-0.0593876221384118,-2.475980563746255,0.7261904761904762,True,6,latest_refit
log_market_cap_usd,84,-0.0707134626606414,-4.794136262380035,0.9047619047619048,True,6,latest_refit
log_average_daily_value_usd,84,0.0291828723527044,5.587583568454801,0.8809523809523809,True,6,latest_refit
revenue_growth__regional_rank,84,-0.005251009550068,-0.309279545495225,0.5,False,6,latest_refit
free_cash_flow_yield__regional_rank,84,0.0244124039478281,1.5508191792458177,0.6547619047619048,False,6,latest_refit
net_debt_to_ebitda__regional_rank,84,0.0029610104473097,0.1351084306014239,0.5476190476190477,False,6,latest_refit
interest_coverage__regional_rank,84,-0.0234290969523327,-0.9299362929046392,0.7023809523809523,False,6,latest_refit
roe__regional_rank,84,-0.0133606910298688,-0.4387955659107072,0.6904761904761905,False,6,latest_refit
roic__regional_rank,84,-0.0095919226267583,-0.3683964840534971,0.6071428571428571,False,6,latest_refit
pe_ratio__regional_rank,84,-0.0621276110213235,-1.983232446583113,0.7380952380952381,True,6,latest_refit
pb_ratio__regional_rank,84,-0.0540502094654506,-1.1969671790342775,0.7857142857142857,False,6,latest_refit
ev_ebitda__regional_rank,84,-0.0481768869721433,-1.633859863830032,0.6666666666666666,False,6,latest_refit
dividend_yield__regional_rank,84,0.054074039561266,1.761416673396948,0.7023809523809523,True,6,latest_refit
cash_flow_quality_score__regional_rank,84,0.0097952356708217,0.5911715088167664,0.5,False,6,latest_refit
balance_sheet_strength_score__regional_rank,84,-0.0298254273757386,-1.244938203200905,0.7261904761904762,False,6,latest_refit
dividend_safety_score__regional_rank,83,0.0176480574005926,1.0650447652542725,0.6024096385542169,False,6,latest_refit
valuation_score__regional_rank,84,0.0471562947129218,1.201110892972149,0.6785714285714286,False,6,latest_refit
volatility_1y__regional_rank,84,0.0183108003428691,0.6078205895817907,0.5119047619047619,False,6,latest_refit
beta_local_market__regional_rank,84,0.0041982307966498,0.100175628939651,0.5833333333333334,False,6,latest_refit
max_drawdown_1y__regional_rank,84,0.0126877182841787,0.4509833880939148,0.6071428571428571,False,6,latest_refit
momentum_6m__regional_rank,84,0.0476342884687192,1.94572398449075,0.7023809523809523,True,6,latest_refit
liquidity_score__regional_rank,84,0.0414974879537224,5.474344448603721,0.7857142857142857,True,6,latest_refit
average_daily_value_usd__regional_rank,84,0.0414974879537224,5.474344448603721,0.7857142857142857,True,6,latest_refit
market_cap_usd__regional_rank,84,-0.0901789089025533,-5.734832622918384,0.9166666666666666,True,6,latest_refit
revenue_growth,81,-0.0107902429177227,-0.6559299642362143,0.5925925925925926,False,9,latest_refit
ebitda_margin,81,-0.070885530129127,-3.9285426803320487,0.8518518518518519,True,9,latest_refit
net_income_margin,81,-0.0301742661427489,-1.2416805065845378,0.6790123456790124,False,9,latest_refit
free_cash_flow_yield,81,0.0257920484000753,1.151439502088078,0.6172839506172839,False,9,latest_refit
fcf_margin,81,-0.0140307271836112,-0.5476505772517527,0.5432098765432098,False,9,latest_refit
fcf_stability,81,-0.0346848787252239,-1.4621121772702574,0.5555555555555556,False,9,latest_refit
cfo_to_net_income,81,0.0117966479548028,0.6191900395040572,0.5432098765432098,False,9,latest_refit
net_debt_to_ebitda,81,-0.004790816305217,-0.1748058371322928,0.5308641975308642,False,9,latest_refit
interest_coverage,81,-0.0249161073425296,-0.7354657206292983,0.7407407407407407,False,9,latest_refit
roe,81,-0.0299729622779512,-0.8031716812064499,0.7160493827160493,False,9,latest_refit
roic,81,-0.0233831725113303,-0.7057418704073369,0.7160493827160493,False,9,latest_refit
pe_ratio,81,-0.0772214033221016,-2.0004054927210992,0.7654320987654321,True,9,latest_refit
pb_ratio,81,-0.0726701527465936,-1.2546131426131395,0.7901234567901234,False,9,latest_refit
ev_ebitda,81,-0.0555414469132817,-1.5573829122716756,0.7283950617283951,True,9,latest_refit
dividend_yield,81,0.0698958762278444,1.779241704089202,0.7530864197530864,True,9,latest_refit
dividend_growth_3y,81,0.02288769339103,2.6610061246183445,0.691358024691358,True,9,latest_refit
dividend_growth_5y,80,0.029147505121027,2.9984334165689406,0.7875,True,9,latest_refit
payout_ratio,81,0.0199108854531057,1.1203162440447252,0.6172839506172839,False,9,latest_refit
positive_fcf_years_5,81,-0.0159091954323746,-0.6028207730371584,0.5925925925925926,False,9,latest_refit
cash_flow_quality_score,81,0.0058870327895382,0.2495712353419031,0.5185185185185185,False,9,latest_refit
balance_sheet_strength_score,81,-0.0363483785131378,-1.066690603120717,0.7530864197530864,False,9,latest_refit
earnings_stability_score,81,-0.0252614029971976,-0.9764706301300474,0.5432098765432098,False,9,latest_refit
fcf_dividend_cover,81,-0.0056389942951736,-0.2543069406147678,0.5061728395061729,False,9,latest_refit
dividend_stability_score,80,0.0225559129527104,1.7487888548210642,0.6375,True,9,latest_refit
dividend_safety_score,80,0.0236192113986329,1.2207144846258582,0.6125,False,9,latest_refit
valuation_score,81,0.0585362372920094,1.1869764473061717,0.7283950617283951,False,9,latest_refit
valuation_percentile,81,0.0585362372920094,1.1869764473061717,0.7283950617283951,False,9,latest_refit
volatility_1y,81,0.0304578795095788,0.8805681778160552,0.5308641975308642,False,9,latest_refit
downside_volatility,81,0.0306882754743886,1.0246908624398376,0.5555555555555556,False,9,latest_refit
beta_local_market,81,-0.0118958486930231,-0.231963042675109,0.4814814814814814,False,9,latest_refit
beta_global_market,81,0.0304578795095788,0.8805681778160552,0.5308641975308642,False,9,latest_refit
max_drawdown_1y,81,-0.0039301535693487,-0.1372594859074572,0.3950617283950617,False,9,latest_refit
var_5,81,-0.0297199310596256,-0.8349613554124602,0.5185185185185185,False,9,latest_refit
cvar_5,81,-0.0285397675572263,-0.900227115475999,0.5308641975308642,False,9,latest_refit
momentum_6m,81,0.0363708740241391,1.406235642799067,0.6172839506172839,False,9,latest_refit
sharpe_proxy,81,-0.0167954611773816,-0.3458513062285472,0.5061728395061729,False,9,latest_refit
sortino_proxy,81,-0.0177920233419393,-0.3616244506782677,0.4938271604938271,False,9,latest_refit
risk_score,81,-0.0250178133879095,-0.787735230509903,0.4938271604938271,False,9,latest_refit
liquidity_score,81,0.0337569436767602,5.223016462530534,0.8888888888888888,True,9,latest_refit
liquidity_stress_score,81,-0.0337569436767602,-5.223016462530535,0.8888888888888888,True,9,latest_refit
average_daily_value_usd,81,0.0337569436767602,5.223016462530534,0.8888888888888888,True,9,latest_refit
market_cap_usd,81,-0.0938186657058347,-5.466065992444287,0.9753086419753086,True,9,latest_refit
fundamentals_period_count,81,0.0168684391395164,1.3748908567960858,0.6049382716049383,False,9,latest_refit
fundamentals_coverage_ratio,81,-0.0800456232446589,-2.4635163861790987,0.7530864197530864,True,9,latest_refit
log_market_cap_usd,81,-0.0938186657058347,-5.466065992444287,0.9753086419753086,True,9,latest_refit
log_average_daily_value_usd,81,0.0337569436767602,5.223016462530534,0.8888888888888888,True,9,latest_refit
revenue_growth__regional_rank,81,-0.0117530268520683,-0.6070313587134967,0.5925925925925926,False,9,latest_refit
free_cash_flow_yield__regional_rank,81,0.0268411319990221,1.236721524177706,0.6296296296296297,False,9,latest_refit
net_debt_to_ebitda__regional_rank,81,0.0024673953223472,0.0885807601354437,0.5925925925925926,False,9,latest_refit
interest_coverage__regional_rank,81,-0.03225953862501,-0.9467137871614322,0.7407407407407407,False,9,latest_refit
roe__regional_rank,81,-0.0311071297498055,-0.7734420393785043,0.7407407407407407,False,9,latest_refit
roic__regional_rank,81,-0.0244938945774441,-0.7231462514875499,0.7283950617283951,False,9,latest_refit
pe_ratio__regional_rank,81,-0.0798045102334582,-2.07882133941762,0.7777777777777778,True,9,latest_refit
pb_ratio__regional_rank,81,-0.0743080344359156,-1.2263250262069507,0.7901234567901234,False,9,latest_refit
ev_ebitda__regional_rank,81,-0.0601958871065679,-1.6286697187978436,0.7654320987654321,True,9,latest_refit
dividend_yield__regional_rank,81,0.0721207698922214,1.8605142358320308,0.7530864197530864,True,9,latest_refit
cash_flow_quality_score__regional_rank,81,0.0083449244692985,0.3636219761231228,0.5185185185185185,False,9,latest_refit
balance_sheet_strength_score__regional_rank,81,-0.0410477648725214,-1.2683369128298274,0.7654320987654321,False,9,latest_refit
dividend_safety_score__regional_rank,80,0.0221799851104635,1.0781281038355948,0.6,False,9,latest_refit
valuation_score__regional_rank,81,0.0628659029933801,1.2279864318929758,0.7407407407407407,False,9,latest_refit
volatility_1y__regional_rank,81,0.033830859764203,0.9393323932434994,0.5308641975308642,False,9,latest_refit
beta_local_market__regional_rank,81,-0.012350076637894,-0.2313341935513985,0.4691358024691358,False,9,latest_refit
max_drawdown_1y__regional_rank,81,-0.0049510151311127,-0.1568240254871306,0.3703703703703703,False,9,latest_refit
momentum_6m__regional_rank,81,0.0395565059654867,1.5266766104477585,0.6419753086419753,False,9,latest_refit
liquidity_score__regional_rank,81,0.0475576016027609,5.262265997776476,0.9135802469135802,True,9,latest_refit
average_daily_value_usd__regional_rank,81,0.0475576016027609,5.262265997776476,0.9135802469135802,True,9,latest_refit
market_cap_usd__regional_rank,81,-0.1201510959040282,-6.54470995524293,0.9506172839506172,True,9,latest_refit
revenue_growth,78,-0.0203942885592125,-1.0774131438532366,0.6410256410256411,False,12,latest_refit
ebitda_margin,78,-0.0813527968637813,-3.725973156294726,0.8461538461538461,True,12,latest_refit
net_income_margin,78,-0.0404834827160647,-1.429034619062114,0.6538461538461539,False,12,latest_refit
free_cash_flow_yield,78,0.0276008957748723,0.9679871636039918,0.5897435897435898,False,12,latest_refit
fcf_margin,78,-0.0189002271785497,-0.6159884703655664,0.5512820512820513,False,12,latest_refit
fcf_stability,78,-0.0295292998025281,-1.134050820325604,0.5256410256410257,False,12,latest_refit
cfo_to_net_income,78,0.01604954887773,0.6475559118741435,0.6410256410256411,False,12,latest_refit
net_debt_to_ebitda,78,-0.0026411403936969,-0.081640326687082,0.4743589743589743,False,12,latest_refit
interest_coverage,78,-0.0388850414744625,-0.9228751593513116,0.7948717948717948,False,12,latest_refit
roe,78,-0.0471138700149274,-1.0344360415204945,0.7692307692307693,False,12,latest_refit
roic,78,-0.034680030027799,-0.8184374574616957,0.7692307692307693,False,12,latest_refit
pe_ratio,78,-0.0861195218409792,-1.8385553824415648,0.8076923076923077,True,12,latest_refit
pb_ratio,78,-0.0910313104057746,-1.291601587592824,0.8205128205128205,False,12,latest_refit
ev_ebitda,78,-0.066464920199503,-1.695356707505978,0.8076923076923077,False,12,latest_refit
dividend_yield,78,0.087300969330137,1.8961058747372543,0.7948717948717948,True,12,latest_refit
dividend_growth_3y,78,0.0266178374556821,2.339716158241304,0.7435897435897436,True,12,latest_refit
dividend_growth_5y,77,0.0350490001400734,2.6880489234315905,0.8051948051948052,True,12,latest_refit
payout_ratio,78,0.0351699562828888,1.8241321397278984,0.6538461538461539,True,12,latest_refit
positive_fcf_years_5,78,-0.018285487395601,-0.5746706835703521,0.6410256410256411,False,12,latest_refit
cash_flow_quality_score,78,0.0053675754796485,0.1821123237654228,0.4743589743589743,False,12,latest_refit
balance_sheet_strength_score,78,-0.048285432443912,-1.187749304004489,0.7948717948717948,False,12,latest_refit
earnings_stability_score,78,-0.0193634713661224,-0.659394622376651,0.5641025641025641,False,12,latest_refit
fcf_dividend_cover,78,-0.0090713662015485,-0.3512719926254859,0.5384615384615384,False,12,latest_refit
dividend_stability_score,77,0.0278728440096188,1.6992533803880638,0.6363636363636364,True,12,latest_refit
dividend_safety_score,77,0.0240423811933874,1.065871391016417,0.6363636363636364,False,12,latest_refit
valuation_score,78,0.0713995569762614,1.1925780002801087,0.782051282051282,False,12,latest_refit
valuation_percentile,78,0.0713995569762614,1.1925780002801087,0.782051282051282,False,12,latest_refit
volatility_1y,78,0.0333459417124209,0.8442329865015875,0.5256410256410257,False,12,latest_refit
downside_volatility,78,0.0347085062365191,0.9882656399835934,0.6153846153846154,False,12,latest_refit
beta_local_market,78,-0.0342850079960315,-0.5755129841597394,0.5256410256410257,False,12,latest_refit
beta_global_market,78,0.0333459417124209,0.8442329865015875,0.5256410256410257,False,12,latest_refit
max_drawdown_1y,78,-0.0114585370413677,-0.3497292065032379,0.5256410256410257,False,12,latest_refit
var_5,78,-0.0335008648972216,-0.8288434052683926,0.5512820512820513,False,12,latest_refit
cvar_5,78,-0.0335618642936489,-0.918498283928801,0.5897435897435898,False,12,latest_refit
momentum_6m,78,0.0286869378674167,0.97149987874497,0.5897435897435898,False,12,latest_refit
sharpe_proxy,78,-0.0402781256825658,-0.71977384381406,0.5128205128205128,False,12,latest_refit
sortino_proxy,78,-0.0413767521030392,-0.7311943821799531,0.5256410256410257,False,12,latest_refit
risk_score,78,-0.0298149488337464,-0.8119659893891821,0.5641025641025641,False,12,latest_refit
liquidity_score,78,0.0352234470968306,4.416126886134369,0.8974358974358975,True,12,latest_refit
liquidity_stress_score,78,-0.0352234470968306,-4.416126886134368,0.8974358974358975,True,12,latest_refit
average_daily_value_usd,78,0.0352234470968306,4.416126886134369,0.8974358974358975,True,12,latest_refit
market_cap_usd,78,-0.1107260715528735,-5.272224687730871,0.9615384615384616,True,12,latest_refit
fundamentals_period_count,78,0.0182926095210848,1.0841717744504291,0.4871794871794871,False,12,latest_refit
fundamentals_coverage_ratio,78,-0.0915864891312397,-2.434079563398685,0.8205128205128205,True,12,latest_refit
log_market_cap_usd,78,-0.1107260715528735,-5.272224687730871,0.9615384615384616,True,12,latest_refit
log_average_daily_value_usd,78,0.0352234470968306,4.416126886134369,0.8974358974358975,True,12,latest_refit
revenue_growth__regional_rank,78,-0.0217352405984925,-0.9795684434150834,0.6538461538461539,False,12,latest_refit
free_cash_flow_yield__regional_rank,78,0.0287570688049257,1.03768780686063,0.6282051282051282,False,12,latest_refit
net_debt_to_ebitda__regional_rank,78,0.0048447071694522,0.1500631882174482,0.6282051282051282,False,12,latest_refit
interest_coverage__regional_rank,78,-0.0456567775159819,-1.0824158222277214,0.7948717948717948,False,12,latest_refit
roe__regional_rank,78,-0.04907197695556,-0.9984765433509944,0.7564102564102564,False,12,latest_refit
roic__regional_rank,78,-0.0356147793966205,-0.8243591829795612,0.782051282051282,False,12,latest_refit
pe_ratio__regional_rank,78,-0.0888896244834818,-1.918293374185425,0.8076923076923077,True,12,latest_refit
pb_ratio__regional_rank,78,-0.0926477176536324,-1.2567941201806725,0.8205128205128205,False,12,latest_refit
ev_ebitda__regional_rank,78,-0.0711648923286542,-1.713837399174736,0.8205128205128205,True,12,latest_refit
dividend_yield__regional_rank,78,0.0896613483220981,1.970734939899168,0.7948717948717948,True,12,latest_refit
cash_flow_quality_score__regional_rank,78,0.0086406270113843,0.3000955421069083,0.5,False,12,latest_refit
balance_sheet_strength_score__regional_rank,78,-0.0523559144412924,-1.3425949061947644,0.8076923076923077,False,12,latest_refit
dividend_safety_score__regional_rank,77,0.022798663625867,0.9432402840373334,0.6233766233766234,False,12,latest_refit
valuation_score__regional_rank,78,0.0760342187605913,1.2257000635110749,0.7948717948717948,False,12,latest_refit
volatility_1y__regional_rank,78,0.0366493680861521,0.8993641927463738,0.5384615384615384,False,12,latest_refit
beta_local_market__regional_rank,78,-0.0351779472909022,-0.5643049752446337,0.5128205128205128,False,12,latest_refit
max_drawdown_1y__regional_rank,78,-0.0135918007752437,-0.373597516922199,0.4871794871794871,False,12,latest_refit
momentum_6m__regional_rank,78,0.0312146353419186,1.044932308169905,0.6153846153846154,False,12,latest_refit
liquidity_score__regional_rank,78,0.0510655342144574,4.775553683480769,0.9102564102564102,True,12,latest_refit
average_daily_value_usd__regional_rank,78,0.0510655342144574,4.775553683480769,0.9102564102564102,True,12,latest_refit
market_cap_usd__regional_rank,78,-0.1421638432354336,-6.553676042126756,0.9487179487179488,True,12,latest_refit
