security_id,ticker,news_sentiment_7d,news_sentiment_30d,news_sentiment_90d,sentiment_momentum_30d,sentiment_momentum_90d,negative_news_intensity_30d,positive_news_intensity_30d,management_confidence_score,regulatory_risk_score,litigation_risk_score,governance_risk_score,credit_stress_score,dividend_language_score,cashflow_language_score,event_severity_score,governance_red_flag_count,controversy_score_90d,dividend_risk_score,cashflow_deterioration_score,abnormal_attention_score,alt_data_quality_score,sentiment_alt_data_score,news_sentiment_30d_raw,news_sentiment_90d_raw,dividend_risk_flag,regulatory_risk_flag,governance_risk_flag,credit_stress_flag,litigation_risk_flag,negative_sentiment_spike_flag,management_confidence_deterioration_flag,alt_data_exclusion_flag,alt_data_review_required_flag,negative_news_intensity,controversy_score,sentiment_momentum
AC.PA,AC.PA,85.0,-0.4222222222222222,-0.4222222222222222,0.0,-21.11111111111111,2.0,1.0,36.666666666666664,33.333333333333336,0.0,33.333333333333336,0.0,58.888888888888886,48.888888888888886,75,1,83.75,59.861111111111114,71.11111111111111,36,80,42.77083333333333,-0.4222222222222222,-0.4222222222222222,False,False,False,False,False,False,False,False,False,2.0,83.75,0.0
ACA.PA,ACA.PA,0.0,-0.9555555555555556,-0.9555555555555556,0.0,-47.77777777777778,3.0,0.0,30.0,33.333333333333336,33.333333333333336,33.333333333333336,33.333333333333336,50.0,35.0,75,1,98.75,68.75,95.0,36,80,20.520833333333332,-0.9555555555555556,-0.9555555555555556,False,False,False,False,False,True,True,False,True,3.0,98.75,0.0
ADP.PA,ADP.PA,1.666666666666667,-0.38888888888888884,-0.38888888888888884,0.0,-19.444444444444443,2.0,1.0,50.0,33.333333333333336,33.333333333333336,33.333333333333336,33.333333333333336,50.0,44.444444444444436,75,1,83.75,68.75,75.55555555555557,36,80,39.52083333333333,-0.38888888888888884,-0.38888888888888884,False,False,False,False,False,False,False,False,False,2.0,83.75,0.0
AI.PA,AI.PA,50.0,-0.1,-0.06666666666666671,-1.6666666666666643,-3.3333333333333357,1.0,1.0,56.666666666666664,0.0,33.333333333333336,0.0,33.333333333333336,54.444444444444436,49.444444444444436,75,0,48.75,64.30555555555557,60.555555555555564,36,80,52.60416666666667,-0.1,-0.06666666666666671,False,False,False,False,False,False,False,False,False,1.0,48.75,-1.6666666666666643
AIR.PA,AIR.PA,50.0,0.35,0.46666666666666656,-5.833333333333329,23.33333333333333,0.0,1.0,63.333333333333336,0.0,0.0,0.0,0.0,63.333333333333336,63.333333333333336,55,0,24.75,50.416666666666664,36.666666666666664,36,80,74.32916666666668,0.35,0.46666666666666656,False,False,False,False,False,False,False,False,False,0.0,24.75,-5.833333333333329
AKE.PA,AKE.PA,50.0,0.35,-0.1,22.5,-5.0,0.0,1.0,43.333333333333336,0.0,0.0,0.0,0.0,63.333333333333336,53.888888888888886,75,0,33.75,55.416666666666664,46.111111111111114,36,80,68.97916666666667,0.35,-0.1,False,False,False,False,False,False,False,False,False,0.0,33.75,22.5
AM.PA,AM.PA,50.0,-0.15,-0.4222222222222222,13.61111111111111,-21.11111111111111,1.0,1.0,36.666666666666664,33.333333333333336,0.0,33.333333333333336,0.0,58.888888888888886,48.888888888888886,75,1,68.75,59.861111111111114,61.111111111111114,36,80,51.14583333333333,-0.15,-0.4222222222222222,False,False,False,False,False,False,False,False,False,1.0,68.75,13.61111111111111
AMUN.PA,AMUN.PA,50.0,-1.0,-0.9555555555555556,-2.2222222222222223,-47.77777777777778,1.0,0.0,30.0,33.333333333333336,33.333333333333336,33.333333333333336,33.333333333333336,50.0,35.0,75,1,68.75,68.75,75.0,36,80,24.020833333333332,-1.0,-0.9555555555555556,False,False,False,False,False,False,True,False,True,1.0,68.75,-2.2222222222222223
ATE.PA,ATE.PA,50.0,-0.9666666666666667,-0.38888888888888884,-28.88888888888889,-19.444444444444443,1.0,0.0,50.0,33.333333333333336,33.333333333333336,33.333333333333336,33.333333333333336,50.0,44.444444444444436,75,1,68.75,68.75,65.55555555555557,36,80,28.770833333333332,-0.9666666666666667,-0.38888888888888884,False,False,False,False,False,False,False,False,False,1.0,68.75,-28.88888888888889
BIM.PA,BIM.PA,50.0,-0.9,-0.06666666666666671,-41.666666666666664,-3.3333333333333357,1.0,0.0,56.666666666666664,0.0,33.333333333333336,0.0,33.333333333333336,54.444444444444436,49.444444444444436,75,0,48.75,64.30555555555557,60.555555555555564,36,80,34.60416666666667,-0.9,-0.06666666666666671,False,False,False,False,False,False,False,False,False,1.0,48.75,-41.666666666666664
BN.PA,BN.PA,50.0,0.7,0.46666666666666656,11.666666666666671,23.33333333333333,0.0,1.0,63.333333333333336,0.0,0.0,0.0,0.0,63.333333333333336,63.333333333333336,55,0,24.75,50.416666666666664,36.666666666666664,36,80,82.20416666666668,0.7,0.46666666666666656,False,False,False,False,False,False,False,False,False,0.0,24.75,11.666666666666671
BNP.PA,BNP.PA,50.0,0.0,-0.1,5.0,-5.0,0.0,0.0,43.333333333333336,0.0,0.0,0.0,0.0,63.333333333333336,53.888888888888886,75,0,33.75,55.416666666666664,46.111111111111114,36,80,61.10416666666667,0.0,-0.1,False,False,False,False,False,False,False,False,False,0.0,33.75,5.0
BOL.PA,BOL.PA,50.0,0.0,-0.4222222222222222,21.11111111111111,-21.11111111111111,0.0,0.0,36.666666666666664,33.333333333333336,0.0,33.333333333333336,0.0,58.888888888888886,48.888888888888886,75,1,53.75,59.861111111111114,51.111111111111114,36,80,56.77083333333333,0.0,-0.4222222222222222,False,False,False,False,False,False,False,False,False,0.0,53.75,21.11111111111111
BVI.PA,BVI.PA,50.0,0.0,-0.9555555555555556,47.77777777777778,-47.77777777777778,0.0,0.0,30.0,33.333333333333336,33.333333333333336,33.333333333333336,33.333333333333336,50.0,35.0,75,1,53.75,68.75,65.0,36,80,48.77083333333333,0.0,-0.9555555555555556,False,False,False,False,False,False,True,False,True,0.0,53.75,47.77777777777778
CA.PA,CA.PA,50.0,0.0,-0.38888888888888884,19.444444444444443,-19.444444444444443,0.0,0.0,50.0,33.333333333333336,33.333333333333336,33.333333333333336,33.333333333333336,50.0,44.444444444444436,75,1,53.75,68.75,55.555555555555564,36,80,52.77083333333333,0.0,-0.38888888888888884,False,False,False,False,False,False,False,False,False,0.0,53.75,19.444444444444443
CAP.PA,CAP.PA,50.0,0.0,-0.06666666666666671,3.3333333333333357,-3.3333333333333357,0.0,0.0,56.666666666666664,0.0,33.333333333333336,0.0,33.333333333333336,54.444444444444436,49.444444444444436,75,0,33.75,64.30555555555557,50.555555555555564,36,80,57.10416666666667,0.0,-0.06666666666666671,False,False,False,False,False,False,False,False,False,0.0,33.75,3.3333333333333357
CDI.PA,CDI.PA,50.0,0.0,0.46666666666666656,-23.33333333333333,23.33333333333333,0.0,0.0,63.333333333333336,0.0,0.0,0.0,0.0,63.333333333333336,63.333333333333336,55,0,24.75,50.416666666666664,36.666666666666664,36,80,66.45416666666668,0.0,0.46666666666666656,False,False,False,False,False,False,False,False,False,0.0,24.75,-23.33333333333333
COFA.PA,COFA.PA,50.0,0.0,-0.1,5.0,-5.0,0.0,0.0,43.333333333333336,0.0,0.0,0.0,0.0,63.333333333333336,53.888888888888886,75,0,33.75,55.416666666666664,46.111111111111114,36,80,61.10416666666667,0.0,-0.1,False,False,False,False,False,False,False,False,False,0.0,33.75,5.0
COV.PA,COV.PA,50.0,0.0,-0.4222222222222222,21.11111111111111,-21.11111111111111,0.0,0.0,36.666666666666664,33.333333333333336,0.0,33.333333333333336,0.0,58.888888888888886,48.888888888888886,75,1,53.75,59.861111111111114,51.111111111111114,36,80,56.77083333333333,0.0,-0.4222222222222222,False,False,False,False,False,False,False,False,False,0.0,53.75,21.11111111111111
CS.PA,CS.PA,50.0,0.0,-0.9555555555555556,47.77777777777778,-47.77777777777778,0.0,0.0,30.0,33.333333333333336,33.333333333333336,33.333333333333336,33.333333333333336,50.0,35.0,75,1,53.75,68.75,65.0,36,80,48.77083333333333,0.0,-0.9555555555555556,False,False,False,False,False,False,True,False,True,0.0,53.75,47.77777777777778
DEC.PA,DEC.PA,50.0,0.0,-0.38888888888888884,19.444444444444443,-19.444444444444443,0.0,0.0,50.0,33.333333333333336,33.333333333333336,33.333333333333336,33.333333333333336,50.0,44.444444444444436,75,1,53.75,68.75,55.555555555555564,36,80,52.77083333333333,0.0,-0.38888888888888884,False,False,False,False,False,False,False,False,False,0.0,53.75,19.444444444444443
DG.PA,DG.PA,50.0,0.0,-0.06666666666666671,3.3333333333333357,-3.3333333333333357,0.0,0.0,56.666666666666664,0.0,33.333333333333336,0.0,33.333333333333336,54.444444444444436,49.444444444444436,75,0,33.75,64.30555555555557,50.555555555555564,36,80,57.10416666666667,0.0,-0.06666666666666671,False,False,False,False,False,False,False,False,False,0.0,33.75,3.3333333333333357
DSY.PA,DSY.PA,50.0,0.0,0.46666666666666656,-23.33333333333333,23.33333333333333,0.0,0.0,63.333333333333336,0.0,0.0,0.0,0.0,63.333333333333336,63.333333333333336,55,0,24.75,50.416666666666664,36.666666666666664,36,80,66.45416666666668,0.0,0.46666666666666656,False,False,False,False,False,False,False,False,False,0.0,24.75,-23.33333333333333
EDEN.PA,EDEN.PA,50.0,0.0,0.35,-17.5,17.5,0.0,0.0,50.0,0.0,0.0,0.0,0.0,70.0,63.33333333333333,75,0,33.75,48.75,36.66666666666667,36,80,62.4375,0.0,0.35,False,False,False,False,False,False,False,False,False,0.0,33.75,-17.5
EL.PA,EL.PA,50.0,0.0,-0.15,7.5,-7.5,0.0,0.0,40.0,0.0,0.0,0.0,0.0,63.33333333333333,55.83333333333333,75,1,53.75,55.41666666666667,44.16666666666667,36,80,57.4375,0.0,-0.15,False,False,False,False,False,False,False,False,False,0.0,53.75,7.5
ELIS.PA,ELIS.PA,5.0,-0.9,-0.9555555555555556,2.7777777777777777,-47.77777777777778,1.0,0.0,30.0,33.333333333333336,33.333333333333336,33.333333333333336,33.333333333333336,50.0,35.0,75,1,68.75,68.75,75.0,36,80,26.270833333333332,-0.9,-0.9555555555555556,False,False,False,False,False,False,True,False,True,1.0,68.75,2.7777777777777777
EN.PA,EN.PA,85.0,0.7,-0.38888888888888884,54.44444444444444,-19.444444444444443,0.0,1.0,50.0,33.333333333333336,33.333333333333336,33.333333333333336,33.333333333333336,50.0,44.444444444444436,75,1,53.75,68.75,55.555555555555564,36,80,68.52083333333333,0.7,-0.38888888888888884,False,False,False,False,False,False,False,False,False,0.0,53.75,54.44444444444444
ENGI.PA,ENGI.PA,50.0,0.0,-0.45,22.5,-22.5,0.0,0.0,40.0,0.0,50.0,0.0,50.0,56.666666666666664,42.5,75,0,33.75,62.083333333333336,57.5,36,80,50.4375,0.0,-0.45,False,False,False,False,False,False,False,False,False,0.0,33.75,22.5
ENX.PA,ENX.PA,50.0,0.35,0.46666666666666656,-5.833333333333329,23.33333333333333,0.0,1.0,63.333333333333336,0.0,0.0,0.0,0.0,63.333333333333336,63.333333333333336,55,0,24.75,50.416666666666664,36.666666666666664,36,80,74.32916666666668,0.35,0.46666666666666656,False,False,False,False,False,False,False,False,False,0.0,24.75,-5.833333333333329
ERF.PA,ERF.PA,85.0,-0.15,-0.1,-2.5,-5.0,1.0,1.0,43.333333333333336,0.0,0.0,0.0,0.0,63.333333333333336,53.888888888888886,75,0,48.75,55.416666666666664,56.111111111111114,36,80,55.47916666666667,-0.15,-0.1,False,False,False,False,False,False,False,False,False,1.0,48.75,-2.5
FGR.PA,FGR.PA,0.0,-0.9833333333333333,-0.4222222222222222,-28.055555555555557,-21.11111111111111,2.0,0.0,36.666666666666664,33.333333333333336,0.0,33.333333333333336,0.0,58.888888888888886,48.888888888888886,75,1,83.75,59.861111111111114,71.11111111111111,36,80,30.145833333333332,-0.9833333333333333,-0.4222222222222222,False,False,False,False,False,False,False,False,False,2.0,83.75,-28.055555555555557
FR.PA,FR.PA,50.0,-0.9333333333333332,-0.9333333333333332,0.0,-46.666666666666664,2.0,0.0,30.0,50.0,50.0,50.0,50.0,50.0,35.0,75,1,83.75,68.75,85.0,36,80,19.9375,-0.9333333333333332,-0.9333333333333332,False,False,False,False,False,False,True,False,True,2.0,83.75,0.0
GET.PA,GET.PA,1.666666666666667,-0.38888888888888884,-0.38888888888888884,0.0,-19.444444444444443,2.0,1.0,50.0,33.333333333333336,33.333333333333336,33.333333333333336,33.333333333333336,50.0,44.444444444444436,75,1,83.75,68.75,75.55555555555557,36,80,39.52083333333333,-0.38888888888888884,-0.38888888888888884,False,False,False,False,False,False,False,False,False,2.0,83.75,0.0
GFC.PA,GFC.PA,5.0,-0.06666666666666671,-0.06666666666666671,0.0,-3.3333333333333357,1.0,1.0,56.666666666666664,0.0,33.333333333333336,0.0,33.333333333333336,54.444444444444436,49.444444444444436,75,0,48.75,64.30555555555557,60.555555555555564,36,80,53.35416666666667,-0.06666666666666671,-0.06666666666666671,False,False,False,False,False,False,False,False,False,1.0,48.75,0.0
GLE.PA,GLE.PA,85.0,0.46666666666666656,0.46666666666666656,0.0,23.33333333333333,0.0,2.0,63.333333333333336,0.0,0.0,0.0,0.0,63.333333333333336,63.333333333333336,55,0,24.75,50.416666666666664,36.666666666666664,36,80,76.95416666666668,0.46666666666666656,0.46666666666666656,False,False,False,False,False,False,False,False,False,0.0,24.75,0.0
GTT.PA,GTT.PA,50.0,0.35,-0.1,22.5,-5.0,0.0,1.0,43.333333333333336,0.0,0.0,0.0,0.0,63.333333333333336,53.888888888888886,75,0,33.75,55.416666666666664,46.111111111111114,36,80,68.97916666666667,0.35,-0.1,False,False,False,False,False,False,False,False,False,0.0,33.75,22.5
HO.PA,HO.PA,50.0,-0.15,-0.4222222222222222,13.61111111111111,-21.11111111111111,1.0,1.0,36.666666666666664,33.333333333333336,0.0,33.333333333333336,0.0,58.888888888888886,48.888888888888886,75,1,68.75,59.861111111111114,61.111111111111114,36,80,51.14583333333333,-0.15,-0.4222222222222222,False,False,False,False,False,False,False,False,False,1.0,68.75,13.61111111111111
IPN.PA,IPN.PA,50.0,-0.9833333333333333,-0.9555555555555556,-1.3888888888888888,-47.77777777777778,2.0,0.0,30.0,33.333333333333336,33.333333333333336,33.333333333333336,33.333333333333336,50.0,35.0,75,1,83.75,68.75,85.0,36,80,22.145833333333332,-0.9833333333333333,-0.9555555555555556,False,False,False,False,False,False,True,False,True,2.0,83.75,-1.3888888888888888
KER.PA,KER.PA,50.0,-0.9333333333333332,-0.38888888888888884,-27.222222222222225,-19.444444444444443,2.0,0.0,50.0,33.333333333333336,33.333333333333336,33.333333333333336,33.333333333333336,50.0,44.444444444444436,75,1,83.75,68.75,75.55555555555557,36,80,27.270833333333332,-0.9333333333333332,-0.38888888888888884,False,False,False,False,False,False,False,False,False,2.0,83.75,-27.222222222222225
LI.PA,LI.PA,50.0,-0.9,-0.06666666666666671,-41.666666666666664,-3.3333333333333357,1.0,0.0,56.666666666666664,0.0,33.333333333333336,0.0,33.333333333333336,54.444444444444436,49.444444444444436,75,0,48.75,64.30555555555557,60.555555555555564,36,80,34.60416666666667,-0.9,-0.06666666666666671,False,False,False,False,False,False,False,False,False,1.0,48.75,-41.666666666666664
LR.PA,LR.PA,50.0,0.7,0.46666666666666656,11.666666666666671,23.33333333333333,0.0,1.0,63.333333333333336,0.0,0.0,0.0,0.0,63.333333333333336,63.333333333333336,55,0,24.75,50.416666666666664,36.666666666666664,36,80,82.20416666666668,0.7,0.46666666666666656,False,False,False,False,False,False,False,False,False,0.0,24.75,11.666666666666671
MC.PA,MC.PA,50.0,0.0,-0.1,5.0,-5.0,0.0,0.0,43.333333333333336,0.0,0.0,0.0,0.0,63.333333333333336,53.888888888888886,75,0,33.75,55.416666666666664,46.111111111111114,36,80,61.10416666666667,0.0,-0.1,False,False,False,False,False,False,False,False,False,0.0,33.75,5.0
MF.PA,MF.PA,50.0,0.0,-0.4222222222222222,21.11111111111111,-21.11111111111111,0.0,0.0,36.666666666666664,33.333333333333336,0.0,33.333333333333336,0.0,58.888888888888886,48.888888888888886,75,1,53.75,59.861111111111114,51.111111111111114,36,80,56.77083333333333,0.0,-0.4222222222222222,False,False,False,False,False,False,False,False,False,0.0,53.75,21.11111111111111
NEX.PA,NEX.PA,50.0,0.0,-0.9555555555555556,47.77777777777778,-47.77777777777778,0.0,0.0,30.0,33.333333333333336,33.333333333333336,33.333333333333336,33.333333333333336,50.0,35.0,75,1,53.75,68.75,65.0,36,80,48.77083333333333,0.0,-0.9555555555555556,False,False,False,False,False,False,True,False,True,0.0,53.75,47.77777777777778
OR.PA,OR.PA,50.0,0.0,-0.38888888888888884,19.444444444444443,-19.444444444444443,0.0,0.0,50.0,33.333333333333336,33.333333333333336,33.333333333333336,33.333333333333336,50.0,44.444444444444436,75,1,53.75,68.75,55.555555555555564,36,80,52.77083333333333,0.0,-0.38888888888888884,False,False,False,False,False,False,False,False,False,0.0,53.75,19.444444444444443
ORA.PA,ORA.PA,50.0,0.0,-0.06666666666666671,3.3333333333333357,-3.3333333333333357,0.0,0.0,56.666666666666664,0.0,33.333333333333336,0.0,33.333333333333336,54.444444444444436,49.444444444444436,75,0,33.75,64.30555555555557,50.555555555555564,36,80,57.10416666666667,0.0,-0.06666666666666671,False,False,False,False,False,False,False,False,False,0.0,33.75,3.3333333333333357
PUB.PA,PUB.PA,50.0,0.0,0.46666666666666656,-23.33333333333333,23.33333333333333,0.0,0.0,63.333333333333336,0.0,0.0,0.0,0.0,63.333333333333336,63.333333333333336,55,0,24.75,50.416666666666664,36.666666666666664,36,80,66.45416666666668,0.0,0.46666666666666656,False,False,False,False,False,False,False,False,False,0.0,24.75,-23.33333333333333
RCO.PA,RCO.PA,50.0,0.0,-0.1,5.0,-5.0,0.0,0.0,43.333333333333336,0.0,0.0,0.0,0.0,63.333333333333336,53.888888888888886,75,0,33.75,55.416666666666664,46.111111111111114,36,80,61.10416666666667,0.0,-0.1,False,False,False,False,False,False,False,False,False,0.0,33.75,5.0
RF.PA,RF.PA,50.0,0.0,-0.4222222222222222,21.11111111111111,-21.11111111111111,0.0,0.0,36.666666666666664,33.333333333333336,0.0,33.333333333333336,0.0,58.888888888888886,48.888888888888886,75,1,53.75,59.861111111111114,51.111111111111114,36,80,56.77083333333333,0.0,-0.4222222222222222,False,False,False,False,False,False,False,False,False,0.0,53.75,21.11111111111111
RI.PA,RI.PA,50.0,0.0,-0.9555555555555556,47.77777777777778,-47.77777777777778,0.0,0.0,30.0,33.333333333333336,33.333333333333336,33.333333333333336,33.333333333333336,50.0,35.0,75,1,53.75,68.75,65.0,36,80,48.77083333333333,0.0,-0.9555555555555556,False,False,False,False,False,False,True,False,True,0.0,53.75,47.77777777777778
RMS.PA,RMS.PA,50.0,0.0,-0.38888888888888884,19.444444444444443,-19.444444444444443,0.0,0.0,50.0,33.333333333333336,33.333333333333336,33.333333333333336,33.333333333333336,50.0,44.444444444444436,75,1,53.75,68.75,55.555555555555564,36,80,52.77083333333333,0.0,-0.38888888888888884,False,False,False,False,False,False,False,False,False,0.0,53.75,19.444444444444443
RNO.PA,RNO.PA,50.0,0.0,-0.06666666666666671,3.3333333333333357,-3.3333333333333357,0.0,0.0,56.666666666666664,0.0,33.333333333333336,0.0,33.333333333333336,54.444444444444436,49.444444444444436,75,0,33.75,64.30555555555557,50.555555555555564,36,80,57.10416666666667,0.0,-0.06666666666666671,False,False,False,False,False,False,False,False,False,0.0,33.75,3.3333333333333357
RUI.PA,RUI.PA,50.0,0.0,0.46666666666666656,-23.33333333333333,23.33333333333333,0.0,0.0,63.333333333333336,0.0,0.0,0.0,0.0,63.333333333333336,63.333333333333336,55,0,24.75,50.416666666666664,36.666666666666664,36,80,66.45416666666668,0.0,0.46666666666666656,False,False,False,False,False,False,False,False,False,0.0,24.75,-23.33333333333333
RXL.PA,RXL.PA,50.0,0.0,-0.1,5.0,-5.0,0.0,0.0,43.333333333333336,0.0,0.0,0.0,0.0,63.333333333333336,53.888888888888886,75,0,33.75,55.416666666666664,46.111111111111114,36,80,61.10416666666667,0.0,-0.1,False,False,False,False,False,False,False,False,False,0.0,33.75,5.0
SAN.PA,SAN.PA,50.0,0.0,-0.4222222222222222,21.11111111111111,-21.11111111111111,0.0,0.0,36.666666666666664,33.333333333333336,0.0,33.333333333333336,0.0,58.888888888888886,48.888888888888886,75,1,53.75,59.861111111111114,51.111111111111114,36,80,56.77083333333333,0.0,-0.4222222222222222,False,False,False,False,False,False,False,False,False,0.0,53.75,21.11111111111111
SCR.PA,SCR.PA,50.0,0.0,-0.9833333333333333,49.166666666666664,-49.166666666666664,0.0,0.0,30.0,50.0,0.0,50.0,0.0,50.0,35.0,75,1,53.75,68.75,65.0,36,80,55.4375,0.0,-0.9833333333333333,False,False,False,False,False,False,True,False,True,0.0,53.75,49.166666666666664
SESG.PA,SESG.PA,85.0,0.7,-0.38888888888888884,54.44444444444444,-19.444444444444443,0.0,1.0,50.0,33.333333333333336,33.333333333333336,33.333333333333336,33.333333333333336,50.0,44.444444444444436,75,1,53.75,68.75,55.555555555555564,36,80,68.52083333333333,0.7,-0.38888888888888884,False,False,False,False,False,False,False,False,False,0.0,53.75,54.44444444444444
SGO.PA,SGO.PA,50.0,0.0,-0.06666666666666671,3.3333333333333357,-3.3333333333333357,0.0,0.0,56.666666666666664,0.0,33.333333333333336,0.0,33.333333333333336,54.444444444444436,49.444444444444436,75,0,33.75,64.30555555555557,50.555555555555564,36,80,57.10416666666667,0.0,-0.06666666666666671,False,False,False,False,False,False,False,False,False,0.0,33.75,3.3333333333333357
SK.PA,SK.PA,85.0,0.7,0.46666666666666656,11.666666666666671,23.33333333333333,0.0,1.0,63.333333333333336,0.0,0.0,0.0,0.0,63.333333333333336,63.333333333333336,55,0,24.75,50.416666666666664,36.666666666666664,36,80,82.20416666666668,0.7,0.46666666666666656,False,False,False,False,False,False,False,False,False,0.0,24.75,11.666666666666671
SOP.PA,SOP.PA,50.0,-1.0,-0.5,-25.0,-25.0,1.0,0.0,40.0,0.0,0.0,0.0,0.0,56.666666666666664,42.5,75,0,48.75,62.083333333333336,67.5,36,80,35.6875,-1.0,-0.5,False,False,False,False,False,False,False,False,False,1.0,48.75,-25.0
SPIE.PA,SPIE.PA,0.0,-0.9833333333333333,-0.4222222222222222,-28.055555555555557,-21.11111111111111,2.0,0.0,36.666666666666664,33.333333333333336,0.0,33.333333333333336,0.0,58.888888888888886,48.888888888888886,75,1,83.75,59.861111111111114,71.11111111111111,36,80,30.145833333333332,-0.9833333333333333,-0.4222222222222222,False,False,False,False,False,False,False,False,False,2.0,83.75,-28.055555555555557
SU.PA,SU.PA,1.666666666666667,-0.9333333333333332,-0.9555555555555556,1.1111111111111112,-47.77777777777778,2.0,0.0,30.0,33.333333333333336,33.333333333333336,33.333333333333336,33.333333333333336,50.0,35.0,75,1,83.75,68.75,85.0,36,80,23.270833333333332,-0.9333333333333332,-0.9555555555555556,False,False,False,False,False,False,True,False,True,2.0,83.75,1.1111111111111112
SW.PA,SW.PA,5.0,-0.1,-0.1,0.0,-5.0,1.0,1.0,60.0,0.0,50.0,0.0,50.0,50.0,49.166666666666664,75,1,68.75,68.75,60.833333333333336,36,80,46.9375,-0.1,-0.1,False,False,False,False,False,False,False,False,False,1.0,68.75,0.0
TEP.PA,TEP.PA,50.0,0.35,0.35,0.0,17.5,0.0,1.0,70.0,0.0,0.0,0.0,0.0,56.666666666666664,56.666666666666664,75,0,33.75,62.083333333333336,43.333333333333336,36,80,74.3125,0.35,0.35,False,False,False,False,False,False,False,False,False,0.0,33.75,0.0
TTE.PA,TTE.PA,85.0,0.46666666666666656,0.46666666666666656,0.0,23.33333333333333,0.0,2.0,63.333333333333336,0.0,0.0,0.0,0.0,63.333333333333336,63.333333333333336,55,0,24.75,50.416666666666664,36.666666666666664,36,80,76.95416666666668,0.46666666666666656,0.46666666666666656,False,False,False,False,False,False,False,False,False,0.0,24.75,0.0
VCT.PA,VCT.PA,50.0,-0.1,-0.1,0.0,-5.0,1.0,1.0,43.333333333333336,0.0,0.0,0.0,0.0,63.333333333333336,53.888888888888886,75,0,48.75,55.416666666666664,56.111111111111114,36,80,56.60416666666667,-0.1,-0.1,False,False,False,False,False,False,False,False,False,1.0,48.75,0.0
VIE.PA,VIE.PA,50.0,-0.4222222222222222,-0.4222222222222222,0.0,-21.11111111111111,2.0,1.0,36.666666666666664,33.333333333333336,0.0,33.333333333333336,0.0,58.888888888888886,48.888888888888886,75,1,83.75,59.861111111111114,71.11111111111111,36,80,42.77083333333333,-0.4222222222222222,-0.4222222222222222,False,False,False,False,False,False,False,False,False,2.0,83.75,0.0
VK.PA,VK.PA,50.0,-0.9833333333333333,-0.9555555555555556,-1.3888888888888888,-47.77777777777778,2.0,0.0,30.0,33.333333333333336,33.333333333333336,33.333333333333336,33.333333333333336,50.0,35.0,75,1,83.75,68.75,85.0,36,80,22.145833333333332,-0.9833333333333333,-0.9555555555555556,False,False,False,False,False,False,True,False,True,2.0,83.75,-1.3888888888888888
AALB.AS,AALB.AS,50.0,-0.9333333333333332,-0.38888888888888884,-27.222222222222225,-19.444444444444443,2.0,0.0,50.0,33.333333333333336,33.333333333333336,33.333333333333336,33.333333333333336,50.0,44.444444444444436,75,1,83.75,68.75,75.55555555555557,36,80,27.270833333333332,-0.9333333333333332,-0.38888888888888884,False,False,False,False,False,False,False,False,False,2.0,83.75,-27.222222222222225
ABI.BR,ABI.BR,50.0,-0.1,-0.06666666666666671,-1.6666666666666643,-3.3333333333333357,1.0,1.0,56.666666666666664,0.0,33.333333333333336,0.0,33.333333333333336,54.444444444444436,49.444444444444436,75,0,48.75,64.30555555555557,60.555555555555564,36,80,52.60416666666667,-0.1,-0.06666666666666671,False,False,False,False,False,False,False,False,False,1.0,48.75,-1.6666666666666643
ABN.AS,ABN.AS,50.0,0.7,0.46666666666666656,11.666666666666671,23.33333333333333,0.0,1.0,63.333333333333336,0.0,0.0,0.0,0.0,63.333333333333336,63.333333333333336,55,0,24.75,50.416666666666664,36.666666666666664,36,80,82.20416666666668,0.7,0.46666666666666656,False,False,False,False,False,False,False,False,False,0.0,24.75,11.666666666666671
ACKB.BR,ACKB.BR,50.0,0.0,-0.1,5.0,-5.0,0.0,0.0,43.333333333333336,0.0,0.0,0.0,0.0,63.333333333333336,53.888888888888886,75,0,33.75,55.416666666666664,46.111111111111114,36,80,61.10416666666667,0.0,-0.1,False,False,False,False,False,False,False,False,False,0.0,33.75,5.0
AD.AS,AD.AS,50.0,0.7,-0.4222222222222222,56.111111111111114,-21.11111111111111,0.0,1.0,36.666666666666664,33.333333333333336,0.0,33.333333333333336,0.0,58.888888888888886,48.888888888888886,75,1,53.75,59.861111111111114,51.111111111111114,36,80,72.52083333333334,0.7,-0.4222222222222222,False,False,False,False,False,False,False,False,False,0.0,53.75,56.111111111111114
AED.BR,AED.BR,50.0,-1.0,-0.9555555555555556,-2.2222222222222223,-47.77777777777778,1.0,0.0,30.0,33.333333333333336,33.333333333333336,33.333333333333336,33.333333333333336,50.0,35.0,75,1,68.75,68.75,75.0,36,80,24.020833333333332,-1.0,-0.9555555555555556,False,False,False,False,False,False,True,False,True,1.0,68.75,-2.2222222222222223
AGN.AS,AGN.AS,50.0,0.0,-0.38888888888888884,19.444444444444443,-19.444444444444443,0.0,0.0,50.0,33.333333333333336,33.333333333333336,33.333333333333336,33.333333333333336,50.0,44.444444444444436,75,1,53.75,68.75,55.555555555555564,36,80,52.77083333333333,0.0,-0.38888888888888884,False,False,False,False,False,False,False,False,False,0.0,53.75,19.444444444444443
AGS.BR,AGS.BR,50.0,0.0,-0.06666666666666671,3.3333333333333357,-3.3333333333333357,0.0,0.0,56.666666666666664,0.0,33.333333333333336,0.0,33.333333333333336,54.444444444444436,49.444444444444436,75,0,33.75,64.30555555555557,50.555555555555564,36,80,57.10416666666667,0.0,-0.06666666666666671,False,False,False,False,False,False,False,False,False,0.0,33.75,3.3333333333333357
AKZA.AS,AKZA.AS,50.0,0.0,0.46666666666666656,-23.33333333333333,23.33333333333333,0.0,0.0,63.333333333333336,0.0,0.0,0.0,0.0,63.333333333333336,63.333333333333336,55,0,24.75,50.416666666666664,36.666666666666664,36,80,66.45416666666668,0.0,0.46666666666666656,False,False,False,False,False,False,False,False,False,0.0,24.75,-23.33333333333333
APAM.AS,APAM.AS,50.0,0.0,-0.1,5.0,-5.0,0.0,0.0,43.333333333333336,0.0,0.0,0.0,0.0,63.333333333333336,53.888888888888886,75,0,33.75,55.416666666666664,46.111111111111114,36,80,61.10416666666667,0.0,-0.1,False,False,False,False,False,False,False,False,False,0.0,33.75,5.0
ARCAD.AS,ARCAD.AS,50.0,0.0,-0.4222222222222222,21.11111111111111,-21.11111111111111,0.0,0.0,36.666666666666664,33.333333333333336,0.0,33.333333333333336,0.0,58.888888888888886,48.888888888888886,75,1,53.75,59.861111111111114,51.111111111111114,36,80,56.77083333333333,0.0,-0.4222222222222222,False,False,False,False,False,False,False,False,False,0.0,53.75,21.11111111111111
ASRNL.AS,ASRNL.AS,50.0,0.0,-0.9555555555555556,47.77777777777778,-47.77777777777778,0.0,0.0,30.0,33.333333333333336,33.333333333333336,33.333333333333336,33.333333333333336,50.0,35.0,75,1,53.75,68.75,65.0,36,80,48.77083333333333,0.0,-0.9555555555555556,False,False,False,False,False,False,True,False,True,0.0,53.75,47.77777777777778
BAMNB.AS,BAMNB.AS,50.0,0.0,-0.38888888888888884,19.444444444444443,-19.444444444444443,0.0,0.0,50.0,33.333333333333336,33.333333333333336,33.333333333333336,33.333333333333336,50.0,44.444444444444436,75,1,53.75,68.75,55.555555555555564,36,80,52.77083333333333,0.0,-0.38888888888888884,False,False,False,False,False,False,False,False,False,0.0,53.75,19.444444444444443
CMBT.BR,CMBT.BR,50.0,0.0,-0.06666666666666671,3.3333333333333357,-3.3333333333333357,0.0,0.0,56.666666666666664,0.0,33.333333333333336,0.0,33.333333333333336,54.444444444444436,49.444444444444436,75,0,33.75,64.30555555555557,50.555555555555564,36,80,57.10416666666667,0.0,-0.06666666666666671,False,False,False,False,False,False,False,False,False,0.0,33.75,3.3333333333333357
COLR.BR,COLR.BR,50.0,0.0,0.46666666666666656,-23.33333333333333,23.33333333333333,0.0,0.0,63.333333333333336,0.0,0.0,0.0,0.0,63.333333333333336,63.333333333333336,55,0,24.75,50.416666666666664,36.666666666666664,36,80,66.45416666666668,0.0,0.46666666666666656,False,False,False,False,False,False,False,False,False,0.0,24.75,-23.33333333333333
DIE.BR,DIE.BR,50.0,0.0,-0.1,5.0,-5.0,0.0,0.0,43.333333333333336,0.0,0.0,0.0,0.0,63.333333333333336,53.888888888888886,75,0,33.75,55.416666666666664,46.111111111111114,36,80,61.10416666666667,0.0,-0.1,False,False,False,False,False,False,False,False,False,0.0,33.75,5.0
ELI.BR,ELI.BR,50.0,0.0,-0.4222222222222222,21.11111111111111,-21.11111111111111,0.0,0.0,36.666666666666664,33.333333333333336,0.0,33.333333333333336,0.0,58.888888888888886,48.888888888888886,75,1,53.75,59.861111111111114,51.111111111111114,36,80,56.77083333333333,0.0,-0.4222222222222222,False,False,False,False,False,False,False,False,False,0.0,53.75,21.11111111111111
GBLB.BR,GBLB.BR,50.0,0.0,-0.9555555555555556,47.77777777777778,-47.77777777777778,0.0,0.0,30.0,33.333333333333336,33.333333333333336,33.333333333333336,33.333333333333336,50.0,35.0,75,1,53.75,68.75,65.0,36,80,48.77083333333333,0.0,-0.9555555555555556,False,False,False,False,False,False,True,False,True,0.0,53.75,47.77777777777778
HEIA.AS,HEIA.AS,50.0,0.0,-0.38888888888888884,19.444444444444443,-19.444444444444443,0.0,0.0,50.0,33.333333333333336,33.333333333333336,33.333333333333336,33.333333333333336,50.0,44.444444444444436,75,1,53.75,68.75,55.555555555555564,36,80,52.77083333333333,0.0,-0.38888888888888884,False,False,False,False,False,False,False,False,False,0.0,53.75,19.444444444444443
HEIJM.AS,HEIJM.AS,50.0,0.0,-0.1,5.0,-5.0,0.0,0.0,60.0,0.0,50.0,0.0,50.0,50.0,49.166666666666664,75,0,33.75,68.75,50.833333333333336,36,80,54.4375,0.0,-0.1,False,False,False,False,False,False,False,False,False,0.0,33.75,5.0
HEIO.AS,HEIO.AS,85.0,0.7,0.46666666666666656,11.666666666666671,23.33333333333333,0.0,1.0,63.333333333333336,0.0,0.0,0.0,0.0,63.333333333333336,63.333333333333336,55,0,24.75,50.416666666666664,36.666666666666664,36,80,82.20416666666668,0.7,0.46666666666666656,False,False,False,False,False,False,False,False,False,0.0,24.75,11.666666666666671
IMCD.AS,IMCD.AS,0.0,-1.0,-0.1,-45.0,-5.0,1.0,0.0,43.333333333333336,0.0,0.0,0.0,0.0,63.333333333333336,53.888888888888886,75,0,48.75,55.416666666666664,56.111111111111114,36,80,36.35416666666667,-1.0,-0.1,False,False,False,False,False,False,False,False,False,1.0,48.75,-45.0
INGA.AS,INGA.AS,1.666666666666667,-0.9666666666666667,-0.13333333333333328,-41.66666666666667,-6.666666666666664,1.0,0.0,40.0,50.0,0.0,50.0,0.0,63.33333333333333,55.83333333333333,75,1,68.75,55.41666666666667,54.16666666666667,36,80,33.4375,-0.9666666666666667,-0.13333333333333328,False,False,False,False,False,False,False,False,False,1.0,68.75,-41.66666666666667
KBC.BR,KBC.BR,50.0,-0.9,-0.95,2.5,-47.5,1.0,0.0,30.0,0.0,50.0,0.0,50.0,50.0,35.0,75,1,68.75,68.75,75.0,36,80,22.9375,-0.9,-0.95,False,False,False,False,False,False,True,False,True,1.0,68.75,2.5
KBCA.BR,KBCA.BR,5.0,-0.1,-0.38888888888888884,14.444444444444443,-19.444444444444443,1.0,1.0,50.0,33.333333333333336,33.333333333333336,33.333333333333336,33.333333333333336,50.0,44.444444444444436,75,1,68.75,68.75,65.55555555555557,36,80,48.27083333333333,-0.1,-0.38888888888888884,False,False,False,False,False,False,False,False,False,1.0,68.75,14.444444444444443
KPN.AS,KPN.AS,85.0,0.35,-0.06666666666666671,20.833333333333336,-3.3333333333333357,0.0,1.0,56.666666666666664,0.0,33.333333333333336,0.0,33.333333333333336,54.444444444444436,49.444444444444436,75,0,33.75,64.30555555555557,50.555555555555564,36,80,64.97916666666667,0.35,-0.06666666666666671,False,False,False,False,False,False,False,False,False,0.0,33.75,20.833333333333336
LIGHT.AS,LIGHT.AS,50.0,0.35,0.35,0.0,17.5,0.0,1.0,50.0,0.0,0.0,0.0,0.0,70.0,63.33333333333333,55,0,24.75,43.75,36.66666666666667,36,80,71.6625,0.35,0.35,False,False,False,False,False,False,False,False,False,0.0,24.75,0.0
MELE.BR,MELE.BR,50.0,-0.1,-0.1,0.0,-5.0,1.0,1.0,43.333333333333336,0.0,0.0,0.0,0.0,63.333333333333336,53.888888888888886,75,0,48.75,55.416666666666664,56.111111111111114,36,80,56.60416666666667,-0.1,-0.1,False,False,False,False,False,False,False,False,False,1.0,48.75,0.0
NN.AS,NN.AS,85.0,-0.4222222222222222,-0.4222222222222222,0.0,-21.11111111111111,2.0,1.0,36.666666666666664,33.333333333333336,0.0,33.333333333333336,0.0,58.888888888888886,48.888888888888886,75,1,83.75,59.861111111111114,71.11111111111111,36,80,42.77083333333333,-0.4222222222222222,-0.4222222222222222,False,False,False,False,False,False,False,False,False,2.0,83.75,0.0
PHIA.AS,PHIA.AS,0.0,-0.9555555555555556,-0.9555555555555556,0.0,-47.77777777777778,3.0,0.0,30.0,33.333333333333336,33.333333333333336,33.333333333333336,33.333333333333336,50.0,35.0,75,1,98.75,68.75,95.0,36,80,20.520833333333332,-0.9555555555555556,-0.9555555555555556,False,False,False,False,False,True,True,False,True,3.0,98.75,0.0
RAND.AS,RAND.AS,50.0,-0.9333333333333332,-0.38888888888888884,-27.222222222222225,-19.444444444444443,2.0,0.0,50.0,33.333333333333336,33.333333333333336,33.333333333333336,33.333333333333336,50.0,44.444444444444436,75,1,83.75,68.75,75.55555555555557,36,80,27.270833333333332,-0.9333333333333332,-0.38888888888888884,False,False,False,False,False,False,False,False,False,2.0,83.75,-27.222222222222225
REN.AS,REN.AS,50.0,-0.1,-0.06666666666666671,-1.6666666666666643,-3.3333333333333357,1.0,1.0,56.666666666666664,0.0,33.333333333333336,0.0,33.333333333333336,54.444444444444436,49.444444444444436,75,0,48.75,64.30555555555557,60.555555555555564,36,80,52.60416666666667,-0.1,-0.06666666666666671,False,False,False,False,False,False,False,False,False,1.0,48.75,-1.6666666666666643
SBMO.AS,SBMO.AS,50.0,0.35,0.46666666666666656,-5.833333333333329,23.33333333333333,0.0,1.0,63.333333333333336,0.0,0.0,0.0,0.0,63.333333333333336,63.333333333333336,55,0,24.75,50.416666666666664,36.666666666666664,36,80,74.32916666666668,0.35,0.46666666666666656,False,False,False,False,False,False,False,False,False,0.0,24.75,-5.833333333333329
SHELL.AS,SHELL.AS,50.0,0.35,-0.1,22.5,-5.0,0.0,1.0,43.333333333333336,0.0,0.0,0.0,0.0,63.333333333333336,53.888888888888886,75,0,33.75,55.416666666666664,46.111111111111114,36,80,68.97916666666667,0.35,-0.1,False,False,False,False,False,False,False,False,False,0.0,33.75,22.5
SOF.BR,SOF.BR,50.0,0.7,-0.4222222222222222,56.111111111111114,-21.11111111111111,0.0,1.0,36.666666666666664,33.333333333333336,0.0,33.333333333333336,0.0,58.888888888888886,48.888888888888886,75,1,53.75,59.861111111111114,51.111111111111114,36,80,72.52083333333334,0.7,-0.4222222222222222,False,False,False,False,False,False,False,False,False,0.0,53.75,56.111111111111114
SOLB.BR,SOLB.BR,50.0,-1.0,-0.9555555555555556,-2.2222222222222223,-47.77777777777778,1.0,0.0,30.0,33.333333333333336,33.333333333333336,33.333333333333336,33.333333333333336,50.0,35.0,75,1,68.75,68.75,75.0,36,80,24.020833333333332,-1.0,-0.9555555555555556,False,False,False,False,False,False,True,False,True,1.0,68.75,-2.2222222222222223
UMI.BR,UMI.BR,50.0,-0.9666666666666667,-0.38888888888888884,-28.88888888888889,-19.444444444444443,1.0,0.0,50.0,33.333333333333336,33.333333333333336,33.333333333333336,33.333333333333336,50.0,44.444444444444436,75,1,68.75,68.75,65.55555555555557,36,80,28.770833333333332,-0.9666666666666667,-0.38888888888888884,False,False,False,False,False,False,False,False,False,1.0,68.75,-28.88888888888889
VLK.AS,VLK.AS,50.0,-0.9,-0.06666666666666671,-41.666666666666664,-3.3333333333333357,1.0,0.0,56.666666666666664,0.0,33.333333333333336,0.0,33.333333333333336,54.444444444444436,49.444444444444436,75,0,48.75,64.30555555555557,60.555555555555564,36,80,34.60416666666667,-0.9,-0.06666666666666671,False,False,False,False,False,False,False,False,False,1.0,48.75,-41.666666666666664
VPK.AS,VPK.AS,50.0,0.0,0.46666666666666656,-23.33333333333333,23.33333333333333,0.0,0.0,63.333333333333336,0.0,0.0,0.0,0.0,63.333333333333336,63.333333333333336,55,0,24.75,50.416666666666664,36.666666666666664,36,80,66.45416666666668,0.0,0.46666666666666656,False,False,False,False,False,False,False,False,False,0.0,24.75,-23.33333333333333
WDP.BR,WDP.BR,50.0,0.0,-0.1,5.0,-5.0,0.0,0.0,43.333333333333336,0.0,0.0,0.0,0.0,63.333333333333336,53.888888888888886,75,0,33.75,55.416666666666664,46.111111111111114,36,80,61.10416666666667,0.0,-0.1,False,False,False,False,False,False,False,False,False,0.0,33.75,5.0
WKL.AS,WKL.AS,50.0,0.0,-0.4222222222222222,21.11111111111111,-21.11111111111111,0.0,0.0,36.666666666666664,33.333333333333336,0.0,33.333333333333336,0.0,58.888888888888886,48.888888888888886,75,1,53.75,59.861111111111114,51.111111111111114,36,80,56.77083333333333,0.0,-0.4222222222222222,False,False,False,False,False,False,False,False,False,0.0,53.75,21.11111111111111
ACS.MC,ACS.MC,50.0,0.0,-0.9555555555555556,47.77777777777778,-47.77777777777778,0.0,0.0,30.0,33.333333333333336,33.333333333333336,33.333333333333336,33.333333333333336,50.0,35.0,75,1,53.75,68.75,65.0,36,80,48.77083333333333,0.0,-0.9555555555555556,False,False,False,False,False,False,True,False,True,0.0,53.75,47.77777777777778
ACX.MC,ACX.MC,50.0,0.0,-0.38888888888888884,19.444444444444443,-19.444444444444443,0.0,0.0,50.0,33.333333333333336,33.333333333333336,33.333333333333336,33.333333333333336,50.0,44.444444444444436,75,1,53.75,68.75,55.555555555555564,36,80,52.77083333333333,0.0,-0.38888888888888884,False,False,False,False,False,False,False,False,False,0.0,53.75,19.444444444444443
AENA.MC,AENA.MC,50.0,0.0,-0.06666666666666671,3.3333333333333357,-3.3333333333333357,0.0,0.0,56.666666666666664,0.0,33.333333333333336,0.0,33.333333333333336,54.444444444444436,49.444444444444436,75,0,33.75,64.30555555555557,50.555555555555564,36,80,57.10416666666667,0.0,-0.06666666666666671,False,False,False,False,False,False,False,False,False,0.0,33.75,3.3333333333333357
AMS.MC,AMS.MC,50.0,0.0,0.46666666666666656,-23.33333333333333,23.33333333333333,0.0,0.0,63.333333333333336,0.0,0.0,0.0,0.0,63.333333333333336,63.333333333333336,55,0,24.75,50.416666666666664,36.666666666666664,36,80,66.45416666666668,0.0,0.46666666666666656,False,False,False,False,False,False,False,False,False,0.0,24.75,-23.33333333333333
ANA.MC,ANA.MC,50.0,0.0,-0.1,5.0,-5.0,0.0,0.0,43.333333333333336,0.0,0.0,0.0,0.0,63.333333333333336,53.888888888888886,75,0,33.75,55.416666666666664,46.111111111111114,36,80,61.10416666666667,0.0,-0.1,False,False,False,False,False,False,False,False,False,0.0,33.75,5.0
BBVA.MC,BBVA.MC,50.0,0.0,-0.4222222222222222,21.11111111111111,-21.11111111111111,0.0,0.0,36.666666666666664,33.333333333333336,0.0,33.333333333333336,0.0,58.888888888888886,48.888888888888886,75,1,53.75,59.861111111111114,51.111111111111114,36,80,56.77083333333333,0.0,-0.4222222222222222,False,False,False,False,False,False,False,False,False,0.0,53.75,21.11111111111111
BKT.MC,BKT.MC,50.0,0.0,-0.9555555555555556,47.77777777777778,-47.77777777777778,0.0,0.0,30.0,33.333333333333336,33.333333333333336,33.333333333333336,33.333333333333336,50.0,35.0,75,1,53.75,68.75,65.0,36,80,48.77083333333333,0.0,-0.9555555555555556,False,False,False,False,False,False,True,False,True,0.0,53.75,47.77777777777778
CABK.MC,CABK.MC,50.0,0.0,-0.38888888888888884,19.444444444444443,-19.444444444444443,0.0,0.0,50.0,33.333333333333336,33.333333333333336,33.333333333333336,33.333333333333336,50.0,44.444444444444436,75,1,53.75,68.75,55.555555555555564,36,80,52.77083333333333,0.0,-0.38888888888888884,False,False,False,False,False,False,False,False,False,0.0,53.75,19.444444444444443
CIE.MC,CIE.MC,50.0,0.0,-0.06666666666666671,3.3333333333333357,-3.3333333333333357,0.0,0.0,56.666666666666664,0.0,33.333333333333336,0.0,33.333333333333336,54.444444444444436,49.444444444444436,75,0,33.75,64.30555555555557,50.555555555555564,36,80,57.10416666666667,0.0,-0.06666666666666671,False,False,False,False,False,False,False,False,False,0.0,33.75,3.3333333333333357
CLNX.MC,CLNX.MC,50.0,0.0,0.35,-17.5,17.5,0.0,0.0,70.0,0.0,0.0,0.0,0.0,56.666666666666664,56.666666666666664,55,0,24.75,57.083333333333336,43.333333333333336,36,80,67.7875,0.0,0.35,False,False,False,False,False,False,False,False,False,0.0,24.75,-17.5
COL.MC,COL.MC,50.0,0.0,0.35,-17.5,17.5,0.0,0.0,50.0,0.0,0.0,0.0,0.0,70.0,63.33333333333333,75,0,33.75,48.75,36.66666666666667,36,80,62.4375,0.0,0.35,False,False,False,False,False,False,False,False,False,0.0,33.75,-17.5
ELE.MC,ELE.MC,1.666666666666667,-0.9666666666666667,-0.4222222222222222,-27.22222222222222,-21.11111111111111,1.0,0.0,36.666666666666664,33.333333333333336,0.0,33.333333333333336,0.0,58.888888888888886,48.888888888888886,75,1,68.75,59.861111111111114,61.111111111111114,36,80,32.770833333333336,-0.9666666666666667,-0.4222222222222222,False,False,False,False,False,False,False,False,False,1.0,68.75,-27.22222222222222
ENG.MC,ENG.MC,5.0,-0.9,-0.9555555555555556,2.7777777777777777,-47.77777777777778,1.0,0.0,30.0,33.333333333333336,33.333333333333336,33.333333333333336,33.333333333333336,50.0,35.0,75,1,68.75,68.75,75.0,36,80,26.270833333333332,-0.9,-0.9555555555555556,False,False,False,False,False,False,True,False,True,1.0,68.75,2.7777777777777777
ENO.MC,ENO.MC,50.0,0.7,-0.13333333333333328,41.666666666666664,-6.666666666666664,0.0,1.0,60.0,50.0,0.0,50.0,0.0,50.0,49.166666666666664,75,1,53.75,68.75,50.833333333333336,36,80,77.1875,0.7,-0.13333333333333328,False,False,False,False,False,False,False,False,False,0.0,53.75,41.666666666666664
FDR.MC,FDR.MC,85.0,0.35,-0.06666666666666671,20.833333333333336,-3.3333333333333357,0.0,1.0,56.666666666666664,0.0,33.333333333333336,0.0,33.333333333333336,54.444444444444436,49.444444444444436,75,0,33.75,64.30555555555557,50.555555555555564,36,80,64.97916666666667,0.35,-0.06666666666666671,False,False,False,False,False,False,False,False,False,0.0,33.75,20.833333333333336
FER.MC,FER.MC,50.0,0.35,0.46666666666666656,-5.833333333333329,23.33333333333333,0.0,1.0,63.333333333333336,0.0,0.0,0.0,0.0,63.333333333333336,63.333333333333336,55,0,24.75,50.416666666666664,36.666666666666664,36,80,74.32916666666668,0.35,0.46666666666666656,False,False,False,False,False,False,False,False,False,0.0,24.75,-5.833333333333329
IAG.MC,IAG.MC,85.0,-0.15,-0.1,-2.5,-5.0,1.0,1.0,43.333333333333336,0.0,0.0,0.0,0.0,63.333333333333336,53.888888888888886,75,0,48.75,55.416666666666664,56.111111111111114,36,80,55.47916666666667,-0.15,-0.1,False,False,False,False,False,False,False,False,False,1.0,48.75,-2.5
IBE.MC,IBE.MC,50.0,-0.9833333333333333,-0.9833333333333333,0.0,-49.166666666666664,2.0,0.0,30.0,50.0,0.0,50.0,0.0,50.0,35.0,75,1,83.75,68.75,85.0,36,80,28.8125,-0.9833333333333333,-0.9833333333333333,False,False,False,False,False,False,True,False,True,2.0,83.75,0.0
ITX.MC,ITX.MC,0.0,-0.9555555555555556,-0.9555555555555556,0.0,-47.77777777777778,3.0,0.0,30.0,33.333333333333336,33.333333333333336,33.333333333333336,33.333333333333336,50.0,35.0,75,1,98.75,68.75,95.0,36,80,20.520833333333332,-0.9555555555555556,-0.9555555555555556,False,False,False,False,False,True,True,False,True,3.0,98.75,0.0
LOG.MC,LOG.MC,1.666666666666667,-0.38888888888888884,-0.38888888888888884,0.0,-19.444444444444443,2.0,1.0,50.0,33.333333333333336,33.333333333333336,33.333333333333336,33.333333333333336,50.0,44.444444444444436,75,1,83.75,68.75,75.55555555555557,36,80,39.52083333333333,-0.38888888888888884,-0.38888888888888884,False,False,False,False,False,False,False,False,False,2.0,83.75,0.0
MAP.MC,MAP.MC,5.0,-0.06666666666666671,-0.06666666666666671,0.0,-3.3333333333333357,1.0,1.0,56.666666666666664,0.0,33.333333333333336,0.0,33.333333333333336,54.444444444444436,49.444444444444436,75,0,48.75,64.30555555555557,60.555555555555564,36,80,53.35416666666667,-0.06666666666666671,-0.06666666666666671,False,False,False,False,False,False,False,False,False,1.0,48.75,0.0
MRL.MC,MRL.MC,50.0,0.35,0.46666666666666656,-5.833333333333329,23.33333333333333,0.0,1.0,63.333333333333336,0.0,0.0,0.0,0.0,63.333333333333336,63.333333333333336,55,0,24.75,50.416666666666664,36.666666666666664,36,80,74.32916666666668,0.35,0.46666666666666656,False,False,False,False,False,False,False,False,False,0.0,24.75,-5.833333333333329
NTGY.MC,NTGY.MC,50.0,0.35,-0.1,22.5,-5.0,0.0,1.0,43.333333333333336,0.0,0.0,0.0,0.0,63.333333333333336,53.888888888888886,75,0,33.75,55.416666666666664,46.111111111111114,36,80,68.97916666666667,0.35,-0.1,False,False,False,False,False,False,False,False,False,0.0,33.75,22.5
RED.MC,RED.MC,50.0,-0.15,-0.4222222222222222,13.61111111111111,-21.11111111111111,1.0,1.0,36.666666666666664,33.333333333333336,0.0,33.333333333333336,0.0,58.888888888888886,48.888888888888886,75,1,68.75,59.861111111111114,61.111111111111114,36,80,51.14583333333333,-0.15,-0.4222222222222222,False,False,False,False,False,False,False,False,False,1.0,68.75,13.61111111111111
REP.MC,REP.MC,50.0,-0.9833333333333333,-0.9555555555555556,-1.3888888888888888,-47.77777777777778,2.0,0.0,30.0,33.333333333333336,33.333333333333336,33.333333333333336,33.333333333333336,50.0,35.0,75,1,83.75,68.75,85.0,36,80,22.145833333333332,-0.9833333333333333,-0.9555555555555556,False,False,False,False,False,False,True,False,True,2.0,83.75,-1.3888888888888888
ROVI.MC,ROVI.MC,50.0,-0.9666666666666667,-0.38888888888888884,-28.88888888888889,-19.444444444444443,1.0,0.0,50.0,33.333333333333336,33.333333333333336,33.333333333333336,33.333333333333336,50.0,44.444444444444436,75,1,68.75,68.75,65.55555555555557,36,80,28.770833333333332,-0.9666666666666667,-0.38888888888888884,False,False,False,False,False,False,False,False,False,1.0,68.75,-28.88888888888889
SAB.MC,SAB.MC,50.0,-0.9,-0.06666666666666671,-41.666666666666664,-3.3333333333333357,1.0,0.0,56.666666666666664,0.0,33.333333333333336,0.0,33.333333333333336,54.444444444444436,49.444444444444436,75,0,48.75,64.30555555555557,60.555555555555564,36,80,34.60416666666667,-0.9,-0.06666666666666671,False,False,False,False,False,False,False,False,False,1.0,48.75,-41.666666666666664
SAN.MC,SAN.MC,50.0,0.7,0.46666666666666656,11.666666666666671,23.33333333333333,0.0,1.0,63.333333333333336,0.0,0.0,0.0,0.0,63.333333333333336,63.333333333333336,55,0,24.75,50.416666666666664,36.666666666666664,36,80,82.20416666666668,0.7,0.46666666666666656,False,False,False,False,False,False,False,False,False,0.0,24.75,11.666666666666671
SCYR.MC,SCYR.MC,50.0,0.0,-0.1,5.0,-5.0,0.0,0.0,43.333333333333336,0.0,0.0,0.0,0.0,63.333333333333336,53.888888888888886,75,0,33.75,55.416666666666664,46.111111111111114,36,80,61.10416666666667,0.0,-0.1,False,False,False,False,False,False,False,False,False,0.0,33.75,5.0
TEF.MC,TEF.MC,50.0,0.0,-0.4222222222222222,21.11111111111111,-21.11111111111111,0.0,0.0,36.666666666666664,33.333333333333336,0.0,33.333333333333336,0.0,58.888888888888886,48.888888888888886,75,1,53.75,59.861111111111114,51.111111111111114,36,80,56.77083333333333,0.0,-0.4222222222222222,False,False,False,False,False,False,False,False,False,0.0,53.75,21.11111111111111
VID.MC,VID.MC,50.0,0.0,-0.9555555555555556,47.77777777777778,-47.77777777777778,0.0,0.0,30.0,33.333333333333336,33.333333333333336,33.333333333333336,33.333333333333336,50.0,35.0,75,1,53.75,68.75,65.0,36,80,48.77083333333333,0.0,-0.9555555555555556,False,False,False,False,False,False,True,False,True,0.0,53.75,47.77777777777778
VIS.MC,VIS.MC,50.0,0.0,-0.38888888888888884,19.444444444444443,-19.444444444444443,0.0,0.0,50.0,33.333333333333336,33.333333333333336,33.333333333333336,33.333333333333336,50.0,44.444444444444436,75,1,53.75,68.75,55.555555555555564,36,80,52.77083333333333,0.0,-0.38888888888888884,False,False,False,False,False,False,False,False,False,0.0,53.75,19.444444444444443
A5G.IR,A5G.IR,50.0,0.0,-0.06666666666666671,3.3333333333333357,-3.3333333333333357,0.0,0.0,56.666666666666664,0.0,33.333333333333336,0.0,33.333333333333336,54.444444444444436,49.444444444444436,75,0,33.75,64.30555555555557,50.555555555555564,36,80,57.10416666666667,0.0,-0.06666666666666671,False,False,False,False,False,False,False,False,False,0.0,33.75,3.3333333333333357
BIRG.IR,BIRG.IR,50.0,0.0,0.46666666666666656,-23.33333333333333,23.33333333333333,0.0,0.0,63.333333333333336,0.0,0.0,0.0,0.0,63.333333333333336,63.333333333333336,55,0,24.75,50.416666666666664,36.666666666666664,36,80,66.45416666666668,0.0,0.46666666666666656,False,False,False,False,False,False,False,False,False,0.0,24.75,-23.33333333333333
GL9.IR,GL9.IR,50.0,0.0,-0.1,5.0,-5.0,0.0,0.0,43.333333333333336,0.0,0.0,0.0,0.0,63.333333333333336,53.888888888888886,75,0,33.75,55.416666666666664,46.111111111111114,36,80,61.10416666666667,0.0,-0.1,False,False,False,False,False,False,False,False,False,0.0,33.75,5.0
KRZ.IR,KRZ.IR,50.0,0.0,-0.4222222222222222,21.11111111111111,-21.11111111111111,0.0,0.0,36.666666666666664,33.333333333333336,0.0,33.333333333333336,0.0,58.888888888888886,48.888888888888886,75,1,53.75,59.861111111111114,51.111111111111114,36,80,56.77083333333333,0.0,-0.4222222222222222,False,False,False,False,False,False,False,False,False,0.0,53.75,21.11111111111111
RYA.IR,RYA.IR,50.0,0.0,-0.9555555555555556,47.77777777777778,-47.77777777777778,0.0,0.0,30.0,33.333333333333336,33.333333333333336,33.333333333333336,33.333333333333336,50.0,35.0,75,1,53.75,68.75,65.0,36,80,48.77083333333333,0.0,-0.9555555555555556,False,False,False,False,False,False,True,False,True,0.0,53.75,47.77777777777778
AAK.ST,AAK.ST,50.0,0.0,0.46666666666666656,-23.33333333333333,23.33333333333333,0.0,0.0,63.333333333333336,0.0,0.0,0.0,0.0,63.333333333333336,63.333333333333336,55,0,24.75,50.416666666666664,36.666666666666664,36,80,66.45416666666668,0.0,0.46666666666666656,False,False,False,False,False,False,False,False,False,0.0,24.75,-23.33333333333333
ABB.ST,ABB.ST,50.0,0.0,-0.1,5.0,-5.0,0.0,0.0,43.333333333333336,0.0,0.0,0.0,0.0,63.333333333333336,53.888888888888886,75,0,33.75,55.416666666666664,46.111111111111114,36,80,61.10416666666667,0.0,-0.1,False,False,False,False,False,False,False,False,False,0.0,33.75,5.0
ADDT-B.ST,ADDT-B.ST,50.0,0.0,-0.4222222222222222,21.11111111111111,-21.11111111111111,0.0,0.0,36.666666666666664,33.333333333333336,0.0,33.333333333333336,0.0,58.888888888888886,48.888888888888886,75,1,53.75,59.861111111111114,51.111111111111114,36,80,56.77083333333333,0.0,-0.4222222222222222,False,False,False,False,False,False,False,False,False,0.0,53.75,21.11111111111111
ALFA.ST,ALFA.ST,50.0,0.0,-0.9555555555555556,47.77777777777778,-47.77777777777778,0.0,0.0,30.0,33.333333333333336,33.333333333333336,33.333333333333336,33.333333333333336,50.0,35.0,75,1,53.75,68.75,65.0,36,80,48.77083333333333,0.0,-0.9555555555555556,False,False,False,False,False,False,True,False,True,0.0,53.75,47.77777777777778
ALIV-SDB.ST,ALIV-SDB.ST,50.0,0.0,-0.38888888888888884,19.444444444444443,-19.444444444444443,0.0,0.0,50.0,33.333333333333336,33.333333333333336,33.333333333333336,33.333333333333336,50.0,44.444444444444436,75,1,53.75,68.75,55.555555555555564,36,80,52.77083333333333,0.0,-0.38888888888888884,False,False,False,False,False,False,False,False,False,0.0,53.75,19.444444444444443
ASSA-B.ST,ASSA-B.ST,50.0,0.0,-0.1,5.0,-5.0,0.0,0.0,60.0,0.0,50.0,0.0,50.0,50.0,49.166666666666664,75,0,33.75,68.75,50.833333333333336,36,80,54.4375,0.0,-0.1,False,False,False,False,False,False,False,False,False,0.0,33.75,5.0
ATCO-A.ST,ATCO-A.ST,85.0,0.7,0.46666666666666656,11.666666666666671,23.33333333333333,0.0,1.0,63.333333333333336,0.0,0.0,0.0,0.0,63.333333333333336,63.333333333333336,55,0,24.75,50.416666666666664,36.666666666666664,36,80,82.20416666666668,0.7,0.46666666666666656,False,False,False,False,False,False,False,False,False,0.0,24.75,11.666666666666671
AXFO.ST,AXFO.ST,0.0,-1.0,-0.1,-45.0,-5.0,1.0,0.0,43.333333333333336,0.0,0.0,0.0,0.0,63.333333333333336,53.888888888888886,75,0,48.75,55.416666666666664,56.111111111111114,36,80,36.35416666666667,-1.0,-0.1,False,False,False,False,False,False,False,False,False,1.0,48.75,-45.0
AZA.ST,AZA.ST,1.666666666666667,-0.9666666666666667,-0.4222222222222222,-27.22222222222222,-21.11111111111111,1.0,0.0,36.666666666666664,33.333333333333336,0.0,33.333333333333336,0.0,58.888888888888886,48.888888888888886,75,1,68.75,59.861111111111114,61.111111111111114,36,80,32.770833333333336,-0.9666666666666667,-0.4222222222222222,False,False,False,False,False,False,False,False,False,1.0,68.75,-27.22222222222222
AZN.ST,AZN.ST,50.0,-0.9,-0.95,2.5,-47.5,1.0,0.0,30.0,0.0,50.0,0.0,50.0,50.0,35.0,75,1,68.75,68.75,75.0,36,80,22.9375,-0.9,-0.95,False,False,False,False,False,False,True,False,True,1.0,68.75,2.5
BEIJ-B.ST,BEIJ-B.ST,5.0,-0.1,-0.38888888888888884,14.444444444444443,-19.444444444444443,1.0,1.0,50.0,33.333333333333336,33.333333333333336,33.333333333333336,33.333333333333336,50.0,44.444444444444436,75,1,68.75,68.75,65.55555555555557,36,80,48.27083333333333,-0.1,-0.38888888888888884,False,False,False,False,False,False,False,False,False,1.0,68.75,14.444444444444443
BOL.ST,BOL.ST,85.0,0.35,-0.06666666666666671,20.833333333333336,-3.3333333333333357,0.0,1.0,56.666666666666664,0.0,33.333333333333336,0.0,33.333333333333336,54.444444444444436,49.444444444444436,75,0,33.75,64.30555555555557,50.555555555555564,36,80,64.97916666666667,0.35,-0.06666666666666671,False,False,False,False,False,False,False,False,False,0.0,33.75,20.833333333333336
BRAV.ST,BRAV.ST,50.0,0.35,0.35,0.0,17.5,0.0,1.0,50.0,0.0,0.0,0.0,0.0,70.0,63.33333333333333,55,0,24.75,43.75,36.66666666666667,36,80,71.6625,0.35,0.35,False,False,False,False,False,False,False,False,False,0.0,24.75,0.0
CAST.ST,CAST.ST,50.0,-0.15,-0.15,0.0,-7.5,1.0,1.0,40.0,0.0,0.0,0.0,0.0,63.33333333333333,55.83333333333333,75,0,48.75,55.41666666666667,54.16666666666667,36,80,54.8125,-0.15,-0.15,False,False,False,False,False,False,False,False,False,1.0,48.75,0.0
EKTA-B.ST,EKTA-B.ST,85.0,-0.4222222222222222,-0.4222222222222222,0.0,-21.11111111111111,2.0,1.0,36.666666666666664,33.333333333333336,0.0,33.333333333333336,0.0,58.888888888888886,48.888888888888886,75,1,83.75,59.861111111111114,71.11111111111111,36,80,42.77083333333333,-0.4222222222222222,-0.4222222222222222,False,False,False,False,False,False,False,False,False,2.0,83.75,0.0
ERIC-B.ST,ERIC-B.ST,0.0,-0.9555555555555556,-0.9555555555555556,0.0,-47.77777777777778,3.0,0.0,30.0,33.333333333333336,33.333333333333336,33.333333333333336,33.333333333333336,50.0,35.0,75,1,98.75,68.75,95.0,36,80,20.520833333333332,-0.9555555555555556,-0.9555555555555556,False,False,False,False,False,True,True,False,True,3.0,98.75,0.0
EVO.ST,EVO.ST,50.0,-0.38888888888888884,-0.38888888888888884,0.0,-19.444444444444443,2.0,1.0,50.0,33.333333333333336,33.333333333333336,33.333333333333336,33.333333333333336,50.0,44.444444444444436,75,1,83.75,68.75,75.55555555555557,36,80,39.52083333333333,-0.38888888888888884,-0.38888888888888884,False,False,False,False,False,False,False,False,False,2.0,83.75,0.0
GETI-B.ST,GETI-B.ST,50.0,-0.1,-0.06666666666666671,-1.6666666666666643,-3.3333333333333357,1.0,1.0,56.666666666666664,0.0,33.333333333333336,0.0,33.333333333333336,54.444444444444436,49.444444444444436,75,0,48.75,64.30555555555557,60.555555555555564,36,80,52.60416666666667,-0.1,-0.06666666666666671,False,False,False,False,False,False,False,False,False,1.0,48.75,-1.6666666666666643
HEXA-B.ST,HEXA-B.ST,50.0,0.35,0.46666666666666656,-5.833333333333329,23.33333333333333,0.0,1.0,63.333333333333336,0.0,0.0,0.0,0.0,63.333333333333336,63.333333333333336,55,0,24.75,50.416666666666664,36.666666666666664,36,80,74.32916666666668,0.35,0.46666666666666656,False,False,False,False,False,False,False,False,False,0.0,24.75,-5.833333333333329
HM-B.ST,HM-B.ST,50.0,0.35,-0.1,22.5,-5.0,0.0,1.0,43.333333333333336,0.0,0.0,0.0,0.0,63.333333333333336,53.888888888888886,75,0,33.75,55.416666666666664,46.111111111111114,36,80,68.97916666666667,0.35,-0.1,False,False,False,False,False,False,False,False,False,0.0,33.75,22.5
HOLM-B.ST,HOLM-B.ST,50.0,0.7,-0.4222222222222222,56.111111111111114,-21.11111111111111,0.0,1.0,36.666666666666664,33.333333333333336,0.0,33.333333333333336,0.0,58.888888888888886,48.888888888888886,75,1,53.75,59.861111111111114,51.111111111111114,36,80,72.52083333333334,0.7,-0.4222222222222222,False,False,False,False,False,False,False,False,False,0.0,53.75,56.111111111111114
HPOL-B.ST,HPOL-B.ST,50.0,-1.0,-0.9555555555555556,-2.2222222222222223,-47.77777777777778,1.0,0.0,30.0,33.333333333333336,33.333333333333336,33.333333333333336,33.333333333333336,50.0,35.0,75,1,68.75,68.75,75.0,36,80,24.020833333333332,-1.0,-0.9555555555555556,False,False,False,False,False,False,True,False,True,1.0,68.75,-2.2222222222222223
HUSQ-B.ST,HUSQ-B.ST,50.0,-0.9666666666666667,-0.38888888888888884,-28.88888888888889,-19.444444444444443,1.0,0.0,50.0,33.333333333333336,33.333333333333336,33.333333333333336,33.333333333333336,50.0,44.444444444444436,75,1,68.75,68.75,65.55555555555557,36,80,28.770833333333332,-0.9666666666666667,-0.38888888888888884,False,False,False,False,False,False,False,False,False,1.0,68.75,-28.88888888888889
INDT.ST,INDT.ST,50.0,-0.9,-0.06666666666666671,-41.666666666666664,-3.3333333333333357,1.0,0.0,56.666666666666664,0.0,33.333333333333336,0.0,33.333333333333336,54.444444444444436,49.444444444444436,75,0,48.75,64.30555555555557,60.555555555555564,36,80,34.60416666666667,-0.9,-0.06666666666666671,False,False,False,False,False,False,False,False,False,1.0,48.75,-41.666666666666664
INDU-C.ST,INDU-C.ST,50.0,0.0,0.46666666666666656,-23.33333333333333,23.33333333333333,0.0,0.0,63.333333333333336,0.0,0.0,0.0,0.0,63.333333333333336,63.333333333333336,55,0,24.75,50.416666666666664,36.666666666666664,36,80,66.45416666666668,0.0,0.46666666666666656,False,False,False,False,False,False,False,False,False,0.0,24.75,-23.33333333333333
INVE-B.ST,INVE-B.ST,50.0,0.0,-0.1,5.0,-5.0,0.0,0.0,43.333333333333336,0.0,0.0,0.0,0.0,63.333333333333336,53.888888888888886,75,0,33.75,55.416666666666664,46.111111111111114,36,80,61.10416666666667,0.0,-0.1,False,False,False,False,False,False,False,False,False,0.0,33.75,5.0
LAGR-B.ST,LAGR-B.ST,50.0,0.0,-0.4222222222222222,21.11111111111111,-21.11111111111111,0.0,0.0,36.666666666666664,33.333333333333336,0.0,33.333333333333336,0.0,58.888888888888886,48.888888888888886,75,1,53.75,59.861111111111114,51.111111111111114,36,80,56.77083333333333,0.0,-0.4222222222222222,False,False,False,False,False,False,False,False,False,0.0,53.75,21.11111111111111
LATO-B.ST,LATO-B.ST,50.0,0.0,-0.9555555555555556,47.77777777777778,-47.77777777777778,0.0,0.0,30.0,33.333333333333336,33.333333333333336,33.333333333333336,33.333333333333336,50.0,35.0,75,1,53.75,68.75,65.0,36,80,48.77083333333333,0.0,-0.9555555555555556,False,False,False,False,False,False,True,False,True,0.0,53.75,47.77777777777778
LOOMIS.ST,LOOMIS.ST,50.0,0.0,-0.38888888888888884,19.444444444444443,-19.444444444444443,0.0,0.0,50.0,33.333333333333336,33.333333333333336,33.333333333333336,33.333333333333336,50.0,44.444444444444436,75,1,53.75,68.75,55.555555555555564,36,80,52.77083333333333,0.0,-0.38888888888888884,False,False,False,False,False,False,False,False,False,0.0,53.75,19.444444444444443
LUG.ST,LUG.ST,50.0,0.0,-0.06666666666666671,3.3333333333333357,-3.3333333333333357,0.0,0.0,56.666666666666664,0.0,33.333333333333336,0.0,33.333333333333336,54.444444444444436,49.444444444444436,75,0,33.75,64.30555555555557,50.555555555555564,36,80,57.10416666666667,0.0,-0.06666666666666671,False,False,False,False,False,False,False,False,False,0.0,33.75,3.3333333333333357
SAGA-B.ST,SAGA-B.ST,50.0,0.0,0.46666666666666656,-23.33333333333333,23.33333333333333,0.0,0.0,63.333333333333336,0.0,0.0,0.0,0.0,63.333333333333336,63.333333333333336,55,0,24.75,50.416666666666664,36.666666666666664,36,80,66.45416666666668,0.0,0.46666666666666656,False,False,False,False,False,False,False,False,False,0.0,24.75,-23.33333333333333
SAND.ST,SAND.ST,50.0,0.0,-0.1,5.0,-5.0,0.0,0.0,43.333333333333336,0.0,0.0,0.0,0.0,63.333333333333336,53.888888888888886,75,0,33.75,55.416666666666664,46.111111111111114,36,80,61.10416666666667,0.0,-0.1,False,False,False,False,False,False,False,False,False,0.0,33.75,5.0
SCA-B.ST,SCA-B.ST,50.0,0.0,-0.4222222222222222,21.11111111111111,-21.11111111111111,0.0,0.0,36.666666666666664,33.333333333333336,0.0,33.333333333333336,0.0,58.888888888888886,48.888888888888886,75,1,53.75,59.861111111111114,51.111111111111114,36,80,56.77083333333333,0.0,-0.4222222222222222,False,False,False,False,False,False,False,False,False,0.0,53.75,21.11111111111111
SEB-A.ST,SEB-A.ST,50.0,0.0,-0.9555555555555556,47.77777777777778,-47.77777777777778,0.0,0.0,30.0,33.333333333333336,33.333333333333336,33.333333333333336,33.333333333333336,50.0,35.0,75,1,53.75,68.75,65.0,36,80,48.77083333333333,0.0,-0.9555555555555556,False,False,False,False,False,False,True,False,True,0.0,53.75,47.77777777777778
SECU-B.ST,SECU-B.ST,50.0,0.0,-0.38888888888888884,19.444444444444443,-19.444444444444443,0.0,0.0,50.0,33.333333333333336,33.333333333333336,33.333333333333336,33.333333333333336,50.0,44.444444444444436,75,1,53.75,68.75,55.555555555555564,36,80,52.77083333333333,0.0,-0.38888888888888884,False,False,False,False,False,False,False,False,False,0.0,53.75,19.444444444444443
SHB-A.ST,SHB-A.ST,50.0,0.0,-0.06666666666666671,3.3333333333333357,-3.3333333333333357,0.0,0.0,56.666666666666664,0.0,33.333333333333336,0.0,33.333333333333336,54.444444444444436,49.444444444444436,75,0,33.75,64.30555555555557,50.555555555555564,36,80,57.10416666666667,0.0,-0.06666666666666671,False,False,False,False,False,False,False,False,False,0.0,33.75,3.3333333333333357
SKA-B.ST,SKA-B.ST,50.0,0.0,0.46666666666666656,-23.33333333333333,23.33333333333333,0.0,0.0,63.333333333333336,0.0,0.0,0.0,0.0,63.333333333333336,63.333333333333336,55,0,24.75,50.416666666666664,36.666666666666664,36,80,66.45416666666668,0.0,0.46666666666666656,False,False,False,False,False,False,False,False,False,0.0,24.75,-23.33333333333333
SKF-B.ST,SKF-B.ST,50.0,0.0,0.35,-17.5,17.5,0.0,0.0,50.0,0.0,0.0,0.0,0.0,70.0,63.33333333333333,75,0,33.75,48.75,36.66666666666667,36,80,62.4375,0.0,0.35,False,False,False,False,False,False,False,False,False,0.0,33.75,-17.5
SSAB-B.ST,SSAB-B.ST,1.666666666666667,-0.9666666666666667,-0.4222222222222222,-27.22222222222222,-21.11111111111111,1.0,0.0,36.666666666666664,33.333333333333336,0.0,33.333333333333336,0.0,58.888888888888886,48.888888888888886,75,1,68.75,59.861111111111114,61.111111111111114,36,80,32.770833333333336,-0.9666666666666667,-0.4222222222222222,False,False,False,False,False,False,False,False,False,1.0,68.75,-27.22222222222222
SWEC-B.ST,SWEC-B.ST,5.0,-0.9,-0.9555555555555556,2.7777777777777777,-47.77777777777778,1.0,0.0,30.0,33.333333333333336,33.333333333333336,33.333333333333336,33.333333333333336,50.0,35.0,75,1,68.75,68.75,75.0,36,80,26.270833333333332,-0.9,-0.9555555555555556,False,False,False,False,False,False,True,False,True,1.0,68.75,2.7777777777777777
SWED-A.ST,SWED-A.ST,85.0,0.7,-0.13333333333333328,41.666666666666664,-6.666666666666664,0.0,1.0,60.0,50.0,0.0,50.0,0.0,50.0,49.166666666666664,75,1,53.75,68.75,50.833333333333336,36,80,77.1875,0.7,-0.13333333333333328,False,False,False,False,False,False,False,False,False,0.0,53.75,41.666666666666664
TEL2-B.ST,TEL2-B.ST,50.0,0.0,-0.45,22.5,-22.5,0.0,0.0,40.0,0.0,50.0,0.0,50.0,56.666666666666664,42.5,75,0,33.75,62.083333333333336,57.5,36,80,50.4375,0.0,-0.45,False,False,False,False,False,False,False,False,False,0.0,33.75,22.5
TELIA.ST,TELIA.ST,50.0,0.35,0.46666666666666656,-5.833333333333329,23.33333333333333,0.0,1.0,63.333333333333336,0.0,0.0,0.0,0.0,63.333333333333336,63.333333333333336,55,0,24.75,50.416666666666664,36.666666666666664,36,80,74.32916666666668,0.35,0.46666666666666656,False,False,False,False,False,False,False,False,False,0.0,24.75,-5.833333333333329
THULE.ST,THULE.ST,85.0,-0.15,-0.1,-2.5,-5.0,1.0,1.0,43.333333333333336,0.0,0.0,0.0,0.0,63.333333333333336,53.888888888888886,75,0,48.75,55.416666666666664,56.111111111111114,36,80,55.47916666666667,-0.15,-0.1,False,False,False,False,False,False,False,False,False,1.0,48.75,-2.5
TREL-B.ST,TREL-B.ST,50.0,-0.9833333333333333,-0.9833333333333333,0.0,-49.166666666666664,2.0,0.0,30.0,50.0,0.0,50.0,0.0,50.0,35.0,75,1,83.75,68.75,85.0,36,80,28.8125,-0.9833333333333333,-0.9833333333333333,False,False,False,False,False,False,True,False,True,2.0,83.75,0.0
VOLV-B.ST,VOLV-B.ST,0.0,-0.9555555555555556,-0.9555555555555556,0.0,-47.77777777777778,3.0,0.0,30.0,33.333333333333336,33.333333333333336,33.333333333333336,33.333333333333336,50.0,35.0,75,1,98.75,68.75,95.0,36,80,20.520833333333332,-0.9555555555555556,-0.9555555555555556,False,False,False,False,False,True,True,False,True,3.0,98.75,0.0
ELISA.HE,ELISA.HE,50.0,0.7,0.7,0.0,35.0,0.0,1.0,70.0,0.0,0.0,0.0,0.0,63.33333333333333,70.0,55,0,24.75,50.41666666666667,30.0,36,80,83.5375,0.7,0.7,False,False,False,False,False,False,False,False,False,0.0,24.75,0.0
FORTUM.HE,FORTUM.HE,85.0,-0.15,-0.1,-2.5,-5.0,1.0,1.0,43.333333333333336,0.0,0.0,0.0,0.0,63.333333333333336,53.888888888888886,75,0,48.75,55.416666666666664,56.111111111111114,36,80,55.47916666666667,-0.15,-0.1,False,False,False,False,False,False,False,False,False,1.0,48.75,-2.5
HIAB.HE,HIAB.HE,0.0,-0.9833333333333333,-0.4222222222222222,-28.055555555555557,-21.11111111111111,2.0,0.0,36.666666666666664,33.333333333333336,0.0,33.333333333333336,0.0,58.888888888888886,48.888888888888886,75,1,83.75,59.861111111111114,71.11111111111111,36,80,30.145833333333332,-0.9833333333333333,-0.4222222222222222,False,False,False,False,False,False,False,False,False,2.0,83.75,-28.055555555555557
HUH1V.HE,HUH1V.HE,1.666666666666667,-0.9333333333333332,-0.9333333333333332,0.0,-46.666666666666664,2.0,0.0,30.0,50.0,50.0,50.0,50.0,50.0,35.0,75,1,83.75,68.75,85.0,36,80,19.9375,-0.9333333333333332,-0.9333333333333332,False,False,False,False,False,False,True,False,True,2.0,83.75,0.0
KCR.HE,KCR.HE,50.0,-0.1,-0.1,0.0,-5.0,1.0,1.0,60.0,0.0,50.0,0.0,50.0,50.0,49.166666666666664,75,1,68.75,68.75,60.833333333333336,36,80,46.9375,-0.1,-0.1,False,False,False,False,False,False,False,False,False,1.0,68.75,0.0
KEMIRA.HE,KEMIRA.HE,5.0,-0.06666666666666671,-0.06666666666666671,0.0,-3.3333333333333357,1.0,1.0,56.666666666666664,0.0,33.333333333333336,0.0,33.333333333333336,54.444444444444436,49.444444444444436,75,0,48.75,64.30555555555557,60.555555555555564,36,80,53.35416666666667,-0.06666666666666671,-0.06666666666666671,False,False,False,False,False,False,False,False,False,1.0,48.75,0.0
KESKOB.HE,KESKOB.HE,85.0,0.46666666666666656,0.46666666666666656,0.0,23.33333333333333,0.0,2.0,63.333333333333336,0.0,0.0,0.0,0.0,63.333333333333336,63.333333333333336,55,0,24.75,50.416666666666664,36.666666666666664,36,80,76.95416666666668,0.46666666666666656,0.46666666666666656,False,False,False,False,False,False,False,False,False,0.0,24.75,0.0
KNEBV.HE,KNEBV.HE,50.0,-0.1,-0.1,0.0,-5.0,1.0,1.0,43.333333333333336,0.0,0.0,0.0,0.0,63.333333333333336,53.888888888888886,75,0,48.75,55.416666666666664,56.111111111111114,36,80,56.60416666666667,-0.1,-0.1,False,False,False,False,False,False,False,False,False,1.0,48.75,0.0
METSO.HE,METSO.HE,50.0,-0.15,-0.4222222222222222,13.61111111111111,-21.11111111111111,1.0,1.0,36.666666666666664,33.333333333333336,0.0,33.333333333333336,0.0,58.888888888888886,48.888888888888886,75,1,68.75,59.861111111111114,61.111111111111114,36,80,51.14583333333333,-0.15,-0.4222222222222222,False,False,False,False,False,False,False,False,False,1.0,68.75,13.61111111111111
NDA-FI.HE,NDA-FI.HE,50.0,-0.9833333333333333,-0.9555555555555556,-1.3888888888888888,-47.77777777777778,2.0,0.0,30.0,33.333333333333336,33.333333333333336,33.333333333333336,33.333333333333336,50.0,35.0,75,1,83.75,68.75,85.0,36,80,22.145833333333332,-0.9833333333333333,-0.9555555555555556,False,False,False,False,False,False,True,False,True,2.0,83.75,-1.3888888888888888
NOKIA.HE,NOKIA.HE,50.0,-0.9333333333333332,-0.38888888888888884,-27.222222222222225,-19.444444444444443,2.0,0.0,50.0,33.333333333333336,33.333333333333336,33.333333333333336,33.333333333333336,50.0,44.444444444444436,75,1,83.75,68.75,75.55555555555557,36,80,27.270833333333332,-0.9333333333333332,-0.38888888888888884,False,False,False,False,False,False,False,False,False,2.0,83.75,-27.222222222222225
ORNBV.HE,ORNBV.HE,50.0,-0.9,-0.06666666666666671,-41.666666666666664,-3.3333333333333357,1.0,0.0,56.666666666666664,0.0,33.333333333333336,0.0,33.333333333333336,54.444444444444436,49.444444444444436,75,0,48.75,64.30555555555557,60.555555555555564,36,80,34.60416666666667,-0.9,-0.06666666666666671,False,False,False,False,False,False,False,False,False,1.0,48.75,-41.666666666666664
OUT1V.HE,OUT1V.HE,50.0,0.7,0.46666666666666656,11.666666666666671,23.33333333333333,0.0,1.0,63.333333333333336,0.0,0.0,0.0,0.0,63.333333333333336,63.333333333333336,55,0,24.75,50.416666666666664,36.666666666666664,36,80,82.20416666666668,0.7,0.46666666666666656,False,False,False,False,False,False,False,False,False,0.0,24.75,11.666666666666671
SAMPO.HE,SAMPO.HE,50.0,0.0,-0.1,5.0,-5.0,0.0,0.0,43.333333333333336,0.0,0.0,0.0,0.0,63.333333333333336,53.888888888888886,75,0,33.75,55.416666666666664,46.111111111111114,36,80,61.10416666666667,0.0,-0.1,False,False,False,False,False,False,False,False,False,0.0,33.75,5.0
STERV.HE,STERV.HE,50.0,0.7,-0.4222222222222222,56.111111111111114,-21.11111111111111,0.0,1.0,36.666666666666664,33.333333333333336,0.0,33.333333333333336,0.0,58.888888888888886,48.888888888888886,75,1,53.75,59.861111111111114,51.111111111111114,36,80,72.52083333333334,0.7,-0.4222222222222222,False,False,False,False,False,False,False,False,False,0.0,53.75,56.111111111111114
TIETO.HE,TIETO.HE,50.0,0.0,-0.9555555555555556,47.77777777777778,-47.77777777777778,0.0,0.0,30.0,33.333333333333336,33.333333333333336,33.333333333333336,33.333333333333336,50.0,35.0,75,1,53.75,68.75,65.0,36,80,48.77083333333333,0.0,-0.9555555555555556,False,False,False,False,False,False,True,False,True,0.0,53.75,47.77777777777778
TYRES.HE,TYRES.HE,50.0,0.0,-0.38888888888888884,19.444444444444443,-19.444444444444443,0.0,0.0,50.0,33.333333333333336,33.333333333333336,33.333333333333336,33.333333333333336,50.0,44.444444444444436,75,1,53.75,68.75,55.555555555555564,36,80,52.77083333333333,0.0,-0.38888888888888884,False,False,False,False,False,False,False,False,False,0.0,53.75,19.444444444444443
UPM.HE,UPM.HE,50.0,0.0,-0.06666666666666671,3.3333333333333357,-3.3333333333333357,0.0,0.0,56.666666666666664,0.0,33.333333333333336,0.0,33.333333333333336,54.444444444444436,49.444444444444436,75,0,33.75,64.30555555555557,50.555555555555564,36,80,57.10416666666667,0.0,-0.06666666666666671,False,False,False,False,False,False,False,False,False,0.0,33.75,3.3333333333333357
VALMT.HE,VALMT.HE,50.0,0.0,0.46666666666666656,-23.33333333333333,23.33333333333333,0.0,0.0,63.333333333333336,0.0,0.0,0.0,0.0,63.333333333333336,63.333333333333336,55,0,24.75,50.416666666666664,36.666666666666664,36,80,66.45416666666668,0.0,0.46666666666666656,False,False,False,False,False,False,False,False,False,0.0,24.75,-23.33333333333333
WRT1V.HE,WRT1V.HE,50.0,0.0,-0.1,5.0,-5.0,0.0,0.0,43.333333333333336,0.0,0.0,0.0,0.0,63.333333333333336,53.888888888888886,75,0,33.75,55.416666666666664,46.111111111111114,36,80,61.10416666666667,0.0,-0.1,False,False,False,False,False,False,False,False,False,0.0,33.75,5.0
ALMB.CO,ALMB.CO,5.0,-0.9,-0.9555555555555556,2.7777777777777777,-47.77777777777778,1.0,0.0,30.0,33.333333333333336,33.333333333333336,33.333333333333336,33.333333333333336,50.0,35.0,75,1,68.75,68.75,75.0,36,80,26.270833333333332,-0.9,-0.9555555555555556,False,False,False,False,False,False,True,False,True,1.0,68.75,2.7777777777777777
ALSYDB.CO,ALSYDB.CO,85.0,0.7,-0.38888888888888884,54.44444444444444,-19.444444444444443,0.0,1.0,50.0,33.333333333333336,33.333333333333336,33.333333333333336,33.333333333333336,50.0,44.444444444444436,75,1,53.75,68.75,55.555555555555564,36,80,68.52083333333333,0.7,-0.38888888888888884,False,False,False,False,False,False,False,False,False,0.0,53.75,54.44444444444444
CARL-B.CO,CARL-B.CO,50.0,0.0,-0.45,22.5,-22.5,0.0,0.0,40.0,0.0,50.0,0.0,50.0,56.666666666666664,42.5,75,0,33.75,62.083333333333336,57.5,36,80,50.4375,0.0,-0.45,False,False,False,False,False,False,False,False,False,0.0,33.75,22.5
COLO-B.CO,COLO-B.CO,50.0,0.35,0.46666666666666656,-5.833333333333329,23.33333333333333,0.0,1.0,63.333333333333336,0.0,0.0,0.0,0.0,63.333333333333336,63.333333333333336,55,0,24.75,50.416666666666664,36.666666666666664,36,80,74.32916666666668,0.35,0.46666666666666656,False,False,False,False,False,False,False,False,False,0.0,24.75,-5.833333333333329
DANSKE.CO,DANSKE.CO,85.0,-0.15,-0.1,-2.5,-5.0,1.0,1.0,43.333333333333336,0.0,0.0,0.0,0.0,63.333333333333336,53.888888888888886,75,0,48.75,55.416666666666664,56.111111111111114,36,80,55.47916666666667,-0.15,-0.1,False,False,False,False,False,False,False,False,False,1.0,48.75,-2.5
ISS.CO,ISS.CO,0.0,-0.9833333333333333,-0.9833333333333333,0.0,-49.166666666666664,2.0,0.0,30.0,50.0,0.0,50.0,0.0,50.0,35.0,75,1,83.75,68.75,85.0,36,80,28.8125,-0.9833333333333333,-0.9833333333333333,False,False,False,False,False,False,True,False,True,2.0,83.75,0.0
JYSK.CO,JYSK.CO,50.0,-0.9333333333333332,-0.9333333333333332,0.0,-46.666666666666664,2.0,0.0,30.0,50.0,50.0,50.0,50.0,50.0,35.0,75,1,83.75,68.75,85.0,36,80,19.9375,-0.9333333333333332,-0.9333333333333332,False,False,False,False,False,False,True,False,True,2.0,83.75,0.0
MAERSK-B.CO,MAERSK-B.CO,1.666666666666667,-0.38888888888888884,-0.38888888888888884,0.0,-19.444444444444443,2.0,1.0,50.0,33.333333333333336,33.333333333333336,33.333333333333336,33.333333333333336,50.0,44.444444444444436,75,1,83.75,68.75,75.55555555555557,36,80,39.52083333333333,-0.38888888888888884,-0.38888888888888884,False,False,False,False,False,False,False,False,False,2.0,83.75,0.0
NOVO-B.CO,NOVO-B.CO,5.0,-0.06666666666666671,-0.06666666666666671,0.0,-3.3333333333333357,1.0,1.0,56.666666666666664,0.0,33.333333333333336,0.0,33.333333333333336,54.444444444444436,49.444444444444436,75,0,48.75,64.30555555555557,60.555555555555564,36,80,53.35416666666667,-0.06666666666666671,-0.06666666666666671,False,False,False,False,False,False,False,False,False,1.0,48.75,0.0
NSIS-B.CO,NSIS-B.CO,50.0,0.46666666666666656,0.46666666666666656,0.0,23.33333333333333,0.0,2.0,63.333333333333336,0.0,0.0,0.0,0.0,63.333333333333336,63.333333333333336,55,0,24.75,50.416666666666664,36.666666666666664,36,80,76.95416666666668,0.46666666666666656,0.46666666666666656,False,False,False,False,False,False,False,False,False,0.0,24.75,0.0
PNDORA.CO,PNDORA.CO,50.0,0.35,-0.1,22.5,-5.0,0.0,1.0,43.333333333333336,0.0,0.0,0.0,0.0,63.333333333333336,53.888888888888886,75,0,33.75,55.416666666666664,46.111111111111114,36,80,68.97916666666667,0.35,-0.1,False,False,False,False,False,False,False,False,False,0.0,33.75,22.5
RBREW.CO,RBREW.CO,50.0,-0.15,-0.4222222222222222,13.61111111111111,-21.11111111111111,1.0,1.0,36.666666666666664,33.333333333333336,0.0,33.333333333333336,0.0,58.888888888888886,48.888888888888886,75,1,68.75,59.861111111111114,61.111111111111114,36,80,51.14583333333333,-0.15,-0.4222222222222222,False,False,False,False,False,False,False,False,False,1.0,68.75,13.61111111111111
ROCK-B.CO,ROCK-B.CO,50.0,-0.9833333333333333,-0.9555555555555556,-1.3888888888888888,-47.77777777777778,2.0,0.0,30.0,33.333333333333336,33.333333333333336,33.333333333333336,33.333333333333336,50.0,35.0,75,1,83.75,68.75,85.0,36,80,22.145833333333332,-0.9833333333333333,-0.9555555555555556,False,False,False,False,False,False,True,False,True,2.0,83.75,-1.3888888888888888
TRMD-A.CO,TRMD-A.CO,50.0,-0.9666666666666667,-0.38888888888888884,-28.88888888888889,-19.444444444444443,1.0,0.0,50.0,33.333333333333336,33.333333333333336,33.333333333333336,33.333333333333336,50.0,44.444444444444436,75,1,68.75,68.75,65.55555555555557,36,80,28.770833333333332,-0.9666666666666667,-0.38888888888888884,False,False,False,False,False,False,False,False,False,1.0,68.75,-28.88888888888889
TRYG.CO,TRYG.CO,50.0,-0.9,-0.06666666666666671,-41.666666666666664,-3.3333333333333357,1.0,0.0,56.666666666666664,0.0,33.333333333333336,0.0,33.333333333333336,54.444444444444436,49.444444444444436,75,0,48.75,64.30555555555557,60.555555555555564,36,80,34.60416666666667,-0.9,-0.06666666666666671,False,False,False,False,False,False,False,False,False,1.0,48.75,-41.666666666666664
AYV.PA,AYV.PA,0.0,-1.0,-0.1,-45.0,-5.0,1.0,0.0,43.333333333333336,0.0,0.0,0.0,0.0,63.333333333333336,53.888888888888886,75,0,48.75,55.416666666666664,56.111111111111114,36,80,36.35416666666667,-1.0,-0.1,False,False,False,False,False,False,False,False,False,1.0,48.75,-45.0
UNI.MC,UNI.MC,50.0,-0.9,-0.95,2.5,-47.5,1.0,0.0,30.0,0.0,50.0,0.0,50.0,50.0,35.0,75,1,68.75,68.75,75.0,36,80,22.9375,-0.9,-0.95,False,False,False,False,False,False,True,False,True,1.0,68.75,2.5
ESSITY-B.ST,ESSITY-B.ST,85.0,0.35,-0.06666666666666671,20.833333333333336,-3.3333333333333357,0.0,1.0,56.666666666666664,0.0,33.333333333333336,0.0,33.333333333333336,54.444444444444436,49.444444444444436,75,0,33.75,64.30555555555557,50.555555555555564,36,80,64.97916666666667,0.35,-0.06666666666666671,False,False,False,False,False,False,False,False,False,0.0,33.75,20.833333333333336
EPI-A.ST,EPI-A.ST,50.0,0.0,0.35,-17.5,17.5,0.0,0.0,70.0,0.0,0.0,0.0,0.0,56.666666666666664,56.666666666666664,55,0,24.75,57.083333333333336,43.333333333333336,36,80,67.7875,0.0,0.35,False,False,False,False,False,False,False,False,False,0.0,24.75,-17.5
8TRA.ST,8TRA.ST,50.0,0.0,-0.9555555555555556,47.77777777777778,-47.77777777777778,0.0,0.0,30.0,33.333333333333336,33.333333333333336,33.333333333333336,33.333333333333336,50.0,35.0,75,1,53.75,68.75,65.0,36,80,48.77083333333333,0.0,-0.9555555555555556,False,False,False,False,False,False,True,False,True,0.0,53.75,47.77777777777778
EQT.ST,EQT.ST,50.0,0.0,-0.4222222222222222,21.11111111111111,-21.11111111111111,0.0,0.0,36.666666666666664,33.333333333333336,0.0,33.333333333333336,0.0,58.888888888888886,48.888888888888886,75,1,53.75,59.861111111111114,51.111111111111114,36,80,56.77083333333333,0.0,-0.4222222222222222,False,False,False,False,False,False,False,False,False,0.0,53.75,21.11111111111111
FDJU.PA,FDJU.PA,50.0,0.0,-0.9555555555555556,47.77777777777778,-47.77777777777778,0.0,0.0,30.0,33.333333333333336,33.333333333333336,33.333333333333336,33.333333333333336,50.0,35.0,75,1,53.75,68.75,65.0,36,80,48.77083333333333,0.0,-0.9555555555555556,False,False,False,False,False,False,True,False,True,0.0,53.75,47.77777777777778
UNA.AS,UNA.AS,50.0,-0.9,-0.06666666666666671,-41.666666666666664,-3.3333333333333357,1.0,0.0,56.666666666666664,0.0,33.333333333333336,0.0,33.333333333333336,54.444444444444436,49.444444444444436,75,0,48.75,64.30555555555557,60.555555555555564,36,80,34.60416666666667,-0.9,-0.06666666666666671,False,False,False,False,False,False,False,False,False,1.0,48.75,-41.666666666666664
SAVE.ST,SAVE.ST,50.0,0.0,0.46666666666666656,-23.33333333333333,23.33333333333333,0.0,0.0,63.333333333333336,0.0,0.0,0.0,0.0,63.333333333333336,63.333333333333336,55,0,24.75,50.416666666666664,36.666666666666664,36,80,66.45416666666668,0.0,0.46666666666666656,False,False,False,False,False,False,False,False,False,0.0,24.75,-23.33333333333333
TE.PA,TE.PA,50.0,0.0,-0.06666666666666671,3.3333333333333357,-3.3333333333333357,0.0,0.0,56.666666666666664,0.0,33.333333333333336,0.0,33.333333333333336,54.444444444444436,49.444444444444436,75,0,33.75,64.30555555555557,50.555555555555564,36,80,57.10416666666667,0.0,-0.06666666666666671,False,False,False,False,False,False,False,False,False,0.0,33.75,3.3333333333333357
CTPNV.AS,CTPNV.AS,50.0,0.0,-0.06666666666666671,3.3333333333333357,-3.3333333333333357,0.0,0.0,56.666666666666664,0.0,33.333333333333336,0.0,33.333333333333336,54.444444444444436,49.444444444444436,75,0,33.75,64.30555555555557,50.555555555555564,36,80,57.10416666666667,0.0,-0.06666666666666671,False,False,False,False,False,False,False,False,False,0.0,33.75,3.3333333333333357
ALLFG.AS,ALLFG.AS,50.0,-0.9666666666666667,-0.13333333333333328,-41.66666666666667,-6.666666666666664,1.0,0.0,40.0,50.0,0.0,50.0,0.0,63.33333333333333,55.83333333333333,75,1,68.75,55.41666666666667,54.16666666666667,36,80,33.4375,-0.9666666666666667,-0.13333333333333328,False,False,False,False,False,False,False,False,False,1.0,68.75,-41.66666666666667
AZE.BR,AZE.BR,50.0,-0.9333333333333332,-0.38888888888888884,-27.222222222222225,-19.444444444444443,2.0,0.0,50.0,33.333333333333336,33.333333333333336,33.333333333333336,33.333333333333336,50.0,44.444444444444436,75,1,83.75,68.75,75.55555555555557,36,80,27.270833333333332,-0.9333333333333332,-0.38888888888888884,False,False,False,False,False,False,False,False,False,2.0,83.75,-27.222222222222225
UMG.AS,UMG.AS,50.0,-0.1,-0.06666666666666671,-1.6666666666666643,-3.3333333333333357,1.0,1.0,56.666666666666664,0.0,33.333333333333336,0.0,33.333333333333336,54.444444444444436,49.444444444444436,75,0,48.75,64.30555555555557,60.555555555555564,36,80,52.60416666666667,-0.1,-0.06666666666666671,False,False,False,False,False,False,False,False,False,1.0,48.75,-1.6666666666666643
HLUN-B.CO,HLUN-B.CO,50.0,0.0,-0.4222222222222222,21.11111111111111,-21.11111111111111,0.0,0.0,36.666666666666664,33.333333333333336,0.0,33.333333333333336,0.0,58.888888888888886,48.888888888888886,75,1,53.75,59.861111111111114,51.111111111111114,36,80,56.77083333333333,0.0,-0.4222222222222222,False,False,False,False,False,False,False,False,False,0.0,53.75,21.11111111111111
ALLEI.ST,ALLEI.ST,50.0,0.0,0.35,-17.5,17.5,0.0,0.0,70.0,0.0,0.0,0.0,0.0,56.666666666666664,56.666666666666664,55,0,24.75,57.083333333333336,43.333333333333336,36,80,67.7875,0.0,0.35,False,False,False,False,False,False,False,False,False,0.0,24.75,-17.5
URW.PA,URW.PA,50.0,-0.1,-0.06666666666666671,-1.6666666666666643,-3.3333333333333357,1.0,1.0,56.666666666666664,0.0,33.333333333333336,0.0,33.333333333333336,54.444444444444436,49.444444444444436,75,0,48.75,64.30555555555557,60.555555555555564,36,80,52.60416666666667,-0.1,-0.06666666666666671,False,False,False,False,False,False,False,False,False,1.0,48.75,-1.6666666666666643
DSFIR.AS,DSFIR.AS,50.0,0.35,0.46666666666666656,-5.833333333333329,23.33333333333333,0.0,1.0,63.333333333333336,0.0,0.0,0.0,0.0,63.333333333333336,63.333333333333336,55,0,24.75,50.416666666666664,36.666666666666664,36,80,74.32916666666668,0.35,0.46666666666666656,False,False,False,False,False,False,False,False,False,0.0,24.75,-5.833333333333329
MANTA.HE,MANTA.HE,50.0,0.0,0.46666666666666656,-23.33333333333333,23.33333333333333,0.0,0.0,63.333333333333336,0.0,0.0,0.0,0.0,63.333333333333336,63.333333333333336,55,0,24.75,50.416666666666664,36.666666666666664,36,80,66.45416666666668,0.0,0.46666666666666656,False,False,False,False,False,False,False,False,False,0.0,24.75,-23.33333333333333
SYENS.BR,SYENS.BR,50.0,0.0,-0.4222222222222222,21.11111111111111,-21.11111111111111,0.0,0.0,36.666666666666664,33.333333333333336,0.0,33.333333333333336,0.0,58.888888888888886,48.888888888888886,75,1,53.75,59.861111111111114,51.111111111111114,36,80,56.77083333333333,0.0,-0.4222222222222222,False,False,False,False,False,False,False,False,False,0.0,53.75,21.11111111111111
CVC.AS,CVC.AS,50.0,0.0,-0.06666666666666671,3.3333333333333357,-3.3333333333333357,0.0,0.0,56.666666666666664,0.0,33.333333333333336,0.0,33.333333333333336,54.444444444444436,49.444444444444436,75,0,33.75,64.30555555555557,50.555555555555564,36,80,57.10416666666667,0.0,-0.06666666666666671,False,False,False,False,False,False,False,False,False,0.0,33.75,3.3333333333333357
PUIG.MC,PUIG.MC,50.0,0.0,0.46666666666666656,-23.33333333333333,23.33333333333333,0.0,0.0,63.333333333333336,0.0,0.0,0.0,0.0,63.333333333333336,63.333333333333336,55,0,24.75,50.416666666666664,36.666666666666664,36,80,66.45416666666668,0.0,0.46666666666666656,False,False,False,False,False,False,False,False,False,0.0,24.75,-23.33333333333333
NOBA.ST,NOBA.ST,50.0,-0.9333333333333332,-0.9333333333333332,0.0,-46.666666666666664,2.0,0.0,30.0,50.0,50.0,50.0,50.0,50.0,35.0,75,1,83.75,68.75,85.0,36,80,19.9375,-0.9333333333333332,-0.9333333333333332,False,False,False,False,False,False,True,False,True,2.0,83.75,0.0
ACT.XETRA,ACT.XETRA,50.0,0.0,-0.38888888888888884,19.444444444444443,-19.444444444444443,0.0,0.0,50.0,33.333333333333336,33.333333333333336,33.333333333333336,33.333333333333336,50.0,44.444444444444436,75,1,53.75,68.75,55.555555555555564,36,80,52.77083333333333,0.0,-0.38888888888888884,False,False,False,False,False,False,False,False,False,0.0,53.75,19.444444444444443
ADS.XETRA,ADS.XETRA,50.0,0.0,-0.06666666666666671,3.3333333333333357,-3.3333333333333357,0.0,0.0,56.666666666666664,0.0,33.333333333333336,0.0,33.333333333333336,54.444444444444436,49.444444444444436,75,0,33.75,64.30555555555557,50.555555555555564,36,80,57.10416666666667,0.0,-0.06666666666666671,False,False,False,False,False,False,False,False,False,0.0,33.75,3.3333333333333357
AFX.XETRA,AFX.XETRA,50.0,0.0,0.46666666666666656,-23.33333333333333,23.33333333333333,0.0,0.0,63.333333333333336,0.0,0.0,0.0,0.0,63.333333333333336,63.333333333333336,55,0,24.75,50.416666666666664,36.666666666666664,36,80,66.45416666666668,0.0,0.46666666666666656,False,False,False,False,False,False,False,False,False,0.0,24.75,-23.33333333333333
AIR.XETRA,AIR.XETRA,50.0,0.0,-0.1,5.0,-5.0,0.0,0.0,43.333333333333336,0.0,0.0,0.0,0.0,63.333333333333336,53.888888888888886,75,0,33.75,55.416666666666664,46.111111111111114,36,80,61.10416666666667,0.0,-0.1,False,False,False,False,False,False,False,False,False,0.0,33.75,5.0
ALV.XETRA,ALV.XETRA,50.0,0.0,-0.15,7.5,-7.5,0.0,0.0,40.0,0.0,0.0,0.0,0.0,63.33333333333333,55.83333333333333,75,1,53.75,55.41666666666667,44.16666666666667,36,80,57.4375,0.0,-0.15,False,False,False,False,False,False,False,False,False,0.0,53.75,7.5
AOF.XETRA,AOF.XETRA,5.0,-0.9,-0.9555555555555556,2.7777777777777777,-47.77777777777778,1.0,0.0,30.0,33.333333333333336,33.333333333333336,33.333333333333336,33.333333333333336,50.0,35.0,75,1,68.75,68.75,75.0,36,80,26.270833333333332,-0.9,-0.9555555555555556,False,False,False,False,False,False,True,False,True,1.0,68.75,2.7777777777777777
AT1.XETRA,AT1.XETRA,85.0,0.7,-0.38888888888888884,54.44444444444444,-19.444444444444443,0.0,1.0,50.0,33.333333333333336,33.333333333333336,33.333333333333336,33.333333333333336,50.0,44.444444444444436,75,1,53.75,68.75,55.555555555555564,36,80,68.52083333333333,0.7,-0.38888888888888884,False,False,False,False,False,False,False,False,False,0.0,53.75,54.44444444444444
BAS.XETRA,BAS.XETRA,50.0,0.0,-0.06666666666666671,3.3333333333333357,-3.3333333333333357,0.0,0.0,56.666666666666664,0.0,33.333333333333336,0.0,33.333333333333336,54.444444444444436,49.444444444444436,75,0,33.75,64.30555555555557,50.555555555555564,36,80,57.10416666666667,0.0,-0.06666666666666671,False,False,False,False,False,False,False,False,False,0.0,33.75,3.3333333333333357
BC8.XETRA,BC8.XETRA,50.0,0.7,0.7,0.0,35.0,0.0,1.0,70.0,0.0,0.0,0.0,0.0,63.33333333333333,70.0,55,0,24.75,50.41666666666667,30.0,36,80,83.5375,0.7,0.7,False,False,False,False,False,False,False,False,False,0.0,24.75,0.0
BEI.XETRA,BEI.XETRA,85.0,-0.15,-0.1,-2.5,-5.0,1.0,1.0,43.333333333333336,0.0,0.0,0.0,0.0,63.333333333333336,53.888888888888886,75,0,48.75,55.416666666666664,56.111111111111114,36,80,55.47916666666667,-0.15,-0.1,False,False,False,False,False,False,False,False,False,1.0,48.75,-2.5
BMT.XETRA,BMT.XETRA,0.0,-0.9833333333333333,-0.4222222222222222,-28.055555555555557,-21.11111111111111,2.0,0.0,36.666666666666664,33.333333333333336,0.0,33.333333333333336,0.0,58.888888888888886,48.888888888888886,75,1,83.75,59.861111111111114,71.11111111111111,36,80,30.145833333333332,-0.9833333333333333,-0.4222222222222222,False,False,False,False,False,False,False,False,False,2.0,83.75,-28.055555555555557
BMW.XETRA,BMW.XETRA,1.666666666666667,-0.9333333333333332,-0.9333333333333332,0.0,-46.666666666666664,2.0,0.0,30.0,50.0,50.0,50.0,50.0,50.0,35.0,75,1,83.75,68.75,85.0,36,80,19.9375,-0.9333333333333332,-0.9333333333333332,False,False,False,False,False,False,True,False,True,2.0,83.75,0.0
BNR.XETRA,BNR.XETRA,50.0,-0.1,-0.1,0.0,-5.0,1.0,1.0,60.0,0.0,50.0,0.0,50.0,50.0,49.166666666666664,75,1,68.75,68.75,60.833333333333336,36,80,46.9375,-0.1,-0.1,False,False,False,False,False,False,False,False,False,1.0,68.75,0.0
BPE5.XETRA,BPE5.XETRA,5.0,-0.06666666666666671,-0.06666666666666671,0.0,-3.3333333333333357,1.0,1.0,56.666666666666664,0.0,33.333333333333336,0.0,33.333333333333336,54.444444444444436,49.444444444444436,75,0,48.75,64.30555555555557,60.555555555555564,36,80,53.35416666666667,-0.06666666666666671,-0.06666666666666671,False,False,False,False,False,False,False,False,False,1.0,48.75,0.0
BSP.XETRA,BSP.XETRA,85.0,0.46666666666666656,0.46666666666666656,0.0,23.33333333333333,0.0,2.0,63.333333333333336,0.0,0.0,0.0,0.0,63.333333333333336,63.333333333333336,55,0,24.75,50.416666666666664,36.666666666666664,36,80,76.95416666666668,0.46666666666666656,0.46666666666666656,False,False,False,False,False,False,False,False,False,0.0,24.75,0.0
CBK.XETRA,CBK.XETRA,50.0,-0.1,-0.1,0.0,-5.0,1.0,1.0,43.333333333333336,0.0,0.0,0.0,0.0,63.333333333333336,53.888888888888886,75,0,48.75,55.416666666666664,56.111111111111114,36,80,56.60416666666667,-0.1,-0.1,False,False,False,False,False,False,False,False,False,1.0,48.75,0.0
CIS.XETRA,CIS.XETRA,50.0,-0.15,-0.4222222222222222,13.61111111111111,-21.11111111111111,1.0,1.0,36.666666666666664,33.333333333333336,0.0,33.333333333333336,0.0,58.888888888888886,48.888888888888886,75,1,68.75,59.861111111111114,61.111111111111114,36,80,51.14583333333333,-0.15,-0.4222222222222222,False,False,False,False,False,False,False,False,False,1.0,68.75,13.61111111111111
CON.XETRA,CON.XETRA,50.0,-0.9833333333333333,-0.9555555555555556,-1.3888888888888888,-47.77777777777778,2.0,0.0,30.0,33.333333333333336,33.333333333333336,33.333333333333336,33.333333333333336,50.0,35.0,75,1,83.75,68.75,85.0,36,80,22.145833333333332,-0.9833333333333333,-0.9555555555555556,False,False,False,False,False,False,True,False,True,2.0,83.75,-1.3888888888888888
DB1.XETRA,DB1.XETRA,50.0,-0.9333333333333332,-0.38888888888888884,-27.222222222222225,-19.444444444444443,2.0,0.0,50.0,33.333333333333336,33.333333333333336,33.333333333333336,33.333333333333336,50.0,44.444444444444436,75,1,83.75,68.75,75.55555555555557,36,80,27.270833333333332,-0.9333333333333332,-0.38888888888888884,False,False,False,False,False,False,False,False,False,2.0,83.75,-27.222222222222225
DBK.XETRA,DBK.XETRA,50.0,-0.9,-0.06666666666666671,-41.666666666666664,-3.3333333333333357,1.0,0.0,56.666666666666664,0.0,33.333333333333336,0.0,33.333333333333336,54.444444444444436,49.444444444444436,75,0,48.75,64.30555555555557,60.555555555555564,36,80,34.60416666666667,-0.9,-0.06666666666666671,False,False,False,False,False,False,False,False,False,1.0,48.75,-41.666666666666664
DEZ.XETRA,DEZ.XETRA,50.0,0.7,0.46666666666666656,11.666666666666671,23.33333333333333,0.0,1.0,63.333333333333336,0.0,0.0,0.0,0.0,63.333333333333336,63.333333333333336,55,0,24.75,50.416666666666664,36.666666666666664,36,80,82.20416666666668,0.7,0.46666666666666656,False,False,False,False,False,False,False,False,False,0.0,24.75,11.666666666666671
DHL.XETRA,DHL.XETRA,50.0,0.0,-0.1,5.0,-5.0,0.0,0.0,43.333333333333336,0.0,0.0,0.0,0.0,63.333333333333336,53.888888888888886,75,0,33.75,55.416666666666664,46.111111111111114,36,80,61.10416666666667,0.0,-0.1,False,False,False,False,False,False,False,False,False,0.0,33.75,5.0
DRW3.XETRA,DRW3.XETRA,50.0,0.7,-0.4222222222222222,56.111111111111114,-21.11111111111111,0.0,1.0,36.666666666666664,33.333333333333336,0.0,33.333333333333336,0.0,58.888888888888886,48.888888888888886,75,1,53.75,59.861111111111114,51.111111111111114,36,80,72.52083333333334,0.7,-0.4222222222222222,False,False,False,False,False,False,False,False,False,0.0,53.75,56.111111111111114
DTE.XETRA,DTE.XETRA,50.0,0.0,-0.9555555555555556,47.77777777777778,-47.77777777777778,0.0,0.0,30.0,33.333333333333336,33.333333333333336,33.333333333333336,33.333333333333336,50.0,35.0,75,1,53.75,68.75,65.0,36,80,48.77083333333333,0.0,-0.9555555555555556,False,False,False,False,False,False,True,False,True,0.0,53.75,47.77777777777778
DUE.XETRA,DUE.XETRA,50.0,0.0,-0.38888888888888884,19.444444444444443,-19.444444444444443,0.0,0.0,50.0,33.333333333333336,33.333333333333336,33.333333333333336,33.333333333333336,50.0,44.444444444444436,75,1,53.75,68.75,55.555555555555564,36,80,52.77083333333333,0.0,-0.38888888888888884,False,False,False,False,False,False,False,False,False,0.0,53.75,19.444444444444443
ELG.XETRA,ELG.XETRA,50.0,0.0,-0.06666666666666671,3.3333333333333357,-3.3333333333333357,0.0,0.0,56.666666666666664,0.0,33.333333333333336,0.0,33.333333333333336,54.444444444444436,49.444444444444436,75,0,33.75,64.30555555555557,50.555555555555564,36,80,57.10416666666667,0.0,-0.06666666666666671,False,False,False,False,False,False,False,False,False,0.0,33.75,3.3333333333333357
EOAN.XETRA,EOAN.XETRA,50.0,0.0,0.46666666666666656,-23.33333333333333,23.33333333333333,0.0,0.0,63.333333333333336,0.0,0.0,0.0,0.0,63.333333333333336,63.333333333333336,55,0,24.75,50.416666666666664,36.666666666666664,36,80,66.45416666666668,0.0,0.46666666666666656,False,False,False,False,False,False,False,False,False,0.0,24.75,-23.33333333333333
EVD.XETRA,EVD.XETRA,50.0,0.0,-0.1,5.0,-5.0,0.0,0.0,43.333333333333336,0.0,0.0,0.0,0.0,63.333333333333336,53.888888888888886,75,0,33.75,55.416666666666664,46.111111111111114,36,80,61.10416666666667,0.0,-0.1,False,False,False,False,False,False,False,False,False,0.0,33.75,5.0
EVK.XETRA,EVK.XETRA,50.0,0.0,-0.4222222222222222,21.11111111111111,-21.11111111111111,0.0,0.0,36.666666666666664,33.333333333333336,0.0,33.333333333333336,0.0,58.888888888888886,48.888888888888886,75,1,53.75,59.861111111111114,51.111111111111114,36,80,56.77083333333333,0.0,-0.4222222222222222,False,False,False,False,False,False,False,False,False,0.0,53.75,21.11111111111111
FIE.XETRA,FIE.XETRA,50.0,0.0,-0.9555555555555556,47.77777777777778,-47.77777777777778,0.0,0.0,30.0,33.333333333333336,33.333333333333336,33.333333333333336,33.333333333333336,50.0,35.0,75,1,53.75,68.75,65.0,36,80,48.77083333333333,0.0,-0.9555555555555556,False,False,False,False,False,False,True,False,True,0.0,53.75,47.77777777777778
FME.XETRA,FME.XETRA,50.0,0.0,-0.38888888888888884,19.444444444444443,-19.444444444444443,0.0,0.0,50.0,33.333333333333336,33.333333333333336,33.333333333333336,33.333333333333336,50.0,44.444444444444436,75,1,53.75,68.75,55.555555555555564,36,80,52.77083333333333,0.0,-0.38888888888888884,False,False,False,False,False,False,False,False,False,0.0,53.75,19.444444444444443
FNTN.XETRA,FNTN.XETRA,50.0,0.0,-0.06666666666666671,3.3333333333333357,-3.3333333333333357,0.0,0.0,56.666666666666664,0.0,33.333333333333336,0.0,33.333333333333336,54.444444444444436,49.444444444444436,75,0,33.75,64.30555555555557,50.555555555555564,36,80,57.10416666666667,0.0,-0.06666666666666671,False,False,False,False,False,False,False,False,False,0.0,33.75,3.3333333333333357
FPE3.XETRA,FPE3.XETRA,50.0,0.0,0.46666666666666656,-23.33333333333333,23.33333333333333,0.0,0.0,63.333333333333336,0.0,0.0,0.0,0.0,63.333333333333336,63.333333333333336,55,0,24.75,50.416666666666664,36.666666666666664,36,80,66.45416666666668,0.0,0.46666666666666656,False,False,False,False,False,False,False,False,False,0.0,24.75,-23.33333333333333
FRA.XETRA,FRA.XETRA,50.0,0.0,-0.1,5.0,-5.0,0.0,0.0,43.333333333333336,0.0,0.0,0.0,0.0,63.333333333333336,53.888888888888886,75,0,33.75,55.416666666666664,46.111111111111114,36,80,61.10416666666667,0.0,-0.1,False,False,False,False,False,False,False,False,False,0.0,33.75,5.0
FRE.XETRA,FRE.XETRA,50.0,0.0,-0.4222222222222222,21.11111111111111,-21.11111111111111,0.0,0.0,36.666666666666664,33.333333333333336,0.0,33.333333333333336,0.0,58.888888888888886,48.888888888888886,75,1,53.75,59.861111111111114,51.111111111111114,36,80,56.77083333333333,0.0,-0.4222222222222222,False,False,False,False,False,False,False,False,False,0.0,53.75,21.11111111111111
G1A.XETRA,G1A.XETRA,50.0,0.0,-0.9555555555555556,47.77777777777778,-47.77777777777778,0.0,0.0,30.0,33.333333333333336,33.333333333333336,33.333333333333336,33.333333333333336,50.0,35.0,75,1,53.75,68.75,65.0,36,80,48.77083333333333,0.0,-0.9555555555555556,False,False,False,False,False,False,True,False,True,0.0,53.75,47.77777777777778
G24.XETRA,G24.XETRA,50.0,0.0,-0.9333333333333332,46.666666666666664,-46.666666666666664,0.0,0.0,30.0,50.0,50.0,50.0,50.0,50.0,35.0,75,1,53.75,68.75,65.0,36,80,45.4375,0.0,-0.9333333333333332,False,False,False,False,False,False,True,False,True,0.0,53.75,46.666666666666664
GBF.XETRA,GBF.XETRA,50.0,0.0,-0.06666666666666671,3.3333333333333357,-3.3333333333333357,0.0,0.0,56.666666666666664,0.0,33.333333333333336,0.0,33.333333333333336,54.444444444444436,49.444444444444436,75,0,33.75,64.30555555555557,50.555555555555564,36,80,57.10416666666667,0.0,-0.06666666666666671,False,False,False,False,False,False,False,False,False,0.0,33.75,3.3333333333333357
HBC1.XETRA,HBC1.XETRA,85.0,0.7,0.46666666666666656,11.666666666666671,23.33333333333333,0.0,1.0,63.333333333333336,0.0,0.0,0.0,0.0,63.333333333333336,63.333333333333336,55,0,24.75,50.416666666666664,36.666666666666664,36,80,82.20416666666668,0.7,0.46666666666666656,False,False,False,False,False,False,False,False,False,0.0,24.75,11.666666666666671
HEI.XETRA,HEI.XETRA,0.0,-1.0,-0.5,-25.0,-25.0,1.0,0.0,40.0,0.0,0.0,0.0,0.0,56.666666666666664,42.5,75,0,48.75,62.083333333333336,67.5,36,80,35.6875,-1.0,-0.5,False,False,False,False,False,False,False,False,False,1.0,48.75,-25.0
HEN3.XETRA,HEN3.XETRA,50.0,-0.9666666666666667,-0.13333333333333328,-41.66666666666667,-6.666666666666664,1.0,0.0,40.0,50.0,0.0,50.0,0.0,63.33333333333333,55.83333333333333,75,1,68.75,55.41666666666667,54.16666666666667,36,80,33.4375,-0.9666666666666667,-0.13333333333333328,False,False,False,False,False,False,False,False,False,1.0,68.75,-41.66666666666667
HLAG.XETRA,HLAG.XETRA,1.666666666666667,-0.9333333333333332,-0.9555555555555556,1.1111111111111112,-47.77777777777778,2.0,0.0,30.0,33.333333333333336,33.333333333333336,33.333333333333336,33.333333333333336,50.0,35.0,75,1,83.75,68.75,85.0,36,80,23.270833333333332,-0.9333333333333332,-0.9555555555555556,False,False,False,False,False,False,True,False,True,2.0,83.75,1.1111111111111112
HNR1.XETRA,HNR1.XETRA,5.0,-0.1,-0.38888888888888884,14.444444444444443,-19.444444444444443,1.0,1.0,50.0,33.333333333333336,33.333333333333336,33.333333333333336,33.333333333333336,50.0,44.444444444444436,75,1,68.75,68.75,65.55555555555557,36,80,48.27083333333333,-0.1,-0.38888888888888884,False,False,False,False,False,False,False,False,False,1.0,68.75,14.444444444444443
HOT.XETRA,HOT.XETRA,50.0,0.35,0.35,0.0,17.5,0.0,1.0,70.0,0.0,0.0,0.0,0.0,56.666666666666664,56.666666666666664,75,0,33.75,62.083333333333336,43.333333333333336,36,80,74.3125,0.35,0.35,False,False,False,False,False,False,False,False,False,0.0,33.75,0.0
IBM.XETRA,IBM.XETRA,85.0,0.46666666666666656,0.46666666666666656,0.0,23.33333333333333,0.0,2.0,63.333333333333336,0.0,0.0,0.0,0.0,63.333333333333336,63.333333333333336,55,0,24.75,50.416666666666664,36.666666666666664,36,80,76.95416666666668,0.46666666666666656,0.46666666666666656,False,False,False,False,False,False,False,False,False,0.0,24.75,0.0
JEN.XETRA,JEN.XETRA,50.0,-0.1,-0.1,0.0,-5.0,1.0,1.0,43.333333333333336,0.0,0.0,0.0,0.0,63.333333333333336,53.888888888888886,75,0,48.75,55.416666666666664,56.111111111111114,36,80,56.60416666666667,-0.1,-0.1,False,False,False,False,False,False,False,False,False,1.0,48.75,0.0
JUN3.XETRA,JUN3.XETRA,85.0,-0.4222222222222222,-0.4222222222222222,0.0,-21.11111111111111,2.0,1.0,36.666666666666664,33.333333333333336,0.0,33.333333333333336,0.0,58.888888888888886,48.888888888888886,75,1,83.75,59.861111111111114,71.11111111111111,36,80,42.77083333333333,-0.4222222222222222,-0.4222222222222222,False,False,False,False,False,False,False,False,False,2.0,83.75,0.0
KGX.XETRA,KGX.XETRA,50.0,-0.9833333333333333,-0.9555555555555556,-1.3888888888888888,-47.77777777777778,2.0,0.0,30.0,33.333333333333336,33.333333333333336,33.333333333333336,33.333333333333336,50.0,35.0,75,1,83.75,68.75,85.0,36,80,22.145833333333332,-0.9833333333333333,-0.9555555555555556,False,False,False,False,False,False,True,False,True,2.0,83.75,-1.3888888888888888
KRN.XETRA,KRN.XETRA,50.0,-0.9333333333333332,-0.38888888888888884,-27.222222222222225,-19.444444444444443,2.0,0.0,50.0,33.333333333333336,33.333333333333336,33.333333333333336,33.333333333333336,50.0,44.444444444444436,75,1,83.75,68.75,75.55555555555557,36,80,27.270833333333332,-0.9333333333333332,-0.38888888888888884,False,False,False,False,False,False,False,False,False,2.0,83.75,-27.222222222222225
KTN.XETRA,KTN.XETRA,50.0,-0.1,-0.06666666666666671,-1.6666666666666643,-3.3333333333333357,1.0,1.0,56.666666666666664,0.0,33.333333333333336,0.0,33.333333333333336,54.444444444444436,49.444444444444436,75,0,48.75,64.30555555555557,60.555555555555564,36,80,52.60416666666667,-0.1,-0.06666666666666671,False,False,False,False,False,False,False,False,False,1.0,48.75,-1.6666666666666643
LEG.XETRA,LEG.XETRA,50.0,0.35,0.46666666666666656,-5.833333333333329,23.33333333333333,0.0,1.0,63.333333333333336,0.0,0.0,0.0,0.0,63.333333333333336,63.333333333333336,55,0,24.75,50.416666666666664,36.666666666666664,36,80,74.32916666666668,0.35,0.46666666666666656,False,False,False,False,False,False,False,False,False,0.0,24.75,-5.833333333333329
LHA.XETRA,LHA.XETRA,50.0,0.0,-0.1,5.0,-5.0,0.0,0.0,43.333333333333336,0.0,0.0,0.0,0.0,63.333333333333336,53.888888888888886,75,0,33.75,55.416666666666664,46.111111111111114,36,80,61.10416666666667,0.0,-0.1,False,False,False,False,False,False,False,False,False,0.0,33.75,5.0
MBG.XETRA,MBG.XETRA,50.0,0.7,-0.4222222222222222,56.111111111111114,-21.11111111111111,0.0,1.0,36.666666666666664,33.333333333333336,0.0,33.333333333333336,0.0,58.888888888888886,48.888888888888886,75,1,53.75,59.861111111111114,51.111111111111114,36,80,72.52083333333334,0.7,-0.4222222222222222,False,False,False,False,False,False,False,False,False,0.0,53.75,56.111111111111114
MOH.XETRA,MOH.XETRA,50.0,-1.0,-0.9555555555555556,-2.2222222222222223,-47.77777777777778,1.0,0.0,30.0,33.333333333333336,33.333333333333336,33.333333333333336,33.333333333333336,50.0,35.0,75,1,68.75,68.75,75.0,36,80,24.020833333333332,-1.0,-0.9555555555555556,False,False,False,False,False,False,True,False,True,1.0,68.75,-2.2222222222222223
MRK.XETRA,MRK.XETRA,50.0,-0.9666666666666667,-0.38888888888888884,-28.88888888888889,-19.444444444444443,1.0,0.0,50.0,33.333333333333336,33.333333333333336,33.333333333333336,33.333333333333336,50.0,44.444444444444436,75,1,68.75,68.75,65.55555555555557,36,80,28.770833333333332,-0.9666666666666667,-0.38888888888888884,False,False,False,False,False,False,False,False,False,1.0,68.75,-28.88888888888889
MUV2.XETRA,MUV2.XETRA,50.0,0.0,-0.06666666666666671,3.3333333333333357,-3.3333333333333357,0.0,0.0,56.666666666666664,0.0,33.333333333333336,0.0,33.333333333333336,54.444444444444436,49.444444444444436,75,0,33.75,64.30555555555557,50.555555555555564,36,80,57.10416666666667,0.0,-0.06666666666666671,False,False,False,False,False,False,False,False,False,0.0,33.75,3.3333333333333357
NEM.XETRA,NEM.XETRA,50.0,0.0,0.46666666666666656,-23.33333333333333,23.33333333333333,0.0,0.0,63.333333333333336,0.0,0.0,0.0,0.0,63.333333333333336,63.333333333333336,55,0,24.75,50.416666666666664,36.666666666666664,36,80,66.45416666666668,0.0,0.46666666666666656,False,False,False,False,False,False,False,False,False,0.0,24.75,-23.33333333333333
NKE.XETRA,NKE.XETRA,50.0,0.0,-0.1,5.0,-5.0,0.0,0.0,43.333333333333336,0.0,0.0,0.0,0.0,63.333333333333336,53.888888888888886,75,0,33.75,55.416666666666664,46.111111111111114,36,80,61.10416666666667,0.0,-0.1,False,False,False,False,False,False,False,False,False,0.0,33.75,5.0
NNGF.XETRA,NNGF.XETRA,50.0,0.0,-0.4222222222222222,21.11111111111111,-21.11111111111111,0.0,0.0,36.666666666666664,33.333333333333336,0.0,33.333333333333336,0.0,58.888888888888886,48.888888888888886,75,1,53.75,59.861111111111114,51.111111111111114,36,80,56.77083333333333,0.0,-0.4222222222222222,False,False,False,False,False,False,False,False,False,0.0,53.75,21.11111111111111
NOA3.XETRA,NOA3.XETRA,50.0,0.0,-0.9555555555555556,47.77777777777778,-47.77777777777778,0.0,0.0,30.0,33.333333333333336,33.333333333333336,33.333333333333336,33.333333333333336,50.0,35.0,75,1,53.75,68.75,65.0,36,80,48.77083333333333,0.0,-0.9555555555555556,False,False,False,False,False,False,True,False,True,0.0,53.75,47.77777777777778
NOV.XETRA,NOV.XETRA,50.0,0.0,-0.38888888888888884,19.444444444444443,-19.444444444444443,0.0,0.0,50.0,33.333333333333336,33.333333333333336,33.333333333333336,33.333333333333336,50.0,44.444444444444436,75,1,53.75,68.75,55.555555555555564,36,80,52.77083333333333,0.0,-0.38888888888888884,False,False,False,False,False,False,False,False,False,0.0,53.75,19.444444444444443
ORC.XETRA,ORC.XETRA,50.0,0.0,-0.06666666666666671,3.3333333333333357,-3.3333333333333357,0.0,0.0,56.666666666666664,0.0,33.333333333333336,0.0,33.333333333333336,54.444444444444436,49.444444444444436,75,0,33.75,64.30555555555557,50.555555555555564,36,80,57.10416666666667,0.0,-0.06666666666666671,False,False,False,False,False,False,False,False,False,0.0,33.75,3.3333333333333357
PAH3.XETRA,PAH3.XETRA,50.0,0.0,0.46666666666666656,-23.33333333333333,23.33333333333333,0.0,0.0,63.333333333333336,0.0,0.0,0.0,0.0,63.333333333333336,63.333333333333336,55,0,24.75,50.416666666666664,36.666666666666664,36,80,66.45416666666668,0.0,0.46666666666666656,False,False,False,False,False,False,False,False,False,0.0,24.75,-23.33333333333333
PUM.XETRA,PUM.XETRA,50.0,0.0,-0.1,5.0,-5.0,0.0,0.0,43.333333333333336,0.0,0.0,0.0,0.0,63.333333333333336,53.888888888888886,75,0,33.75,55.416666666666664,46.111111111111114,36,80,61.10416666666667,0.0,-0.1,False,False,False,False,False,False,False,False,False,0.0,33.75,5.0
R6C0.XETRA,R6C0.XETRA,50.0,0.0,-0.4222222222222222,21.11111111111111,-21.11111111111111,0.0,0.0,36.666666666666664,33.333333333333336,0.0,33.333333333333336,0.0,58.888888888888886,48.888888888888886,75,1,53.75,59.861111111111114,51.111111111111114,36,80,56.77083333333333,0.0,-0.4222222222222222,False,False,False,False,False,False,False,False,False,0.0,53.75,21.11111111111111
RAA.XETRA,RAA.XETRA,50.0,0.0,-0.9555555555555556,47.77777777777778,-47.77777777777778,0.0,0.0,30.0,33.333333333333336,33.333333333333336,33.333333333333336,33.333333333333336,50.0,35.0,75,1,53.75,68.75,65.0,36,80,48.77083333333333,0.0,-0.9555555555555556,False,False,False,False,False,False,True,False,True,0.0,53.75,47.77777777777778
RIO1.XETRA,RIO1.XETRA,50.0,0.0,-0.38888888888888884,19.444444444444443,-19.444444444444443,0.0,0.0,50.0,33.333333333333336,33.333333333333336,33.333333333333336,33.333333333333336,50.0,44.444444444444436,75,1,53.75,68.75,55.555555555555564,36,80,52.77083333333333,0.0,-0.38888888888888884,False,False,False,False,False,False,False,False,False,0.0,53.75,19.444444444444443
RRTL.XETRA,RRTL.XETRA,50.0,0.0,-0.1,5.0,-5.0,0.0,0.0,60.0,0.0,50.0,0.0,50.0,50.0,49.166666666666664,75,0,33.75,68.75,50.833333333333336,36,80,54.4375,0.0,-0.1,False,False,False,False,False,False,False,False,False,0.0,33.75,5.0
RWE.XETRA,RWE.XETRA,50.0,0.0,0.35,-17.5,17.5,0.0,0.0,70.0,0.0,0.0,0.0,0.0,56.666666666666664,56.666666666666664,55,0,24.75,57.083333333333336,43.333333333333336,36,80,67.7875,0.0,0.35,False,False,False,False,False,False,False,False,False,0.0,24.75,-17.5
SAP.XETRA,SAP.XETRA,0.0,-1.0,-0.1,-45.0,-5.0,1.0,0.0,43.333333333333336,0.0,0.0,0.0,0.0,63.333333333333336,53.888888888888886,75,0,48.75,55.416666666666664,56.111111111111114,36,80,36.35416666666667,-1.0,-0.1,False,False,False,False,False,False,False,False,False,1.0,48.75,-45.0
SAX.XETRA,SAX.XETRA,1.666666666666667,-0.9666666666666667,-0.4222222222222222,-27.22222222222222,-21.11111111111111,1.0,0.0,36.666666666666664,33.333333333333336,0.0,33.333333333333336,0.0,58.888888888888886,48.888888888888886,75,1,68.75,59.861111111111114,61.111111111111114,36,80,32.770833333333336,-0.9666666666666667,-0.4222222222222222,False,False,False,False,False,False,False,False,False,1.0,68.75,-27.22222222222222
SHA0.XETRA,SHA0.XETRA,50.0,-0.9,-0.95,2.5,-47.5,1.0,0.0,30.0,0.0,50.0,0.0,50.0,50.0,35.0,75,1,68.75,68.75,75.0,36,80,22.9375,-0.9,-0.95,False,False,False,False,False,False,True,False,True,1.0,68.75,2.5
SIE.XETRA,SIE.XETRA,5.0,-0.1,-0.38888888888888884,14.444444444444443,-19.444444444444443,1.0,1.0,50.0,33.333333333333336,33.333333333333336,33.333333333333336,33.333333333333336,50.0,44.444444444444436,75,1,68.75,68.75,65.55555555555557,36,80,48.27083333333333,-0.1,-0.38888888888888884,False,False,False,False,False,False,False,False,False,1.0,68.75,14.444444444444443
SIX2.XETRA,SIX2.XETRA,85.0,0.35,-0.06666666666666671,20.833333333333336,-3.3333333333333357,0.0,1.0,56.666666666666664,0.0,33.333333333333336,0.0,33.333333333333336,54.444444444444436,49.444444444444436,75,0,33.75,64.30555555555557,50.555555555555564,36,80,64.97916666666667,0.35,-0.06666666666666671,False,False,False,False,False,False,False,False,False,0.0,33.75,20.833333333333336
SY1.XETRA,SY1.XETRA,50.0,0.35,0.46666666666666656,-5.833333333333329,23.33333333333333,0.0,1.0,63.333333333333336,0.0,0.0,0.0,0.0,63.333333333333336,63.333333333333336,55,0,24.75,50.416666666666664,36.666666666666664,36,80,74.32916666666668,0.35,0.46666666666666656,False,False,False,False,False,False,False,False,False,0.0,24.75,-5.833333333333329
TEG.XETRA,TEG.XETRA,50.0,-0.15,-0.15,0.0,-7.5,1.0,1.0,40.0,0.0,0.0,0.0,0.0,63.33333333333333,55.83333333333333,75,0,48.75,55.41666666666667,54.16666666666667,36,80,54.8125,-0.15,-0.15,False,False,False,False,False,False,False,False,False,1.0,48.75,0.0
TKA.XETRA,TKA.XETRA,85.0,-0.4222222222222222,-0.4222222222222222,0.0,-21.11111111111111,2.0,1.0,36.666666666666664,33.333333333333336,0.0,33.333333333333336,0.0,58.888888888888886,48.888888888888886,75,1,83.75,59.861111111111114,71.11111111111111,36,80,42.77083333333333,-0.4222222222222222,-0.4222222222222222,False,False,False,False,False,False,False,False,False,2.0,83.75,0.0
TLX.XETRA,TLX.XETRA,0.0,-0.9555555555555556,-0.9555555555555556,0.0,-47.77777777777778,3.0,0.0,30.0,33.333333333333336,33.333333333333336,33.333333333333336,33.333333333333336,50.0,35.0,75,1,98.75,68.75,95.0,36,80,20.520833333333332,-0.9555555555555556,-0.9555555555555556,False,False,False,False,False,True,True,False,True,3.0,98.75,0.0
TUI1.XETRA,TUI1.XETRA,1.666666666666667,-0.38888888888888884,-0.38888888888888884,0.0,-19.444444444444443,2.0,1.0,50.0,33.333333333333336,33.333333333333336,33.333333333333336,33.333333333333336,50.0,44.444444444444436,75,1,83.75,68.75,75.55555555555557,36,80,39.52083333333333,-0.38888888888888884,-0.38888888888888884,False,False,False,False,False,False,False,False,False,2.0,83.75,0.0
UTDI.XETRA,UTDI.XETRA,50.0,-0.1,-0.06666666666666671,-1.6666666666666643,-3.3333333333333357,1.0,1.0,56.666666666666664,0.0,33.333333333333336,0.0,33.333333333333336,54.444444444444436,49.444444444444436,75,0,48.75,64.30555555555557,60.555555555555564,36,80,52.60416666666667,-0.1,-0.06666666666666671,False,False,False,False,False,False,False,False,False,1.0,48.75,-1.6666666666666643
VNA.XETRA,VNA.XETRA,50.0,0.35,0.46666666666666656,-5.833333333333329,23.33333333333333,0.0,1.0,63.333333333333336,0.0,0.0,0.0,0.0,63.333333333333336,63.333333333333336,55,0,24.75,50.416666666666664,36.666666666666664,36,80,74.32916666666668,0.35,0.46666666666666656,False,False,False,False,False,False,False,False,False,0.0,24.75,-5.833333333333329
VODI.XETRA,VODI.XETRA,50.0,0.35,-0.1,22.5,-5.0,0.0,1.0,43.333333333333336,0.0,0.0,0.0,0.0,63.333333333333336,53.888888888888886,75,0,33.75,55.416666666666664,46.111111111111114,36,80,68.97916666666667,0.35,-0.1,False,False,False,False,False,False,False,False,False,0.0,33.75,22.5
VOW3.XETRA,VOW3.XETRA,50.0,-0.15,-0.4222222222222222,13.61111111111111,-21.11111111111111,1.0,1.0,36.666666666666664,33.333333333333336,0.0,33.333333333333336,0.0,58.888888888888886,48.888888888888886,75,1,68.75,59.861111111111114,61.111111111111114,36,80,51.14583333333333,-0.15,-0.4222222222222222,False,False,False,False,False,False,False,False,False,1.0,68.75,13.61111111111111
WCH.XETRA,WCH.XETRA,50.0,-1.0,-0.9555555555555556,-2.2222222222222223,-47.77777777777778,1.0,0.0,30.0,33.333333333333336,33.333333333333336,33.333333333333336,33.333333333333336,50.0,35.0,75,1,68.75,68.75,75.0,36,80,24.020833333333332,-1.0,-0.9555555555555556,False,False,False,False,False,False,True,False,True,1.0,68.75,-2.2222222222222223
013A.F,013A.F,50.0,-0.9666666666666667,-0.38888888888888884,-28.88888888888889,-19.444444444444443,1.0,0.0,50.0,33.333333333333336,33.333333333333336,33.333333333333336,33.333333333333336,50.0,44.444444444444436,75,1,68.75,68.75,65.55555555555557,36,80,28.770833333333332,-0.9666666666666667,-0.38888888888888884,False,False,False,False,False,False,False,False,False,1.0,68.75,-28.88888888888889
ANDR.VI,ANDR.VI,50.0,-0.1,-0.06666666666666671,-1.6666666666666643,-3.3333333333333357,1.0,1.0,56.666666666666664,0.0,33.333333333333336,0.0,33.333333333333336,54.444444444444436,49.444444444444436,75,0,48.75,64.30555555555557,60.555555555555564,36,80,52.60416666666667,-0.1,-0.06666666666666671,False,False,False,False,False,False,False,False,False,1.0,48.75,-1.6666666666666643
DOC.VI,DOC.VI,50.0,0.35,0.46666666666666656,-5.833333333333329,23.33333333333333,0.0,1.0,63.333333333333336,0.0,0.0,0.0,0.0,63.333333333333336,63.333333333333336,55,0,24.75,50.416666666666664,36.666666666666664,36,80,74.32916666666668,0.35,0.46666666666666656,False,False,False,False,False,False,False,False,False,0.0,24.75,-5.833333333333329
MMK.VI,MMK.VI,50.0,0.0,-0.1,5.0,-5.0,0.0,0.0,43.333333333333336,0.0,0.0,0.0,0.0,63.333333333333336,53.888888888888886,75,0,33.75,55.416666666666664,46.111111111111114,36,80,61.10416666666667,0.0,-0.1,False,False,False,False,False,False,False,False,False,0.0,33.75,5.0
OMV.VI,OMV.VI,50.0,0.7,-0.4222222222222222,56.111111111111114,-21.11111111111111,0.0,1.0,36.666666666666664,33.333333333333336,0.0,33.333333333333336,0.0,58.888888888888886,48.888888888888886,75,1,53.75,59.861111111111114,51.111111111111114,36,80,72.52083333333334,0.7,-0.4222222222222222,False,False,False,False,False,False,False,False,False,0.0,53.75,56.111111111111114
POS.VI,POS.VI,50.0,-1.0,-0.9555555555555556,-2.2222222222222223,-47.77777777777778,1.0,0.0,30.0,33.333333333333336,33.333333333333336,33.333333333333336,33.333333333333336,50.0,35.0,75,1,68.75,68.75,75.0,36,80,24.020833333333332,-1.0,-0.9555555555555556,False,False,False,False,False,False,True,False,True,1.0,68.75,-2.2222222222222223
RBI.VI,RBI.VI,50.0,0.0,-0.38888888888888884,19.444444444444443,-19.444444444444443,0.0,0.0,50.0,33.333333333333336,33.333333333333336,33.333333333333336,33.333333333333336,50.0,44.444444444444436,75,1,53.75,68.75,55.555555555555564,36,80,52.77083333333333,0.0,-0.38888888888888884,False,False,False,False,False,False,False,False,False,0.0,53.75,19.444444444444443
STR.VI,STR.VI,50.0,0.0,-0.06666666666666671,3.3333333333333357,-3.3333333333333357,0.0,0.0,56.666666666666664,0.0,33.333333333333336,0.0,33.333333333333336,54.444444444444436,49.444444444444436,75,0,33.75,64.30555555555557,50.555555555555564,36,80,57.10416666666667,0.0,-0.06666666666666671,False,False,False,False,False,False,False,False,False,0.0,33.75,3.3333333333333357
UQA.VI,UQA.VI,50.0,0.0,0.46666666666666656,-23.33333333333333,23.33333333333333,0.0,0.0,63.333333333333336,0.0,0.0,0.0,0.0,63.333333333333336,63.333333333333336,55,0,24.75,50.416666666666664,36.666666666666664,36,80,66.45416666666668,0.0,0.46666666666666656,False,False,False,False,False,False,False,False,False,0.0,24.75,-23.33333333333333
VER.VI,VER.VI,50.0,0.0,-0.1,5.0,-5.0,0.0,0.0,43.333333333333336,0.0,0.0,0.0,0.0,63.333333333333336,53.888888888888886,75,0,33.75,55.416666666666664,46.111111111111114,36,80,61.10416666666667,0.0,-0.1,False,False,False,False,False,False,False,False,False,0.0,33.75,5.0
VIG.VI,VIG.VI,50.0,0.0,-0.4222222222222222,21.11111111111111,-21.11111111111111,0.0,0.0,36.666666666666664,33.333333333333336,0.0,33.333333333333336,0.0,58.888888888888886,48.888888888888886,75,1,53.75,59.861111111111114,51.111111111111114,36,80,56.77083333333333,0.0,-0.4222222222222222,False,False,False,False,False,False,False,False,False,0.0,53.75,21.11111111111111
VOE.VI,VOE.VI,50.0,0.0,-0.9555555555555556,47.77777777777778,-47.77777777777778,0.0,0.0,30.0,33.333333333333336,33.333333333333336,33.333333333333336,33.333333333333336,50.0,35.0,75,1,53.75,68.75,65.0,36,80,48.77083333333333,0.0,-0.9555555555555556,False,False,False,False,False,False,True,False,True,0.0,53.75,47.77777777777778
WIE.VI,WIE.VI,50.0,0.0,-0.38888888888888884,19.444444444444443,-19.444444444444443,0.0,0.0,50.0,33.333333333333336,33.333333333333336,33.333333333333336,33.333333333333336,50.0,44.444444444444436,75,1,53.75,68.75,55.555555555555564,36,80,52.77083333333333,0.0,-0.38888888888888884,False,False,False,False,False,False,False,False,False,0.0,53.75,19.444444444444443
ABBN.SW,ABBN.SW,50.0,0.0,-0.4222222222222222,21.11111111111111,-21.11111111111111,0.0,0.0,36.666666666666664,33.333333333333336,0.0,33.333333333333336,0.0,58.888888888888886,48.888888888888886,75,1,53.75,59.861111111111114,51.111111111111114,36,80,56.77083333333333,0.0,-0.4222222222222222,False,False,False,False,False,False,False,False,False,0.0,53.75,21.11111111111111
ADEN.SW,ADEN.SW,50.0,0.0,-0.9555555555555556,47.77777777777778,-47.77777777777778,0.0,0.0,30.0,33.333333333333336,33.333333333333336,33.333333333333336,33.333333333333336,50.0,35.0,75,1,53.75,68.75,65.0,36,80,48.77083333333333,0.0,-0.9555555555555556,False,False,False,False,False,False,True,False,True,0.0,53.75,47.77777777777778
ALLN.SW,ALLN.SW,50.0,0.0,-0.38888888888888884,19.444444444444443,-19.444444444444443,0.0,0.0,50.0,33.333333333333336,33.333333333333336,33.333333333333336,33.333333333333336,50.0,44.444444444444436,75,1,53.75,68.75,55.555555555555564,36,80,52.77083333333333,0.0,-0.38888888888888884,False,False,False,False,False,False,False,False,False,0.0,53.75,19.444444444444443
ALSN.SW,ALSN.SW,50.0,0.0,-0.06666666666666671,3.3333333333333357,-3.3333333333333357,0.0,0.0,56.666666666666664,0.0,33.333333333333336,0.0,33.333333333333336,54.444444444444436,49.444444444444436,75,0,33.75,64.30555555555557,50.555555555555564,36,80,57.10416666666667,0.0,-0.06666666666666671,False,False,False,False,False,False,False,False,False,0.0,33.75,3.3333333333333357
AVOL.SW,AVOL.SW,50.0,0.0,0.46666666666666656,-23.33333333333333,23.33333333333333,0.0,0.0,63.333333333333336,0.0,0.0,0.0,0.0,63.333333333333336,63.333333333333336,55,0,24.75,50.416666666666664,36.666666666666664,36,80,66.45416666666668,0.0,0.46666666666666656,False,False,False,False,False,False,False,False,False,0.0,24.75,-23.33333333333333
BAER.SW,BAER.SW,50.0,0.0,-0.1,5.0,-5.0,0.0,0.0,43.333333333333336,0.0,0.0,0.0,0.0,63.333333333333336,53.888888888888886,75,0,33.75,55.416666666666664,46.111111111111114,36,80,61.10416666666667,0.0,-0.1,False,False,False,False,False,False,False,False,False,0.0,33.75,5.0
BANB.SW,BANB.SW,50.0,0.0,-0.4222222222222222,21.11111111111111,-21.11111111111111,0.0,0.0,36.666666666666664,33.333333333333336,0.0,33.333333333333336,0.0,58.888888888888886,48.888888888888886,75,1,53.75,59.861111111111114,51.111111111111114,36,80,56.77083333333333,0.0,-0.4222222222222222,False,False,False,False,False,False,False,False,False,0.0,53.75,21.11111111111111
BARN.SW,BARN.SW,50.0,0.0,-0.9555555555555556,47.77777777777778,-47.77777777777778,0.0,0.0,30.0,33.333333333333336,33.333333333333336,33.333333333333336,33.333333333333336,50.0,35.0,75,1,53.75,68.75,65.0,36,80,48.77083333333333,0.0,-0.9555555555555556,False,False,False,False,False,False,True,False,True,0.0,53.75,47.77777777777778
BCHN.SW,BCHN.SW,50.0,0.0,-0.9333333333333332,46.666666666666664,-46.666666666666664,0.0,0.0,30.0,50.0,50.0,50.0,50.0,50.0,35.0,75,1,53.75,68.75,65.0,36,80,45.4375,0.0,-0.9333333333333332,False,False,False,False,False,False,True,False,True,0.0,53.75,46.666666666666664
BCVN.SW,BCVN.SW,50.0,0.0,-0.06666666666666671,3.3333333333333357,-3.3333333333333357,0.0,0.0,56.666666666666664,0.0,33.333333333333336,0.0,33.333333333333336,54.444444444444436,49.444444444444436,75,0,33.75,64.30555555555557,50.555555555555564,36,80,57.10416666666667,0.0,-0.06666666666666671,False,False,False,False,False,False,False,False,False,0.0,33.75,3.3333333333333357
BEAN.SW,BEAN.SW,85.0,0.7,0.46666666666666656,11.666666666666671,23.33333333333333,0.0,1.0,63.333333333333336,0.0,0.0,0.0,0.0,63.333333333333336,63.333333333333336,55,0,24.75,50.416666666666664,36.666666666666664,36,80,82.20416666666668,0.7,0.46666666666666656,False,False,False,False,False,False,False,False,False,0.0,24.75,11.666666666666671
BEKN.SW,BEKN.SW,0.0,-1.0,-0.5,-25.0,-25.0,1.0,0.0,40.0,0.0,0.0,0.0,0.0,56.666666666666664,42.5,75,0,48.75,62.083333333333336,67.5,36,80,35.6875,-1.0,-0.5,False,False,False,False,False,False,False,False,False,1.0,48.75,-25.0
BION.SW,BION.SW,50.0,-0.9666666666666667,-0.13333333333333328,-41.66666666666667,-6.666666666666664,1.0,0.0,40.0,50.0,0.0,50.0,0.0,63.33333333333333,55.83333333333333,75,1,68.75,55.41666666666667,54.16666666666667,36,80,33.4375,-0.9666666666666667,-0.13333333333333328,False,False,False,False,False,False,False,False,False,1.0,68.75,-41.66666666666667
BKW.SW,BKW.SW,1.666666666666667,-0.9333333333333332,-0.9555555555555556,1.1111111111111112,-47.77777777777778,2.0,0.0,30.0,33.333333333333336,33.333333333333336,33.333333333333336,33.333333333333336,50.0,35.0,75,1,83.75,68.75,85.0,36,80,23.270833333333332,-0.9333333333333332,-0.9555555555555556,False,False,False,False,False,False,True,False,True,2.0,83.75,1.1111111111111112
BOSN.SW,BOSN.SW,5.0,-0.1,-0.38888888888888884,14.444444444444443,-19.444444444444443,1.0,1.0,50.0,33.333333333333336,33.333333333333336,33.333333333333336,33.333333333333336,50.0,44.444444444444436,75,1,68.75,68.75,65.55555555555557,36,80,48.27083333333333,-0.1,-0.38888888888888884,False,False,False,False,False,False,False,False,False,1.0,68.75,14.444444444444443
BRKN.SW,BRKN.SW,50.0,0.35,0.35,0.0,17.5,0.0,1.0,70.0,0.0,0.0,0.0,0.0,56.666666666666664,56.666666666666664,75,0,33.75,62.083333333333336,43.333333333333336,36,80,74.3125,0.35,0.35,False,False,False,False,False,False,False,False,False,0.0,33.75,0.0
BUCN.SW,BUCN.SW,85.0,0.46666666666666656,0.46666666666666656,0.0,23.33333333333333,0.0,2.0,63.333333333333336,0.0,0.0,0.0,0.0,63.333333333333336,63.333333333333336,55,0,24.75,50.416666666666664,36.666666666666664,36,80,76.95416666666668,0.46666666666666656,0.46666666666666656,False,False,False,False,False,False,False,False,False,0.0,24.75,0.0
CFR.SW,CFR.SW,50.0,-0.1,-0.1,0.0,-5.0,1.0,1.0,43.333333333333336,0.0,0.0,0.0,0.0,63.333333333333336,53.888888888888886,75,0,48.75,55.416666666666664,56.111111111111114,36,80,56.60416666666667,-0.1,-0.1,False,False,False,False,False,False,False,False,False,1.0,48.75,0.0
CLN.SW,CLN.SW,85.0,-0.4222222222222222,-0.4222222222222222,0.0,-21.11111111111111,2.0,1.0,36.666666666666664,33.333333333333336,0.0,33.333333333333336,0.0,58.888888888888886,48.888888888888886,75,1,83.75,59.861111111111114,71.11111111111111,36,80,42.77083333333333,-0.4222222222222222,-0.4222222222222222,False,False,False,False,False,False,False,False,False,2.0,83.75,0.0
CMBN.SW,CMBN.SW,50.0,-0.9833333333333333,-0.9555555555555556,-1.3888888888888888,-47.77777777777778,2.0,0.0,30.0,33.333333333333336,33.333333333333336,33.333333333333336,33.333333333333336,50.0,35.0,75,1,83.75,68.75,85.0,36,80,22.145833333333332,-0.9833333333333333,-0.9555555555555556,False,False,False,False,False,False,True,False,True,2.0,83.75,-1.3888888888888888
COPN.SW,COPN.SW,50.0,-0.9333333333333332,-0.38888888888888884,-27.222222222222225,-19.444444444444443,2.0,0.0,50.0,33.333333333333336,33.333333333333336,33.333333333333336,33.333333333333336,50.0,44.444444444444436,75,1,83.75,68.75,75.55555555555557,36,80,27.270833333333332,-0.9333333333333332,-0.38888888888888884,False,False,False,False,False,False,False,False,False,2.0,83.75,-27.222222222222225
DKSH.SW,DKSH.SW,50.0,-0.1,-0.06666666666666671,-1.6666666666666643,-3.3333333333333357,1.0,1.0,56.666666666666664,0.0,33.333333333333336,0.0,33.333333333333336,54.444444444444436,49.444444444444436,75,0,48.75,64.30555555555557,60.555555555555564,36,80,52.60416666666667,-0.1,-0.06666666666666671,False,False,False,False,False,False,False,False,False,1.0,48.75,-1.6666666666666643
DOKA.SW,DOKA.SW,50.0,0.35,0.46666666666666656,-5.833333333333329,23.33333333333333,0.0,1.0,63.333333333333336,0.0,0.0,0.0,0.0,63.333333333333336,63.333333333333336,55,0,24.75,50.416666666666664,36.666666666666664,36,80,74.32916666666668,0.35,0.46666666666666656,False,False,False,False,False,False,False,False,False,0.0,24.75,-5.833333333333329
EFGN.SW,EFGN.SW,50.0,0.0,-0.1,5.0,-5.0,0.0,0.0,43.333333333333336,0.0,0.0,0.0,0.0,63.333333333333336,53.888888888888886,75,0,33.75,55.416666666666664,46.111111111111114,36,80,61.10416666666667,0.0,-0.1,False,False,False,False,False,False,False,False,False,0.0,33.75,5.0
EMMN.SW,EMMN.SW,50.0,0.7,-0.4222222222222222,56.111111111111114,-21.11111111111111,0.0,1.0,36.666666666666664,33.333333333333336,0.0,33.333333333333336,0.0,58.888888888888886,48.888888888888886,75,1,53.75,59.861111111111114,51.111111111111114,36,80,72.52083333333334,0.7,-0.4222222222222222,False,False,False,False,False,False,False,False,False,0.0,53.75,56.111111111111114
EMSN.SW,EMSN.SW,50.0,-1.0,-0.9555555555555556,-2.2222222222222223,-47.77777777777778,1.0,0.0,30.0,33.333333333333336,33.333333333333336,33.333333333333336,33.333333333333336,50.0,35.0,75,1,68.75,68.75,75.0,36,80,24.020833333333332,-1.0,-0.9555555555555556,False,False,False,False,False,False,True,False,True,1.0,68.75,-2.2222222222222223
FHZN.SW,FHZN.SW,50.0,-0.9666666666666667,-0.38888888888888884,-28.88888888888889,-19.444444444444443,1.0,0.0,50.0,33.333333333333336,33.333333333333336,33.333333333333336,33.333333333333336,50.0,44.444444444444436,75,1,68.75,68.75,65.55555555555557,36,80,28.770833333333332,-0.9666666666666667,-0.38888888888888884,False,False,False,False,False,False,False,False,False,1.0,68.75,-28.88888888888889
FORN.SW,FORN.SW,50.0,0.0,-0.06666666666666671,3.3333333333333357,-3.3333333333333357,0.0,0.0,56.666666666666664,0.0,33.333333333333336,0.0,33.333333333333336,54.444444444444436,49.444444444444436,75,0,33.75,64.30555555555557,50.555555555555564,36,80,57.10416666666667,0.0,-0.06666666666666671,False,False,False,False,False,False,False,False,False,0.0,33.75,3.3333333333333357
GEBN.SW,GEBN.SW,50.0,0.0,0.46666666666666656,-23.33333333333333,23.33333333333333,0.0,0.0,63.333333333333336,0.0,0.0,0.0,0.0,63.333333333333336,63.333333333333336,55,0,24.75,50.416666666666664,36.666666666666664,36,80,66.45416666666668,0.0,0.46666666666666656,False,False,False,False,False,False,False,False,False,0.0,24.75,-23.33333333333333
GF.SW,GF.SW,50.0,0.0,-0.1,5.0,-5.0,0.0,0.0,43.333333333333336,0.0,0.0,0.0,0.0,63.333333333333336,53.888888888888886,75,0,33.75,55.416666666666664,46.111111111111114,36,80,61.10416666666667,0.0,-0.1,False,False,False,False,False,False,False,False,False,0.0,33.75,5.0
GIVN.SW,GIVN.SW,50.0,0.0,-0.4222222222222222,21.11111111111111,-21.11111111111111,0.0,0.0,36.666666666666664,33.333333333333336,0.0,33.333333333333336,0.0,58.888888888888886,48.888888888888886,75,1,53.75,59.861111111111114,51.111111111111114,36,80,56.77083333333333,0.0,-0.4222222222222222,False,False,False,False,False,False,False,False,False,0.0,53.75,21.11111111111111
HBAN.SW,HBAN.SW,50.0,0.0,-0.9555555555555556,47.77777777777778,-47.77777777777778,0.0,0.0,30.0,33.333333333333336,33.333333333333336,33.333333333333336,33.333333333333336,50.0,35.0,75,1,53.75,68.75,65.0,36,80,48.77083333333333,0.0,-0.9555555555555556,False,False,False,False,False,False,True,False,True,0.0,53.75,47.77777777777778
HOLN.SW,HOLN.SW,50.0,0.0,-0.38888888888888884,19.444444444444443,-19.444444444444443,0.0,0.0,50.0,33.333333333333336,33.333333333333336,33.333333333333336,33.333333333333336,50.0,44.444444444444436,75,1,53.75,68.75,55.555555555555564,36,80,52.77083333333333,0.0,-0.38888888888888884,False,False,False,False,False,False,False,False,False,0.0,53.75,19.444444444444443
HUBN.SW,HUBN.SW,50.0,0.0,-0.06666666666666671,3.3333333333333357,-3.3333333333333357,0.0,0.0,56.666666666666664,0.0,33.333333333333336,0.0,33.333333333333336,54.444444444444436,49.444444444444436,75,0,33.75,64.30555555555557,50.555555555555564,36,80,57.10416666666667,0.0,-0.06666666666666671,False,False,False,False,False,False,False,False,False,0.0,33.75,3.3333333333333357
IFCN.SW,IFCN.SW,50.0,0.0,0.46666666666666656,-23.33333333333333,23.33333333333333,0.0,0.0,63.333333333333336,0.0,0.0,0.0,0.0,63.333333333333336,63.333333333333336,55,0,24.75,50.416666666666664,36.666666666666664,36,80,66.45416666666668,0.0,0.46666666666666656,False,False,False,False,False,False,False,False,False,0.0,24.75,-23.33333333333333
IMPN.SW,IMPN.SW,50.0,0.0,-0.1,5.0,-5.0,0.0,0.0,43.333333333333336,0.0,0.0,0.0,0.0,63.333333333333336,53.888888888888886,75,0,33.75,55.416666666666664,46.111111111111114,36,80,61.10416666666667,0.0,-0.1,False,False,False,False,False,False,False,False,False,0.0,33.75,5.0
INRN.SW,INRN.SW,50.0,0.0,-0.4222222222222222,21.11111111111111,-21.11111111111111,0.0,0.0,36.666666666666664,33.333333333333336,0.0,33.333333333333336,0.0,58.888888888888886,48.888888888888886,75,1,53.75,59.861111111111114,51.111111111111114,36,80,56.77083333333333,0.0,-0.4222222222222222,False,False,False,False,False,False,False,False,False,0.0,53.75,21.11111111111111
JFN.SW,JFN.SW,50.0,0.0,-0.9555555555555556,47.77777777777778,-47.77777777777778,0.0,0.0,30.0,33.333333333333336,33.333333333333336,33.333333333333336,33.333333333333336,50.0,35.0,75,1,53.75,68.75,65.0,36,80,48.77083333333333,0.0,-0.9555555555555556,False,False,False,False,False,False,True,False,True,0.0,53.75,47.77777777777778
KARN.SW,KARN.SW,50.0,0.0,-0.38888888888888884,19.444444444444443,-19.444444444444443,0.0,0.0,50.0,33.333333333333336,33.333333333333336,33.333333333333336,33.333333333333336,50.0,44.444444444444436,75,1,53.75,68.75,55.555555555555564,36,80,52.77083333333333,0.0,-0.38888888888888884,False,False,False,False,False,False,False,False,False,0.0,53.75,19.444444444444443
KNIN.SW,KNIN.SW,50.0,0.0,-0.1,5.0,-5.0,0.0,0.0,60.0,0.0,50.0,0.0,50.0,50.0,49.166666666666664,75,0,33.75,68.75,50.833333333333336,36,80,54.4375,0.0,-0.1,False,False,False,False,False,False,False,False,False,0.0,33.75,5.0
LISN.SW,LISN.SW,50.0,0.0,0.35,-17.5,17.5,0.0,0.0,70.0,0.0,0.0,0.0,0.0,56.666666666666664,56.666666666666664,55,0,24.75,57.083333333333336,43.333333333333336,36,80,67.7875,0.0,0.35,False,False,False,False,False,False,False,False,False,0.0,24.75,-17.5
LLBN.SW,LLBN.SW,0.0,-1.0,-0.1,-45.0,-5.0,1.0,0.0,43.333333333333336,0.0,0.0,0.0,0.0,63.333333333333336,53.888888888888886,75,0,48.75,55.416666666666664,56.111111111111114,36,80,36.35416666666667,-1.0,-0.1,False,False,False,False,False,False,False,False,False,1.0,48.75,-45.0
LOGN.SW,LOGN.SW,1.666666666666667,-0.9666666666666667,-0.4222222222222222,-27.22222222222222,-21.11111111111111,1.0,0.0,36.666666666666664,33.333333333333336,0.0,33.333333333333336,0.0,58.888888888888886,48.888888888888886,75,1,68.75,59.861111111111114,61.111111111111114,36,80,32.770833333333336,-0.9666666666666667,-0.4222222222222222,False,False,False,False,False,False,False,False,False,1.0,68.75,-27.22222222222222
LUKN.SW,LUKN.SW,50.0,-0.9,-0.95,2.5,-47.5,1.0,0.0,30.0,0.0,50.0,0.0,50.0,50.0,35.0,75,1,68.75,68.75,75.0,36,80,22.9375,-0.9,-0.95,False,False,False,False,False,False,True,False,True,1.0,68.75,2.5
MOBN.SW,MOBN.SW,5.0,-0.1,-0.38888888888888884,14.444444444444443,-19.444444444444443,1.0,1.0,50.0,33.333333333333336,33.333333333333336,33.333333333333336,33.333333333333336,50.0,44.444444444444436,75,1,68.75,68.75,65.55555555555557,36,80,48.27083333333333,-0.1,-0.38888888888888884,False,False,False,False,False,False,False,False,False,1.0,68.75,14.444444444444443
NESN.SW,NESN.SW,85.0,0.35,-0.06666666666666671,20.833333333333336,-3.3333333333333357,0.0,1.0,56.666666666666664,0.0,33.333333333333336,0.0,33.333333333333336,54.444444444444436,49.444444444444436,75,0,33.75,64.30555555555557,50.555555555555564,36,80,64.97916666666667,0.35,-0.06666666666666671,False,False,False,False,False,False,False,False,False,0.0,33.75,20.833333333333336
NOVN.SW,NOVN.SW,50.0,0.35,0.46666666666666656,-5.833333333333329,23.33333333333333,0.0,1.0,63.333333333333336,0.0,0.0,0.0,0.0,63.333333333333336,63.333333333333336,55,0,24.75,50.416666666666664,36.666666666666664,36,80,74.32916666666668,0.35,0.46666666666666656,False,False,False,False,False,False,False,False,False,0.0,24.75,-5.833333333333329
OERL.SW,OERL.SW,50.0,-0.15,-0.15,0.0,-7.5,1.0,1.0,40.0,0.0,0.0,0.0,0.0,63.33333333333333,55.83333333333333,75,0,48.75,55.41666666666667,54.16666666666667,36,80,54.8125,-0.15,-0.15,False,False,False,False,False,False,False,False,False,1.0,48.75,0.0
PGHN.SW,PGHN.SW,85.0,-0.4222222222222222,-0.4222222222222222,0.0,-21.11111111111111,2.0,1.0,36.666666666666664,33.333333333333336,0.0,33.333333333333336,0.0,58.888888888888886,48.888888888888886,75,1,83.75,59.861111111111114,71.11111111111111,36,80,42.77083333333333,-0.4222222222222222,-0.4222222222222222,False,False,False,False,False,False,False,False,False,2.0,83.75,0.0
PSPN.SW,PSPN.SW,0.0,-0.9555555555555556,-0.9555555555555556,0.0,-47.77777777777778,3.0,0.0,30.0,33.333333333333336,33.333333333333336,33.333333333333336,33.333333333333336,50.0,35.0,75,1,98.75,68.75,95.0,36,80,20.520833333333332,-0.9555555555555556,-0.9555555555555556,False,False,False,False,False,True,True,False,True,3.0,98.75,0.0
ROP.SW,ROP.SW,1.666666666666667,-0.38888888888888884,-0.38888888888888884,0.0,-19.444444444444443,2.0,1.0,50.0,33.333333333333336,33.333333333333336,33.333333333333336,33.333333333333336,50.0,44.444444444444436,75,1,83.75,68.75,75.55555555555557,36,80,39.52083333333333,-0.38888888888888884,-0.38888888888888884,False,False,False,False,False,False,False,False,False,2.0,83.75,0.0
SCHP.SW,SCHP.SW,50.0,-0.1,-0.06666666666666671,-1.6666666666666643,-3.3333333333333357,1.0,1.0,56.666666666666664,0.0,33.333333333333336,0.0,33.333333333333336,54.444444444444436,49.444444444444436,75,0,48.75,64.30555555555557,60.555555555555564,36,80,52.60416666666667,-0.1,-0.06666666666666671,False,False,False,False,False,False,False,False,False,1.0,48.75,-1.6666666666666643
SCMN.SW,SCMN.SW,50.0,0.35,0.46666666666666656,-5.833333333333329,23.33333333333333,0.0,1.0,63.333333333333336,0.0,0.0,0.0,0.0,63.333333333333336,63.333333333333336,55,0,24.75,50.416666666666664,36.666666666666664,36,80,74.32916666666668,0.35,0.46666666666666656,False,False,False,False,False,False,False,False,False,0.0,24.75,-5.833333333333329
SFSN.SW,SFSN.SW,50.0,0.35,-0.1,22.5,-5.0,0.0,1.0,43.333333333333336,0.0,0.0,0.0,0.0,63.333333333333336,53.888888888888886,75,0,33.75,55.416666666666664,46.111111111111114,36,80,68.97916666666667,0.35,-0.1,False,False,False,False,False,False,False,False,False,0.0,33.75,22.5
SGKN.SW,SGKN.SW,50.0,-0.15,-0.4222222222222222,13.61111111111111,-21.11111111111111,1.0,1.0,36.666666666666664,33.333333333333336,0.0,33.333333333333336,0.0,58.888888888888886,48.888888888888886,75,1,68.75,59.861111111111114,61.111111111111114,36,80,51.14583333333333,-0.15,-0.4222222222222222,False,False,False,False,False,False,False,False,False,1.0,68.75,13.61111111111111
SGSN.SW,SGSN.SW,50.0,-1.0,-0.9555555555555556,-2.2222222222222223,-47.77777777777778,1.0,0.0,30.0,33.333333333333336,33.333333333333336,33.333333333333336,33.333333333333336,50.0,35.0,75,1,68.75,68.75,75.0,36,80,24.020833333333332,-1.0,-0.9555555555555556,False,False,False,False,False,False,True,False,True,1.0,68.75,-2.2222222222222223
SIKA.SW,SIKA.SW,50.0,-0.9666666666666667,-0.38888888888888884,-28.88888888888889,-19.444444444444443,1.0,0.0,50.0,33.333333333333336,33.333333333333336,33.333333333333336,33.333333333333336,50.0,44.444444444444436,75,1,68.75,68.75,65.55555555555557,36,80,28.770833333333332,-0.9666666666666667,-0.38888888888888884,False,False,False,False,False,False,False,False,False,1.0,68.75,-28.88888888888889
SLHN.SW,SLHN.SW,50.0,-0.9,-0.06666666666666671,-41.666666666666664,-3.3333333333333357,1.0,0.0,56.666666666666664,0.0,33.333333333333336,0.0,33.333333333333336,54.444444444444436,49.444444444444436,75,0,48.75,64.30555555555557,60.555555555555564,36,80,34.60416666666667,-0.9,-0.06666666666666671,False,False,False,False,False,False,False,False,False,1.0,48.75,-41.666666666666664
SOON.SW,SOON.SW,50.0,0.0,0.46666666666666656,-23.33333333333333,23.33333333333333,0.0,0.0,63.333333333333336,0.0,0.0,0.0,0.0,63.333333333333336,63.333333333333336,55,0,24.75,50.416666666666664,36.666666666666664,36,80,66.45416666666668,0.0,0.46666666666666656,False,False,False,False,False,False,False,False,False,0.0,24.75,-23.33333333333333
SPSN.SW,SPSN.SW,50.0,0.0,-0.1,5.0,-5.0,0.0,0.0,43.333333333333336,0.0,0.0,0.0,0.0,63.333333333333336,53.888888888888886,75,0,33.75,55.416666666666664,46.111111111111114,36,80,61.10416666666667,0.0,-0.1,False,False,False,False,False,False,False,False,False,0.0,33.75,5.0
SQN.SW,SQN.SW,50.0,0.0,-0.4222222222222222,21.11111111111111,-21.11111111111111,0.0,0.0,36.666666666666664,33.333333333333336,0.0,33.333333333333336,0.0,58.888888888888886,48.888888888888886,75,1,53.75,59.861111111111114,51.111111111111114,36,80,56.77083333333333,0.0,-0.4222222222222222,False,False,False,False,False,False,False,False,False,0.0,53.75,21.11111111111111
SREN.SW,SREN.SW,50.0,0.0,-0.9555555555555556,47.77777777777778,-47.77777777777778,0.0,0.0,30.0,33.333333333333336,33.333333333333336,33.333333333333336,33.333333333333336,50.0,35.0,75,1,53.75,68.75,65.0,36,80,48.77083333333333,0.0,-0.9555555555555556,False,False,False,False,False,False,True,False,True,0.0,53.75,47.77777777777778
SUN.SW,SUN.SW,50.0,0.0,-0.38888888888888884,19.444444444444443,-19.444444444444443,0.0,0.0,50.0,33.333333333333336,33.333333333333336,33.333333333333336,33.333333333333336,50.0,44.444444444444436,75,1,53.75,68.75,55.555555555555564,36,80,52.77083333333333,0.0,-0.38888888888888884,False,False,False,False,False,False,False,False,False,0.0,53.75,19.444444444444443
TECN.SW,TECN.SW,50.0,0.0,-0.06666666666666671,3.3333333333333357,-3.3333333333333357,0.0,0.0,56.666666666666664,0.0,33.333333333333336,0.0,33.333333333333336,54.444444444444436,49.444444444444436,75,0,33.75,64.30555555555557,50.555555555555564,36,80,57.10416666666667,0.0,-0.06666666666666671,False,False,False,False,False,False,False,False,False,0.0,33.75,3.3333333333333357
TEMN.SW,TEMN.SW,50.0,0.0,0.46666666666666656,-23.33333333333333,23.33333333333333,0.0,0.0,63.333333333333336,0.0,0.0,0.0,0.0,63.333333333333336,63.333333333333336,55,0,24.75,50.416666666666664,36.666666666666664,36,80,66.45416666666668,0.0,0.46666666666666656,False,False,False,False,False,False,False,False,False,0.0,24.75,-23.33333333333333
UBSG.SW,UBSG.SW,50.0,0.0,-0.1,5.0,-5.0,0.0,0.0,43.333333333333336,0.0,0.0,0.0,0.0,63.333333333333336,53.888888888888886,75,0,33.75,55.416666666666664,46.111111111111114,36,80,61.10416666666667,0.0,-0.1,False,False,False,False,False,False,False,False,False,0.0,33.75,5.0
UHR.SW,UHR.SW,50.0,0.0,-0.4222222222222222,21.11111111111111,-21.11111111111111,0.0,0.0,36.666666666666664,33.333333333333336,0.0,33.333333333333336,0.0,58.888888888888886,48.888888888888886,75,1,53.75,59.861111111111114,51.111111111111114,36,80,56.77083333333333,0.0,-0.4222222222222222,False,False,False,False,False,False,False,False,False,0.0,53.75,21.11111111111111
VACN.SW,VACN.SW,50.0,0.0,-0.9555555555555556,47.77777777777778,-47.77777777777778,0.0,0.0,30.0,33.333333333333336,33.333333333333336,33.333333333333336,33.333333333333336,50.0,35.0,75,1,53.75,68.75,65.0,36,80,48.77083333333333,0.0,-0.9555555555555556,False,False,False,False,False,False,True,False,True,0.0,53.75,47.77777777777778
VATN.SW,VATN.SW,50.0,0.0,-0.38888888888888884,19.444444444444443,-19.444444444444443,0.0,0.0,50.0,33.333333333333336,33.333333333333336,33.333333333333336,33.333333333333336,50.0,44.444444444444436,75,1,53.75,68.75,55.555555555555564,36,80,52.77083333333333,0.0,-0.38888888888888884,False,False,False,False,False,False,False,False,False,0.0,53.75,19.444444444444443
VONN.SW,VONN.SW,50.0,0.0,-0.06666666666666671,3.3333333333333357,-3.3333333333333357,0.0,0.0,56.666666666666664,0.0,33.333333333333336,0.0,33.333333333333336,54.444444444444436,49.444444444444436,75,0,33.75,64.30555555555557,50.555555555555564,36,80,57.10416666666667,0.0,-0.06666666666666671,False,False,False,False,False,False,False,False,False,0.0,33.75,3.3333333333333357
VZN.SW,VZN.SW,50.0,0.0,0.46666666666666656,-23.33333333333333,23.33333333333333,0.0,0.0,63.333333333333336,0.0,0.0,0.0,0.0,63.333333333333336,63.333333333333336,55,0,24.75,50.416666666666664,36.666666666666664,36,80,66.45416666666668,0.0,0.46666666666666656,False,False,False,False,False,False,False,False,False,0.0,24.75,-23.33333333333333
YPSN.SW,YPSN.SW,50.0,0.0,0.35,-17.5,17.5,0.0,0.0,50.0,0.0,0.0,0.0,0.0,70.0,63.33333333333333,75,0,33.75,48.75,36.66666666666667,36,80,62.4375,0.0,0.35,False,False,False,False,False,False,False,False,False,0.0,33.75,-17.5
ZURN.SW,ZURN.SW,1.666666666666667,-0.9666666666666667,-0.4222222222222222,-27.22222222222222,-21.11111111111111,1.0,0.0,36.666666666666664,33.333333333333336,0.0,33.333333333333336,0.0,58.888888888888886,48.888888888888886,75,1,68.75,59.861111111111114,61.111111111111114,36,80,32.770833333333336,-0.9666666666666667,-0.4222222222222222,False,False,False,False,False,False,False,False,False,1.0,68.75,-27.22222222222222
GALE.SW,GALE.SW,85.0,0.7,0.46666666666666656,11.666666666666671,23.33333333333333,0.0,1.0,63.333333333333336,0.0,0.0,0.0,0.0,63.333333333333336,63.333333333333336,55,0,24.75,50.416666666666664,36.666666666666664,36,80,82.20416666666668,0.7,0.46666666666666656,False,False,False,False,False,False,False,False,False,0.0,24.75,11.666666666666671
LAND.SW,LAND.SW,50.0,-0.9333333333333332,-0.38888888888888884,-27.222222222222225,-19.444444444444443,2.0,0.0,50.0,33.333333333333336,33.333333333333336,33.333333333333336,33.333333333333336,50.0,44.444444444444436,75,1,83.75,68.75,75.55555555555557,36,80,27.270833333333332,-0.9333333333333332,-0.38888888888888884,False,False,False,False,False,False,False,False,False,2.0,83.75,-27.222222222222225
BG.VI,BG.VI,50.0,0.35,0.46666666666666656,-5.833333333333329,23.33333333333333,0.0,1.0,63.333333333333336,0.0,0.0,0.0,0.0,63.333333333333336,63.333333333333336,55,0,24.75,50.416666666666664,36.666666666666664,36,80,74.32916666666668,0.35,0.46666666666666656,False,False,False,False,False,False,False,False,False,0.0,24.75,-5.833333333333329
BFSA.XETRA,BFSA.XETRA,50.0,0.35,-0.1,22.5,-5.0,0.0,1.0,43.333333333333336,0.0,0.0,0.0,0.0,63.333333333333336,53.888888888888886,75,0,33.75,55.416666666666664,46.111111111111114,36,80,68.97916666666667,0.35,-0.1,False,False,False,False,False,False,False,False,False,0.0,33.75,22.5
DWS.XETRA,DWS.XETRA,50.0,0.0,-0.38888888888888884,19.444444444444443,-19.444444444444443,0.0,0.0,50.0,33.333333333333336,33.333333333333336,33.333333333333336,33.333333333333336,50.0,44.444444444444436,75,1,53.75,68.75,55.555555555555564,36,80,52.77083333333333,0.0,-0.38888888888888884,False,False,False,False,False,False,False,False,False,0.0,53.75,19.444444444444443
SHL.XETRA,SHL.XETRA,50.0,0.0,0.46666666666666656,-23.33333333333333,23.33333333333333,0.0,0.0,63.333333333333336,0.0,0.0,0.0,0.0,63.333333333333336,63.333333333333336,55,0,24.75,50.416666666666664,36.666666666666664,36,80,66.45416666666668,0.0,0.46666666666666656,False,False,False,False,False,False,False,False,False,0.0,24.75,-23.33333333333333
KBX.XETRA,KBX.XETRA,1.666666666666667,-0.9666666666666667,-0.4222222222222222,-27.22222222222222,-21.11111111111111,1.0,0.0,36.666666666666664,33.333333333333336,0.0,33.333333333333336,0.0,58.888888888888886,48.888888888888886,75,1,68.75,59.861111111111114,61.111111111111114,36,80,32.770833333333336,-0.9666666666666667,-0.4222222222222222,False,False,False,False,False,False,False,False,False,1.0,68.75,-27.22222222222222
SIGN.SW,SIGN.SW,50.0,0.7,-0.13333333333333328,41.666666666666664,-6.666666666666664,0.0,1.0,60.0,50.0,0.0,50.0,0.0,50.0,49.166666666666664,75,1,53.75,68.75,50.833333333333336,36,80,77.1875,0.7,-0.13333333333333328,False,False,False,False,False,False,False,False,False,0.0,53.75,41.666666666666664
SRAIL.SW,SRAIL.SW,50.0,-0.9,-0.06666666666666671,-41.666666666666664,-3.3333333333333357,1.0,0.0,56.666666666666664,0.0,33.333333333333336,0.0,33.333333333333336,54.444444444444436,49.444444444444436,75,0,48.75,64.30555555555557,60.555555555555564,36,80,34.60416666666667,-0.9,-0.06666666666666671,False,False,False,False,False,False,False,False,False,1.0,48.75,-41.666666666666664
8TRA.XETRA,8TRA.XETRA,50.0,0.7,0.46666666666666656,11.666666666666671,23.33333333333333,0.0,1.0,63.333333333333336,0.0,0.0,0.0,0.0,63.333333333333336,63.333333333333336,55,0,24.75,50.416666666666664,36.666666666666664,36,80,82.20416666666668,0.7,0.46666666666666656,False,False,False,False,False,False,False,False,False,0.0,24.75,11.666666666666671
SWON.SW,SWON.SW,50.0,0.0,-0.06666666666666671,3.3333333333333357,-3.3333333333333357,0.0,0.0,56.666666666666664,0.0,33.333333333333336,0.0,33.333333333333336,54.444444444444436,49.444444444444436,75,0,33.75,64.30555555555557,50.555555555555564,36,80,57.10416666666667,0.0,-0.06666666666666671,False,False,False,False,False,False,False,False,False,0.0,33.75,3.3333333333333357
NA9.XETRA,NA9.XETRA,50.0,0.0,-0.06666666666666671,3.3333333333333357,-3.3333333333333357,0.0,0.0,56.666666666666664,0.0,33.333333333333336,0.0,33.333333333333336,54.444444444444436,49.444444444444436,75,0,33.75,64.30555555555557,50.555555555555564,36,80,57.10416666666667,0.0,-0.06666666666666671,False,False,False,False,False,False,False,False,False,0.0,33.75,3.3333333333333357
VH2.XETRA,VH2.XETRA,85.0,0.7,0.46666666666666656,11.666666666666671,23.33333333333333,0.0,1.0,63.333333333333336,0.0,0.0,0.0,0.0,63.333333333333336,63.333333333333336,55,0,24.75,50.416666666666664,36.666666666666664,36,80,82.20416666666668,0.7,0.46666666666666656,False,False,False,False,False,False,False,False,False,0.0,24.75,11.666666666666671
DTG.XETRA,DTG.XETRA,50.0,-0.9666666666666667,-0.38888888888888884,-28.88888888888889,-19.444444444444443,1.0,0.0,50.0,33.333333333333336,33.333333333333336,33.333333333333336,33.333333333333336,50.0,44.444444444444436,75,1,68.75,68.75,65.55555555555557,36,80,28.770833333333332,-0.9666666666666667,-0.38888888888888884,False,False,False,False,False,False,False,False,False,1.0,68.75,-28.88888888888889
P911.XETRA,P911.XETRA,0.0,-1.0,-0.1,-45.0,-5.0,1.0,0.0,43.333333333333336,0.0,0.0,0.0,0.0,63.333333333333336,53.888888888888886,75,0,48.75,55.416666666666664,56.111111111111114,36,80,36.35416666666667,-1.0,-0.1,False,False,False,False,False,False,False,False,False,1.0,48.75,-45.0
ACLN.SW,ACLN.SW,5.0,-0.1,-0.38888888888888884,14.444444444444443,-19.444444444444443,1.0,1.0,50.0,33.333333333333336,33.333333333333336,33.333333333333336,33.333333333333336,50.0,44.444444444444436,75,1,68.75,68.75,65.55555555555557,36,80,48.27083333333333,-0.1,-0.38888888888888884,False,False,False,False,False,False,False,False,False,1.0,68.75,14.444444444444443
014.F,014.F,50.0,-0.15,-0.4222222222222222,13.61111111111111,-21.11111111111111,1.0,1.0,36.666666666666664,33.333333333333336,0.0,33.333333333333336,0.0,58.888888888888886,48.888888888888886,75,1,68.75,59.861111111111114,61.111111111111114,36,80,51.14583333333333,-0.15,-0.4222222222222222,False,False,False,False,False,False,False,False,False,1.0,68.75,13.61111111111111
SDZ.SW,SDZ.SW,50.0,0.0,-0.1,5.0,-5.0,0.0,0.0,43.333333333333336,0.0,0.0,0.0,0.0,63.333333333333336,53.888888888888886,75,0,33.75,55.416666666666664,46.111111111111114,36,80,61.10416666666667,0.0,-0.1,False,False,False,False,False,False,False,False,False,0.0,33.75,5.0
R3NK.XETRA,R3NK.XETRA,50.0,0.0,-0.38888888888888884,19.444444444444443,-19.444444444444443,0.0,0.0,50.0,33.333333333333336,33.333333333333336,33.333333333333336,33.333333333333336,50.0,44.444444444444436,75,1,53.75,68.75,55.555555555555564,36,80,52.77083333333333,0.0,-0.38888888888888884,False,False,False,False,False,False,False,False,False,0.0,53.75,19.444444444444443
SUNN.SW,SUNN.SW,50.0,0.0,-0.38888888888888884,19.444444444444443,-19.444444444444443,0.0,0.0,50.0,33.333333333333336,33.333333333333336,33.333333333333336,33.333333333333336,50.0,44.444444444444436,75,1,53.75,68.75,55.555555555555564,36,80,52.77083333333333,0.0,-0.38888888888888884,False,False,False,False,False,False,False,False,False,0.0,53.75,19.444444444444443
PFSE.XETRA,PFSE.XETRA,1.666666666666667,-0.9666666666666667,-0.4222222222222222,-27.22222222222222,-21.11111111111111,1.0,0.0,36.666666666666664,33.333333333333336,0.0,33.333333333333336,0.0,58.888888888888886,48.888888888888886,75,1,68.75,59.861111111111114,61.111111111111114,36,80,32.770833333333336,-0.9666666666666667,-0.4222222222222222,False,False,False,False,False,False,False,False,False,1.0,68.75,-27.22222222222222
SMG.SW,SMG.SW,0.0,-0.9833333333333333,-0.9833333333333333,0.0,-49.166666666666664,2.0,0.0,30.0,50.0,0.0,50.0,0.0,50.0,35.0,75,1,83.75,68.75,85.0,36,80,28.8125,-0.9833333333333333,-0.9833333333333333,False,False,False,False,False,False,True,False,True,2.0,83.75,0.0
OBCK.XETRA,OBCK.XETRA,50.0,-0.9,-0.06666666666666671,-41.666666666666664,-3.3333333333333357,1.0,0.0,56.666666666666664,0.0,33.333333333333336,0.0,33.333333333333336,54.444444444444436,49.444444444444436,75,0,48.75,64.30555555555557,60.555555555555564,36,80,34.60416666666667,-0.9,-0.06666666666666671,False,False,False,False,False,False,False,False,False,1.0,48.75,-41.666666666666664
3IN.LSE,3IN.LSE,50.0,-0.9,-0.06666666666666671,-41.666666666666664,-3.3333333333333357,1.0,0.0,56.666666666666664,0.0,33.333333333333336,0.0,33.333333333333336,54.444444444444436,49.444444444444436,75,0,48.75,64.30555555555557,60.555555555555564,36,80,34.60416666666667,-0.9,-0.06666666666666671,False,False,False,False,False,False,False,False,False,1.0,48.75,-41.666666666666664
ABDN.LSE,ABDN.LSE,50.0,0.0,0.46666666666666656,-23.33333333333333,23.33333333333333,0.0,0.0,63.333333333333336,0.0,0.0,0.0,0.0,63.333333333333336,63.333333333333336,55,0,24.75,50.416666666666664,36.666666666666664,36,80,66.45416666666668,0.0,0.46666666666666656,False,False,False,False,False,False,False,False,False,0.0,24.75,-23.33333333333333
ABF.LSE,ABF.LSE,50.0,0.0,-0.1,5.0,-5.0,0.0,0.0,43.333333333333336,0.0,0.0,0.0,0.0,63.333333333333336,53.888888888888886,75,0,33.75,55.416666666666664,46.111111111111114,36,80,61.10416666666667,0.0,-0.1,False,False,False,False,False,False,False,False,False,0.0,33.75,5.0
ADM.LSE,ADM.LSE,50.0,0.0,-0.4222222222222222,21.11111111111111,-21.11111111111111,0.0,0.0,36.666666666666664,33.333333333333336,0.0,33.333333333333336,0.0,58.888888888888886,48.888888888888886,75,1,53.75,59.861111111111114,51.111111111111114,36,80,56.77083333333333,0.0,-0.4222222222222222,False,False,False,False,False,False,False,False,False,0.0,53.75,21.11111111111111
AIBG.LSE,AIBG.LSE,50.0,0.0,-0.9555555555555556,47.77777777777778,-47.77777777777778,0.0,0.0,30.0,33.333333333333336,33.333333333333336,33.333333333333336,33.333333333333336,50.0,35.0,75,1,53.75,68.75,65.0,36,80,48.77083333333333,0.0,-0.9555555555555556,False,False,False,False,False,False,True,False,True,0.0,53.75,47.77777777777778
ANTO.LSE,ANTO.LSE,50.0,0.0,-0.38888888888888884,19.444444444444443,-19.444444444444443,0.0,0.0,50.0,33.333333333333336,33.333333333333336,33.333333333333336,33.333333333333336,50.0,44.444444444444436,75,1,53.75,68.75,55.555555555555564,36,80,52.77083333333333,0.0,-0.38888888888888884,False,False,False,False,False,False,False,False,False,0.0,53.75,19.444444444444443
ASHM.LSE,ASHM.LSE,50.0,0.0,-0.06666666666666671,3.3333333333333357,-3.3333333333333357,0.0,0.0,56.666666666666664,0.0,33.333333333333336,0.0,33.333333333333336,54.444444444444436,49.444444444444436,75,0,33.75,64.30555555555557,50.555555555555564,36,80,57.10416666666667,0.0,-0.06666666666666671,False,False,False,False,False,False,False,False,False,0.0,33.75,3.3333333333333357
AUTO.LSE,AUTO.LSE,50.0,0.0,0.46666666666666656,-23.33333333333333,23.33333333333333,0.0,0.0,63.333333333333336,0.0,0.0,0.0,0.0,63.333333333333336,63.333333333333336,55,0,24.75,50.416666666666664,36.666666666666664,36,80,66.45416666666668,0.0,0.46666666666666656,False,False,False,False,False,False,False,False,False,0.0,24.75,-23.33333333333333
AV.LSE,AV.LSE,50.0,0.0,-0.1,5.0,-5.0,0.0,0.0,43.333333333333336,0.0,0.0,0.0,0.0,63.333333333333336,53.888888888888886,75,0,33.75,55.416666666666664,46.111111111111114,36,80,61.10416666666667,0.0,-0.1,False,False,False,False,False,False,False,False,False,0.0,33.75,5.0
AZN.LSE,AZN.LSE,50.0,0.0,-0.4222222222222222,21.11111111111111,-21.11111111111111,0.0,0.0,36.666666666666664,33.333333333333336,0.0,33.333333333333336,0.0,58.888888888888886,48.888888888888886,75,1,53.75,59.861111111111114,51.111111111111114,36,80,56.77083333333333,0.0,-0.4222222222222222,False,False,False,False,False,False,False,False,False,0.0,53.75,21.11111111111111
BA.LSE,BA.LSE,50.0,0.0,-0.9555555555555556,47.77777777777778,-47.77777777777778,0.0,0.0,30.0,33.333333333333336,33.333333333333336,33.333333333333336,33.333333333333336,50.0,35.0,75,1,53.75,68.75,65.0,36,80,48.77083333333333,0.0,-0.9555555555555556,False,False,False,False,False,False,True,False,True,0.0,53.75,47.77777777777778
BATS.LSE,BATS.LSE,50.0,0.0,-0.38888888888888884,19.444444444444443,-19.444444444444443,0.0,0.0,50.0,33.333333333333336,33.333333333333336,33.333333333333336,33.333333333333336,50.0,44.444444444444436,75,1,53.75,68.75,55.555555555555564,36,80,52.77083333333333,0.0,-0.38888888888888884,False,False,False,False,False,False,False,False,False,0.0,53.75,19.444444444444443
BBY.LSE,BBY.LSE,50.0,0.0,-0.06666666666666671,3.3333333333333357,-3.3333333333333357,0.0,0.0,56.666666666666664,0.0,33.333333333333336,0.0,33.333333333333336,54.444444444444436,49.444444444444436,75,0,33.75,64.30555555555557,50.555555555555564,36,80,57.10416666666667,0.0,-0.06666666666666671,False,False,False,False,False,False,False,False,False,0.0,33.75,3.3333333333333357
BEZ.LSE,BEZ.LSE,50.0,0.0,0.46666666666666656,-23.33333333333333,23.33333333333333,0.0,0.0,63.333333333333336,0.0,0.0,0.0,0.0,63.333333333333336,63.333333333333336,55,0,24.75,50.416666666666664,36.666666666666664,36,80,66.45416666666668,0.0,0.46666666666666656,False,False,False,False,False,False,False,False,False,0.0,24.75,-23.33333333333333
BGEO.LSE,BGEO.LSE,50.0,0.0,0.35,-17.5,17.5,0.0,0.0,50.0,0.0,0.0,0.0,0.0,70.0,63.33333333333333,75,0,33.75,48.75,36.66666666666667,36,80,62.4375,0.0,0.35,False,False,False,False,False,False,False,False,False,0.0,33.75,-17.5
BHP.LSE,BHP.LSE,1.666666666666667,-0.9666666666666667,-0.4222222222222222,-27.22222222222222,-21.11111111111111,1.0,0.0,36.666666666666664,33.333333333333336,0.0,33.333333333333336,0.0,58.888888888888886,48.888888888888886,75,1,68.75,59.861111111111114,61.111111111111114,36,80,32.770833333333336,-0.9666666666666667,-0.4222222222222222,False,False,False,False,False,False,False,False,False,1.0,68.75,-27.22222222222222
BKG.LSE,BKG.LSE,5.0,-0.9,-0.9555555555555556,2.7777777777777777,-47.77777777777778,1.0,0.0,30.0,33.333333333333336,33.333333333333336,33.333333333333336,33.333333333333336,50.0,35.0,75,1,68.75,68.75,75.0,36,80,26.270833333333332,-0.9,-0.9555555555555556,False,False,False,False,False,False,True,False,True,1.0,68.75,2.7777777777777777
BLND.LSE,BLND.LSE,85.0,0.7,-0.38888888888888884,54.44444444444444,-19.444444444444443,0.0,1.0,50.0,33.333333333333336,33.333333333333336,33.333333333333336,33.333333333333336,50.0,44.444444444444436,75,1,53.75,68.75,55.555555555555564,36,80,68.52083333333333,0.7,-0.38888888888888884,False,False,False,False,False,False,False,False,False,0.0,53.75,54.44444444444444
BNC.LSE,BNC.LSE,50.0,0.0,-0.45,22.5,-22.5,0.0,0.0,40.0,0.0,50.0,0.0,50.0,56.666666666666664,42.5,75,0,33.75,62.083333333333336,57.5,36,80,50.4375,0.0,-0.45,False,False,False,False,False,False,False,False,False,0.0,33.75,22.5
BNZL.LSE,BNZL.LSE,50.0,0.35,0.46666666666666656,-5.833333333333329,23.33333333333333,0.0,1.0,63.333333333333336,0.0,0.0,0.0,0.0,63.333333333333336,63.333333333333336,55,0,24.75,50.416666666666664,36.666666666666664,36,80,74.32916666666668,0.35,0.46666666666666656,False,False,False,False,False,False,False,False,False,0.0,24.75,-5.833333333333329
BOY.LSE,BOY.LSE,85.0,-0.15,-0.1,-2.5,-5.0,1.0,1.0,43.333333333333336,0.0,0.0,0.0,0.0,63.333333333333336,53.888888888888886,75,0,48.75,55.416666666666664,56.111111111111114,36,80,55.47916666666667,-0.15,-0.1,False,False,False,False,False,False,False,False,False,1.0,48.75,-2.5
BREE.LSE,BREE.LSE,0.0,-0.9833333333333333,-0.9833333333333333,0.0,-49.166666666666664,2.0,0.0,30.0,50.0,0.0,50.0,0.0,50.0,35.0,75,1,83.75,68.75,85.0,36,80,28.8125,-0.9833333333333333,-0.9833333333333333,False,False,False,False,False,False,True,False,True,2.0,83.75,0.0
BT-A.LSE,BT-A.LSE,50.0,-0.9333333333333332,-0.9333333333333332,0.0,-46.666666666666664,2.0,0.0,30.0,50.0,50.0,50.0,50.0,50.0,35.0,75,1,83.75,68.75,85.0,36,80,19.9375,-0.9333333333333332,-0.9333333333333332,False,False,False,False,False,False,True,False,True,2.0,83.75,0.0
BTRW.LSE,BTRW.LSE,1.666666666666667,-0.38888888888888884,-0.38888888888888884,0.0,-19.444444444444443,2.0,1.0,50.0,33.333333333333336,33.333333333333336,33.333333333333336,33.333333333333336,50.0,44.444444444444436,75,1,83.75,68.75,75.55555555555557,36,80,39.52083333333333,-0.38888888888888884,-0.38888888888888884,False,False,False,False,False,False,False,False,False,2.0,83.75,0.0
BVA.LSE,BVA.LSE,5.0,-0.06666666666666671,-0.06666666666666671,0.0,-3.3333333333333357,1.0,1.0,56.666666666666664,0.0,33.333333333333336,0.0,33.333333333333336,54.444444444444436,49.444444444444436,75,0,48.75,64.30555555555557,60.555555555555564,36,80,53.35416666666667,-0.06666666666666671,-0.06666666666666671,False,False,False,False,False,False,False,False,False,1.0,48.75,0.0
BWY.LSE,BWY.LSE,50.0,0.46666666666666656,0.46666666666666656,0.0,23.33333333333333,0.0,2.0,63.333333333333336,0.0,0.0,0.0,0.0,63.333333333333336,63.333333333333336,55,0,24.75,50.416666666666664,36.666666666666664,36,80,76.95416666666668,0.46666666666666656,0.46666666666666656,False,False,False,False,False,False,False,False,False,0.0,24.75,0.0
BYG.LSE,BYG.LSE,50.0,0.35,-0.1,22.5,-5.0,0.0,1.0,43.333333333333336,0.0,0.0,0.0,0.0,63.333333333333336,53.888888888888886,75,0,33.75,55.416666666666664,46.111111111111114,36,80,68.97916666666667,0.35,-0.1,False,False,False,False,False,False,False,False,False,0.0,33.75,22.5
CCC.LSE,CCC.LSE,50.0,-0.15,-0.4222222222222222,13.61111111111111,-21.11111111111111,1.0,1.0,36.666666666666664,33.333333333333336,0.0,33.333333333333336,0.0,58.888888888888886,48.888888888888886,75,1,68.75,59.861111111111114,61.111111111111114,36,80,51.14583333333333,-0.15,-0.4222222222222222,False,False,False,False,False,False,False,False,False,1.0,68.75,13.61111111111111
CCH.LSE,CCH.LSE,50.0,-0.9833333333333333,-0.9555555555555556,-1.3888888888888888,-47.77777777777778,2.0,0.0,30.0,33.333333333333336,33.333333333333336,33.333333333333336,33.333333333333336,50.0,35.0,75,1,83.75,68.75,85.0,36,80,22.145833333333332,-0.9833333333333333,-0.9555555555555556,False,False,False,False,False,False,True,False,True,2.0,83.75,-1.3888888888888888
CHG.LSE,CHG.LSE,50.0,-0.9666666666666667,-0.38888888888888884,-28.88888888888889,-19.444444444444443,1.0,0.0,50.0,33.333333333333336,33.333333333333336,33.333333333333336,33.333333333333336,50.0,44.444444444444436,75,1,68.75,68.75,65.55555555555557,36,80,28.770833333333332,-0.9666666666666667,-0.38888888888888884,False,False,False,False,False,False,False,False,False,1.0,68.75,-28.88888888888889
CKN.LSE,CKN.LSE,50.0,-0.9,-0.06666666666666671,-41.666666666666664,-3.3333333333333357,1.0,0.0,56.666666666666664,0.0,33.333333333333336,0.0,33.333333333333336,54.444444444444436,49.444444444444436,75,0,48.75,64.30555555555557,60.555555555555564,36,80,34.60416666666667,-0.9,-0.06666666666666671,False,False,False,False,False,False,False,False,False,1.0,48.75,-41.666666666666664
CMCX.LSE,CMCX.LSE,50.0,0.7,0.46666666666666656,11.666666666666671,23.33333333333333,0.0,1.0,63.333333333333336,0.0,0.0,0.0,0.0,63.333333333333336,63.333333333333336,55,0,24.75,50.416666666666664,36.666666666666664,36,80,82.20416666666668,0.7,0.46666666666666656,False,False,False,False,False,False,False,False,False,0.0,24.75,11.666666666666671
CNA.LSE,CNA.LSE,50.0,0.0,-0.1,5.0,-5.0,0.0,0.0,43.333333333333336,0.0,0.0,0.0,0.0,63.333333333333336,53.888888888888886,75,0,33.75,55.416666666666664,46.111111111111114,36,80,61.10416666666667,0.0,-0.1,False,False,False,False,False,False,False,False,False,0.0,33.75,5.0
COA.LSE,COA.LSE,50.0,0.0,-0.4222222222222222,21.11111111111111,-21.11111111111111,0.0,0.0,36.666666666666664,33.333333333333336,0.0,33.333333333333336,0.0,58.888888888888886,48.888888888888886,75,1,53.75,59.861111111111114,51.111111111111114,36,80,56.77083333333333,0.0,-0.4222222222222222,False,False,False,False,False,False,False,False,False,0.0,53.75,21.11111111111111
CPG.LSE,CPG.LSE,50.0,0.0,-0.9555555555555556,47.77777777777778,-47.77777777777778,0.0,0.0,30.0,33.333333333333336,33.333333333333336,33.333333333333336,33.333333333333336,50.0,35.0,75,1,53.75,68.75,65.0,36,80,48.77083333333333,0.0,-0.9555555555555556,False,False,False,False,False,False,True,False,True,0.0,53.75,47.77777777777778
CSN.LSE,CSN.LSE,50.0,0.0,-0.38888888888888884,19.444444444444443,-19.444444444444443,0.0,0.0,50.0,33.333333333333336,33.333333333333336,33.333333333333336,33.333333333333336,50.0,44.444444444444436,75,1,53.75,68.75,55.555555555555564,36,80,52.77083333333333,0.0,-0.38888888888888884,False,False,False,False,False,False,False,False,False,0.0,53.75,19.444444444444443
CURY.LSE,CURY.LSE,50.0,0.0,-0.06666666666666671,3.3333333333333357,-3.3333333333333357,0.0,0.0,56.666666666666664,0.0,33.333333333333336,0.0,33.333333333333336,54.444444444444436,49.444444444444436,75,0,33.75,64.30555555555557,50.555555555555564,36,80,57.10416666666667,0.0,-0.06666666666666671,False,False,False,False,False,False,False,False,False,0.0,33.75,3.3333333333333357
CWK.LSE,CWK.LSE,50.0,0.0,0.46666666666666656,-23.33333333333333,23.33333333333333,0.0,0.0,63.333333333333336,0.0,0.0,0.0,0.0,63.333333333333336,63.333333333333336,55,0,24.75,50.416666666666664,36.666666666666664,36,80,66.45416666666668,0.0,0.46666666666666656,False,False,False,False,False,False,False,False,False,0.0,24.75,-23.33333333333333
DCC.LSE,DCC.LSE,50.0,0.0,-0.1,5.0,-5.0,0.0,0.0,43.333333333333336,0.0,0.0,0.0,0.0,63.333333333333336,53.888888888888886,75,0,33.75,55.416666666666664,46.111111111111114,36,80,61.10416666666667,0.0,-0.1,False,False,False,False,False,False,False,False,False,0.0,33.75,5.0
DLN.LSE,DLN.LSE,50.0,0.0,-0.4222222222222222,21.11111111111111,-21.11111111111111,0.0,0.0,36.666666666666664,33.333333333333336,0.0,33.333333333333336,0.0,58.888888888888886,48.888888888888886,75,1,53.75,59.861111111111114,51.111111111111114,36,80,56.77083333333333,0.0,-0.4222222222222222,False,False,False,False,False,False,False,False,False,0.0,53.75,21.11111111111111
DNLM.LSE,DNLM.LSE,50.0,0.0,-0.9555555555555556,47.77777777777778,-47.77777777777778,0.0,0.0,30.0,33.333333333333336,33.333333333333336,33.333333333333336,33.333333333333336,50.0,35.0,75,1,53.75,68.75,65.0,36,80,48.77083333333333,0.0,-0.9555555555555556,False,False,False,False,False,False,True,False,True,0.0,53.75,47.77777777777778
DOM.LSE,DOM.LSE,50.0,0.0,-0.38888888888888884,19.444444444444443,-19.444444444444443,0.0,0.0,50.0,33.333333333333336,33.333333333333336,33.333333333333336,33.333333333333336,50.0,44.444444444444436,75,1,53.75,68.75,55.555555555555564,36,80,52.77083333333333,0.0,-0.38888888888888884,False,False,False,False,False,False,False,False,False,0.0,53.75,19.444444444444443
DRX.LSE,DRX.LSE,50.0,0.0,-0.06666666666666671,3.3333333333333357,-3.3333333333333357,0.0,0.0,56.666666666666664,0.0,33.333333333333336,0.0,33.333333333333336,54.444444444444436,49.444444444444436,75,0,33.75,64.30555555555557,50.555555555555564,36,80,57.10416666666667,0.0,-0.06666666666666671,False,False,False,False,False,False,False,False,False,0.0,33.75,3.3333333333333357
DSCV.LSE,DSCV.LSE,50.0,0.0,0.46666666666666656,-23.33333333333333,23.33333333333333,0.0,0.0,63.333333333333336,0.0,0.0,0.0,0.0,63.333333333333336,63.333333333333336,55,0,24.75,50.416666666666664,36.666666666666664,36,80,66.45416666666668,0.0,0.46666666666666656,False,False,False,False,False,False,False,False,False,0.0,24.75,-23.33333333333333
ELM.LSE,ELM.LSE,50.0,0.0,-0.1,5.0,-5.0,0.0,0.0,43.333333333333336,0.0,0.0,0.0,0.0,63.333333333333336,53.888888888888886,75,0,33.75,55.416666666666664,46.111111111111114,36,80,61.10416666666667,0.0,-0.1,False,False,False,False,False,False,False,False,False,0.0,33.75,5.0
EMG.LSE,EMG.LSE,50.0,0.0,-0.4222222222222222,21.11111111111111,-21.11111111111111,0.0,0.0,36.666666666666664,33.333333333333336,0.0,33.333333333333336,0.0,58.888888888888886,48.888888888888886,75,1,53.75,59.861111111111114,51.111111111111114,36,80,56.77083333333333,0.0,-0.4222222222222222,False,False,False,False,False,False,False,False,False,0.0,53.75,21.11111111111111
ENT.LSE,ENT.LSE,50.0,0.0,-0.9833333333333333,49.166666666666664,-49.166666666666664,0.0,0.0,30.0,50.0,0.0,50.0,0.0,50.0,35.0,75,1,53.75,68.75,65.0,36,80,55.4375,0.0,-0.9833333333333333,False,False,False,False,False,False,True,False,True,0.0,53.75,49.166666666666664
EXPN.LSE,EXPN.LSE,85.0,0.7,-0.38888888888888884,54.44444444444444,-19.444444444444443,0.0,1.0,50.0,33.333333333333336,33.333333333333336,33.333333333333336,33.333333333333336,50.0,44.444444444444436,75,1,53.75,68.75,55.555555555555564,36,80,68.52083333333333,0.7,-0.38888888888888884,False,False,False,False,False,False,False,False,False,0.0,53.75,54.44444444444444
EZJ.LSE,EZJ.LSE,50.0,0.0,-0.06666666666666671,3.3333333333333357,-3.3333333333333357,0.0,0.0,56.666666666666664,0.0,33.333333333333336,0.0,33.333333333333336,54.444444444444436,49.444444444444436,75,0,33.75,64.30555555555557,50.555555555555564,36,80,57.10416666666667,0.0,-0.06666666666666671,False,False,False,False,False,False,False,False,False,0.0,33.75,3.3333333333333357
FAN.LSE,FAN.LSE,85.0,0.7,0.7,0.0,35.0,0.0,1.0,70.0,0.0,0.0,0.0,0.0,63.33333333333333,70.0,55,0,24.75,50.41666666666667,30.0,36,80,83.5375,0.7,0.7,False,False,False,False,False,False,False,False,False,0.0,24.75,0.0
FEVR.LSE,FEVR.LSE,50.0,-1.0,-0.5,-25.0,-25.0,1.0,0.0,40.0,0.0,0.0,0.0,0.0,56.666666666666664,42.5,75,0,48.75,62.083333333333336,67.5,36,80,35.6875,-1.0,-0.5,False,False,False,False,False,False,False,False,False,1.0,48.75,-25.0
FGP.LSE,FGP.LSE,0.0,-0.9833333333333333,-0.4222222222222222,-28.055555555555557,-21.11111111111111,2.0,0.0,36.666666666666664,33.333333333333336,0.0,33.333333333333336,0.0,58.888888888888886,48.888888888888886,75,1,83.75,59.861111111111114,71.11111111111111,36,80,30.145833333333332,-0.9833333333333333,-0.4222222222222222,False,False,False,False,False,False,False,False,False,2.0,83.75,-28.055555555555557
FOUR.LSE,FOUR.LSE,1.666666666666667,-0.9333333333333332,-0.9555555555555556,1.1111111111111112,-47.77777777777778,2.0,0.0,30.0,33.333333333333336,33.333333333333336,33.333333333333336,33.333333333333336,50.0,35.0,75,1,83.75,68.75,85.0,36,80,23.270833333333332,-0.9333333333333332,-0.9555555555555556,False,False,False,False,False,False,True,False,True,2.0,83.75,1.1111111111111112
FRES.LSE,FRES.LSE,50.0,-0.1,-0.1,0.0,-5.0,1.0,1.0,60.0,0.0,50.0,0.0,50.0,50.0,49.166666666666664,75,1,68.75,68.75,60.833333333333336,36,80,46.9375,-0.1,-0.1,False,False,False,False,False,False,False,False,False,1.0,68.75,0.0
GAMA.LSE,GAMA.LSE,5.0,-0.06666666666666671,-0.06666666666666671,0.0,-3.3333333333333357,1.0,1.0,56.666666666666664,0.0,33.333333333333336,0.0,33.333333333333336,54.444444444444436,49.444444444444436,75,0,48.75,64.30555555555557,60.555555555555564,36,80,53.35416666666667,-0.06666666666666671,-0.06666666666666671,False,False,False,False,False,False,False,False,False,1.0,48.75,0.0
GAW.LSE,GAW.LSE,85.0,0.46666666666666656,0.46666666666666656,0.0,23.33333333333333,0.0,2.0,63.333333333333336,0.0,0.0,0.0,0.0,63.333333333333336,63.333333333333336,55,0,24.75,50.416666666666664,36.666666666666664,36,80,76.95416666666668,0.46666666666666656,0.46666666666666656,False,False,False,False,False,False,False,False,False,0.0,24.75,0.0
GDWN.LSE,GDWN.LSE,50.0,-0.1,-0.1,0.0,-5.0,1.0,1.0,43.333333333333336,0.0,0.0,0.0,0.0,63.333333333333336,53.888888888888886,75,0,48.75,55.416666666666664,56.111111111111114,36,80,56.60416666666667,-0.1,-0.1,False,False,False,False,False,False,False,False,False,1.0,48.75,0.0
GEN.LSE,GEN.LSE,50.0,-0.15,-0.4222222222222222,13.61111111111111,-21.11111111111111,1.0,1.0,36.666666666666664,33.333333333333336,0.0,33.333333333333336,0.0,58.888888888888886,48.888888888888886,75,1,68.75,59.861111111111114,61.111111111111114,36,80,51.14583333333333,-0.15,-0.4222222222222222,False,False,False,False,False,False,False,False,False,1.0,68.75,13.61111111111111
GLB.LSE,GLB.LSE,50.0,-0.9833333333333333,-0.9555555555555556,-1.3888888888888888,-47.77777777777778,2.0,0.0,30.0,33.333333333333336,33.333333333333336,33.333333333333336,33.333333333333336,50.0,35.0,75,1,83.75,68.75,85.0,36,80,22.145833333333332,-0.9833333333333333,-0.9555555555555556,False,False,False,False,False,False,True,False,True,2.0,83.75,-1.3888888888888888
GNC.LSE,GNC.LSE,50.0,-0.9333333333333332,-0.38888888888888884,-27.222222222222225,-19.444444444444443,2.0,0.0,50.0,33.333333333333336,33.333333333333336,33.333333333333336,33.333333333333336,50.0,44.444444444444436,75,1,83.75,68.75,75.55555555555557,36,80,27.270833333333332,-0.9333333333333332,-0.38888888888888884,False,False,False,False,False,False,False,False,False,2.0,83.75,-27.222222222222225
GNS.LSE,GNS.LSE,50.0,-0.1,-0.06666666666666671,-1.6666666666666643,-3.3333333333333357,1.0,1.0,56.666666666666664,0.0,33.333333333333336,0.0,33.333333333333336,54.444444444444436,49.444444444444436,75,0,48.75,64.30555555555557,60.555555555555564,36,80,52.60416666666667,-0.1,-0.06666666666666671,False,False,False,False,False,False,False,False,False,1.0,48.75,-1.6666666666666643
GPE.LSE,GPE.LSE,50.0,0.7,0.46666666666666656,11.666666666666671,23.33333333333333,0.0,1.0,63.333333333333336,0.0,0.0,0.0,0.0,63.333333333333336,63.333333333333336,55,0,24.75,50.416666666666664,36.666666666666664,36,80,82.20416666666668,0.7,0.46666666666666656,False,False,False,False,False,False,False,False,False,0.0,24.75,11.666666666666671
GRG.LSE,GRG.LSE,50.0,0.0,-0.1,5.0,-5.0,0.0,0.0,43.333333333333336,0.0,0.0,0.0,0.0,63.333333333333336,53.888888888888886,75,0,33.75,55.416666666666664,46.111111111111114,36,80,61.10416666666667,0.0,-0.1,False,False,False,False,False,False,False,False,False,0.0,33.75,5.0
GRI.LSE,GRI.LSE,50.0,0.7,-0.4222222222222222,56.111111111111114,-21.11111111111111,0.0,1.0,36.666666666666664,33.333333333333336,0.0,33.333333333333336,0.0,58.888888888888886,48.888888888888886,75,1,53.75,59.861111111111114,51.111111111111114,36,80,72.52083333333334,0.7,-0.4222222222222222,False,False,False,False,False,False,False,False,False,0.0,53.75,56.111111111111114
GSK.LSE,GSK.LSE,50.0,-1.0,-0.9555555555555556,-2.2222222222222223,-47.77777777777778,1.0,0.0,30.0,33.333333333333336,33.333333333333336,33.333333333333336,33.333333333333336,50.0,35.0,75,1,68.75,68.75,75.0,36,80,24.020833333333332,-1.0,-0.9555555555555556,False,False,False,False,False,False,True,False,True,1.0,68.75,-2.2222222222222223
HIK.LSE,HIK.LSE,50.0,0.0,-0.38888888888888884,19.444444444444443,-19.444444444444443,0.0,0.0,50.0,33.333333333333336,33.333333333333336,33.333333333333336,33.333333333333336,50.0,44.444444444444436,75,1,53.75,68.75,55.555555555555564,36,80,52.77083333333333,0.0,-0.38888888888888884,False,False,False,False,False,False,False,False,False,0.0,53.75,19.444444444444443
HILS.LSE,HILS.LSE,50.0,0.0,-0.06666666666666671,3.3333333333333357,-3.3333333333333357,0.0,0.0,56.666666666666664,0.0,33.333333333333336,0.0,33.333333333333336,54.444444444444436,49.444444444444436,75,0,33.75,64.30555555555557,50.555555555555564,36,80,57.10416666666667,0.0,-0.06666666666666671,False,False,False,False,False,False,False,False,False,0.0,33.75,3.3333333333333357
HMSO.LSE,HMSO.LSE,50.0,0.0,0.46666666666666656,-23.33333333333333,23.33333333333333,0.0,0.0,63.333333333333336,0.0,0.0,0.0,0.0,63.333333333333336,63.333333333333336,55,0,24.75,50.416666666666664,36.666666666666664,36,80,66.45416666666668,0.0,0.46666666666666656,False,False,False,False,False,False,False,False,False,0.0,24.75,-23.33333333333333
HOC.LSE,HOC.LSE,50.0,0.0,-0.1,5.0,-5.0,0.0,0.0,43.333333333333336,0.0,0.0,0.0,0.0,63.333333333333336,53.888888888888886,75,0,33.75,55.416666666666664,46.111111111111114,36,80,61.10416666666667,0.0,-0.1,False,False,False,False,False,False,False,False,False,0.0,33.75,5.0
HSX.LSE,HSX.LSE,50.0,0.0,-0.4222222222222222,21.11111111111111,-21.11111111111111,0.0,0.0,36.666666666666664,33.333333333333336,0.0,33.333333333333336,0.0,58.888888888888886,48.888888888888886,75,1,53.75,59.861111111111114,51.111111111111114,36,80,56.77083333333333,0.0,-0.4222222222222222,False,False,False,False,False,False,False,False,False,0.0,53.75,21.11111111111111
HWDN.LSE,HWDN.LSE,50.0,0.0,-0.9555555555555556,47.77777777777778,-47.77777777777778,0.0,0.0,30.0,33.333333333333336,33.333333333333336,33.333333333333336,33.333333333333336,50.0,35.0,75,1,53.75,68.75,65.0,36,80,48.77083333333333,0.0,-0.9555555555555556,False,False,False,False,False,False,True,False,True,0.0,53.75,47.77777777777778
ICG.LSE,ICG.LSE,50.0,0.0,-0.38888888888888884,19.444444444444443,-19.444444444444443,0.0,0.0,50.0,33.333333333333336,33.333333333333336,33.333333333333336,33.333333333333336,50.0,44.444444444444436,75,1,53.75,68.75,55.555555555555564,36,80,52.77083333333333,0.0,-0.38888888888888884,False,False,False,False,False,False,False,False,False,0.0,53.75,19.444444444444443
IGG.LSE,IGG.LSE,50.0,0.0,-0.06666666666666671,3.3333333333333357,-3.3333333333333357,0.0,0.0,56.666666666666664,0.0,33.333333333333336,0.0,33.333333333333336,54.444444444444436,49.444444444444436,75,0,33.75,64.30555555555557,50.555555555555564,36,80,57.10416666666667,0.0,-0.06666666666666671,False,False,False,False,False,False,False,False,False,0.0,33.75,3.3333333333333357
IHG.LSE,IHG.LSE,50.0,0.0,0.46666666666666656,-23.33333333333333,23.33333333333333,0.0,0.0,63.333333333333336,0.0,0.0,0.0,0.0,63.333333333333336,63.333333333333336,55,0,24.75,50.416666666666664,36.666666666666664,36,80,66.45416666666668,0.0,0.46666666666666656,False,False,False,False,False,False,False,False,False,0.0,24.75,-23.33333333333333
III.LSE,III.LSE,50.0,0.0,-0.1,5.0,-5.0,0.0,0.0,43.333333333333336,0.0,0.0,0.0,0.0,63.333333333333336,53.888888888888886,75,0,33.75,55.416666666666664,46.111111111111114,36,80,61.10416666666667,0.0,-0.1,False,False,False,False,False,False,False,False,False,0.0,33.75,5.0
IMI.LSE,IMI.LSE,50.0,0.0,-0.4222222222222222,21.11111111111111,-21.11111111111111,0.0,0.0,36.666666666666664,33.333333333333336,0.0,33.333333333333336,0.0,58.888888888888886,48.888888888888886,75,1,53.75,59.861111111111114,51.111111111111114,36,80,56.77083333333333,0.0,-0.4222222222222222,False,False,False,False,False,False,False,False,False,0.0,53.75,21.11111111111111
INCH.LSE,INCH.LSE,50.0,0.0,-0.9555555555555556,47.77777777777778,-47.77777777777778,0.0,0.0,30.0,33.333333333333336,33.333333333333336,33.333333333333336,33.333333333333336,50.0,35.0,75,1,53.75,68.75,65.0,36,80,48.77083333333333,0.0,-0.9555555555555556,False,False,False,False,False,False,True,False,True,0.0,53.75,47.77777777777778
INF.LSE,INF.LSE,50.0,0.0,-0.9333333333333332,46.666666666666664,-46.666666666666664,0.0,0.0,30.0,50.0,50.0,50.0,50.0,50.0,35.0,75,1,53.75,68.75,65.0,36,80,45.4375,0.0,-0.9333333333333332,False,False,False,False,False,False,True,False,True,0.0,53.75,46.666666666666664
INPP.LSE,INPP.LSE,50.0,0.0,-0.1,5.0,-5.0,0.0,0.0,60.0,0.0,50.0,0.0,50.0,50.0,49.166666666666664,75,0,33.75,68.75,50.833333333333336,36,80,54.4375,0.0,-0.1,False,False,False,False,False,False,False,False,False,0.0,33.75,5.0
INVP.LSE,INVP.LSE,85.0,0.7,0.46666666666666656,11.666666666666671,23.33333333333333,0.0,1.0,63.333333333333336,0.0,0.0,0.0,0.0,63.333333333333336,63.333333333333336,55,0,24.75,50.416666666666664,36.666666666666664,36,80,82.20416666666668,0.7,0.46666666666666656,False,False,False,False,False,False,False,False,False,0.0,24.75,11.666666666666671
IPC.LSE,IPC.LSE,0.0,-1.0,-0.1,-45.0,-5.0,1.0,0.0,43.333333333333336,0.0,0.0,0.0,0.0,63.333333333333336,53.888888888888886,75,0,48.75,55.416666666666664,56.111111111111114,36,80,36.35416666666667,-1.0,-0.1,False,False,False,False,False,False,False,False,False,1.0,48.75,-45.0
ITRK.LSE,ITRK.LSE,50.0,-0.9666666666666667,-0.13333333333333328,-41.66666666666667,-6.666666666666664,1.0,0.0,40.0,50.0,0.0,50.0,0.0,63.33333333333333,55.83333333333333,75,1,68.75,55.41666666666667,54.16666666666667,36,80,33.4375,-0.9666666666666667,-0.13333333333333328,False,False,False,False,False,False,False,False,False,1.0,68.75,-41.66666666666667
ITV.LSE,ITV.LSE,1.666666666666667,-0.9333333333333332,-0.9555555555555556,1.1111111111111112,-47.77777777777778,2.0,0.0,30.0,33.333333333333336,33.333333333333336,33.333333333333336,33.333333333333336,50.0,35.0,75,1,83.75,68.75,85.0,36,80,23.270833333333332,-0.9333333333333332,-0.9555555555555556,False,False,False,False,False,False,True,False,True,2.0,83.75,1.1111111111111112
JD.LSE,JD.LSE,5.0,-0.1,-0.38888888888888884,14.444444444444443,-19.444444444444443,1.0,1.0,50.0,33.333333333333336,33.333333333333336,33.333333333333336,33.333333333333336,50.0,44.444444444444436,75,1,68.75,68.75,65.55555555555557,36,80,48.27083333333333,-0.1,-0.38888888888888884,False,False,False,False,False,False,False,False,False,1.0,68.75,14.444444444444443
JDW.LSE,JDW.LSE,85.0,0.35,-0.06666666666666671,20.833333333333336,-3.3333333333333357,0.0,1.0,56.666666666666664,0.0,33.333333333333336,0.0,33.333333333333336,54.444444444444436,49.444444444444436,75,0,33.75,64.30555555555557,50.555555555555564,36,80,64.97916666666667,0.35,-0.06666666666666671,False,False,False,False,False,False,False,False,False,0.0,33.75,20.833333333333336
JET2.LSE,JET2.LSE,50.0,0.35,0.35,0.0,17.5,0.0,1.0,50.0,0.0,0.0,0.0,0.0,70.0,63.33333333333333,55,0,24.75,43.75,36.66666666666667,36,80,71.6625,0.35,0.35,False,False,False,False,False,False,False,False,False,0.0,24.75,0.0
JFJ.LSE,JFJ.LSE,50.0,-0.1,-0.1,0.0,-5.0,1.0,1.0,43.333333333333336,0.0,0.0,0.0,0.0,63.333333333333336,53.888888888888886,75,0,48.75,55.416666666666664,56.111111111111114,36,80,56.60416666666667,-0.1,-0.1,False,False,False,False,False,False,False,False,False,1.0,48.75,0.0
JMAT.LSE,JMAT.LSE,85.0,-0.4222222222222222,-0.4222222222222222,0.0,-21.11111111111111,2.0,1.0,36.666666666666664,33.333333333333336,0.0,33.333333333333336,0.0,58.888888888888886,48.888888888888886,75,1,83.75,59.861111111111114,71.11111111111111,36,80,42.77083333333333,-0.4222222222222222,-0.4222222222222222,False,False,False,False,False,False,False,False,False,2.0,83.75,0.0
JUP.LSE,JUP.LSE,0.0,-0.9555555555555556,-0.9555555555555556,0.0,-47.77777777777778,3.0,0.0,30.0,33.333333333333336,33.333333333333336,33.333333333333336,33.333333333333336,50.0,35.0,75,1,98.75,68.75,95.0,36,80,20.520833333333332,-0.9555555555555556,-0.9555555555555556,False,False,False,False,False,True,True,False,True,3.0,98.75,0.0
KGF.LSE,KGF.LSE,50.0,-0.9333333333333332,-0.38888888888888884,-27.222222222222225,-19.444444444444443,2.0,0.0,50.0,33.333333333333336,33.333333333333336,33.333333333333336,33.333333333333336,50.0,44.444444444444436,75,1,83.75,68.75,75.55555555555557,36,80,27.270833333333332,-0.9333333333333332,-0.38888888888888884,False,False,False,False,False,False,False,False,False,2.0,83.75,-27.222222222222225
KIE.LSE,KIE.LSE,50.0,-0.1,-0.06666666666666671,-1.6666666666666643,-3.3333333333333357,1.0,1.0,56.666666666666664,0.0,33.333333333333336,0.0,33.333333333333336,54.444444444444436,49.444444444444436,75,0,48.75,64.30555555555557,60.555555555555564,36,80,52.60416666666667,-0.1,-0.06666666666666671,False,False,False,False,False,False,False,False,False,1.0,48.75,-1.6666666666666643
KLR.LSE,KLR.LSE,50.0,0.35,0.46666666666666656,-5.833333333333329,23.33333333333333,0.0,1.0,63.333333333333336,0.0,0.0,0.0,0.0,63.333333333333336,63.333333333333336,55,0,24.75,50.416666666666664,36.666666666666664,36,80,74.32916666666668,0.35,0.46666666666666656,False,False,False,False,False,False,False,False,False,0.0,24.75,-5.833333333333329
KNOS.LSE,KNOS.LSE,50.0,0.35,-0.1,22.5,-5.0,0.0,1.0,43.333333333333336,0.0,0.0,0.0,0.0,63.333333333333336,53.888888888888886,75,0,33.75,55.416666666666664,46.111111111111114,36,80,68.97916666666667,0.35,-0.1,False,False,False,False,False,False,False,False,False,0.0,33.75,22.5
KYGA.LSE,KYGA.LSE,50.0,0.7,-0.4222222222222222,56.111111111111114,-21.11111111111111,0.0,1.0,36.666666666666664,33.333333333333336,0.0,33.333333333333336,0.0,58.888888888888886,48.888888888888886,75,1,53.75,59.861111111111114,51.111111111111114,36,80,72.52083333333334,0.7,-0.4222222222222222,False,False,False,False,False,False,False,False,False,0.0,53.75,56.111111111111114
LAND.LSE,LAND.LSE,50.0,-1.0,-0.9555555555555556,-2.2222222222222223,-47.77777777777778,1.0,0.0,30.0,33.333333333333336,33.333333333333336,33.333333333333336,33.333333333333336,50.0,35.0,75,1,68.75,68.75,75.0,36,80,24.020833333333332,-1.0,-0.9555555555555556,False,False,False,False,False,False,True,False,True,1.0,68.75,-2.2222222222222223
LGEN.LSE,LGEN.LSE,50.0,-0.9666666666666667,-0.38888888888888884,-28.88888888888889,-19.444444444444443,1.0,0.0,50.0,33.333333333333336,33.333333333333336,33.333333333333336,33.333333333333336,50.0,44.444444444444436,75,1,68.75,68.75,65.55555555555557,36,80,28.770833333333332,-0.9666666666666667,-0.38888888888888884,False,False,False,False,False,False,False,False,False,1.0,68.75,-28.88888888888889
LLOY.LSE,LLOY.LSE,50.0,0.0,-0.06666666666666671,3.3333333333333357,-3.3333333333333357,0.0,0.0,56.666666666666664,0.0,33.333333333333336,0.0,33.333333333333336,54.444444444444436,49.444444444444436,75,0,33.75,64.30555555555557,50.555555555555564,36,80,57.10416666666667,0.0,-0.06666666666666671,False,False,False,False,False,False,False,False,False,0.0,33.75,3.3333333333333357
LMP.LSE,LMP.LSE,50.0,0.0,0.46666666666666656,-23.33333333333333,23.33333333333333,0.0,0.0,63.333333333333336,0.0,0.0,0.0,0.0,63.333333333333336,63.333333333333336,55,0,24.75,50.416666666666664,36.666666666666664,36,80,66.45416666666668,0.0,0.46666666666666656,False,False,False,False,False,False,False,False,False,0.0,24.75,-23.33333333333333
LRE.LSE,LRE.LSE,50.0,0.0,-0.1,5.0,-5.0,0.0,0.0,43.333333333333336,0.0,0.0,0.0,0.0,63.333333333333336,53.888888888888886,75,0,33.75,55.416666666666664,46.111111111111114,36,80,61.10416666666667,0.0,-0.1,False,False,False,False,False,False,False,False,False,0.0,33.75,5.0
LSEG.LSE,LSEG.LSE,50.0,0.0,-0.4222222222222222,21.11111111111111,-21.11111111111111,0.0,0.0,36.666666666666664,33.333333333333336,0.0,33.333333333333336,0.0,58.888888888888886,48.888888888888886,75,1,53.75,59.861111111111114,51.111111111111114,36,80,56.77083333333333,0.0,-0.4222222222222222,False,False,False,False,False,False,False,False,False,0.0,53.75,21.11111111111111
MGNS.LSE,MGNS.LSE,50.0,0.0,-0.9555555555555556,47.77777777777778,-47.77777777777778,0.0,0.0,30.0,33.333333333333336,33.333333333333336,33.333333333333336,33.333333333333336,50.0,35.0,75,1,53.75,68.75,65.0,36,80,48.77083333333333,0.0,-0.9555555555555556,False,False,False,False,False,False,True,False,True,0.0,53.75,47.77777777777778
MKS.LSE,MKS.LSE,50.0,0.0,-0.38888888888888884,19.444444444444443,-19.444444444444443,0.0,0.0,50.0,33.333333333333336,33.333333333333336,33.333333333333336,33.333333333333336,50.0,44.444444444444436,75,1,53.75,68.75,55.555555555555564,36,80,52.77083333333333,0.0,-0.38888888888888884,False,False,False,False,False,False,False,False,False,0.0,53.75,19.444444444444443
MNDI.LSE,MNDI.LSE,50.0,0.0,-0.06666666666666671,3.3333333333333357,-3.3333333333333357,0.0,0.0,56.666666666666664,0.0,33.333333333333336,0.0,33.333333333333336,54.444444444444436,49.444444444444436,75,0,33.75,64.30555555555557,50.555555555555564,36,80,57.10416666666667,0.0,-0.06666666666666671,False,False,False,False,False,False,False,False,False,0.0,33.75,3.3333333333333357
MONY.LSE,MONY.LSE,50.0,0.0,0.46666666666666656,-23.33333333333333,23.33333333333333,0.0,0.0,63.333333333333336,0.0,0.0,0.0,0.0,63.333333333333336,63.333333333333336,55,0,24.75,50.416666666666664,36.666666666666664,36,80,66.45416666666668,0.0,0.46666666666666656,False,False,False,False,False,False,False,False,False,0.0,24.75,-23.33333333333333
MPE.LSE,MPE.LSE,50.0,0.0,-0.1,5.0,-5.0,0.0,0.0,43.333333333333336,0.0,0.0,0.0,0.0,63.333333333333336,53.888888888888886,75,0,33.75,55.416666666666664,46.111111111111114,36,80,61.10416666666667,0.0,-0.1,False,False,False,False,False,False,False,False,False,0.0,33.75,5.0
MRO.LSE,MRO.LSE,50.0,0.0,-0.4222222222222222,21.11111111111111,-21.11111111111111,0.0,0.0,36.666666666666664,33.333333333333336,0.0,33.333333333333336,0.0,58.888888888888886,48.888888888888886,75,1,53.75,59.861111111111114,51.111111111111114,36,80,56.77083333333333,0.0,-0.4222222222222222,False,False,False,False,False,False,False,False,False,0.0,53.75,21.11111111111111
MTO.LSE,MTO.LSE,50.0,0.0,-0.9555555555555556,47.77777777777778,-47.77777777777778,0.0,0.0,30.0,33.333333333333336,33.333333333333336,33.333333333333336,33.333333333333336,50.0,35.0,75,1,53.75,68.75,65.0,36,80,48.77083333333333,0.0,-0.9555555555555556,False,False,False,False,False,False,True,False,True,0.0,53.75,47.77777777777778
NG.LSE,NG.LSE,50.0,0.0,-0.38888888888888884,19.444444444444443,-19.444444444444443,0.0,0.0,50.0,33.333333333333336,33.333333333333336,33.333333333333336,33.333333333333336,50.0,44.444444444444436,75,1,53.75,68.75,55.555555555555564,36,80,52.77083333333333,0.0,-0.38888888888888884,False,False,False,False,False,False,False,False,False,0.0,53.75,19.444444444444443
NWG.LSE,NWG.LSE,50.0,0.0,-0.06666666666666671,3.3333333333333357,-3.3333333333333357,0.0,0.0,56.666666666666664,0.0,33.333333333333336,0.0,33.333333333333336,54.444444444444436,49.444444444444436,75,0,33.75,64.30555555555557,50.555555555555564,36,80,57.10416666666667,0.0,-0.06666666666666671,False,False,False,False,False,False,False,False,False,0.0,33.75,3.3333333333333357
NXT.LSE,NXT.LSE,50.0,0.0,0.35,-17.5,17.5,0.0,0.0,70.0,0.0,0.0,0.0,0.0,56.666666666666664,56.666666666666664,55,0,24.75,57.083333333333336,43.333333333333336,36,80,67.7875,0.0,0.35,False,False,False,False,False,False,False,False,False,0.0,24.75,-17.5
OSB.LSE,OSB.LSE,0.0,-1.0,-0.1,-45.0,-5.0,1.0,0.0,43.333333333333336,0.0,0.0,0.0,0.0,63.333333333333336,53.888888888888886,75,0,48.75,55.416666666666664,56.111111111111114,36,80,36.35416666666667,-1.0,-0.1,False,False,False,False,False,False,False,False,False,1.0,48.75,-45.0
PAF.LSE,PAF.LSE,1.666666666666667,-0.9666666666666667,-0.4222222222222222,-27.22222222222222,-21.11111111111111,1.0,0.0,36.666666666666664,33.333333333333336,0.0,33.333333333333336,0.0,58.888888888888886,48.888888888888886,75,1,68.75,59.861111111111114,61.111111111111114,36,80,32.770833333333336,-0.9666666666666667,-0.4222222222222222,False,False,False,False,False,False,False,False,False,1.0,68.75,-27.22222222222222
PAG.LSE,PAG.LSE,5.0,-0.9,-0.9555555555555556,2.7777777777777777,-47.77777777777778,1.0,0.0,30.0,33.333333333333336,33.333333333333336,33.333333333333336,33.333333333333336,50.0,35.0,75,1,68.75,68.75,75.0,36,80,26.270833333333332,-0.9,-0.9555555555555556,False,False,False,False,False,False,True,False,True,1.0,68.75,2.7777777777777777
PETS.LSE,PETS.LSE,50.0,0.7,-0.13333333333333328,41.666666666666664,-6.666666666666664,0.0,1.0,60.0,50.0,0.0,50.0,0.0,50.0,49.166666666666664,75,1,53.75,68.75,50.833333333333336,36,80,77.1875,0.7,-0.13333333333333328,False,False,False,False,False,False,False,False,False,0.0,53.75,41.666666666666664
PFD.LSE,PFD.LSE,85.0,0.35,-0.06666666666666671,20.833333333333336,-3.3333333333333357,0.0,1.0,56.666666666666664,0.0,33.333333333333336,0.0,33.333333333333336,54.444444444444436,49.444444444444436,75,0,33.75,64.30555555555557,50.555555555555564,36,80,64.97916666666667,0.35,-0.06666666666666671,False,False,False,False,False,False,False,False,False,0.0,33.75,20.833333333333336
PHP.LSE,PHP.LSE,50.0,0.35,0.46666666666666656,-5.833333333333329,23.33333333333333,0.0,1.0,63.333333333333336,0.0,0.0,0.0,0.0,63.333333333333336,63.333333333333336,55,0,24.75,50.416666666666664,36.666666666666664,36,80,74.32916666666668,0.35,0.46666666666666656,False,False,False,False,False,False,False,False,False,0.0,24.75,-5.833333333333329
PLUS.LSE,PLUS.LSE,85.0,-0.15,-0.15,0.0,-7.5,1.0,1.0,40.0,0.0,0.0,0.0,0.0,63.33333333333333,55.83333333333333,75,0,48.75,55.41666666666667,54.16666666666667,36,80,54.8125,-0.15,-0.15,False,False,False,False,False,False,False,False,False,1.0,48.75,0.0
PNN.LSE,PNN.LSE,50.0,-0.9833333333333333,-0.9833333333333333,0.0,-49.166666666666664,2.0,0.0,30.0,50.0,0.0,50.0,0.0,50.0,35.0,75,1,83.75,68.75,85.0,36,80,28.8125,-0.9833333333333333,-0.9833333333333333,False,False,False,False,False,False,True,False,True,2.0,83.75,0.0
POLR.LSE,POLR.LSE,0.0,-0.9555555555555556,-0.9555555555555556,0.0,-47.77777777777778,3.0,0.0,30.0,33.333333333333336,33.333333333333336,33.333333333333336,33.333333333333336,50.0,35.0,75,1,98.75,68.75,95.0,36,80,20.520833333333332,-0.9555555555555556,-0.9555555555555556,False,False,False,False,False,True,True,False,True,3.0,98.75,0.0
PRU.LSE,PRU.LSE,1.666666666666667,-0.38888888888888884,-0.38888888888888884,0.0,-19.444444444444443,2.0,1.0,50.0,33.333333333333336,33.333333333333336,33.333333333333336,33.333333333333336,50.0,44.444444444444436,75,1,83.75,68.75,75.55555555555557,36,80,39.52083333333333,-0.38888888888888884,-0.38888888888888884,False,False,False,False,False,False,False,False,False,2.0,83.75,0.0
PSN.LSE,PSN.LSE,50.0,-0.06666666666666671,-0.06666666666666671,0.0,-3.3333333333333357,1.0,1.0,56.666666666666664,0.0,33.333333333333336,0.0,33.333333333333336,54.444444444444436,49.444444444444436,75,0,48.75,64.30555555555557,60.555555555555564,36,80,53.35416666666667,-0.06666666666666671,-0.06666666666666671,False,False,False,False,False,False,False,False,False,1.0,48.75,0.0
PSON.LSE,PSON.LSE,50.0,0.35,0.46666666666666656,-5.833333333333329,23.33333333333333,0.0,1.0,63.333333333333336,0.0,0.0,0.0,0.0,63.333333333333336,63.333333333333336,55,0,24.75,50.416666666666664,36.666666666666664,36,80,74.32916666666668,0.35,0.46666666666666656,False,False,False,False,False,False,False,False,False,0.0,24.75,-5.833333333333329
QQ.LSE,QQ.LSE,50.0,0.35,-0.1,22.5,-5.0,0.0,1.0,43.333333333333336,0.0,0.0,0.0,0.0,63.333333333333336,53.888888888888886,75,0,33.75,55.416666666666664,46.111111111111114,36,80,68.97916666666667,0.35,-0.1,False,False,False,False,False,False,False,False,False,0.0,33.75,22.5
RAT.LSE,RAT.LSE,50.0,-0.15,-0.4222222222222222,13.61111111111111,-21.11111111111111,1.0,1.0,36.666666666666664,33.333333333333336,0.0,33.333333333333336,0.0,58.888888888888886,48.888888888888886,75,1,68.75,59.861111111111114,61.111111111111114,36,80,51.14583333333333,-0.15,-0.4222222222222222,False,False,False,False,False,False,False,False,False,1.0,68.75,13.61111111111111
REL.LSE,REL.LSE,50.0,-1.0,-0.9555555555555556,-2.2222222222222223,-47.77777777777778,1.0,0.0,30.0,33.333333333333336,33.333333333333336,33.333333333333336,33.333333333333336,50.0,35.0,75,1,68.75,68.75,75.0,36,80,24.020833333333332,-1.0,-0.9555555555555556,False,False,False,False,False,False,True,False,True,1.0,68.75,-2.2222222222222223
RICA.LSE,RICA.LSE,50.0,-0.9666666666666667,-0.38888888888888884,-28.88888888888889,-19.444444444444443,1.0,0.0,50.0,33.333333333333336,33.333333333333336,33.333333333333336,33.333333333333336,50.0,44.444444444444436,75,1,68.75,68.75,65.55555555555557,36,80,28.770833333333332,-0.9666666666666667,-0.38888888888888884,False,False,False,False,False,False,False,False,False,1.0,68.75,-28.88888888888889
RKT.LSE,RKT.LSE,50.0,-0.9,-0.06666666666666671,-41.666666666666664,-3.3333333333333357,1.0,0.0,56.666666666666664,0.0,33.333333333333336,0.0,33.333333333333336,54.444444444444436,49.444444444444436,75,0,48.75,64.30555555555557,60.555555555555564,36,80,34.60416666666667,-0.9,-0.06666666666666671,False,False,False,False,False,False,False,False,False,1.0,48.75,-41.666666666666664
RMV.LSE,RMV.LSE,50.0,0.7,0.46666666666666656,11.666666666666671,23.33333333333333,0.0,1.0,63.333333333333336,0.0,0.0,0.0,0.0,63.333333333333336,63.333333333333336,55,0,24.75,50.416666666666664,36.666666666666664,36,80,82.20416666666668,0.7,0.46666666666666656,False,False,False,False,False,False,False,False,False,0.0,24.75,11.666666666666671
ROR.LSE,ROR.LSE,50.0,0.0,-0.1,5.0,-5.0,0.0,0.0,43.333333333333336,0.0,0.0,0.0,0.0,63.333333333333336,53.888888888888886,75,0,33.75,55.416666666666664,46.111111111111114,36,80,61.10416666666667,0.0,-0.1,False,False,False,False,False,False,False,False,False,0.0,33.75,5.0
RS1.LSE,RS1.LSE,50.0,0.0,-0.4222222222222222,21.11111111111111,-21.11111111111111,0.0,0.0,36.666666666666664,33.333333333333336,0.0,33.333333333333336,0.0,58.888888888888886,48.888888888888886,75,1,53.75,59.861111111111114,51.111111111111114,36,80,56.77083333333333,0.0,-0.4222222222222222,False,False,False,False,False,False,False,False,False,0.0,53.75,21.11111111111111
RSW.LSE,RSW.LSE,50.0,0.0,-0.9555555555555556,47.77777777777778,-47.77777777777778,0.0,0.0,30.0,33.333333333333336,33.333333333333336,33.333333333333336,33.333333333333336,50.0,35.0,75,1,53.75,68.75,65.0,36,80,48.77083333333333,0.0,-0.9555555555555556,False,False,False,False,False,False,True,False,True,0.0,53.75,47.77777777777778
RTO.LSE,RTO.LSE,50.0,0.0,-0.38888888888888884,19.444444444444443,-19.444444444444443,0.0,0.0,50.0,33.333333333333336,33.333333333333336,33.333333333333336,33.333333333333336,50.0,44.444444444444436,75,1,53.75,68.75,55.555555555555564,36,80,52.77083333333333,0.0,-0.38888888888888884,False,False,False,False,False,False,False,False,False,0.0,53.75,19.444444444444443
S32.LSE,S32.LSE,50.0,0.0,-0.06666666666666671,3.3333333333333357,-3.3333333333333357,0.0,0.0,56.666666666666664,0.0,33.333333333333336,0.0,33.333333333333336,54.444444444444436,49.444444444444436,75,0,33.75,64.30555555555557,50.555555555555564,36,80,57.10416666666667,0.0,-0.06666666666666671,False,False,False,False,False,False,False,False,False,0.0,33.75,3.3333333333333357
SAFE.LSE,SAFE.LSE,50.0,0.0,0.46666666666666656,-23.33333333333333,23.33333333333333,0.0,0.0,63.333333333333336,0.0,0.0,0.0,0.0,63.333333333333336,63.333333333333336,55,0,24.75,50.416666666666664,36.666666666666664,36,80,66.45416666666668,0.0,0.46666666666666656,False,False,False,False,False,False,False,False,False,0.0,24.75,-23.33333333333333
SBRY.LSE,SBRY.LSE,50.0,0.0,-0.1,5.0,-5.0,0.0,0.0,43.333333333333336,0.0,0.0,0.0,0.0,63.333333333333336,53.888888888888886,75,0,33.75,55.416666666666664,46.111111111111114,36,80,61.10416666666667,0.0,-0.1,False,False,False,False,False,False,False,False,False,0.0,33.75,5.0
SCT.LSE,SCT.LSE,50.0,0.0,-0.4222222222222222,21.11111111111111,-21.11111111111111,0.0,0.0,36.666666666666664,33.333333333333336,0.0,33.333333333333336,0.0,58.888888888888886,48.888888888888886,75,1,53.75,59.861111111111114,51.111111111111114,36,80,56.77083333333333,0.0,-0.4222222222222222,False,False,False,False,False,False,False,False,False,0.0,53.75,21.11111111111111
SDLF.LSE,SDLF.LSE,50.0,0.0,-0.9555555555555556,47.77777777777778,-47.77777777777778,0.0,0.0,30.0,33.333333333333336,33.333333333333336,33.333333333333336,33.333333333333336,50.0,35.0,75,1,53.75,68.75,65.0,36,80,48.77083333333333,0.0,-0.9555555555555556,False,False,False,False,False,False,True,False,True,0.0,53.75,47.77777777777778
SDR.LSE,SDR.LSE,50.0,0.0,-0.38888888888888884,19.444444444444443,-19.444444444444443,0.0,0.0,50.0,33.333333333333336,33.333333333333336,33.333333333333336,33.333333333333336,50.0,44.444444444444436,75,1,53.75,68.75,55.555555555555564,36,80,52.77083333333333,0.0,-0.38888888888888884,False,False,False,False,False,False,False,False,False,0.0,53.75,19.444444444444443
SEPL.LSE,SEPL.LSE,50.0,0.0,-0.06666666666666671,3.3333333333333357,-3.3333333333333357,0.0,0.0,56.666666666666664,0.0,33.333333333333336,0.0,33.333333333333336,54.444444444444436,49.444444444444436,75,0,33.75,64.30555555555557,50.555555555555564,36,80,57.10416666666667,0.0,-0.06666666666666671,False,False,False,False,False,False,False,False,False,0.0,33.75,3.3333333333333357
SEQI.LSE,SEQI.LSE,50.0,0.0,0.46666666666666656,-23.33333333333333,23.33333333333333,0.0,0.0,63.333333333333336,0.0,0.0,0.0,0.0,63.333333333333336,63.333333333333336,55,0,24.75,50.416666666666664,36.666666666666664,36,80,66.45416666666668,0.0,0.46666666666666656,False,False,False,False,False,False,False,False,False,0.0,24.75,-23.33333333333333
SGE.LSE,SGE.LSE,50.0,0.0,-0.1,5.0,-5.0,0.0,0.0,43.333333333333336,0.0,0.0,0.0,0.0,63.333333333333336,53.888888888888886,75,0,33.75,55.416666666666664,46.111111111111114,36,80,61.10416666666667,0.0,-0.1,False,False,False,False,False,False,False,False,False,0.0,33.75,5.0
SGRO.LSE,SGRO.LSE,50.0,0.0,-0.15,7.5,-7.5,0.0,0.0,40.0,0.0,0.0,0.0,0.0,63.33333333333333,55.83333333333333,75,1,53.75,55.41666666666667,44.16666666666667,36,80,57.4375,0.0,-0.15,False,False,False,False,False,False,False,False,False,0.0,53.75,7.5
SHC.LSE,SHC.LSE,5.0,-0.9,-0.9555555555555556,2.7777777777777777,-47.77777777777778,1.0,0.0,30.0,33.333333333333336,33.333333333333336,33.333333333333336,33.333333333333336,50.0,35.0,75,1,68.75,68.75,75.0,36,80,26.270833333333332,-0.9,-0.9555555555555556,False,False,False,False,False,False,True,False,True,1.0,68.75,2.7777777777777777
SHEL.LSE,SHEL.LSE,85.0,0.7,-0.38888888888888884,54.44444444444444,-19.444444444444443,0.0,1.0,50.0,33.333333333333336,33.333333333333336,33.333333333333336,33.333333333333336,50.0,44.444444444444436,75,1,53.75,68.75,55.555555555555564,36,80,68.52083333333333,0.7,-0.38888888888888884,False,False,False,False,False,False,False,False,False,0.0,53.75,54.44444444444444
SMIN.LSE,SMIN.LSE,50.0,0.0,-0.45,22.5,-22.5,0.0,0.0,40.0,0.0,50.0,0.0,50.0,56.666666666666664,42.5,75,0,33.75,62.083333333333336,57.5,36,80,50.4375,0.0,-0.45,False,False,False,False,False,False,False,False,False,0.0,33.75,22.5
SNR.LSE,SNR.LSE,50.0,0.7,0.7,0.0,35.0,0.0,1.0,70.0,0.0,0.0,0.0,0.0,63.33333333333333,70.0,55,0,24.75,50.41666666666667,30.0,36,80,83.5375,0.7,0.7,False,False,False,False,False,False,False,False,False,0.0,24.75,0.0
SPX.LSE,SPX.LSE,85.0,-0.15,-0.1,-2.5,-5.0,1.0,1.0,43.333333333333336,0.0,0.0,0.0,0.0,63.333333333333336,53.888888888888886,75,0,48.75,55.416666666666664,56.111111111111114,36,80,55.47916666666667,-0.15,-0.1,False,False,False,False,False,False,False,False,False,1.0,48.75,-2.5
SQZ.LSE,SQZ.LSE,0.0,-0.9833333333333333,-0.4222222222222222,-28.055555555555557,-21.11111111111111,2.0,0.0,36.666666666666664,33.333333333333336,0.0,33.333333333333336,0.0,58.888888888888886,48.888888888888886,75,1,83.75,59.861111111111114,71.11111111111111,36,80,30.145833333333332,-0.9833333333333333,-0.4222222222222222,False,False,False,False,False,False,False,False,False,2.0,83.75,-28.055555555555557
SRE.LSE,SRE.LSE,50.0,-0.9333333333333332,-0.9333333333333332,0.0,-46.666666666666664,2.0,0.0,30.0,50.0,50.0,50.0,50.0,50.0,35.0,75,1,83.75,68.75,85.0,36,80,19.9375,-0.9333333333333332,-0.9333333333333332,False,False,False,False,False,False,True,False,True,2.0,83.75,0.0
SRP.LSE,SRP.LSE,1.666666666666667,-0.38888888888888884,-0.38888888888888884,0.0,-19.444444444444443,2.0,1.0,50.0,33.333333333333336,33.333333333333336,33.333333333333336,33.333333333333336,50.0,44.444444444444436,75,1,83.75,68.75,75.55555555555557,36,80,39.52083333333333,-0.38888888888888884,-0.38888888888888884,False,False,False,False,False,False,False,False,False,2.0,83.75,0.0
SSE.LSE,SSE.LSE,5.0,-0.06666666666666671,-0.06666666666666671,0.0,-3.3333333333333357,1.0,1.0,56.666666666666664,0.0,33.333333333333336,0.0,33.333333333333336,54.444444444444436,49.444444444444436,75,0,48.75,64.30555555555557,60.555555555555564,36,80,53.35416666666667,-0.06666666666666671,-0.06666666666666671,False,False,False,False,False,False,False,False,False,1.0,48.75,0.0
SSPG.LSE,SSPG.LSE,85.0,0.46666666666666656,0.46666666666666656,0.0,23.33333333333333,0.0,2.0,63.333333333333336,0.0,0.0,0.0,0.0,63.333333333333336,63.333333333333336,55,0,24.75,50.416666666666664,36.666666666666664,36,80,76.95416666666668,0.46666666666666656,0.46666666666666656,False,False,False,False,False,False,False,False,False,0.0,24.75,0.0
STAN.LSE,STAN.LSE,50.0,0.35,-0.1,22.5,-5.0,0.0,1.0,43.333333333333336,0.0,0.0,0.0,0.0,63.333333333333336,53.888888888888886,75,0,33.75,55.416666666666664,46.111111111111114,36,80,68.97916666666667,0.35,-0.1,False,False,False,False,False,False,False,False,False,0.0,33.75,22.5
STJ.LSE,STJ.LSE,50.0,-0.15,-0.4222222222222222,13.61111111111111,-21.11111111111111,1.0,1.0,36.666666666666664,33.333333333333336,0.0,33.333333333333336,0.0,58.888888888888886,48.888888888888886,75,1,68.75,59.861111111111114,61.111111111111114,36,80,51.14583333333333,-0.15,-0.4222222222222222,False,False,False,False,False,False,False,False,False,1.0,68.75,13.61111111111111
SVS.LSE,SVS.LSE,50.0,-0.9833333333333333,-0.9555555555555556,-1.3888888888888888,-47.77777777777778,2.0,0.0,30.0,33.333333333333336,33.333333333333336,33.333333333333336,33.333333333333336,50.0,35.0,75,1,83.75,68.75,85.0,36,80,22.145833333333332,-0.9833333333333333,-0.9555555555555556,False,False,False,False,False,False,True,False,True,2.0,83.75,-1.3888888888888888
SVT.LSE,SVT.LSE,50.0,-0.9333333333333332,-0.38888888888888884,-27.222222222222225,-19.444444444444443,2.0,0.0,50.0,33.333333333333336,33.333333333333336,33.333333333333336,33.333333333333336,50.0,44.444444444444436,75,1,83.75,68.75,75.55555555555557,36,80,27.270833333333332,-0.9333333333333332,-0.38888888888888884,False,False,False,False,False,False,False,False,False,2.0,83.75,-27.222222222222225
TATE.LSE,TATE.LSE,50.0,-0.9,-0.06666666666666671,-41.666666666666664,-3.3333333333333357,1.0,0.0,56.666666666666664,0.0,33.333333333333336,0.0,33.333333333333336,54.444444444444436,49.444444444444436,75,0,48.75,64.30555555555557,60.555555555555564,36,80,34.60416666666667,-0.9,-0.06666666666666671,False,False,False,False,False,False,False,False,False,1.0,48.75,-41.666666666666664
TCAP.LSE,TCAP.LSE,50.0,0.7,0.46666666666666656,11.666666666666671,23.33333333333333,0.0,1.0,63.333333333333336,0.0,0.0,0.0,0.0,63.333333333333336,63.333333333333336,55,0,24.75,50.416666666666664,36.666666666666664,36,80,82.20416666666668,0.7,0.46666666666666656,False,False,False,False,False,False,False,False,False,0.0,24.75,11.666666666666671
TFIF.LSE,TFIF.LSE,50.0,0.0,-0.1,5.0,-5.0,0.0,0.0,43.333333333333336,0.0,0.0,0.0,0.0,63.333333333333336,53.888888888888886,75,0,33.75,55.416666666666664,46.111111111111114,36,80,61.10416666666667,0.0,-0.1,False,False,False,False,False,False,False,False,False,0.0,33.75,5.0
TPK.LSE,TPK.LSE,50.0,0.7,-0.4222222222222222,56.111111111111114,-21.11111111111111,0.0,1.0,36.666666666666664,33.333333333333336,0.0,33.333333333333336,0.0,58.888888888888886,48.888888888888886,75,1,53.75,59.861111111111114,51.111111111111114,36,80,72.52083333333334,0.7,-0.4222222222222222,False,False,False,False,False,False,False,False,False,0.0,53.75,56.111111111111114
TRIG.LSE,TRIG.LSE,50.0,0.0,-0.9555555555555556,47.77777777777778,-47.77777777777778,0.0,0.0,30.0,33.333333333333336,33.333333333333336,33.333333333333336,33.333333333333336,50.0,35.0,75,1,53.75,68.75,65.0,36,80,48.77083333333333,0.0,-0.9555555555555556,False,False,False,False,False,False,True,False,True,0.0,53.75,47.77777777777778
TSCO.LSE,TSCO.LSE,50.0,0.0,-0.38888888888888884,19.444444444444443,-19.444444444444443,0.0,0.0,50.0,33.333333333333336,33.333333333333336,33.333333333333336,33.333333333333336,50.0,44.444444444444436,75,1,53.75,68.75,55.555555555555564,36,80,52.77083333333333,0.0,-0.38888888888888884,False,False,False,False,False,False,False,False,False,0.0,53.75,19.444444444444443
TW.LSE,TW.LSE,50.0,0.0,-0.06666666666666671,3.3333333333333357,-3.3333333333333357,0.0,0.0,56.666666666666664,0.0,33.333333333333336,0.0,33.333333333333336,54.444444444444436,49.444444444444436,75,0,33.75,64.30555555555557,50.555555555555564,36,80,57.10416666666667,0.0,-0.06666666666666671,False,False,False,False,False,False,False,False,False,0.0,33.75,3.3333333333333357
ULVR.LSE,ULVR.LSE,50.0,0.0,0.46666666666666656,-23.33333333333333,23.33333333333333,0.0,0.0,63.333333333333336,0.0,0.0,0.0,0.0,63.333333333333336,63.333333333333336,55,0,24.75,50.416666666666664,36.666666666666664,36,80,66.45416666666668,0.0,0.46666666666666656,False,False,False,False,False,False,False,False,False,0.0,24.75,-23.33333333333333
UTG.LSE,UTG.LSE,50.0,0.0,-0.1,5.0,-5.0,0.0,0.0,43.333333333333336,0.0,0.0,0.0,0.0,63.333333333333336,53.888888888888886,75,0,33.75,55.416666666666664,46.111111111111114,36,80,61.10416666666667,0.0,-0.1,False,False,False,False,False,False,False,False,False,0.0,33.75,5.0
UU.LSE,UU.LSE,50.0,0.0,-0.4222222222222222,21.11111111111111,-21.11111111111111,0.0,0.0,36.666666666666664,33.333333333333336,0.0,33.333333333333336,0.0,58.888888888888886,48.888888888888886,75,1,53.75,59.861111111111114,51.111111111111114,36,80,56.77083333333333,0.0,-0.4222222222222222,False,False,False,False,False,False,False,False,False,0.0,53.75,21.11111111111111
VALT.LSE,VALT.LSE,50.0,0.0,-0.9555555555555556,47.77777777777778,-47.77777777777778,0.0,0.0,30.0,33.333333333333336,33.333333333333336,33.333333333333336,33.333333333333336,50.0,35.0,75,1,53.75,68.75,65.0,36,80,48.77083333333333,0.0,-0.9555555555555556,False,False,False,False,False,False,True,False,True,0.0,53.75,47.77777777777778
VSVS.LSE,VSVS.LSE,50.0,0.0,-0.38888888888888884,19.444444444444443,-19.444444444444443,0.0,0.0,50.0,33.333333333333336,33.333333333333336,33.333333333333336,33.333333333333336,50.0,44.444444444444436,75,1,53.75,68.75,55.555555555555564,36,80,52.77083333333333,0.0,-0.38888888888888884,False,False,False,False,False,False,False,False,False,0.0,53.75,19.444444444444443
WEIR.LSE,WEIR.LSE,50.0,0.0,-0.06666666666666671,3.3333333333333357,-3.3333333333333357,0.0,0.0,56.666666666666664,0.0,33.333333333333336,0.0,33.333333333333336,54.444444444444436,49.444444444444436,75,0,33.75,64.30555555555557,50.555555555555564,36,80,57.10416666666667,0.0,-0.06666666666666671,False,False,False,False,False,False,False,False,False,0.0,33.75,3.3333333333333357
WTB.LSE,WTB.LSE,50.0,0.0,0.46666666666666656,-23.33333333333333,23.33333333333333,0.0,0.0,63.333333333333336,0.0,0.0,0.0,0.0,63.333333333333336,63.333333333333336,55,0,24.75,50.416666666666664,36.666666666666664,36,80,66.45416666666668,0.0,0.46666666666666656,False,False,False,False,False,False,False,False,False,0.0,24.75,-23.33333333333333
ZIG.LSE,ZIG.LSE,50.0,0.0,-0.1,5.0,-5.0,0.0,0.0,43.333333333333336,0.0,0.0,0.0,0.0,63.333333333333336,53.888888888888886,75,0,33.75,55.416666666666664,46.111111111111114,36,80,61.10416666666667,0.0,-0.1,False,False,False,False,False,False,False,False,False,0.0,33.75,5.0
BARC.LSE,BARC.LSE,50.0,0.0,-0.4222222222222222,21.11111111111111,-21.11111111111111,0.0,0.0,36.666666666666664,33.333333333333336,0.0,33.333333333333336,0.0,58.888888888888886,48.888888888888886,75,1,53.75,59.861111111111114,51.111111111111114,36,80,56.77083333333333,0.0,-0.4222222222222222,False,False,False,False,False,False,False,False,False,0.0,53.75,21.11111111111111
BME.LSE,BME.LSE,50.0,0.0,-0.9833333333333333,49.166666666666664,-49.166666666666664,0.0,0.0,30.0,50.0,0.0,50.0,0.0,50.0,35.0,75,1,53.75,68.75,65.0,36,80,55.4375,0.0,-0.9833333333333333,False,False,False,False,False,False,True,False,True,0.0,53.75,49.166666666666664
BP.LSE,BP.LSE,50.0,0.0,-0.9333333333333332,46.666666666666664,-46.666666666666664,0.0,0.0,30.0,50.0,50.0,50.0,50.0,50.0,35.0,75,1,53.75,68.75,65.0,36,80,45.4375,0.0,-0.9333333333333332,False,False,False,False,False,False,True,False,True,0.0,53.75,46.666666666666664
CRDA.LSE,CRDA.LSE,50.0,0.0,-0.06666666666666671,3.3333333333333357,-3.3333333333333357,0.0,0.0,56.666666666666664,0.0,33.333333333333336,0.0,33.333333333333336,54.444444444444436,49.444444444444436,75,0,33.75,64.30555555555557,50.555555555555564,36,80,57.10416666666667,0.0,-0.06666666666666671,False,False,False,False,False,False,False,False,False,0.0,33.75,3.3333333333333357
DGE.LSE,DGE.LSE,85.0,0.7,0.46666666666666656,11.666666666666671,23.33333333333333,0.0,1.0,63.333333333333336,0.0,0.0,0.0,0.0,63.333333333333336,63.333333333333336,55,0,24.75,50.416666666666664,36.666666666666664,36,80,82.20416666666668,0.7,0.46666666666666656,False,False,False,False,False,False,False,False,False,0.0,24.75,11.666666666666671
GFTU.LSE,GFTU.LSE,50.0,-1.0,-0.5,-25.0,-25.0,1.0,0.0,40.0,0.0,0.0,0.0,0.0,56.666666666666664,42.5,75,0,48.75,62.083333333333336,67.5,36,80,35.6875,-1.0,-0.5,False,False,False,False,False,False,False,False,False,1.0,48.75,-25.0
HSBA.LSE,HSBA.LSE,0.0,-0.9833333333333333,-0.4222222222222222,-28.055555555555557,-21.11111111111111,2.0,0.0,36.666666666666664,33.333333333333336,0.0,33.333333333333336,0.0,58.888888888888886,48.888888888888886,75,1,83.75,59.861111111111114,71.11111111111111,36,80,30.145833333333332,-0.9833333333333333,-0.4222222222222222,False,False,False,False,False,False,False,False,False,2.0,83.75,-28.055555555555557
IMB.LSE,IMB.LSE,1.666666666666667,-0.9333333333333332,-0.9555555555555556,1.1111111111111112,-47.77777777777778,2.0,0.0,30.0,33.333333333333336,33.333333333333336,33.333333333333336,33.333333333333336,50.0,35.0,75,1,83.75,68.75,85.0,36,80,23.270833333333332,-0.9333333333333332,-0.9555555555555556,False,False,False,False,False,False,True,False,True,2.0,83.75,1.1111111111111112
RIO.LSE,RIO.LSE,5.0,-0.1,-0.38888888888888884,14.444444444444443,-19.444444444444443,1.0,1.0,50.0,33.333333333333336,33.333333333333336,33.333333333333336,33.333333333333336,50.0,44.444444444444436,75,1,68.75,68.75,65.55555555555557,36,80,48.27083333333333,-0.1,-0.38888888888888884,False,False,False,False,False,False,False,False,False,1.0,68.75,14.444444444444443
SN.LSE,SN.LSE,50.0,0.35,0.35,0.0,17.5,0.0,1.0,70.0,0.0,0.0,0.0,0.0,56.666666666666664,56.666666666666664,75,0,33.75,62.083333333333336,43.333333333333336,36,80,74.3125,0.35,0.35,False,False,False,False,False,False,False,False,False,0.0,33.75,0.0
TTE.LSE,TTE.LSE,85.0,0.46666666666666656,0.46666666666666656,0.0,23.33333333333333,0.0,2.0,63.333333333333336,0.0,0.0,0.0,0.0,63.333333333333336,63.333333333333336,55,0,24.75,50.416666666666664,36.666666666666664,36,80,76.95416666666668,0.46666666666666656,0.46666666666666656,False,False,False,False,False,False,False,False,False,0.0,24.75,0.0
VOD.LSE,VOD.LSE,50.0,-0.1,-0.1,0.0,-5.0,1.0,1.0,43.333333333333336,0.0,0.0,0.0,0.0,63.333333333333336,53.888888888888886,75,0,48.75,55.416666666666664,56.111111111111114,36,80,56.60416666666667,-0.1,-0.1,False,False,False,False,False,False,False,False,False,1.0,48.75,0.0
WPP.LSE,WPP.LSE,85.0,-0.4222222222222222,-0.4222222222222222,0.0,-21.11111111111111,2.0,1.0,36.666666666666664,33.333333333333336,0.0,33.333333333333336,0.0,58.888888888888886,48.888888888888886,75,1,83.75,59.861111111111114,71.11111111111111,36,80,42.77083333333333,-0.4222222222222222,-0.4222222222222222,False,False,False,False,False,False,False,False,False,2.0,83.75,0.0
GLEN.LSE,GLEN.LSE,50.0,-0.9833333333333333,-0.9555555555555556,-1.3888888888888888,-47.77777777777778,2.0,0.0,30.0,33.333333333333336,33.333333333333336,33.333333333333336,33.333333333333336,50.0,35.0,75,1,83.75,68.75,85.0,36,80,22.145833333333332,-0.9833333333333333,-0.9555555555555556,False,False,False,False,False,False,True,False,True,2.0,83.75,-1.3888888888888888
IAG.LSE,IAG.LSE,50.0,-0.9333333333333332,-0.38888888888888884,-27.222222222222225,-19.444444444444443,2.0,0.0,50.0,33.333333333333336,33.333333333333336,33.333333333333336,33.333333333333336,50.0,44.444444444444436,75,1,83.75,68.75,75.55555555555557,36,80,27.270833333333332,-0.9333333333333332,-0.38888888888888884,False,False,False,False,False,False,False,False,False,2.0,83.75,-27.222222222222225
TBCG.LSE,TBCG.LSE,50.0,0.0,-0.06666666666666671,3.3333333333333357,-3.3333333333333357,0.0,0.0,56.666666666666664,0.0,33.333333333333336,0.0,33.333333333333336,54.444444444444436,49.444444444444436,75,0,33.75,64.30555555555557,50.555555555555564,36,80,57.10416666666667,0.0,-0.06666666666666671,False,False,False,False,False,False,False,False,False,0.0,33.75,3.3333333333333357
CTEC.LSE,CTEC.LSE,50.0,0.7,0.46666666666666656,11.666666666666671,23.33333333333333,0.0,1.0,63.333333333333336,0.0,0.0,0.0,0.0,63.333333333333336,63.333333333333336,55,0,24.75,50.416666666666664,36.666666666666664,36,80,82.20416666666668,0.7,0.46666666666666656,False,False,False,False,False,False,False,False,False,0.0,24.75,11.666666666666671
PSH.LSE,PSH.LSE,50.0,0.0,0.46666666666666656,-23.33333333333333,23.33333333333333,0.0,0.0,63.333333333333336,0.0,0.0,0.0,0.0,63.333333333333336,63.333333333333336,55,0,24.75,50.416666666666664,36.666666666666664,36,80,66.45416666666668,0.0,0.46666666666666656,False,False,False,False,False,False,False,False,False,0.0,24.75,-23.33333333333333
SUPR.LSE,SUPR.LSE,85.0,-0.4222222222222222,-0.4222222222222222,0.0,-21.11111111111111,2.0,1.0,36.666666666666664,33.333333333333336,0.0,33.333333333333336,0.0,58.888888888888886,48.888888888888886,75,1,83.75,59.861111111111114,71.11111111111111,36,80,42.77083333333333,-0.4222222222222222,-0.4222222222222222,False,False,False,False,False,False,False,False,False,2.0,83.75,0.0
EDV.LSE,EDV.LSE,50.0,-0.9,-0.06666666666666671,-41.666666666666664,-3.3333333333333357,1.0,0.0,56.666666666666664,0.0,33.333333333333336,0.0,33.333333333333336,54.444444444444436,49.444444444444436,75,0,48.75,64.30555555555557,60.555555555555564,36,80,34.60416666666667,-0.9,-0.06666666666666671,False,False,False,False,False,False,False,False,False,1.0,48.75,-41.666666666666664
IHP.LSE,IHP.LSE,50.0,0.0,-0.4222222222222222,21.11111111111111,-21.11111111111111,0.0,0.0,36.666666666666664,33.333333333333336,0.0,33.333333333333336,0.0,58.888888888888886,48.888888888888886,75,1,53.75,59.861111111111114,51.111111111111114,36,80,56.77083333333333,0.0,-0.4222222222222222,False,False,False,False,False,False,False,False,False,0.0,53.75,21.11111111111111
ENOG.LSE,ENOG.LSE,50.0,0.0,-0.06666666666666671,3.3333333333333357,-3.3333333333333357,0.0,0.0,56.666666666666664,0.0,33.333333333333336,0.0,33.333333333333336,54.444444444444436,49.444444444444436,75,0,33.75,64.30555555555557,50.555555555555564,36,80,57.10416666666667,0.0,-0.06666666666666671,False,False,False,False,False,False,False,False,False,0.0,33.75,3.3333333333333357
QLT.LSE,QLT.LSE,50.0,0.0,-0.38888888888888884,19.444444444444443,-19.444444444444443,0.0,0.0,50.0,33.333333333333336,33.333333333333336,33.333333333333336,33.333333333333336,50.0,44.444444444444436,75,1,53.75,68.75,55.555555555555564,36,80,52.77083333333333,0.0,-0.38888888888888884,False,False,False,False,False,False,False,False,False,0.0,53.75,19.444444444444443
AJB.LSE,AJB.LSE,85.0,-0.15,-0.1,-2.5,-5.0,1.0,1.0,43.333333333333336,0.0,0.0,0.0,0.0,63.333333333333336,53.888888888888886,75,0,48.75,55.416666666666664,56.111111111111114,36,80,55.47916666666667,-0.15,-0.1,False,False,False,False,False,False,False,False,False,1.0,48.75,-2.5
CCEP.LSE,CCEP.LSE,50.0,-0.9666666666666667,-0.38888888888888884,-28.88888888888889,-19.444444444444443,1.0,0.0,50.0,33.333333333333336,33.333333333333336,33.333333333333336,33.333333333333336,50.0,44.444444444444436,75,1,68.75,68.75,65.55555555555557,36,80,28.770833333333332,-0.9666666666666667,-0.38888888888888884,False,False,False,False,False,False,False,False,False,1.0,68.75,-28.88888888888889
AAF.LSE,AAF.LSE,50.0,0.0,-0.1,5.0,-5.0,0.0,0.0,43.333333333333336,0.0,0.0,0.0,0.0,63.333333333333336,53.888888888888886,75,0,33.75,55.416666666666664,46.111111111111114,36,80,61.10416666666667,0.0,-0.1,False,False,False,False,False,False,False,False,False,0.0,33.75,5.0
MNG.LSE,MNG.LSE,50.0,0.0,-0.38888888888888884,19.444444444444443,-19.444444444444443,0.0,0.0,50.0,33.333333333333336,33.333333333333336,33.333333333333336,33.333333333333336,50.0,44.444444444444436,75,1,53.75,68.75,55.555555555555564,36,80,52.77083333333333,0.0,-0.38888888888888884,False,False,False,False,False,False,False,False,False,0.0,53.75,19.444444444444443
N91.LSE,N91.LSE,0.0,-0.9833333333333333,-0.4222222222222222,-28.055555555555557,-21.11111111111111,2.0,0.0,36.666666666666664,33.333333333333336,0.0,33.333333333333336,0.0,58.888888888888886,48.888888888888886,75,1,83.75,59.861111111111114,71.11111111111111,36,80,30.145833333333332,-0.9833333333333333,-0.4222222222222222,False,False,False,False,False,False,False,False,False,2.0,83.75,-28.055555555555557
BYIT.LSE,BYIT.LSE,50.0,0.0,-0.4222222222222222,21.11111111111111,-21.11111111111111,0.0,0.0,36.666666666666664,33.333333333333336,0.0,33.333333333333336,0.0,58.888888888888886,48.888888888888886,75,1,53.75,59.861111111111114,51.111111111111114,36,80,56.77083333333333,0.0,-0.4222222222222222,False,False,False,False,False,False,False,False,False,0.0,53.75,21.11111111111111
MOON.LSE,MOON.LSE,50.0,0.0,0.46666666666666656,-23.33333333333333,23.33333333333333,0.0,0.0,63.333333333333336,0.0,0.0,0.0,0.0,63.333333333333336,63.333333333333336,55,0,24.75,50.416666666666664,36.666666666666664,36,80,66.45416666666668,0.0,0.46666666666666656,False,False,False,False,False,False,False,False,False,0.0,24.75,-23.33333333333333
CORD.LSE,CORD.LSE,50.0,0.0,-0.9555555555555556,47.77777777777778,-47.77777777777778,0.0,0.0,30.0,33.333333333333336,33.333333333333336,33.333333333333336,33.333333333333336,50.0,35.0,75,1,53.75,68.75,65.0,36,80,48.77083333333333,0.0,-0.9555555555555556,False,False,False,False,False,False,True,False,True,0.0,53.75,47.77777777777778
HBR.LSE,HBR.LSE,5.0,-0.1,-0.38888888888888884,14.444444444444443,-19.444444444444443,1.0,1.0,50.0,33.333333333333336,33.333333333333336,33.333333333333336,33.333333333333336,50.0,44.444444444444436,75,1,68.75,68.75,65.55555555555557,36,80,48.27083333333333,-0.1,-0.38888888888888884,False,False,False,False,False,False,False,False,False,1.0,68.75,14.444444444444443
BCG.LSE,BCG.LSE,50.0,0.35,0.35,0.0,17.5,0.0,1.0,70.0,0.0,0.0,0.0,0.0,56.666666666666664,56.666666666666664,75,0,33.75,62.083333333333336,43.333333333333336,36,80,74.3125,0.35,0.35,False,False,False,False,False,False,False,False,False,0.0,33.75,0.0
BPT.LSE,BPT.LSE,50.0,-0.1,-0.1,0.0,-5.0,1.0,1.0,43.333333333333336,0.0,0.0,0.0,0.0,63.333333333333336,53.888888888888886,75,0,48.75,55.416666666666664,56.111111111111114,36,80,56.60416666666667,-0.1,-0.1,False,False,False,False,False,False,False,False,False,1.0,48.75,0.0
HLN.LSE,HLN.LSE,50.0,0.0,-0.9555555555555556,47.77777777777778,-47.77777777777778,0.0,0.0,30.0,33.333333333333336,33.333333333333336,33.333333333333336,33.333333333333336,50.0,35.0,75,1,53.75,68.75,65.0,36,80,48.77083333333333,0.0,-0.9555555555555556,False,False,False,False,False,False,True,False,True,0.0,53.75,47.77777777777778
ITH.LSE,ITH.LSE,50.0,0.35,0.46666666666666656,-5.833333333333329,23.33333333333333,0.0,1.0,63.333333333333336,0.0,0.0,0.0,0.0,63.333333333333336,63.333333333333336,55,0,24.75,50.416666666666664,36.666666666666664,36,80,74.32916666666668,0.35,0.46666666666666656,False,False,False,False,False,False,False,False,False,0.0,24.75,-5.833333333333329
MTLN.LSE,MTLN.LSE,85.0,-0.15,-0.1,-2.5,-5.0,1.0,1.0,43.333333333333336,0.0,0.0,0.0,0.0,63.333333333333336,53.888888888888886,75,0,48.75,55.416666666666664,56.111111111111114,36,80,55.47916666666667,-0.15,-0.1,False,False,False,False,False,False,False,False,False,1.0,48.75,-2.5
A.US,A.US,1.666666666666667,-0.38888888888888884,-0.38888888888888884,0.0,-19.444444444444443,2.0,1.0,50.0,33.333333333333336,33.333333333333336,33.333333333333336,33.333333333333336,50.0,44.444444444444436,75,1,83.75,68.75,75.55555555555557,36,80,39.52083333333333,-0.38888888888888884,-0.38888888888888884,False,False,False,False,False,False,False,False,False,2.0,83.75,0.0
AA.US,AA.US,5.0,-0.06666666666666671,-0.06666666666666671,0.0,-3.3333333333333357,1.0,1.0,56.666666666666664,0.0,33.333333333333336,0.0,33.333333333333336,54.444444444444436,49.444444444444436,75,0,48.75,64.30555555555557,60.555555555555564,36,80,53.35416666666667,-0.06666666666666671,-0.06666666666666671,False,False,False,False,False,False,False,False,False,1.0,48.75,0.0
ABBNY.US,ABBNY.US,50.0,0.35,0.46666666666666656,-5.833333333333329,23.33333333333333,0.0,1.0,63.333333333333336,0.0,0.0,0.0,0.0,63.333333333333336,63.333333333333336,55,0,24.75,50.416666666666664,36.666666666666664,36,80,74.32916666666668,0.35,0.46666666666666656,False,False,False,False,False,False,False,False,False,0.0,24.75,-5.833333333333329
ABBV.US,ABBV.US,50.0,0.35,-0.1,22.5,-5.0,0.0,1.0,43.333333333333336,0.0,0.0,0.0,0.0,63.333333333333336,53.888888888888886,75,0,33.75,55.416666666666664,46.111111111111114,36,80,68.97916666666667,0.35,-0.1,False,False,False,False,False,False,False,False,False,0.0,33.75,22.5
ABT.US,ABT.US,50.0,-0.15,-0.4222222222222222,13.61111111111111,-21.11111111111111,1.0,1.0,36.666666666666664,33.333333333333336,0.0,33.333333333333336,0.0,58.888888888888886,48.888888888888886,75,1,68.75,59.861111111111114,61.111111111111114,36,80,51.14583333333333,-0.15,-0.4222222222222222,False,False,False,False,False,False,False,False,False,1.0,68.75,13.61111111111111
ACN.US,ACN.US,50.0,-0.9833333333333333,-0.9555555555555556,-1.3888888888888888,-47.77777777777778,2.0,0.0,30.0,33.333333333333336,33.333333333333336,33.333333333333336,33.333333333333336,50.0,35.0,75,1,83.75,68.75,85.0,36,80,22.145833333333332,-0.9833333333333333,-0.9555555555555556,False,False,False,False,False,False,True,False,True,2.0,83.75,-1.3888888888888888
ADI.US,ADI.US,50.0,-0.9666666666666667,-0.38888888888888884,-28.88888888888889,-19.444444444444443,1.0,0.0,50.0,33.333333333333336,33.333333333333336,33.333333333333336,33.333333333333336,50.0,44.444444444444436,75,1,68.75,68.75,65.55555555555557,36,80,28.770833333333332,-0.9666666666666667,-0.38888888888888884,False,False,False,False,False,False,False,False,False,1.0,68.75,-28.88888888888889
ADM.US,ADM.US,50.0,-0.9,-0.06666666666666671,-41.666666666666664,-3.3333333333333357,1.0,0.0,56.666666666666664,0.0,33.333333333333336,0.0,33.333333333333336,54.444444444444436,49.444444444444436,75,0,48.75,64.30555555555557,60.555555555555564,36,80,34.60416666666667,-0.9,-0.06666666666666671,False,False,False,False,False,False,False,False,False,1.0,48.75,-41.666666666666664
ADP.US,ADP.US,50.0,0.7,0.46666666666666656,11.666666666666671,23.33333333333333,0.0,1.0,63.333333333333336,0.0,0.0,0.0,0.0,63.333333333333336,63.333333333333336,55,0,24.75,50.416666666666664,36.666666666666664,36,80,82.20416666666668,0.7,0.46666666666666656,False,False,False,False,False,False,False,False,False,0.0,24.75,11.666666666666671
AEM.US,AEM.US,50.0,0.0,-0.1,5.0,-5.0,0.0,0.0,43.333333333333336,0.0,0.0,0.0,0.0,63.333333333333336,53.888888888888886,75,0,33.75,55.416666666666664,46.111111111111114,36,80,61.10416666666667,0.0,-0.1,False,False,False,False,False,False,False,False,False,0.0,33.75,5.0
AEP.US,AEP.US,50.0,0.0,-0.4222222222222222,21.11111111111111,-21.11111111111111,0.0,0.0,36.666666666666664,33.333333333333336,0.0,33.333333333333336,0.0,58.888888888888886,48.888888888888886,75,1,53.75,59.861111111111114,51.111111111111114,36,80,56.77083333333333,0.0,-0.4222222222222222,False,False,False,False,False,False,False,False,False,0.0,53.75,21.11111111111111
AFL.US,AFL.US,50.0,0.0,-0.9555555555555556,47.77777777777778,-47.77777777777778,0.0,0.0,30.0,33.333333333333336,33.333333333333336,33.333333333333336,33.333333333333336,50.0,35.0,75,1,53.75,68.75,65.0,36,80,48.77083333333333,0.0,-0.9555555555555556,False,False,False,False,False,False,True,False,True,0.0,53.75,47.77777777777778
AIG.US,AIG.US,50.0,0.0,-0.38888888888888884,19.444444444444443,-19.444444444444443,0.0,0.0,50.0,33.333333333333336,33.333333333333336,33.333333333333336,33.333333333333336,50.0,44.444444444444436,75,1,53.75,68.75,55.555555555555564,36,80,52.77083333333333,0.0,-0.38888888888888884,False,False,False,False,False,False,False,False,False,0.0,53.75,19.444444444444443
AJG.US,AJG.US,50.0,0.0,-0.06666666666666671,3.3333333333333357,-3.3333333333333357,0.0,0.0,56.666666666666664,0.0,33.333333333333336,0.0,33.333333333333336,54.444444444444436,49.444444444444436,75,0,33.75,64.30555555555557,50.555555555555564,36,80,57.10416666666667,0.0,-0.06666666666666671,False,False,False,False,False,False,False,False,False,0.0,33.75,3.3333333333333357
ALIZY.US,ALIZY.US,50.0,0.0,0.46666666666666656,-23.33333333333333,23.33333333333333,0.0,0.0,63.333333333333336,0.0,0.0,0.0,0.0,63.333333333333336,63.333333333333336,55,0,24.75,50.416666666666664,36.666666666666664,36,80,66.45416666666668,0.0,0.46666666666666656,False,False,False,False,False,False,False,False,False,0.0,24.75,-23.33333333333333
ALL.US,ALL.US,50.0,0.0,-0.1,5.0,-5.0,0.0,0.0,43.333333333333336,0.0,0.0,0.0,0.0,63.333333333333336,53.888888888888886,75,0,33.75,55.416666666666664,46.111111111111114,36,80,61.10416666666667,0.0,-0.1,False,False,False,False,False,False,False,False,False,0.0,33.75,5.0
AMGN.US,AMGN.US,50.0,0.0,-0.4222222222222222,21.11111111111111,-21.11111111111111,0.0,0.0,36.666666666666664,33.333333333333336,0.0,33.333333333333336,0.0,58.888888888888886,48.888888888888886,75,1,53.75,59.861111111111114,51.111111111111114,36,80,56.77083333333333,0.0,-0.4222222222222222,False,False,False,False,False,False,False,False,False,0.0,53.75,21.11111111111111
AMP.US,AMP.US,50.0,0.0,-0.9555555555555556,47.77777777777778,-47.77777777777778,0.0,0.0,30.0,33.333333333333336,33.333333333333336,33.333333333333336,33.333333333333336,50.0,35.0,75,1,53.75,68.75,65.0,36,80,48.77083333333333,0.0,-0.9555555555555556,False,False,False,False,False,False,True,False,True,0.0,53.75,47.77777777777778
AMT.US,AMT.US,50.0,0.0,-0.38888888888888884,19.444444444444443,-19.444444444444443,0.0,0.0,50.0,33.333333333333336,33.333333333333336,33.333333333333336,33.333333333333336,50.0,44.444444444444436,75,1,53.75,68.75,55.555555555555564,36,80,52.77083333333333,0.0,-0.38888888888888884,False,False,False,False,False,False,False,False,False,0.0,53.75,19.444444444444443
APD.US,APD.US,50.0,0.0,-0.06666666666666671,3.3333333333333357,-3.3333333333333357,0.0,0.0,56.666666666666664,0.0,33.333333333333336,0.0,33.333333333333336,54.444444444444436,49.444444444444436,75,0,33.75,64.30555555555557,50.555555555555564,36,80,57.10416666666667,0.0,-0.06666666666666671,False,False,False,False,False,False,False,False,False,0.0,33.75,3.3333333333333357
APO.US,APO.US,50.0,0.0,0.46666666666666656,-23.33333333333333,23.33333333333333,0.0,0.0,63.333333333333336,0.0,0.0,0.0,0.0,63.333333333333336,63.333333333333336,55,0,24.75,50.416666666666664,36.666666666666664,36,80,66.45416666666668,0.0,0.46666666666666656,False,False,False,False,False,False,False,False,False,0.0,24.75,-23.33333333333333
ARES.US,ARES.US,50.0,0.0,-0.1,5.0,-5.0,0.0,0.0,43.333333333333336,0.0,0.0,0.0,0.0,63.333333333333336,53.888888888888886,75,0,33.75,55.416666666666664,46.111111111111114,36,80,61.10416666666667,0.0,-0.1,False,False,False,False,False,False,False,False,False,0.0,33.75,5.0
ASX.US,ASX.US,50.0,0.0,-0.15,7.5,-7.5,0.0,0.0,40.0,0.0,0.0,0.0,0.0,63.33333333333333,55.83333333333333,75,1,53.75,55.41666666666667,44.16666666666667,36,80,57.4375,0.0,-0.15,False,False,False,False,False,False,False,False,False,0.0,53.75,7.5
AU.US,AU.US,50.0,0.0,-0.9833333333333333,49.166666666666664,-49.166666666666664,0.0,0.0,30.0,50.0,0.0,50.0,0.0,50.0,35.0,75,1,53.75,68.75,65.0,36,80,55.4375,0.0,-0.9833333333333333,False,False,False,False,False,False,True,False,True,0.0,53.75,49.166666666666664
AXP.US,AXP.US,85.0,0.7,-0.38888888888888884,54.44444444444444,-19.444444444444443,0.0,1.0,50.0,33.333333333333336,33.333333333333336,33.333333333333336,33.333333333333336,50.0,44.444444444444436,75,1,53.75,68.75,55.555555555555564,36,80,68.52083333333333,0.7,-0.38888888888888884,False,False,False,False,False,False,False,False,False,0.0,53.75,54.44444444444444
AZN.US,AZN.US,50.0,0.0,-0.06666666666666671,3.3333333333333357,-3.3333333333333357,0.0,0.0,56.666666666666664,0.0,33.333333333333336,0.0,33.333333333333336,54.444444444444436,49.444444444444436,75,0,33.75,64.30555555555557,50.555555555555564,36,80,57.10416666666667,0.0,-0.06666666666666671,False,False,False,False,False,False,False,False,False,0.0,33.75,3.3333333333333357
B.US,B.US,50.0,0.7,0.7,0.0,35.0,0.0,1.0,70.0,0.0,0.0,0.0,0.0,63.33333333333333,70.0,55,0,24.75,50.41666666666667,30.0,36,80,83.5375,0.7,0.7,False,False,False,False,False,False,False,False,False,0.0,24.75,0.0
BAC.US,BAC.US,85.0,-0.15,-0.1,-2.5,-5.0,1.0,1.0,43.333333333333336,0.0,0.0,0.0,0.0,63.333333333333336,53.888888888888886,75,0,48.75,55.416666666666664,56.111111111111114,36,80,55.47916666666667,-0.15,-0.1,False,False,False,False,False,False,False,False,False,1.0,48.75,-2.5
BBVA.US,BBVA.US,0.0,-0.9833333333333333,-0.4222222222222222,-28.055555555555557,-21.11111111111111,2.0,0.0,36.666666666666664,33.333333333333336,0.0,33.333333333333336,0.0,58.888888888888886,48.888888888888886,75,1,83.75,59.861111111111114,71.11111111111111,36,80,30.145833333333332,-0.9833333333333333,-0.4222222222222222,False,False,False,False,False,False,False,False,False,2.0,83.75,-28.055555555555557
BCS.US,BCS.US,1.666666666666667,-0.9333333333333332,-0.9555555555555556,1.1111111111111112,-47.77777777777778,2.0,0.0,30.0,33.333333333333336,33.333333333333336,33.333333333333336,33.333333333333336,50.0,35.0,75,1,83.75,68.75,85.0,36,80,23.270833333333332,-0.9333333333333332,-0.9555555555555556,False,False,False,False,False,False,True,False,True,2.0,83.75,1.1111111111111112
BDX.US,BDX.US,50.0,-0.1,-0.1,0.0,-5.0,1.0,1.0,60.0,0.0,50.0,0.0,50.0,50.0,49.166666666666664,75,1,68.75,68.75,60.833333333333336,36,80,46.9375,-0.1,-0.1,False,False,False,False,False,False,False,False,False,1.0,68.75,0.0
BHP.US,BHP.US,5.0,-0.06666666666666671,-0.06666666666666671,0.0,-3.3333333333333357,1.0,1.0,56.666666666666664,0.0,33.333333333333336,0.0,33.333333333333336,54.444444444444436,49.444444444444436,75,0,48.75,64.30555555555557,60.555555555555564,36,80,53.35416666666667,-0.06666666666666671,-0.06666666666666671,False,False,False,False,False,False,False,False,False,1.0,48.75,0.0
BKR.US,BKR.US,85.0,0.46666666666666656,0.46666666666666656,0.0,23.33333333333333,0.0,2.0,63.333333333333336,0.0,0.0,0.0,0.0,63.333333333333336,63.333333333333336,55,0,24.75,50.416666666666664,36.666666666666664,36,80,76.95416666666668,0.46666666666666656,0.46666666666666656,False,False,False,False,False,False,False,False,False,0.0,24.75,0.0
BLK.US,BLK.US,50.0,-0.1,-0.1,0.0,-5.0,1.0,1.0,43.333333333333336,0.0,0.0,0.0,0.0,63.333333333333336,53.888888888888886,75,0,48.75,55.416666666666664,56.111111111111114,36,80,56.60416666666667,-0.1,-0.1,False,False,False,False,False,False,False,False,False,1.0,48.75,0.0
BMO.US,BMO.US,50.0,-0.15,-0.4222222222222222,13.61111111111111,-21.11111111111111,1.0,1.0,36.666666666666664,33.333333333333336,0.0,33.333333333333336,0.0,58.888888888888886,48.888888888888886,75,1,68.75,59.861111111111114,61.111111111111114,36,80,51.14583333333333,-0.15,-0.4222222222222222,False,False,False,False,False,False,False,False,False,1.0,68.75,13.61111111111111
BMY.US,BMY.US,50.0,-0.9833333333333333,-0.9555555555555556,-1.3888888888888888,-47.77777777777778,2.0,0.0,30.0,33.333333333333336,33.333333333333336,33.333333333333336,33.333333333333336,50.0,35.0,75,1,83.75,68.75,85.0,36,80,22.145833333333332,-0.9833333333333333,-0.9555555555555556,False,False,False,False,False,False,True,False,True,2.0,83.75,-1.3888888888888888
BNS.US,BNS.US,50.0,-0.9333333333333332,-0.38888888888888884,-27.222222222222225,-19.444444444444443,2.0,0.0,50.0,33.333333333333336,33.333333333333336,33.333333333333336,33.333333333333336,50.0,44.444444444444436,75,1,83.75,68.75,75.55555555555557,36,80,27.270833333333332,-0.9333333333333332,-0.38888888888888884,False,False,False,False,False,False,False,False,False,2.0,83.75,-27.222222222222225
BNY.US,BNY.US,50.0,-0.1,-0.06666666666666671,-1.6666666666666643,-3.3333333333333357,1.0,1.0,56.666666666666664,0.0,33.333333333333336,0.0,33.333333333333336,54.444444444444436,49.444444444444436,75,0,48.75,64.30555555555557,60.555555555555564,36,80,52.60416666666667,-0.1,-0.06666666666666671,False,False,False,False,False,False,False,False,False,1.0,48.75,-1.6666666666666643
BP.US,BP.US,50.0,0.7,0.46666666666666656,11.666666666666671,23.33333333333333,0.0,1.0,63.333333333333336,0.0,0.0,0.0,0.0,63.333333333333336,63.333333333333336,55,0,24.75,50.416666666666664,36.666666666666664,36,80,82.20416666666668,0.7,0.46666666666666656,False,False,False,False,False,False,False,False,False,0.0,24.75,11.666666666666671
BTI.US,BTI.US,50.0,0.0,-0.1,5.0,-5.0,0.0,0.0,43.333333333333336,0.0,0.0,0.0,0.0,63.333333333333336,53.888888888888886,75,0,33.75,55.416666666666664,46.111111111111114,36,80,61.10416666666667,0.0,-0.1,False,False,False,False,False,False,False,False,False,0.0,33.75,5.0
BUD.US,BUD.US,50.0,0.7,-0.4222222222222222,56.111111111111114,-21.11111111111111,0.0,1.0,36.666666666666664,33.333333333333336,0.0,33.333333333333336,0.0,58.888888888888886,48.888888888888886,75,1,53.75,59.861111111111114,51.111111111111114,36,80,72.52083333333334,0.7,-0.4222222222222222,False,False,False,False,False,False,False,False,False,0.0,53.75,56.111111111111114
BX.US,BX.US,50.0,0.0,-0.9555555555555556,47.77777777777778,-47.77777777777778,0.0,0.0,30.0,33.333333333333336,33.333333333333336,33.333333333333336,33.333333333333336,50.0,35.0,75,1,53.75,68.75,65.0,36,80,48.77083333333333,0.0,-0.9555555555555556,False,False,False,False,False,False,True,False,True,0.0,53.75,47.77777777777778
C.US,C.US,50.0,0.0,-0.38888888888888884,19.444444444444443,-19.444444444444443,0.0,0.0,50.0,33.333333333333336,33.333333333333336,33.333333333333336,33.333333333333336,50.0,44.444444444444436,75,1,53.75,68.75,55.555555555555564,36,80,52.77083333333333,0.0,-0.38888888888888884,False,False,False,False,False,False,False,False,False,0.0,53.75,19.444444444444443
CB.US,CB.US,50.0,0.0,-0.06666666666666671,3.3333333333333357,-3.3333333333333357,0.0,0.0,56.666666666666664,0.0,33.333333333333336,0.0,33.333333333333336,54.444444444444436,49.444444444444436,75,0,33.75,64.30555555555557,50.555555555555564,36,80,57.10416666666667,0.0,-0.06666666666666671,False,False,False,False,False,False,False,False,False,0.0,33.75,3.3333333333333357
CBOE.US,CBOE.US,50.0,0.0,0.46666666666666656,-23.33333333333333,23.33333333333333,0.0,0.0,63.333333333333336,0.0,0.0,0.0,0.0,63.333333333333336,63.333333333333336,55,0,24.75,50.416666666666664,36.666666666666664,36,80,66.45416666666668,0.0,0.46666666666666656,False,False,False,False,False,False,False,False,False,0.0,24.75,-23.33333333333333
CCEP.US,CCEP.US,50.0,0.0,-0.1,5.0,-5.0,0.0,0.0,43.333333333333336,0.0,0.0,0.0,0.0,63.333333333333336,53.888888888888886,75,0,33.75,55.416666666666664,46.111111111111114,36,80,61.10416666666667,0.0,-0.1,False,False,False,False,False,False,False,False,False,0.0,33.75,5.0
CCI.US,CCI.US,50.0,0.0,-0.4222222222222222,21.11111111111111,-21.11111111111111,0.0,0.0,36.666666666666664,33.333333333333336,0.0,33.333333333333336,0.0,58.888888888888886,48.888888888888886,75,1,53.75,59.861111111111114,51.111111111111114,36,80,56.77083333333333,0.0,-0.4222222222222222,False,False,False,False,False,False,False,False,False,0.0,53.75,21.11111111111111
CCL.US,CCL.US,50.0,0.0,-0.9555555555555556,47.77777777777778,-47.77777777777778,0.0,0.0,30.0,33.333333333333336,33.333333333333336,33.333333333333336,33.333333333333336,50.0,35.0,75,1,53.75,68.75,65.0,36,80,48.77083333333333,0.0,-0.9555555555555556,False,False,False,False,False,False,True,False,True,0.0,53.75,47.77777777777778
CI.US,CI.US,50.0,0.0,-0.38888888888888884,19.444444444444443,-19.444444444444443,0.0,0.0,50.0,33.333333333333336,33.333333333333336,33.333333333333336,33.333333333333336,50.0,44.444444444444436,75,1,53.75,68.75,55.555555555555564,36,80,52.77083333333333,0.0,-0.38888888888888884,False,False,False,False,False,False,False,False,False,0.0,53.75,19.444444444444443
CL.US,CL.US,50.0,0.0,-0.06666666666666671,3.3333333333333357,-3.3333333333333357,0.0,0.0,56.666666666666664,0.0,33.333333333333336,0.0,33.333333333333336,54.444444444444436,49.444444444444436,75,0,33.75,64.30555555555557,50.555555555555564,36,80,57.10416666666667,0.0,-0.06666666666666671,False,False,False,False,False,False,False,False,False,0.0,33.75,3.3333333333333357
CM.US,CM.US,50.0,0.0,0.46666666666666656,-23.33333333333333,23.33333333333333,0.0,0.0,63.333333333333336,0.0,0.0,0.0,0.0,63.333333333333336,63.333333333333336,55,0,24.75,50.416666666666664,36.666666666666664,36,80,66.45416666666668,0.0,0.46666666666666656,False,False,False,False,False,False,False,False,False,0.0,24.75,-23.33333333333333
CMCSA.US,CMCSA.US,50.0,0.0,-0.1,5.0,-5.0,0.0,0.0,43.333333333333336,0.0,0.0,0.0,0.0,63.333333333333336,53.888888888888886,75,0,33.75,55.416666666666664,46.111111111111114,36,80,61.10416666666667,0.0,-0.1,False,False,False,False,False,False,False,False,False,0.0,33.75,5.0
CME.US,CME.US,50.0,0.0,-0.4222222222222222,21.11111111111111,-21.11111111111111,0.0,0.0,36.666666666666664,33.333333333333336,0.0,33.333333333333336,0.0,58.888888888888886,48.888888888888886,75,1,53.75,59.861111111111114,51.111111111111114,36,80,56.77083333333333,0.0,-0.4222222222222222,False,False,False,False,False,False,False,False,False,0.0,53.75,21.11111111111111
CMI.US,CMI.US,50.0,0.0,-0.9555555555555556,47.77777777777778,-47.77777777777778,0.0,0.0,30.0,33.333333333333336,33.333333333333336,33.333333333333336,33.333333333333336,50.0,35.0,75,1,53.75,68.75,65.0,36,80,48.77083333333333,0.0,-0.9555555555555556,False,False,False,False,False,False,True,False,True,0.0,53.75,47.77777777777778
CNI.US,CNI.US,50.0,0.0,-0.9333333333333332,46.666666666666664,-46.666666666666664,0.0,0.0,30.0,50.0,50.0,50.0,50.0,50.0,35.0,75,1,53.75,68.75,65.0,36,80,45.4375,0.0,-0.9333333333333332,False,False,False,False,False,False,True,False,True,0.0,53.75,46.666666666666664
CNQ.US,CNQ.US,50.0,0.0,-0.06666666666666671,3.3333333333333357,-3.3333333333333357,0.0,0.0,56.666666666666664,0.0,33.333333333333336,0.0,33.333333333333336,54.444444444444436,49.444444444444436,75,0,33.75,64.30555555555557,50.555555555555564,36,80,57.10416666666667,0.0,-0.06666666666666671,False,False,False,False,False,False,False,False,False,0.0,33.75,3.3333333333333357
COF.US,COF.US,85.0,0.7,0.46666666666666656,11.666666666666671,23.33333333333333,0.0,1.0,63.333333333333336,0.0,0.0,0.0,0.0,63.333333333333336,63.333333333333336,55,0,24.75,50.416666666666664,36.666666666666664,36,80,82.20416666666668,0.7,0.46666666666666656,False,False,False,False,False,False,False,False,False,0.0,24.75,11.666666666666671
COP.US,COP.US,0.0,-1.0,-0.1,-45.0,-5.0,1.0,0.0,43.333333333333336,0.0,0.0,0.0,0.0,63.333333333333336,53.888888888888886,75,0,48.75,55.416666666666664,56.111111111111114,36,80,36.35416666666667,-1.0,-0.1,False,False,False,False,False,False,False,False,False,1.0,48.75,-45.0
CRH.US,CRH.US,50.0,-0.9666666666666667,-0.13333333333333328,-41.66666666666667,-6.666666666666664,1.0,0.0,40.0,50.0,0.0,50.0,0.0,63.33333333333333,55.83333333333333,75,1,68.75,55.41666666666667,54.16666666666667,36,80,33.4375,-0.9666666666666667,-0.13333333333333328,False,False,False,False,False,False,False,False,False,1.0,68.75,-41.66666666666667
CSCO.US,CSCO.US,1.666666666666667,-0.9333333333333332,-0.9555555555555556,1.1111111111111112,-47.77777777777778,2.0,0.0,30.0,33.333333333333336,33.333333333333336,33.333333333333336,33.333333333333336,50.0,35.0,75,1,83.75,68.75,85.0,36,80,23.270833333333332,-0.9333333333333332,-0.9555555555555556,False,False,False,False,False,False,True,False,True,2.0,83.75,1.1111111111111112
CSX.US,CSX.US,5.0,-0.1,-0.38888888888888884,14.444444444444443,-19.444444444444443,1.0,1.0,50.0,33.333333333333336,33.333333333333336,33.333333333333336,33.333333333333336,50.0,44.444444444444436,75,1,68.75,68.75,65.55555555555557,36,80,48.27083333333333,-0.1,-0.38888888888888884,False,False,False,False,False,False,False,False,False,1.0,68.75,14.444444444444443
CTAS.US,CTAS.US,85.0,0.35,0.35,0.0,17.5,0.0,1.0,70.0,0.0,0.0,0.0,0.0,56.666666666666664,56.666666666666664,75,0,33.75,62.083333333333336,43.333333333333336,36,80,74.3125,0.35,0.35,False,False,False,False,False,False,False,False,False,0.0,33.75,0.0
CTSH.US,CTSH.US,50.0,0.35,0.35,0.0,17.5,0.0,1.0,50.0,0.0,0.0,0.0,0.0,70.0,63.33333333333333,55,0,24.75,43.75,36.66666666666667,36,80,71.6625,0.35,0.35,False,False,False,False,False,False,False,False,False,0.0,24.75,0.0
CVE.US,CVE.US,50.0,-0.1,-0.1,0.0,-5.0,1.0,1.0,43.333333333333336,0.0,0.0,0.0,0.0,63.333333333333336,53.888888888888886,75,0,48.75,55.416666666666664,56.111111111111114,36,80,56.60416666666667,-0.1,-0.1,False,False,False,False,False,False,False,False,False,1.0,48.75,0.0
CVS.US,CVS.US,85.0,-0.4222222222222222,-0.4222222222222222,0.0,-21.11111111111111,2.0,1.0,36.666666666666664,33.333333333333336,0.0,33.333333333333336,0.0,58.888888888888886,48.888888888888886,75,1,83.75,59.861111111111114,71.11111111111111,36,80,42.77083333333333,-0.4222222222222222,-0.4222222222222222,False,False,False,False,False,False,False,False,False,2.0,83.75,0.0
CVX.US,CVX.US,50.0,-0.9555555555555556,-0.9555555555555556,0.0,-47.77777777777778,3.0,0.0,30.0,33.333333333333336,33.333333333333336,33.333333333333336,33.333333333333336,50.0,35.0,75,1,98.75,68.75,95.0,36,80,20.520833333333332,-0.9555555555555556,-0.9555555555555556,False,False,False,False,False,True,True,False,True,3.0,98.75,0.0
D.US,D.US,50.0,-0.9333333333333332,-0.38888888888888884,-27.222222222222225,-19.444444444444443,2.0,0.0,50.0,33.333333333333336,33.333333333333336,33.333333333333336,33.333333333333336,50.0,44.444444444444436,75,1,83.75,68.75,75.55555555555557,36,80,27.270833333333332,-0.9333333333333332,-0.38888888888888884,False,False,False,False,False,False,False,False,False,2.0,83.75,-27.222222222222225
DB.US,DB.US,50.0,-0.1,-0.06666666666666671,-1.6666666666666643,-3.3333333333333357,1.0,1.0,56.666666666666664,0.0,33.333333333333336,0.0,33.333333333333336,54.444444444444436,49.444444444444436,75,0,48.75,64.30555555555557,60.555555555555564,36,80,52.60416666666667,-0.1,-0.06666666666666671,False,False,False,False,False,False,False,False,False,1.0,48.75,-1.6666666666666643
DE.US,DE.US,50.0,0.35,0.46666666666666656,-5.833333333333329,23.33333333333333,0.0,1.0,63.333333333333336,0.0,0.0,0.0,0.0,63.333333333333336,63.333333333333336,55,0,24.75,50.416666666666664,36.666666666666664,36,80,74.32916666666668,0.35,0.46666666666666656,False,False,False,False,False,False,False,False,False,0.0,24.75,-5.833333333333329
DHI.US,DHI.US,50.0,0.0,-0.1,5.0,-5.0,0.0,0.0,43.333333333333336,0.0,0.0,0.0,0.0,63.333333333333336,53.888888888888886,75,0,33.75,55.416666666666664,46.111111111111114,36,80,61.10416666666667,0.0,-0.1,False,False,False,False,False,False,False,False,False,0.0,33.75,5.0
DIS.US,DIS.US,50.0,0.7,-0.4222222222222222,56.111111111111114,-21.11111111111111,0.0,1.0,36.666666666666664,33.333333333333336,0.0,33.333333333333336,0.0,58.888888888888886,48.888888888888886,75,1,53.75,59.861111111111114,51.111111111111114,36,80,72.52083333333334,0.7,-0.4222222222222222,False,False,False,False,False,False,False,False,False,0.0,53.75,56.111111111111114
DLR.US,DLR.US,50.0,-1.0,-0.9555555555555556,-2.2222222222222223,-47.77777777777778,1.0,0.0,30.0,33.333333333333336,33.333333333333336,33.333333333333336,33.333333333333336,50.0,35.0,75,1,68.75,68.75,75.0,36,80,24.020833333333332,-1.0,-0.9555555555555556,False,False,False,False,False,False,True,False,True,1.0,68.75,-2.2222222222222223
DTEGY.US,DTEGY.US,50.0,-0.9666666666666667,-0.38888888888888884,-28.88888888888889,-19.444444444444443,1.0,0.0,50.0,33.333333333333336,33.333333333333336,33.333333333333336,33.333333333333336,50.0,44.444444444444436,75,1,68.75,68.75,65.55555555555557,36,80,28.770833333333332,-0.9666666666666667,-0.38888888888888884,False,False,False,False,False,False,False,False,False,1.0,68.75,-28.88888888888889
DUK.US,DUK.US,50.0,0.0,-0.06666666666666671,3.3333333333333357,-3.3333333333333357,0.0,0.0,56.666666666666664,0.0,33.333333333333336,0.0,33.333333333333336,54.444444444444436,49.444444444444436,75,0,33.75,64.30555555555557,50.555555555555564,36,80,57.10416666666667,0.0,-0.06666666666666671,False,False,False,False,False,False,False,False,False,0.0,33.75,3.3333333333333357
DVN.US,DVN.US,50.0,0.0,0.46666666666666656,-23.33333333333333,23.33333333333333,0.0,0.0,63.333333333333336,0.0,0.0,0.0,0.0,63.333333333333336,63.333333333333336,55,0,24.75,50.416666666666664,36.666666666666664,36,80,66.45416666666668,0.0,0.46666666666666656,False,False,False,False,False,False,False,False,False,0.0,24.75,-23.33333333333333
EADSY.US,EADSY.US,50.0,0.0,-0.1,5.0,-5.0,0.0,0.0,43.333333333333336,0.0,0.0,0.0,0.0,63.333333333333336,53.888888888888886,75,0,33.75,55.416666666666664,46.111111111111114,36,80,61.10416666666667,0.0,-0.1,False,False,False,False,False,False,False,False,False,0.0,33.75,5.0
EBAY.US,EBAY.US,50.0,0.0,-0.4222222222222222,21.11111111111111,-21.11111111111111,0.0,0.0,36.666666666666664,33.333333333333336,0.0,33.333333333333336,0.0,58.888888888888886,48.888888888888886,75,1,53.75,59.861111111111114,51.111111111111114,36,80,56.77083333333333,0.0,-0.4222222222222222,False,False,False,False,False,False,False,False,False,0.0,53.75,21.11111111111111
ECL.US,ECL.US,50.0,0.0,-0.9555555555555556,47.77777777777778,-47.77777777777778,0.0,0.0,30.0,33.333333333333336,33.333333333333336,33.333333333333336,33.333333333333336,50.0,35.0,75,1,53.75,68.75,65.0,36,80,48.77083333333333,0.0,-0.9555555555555556,False,False,False,False,False,False,True,False,True,0.0,53.75,47.77777777777778
ED.US,ED.US,50.0,0.0,-0.38888888888888884,19.444444444444443,-19.444444444444443,0.0,0.0,50.0,33.333333333333336,33.333333333333336,33.333333333333336,33.333333333333336,50.0,44.444444444444436,75,1,53.75,68.75,55.555555555555564,36,80,52.77083333333333,0.0,-0.38888888888888884,False,False,False,False,False,False,False,False,False,0.0,53.75,19.444444444444443
ELV.US,ELV.US,50.0,0.0,-0.06666666666666671,3.3333333333333357,-3.3333333333333357,0.0,0.0,56.666666666666664,0.0,33.333333333333336,0.0,33.333333333333336,54.444444444444436,49.444444444444436,75,0,33.75,64.30555555555557,50.555555555555564,36,80,57.10416666666667,0.0,-0.06666666666666671,False,False,False,False,False,False,False,False,False,0.0,33.75,3.3333333333333357
EMR.US,EMR.US,50.0,0.0,0.46666666666666656,-23.33333333333333,23.33333333333333,0.0,0.0,63.333333333333336,0.0,0.0,0.0,0.0,63.333333333333336,63.333333333333336,55,0,24.75,50.416666666666664,36.666666666666664,36,80,66.45416666666668,0.0,0.46666666666666656,False,False,False,False,False,False,False,False,False,0.0,24.75,-23.33333333333333
ENB.US,ENB.US,50.0,0.0,-0.1,5.0,-5.0,0.0,0.0,43.333333333333336,0.0,0.0,0.0,0.0,63.333333333333336,53.888888888888886,75,0,33.75,55.416666666666664,46.111111111111114,36,80,61.10416666666667,0.0,-0.1,False,False,False,False,False,False,False,False,False,0.0,33.75,5.0
EOG.US,EOG.US,50.0,0.0,-0.4222222222222222,21.11111111111111,-21.11111111111111,0.0,0.0,36.666666666666664,33.333333333333336,0.0,33.333333333333336,0.0,58.888888888888886,48.888888888888886,75,1,53.75,59.861111111111114,51.111111111111114,36,80,56.77083333333333,0.0,-0.4222222222222222,False,False,False,False,False,False,False,False,False,0.0,53.75,21.11111111111111
EPD.US,EPD.US,50.0,0.0,-0.9555555555555556,47.77777777777778,-47.77777777777778,0.0,0.0,30.0,33.333333333333336,33.333333333333336,33.333333333333336,33.333333333333336,50.0,35.0,75,1,53.75,68.75,65.0,36,80,48.77083333333333,0.0,-0.9555555555555556,False,False,False,False,False,False,True,False,True,0.0,53.75,47.77777777777778
EQIX.US,EQIX.US,50.0,0.0,-0.38888888888888884,19.444444444444443,-19.444444444444443,0.0,0.0,50.0,33.333333333333336,33.333333333333336,33.333333333333336,33.333333333333336,50.0,44.444444444444436,75,1,53.75,68.75,55.555555555555564,36,80,52.77083333333333,0.0,-0.38888888888888884,False,False,False,False,False,False,False,False,False,0.0,53.75,19.444444444444443
EQNR.US,EQNR.US,50.0,0.0,-0.06666666666666671,3.3333333333333357,-3.3333333333333357,0.0,0.0,56.666666666666664,0.0,33.333333333333336,0.0,33.333333333333336,54.444444444444436,49.444444444444436,75,0,33.75,64.30555555555557,50.555555555555564,36,80,57.10416666666667,0.0,-0.06666666666666671,False,False,False,False,False,False,False,False,False,0.0,33.75,3.3333333333333357
EQT.US,EQT.US,50.0,0.0,0.35,-17.5,17.5,0.0,0.0,70.0,0.0,0.0,0.0,0.0,56.666666666666664,56.666666666666664,55,0,24.75,57.083333333333336,43.333333333333336,36,80,67.7875,0.0,0.35,False,False,False,False,False,False,False,False,False,0.0,24.75,-17.5
ET.US,ET.US,0.0,-1.0,-0.1,-45.0,-5.0,1.0,0.0,43.333333333333336,0.0,0.0,0.0,0.0,63.333333333333336,53.888888888888886,75,0,48.75,55.416666666666664,56.111111111111114,36,80,36.35416666666667,-1.0,-0.1,False,False,False,False,False,False,False,False,False,1.0,48.75,-45.0
ETR.US,ETR.US,1.666666666666667,-0.9666666666666667,-0.4222222222222222,-27.22222222222222,-21.11111111111111,1.0,0.0,36.666666666666664,33.333333333333336,0.0,33.333333333333336,0.0,58.888888888888886,48.888888888888886,75,1,68.75,59.861111111111114,61.111111111111114,36,80,32.770833333333336,-0.9666666666666667,-0.4222222222222222,False,False,False,False,False,False,False,False,False,1.0,68.75,-27.22222222222222
EXC.US,EXC.US,5.0,-0.9,-0.95,2.5,-47.5,1.0,0.0,30.0,0.0,50.0,0.0,50.0,50.0,35.0,75,1,68.75,68.75,75.0,36,80,22.9375,-0.9,-0.95,False,False,False,False,False,False,True,False,True,1.0,68.75,2.5
F.US,F.US,50.0,0.7,-0.13333333333333328,41.666666666666664,-6.666666666666664,0.0,1.0,60.0,50.0,0.0,50.0,0.0,50.0,49.166666666666664,75,1,53.75,68.75,50.833333333333336,36,80,77.1875,0.7,-0.13333333333333328,False,False,False,False,False,False,False,False,False,0.0,53.75,41.666666666666664
FANG.US,FANG.US,85.0,0.35,-0.06666666666666671,20.833333333333336,-3.3333333333333357,0.0,1.0,56.666666666666664,0.0,33.333333333333336,0.0,33.333333333333336,54.444444444444436,49.444444444444436,75,0,33.75,64.30555555555557,50.555555555555564,36,80,64.97916666666667,0.35,-0.06666666666666671,False,False,False,False,False,False,False,False,False,0.0,33.75,20.833333333333336
FAST.US,FAST.US,50.0,0.35,0.46666666666666656,-5.833333333333329,23.33333333333333,0.0,1.0,63.333333333333336,0.0,0.0,0.0,0.0,63.333333333333336,63.333333333333336,55,0,24.75,50.416666666666664,36.666666666666664,36,80,74.32916666666668,0.35,0.46666666666666656,False,False,False,False,False,False,False,False,False,0.0,24.75,-5.833333333333329
FDX.US,FDX.US,50.0,-0.15,-0.15,0.0,-7.5,1.0,1.0,40.0,0.0,0.0,0.0,0.0,63.33333333333333,55.83333333333333,75,0,48.75,55.41666666666667,54.16666666666667,36,80,54.8125,-0.15,-0.15,False,False,False,False,False,False,False,False,False,1.0,48.75,0.0
FERG.US,FERG.US,85.0,-0.4222222222222222,-0.4222222222222222,0.0,-21.11111111111111,2.0,1.0,36.666666666666664,33.333333333333336,0.0,33.333333333333336,0.0,58.888888888888886,48.888888888888886,75,1,83.75,59.861111111111114,71.11111111111111,36,80,42.77083333333333,-0.4222222222222222,-0.4222222222222222,False,False,False,False,False,False,False,False,False,2.0,83.75,0.0
FITB.US,FITB.US,0.0,-0.9555555555555556,-0.9555555555555556,0.0,-47.77777777777778,3.0,0.0,30.0,33.333333333333336,33.333333333333336,33.333333333333336,33.333333333333336,50.0,35.0,75,1,98.75,68.75,95.0,36,80,20.520833333333332,-0.9555555555555556,-0.9555555555555556,False,False,False,False,False,True,True,False,True,3.0,98.75,0.0
GD.US,GD.US,1.666666666666667,-0.38888888888888884,-0.38888888888888884,0.0,-19.444444444444443,2.0,1.0,50.0,33.333333333333336,33.333333333333336,33.333333333333336,33.333333333333336,50.0,44.444444444444436,75,1,83.75,68.75,75.55555555555557,36,80,39.52083333333333,-0.38888888888888884,-0.38888888888888884,False,False,False,False,False,False,False,False,False,2.0,83.75,0.0
GILD.US,GILD.US,50.0,-0.1,-0.06666666666666671,-1.6666666666666643,-3.3333333333333357,1.0,1.0,56.666666666666664,0.0,33.333333333333336,0.0,33.333333333333336,54.444444444444436,49.444444444444436,75,0,48.75,64.30555555555557,60.555555555555564,36,80,52.60416666666667,-0.1,-0.06666666666666671,False,False,False,False,False,False,False,False,False,1.0,48.75,-1.6666666666666643
GRMN.US,GRMN.US,50.0,0.35,0.46666666666666656,-5.833333333333329,23.33333333333333,0.0,1.0,63.333333333333336,0.0,0.0,0.0,0.0,63.333333333333336,63.333333333333336,55,0,24.75,50.416666666666664,36.666666666666664,36,80,74.32916666666668,0.35,0.46666666666666656,False,False,False,False,False,False,False,False,False,0.0,24.75,-5.833333333333329
GS.US,GS.US,50.0,0.35,-0.1,22.5,-5.0,0.0,1.0,43.333333333333336,0.0,0.0,0.0,0.0,63.333333333333336,53.888888888888886,75,0,33.75,55.416666666666664,46.111111111111114,36,80,68.97916666666667,0.35,-0.1,False,False,False,False,False,False,False,False,False,0.0,33.75,22.5
GSK.US,GSK.US,50.0,-0.15,-0.4222222222222222,13.61111111111111,-21.11111111111111,1.0,1.0,36.666666666666664,33.333333333333336,0.0,33.333333333333336,0.0,58.888888888888886,48.888888888888886,75,1,68.75,59.861111111111114,61.111111111111114,36,80,51.14583333333333,-0.15,-0.4222222222222222,False,False,False,False,False,False,False,False,False,1.0,68.75,13.61111111111111
HBAN.US,HBAN.US,50.0,-1.0,-0.9555555555555556,-2.2222222222222223,-47.77777777777778,1.0,0.0,30.0,33.333333333333336,33.333333333333336,33.333333333333336,33.333333333333336,50.0,35.0,75,1,68.75,68.75,75.0,36,80,24.020833333333332,-1.0,-0.9555555555555556,False,False,False,False,False,False,True,False,True,1.0,68.75,-2.2222222222222223
HD.US,HD.US,50.0,-0.9666666666666667,-0.38888888888888884,-28.88888888888889,-19.444444444444443,1.0,0.0,50.0,33.333333333333336,33.333333333333336,33.333333333333336,33.333333333333336,50.0,44.444444444444436,75,1,68.75,68.75,65.55555555555557,36,80,28.770833333333332,-0.9666666666666667,-0.38888888888888884,False,False,False,False,False,False,False,False,False,1.0,68.75,-28.88888888888889
HDB.US,HDB.US,50.0,-0.9,-0.06666666666666671,-41.666666666666664,-3.3333333333333357,1.0,0.0,56.666666666666664,0.0,33.333333333333336,0.0,33.333333333333336,54.444444444444436,49.444444444444436,75,0,48.75,64.30555555555557,60.555555555555564,36,80,34.60416666666667,-0.9,-0.06666666666666671,False,False,False,False,False,False,False,False,False,1.0,48.75,-41.666666666666664
HESAY.US,HESAY.US,50.0,0.7,0.46666666666666656,11.666666666666671,23.33333333333333,0.0,1.0,63.333333333333336,0.0,0.0,0.0,0.0,63.333333333333336,63.333333333333336,55,0,24.75,50.416666666666664,36.666666666666664,36,80,82.20416666666668,0.7,0.46666666666666656,False,False,False,False,False,False,False,False,False,0.0,24.75,11.666666666666671
HIG.US,HIG.US,50.0,0.0,-0.1,5.0,-5.0,0.0,0.0,43.333333333333336,0.0,0.0,0.0,0.0,63.333333333333336,53.888888888888886,75,0,33.75,55.416666666666664,46.111111111111114,36,80,61.10416666666667,0.0,-0.1,False,False,False,False,False,False,False,False,False,0.0,33.75,5.0
HON.US,HON.US,50.0,0.0,-0.4222222222222222,21.11111111111111,-21.11111111111111,0.0,0.0,36.666666666666664,33.333333333333336,0.0,33.333333333333336,0.0,58.888888888888886,48.888888888888886,75,1,53.75,59.861111111111114,51.111111111111114,36,80,56.77083333333333,0.0,-0.4222222222222222,False,False,False,False,False,False,False,False,False,0.0,53.75,21.11111111111111
HPE.US,HPE.US,50.0,0.0,-0.9555555555555556,47.77777777777778,-47.77777777777778,0.0,0.0,30.0,33.333333333333336,33.333333333333336,33.333333333333336,33.333333333333336,50.0,35.0,75,1,53.75,68.75,65.0,36,80,48.77083333333333,0.0,-0.9555555555555556,False,False,False,False,False,False,True,False,True,0.0,53.75,47.77777777777778
HPQ.US,HPQ.US,50.0,0.0,-0.38888888888888884,19.444444444444443,-19.444444444444443,0.0,0.0,50.0,33.333333333333336,33.333333333333336,33.333333333333336,33.333333333333336,50.0,44.444444444444436,75,1,53.75,68.75,55.555555555555564,36,80,52.77083333333333,0.0,-0.38888888888888884,False,False,False,False,False,False,False,False,False,0.0,53.75,19.444444444444443
HSBC.US,HSBC.US,50.0,0.0,-0.06666666666666671,3.3333333333333357,-3.3333333333333357,0.0,0.0,56.666666666666664,0.0,33.333333333333336,0.0,33.333333333333336,54.444444444444436,49.444444444444436,75,0,33.75,64.30555555555557,50.555555555555564,36,80,57.10416666666667,0.0,-0.06666666666666671,False,False,False,False,False,False,False,False,False,0.0,33.75,3.3333333333333357
HSY.US,HSY.US,50.0,0.0,0.46666666666666656,-23.33333333333333,23.33333333333333,0.0,0.0,63.333333333333336,0.0,0.0,0.0,0.0,63.333333333333336,63.333333333333336,55,0,24.75,50.416666666666664,36.666666666666664,36,80,66.45416666666668,0.0,0.46666666666666656,False,False,False,False,False,False,False,False,False,0.0,24.75,-23.33333333333333
IBM.US,IBM.US,50.0,0.0,-0.1,5.0,-5.0,0.0,0.0,43.333333333333336,0.0,0.0,0.0,0.0,63.333333333333336,53.888888888888886,75,0,33.75,55.416666666666664,46.111111111111114,36,80,61.10416666666667,0.0,-0.1,False,False,False,False,False,False,False,False,False,0.0,33.75,5.0
ICE.US,ICE.US,50.0,0.0,-0.4222222222222222,21.11111111111111,-21.11111111111111,0.0,0.0,36.666666666666664,33.333333333333336,0.0,33.333333333333336,0.0,58.888888888888886,48.888888888888886,75,1,53.75,59.861111111111114,51.111111111111114,36,80,56.77083333333333,0.0,-0.4222222222222222,False,False,False,False,False,False,False,False,False,0.0,53.75,21.11111111111111
INFY.US,INFY.US,50.0,0.0,-0.9555555555555556,47.77777777777778,-47.77777777777778,0.0,0.0,30.0,33.333333333333336,33.333333333333336,33.333333333333336,33.333333333333336,50.0,35.0,75,1,53.75,68.75,65.0,36,80,48.77083333333333,0.0,-0.9555555555555556,False,False,False,False,False,False,True,False,True,0.0,53.75,47.77777777777778
ING.US,ING.US,50.0,0.0,-0.38888888888888884,19.444444444444443,-19.444444444444443,0.0,0.0,50.0,33.333333333333336,33.333333333333336,33.333333333333336,33.333333333333336,50.0,44.444444444444436,75,1,53.75,68.75,55.555555555555564,36,80,52.77083333333333,0.0,-0.38888888888888884,False,False,False,False,False,False,False,False,False,0.0,53.75,19.444444444444443
INTU.US,INTU.US,50.0,0.0,-0.06666666666666671,3.3333333333333357,-3.3333333333333357,0.0,0.0,56.666666666666664,0.0,33.333333333333336,0.0,33.333333333333336,54.444444444444436,49.444444444444436,75,0,33.75,64.30555555555557,50.555555555555564,36,80,57.10416666666667,0.0,-0.06666666666666671,False,False,False,False,False,False,False,False,False,0.0,33.75,3.3333333333333357
ITUB.US,ITUB.US,50.0,0.0,0.46666666666666656,-23.33333333333333,23.33333333333333,0.0,0.0,63.333333333333336,0.0,0.0,0.0,0.0,63.333333333333336,63.333333333333336,55,0,24.75,50.416666666666664,36.666666666666664,36,80,66.45416666666668,0.0,0.46666666666666656,False,False,False,False,False,False,False,False,False,0.0,24.75,-23.33333333333333
ITW.US,ITW.US,50.0,0.0,0.35,-17.5,17.5,0.0,0.0,50.0,0.0,0.0,0.0,0.0,70.0,63.33333333333333,75,0,33.75,48.75,36.66666666666667,36,80,62.4375,0.0,0.35,False,False,False,False,False,False,False,False,False,0.0,33.75,-17.5
JCI.US,JCI.US,50.0,0.0,-0.15,7.5,-7.5,0.0,0.0,40.0,0.0,0.0,0.0,0.0,63.33333333333333,55.83333333333333,75,1,53.75,55.41666666666667,44.16666666666667,36,80,57.4375,0.0,-0.15,False,False,False,False,False,False,False,False,False,0.0,53.75,7.5
JD.US,JD.US,5.0,-0.9,-0.9555555555555556,2.7777777777777777,-47.77777777777778,1.0,0.0,30.0,33.333333333333336,33.333333333333336,33.333333333333336,33.333333333333336,50.0,35.0,75,1,68.75,68.75,75.0,36,80,26.270833333333332,-0.9,-0.9555555555555556,False,False,False,False,False,False,True,False,True,1.0,68.75,2.7777777777777777
JNJ.US,JNJ.US,85.0,0.7,-0.38888888888888884,54.44444444444444,-19.444444444444443,0.0,1.0,50.0,33.333333333333336,33.333333333333336,33.333333333333336,33.333333333333336,50.0,44.444444444444436,75,1,53.75,68.75,55.555555555555564,36,80,68.52083333333333,0.7,-0.38888888888888884,False,False,False,False,False,False,False,False,False,0.0,53.75,54.44444444444444
JPM.US,JPM.US,50.0,0.0,-0.45,22.5,-22.5,0.0,0.0,40.0,0.0,50.0,0.0,50.0,56.666666666666664,42.5,75,0,33.75,62.083333333333336,57.5,36,80,50.4375,0.0,-0.45,False,False,False,False,False,False,False,False,False,0.0,33.75,22.5
KDP.US,KDP.US,50.0,0.35,0.46666666666666656,-5.833333333333329,23.33333333333333,0.0,1.0,63.333333333333336,0.0,0.0,0.0,0.0,63.333333333333336,63.333333333333336,55,0,24.75,50.416666666666664,36.666666666666664,36,80,74.32916666666668,0.35,0.46666666666666656,False,False,False,False,False,False,False,False,False,0.0,24.75,-5.833333333333329
KMB.US,KMB.US,85.0,-0.15,-0.1,-2.5,-5.0,1.0,1.0,43.333333333333336,0.0,0.0,0.0,0.0,63.333333333333336,53.888888888888886,75,0,48.75,55.416666666666664,56.111111111111114,36,80,55.47916666666667,-0.15,-0.1,False,False,False,False,False,False,False,False,False,1.0,48.75,-2.5
KMI.US,KMI.US,0.0,-0.9833333333333333,-0.4222222222222222,-28.055555555555557,-21.11111111111111,2.0,0.0,36.666666666666664,33.333333333333336,0.0,33.333333333333336,0.0,58.888888888888886,48.888888888888886,75,1,83.75,59.861111111111114,71.11111111111111,36,80,30.145833333333332,-0.9833333333333333,-0.4222222222222222,False,False,False,False,False,False,False,False,False,2.0,83.75,-28.055555555555557
KO.US,KO.US,50.0,-0.9333333333333332,-0.9333333333333332,0.0,-46.666666666666664,2.0,0.0,30.0,50.0,50.0,50.0,50.0,50.0,35.0,75,1,83.75,68.75,85.0,36,80,19.9375,-0.9333333333333332,-0.9333333333333332,False,False,False,False,False,False,True,False,True,2.0,83.75,0.0
KR.US,KR.US,1.666666666666667,-0.38888888888888884,-0.38888888888888884,0.0,-19.444444444444443,2.0,1.0,50.0,33.333333333333336,33.333333333333336,33.333333333333336,33.333333333333336,50.0,44.444444444444436,75,1,83.75,68.75,75.55555555555557,36,80,39.52083333333333,-0.38888888888888884,-0.38888888888888884,False,False,False,False,False,False,False,False,False,2.0,83.75,0.0
LHX.US,LHX.US,5.0,-0.06666666666666671,-0.06666666666666671,0.0,-3.3333333333333357,1.0,1.0,56.666666666666664,0.0,33.333333333333336,0.0,33.333333333333336,54.444444444444436,49.444444444444436,75,0,48.75,64.30555555555557,60.555555555555564,36,80,53.35416666666667,-0.06666666666666671,-0.06666666666666671,False,False,False,False,False,False,False,False,False,1.0,48.75,0.0
LIN.US,LIN.US,85.0,0.46666666666666656,0.46666666666666656,0.0,23.33333333333333,0.0,2.0,63.333333333333336,0.0,0.0,0.0,0.0,63.333333333333336,63.333333333333336,55,0,24.75,50.416666666666664,36.666666666666664,36,80,76.95416666666668,0.46666666666666656,0.46666666666666656,False,False,False,False,False,False,False,False,False,0.0,24.75,0.0
LMT.US,LMT.US,50.0,0.35,-0.1,22.5,-5.0,0.0,1.0,43.333333333333336,0.0,0.0,0.0,0.0,63.333333333333336,53.888888888888886,75,0,33.75,55.416666666666664,46.111111111111114,36,80,68.97916666666667,0.35,-0.1,False,False,False,False,False,False,False,False,False,0.0,33.75,22.5
LOW.US,LOW.US,50.0,-0.15,-0.4222222222222222,13.61111111111111,-21.11111111111111,1.0,1.0,36.666666666666664,33.333333333333336,0.0,33.333333333333336,0.0,58.888888888888886,48.888888888888886,75,1,68.75,59.861111111111114,61.111111111111114,36,80,51.14583333333333,-0.15,-0.4222222222222222,False,False,False,False,False,False,False,False,False,1.0,68.75,13.61111111111111
LRLCY.US,LRLCY.US,50.0,-0.9833333333333333,-0.9555555555555556,-1.3888888888888888,-47.77777777777778,2.0,0.0,30.0,33.333333333333336,33.333333333333336,33.333333333333336,33.333333333333336,50.0,35.0,75,1,83.75,68.75,85.0,36,80,22.145833333333332,-0.9833333333333333,-0.9555555555555556,False,False,False,False,False,False,True,False,True,2.0,83.75,-1.3888888888888888
LVMUY.US,LVMUY.US,50.0,-0.9333333333333332,-0.38888888888888884,-27.222222222222225,-19.444444444444443,2.0,0.0,50.0,33.333333333333336,33.333333333333336,33.333333333333336,33.333333333333336,50.0,44.444444444444436,75,1,83.75,68.75,75.55555555555557,36,80,27.270833333333332,-0.9333333333333332,-0.38888888888888884,False,False,False,False,False,False,False,False,False,2.0,83.75,-27.222222222222225
LYG.US,LYG.US,50.0,-0.9,-0.06666666666666671,-41.666666666666664,-3.3333333333333357,1.0,0.0,56.666666666666664,0.0,33.333333333333336,0.0,33.333333333333336,54.444444444444436,49.444444444444436,75,0,48.75,64.30555555555557,60.555555555555564,36,80,34.60416666666667,-0.9,-0.06666666666666671,False,False,False,False,False,False,False,False,False,1.0,48.75,-41.666666666666664
MCD.US,MCD.US,50.0,0.7,0.46666666666666656,11.666666666666671,23.33333333333333,0.0,1.0,63.333333333333336,0.0,0.0,0.0,0.0,63.333333333333336,63.333333333333336,55,0,24.75,50.416666666666664,36.666666666666664,36,80,82.20416666666668,0.7,0.46666666666666656,False,False,False,False,False,False,False,False,False,0.0,24.75,11.666666666666671
MCHP.US,MCHP.US,50.0,0.0,-0.1,5.0,-5.0,0.0,0.0,43.333333333333336,0.0,0.0,0.0,0.0,63.333333333333336,53.888888888888886,75,0,33.75,55.416666666666664,46.111111111111114,36,80,61.10416666666667,0.0,-0.1,False,False,False,False,False,False,False,False,False,0.0,33.75,5.0
MDLZ.US,MDLZ.US,50.0,0.0,-0.4222222222222222,21.11111111111111,-21.11111111111111,0.0,0.0,36.666666666666664,33.333333333333336,0.0,33.333333333333336,0.0,58.888888888888886,48.888888888888886,75,1,53.75,59.861111111111114,51.111111111111114,36,80,56.77083333333333,0.0,-0.4222222222222222,False,False,False,False,False,False,False,False,False,0.0,53.75,21.11111111111111
MDT.US,MDT.US,50.0,0.0,-0.9555555555555556,47.77777777777778,-47.77777777777778,0.0,0.0,30.0,33.333333333333336,33.333333333333336,33.333333333333336,33.333333333333336,50.0,35.0,75,1,53.75,68.75,65.0,36,80,48.77083333333333,0.0,-0.9555555555555556,False,False,False,False,False,False,True,False,True,0.0,53.75,47.77777777777778
MET.US,MET.US,50.0,0.0,-0.38888888888888884,19.444444444444443,-19.444444444444443,0.0,0.0,50.0,33.333333333333336,33.333333333333336,33.333333333333336,33.333333333333336,50.0,44.444444444444436,75,1,53.75,68.75,55.555555555555564,36,80,52.77083333333333,0.0,-0.38888888888888884,False,False,False,False,False,False,False,False,False,0.0,53.75,19.444444444444443
MFC.US,MFC.US,50.0,0.0,-0.06666666666666671,3.3333333333333357,-3.3333333333333357,0.0,0.0,56.666666666666664,0.0,33.333333333333336,0.0,33.333333333333336,54.444444444444436,49.444444444444436,75,0,33.75,64.30555555555557,50.555555555555564,36,80,57.10416666666667,0.0,-0.06666666666666671,False,False,False,False,False,False,False,False,False,0.0,33.75,3.3333333333333357
MFG.US,MFG.US,50.0,0.0,0.46666666666666656,-23.33333333333333,23.33333333333333,0.0,0.0,63.333333333333336,0.0,0.0,0.0,0.0,63.333333333333336,63.333333333333336,55,0,24.75,50.416666666666664,36.666666666666664,36,80,66.45416666666668,0.0,0.46666666666666656,False,False,False,False,False,False,False,False,False,0.0,24.75,-23.33333333333333
MMM.US,MMM.US,50.0,0.0,-0.1,5.0,-5.0,0.0,0.0,43.333333333333336,0.0,0.0,0.0,0.0,63.333333333333336,53.888888888888886,75,0,33.75,55.416666666666664,46.111111111111114,36,80,61.10416666666667,0.0,-0.1,False,False,False,False,False,False,False,False,False,0.0,33.75,5.0
MO.US,MO.US,50.0,0.0,-0.4222222222222222,21.11111111111111,-21.11111111111111,0.0,0.0,36.666666666666664,33.333333333333336,0.0,33.333333333333336,0.0,58.888888888888886,48.888888888888886,75,1,53.75,59.861111111111114,51.111111111111114,36,80,56.77083333333333,0.0,-0.4222222222222222,False,False,False,False,False,False,False,False,False,0.0,53.75,21.11111111111111
MPC.US,MPC.US,50.0,0.0,-0.9555555555555556,47.77777777777778,-47.77777777777778,0.0,0.0,30.0,33.333333333333336,33.333333333333336,33.333333333333336,33.333333333333336,50.0,35.0,75,1,53.75,68.75,65.0,36,80,48.77083333333333,0.0,-0.9555555555555556,False,False,False,False,False,False,True,False,True,0.0,53.75,47.77777777777778
MRK.US,MRK.US,50.0,0.0,-0.38888888888888884,19.444444444444443,-19.444444444444443,0.0,0.0,50.0,33.333333333333336,33.333333333333336,33.333333333333336,33.333333333333336,50.0,44.444444444444436,75,1,53.75,68.75,55.555555555555564,36,80,52.77083333333333,0.0,-0.38888888888888884,False,False,False,False,False,False,False,False,False,0.0,53.75,19.444444444444443
MRSH.US,MRSH.US,50.0,0.0,-0.06666666666666671,3.3333333333333357,-3.3333333333333357,0.0,0.0,56.666666666666664,0.0,33.333333333333336,0.0,33.333333333333336,54.444444444444436,49.444444444444436,75,0,33.75,64.30555555555557,50.555555555555564,36,80,57.10416666666667,0.0,-0.06666666666666671,False,False,False,False,False,False,False,False,False,0.0,33.75,3.3333333333333357
MS.US,MS.US,50.0,0.0,0.46666666666666656,-23.33333333333333,23.33333333333333,0.0,0.0,63.333333333333336,0.0,0.0,0.0,0.0,63.333333333333336,63.333333333333336,55,0,24.75,50.416666666666664,36.666666666666664,36,80,66.45416666666668,0.0,0.46666666666666656,False,False,False,False,False,False,False,False,False,0.0,24.75,-23.33333333333333
MSCI.US,MSCI.US,50.0,0.0,-0.1,5.0,-5.0,0.0,0.0,43.333333333333336,0.0,0.0,0.0,0.0,63.333333333333336,53.888888888888886,75,0,33.75,55.416666666666664,46.111111111111114,36,80,61.10416666666667,0.0,-0.1,False,False,False,False,False,False,False,False,False,0.0,33.75,5.0
MSI.US,MSI.US,50.0,0.0,-0.4222222222222222,21.11111111111111,-21.11111111111111,0.0,0.0,36.666666666666664,33.333333333333336,0.0,33.333333333333336,0.0,58.888888888888886,48.888888888888886,75,1,53.75,59.861111111111114,51.111111111111114,36,80,56.77083333333333,0.0,-0.4222222222222222,False,False,False,False,False,False,False,False,False,0.0,53.75,21.11111111111111
MTB.US,MTB.US,50.0,0.0,-0.9833333333333333,49.166666666666664,-49.166666666666664,0.0,0.0,30.0,50.0,0.0,50.0,0.0,50.0,35.0,75,1,53.75,68.75,65.0,36,80,55.4375,0.0,-0.9833333333333333,False,False,False,False,False,False,True,False,True,0.0,53.75,49.166666666666664
MUFG.US,MUFG.US,85.0,0.7,-0.38888888888888884,54.44444444444444,-19.444444444444443,0.0,1.0,50.0,33.333333333333336,33.333333333333336,33.333333333333336,33.333333333333336,50.0,44.444444444444436,75,1,53.75,68.75,55.555555555555564,36,80,68.52083333333333,0.7,-0.38888888888888884,False,False,False,False,False,False,False,False,False,0.0,53.75,54.44444444444444
NDAQ.US,NDAQ.US,50.0,0.0,-0.06666666666666671,3.3333333333333357,-3.3333333333333357,0.0,0.0,56.666666666666664,0.0,33.333333333333336,0.0,33.333333333333336,54.444444444444436,49.444444444444436,75,0,33.75,64.30555555555557,50.555555555555564,36,80,57.10416666666667,0.0,-0.06666666666666671,False,False,False,False,False,False,False,False,False,0.0,33.75,3.3333333333333357
NEE.US,NEE.US,85.0,0.7,0.46666666666666656,11.666666666666671,23.33333333333333,0.0,1.0,63.333333333333336,0.0,0.0,0.0,0.0,63.333333333333336,63.333333333333336,55,0,24.75,50.416666666666664,36.666666666666664,36,80,82.20416666666668,0.7,0.46666666666666656,False,False,False,False,False,False,False,False,False,0.0,24.75,11.666666666666671
NEM.US,NEM.US,50.0,-1.0,-0.5,-25.0,-25.0,1.0,0.0,40.0,0.0,0.0,0.0,0.0,56.666666666666664,42.5,75,0,48.75,62.083333333333336,67.5,36,80,35.6875,-1.0,-0.5,False,False,False,False,False,False,False,False,False,1.0,48.75,-25.0
NGG.US,NGG.US,0.0,-0.9833333333333333,-0.4222222222222222,-28.055555555555557,-21.11111111111111,2.0,0.0,36.666666666666664,33.333333333333336,0.0,33.333333333333336,0.0,58.888888888888886,48.888888888888886,75,1,83.75,59.861111111111114,71.11111111111111,36,80,30.145833333333332,-0.9833333333333333,-0.4222222222222222,False,False,False,False,False,False,False,False,False,2.0,83.75,-28.055555555555557
NKE.US,NKE.US,1.666666666666667,-0.9333333333333332,-0.9555555555555556,1.1111111111111112,-47.77777777777778,2.0,0.0,30.0,33.333333333333336,33.333333333333336,33.333333333333336,33.333333333333336,50.0,35.0,75,1,83.75,68.75,85.0,36,80,23.270833333333332,-0.9333333333333332,-0.9555555555555556,False,False,False,False,False,False,True,False,True,2.0,83.75,1.1111111111111112
NOC.US,NOC.US,5.0,-0.1,-0.1,0.0,-5.0,1.0,1.0,60.0,0.0,50.0,0.0,50.0,50.0,49.166666666666664,75,1,68.75,68.75,60.833333333333336,36,80,46.9375,-0.1,-0.1,False,False,False,False,False,False,False,False,False,1.0,68.75,0.0
NOK.US,NOK.US,50.0,0.35,0.35,0.0,17.5,0.0,1.0,70.0,0.0,0.0,0.0,0.0,56.666666666666664,56.666666666666664,75,0,33.75,62.083333333333336,43.333333333333336,36,80,74.3125,0.35,0.35,False,False,False,False,False,False,False,False,False,0.0,33.75,0.0
NSC.US,NSC.US,85.0,0.46666666666666656,0.46666666666666656,0.0,23.33333333333333,0.0,2.0,63.333333333333336,0.0,0.0,0.0,0.0,63.333333333333336,63.333333333333336,55,0,24.75,50.416666666666664,36.666666666666664,36,80,76.95416666666668,0.46666666666666656,0.46666666666666656,False,False,False,False,False,False,False,False,False,0.0,24.75,0.0
NSRGY.US,NSRGY.US,50.0,-0.1,-0.1,0.0,-5.0,1.0,1.0,43.333333333333336,0.0,0.0,0.0,0.0,63.333333333333336,53.888888888888886,75,0,48.75,55.416666666666664,56.111111111111114,36,80,56.60416666666667,-0.1,-0.1,False,False,False,False,False,False,False,False,False,1.0,48.75,0.0
NTAP.US,NTAP.US,50.0,-0.4222222222222222,-0.4222222222222222,0.0,-21.11111111111111,2.0,1.0,36.666666666666664,33.333333333333336,0.0,33.333333333333336,0.0,58.888888888888886,48.888888888888886,75,1,83.75,59.861111111111114,71.11111111111111,36,80,42.77083333333333,-0.4222222222222222,-0.4222222222222222,False,False,False,False,False,False,False,False,False,2.0,83.75,0.0
NTES.US,NTES.US,50.0,-0.9833333333333333,-0.9555555555555556,-1.3888888888888888,-47.77777777777778,2.0,0.0,30.0,33.333333333333336,33.333333333333336,33.333333333333336,33.333333333333336,50.0,35.0,75,1,83.75,68.75,85.0,36,80,22.145833333333332,-0.9833333333333333,-0.9555555555555556,False,False,False,False,False,False,True,False,True,2.0,83.75,-1.3888888888888888
NVO.US,NVO.US,50.0,-0.9333333333333332,-0.38888888888888884,-27.222222222222225,-19.444444444444443,2.0,0.0,50.0,33.333333333333336,33.333333333333336,33.333333333333336,33.333333333333336,50.0,44.444444444444436,75,1,83.75,68.75,75.55555555555557,36,80,27.270833333333332,-0.9333333333333332,-0.38888888888888884,False,False,False,False,False,False,False,False,False,2.0,83.75,-27.222222222222225
NVS.US,NVS.US,50.0,-0.1,-0.06666666666666671,-1.6666666666666643,-3.3333333333333357,1.0,1.0,56.666666666666664,0.0,33.333333333333336,0.0,33.333333333333336,54.444444444444436,49.444444444444436,75,0,48.75,64.30555555555557,60.555555555555564,36,80,52.60416666666667,-0.1,-0.06666666666666671,False,False,False,False,False,False,False,False,False,1.0,48.75,-1.6666666666666643
NWG.US,NWG.US,50.0,0.7,0.46666666666666656,11.666666666666671,23.33333333333333,0.0,1.0,63.333333333333336,0.0,0.0,0.0,0.0,63.333333333333336,63.333333333333336,55,0,24.75,50.416666666666664,36.666666666666664,36,80,82.20416666666668,0.7,0.46666666666666656,False,False,False,False,False,False,False,False,False,0.0,24.75,11.666666666666671
NXPI.US,NXPI.US,50.0,0.0,-0.1,5.0,-5.0,0.0,0.0,43.333333333333336,0.0,0.0,0.0,0.0,63.333333333333336,53.888888888888886,75,0,33.75,55.416666666666664,46.111111111111114,36,80,61.10416666666667,0.0,-0.1,False,False,False,False,False,False,False,False,False,0.0,33.75,5.0
O.US,O.US,50.0,0.7,-0.4222222222222222,56.111111111111114,-21.11111111111111,0.0,1.0,36.666666666666664,33.333333333333336,0.0,33.333333333333336,0.0,58.888888888888886,48.888888888888886,75,1,53.75,59.861111111111114,51.111111111111114,36,80,72.52083333333334,0.7,-0.4222222222222222,False,False,False,False,False,False,False,False,False,0.0,53.75,56.111111111111114
OKE.US,OKE.US,50.0,-1.0,-0.9555555555555556,-2.2222222222222223,-47.77777777777778,1.0,0.0,30.0,33.333333333333336,33.333333333333336,33.333333333333336,33.333333333333336,50.0,35.0,75,1,68.75,68.75,75.0,36,80,24.020833333333332,-1.0,-0.9555555555555556,False,False,False,False,False,False,True,False,True,1.0,68.75,-2.2222222222222223
ORCL.US,ORCL.US,50.0,0.0,-0.38888888888888884,19.444444444444443,-19.444444444444443,0.0,0.0,50.0,33.333333333333336,33.333333333333336,33.333333333333336,33.333333333333336,50.0,44.444444444444436,75,1,53.75,68.75,55.555555555555564,36,80,52.77083333333333,0.0,-0.38888888888888884,False,False,False,False,False,False,False,False,False,0.0,53.75,19.444444444444443
OXY.US,OXY.US,50.0,0.0,-0.06666666666666671,3.3333333333333357,-3.3333333333333357,0.0,0.0,56.666666666666664,0.0,33.333333333333336,0.0,33.333333333333336,54.444444444444436,49.444444444444436,75,0,33.75,64.30555555555557,50.555555555555564,36,80,57.10416666666667,0.0,-0.06666666666666671,False,False,False,False,False,False,False,False,False,0.0,33.75,3.3333333333333357
PAYX.US,PAYX.US,50.0,0.0,0.46666666666666656,-23.33333333333333,23.33333333333333,0.0,0.0,63.333333333333336,0.0,0.0,0.0,0.0,63.333333333333336,63.333333333333336,55,0,24.75,50.416666666666664,36.666666666666664,36,80,66.45416666666668,0.0,0.46666666666666656,False,False,False,False,False,False,False,False,False,0.0,24.75,-23.33333333333333
PBR.US,PBR.US,50.0,0.0,-0.1,5.0,-5.0,0.0,0.0,43.333333333333336,0.0,0.0,0.0,0.0,63.333333333333336,53.888888888888886,75,0,33.75,55.416666666666664,46.111111111111114,36,80,61.10416666666667,0.0,-0.1,False,False,False,False,False,False,False,False,False,0.0,33.75,5.0
PCAR.US,PCAR.US,50.0,0.0,-0.4222222222222222,21.11111111111111,-21.11111111111111,0.0,0.0,36.666666666666664,33.333333333333336,0.0,33.333333333333336,0.0,58.888888888888886,48.888888888888886,75,1,53.75,59.861111111111114,51.111111111111114,36,80,56.77083333333333,0.0,-0.4222222222222222,False,False,False,False,False,False,False,False,False,0.0,53.75,21.11111111111111
PCG.US,PCG.US,50.0,0.0,-0.9555555555555556,47.77777777777778,-47.77777777777778,0.0,0.0,30.0,33.333333333333336,33.333333333333336,33.333333333333336,33.333333333333336,50.0,35.0,75,1,53.75,68.75,65.0,36,80,48.77083333333333,0.0,-0.9555555555555556,False,False,False,False,False,False,True,False,True,0.0,53.75,47.77777777777778
PEP.US,PEP.US,50.0,0.0,-0.38888888888888884,19.444444444444443,-19.444444444444443,0.0,0.0,50.0,33.333333333333336,33.333333333333336,33.333333333333336,33.333333333333336,50.0,44.444444444444436,75,1,53.75,68.75,55.555555555555564,36,80,52.77083333333333,0.0,-0.38888888888888884,False,False,False,False,False,False,False,False,False,0.0,53.75,19.444444444444443
PFE.US,PFE.US,50.0,0.0,-0.06666666666666671,3.3333333333333357,-3.3333333333333357,0.0,0.0,56.666666666666664,0.0,33.333333333333336,0.0,33.333333333333336,54.444444444444436,49.444444444444436,75,0,33.75,64.30555555555557,50.555555555555564,36,80,57.10416666666667,0.0,-0.06666666666666671,False,False,False,False,False,False,False,False,False,0.0,33.75,3.3333333333333357
PG.US,PG.US,50.0,0.0,0.46666666666666656,-23.33333333333333,23.33333333333333,0.0,0.0,63.333333333333336,0.0,0.0,0.0,0.0,63.333333333333336,63.333333333333336,55,0,24.75,50.416666666666664,36.666666666666664,36,80,66.45416666666668,0.0,0.46666666666666656,False,False,False,False,False,False,False,False,False,0.0,24.75,-23.33333333333333
PGR.US,PGR.US,50.0,0.0,-0.1,5.0,-5.0,0.0,0.0,43.333333333333336,0.0,0.0,0.0,0.0,63.333333333333336,53.888888888888886,75,0,33.75,55.416666666666664,46.111111111111114,36,80,61.10416666666667,0.0,-0.1,False,False,False,False,False,False,False,False,False,0.0,33.75,5.0
PLD.US,PLD.US,50.0,0.0,-0.4222222222222222,21.11111111111111,-21.11111111111111,0.0,0.0,36.666666666666664,33.333333333333336,0.0,33.333333333333336,0.0,58.888888888888886,48.888888888888886,75,1,53.75,59.861111111111114,51.111111111111114,36,80,56.77083333333333,0.0,-0.4222222222222222,False,False,False,False,False,False,False,False,False,0.0,53.75,21.11111111111111
PM.US,PM.US,50.0,0.0,-0.9555555555555556,47.77777777777778,-47.77777777777778,0.0,0.0,30.0,33.333333333333336,33.333333333333336,33.333333333333336,33.333333333333336,50.0,35.0,75,1,53.75,68.75,65.0,36,80,48.77083333333333,0.0,-0.9555555555555556,False,False,False,False,False,False,True,False,True,0.0,53.75,47.77777777777778
PNC.US,PNC.US,50.0,0.0,-0.38888888888888884,19.444444444444443,-19.444444444444443,0.0,0.0,50.0,33.333333333333336,33.333333333333336,33.333333333333336,33.333333333333336,50.0,44.444444444444436,75,1,53.75,68.75,55.555555555555564,36,80,52.77083333333333,0.0,-0.38888888888888884,False,False,False,False,False,False,False,False,False,0.0,53.75,19.444444444444443
PRU.US,PRU.US,50.0,0.0,-0.1,5.0,-5.0,0.0,0.0,60.0,0.0,50.0,0.0,50.0,50.0,49.166666666666664,75,0,33.75,68.75,50.833333333333336,36,80,54.4375,0.0,-0.1,False,False,False,False,False,False,False,False,False,0.0,33.75,5.0
PSA.US,PSA.US,85.0,0.7,0.46666666666666656,11.666666666666671,23.33333333333333,0.0,1.0,63.333333333333336,0.0,0.0,0.0,0.0,63.333333333333336,63.333333333333336,55,0,24.75,50.416666666666664,36.666666666666664,36,80,82.20416666666668,0.7,0.46666666666666656,False,False,False,False,False,False,False,False,False,0.0,24.75,11.666666666666671
PSX.US,PSX.US,0.0,-1.0,-0.1,-45.0,-5.0,1.0,0.0,43.333333333333336,0.0,0.0,0.0,0.0,63.333333333333336,53.888888888888886,75,0,48.75,55.416666666666664,56.111111111111114,36,80,36.35416666666667,-1.0,-0.1,False,False,False,False,False,False,False,False,False,1.0,48.75,-45.0
QCOM.US,QCOM.US,1.666666666666667,-0.9666666666666667,-0.13333333333333328,-41.66666666666667,-6.666666666666664,1.0,0.0,40.0,50.0,0.0,50.0,0.0,63.33333333333333,55.83333333333333,75,1,68.75,55.41666666666667,54.16666666666667,36,80,33.4375,-0.9666666666666667,-0.13333333333333328,False,False,False,False,False,False,False,False,False,1.0,68.75,-41.66666666666667
RACE.US,RACE.US,50.0,-0.9,-0.95,2.5,-47.5,1.0,0.0,30.0,0.0,50.0,0.0,50.0,50.0,35.0,75,1,68.75,68.75,75.0,36,80,22.9375,-0.9,-0.95,False,False,False,False,False,False,True,False,True,1.0,68.75,2.5
RCL.US,RCL.US,5.0,-0.1,-0.38888888888888884,14.444444444444443,-19.444444444444443,1.0,1.0,50.0,33.333333333333336,33.333333333333336,33.333333333333336,33.333333333333336,50.0,44.444444444444436,75,1,68.75,68.75,65.55555555555557,36,80,48.27083333333333,-0.1,-0.38888888888888884,False,False,False,False,False,False,False,False,False,1.0,68.75,14.444444444444443
RELX.US,RELX.US,85.0,0.35,-0.06666666666666671,20.833333333333336,-3.3333333333333357,0.0,1.0,56.666666666666664,0.0,33.333333333333336,0.0,33.333333333333336,54.444444444444436,49.444444444444436,75,0,33.75,64.30555555555557,50.555555555555564,36,80,64.97916666666667,0.35,-0.06666666666666671,False,False,False,False,False,False,False,False,False,0.0,33.75,20.833333333333336
RHHBY.US,RHHBY.US,50.0,0.35,0.35,0.0,17.5,0.0,1.0,50.0,0.0,0.0,0.0,0.0,70.0,63.33333333333333,55,0,24.75,43.75,36.66666666666667,36,80,71.6625,0.35,0.35,False,False,False,False,False,False,False,False,False,0.0,24.75,0.0
RIO.US,RIO.US,50.0,-0.1,-0.1,0.0,-5.0,1.0,1.0,43.333333333333336,0.0,0.0,0.0,0.0,63.333333333333336,53.888888888888886,75,0,48.75,55.416666666666664,56.111111111111114,36,80,56.60416666666667,-0.1,-0.1,False,False,False,False,False,False,False,False,False,1.0,48.75,0.0
ROK.US,ROK.US,85.0,-0.4222222222222222,-0.4222222222222222,0.0,-21.11111111111111,2.0,1.0,36.666666666666664,33.333333333333336,0.0,33.333333333333336,0.0,58.888888888888886,48.888888888888886,75,1,83.75,59.861111111111114,71.11111111111111,36,80,42.77083333333333,-0.4222222222222222,-0.4222222222222222,False,False,False,False,False,False,False,False,False,2.0,83.75,0.0
RSG.US,RSG.US,0.0,-0.9555555555555556,-0.9555555555555556,0.0,-47.77777777777778,3.0,0.0,30.0,33.333333333333336,33.333333333333336,33.333333333333336,33.333333333333336,50.0,35.0,75,1,98.75,68.75,95.0,36,80,20.520833333333332,-0.9555555555555556,-0.9555555555555556,False,False,False,False,False,True,True,False,True,3.0,98.75,0.0
RTX.US,RTX.US,50.0,-0.9333333333333332,-0.38888888888888884,-27.222222222222225,-19.444444444444443,2.0,0.0,50.0,33.333333333333336,33.333333333333336,33.333333333333336,33.333333333333336,50.0,44.444444444444436,75,1,83.75,68.75,75.55555555555557,36,80,27.270833333333332,-0.9333333333333332,-0.38888888888888884,False,False,False,False,False,False,False,False,False,2.0,83.75,-27.222222222222225
RY.US,RY.US,50.0,-0.1,-0.06666666666666671,-1.6666666666666643,-3.3333333333333357,1.0,1.0,56.666666666666664,0.0,33.333333333333336,0.0,33.333333333333336,54.444444444444436,49.444444444444436,75,0,48.75,64.30555555555557,60.555555555555564,36,80,52.60416666666667,-0.1,-0.06666666666666671,False,False,False,False,False,False,False,False,False,1.0,48.75,-1.6666666666666643
SAN.US,SAN.US,50.0,0.35,0.46666666666666656,-5.833333333333329,23.33333333333333,0.0,1.0,63.333333333333336,0.0,0.0,0.0,0.0,63.333333333333336,63.333333333333336,55,0,24.75,50.416666666666664,36.666666666666664,36,80,74.32916666666668,0.35,0.46666666666666656,False,False,False,False,False,False,False,False,False,0.0,24.75,-5.833333333333329
SAP.US,SAP.US,50.0,0.35,-0.1,22.5,-5.0,0.0,1.0,43.333333333333336,0.0,0.0,0.0,0.0,63.333333333333336,53.888888888888886,75,0,33.75,55.416666666666664,46.111111111111114,36,80,68.97916666666667,0.35,-0.1,False,False,False,False,False,False,False,False,False,0.0,33.75,22.5
SBGSY.US,SBGSY.US,50.0,0.7,-0.4222222222222222,56.111111111111114,-21.11111111111111,0.0,1.0,36.666666666666664,33.333333333333336,0.0,33.333333333333336,0.0,58.888888888888886,48.888888888888886,75,1,53.75,59.861111111111114,51.111111111111114,36,80,72.52083333333334,0.7,-0.4222222222222222,False,False,False,False,False,False,False,False,False,0.0,53.75,56.111111111111114
SBUX.US,SBUX.US,50.0,-1.0,-0.9555555555555556,-2.2222222222222223,-47.77777777777778,1.0,0.0,30.0,33.333333333333336,33.333333333333336,33.333333333333336,33.333333333333336,50.0,35.0,75,1,68.75,68.75,75.0,36,80,24.020833333333332,-1.0,-0.9555555555555556,False,False,False,False,False,False,True,False,True,1.0,68.75,-2.2222222222222223
SCCO.US,SCCO.US,50.0,-0.9666666666666667,-0.38888888888888884,-28.88888888888889,-19.444444444444443,1.0,0.0,50.0,33.333333333333336,33.333333333333336,33.333333333333336,33.333333333333336,50.0,44.444444444444436,75,1,68.75,68.75,65.55555555555557,36,80,28.770833333333332,-0.9666666666666667,-0.38888888888888884,False,False,False,False,False,False,False,False,False,1.0,68.75,-28.88888888888889
SCHW.US,SCHW.US,50.0,-0.9,-0.06666666666666671,-41.666666666666664,-3.3333333333333357,1.0,0.0,56.666666666666664,0.0,33.333333333333336,0.0,33.333333333333336,54.444444444444436,49.444444444444436,75,0,48.75,64.30555555555557,60.555555555555564,36,80,34.60416666666667,-0.9,-0.06666666666666671,False,False,False,False,False,False,False,False,False,1.0,48.75,-41.666666666666664
SHEL.US,SHEL.US,50.0,0.0,0.46666666666666656,-23.33333333333333,23.33333333333333,0.0,0.0,63.333333333333336,0.0,0.0,0.0,0.0,63.333333333333336,63.333333333333336,55,0,24.75,50.416666666666664,36.666666666666664,36,80,66.45416666666668,0.0,0.46666666666666656,False,False,False,False,False,False,False,False,False,0.0,24.75,-23.33333333333333
SIEGY.US,SIEGY.US,50.0,0.0,-0.1,5.0,-5.0,0.0,0.0,43.333333333333336,0.0,0.0,0.0,0.0,63.333333333333336,53.888888888888886,75,0,33.75,55.416666666666664,46.111111111111114,36,80,61.10416666666667,0.0,-0.1,False,False,False,False,False,False,False,False,False,0.0,33.75,5.0
SLB.US,SLB.US,50.0,0.0,-0.4222222222222222,21.11111111111111,-21.11111111111111,0.0,0.0,36.666666666666664,33.333333333333336,0.0,33.333333333333336,0.0,58.888888888888886,48.888888888888886,75,1,53.75,59.861111111111114,51.111111111111114,36,80,56.77083333333333,0.0,-0.4222222222222222,False,False,False,False,False,False,False,False,False,0.0,53.75,21.11111111111111
SMFG.US,SMFG.US,50.0,0.0,-0.9555555555555556,47.77777777777778,-47.77777777777778,0.0,0.0,30.0,33.333333333333336,33.333333333333336,33.333333333333336,33.333333333333336,50.0,35.0,75,1,53.75,68.75,65.0,36,80,48.77083333333333,0.0,-0.9555555555555556,False,False,False,False,False,False,True,False,True,0.0,53.75,47.77777777777778
SNY.US,SNY.US,50.0,0.0,-0.38888888888888884,19.444444444444443,-19.444444444444443,0.0,0.0,50.0,33.333333333333336,33.333333333333336,33.333333333333336,33.333333333333336,50.0,44.444444444444436,75,1,53.75,68.75,55.555555555555564,36,80,52.77083333333333,0.0,-0.38888888888888884,False,False,False,False,False,False,False,False,False,0.0,53.75,19.444444444444443
SO.US,SO.US,50.0,0.0,-0.06666666666666671,3.3333333333333357,-3.3333333333333357,0.0,0.0,56.666666666666664,0.0,33.333333333333336,0.0,33.333333333333336,54.444444444444436,49.444444444444436,75,0,33.75,64.30555555555557,50.555555555555564,36,80,57.10416666666667,0.0,-0.06666666666666671,False,False,False,False,False,False,False,False,False,0.0,33.75,3.3333333333333357
SPG.US,SPG.US,50.0,0.0,0.46666666666666656,-23.33333333333333,23.33333333333333,0.0,0.0,63.333333333333336,0.0,0.0,0.0,0.0,63.333333333333336,63.333333333333336,55,0,24.75,50.416666666666664,36.666666666666664,36,80,66.45416666666668,0.0,0.46666666666666656,False,False,False,False,False,False,False,False,False,0.0,24.75,-23.33333333333333
SRE.US,SRE.US,50.0,0.0,-0.1,5.0,-5.0,0.0,0.0,43.333333333333336,0.0,0.0,0.0,0.0,63.333333333333336,53.888888888888886,75,0,33.75,55.416666666666664,46.111111111111114,36,80,61.10416666666667,0.0,-0.1,False,False,False,False,False,False,False,False,False,0.0,33.75,5.0
STT.US,STT.US,50.0,0.0,-0.4222222222222222,21.11111111111111,-21.11111111111111,0.0,0.0,36.666666666666664,33.333333333333336,0.0,33.333333333333336,0.0,58.888888888888886,48.888888888888886,75,1,53.75,59.861111111111114,51.111111111111114,36,80,56.77083333333333,0.0,-0.4222222222222222,False,False,False,False,False,False,False,False,False,0.0,53.75,21.11111111111111
SU.US,SU.US,50.0,0.0,-0.9555555555555556,47.77777777777778,-47.77777777777778,0.0,0.0,30.0,33.333333333333336,33.333333333333336,33.333333333333336,33.333333333333336,50.0,35.0,75,1,53.75,68.75,65.0,36,80,48.77083333333333,0.0,-0.9555555555555556,False,False,False,False,False,False,True,False,True,0.0,53.75,47.77777777777778
SYK.US,SYK.US,50.0,0.0,-0.38888888888888884,19.444444444444443,-19.444444444444443,0.0,0.0,50.0,33.333333333333336,33.333333333333336,33.333333333333336,33.333333333333336,50.0,44.444444444444436,75,1,53.75,68.75,55.555555555555564,36,80,52.77083333333333,0.0,-0.38888888888888884,False,False,False,False,False,False,False,False,False,0.0,53.75,19.444444444444443
SYY.US,SYY.US,50.0,0.0,-0.06666666666666671,3.3333333333333357,-3.3333333333333357,0.0,0.0,56.666666666666664,0.0,33.333333333333336,0.0,33.333333333333336,54.444444444444436,49.444444444444436,75,0,33.75,64.30555555555557,50.555555555555564,36,80,57.10416666666667,0.0,-0.06666666666666671,False,False,False,False,False,False,False,False,False,0.0,33.75,3.3333333333333357
T.US,T.US,50.0,0.0,0.35,-17.5,17.5,0.0,0.0,70.0,0.0,0.0,0.0,0.0,56.666666666666664,56.666666666666664,55,0,24.75,57.083333333333336,43.333333333333336,36,80,67.7875,0.0,0.35,False,False,False,False,False,False,False,False,False,0.0,24.75,-17.5
TCEHY.US,TCEHY.US,50.0,0.0,0.35,-17.5,17.5,0.0,0.0,50.0,0.0,0.0,0.0,0.0,70.0,63.33333333333333,75,0,33.75,48.75,36.66666666666667,36,80,62.4375,0.0,0.35,False,False,False,False,False,False,False,False,False,0.0,33.75,-17.5
TD.US,TD.US,1.666666666666667,-0.9666666666666667,-0.4222222222222222,-27.22222222222222,-21.11111111111111,1.0,0.0,36.666666666666664,33.333333333333336,0.0,33.333333333333336,0.0,58.888888888888886,48.888888888888886,75,1,68.75,59.861111111111114,61.111111111111114,36,80,32.770833333333336,-0.9666666666666667,-0.4222222222222222,False,False,False,False,False,False,False,False,False,1.0,68.75,-27.22222222222222
TEL.US,TEL.US,5.0,-0.9,-0.9555555555555556,2.7777777777777777,-47.77777777777778,1.0,0.0,30.0,33.333333333333336,33.333333333333336,33.333333333333336,33.333333333333336,50.0,35.0,75,1,68.75,68.75,75.0,36,80,26.270833333333332,-0.9,-0.9555555555555556,False,False,False,False,False,False,True,False,True,1.0,68.75,2.7777777777777777
TFC.US,TFC.US,50.0,0.7,-0.13333333333333328,41.666666666666664,-6.666666666666664,0.0,1.0,60.0,50.0,0.0,50.0,0.0,50.0,49.166666666666664,75,1,53.75,68.75,50.833333333333336,36,80,77.1875,0.7,-0.13333333333333328,False,False,False,False,False,False,False,False,False,0.0,53.75,41.666666666666664
TGT.US,TGT.US,85.0,0.35,-0.06666666666666671,20.833333333333336,-3.3333333333333357,0.0,1.0,56.666666666666664,0.0,33.333333333333336,0.0,33.333333333333336,54.444444444444436,49.444444444444436,75,0,33.75,64.30555555555557,50.555555555555564,36,80,64.97916666666667,0.35,-0.06666666666666671,False,False,False,False,False,False,False,False,False,0.0,33.75,20.833333333333336
TJX.US,TJX.US,50.0,0.35,0.46666666666666656,-5.833333333333329,23.33333333333333,0.0,1.0,63.333333333333336,0.0,0.0,0.0,0.0,63.333333333333336,63.333333333333336,55,0,24.75,50.416666666666664,36.666666666666664,36,80,74.32916666666668,0.35,0.46666666666666656,False,False,False,False,False,False,False,False,False,0.0,24.75,-5.833333333333329
TM.US,TM.US,85.0,-0.15,-0.1,-2.5,-5.0,1.0,1.0,43.333333333333336,0.0,0.0,0.0,0.0,63.333333333333336,53.888888888888886,75,0,48.75,55.416666666666664,56.111111111111114,36,80,55.47916666666667,-0.15,-0.1,False,False,False,False,False,False,False,False,False,1.0,48.75,-2.5
TMUS.US,TMUS.US,50.0,-0.9833333333333333,-0.9833333333333333,0.0,-49.166666666666664,2.0,0.0,30.0,50.0,0.0,50.0,0.0,50.0,35.0,75,1,83.75,68.75,85.0,36,80,28.8125,-0.9833333333333333,-0.9833333333333333,False,False,False,False,False,False,True,False,True,2.0,83.75,0.0
TOELY.US,TOELY.US,0.0,-0.9555555555555556,-0.9555555555555556,0.0,-47.77777777777778,3.0,0.0,30.0,33.333333333333336,33.333333333333336,33.333333333333336,33.333333333333336,50.0,35.0,75,1,98.75,68.75,95.0,36,80,20.520833333333332,-0.9555555555555556,-0.9555555555555556,False,False,False,False,False,True,True,False,True,3.0,98.75,0.0
TPR.US,TPR.US,1.666666666666667,-0.38888888888888884,-0.38888888888888884,0.0,-19.444444444444443,2.0,1.0,50.0,33.333333333333336,33.333333333333336,33.333333333333336,33.333333333333336,50.0,44.444444444444436,75,1,83.75,68.75,75.55555555555557,36,80,39.52083333333333,-0.38888888888888884,-0.38888888888888884,False,False,False,False,False,False,False,False,False,2.0,83.75,0.0
TRGP.US,TRGP.US,5.0,-0.06666666666666671,-0.06666666666666671,0.0,-3.3333333333333357,1.0,1.0,56.666666666666664,0.0,33.333333333333336,0.0,33.333333333333336,54.444444444444436,49.444444444444436,75,0,48.75,64.30555555555557,60.555555555555564,36,80,53.35416666666667,-0.06666666666666671,-0.06666666666666671,False,False,False,False,False,False,False,False,False,1.0,48.75,0.0
TRI.US,TRI.US,50.0,0.35,0.46666666666666656,-5.833333333333329,23.33333333333333,0.0,1.0,63.333333333333336,0.0,0.0,0.0,0.0,63.333333333333336,63.333333333333336,55,0,24.75,50.416666666666664,36.666666666666664,36,80,74.32916666666668,0.35,0.46666666666666656,False,False,False,False,False,False,False,False,False,0.0,24.75,-5.833333333333329
TRP.US,TRP.US,50.0,0.35,-0.1,22.5,-5.0,0.0,1.0,43.333333333333336,0.0,0.0,0.0,0.0,63.333333333333336,53.888888888888886,75,0,33.75,55.416666666666664,46.111111111111114,36,80,68.97916666666667,0.35,-0.1,False,False,False,False,False,False,False,False,False,0.0,33.75,22.5
TRV.US,TRV.US,50.0,-0.15,-0.4222222222222222,13.61111111111111,-21.11111111111111,1.0,1.0,36.666666666666664,33.333333333333336,0.0,33.333333333333336,0.0,58.888888888888886,48.888888888888886,75,1,68.75,59.861111111111114,61.111111111111114,36,80,51.14583333333333,-0.15,-0.4222222222222222,False,False,False,False,False,False,False,False,False,1.0,68.75,13.61111111111111
TTE.US,TTE.US,50.0,-0.9833333333333333,-0.9555555555555556,-1.3888888888888888,-47.77777777777778,2.0,0.0,30.0,33.333333333333336,33.333333333333336,33.333333333333336,33.333333333333336,50.0,35.0,75,1,83.75,68.75,85.0,36,80,22.145833333333332,-0.9833333333333333,-0.9555555555555556,False,False,False,False,False,False,True,False,True,2.0,83.75,-1.3888888888888888
TXN.US,TXN.US,50.0,-0.9666666666666667,-0.38888888888888884,-28.88888888888889,-19.444444444444443,1.0,0.0,50.0,33.333333333333336,33.333333333333336,33.333333333333336,33.333333333333336,50.0,44.444444444444436,75,1,68.75,68.75,65.55555555555557,36,80,28.770833333333332,-0.9666666666666667,-0.38888888888888884,False,False,False,False,False,False,False,False,False,1.0,68.75,-28.88888888888889
UBS.US,UBS.US,50.0,-0.9,-0.06666666666666671,-41.666666666666664,-3.3333333333333357,1.0,0.0,56.666666666666664,0.0,33.333333333333336,0.0,33.333333333333336,54.444444444444436,49.444444444444436,75,0,48.75,64.30555555555557,60.555555555555564,36,80,34.60416666666667,-0.9,-0.06666666666666671,False,False,False,False,False,False,False,False,False,1.0,48.75,-41.666666666666664
UL.US,UL.US,50.0,0.7,0.46666666666666656,11.666666666666671,23.33333333333333,0.0,1.0,63.333333333333336,0.0,0.0,0.0,0.0,63.333333333333336,63.333333333333336,55,0,24.75,50.416666666666664,36.666666666666664,36,80,82.20416666666668,0.7,0.46666666666666656,False,False,False,False,False,False,False,False,False,0.0,24.75,11.666666666666671
UMC.US,UMC.US,50.0,0.0,-0.1,5.0,-5.0,0.0,0.0,43.333333333333336,0.0,0.0,0.0,0.0,63.333333333333336,53.888888888888886,75,0,33.75,55.416666666666664,46.111111111111114,36,80,61.10416666666667,0.0,-0.1,False,False,False,False,False,False,False,False,False,0.0,33.75,5.0
UNH.US,UNH.US,50.0,0.0,-0.4222222222222222,21.11111111111111,-21.11111111111111,0.0,0.0,36.666666666666664,33.333333333333336,0.0,33.333333333333336,0.0,58.888888888888886,48.888888888888886,75,1,53.75,59.861111111111114,51.111111111111114,36,80,56.77083333333333,0.0,-0.4222222222222222,False,False,False,False,False,False,False,False,False,0.0,53.75,21.11111111111111
UNP.US,UNP.US,50.0,0.0,-0.9555555555555556,47.77777777777778,-47.77777777777778,0.0,0.0,30.0,33.333333333333336,33.333333333333336,33.333333333333336,33.333333333333336,50.0,35.0,75,1,53.75,68.75,65.0,36,80,48.77083333333333,0.0,-0.9555555555555556,False,False,False,False,False,False,True,False,True,0.0,53.75,47.77777777777778
UPS.US,UPS.US,50.0,0.0,-0.38888888888888884,19.444444444444443,-19.444444444444443,0.0,0.0,50.0,33.333333333333336,33.333333333333336,33.333333333333336,33.333333333333336,50.0,44.444444444444436,75,1,53.75,68.75,55.555555555555564,36,80,52.77083333333333,0.0,-0.38888888888888884,False,False,False,False,False,False,False,False,False,0.0,53.75,19.444444444444443
USB.US,USB.US,50.0,0.0,-0.06666666666666671,3.3333333333333357,-3.3333333333333357,0.0,0.0,56.666666666666664,0.0,33.333333333333336,0.0,33.333333333333336,54.444444444444436,49.444444444444436,75,0,33.75,64.30555555555557,50.555555555555564,36,80,57.10416666666667,0.0,-0.06666666666666671,False,False,False,False,False,False,False,False,False,0.0,33.75,3.3333333333333357
VALE.US,VALE.US,50.0,0.0,0.46666666666666656,-23.33333333333333,23.33333333333333,0.0,0.0,63.333333333333336,0.0,0.0,0.0,0.0,63.333333333333336,63.333333333333336,55,0,24.75,50.416666666666664,36.666666666666664,36,80,66.45416666666668,0.0,0.46666666666666656,False,False,False,False,False,False,False,False,False,0.0,24.75,-23.33333333333333
VLO.US,VLO.US,50.0,0.0,-0.1,5.0,-5.0,0.0,0.0,43.333333333333336,0.0,0.0,0.0,0.0,63.333333333333336,53.888888888888886,75,0,33.75,55.416666666666664,46.111111111111114,36,80,61.10416666666667,0.0,-0.1,False,False,False,False,False,False,False,False,False,0.0,33.75,5.0
VTR.US,VTR.US,50.0,0.0,-0.4222222222222222,21.11111111111111,-21.11111111111111,0.0,0.0,36.666666666666664,33.333333333333336,0.0,33.333333333333336,0.0,58.888888888888886,48.888888888888886,75,1,53.75,59.861111111111114,51.111111111111114,36,80,56.77083333333333,0.0,-0.4222222222222222,False,False,False,False,False,False,False,False,False,0.0,53.75,21.11111111111111
VZ.US,VZ.US,50.0,0.0,-0.9555555555555556,47.77777777777778,-47.77777777777778,0.0,0.0,30.0,33.333333333333336,33.333333333333336,33.333333333333336,33.333333333333336,50.0,35.0,75,1,53.75,68.75,65.0,36,80,48.77083333333333,0.0,-0.9555555555555556,False,False,False,False,False,False,True,False,True,0.0,53.75,47.77777777777778
WELL.US,WELL.US,50.0,0.0,-0.38888888888888884,19.444444444444443,-19.444444444444443,0.0,0.0,50.0,33.333333333333336,33.333333333333336,33.333333333333336,33.333333333333336,50.0,44.444444444444436,75,1,53.75,68.75,55.555555555555564,36,80,52.77083333333333,0.0,-0.38888888888888884,False,False,False,False,False,False,False,False,False,0.0,53.75,19.444444444444443
WFC.US,WFC.US,50.0,0.0,-0.06666666666666671,3.3333333333333357,-3.3333333333333357,0.0,0.0,56.666666666666664,0.0,33.333333333333336,0.0,33.333333333333336,54.444444444444436,49.444444444444436,75,0,33.75,64.30555555555557,50.555555555555564,36,80,57.10416666666667,0.0,-0.06666666666666671,False,False,False,False,False,False,False,False,False,0.0,33.75,3.3333333333333357
WM.US,WM.US,50.0,0.0,0.46666666666666656,-23.33333333333333,23.33333333333333,0.0,0.0,63.333333333333336,0.0,0.0,0.0,0.0,63.333333333333336,63.333333333333336,55,0,24.75,50.416666666666664,36.666666666666664,36,80,66.45416666666668,0.0,0.46666666666666656,False,False,False,False,False,False,False,False,False,0.0,24.75,-23.33333333333333
WMB.US,WMB.US,50.0,0.0,-0.1,5.0,-5.0,0.0,0.0,43.333333333333336,0.0,0.0,0.0,0.0,63.333333333333336,53.888888888888886,75,0,33.75,55.416666666666664,46.111111111111114,36,80,61.10416666666667,0.0,-0.1,False,False,False,False,False,False,False,False,False,0.0,33.75,5.0
XEL.US,XEL.US,50.0,0.0,-0.15,7.5,-7.5,0.0,0.0,40.0,0.0,0.0,0.0,0.0,63.33333333333333,55.83333333333333,75,1,53.75,55.41666666666667,44.16666666666667,36,80,57.4375,0.0,-0.15,False,False,False,False,False,False,False,False,False,0.0,53.75,7.5
XOM.US,XOM.US,5.0,-0.9,-0.9555555555555556,2.7777777777777777,-47.77777777777778,1.0,0.0,30.0,33.333333333333336,33.333333333333336,33.333333333333336,33.333333333333336,50.0,35.0,75,1,68.75,68.75,75.0,36,80,26.270833333333332,-0.9,-0.9555555555555556,False,False,False,False,False,False,True,False,True,1.0,68.75,2.7777777777777777
YUM.US,YUM.US,85.0,0.7,-0.38888888888888884,54.44444444444444,-19.444444444444443,0.0,1.0,50.0,33.333333333333336,33.333333333333336,33.333333333333336,33.333333333333336,50.0,44.444444444444436,75,1,53.75,68.75,55.555555555555564,36,80,68.52083333333333,0.7,-0.38888888888888884,False,False,False,False,False,False,False,False,False,0.0,53.75,54.44444444444444
ZTS.US,ZTS.US,50.0,0.0,-0.06666666666666671,3.3333333333333357,-3.3333333333333357,0.0,0.0,56.666666666666664,0.0,33.333333333333336,0.0,33.333333333333336,54.444444444444436,49.444444444444436,75,0,33.75,64.30555555555557,50.555555555555564,36,80,57.10416666666667,0.0,-0.06666666666666671,False,False,False,False,False,False,False,False,False,0.0,33.75,3.3333333333333357
UNCRY.US,UNCRY.US,50.0,-0.9666666666666667,-0.38888888888888884,-28.88888888888889,-19.444444444444443,1.0,0.0,50.0,33.333333333333336,33.333333333333336,33.333333333333336,33.333333333333336,50.0,44.444444444444436,75,1,68.75,68.75,65.55555555555557,36,80,28.770833333333332,-0.9666666666666667,-0.38888888888888884,False,False,False,False,False,False,False,False,False,1.0,68.75,-28.88888888888889
CARR.US,CARR.US,1.666666666666667,-0.9333333333333332,-0.9333333333333332,0.0,-46.666666666666664,2.0,0.0,30.0,50.0,50.0,50.0,50.0,50.0,35.0,75,1,83.75,68.75,85.0,36,80,19.9375,-0.9333333333333332,-0.9333333333333332,False,False,False,False,False,False,True,False,True,2.0,83.75,0.0
BAM.US,BAM.US,50.0,-0.15,-0.15,0.0,-7.5,1.0,1.0,40.0,0.0,0.0,0.0,0.0,63.33333333333333,55.83333333333333,75,0,48.75,55.41666666666667,54.16666666666667,36,80,54.8125,-0.15,-0.15,False,False,False,False,False,False,False,False,False,1.0,48.75,0.0
KVUE.US,KVUE.US,50.0,-1.0,-0.9555555555555556,-2.2222222222222223,-47.77777777777778,1.0,0.0,30.0,33.333333333333336,33.333333333333336,33.333333333333336,33.333333333333336,50.0,35.0,75,1,68.75,68.75,75.0,36,80,24.020833333333332,-1.0,-0.9555555555555556,False,False,False,False,False,False,True,False,True,1.0,68.75,-2.2222222222222223
0384.HK,0384.HK,50.0,0.0,-0.1,5.0,-5.0,0.0,0.0,43.333333333333336,0.0,0.0,0.0,0.0,63.333333333333336,53.888888888888886,75,0,33.75,55.416666666666664,46.111111111111114,36,80,61.10416666666667,0.0,-0.1,False,False,False,False,False,False,False,False,False,0.0,33.75,5.0
0386.HK,0386.HK,50.0,0.0,-0.4222222222222222,21.11111111111111,-21.11111111111111,0.0,0.0,36.666666666666664,33.333333333333336,0.0,33.333333333333336,0.0,58.888888888888886,48.888888888888886,75,1,53.75,59.861111111111114,51.111111111111114,36,80,56.77083333333333,0.0,-0.4222222222222222,False,False,False,False,False,False,False,False,False,0.0,53.75,21.11111111111111
0388.HK,0388.HK,50.0,0.0,-0.9555555555555556,47.77777777777778,-47.77777777777778,0.0,0.0,30.0,33.333333333333336,33.333333333333336,33.333333333333336,33.333333333333336,50.0,35.0,75,1,53.75,68.75,65.0,36,80,48.77083333333333,0.0,-0.9555555555555556,False,False,False,False,False,False,True,False,True,0.0,53.75,47.77777777777778
0390.HK,0390.HK,50.0,0.0,-0.38888888888888884,19.444444444444443,-19.444444444444443,0.0,0.0,50.0,33.333333333333336,33.333333333333336,33.333333333333336,33.333333333333336,50.0,44.444444444444436,75,1,53.75,68.75,55.555555555555564,36,80,52.77083333333333,0.0,-0.38888888888888884,False,False,False,False,False,False,False,False,False,0.0,53.75,19.444444444444443
0392.HK,0392.HK,50.0,0.0,-0.06666666666666671,3.3333333333333357,-3.3333333333333357,0.0,0.0,56.666666666666664,0.0,33.333333333333336,0.0,33.333333333333336,54.444444444444436,49.444444444444436,75,0,33.75,64.30555555555557,50.555555555555564,36,80,57.10416666666667,0.0,-0.06666666666666671,False,False,False,False,False,False,False,False,False,0.0,33.75,3.3333333333333357
0425.HK,0425.HK,50.0,0.0,0.46666666666666656,-23.33333333333333,23.33333333333333,0.0,0.0,63.333333333333336,0.0,0.0,0.0,0.0,63.333333333333336,63.333333333333336,55,0,24.75,50.416666666666664,36.666666666666664,36,80,66.45416666666668,0.0,0.46666666666666656,False,False,False,False,False,False,False,False,False,0.0,24.75,-23.33333333333333
0522.HK,0522.HK,50.0,0.0,-0.1,5.0,-5.0,0.0,0.0,43.333333333333336,0.0,0.0,0.0,0.0,63.333333333333336,53.888888888888886,75,0,33.75,55.416666666666664,46.111111111111114,36,80,61.10416666666667,0.0,-0.1,False,False,False,False,False,False,False,False,False,0.0,33.75,5.0
0551.HK,0551.HK,50.0,0.0,-0.4222222222222222,21.11111111111111,-21.11111111111111,0.0,0.0,36.666666666666664,33.333333333333336,0.0,33.333333333333336,0.0,58.888888888888886,48.888888888888886,75,1,53.75,59.861111111111114,51.111111111111114,36,80,56.77083333333333,0.0,-0.4222222222222222,False,False,False,False,False,False,False,False,False,0.0,53.75,21.11111111111111
0552.HK,0552.HK,50.0,0.0,-0.9555555555555556,47.77777777777778,-47.77777777777778,0.0,0.0,30.0,33.333333333333336,33.333333333333336,33.333333333333336,33.333333333333336,50.0,35.0,75,1,53.75,68.75,65.0,36,80,48.77083333333333,0.0,-0.9555555555555556,False,False,False,False,False,False,True,False,True,0.0,53.75,47.77777777777778
0564.HK,0564.HK,50.0,0.0,-0.38888888888888884,19.444444444444443,-19.444444444444443,0.0,0.0,50.0,33.333333333333336,33.333333333333336,33.333333333333336,33.333333333333336,50.0,44.444444444444436,75,1,53.75,68.75,55.555555555555564,36,80,52.77083333333333,0.0,-0.38888888888888884,False,False,False,False,False,False,False,False,False,0.0,53.75,19.444444444444443
0576.HK,0576.HK,50.0,0.0,-0.06666666666666671,3.3333333333333357,-3.3333333333333357,0.0,0.0,56.666666666666664,0.0,33.333333333333336,0.0,33.333333333333336,54.444444444444436,49.444444444444436,75,0,33.75,64.30555555555557,50.555555555555564,36,80,57.10416666666667,0.0,-0.06666666666666671,False,False,False,False,False,False,False,False,False,0.0,33.75,3.3333333333333357
0586.HK,0586.HK,50.0,0.0,0.46666666666666656,-23.33333333333333,23.33333333333333,0.0,0.0,63.333333333333336,0.0,0.0,0.0,0.0,63.333333333333336,63.333333333333336,55,0,24.75,50.416666666666664,36.666666666666664,36,80,66.45416666666668,0.0,0.46666666666666656,False,False,False,False,False,False,False,False,False,0.0,24.75,-23.33333333333333
0598.HK,0598.HK,50.0,0.0,-0.1,5.0,-5.0,0.0,0.0,43.333333333333336,0.0,0.0,0.0,0.0,63.333333333333336,53.888888888888886,75,0,33.75,55.416666666666664,46.111111111111114,36,80,61.10416666666667,0.0,-0.1,False,False,False,False,False,False,False,False,False,0.0,33.75,5.0
0631.HK,0631.HK,50.0,0.0,-0.4222222222222222,21.11111111111111,-21.11111111111111,0.0,0.0,36.666666666666664,33.333333333333336,0.0,33.333333333333336,0.0,58.888888888888886,48.888888888888886,75,1,53.75,59.861111111111114,51.111111111111114,36,80,56.77083333333333,0.0,-0.4222222222222222,False,False,False,False,False,False,False,False,False,0.0,53.75,21.11111111111111
0669.HK,0669.HK,50.0,0.0,-0.9833333333333333,49.166666666666664,-49.166666666666664,0.0,0.0,30.0,50.0,0.0,50.0,0.0,50.0,35.0,75,1,53.75,68.75,65.0,36,80,55.4375,0.0,-0.9833333333333333,False,False,False,False,False,False,True,False,True,0.0,53.75,49.166666666666664
0683.HK,0683.HK,85.0,0.7,-0.38888888888888884,54.44444444444444,-19.444444444444443,0.0,1.0,50.0,33.333333333333336,33.333333333333336,33.333333333333336,33.333333333333336,50.0,44.444444444444436,75,1,53.75,68.75,55.555555555555564,36,80,68.52083333333333,0.7,-0.38888888888888884,False,False,False,False,False,False,False,False,False,0.0,53.75,54.44444444444444
0688.HK,0688.HK,50.0,0.0,-0.06666666666666671,3.3333333333333357,-3.3333333333333357,0.0,0.0,56.666666666666664,0.0,33.333333333333336,0.0,33.333333333333336,54.444444444444436,49.444444444444436,75,0,33.75,64.30555555555557,50.555555555555564,36,80,57.10416666666667,0.0,-0.06666666666666671,False,False,False,False,False,False,False,False,False,0.0,33.75,3.3333333333333357
0696.HK,0696.HK,85.0,0.7,0.7,0.0,35.0,0.0,1.0,70.0,0.0,0.0,0.0,0.0,63.33333333333333,70.0,55,0,24.75,50.41666666666667,30.0,36,80,83.5375,0.7,0.7,False,False,False,False,False,False,False,False,False,0.0,24.75,0.0
0697.HK,0697.HK,50.0,-1.0,-0.5,-25.0,-25.0,1.0,0.0,40.0,0.0,0.0,0.0,0.0,56.666666666666664,42.5,75,0,48.75,62.083333333333336,67.5,36,80,35.6875,-1.0,-0.5,False,False,False,False,False,False,False,False,False,1.0,48.75,-25.0
0700.HK,0700.HK,0.0,-0.9833333333333333,-0.4222222222222222,-28.055555555555557,-21.11111111111111,2.0,0.0,36.666666666666664,33.333333333333336,0.0,33.333333333333336,0.0,58.888888888888886,48.888888888888886,75,1,83.75,59.861111111111114,71.11111111111111,36,80,30.145833333333332,-0.9833333333333333,-0.4222222222222222,False,False,False,False,False,False,False,False,False,2.0,83.75,-28.055555555555557
0728.HK,0728.HK,1.666666666666667,-0.9333333333333332,-0.9555555555555556,1.1111111111111112,-47.77777777777778,2.0,0.0,30.0,33.333333333333336,33.333333333333336,33.333333333333336,33.333333333333336,50.0,35.0,75,1,83.75,68.75,85.0,36,80,23.270833333333332,-0.9333333333333332,-0.9555555555555556,False,False,False,False,False,False,True,False,True,2.0,83.75,1.1111111111111112
0762.HK,0762.HK,50.0,-0.1,-0.1,0.0,-5.0,1.0,1.0,60.0,0.0,50.0,0.0,50.0,50.0,49.166666666666664,75,1,68.75,68.75,60.833333333333336,36,80,46.9375,-0.1,-0.1,False,False,False,False,False,False,False,False,False,1.0,68.75,0.0
0763.HK,0763.HK,5.0,-0.06666666666666671,-0.06666666666666671,0.0,-3.3333333333333357,1.0,1.0,56.666666666666664,0.0,33.333333333333336,0.0,33.333333333333336,54.444444444444436,49.444444444444436,75,0,48.75,64.30555555555557,60.555555555555564,36,80,53.35416666666667,-0.06666666666666671,-0.06666666666666671,False,False,False,False,False,False,False,False,False,1.0,48.75,0.0
0817.HK,0817.HK,85.0,0.46666666666666656,0.46666666666666656,0.0,23.33333333333333,0.0,2.0,63.333333333333336,0.0,0.0,0.0,0.0,63.333333333333336,63.333333333333336,55,0,24.75,50.416666666666664,36.666666666666664,36,80,76.95416666666668,0.46666666666666656,0.46666666666666656,False,False,False,False,False,False,False,False,False,0.0,24.75,0.0
0823.HK,0823.HK,50.0,-0.1,-0.1,0.0,-5.0,1.0,1.0,43.333333333333336,0.0,0.0,0.0,0.0,63.333333333333336,53.888888888888886,75,0,48.75,55.416666666666664,56.111111111111114,36,80,56.60416666666667,-0.1,-0.1,False,False,False,False,False,False,False,False,False,1.0,48.75,0.0
0836.HK,0836.HK,50.0,-0.15,-0.4222222222222222,13.61111111111111,-21.11111111111111,1.0,1.0,36.666666666666664,33.333333333333336,0.0,33.333333333333336,0.0,58.888888888888886,48.888888888888886,75,1,68.75,59.861111111111114,61.111111111111114,36,80,51.14583333333333,-0.15,-0.4222222222222222,False,False,False,False,False,False,False,False,False,1.0,68.75,13.61111111111111
0857.HK,0857.HK,50.0,-0.9833333333333333,-0.9555555555555556,-1.3888888888888888,-47.77777777777778,2.0,0.0,30.0,33.333333333333336,33.333333333333336,33.333333333333336,33.333333333333336,50.0,35.0,75,1,83.75,68.75,85.0,36,80,22.145833333333332,-0.9833333333333333,-0.9555555555555556,False,False,False,False,False,False,True,False,True,2.0,83.75,-1.3888888888888888
0867.HK,0867.HK,50.0,-0.9333333333333332,-0.38888888888888884,-27.222222222222225,-19.444444444444443,2.0,0.0,50.0,33.333333333333336,33.333333333333336,33.333333333333336,33.333333333333336,50.0,44.444444444444436,75,1,83.75,68.75,75.55555555555557,36,80,27.270833333333332,-0.9333333333333332,-0.38888888888888884,False,False,False,False,False,False,False,False,False,2.0,83.75,-27.222222222222225
0868.HK,0868.HK,50.0,-0.1,-0.06666666666666671,-1.6666666666666643,-3.3333333333333357,1.0,1.0,56.666666666666664,0.0,33.333333333333336,0.0,33.333333333333336,54.444444444444436,49.444444444444436,75,0,48.75,64.30555555555557,60.555555555555564,36,80,52.60416666666667,-0.1,-0.06666666666666671,False,False,False,False,False,False,False,False,False,1.0,48.75,-1.6666666666666643
0883.HK,0883.HK,50.0,0.7,0.46666666666666656,11.666666666666671,23.33333333333333,0.0,1.0,63.333333333333336,0.0,0.0,0.0,0.0,63.333333333333336,63.333333333333336,55,0,24.75,50.416666666666664,36.666666666666664,36,80,82.20416666666668,0.7,0.46666666666666656,False,False,False,False,False,False,False,False,False,0.0,24.75,11.666666666666671
0902.HK,0902.HK,50.0,0.0,-0.1,5.0,-5.0,0.0,0.0,43.333333333333336,0.0,0.0,0.0,0.0,63.333333333333336,53.888888888888886,75,0,33.75,55.416666666666664,46.111111111111114,36,80,61.10416666666667,0.0,-0.1,False,False,False,False,False,False,False,False,False,0.0,33.75,5.0
0914.HK,0914.HK,50.0,0.7,-0.4222222222222222,56.111111111111114,-21.11111111111111,0.0,1.0,36.666666666666664,33.333333333333336,0.0,33.333333333333336,0.0,58.888888888888886,48.888888888888886,75,1,53.75,59.861111111111114,51.111111111111114,36,80,72.52083333333334,0.7,-0.4222222222222222,False,False,False,False,False,False,False,False,False,0.0,53.75,56.111111111111114
0916.HK,0916.HK,50.0,-1.0,-0.9555555555555556,-2.2222222222222223,-47.77777777777778,1.0,0.0,30.0,33.333333333333336,33.333333333333336,33.333333333333336,33.333333333333336,50.0,35.0,75,1,68.75,68.75,75.0,36,80,24.020833333333332,-1.0,-0.9555555555555556,False,False,False,False,False,False,True,False,True,1.0,68.75,-2.2222222222222223
0921.HK,0921.HK,50.0,0.0,-0.38888888888888884,19.444444444444443,-19.444444444444443,0.0,0.0,50.0,33.333333333333336,33.333333333333336,33.333333333333336,33.333333333333336,50.0,44.444444444444436,75,1,53.75,68.75,55.555555555555564,36,80,52.77083333333333,0.0,-0.38888888888888884,False,False,False,False,False,False,False,False,False,0.0,53.75,19.444444444444443
0939.HK,0939.HK,50.0,0.0,-0.06666666666666671,3.3333333333333357,-3.3333333333333357,0.0,0.0,56.666666666666664,0.0,33.333333333333336,0.0,33.333333333333336,54.444444444444436,49.444444444444436,75,0,33.75,64.30555555555557,50.555555555555564,36,80,57.10416666666667,0.0,-0.06666666666666671,False,False,False,False,False,False,False,False,False,0.0,33.75,3.3333333333333357
0941.HK,0941.HK,50.0,0.0,0.46666666666666656,-23.33333333333333,23.33333333333333,0.0,0.0,63.333333333333336,0.0,0.0,0.0,0.0,63.333333333333336,63.333333333333336,55,0,24.75,50.416666666666664,36.666666666666664,36,80,66.45416666666668,0.0,0.46666666666666656,False,False,False,False,False,False,False,False,False,0.0,24.75,-23.33333333333333
0960.HK,0960.HK,50.0,0.0,-0.1,5.0,-5.0,0.0,0.0,43.333333333333336,0.0,0.0,0.0,0.0,63.333333333333336,53.888888888888886,75,0,33.75,55.416666666666664,46.111111111111114,36,80,61.10416666666667,0.0,-0.1,False,False,False,False,False,False,False,False,False,0.0,33.75,5.0
0966.HK,0966.HK,50.0,0.0,-0.4222222222222222,21.11111111111111,-21.11111111111111,0.0,0.0,36.666666666666664,33.333333333333336,0.0,33.333333333333336,0.0,58.888888888888886,48.888888888888886,75,1,53.75,59.861111111111114,51.111111111111114,36,80,56.77083333333333,0.0,-0.4222222222222222,False,False,False,False,False,False,False,False,False,0.0,53.75,21.11111111111111
0991.HK,0991.HK,50.0,0.0,-0.9555555555555556,47.77777777777778,-47.77777777777778,0.0,0.0,30.0,33.333333333333336,33.333333333333336,33.333333333333336,33.333333333333336,50.0,35.0,75,1,53.75,68.75,65.0,36,80,48.77083333333333,0.0,-0.9555555555555556,False,False,False,False,False,False,True,False,True,0.0,53.75,47.77777777777778
0992.HK,0992.HK,50.0,0.0,-0.38888888888888884,19.444444444444443,-19.444444444444443,0.0,0.0,50.0,33.333333333333336,33.333333333333336,33.333333333333336,33.333333333333336,50.0,44.444444444444436,75,1,53.75,68.75,55.555555555555564,36,80,52.77083333333333,0.0,-0.38888888888888884,False,False,False,False,False,False,False,False,False,0.0,53.75,19.444444444444443
0998.HK,0998.HK,50.0,0.0,-0.06666666666666671,3.3333333333333357,-3.3333333333333357,0.0,0.0,56.666666666666664,0.0,33.333333333333336,0.0,33.333333333333336,54.444444444444436,49.444444444444436,75,0,33.75,64.30555555555557,50.555555555555564,36,80,57.10416666666667,0.0,-0.06666666666666671,False,False,False,False,False,False,False,False,False,0.0,33.75,3.3333333333333357
1038.HK,1038.HK,50.0,0.0,0.46666666666666656,-23.33333333333333,23.33333333333333,0.0,0.0,63.333333333333336,0.0,0.0,0.0,0.0,63.333333333333336,63.333333333333336,55,0,24.75,50.416666666666664,36.666666666666664,36,80,66.45416666666668,0.0,0.46666666666666656,False,False,False,False,False,False,False,False,False,0.0,24.75,-23.33333333333333
1044.HK,1044.HK,50.0,0.0,-0.1,5.0,-5.0,0.0,0.0,43.333333333333336,0.0,0.0,0.0,0.0,63.333333333333336,53.888888888888886,75,0,33.75,55.416666666666664,46.111111111111114,36,80,61.10416666666667,0.0,-0.1,False,False,False,False,False,False,False,False,False,0.0,33.75,5.0
1066.HK,1066.HK,50.0,0.0,-0.4222222222222222,21.11111111111111,-21.11111111111111,0.0,0.0,36.666666666666664,33.333333333333336,0.0,33.333333333333336,0.0,58.888888888888886,48.888888888888886,75,1,53.75,59.861111111111114,51.111111111111114,36,80,56.77083333333333,0.0,-0.4222222222222222,False,False,False,False,False,False,False,False,False,0.0,53.75,21.11111111111111
1070.HK,1070.HK,50.0,0.0,-0.9555555555555556,47.77777777777778,-47.77777777777778,0.0,0.0,30.0,33.333333333333336,33.333333333333336,33.333333333333336,33.333333333333336,50.0,35.0,75,1,53.75,68.75,65.0,36,80,48.77083333333333,0.0,-0.9555555555555556,False,False,False,False,False,False,True,False,True,0.0,53.75,47.77777777777778
1071.HK,1071.HK,50.0,0.0,-0.9333333333333332,46.666666666666664,-46.666666666666664,0.0,0.0,30.0,50.0,50.0,50.0,50.0,50.0,35.0,75,1,53.75,68.75,65.0,36,80,45.4375,0.0,-0.9333333333333332,False,False,False,False,False,False,True,False,True,0.0,53.75,46.666666666666664
1072.HK,1072.HK,50.0,0.0,-0.1,5.0,-5.0,0.0,0.0,60.0,0.0,50.0,0.0,50.0,50.0,49.166666666666664,75,0,33.75,68.75,50.833333333333336,36,80,54.4375,0.0,-0.1,False,False,False,False,False,False,False,False,False,0.0,33.75,5.0
1088.HK,1088.HK,85.0,0.7,0.46666666666666656,11.666666666666671,23.33333333333333,0.0,1.0,63.333333333333336,0.0,0.0,0.0,0.0,63.333333333333336,63.333333333333336,55,0,24.75,50.416666666666664,36.666666666666664,36,80,82.20416666666668,0.7,0.46666666666666656,False,False,False,False,False,False,False,False,False,0.0,24.75,11.666666666666671
1093.HK,1093.HK,0.0,-1.0,-0.1,-45.0,-5.0,1.0,0.0,43.333333333333336,0.0,0.0,0.0,0.0,63.333333333333336,53.888888888888886,75,0,48.75,55.416666666666664,56.111111111111114,36,80,36.35416666666667,-1.0,-0.1,False,False,False,False,False,False,False,False,False,1.0,48.75,-45.0
1099.HK,1099.HK,50.0,-0.9666666666666667,-0.13333333333333328,-41.66666666666667,-6.666666666666664,1.0,0.0,40.0,50.0,0.0,50.0,0.0,63.33333333333333,55.83333333333333,75,1,68.75,55.41666666666667,54.16666666666667,36,80,33.4375,-0.9666666666666667,-0.13333333333333328,False,False,False,False,False,False,False,False,False,1.0,68.75,-41.66666666666667
1109.HK,1109.HK,1.666666666666667,-0.9333333333333332,-0.9555555555555556,1.1111111111111112,-47.77777777777778,2.0,0.0,30.0,33.333333333333336,33.333333333333336,33.333333333333336,33.333333333333336,50.0,35.0,75,1,83.75,68.75,85.0,36,80,23.270833333333332,-0.9333333333333332,-0.9555555555555556,False,False,False,False,False,False,True,False,True,2.0,83.75,1.1111111111111112
1113.HK,1113.HK,5.0,-0.1,-0.38888888888888884,14.444444444444443,-19.444444444444443,1.0,1.0,50.0,33.333333333333336,33.333333333333336,33.333333333333336,33.333333333333336,50.0,44.444444444444436,75,1,68.75,68.75,65.55555555555557,36,80,48.27083333333333,-0.1,-0.38888888888888884,False,False,False,False,False,False,False,False,False,1.0,68.75,14.444444444444443
1128.HK,1128.HK,85.0,0.35,-0.06666666666666671,20.833333333333336,-3.3333333333333357,0.0,1.0,56.666666666666664,0.0,33.333333333333336,0.0,33.333333333333336,54.444444444444436,49.444444444444436,75,0,33.75,64.30555555555557,50.555555555555564,36,80,64.97916666666667,0.35,-0.06666666666666671,False,False,False,False,False,False,False,False,False,0.0,33.75,20.833333333333336
1133.HK,1133.HK,50.0,0.35,0.35,0.0,17.5,0.0,1.0,50.0,0.0,0.0,0.0,0.0,70.0,63.33333333333333,55,0,24.75,43.75,36.66666666666667,36,80,71.6625,0.35,0.35,False,False,False,False,False,False,False,False,False,0.0,24.75,0.0
1138.HK,1138.HK,50.0,-0.1,-0.1,0.0,-5.0,1.0,1.0,43.333333333333336,0.0,0.0,0.0,0.0,63.333333333333336,53.888888888888886,75,0,48.75,55.416666666666664,56.111111111111114,36,80,56.60416666666667,-0.1,-0.1,False,False,False,False,False,False,False,False,False,1.0,48.75,0.0
1157.HK,1157.HK,85.0,-0.4222222222222222,-0.4222222222222222,0.0,-21.11111111111111,2.0,1.0,36.666666666666664,33.333333333333336,0.0,33.333333333333336,0.0,58.888888888888886,48.888888888888886,75,1,83.75,59.861111111111114,71.11111111111111,36,80,42.77083333333333,-0.4222222222222222,-0.4222222222222222,False,False,False,False,False,False,False,False,False,2.0,83.75,0.0
1171.HK,1171.HK,0.0,-0.9555555555555556,-0.9555555555555556,0.0,-47.77777777777778,3.0,0.0,30.0,33.333333333333336,33.333333333333336,33.333333333333336,33.333333333333336,50.0,35.0,75,1,98.75,68.75,95.0,36,80,20.520833333333332,-0.9555555555555556,-0.9555555555555556,False,False,False,False,False,True,True,False,True,3.0,98.75,0.0
1177.HK,1177.HK,50.0,-0.9333333333333332,-0.38888888888888884,-27.222222222222225,-19.444444444444443,2.0,0.0,50.0,33.333333333333336,33.333333333333336,33.333333333333336,33.333333333333336,50.0,44.444444444444436,75,1,83.75,68.75,75.55555555555557,36,80,27.270833333333332,-0.9333333333333332,-0.38888888888888884,False,False,False,False,False,False,False,False,False,2.0,83.75,-27.222222222222225
1186.HK,1186.HK,50.0,-0.1,-0.06666666666666671,-1.6666666666666643,-3.3333333333333357,1.0,1.0,56.666666666666664,0.0,33.333333333333336,0.0,33.333333333333336,54.444444444444436,49.444444444444436,75,0,48.75,64.30555555555557,60.555555555555564,36,80,52.60416666666667,-0.1,-0.06666666666666671,False,False,False,False,False,False,False,False,False,1.0,48.75,-1.6666666666666643
1193.HK,1193.HK,50.0,0.35,0.46666666666666656,-5.833333333333329,23.33333333333333,0.0,1.0,63.333333333333336,0.0,0.0,0.0,0.0,63.333333333333336,63.333333333333336,55,0,24.75,50.416666666666664,36.666666666666664,36,80,74.32916666666668,0.35,0.46666666666666656,False,False,False,False,False,False,False,False,False,0.0,24.75,-5.833333333333329
1258.HK,1258.HK,50.0,0.35,-0.1,22.5,-5.0,0.0,1.0,43.333333333333336,0.0,0.0,0.0,0.0,63.333333333333336,53.888888888888886,75,0,33.75,55.416666666666664,46.111111111111114,36,80,68.97916666666667,0.35,-0.1,False,False,False,False,False,False,False,False,False,0.0,33.75,22.5
1288.HK,1288.HK,50.0,0.7,-0.4222222222222222,56.111111111111114,-21.11111111111111,0.0,1.0,36.666666666666664,33.333333333333336,0.0,33.333333333333336,0.0,58.888888888888886,48.888888888888886,75,1,53.75,59.861111111111114,51.111111111111114,36,80,72.52083333333334,0.7,-0.4222222222222222,False,False,False,False,False,False,False,False,False,0.0,53.75,56.111111111111114
1299.HK,1299.HK,50.0,-1.0,-0.9555555555555556,-2.2222222222222223,-47.77777777777778,1.0,0.0,30.0,33.333333333333336,33.333333333333336,33.333333333333336,33.333333333333336,50.0,35.0,75,1,68.75,68.75,75.0,36,80,24.020833333333332,-1.0,-0.9555555555555556,False,False,False,False,False,False,True,False,True,1.0,68.75,-2.2222222222222223
1308.HK,1308.HK,50.0,-0.9666666666666667,-0.38888888888888884,-28.88888888888889,-19.444444444444443,1.0,0.0,50.0,33.333333333333336,33.333333333333336,33.333333333333336,33.333333333333336,50.0,44.444444444444436,75,1,68.75,68.75,65.55555555555557,36,80,28.770833333333332,-0.9666666666666667,-0.38888888888888884,False,False,False,False,False,False,False,False,False,1.0,68.75,-28.88888888888889
1336.HK,1336.HK,50.0,0.0,-0.06666666666666671,3.3333333333333357,-3.3333333333333357,0.0,0.0,56.666666666666664,0.0,33.333333333333336,0.0,33.333333333333336,54.444444444444436,49.444444444444436,75,0,33.75,64.30555555555557,50.555555555555564,36,80,57.10416666666667,0.0,-0.06666666666666671,False,False,False,False,False,False,False,False,False,0.0,33.75,3.3333333333333357
1339.HK,1339.HK,50.0,0.0,0.46666666666666656,-23.33333333333333,23.33333333333333,0.0,0.0,63.333333333333336,0.0,0.0,0.0,0.0,63.333333333333336,63.333333333333336,55,0,24.75,50.416666666666664,36.666666666666664,36,80,66.45416666666668,0.0,0.46666666666666656,False,False,False,False,False,False,False,False,False,0.0,24.75,-23.33333333333333
1359.HK,1359.HK,50.0,0.0,-0.1,5.0,-5.0,0.0,0.0,43.333333333333336,0.0,0.0,0.0,0.0,63.333333333333336,53.888888888888886,75,0,33.75,55.416666666666664,46.111111111111114,36,80,61.10416666666667,0.0,-0.1,False,False,False,False,False,False,False,False,False,0.0,33.75,5.0
1378.HK,1378.HK,50.0,0.0,-0.4222222222222222,21.11111111111111,-21.11111111111111,0.0,0.0,36.666666666666664,33.333333333333336,0.0,33.333333333333336,0.0,58.888888888888886,48.888888888888886,75,1,53.75,59.861111111111114,51.111111111111114,36,80,56.77083333333333,0.0,-0.4222222222222222,False,False,False,False,False,False,False,False,False,0.0,53.75,21.11111111111111
1398.HK,1398.HK,50.0,0.0,-0.9555555555555556,47.77777777777778,-47.77777777777778,0.0,0.0,30.0,33.333333333333336,33.333333333333336,33.333333333333336,33.333333333333336,50.0,35.0,75,1,53.75,68.75,65.0,36,80,48.77083333333333,0.0,-0.9555555555555556,False,False,False,False,False,False,True,False,True,0.0,53.75,47.77777777777778
1415.HK,1415.HK,50.0,0.0,-0.38888888888888884,19.444444444444443,-19.444444444444443,0.0,0.0,50.0,33.333333333333336,33.333333333333336,33.333333333333336,33.333333333333336,50.0,44.444444444444436,75,1,53.75,68.75,55.555555555555564,36,80,52.77083333333333,0.0,-0.38888888888888884,False,False,False,False,False,False,False,False,False,0.0,53.75,19.444444444444443
1508.HK,1508.HK,50.0,0.0,-0.06666666666666671,3.3333333333333357,-3.3333333333333357,0.0,0.0,56.666666666666664,0.0,33.333333333333336,0.0,33.333333333333336,54.444444444444436,49.444444444444436,75,0,33.75,64.30555555555557,50.555555555555564,36,80,57.10416666666667,0.0,-0.06666666666666671,False,False,False,False,False,False,False,False,False,0.0,33.75,3.3333333333333357
1530.HK,1530.HK,50.0,0.0,0.46666666666666656,-23.33333333333333,23.33333333333333,0.0,0.0,63.333333333333336,0.0,0.0,0.0,0.0,63.333333333333336,63.333333333333336,55,0,24.75,50.416666666666664,36.666666666666664,36,80,66.45416666666668,0.0,0.46666666666666656,False,False,False,False,False,False,False,False,False,0.0,24.75,-23.33333333333333
1585.HK,1585.HK,50.0,0.0,-0.1,5.0,-5.0,0.0,0.0,43.333333333333336,0.0,0.0,0.0,0.0,63.333333333333336,53.888888888888886,75,0,33.75,55.416666666666664,46.111111111111114,36,80,61.10416666666667,0.0,-0.1,False,False,False,False,False,False,False,False,False,0.0,33.75,5.0
1766.HK,1766.HK,50.0,0.0,-0.4222222222222222,21.11111111111111,-21.11111111111111,0.0,0.0,36.666666666666664,33.333333333333336,0.0,33.333333333333336,0.0,58.888888888888886,48.888888888888886,75,1,53.75,59.861111111111114,51.111111111111114,36,80,56.77083333333333,0.0,-0.4222222222222222,False,False,False,False,False,False,False,False,False,0.0,53.75,21.11111111111111
1776.HK,1776.HK,50.0,0.0,-0.9555555555555556,47.77777777777778,-47.77777777777778,0.0,0.0,30.0,33.333333333333336,33.333333333333336,33.333333333333336,33.333333333333336,50.0,35.0,75,1,53.75,68.75,65.0,36,80,48.77083333333333,0.0,-0.9555555555555556,False,False,False,False,False,False,True,False,True,0.0,53.75,47.77777777777778
1788.HK,1788.HK,50.0,0.0,-0.38888888888888884,19.444444444444443,-19.444444444444443,0.0,0.0,50.0,33.333333333333336,33.333333333333336,33.333333333333336,33.333333333333336,50.0,44.444444444444436,75,1,53.75,68.75,55.555555555555564,36,80,52.77083333333333,0.0,-0.38888888888888884,False,False,False,False,False,False,False,False,False,0.0,53.75,19.444444444444443
1800.HK,1800.HK,50.0,0.0,-0.06666666666666671,3.3333333333333357,-3.3333333333333357,0.0,0.0,56.666666666666664,0.0,33.333333333333336,0.0,33.333333333333336,54.444444444444436,49.444444444444436,75,0,33.75,64.30555555555557,50.555555555555564,36,80,57.10416666666667,0.0,-0.06666666666666671,False,False,False,False,False,False,False,False,False,0.0,33.75,3.3333333333333357
1816.HK,1816.HK,50.0,0.0,0.35,-17.5,17.5,0.0,0.0,70.0,0.0,0.0,0.0,0.0,56.666666666666664,56.666666666666664,55,0,24.75,57.083333333333336,43.333333333333336,36,80,67.7875,0.0,0.35,False,False,False,False,False,False,False,False,False,0.0,24.75,-17.5
1882.HK,1882.HK,0.0,-1.0,-0.1,-45.0,-5.0,1.0,0.0,43.333333333333336,0.0,0.0,0.0,0.0,63.333333333333336,53.888888888888886,75,0,48.75,55.416666666666664,56.111111111111114,36,80,36.35416666666667,-1.0,-0.1,False,False,False,False,False,False,False,False,False,1.0,48.75,-45.0
1888.HK,1888.HK,1.666666666666667,-0.9666666666666667,-0.4222222222222222,-27.22222222222222,-21.11111111111111,1.0,0.0,36.666666666666664,33.333333333333336,0.0,33.333333333333336,0.0,58.888888888888886,48.888888888888886,75,1,68.75,59.861111111111114,61.111111111111114,36,80,32.770833333333336,-0.9666666666666667,-0.4222222222222222,False,False,False,False,False,False,False,False,False,1.0,68.75,-27.22222222222222
1898.HK,1898.HK,5.0,-0.9,-0.9555555555555556,2.7777777777777777,-47.77777777777778,1.0,0.0,30.0,33.333333333333336,33.333333333333336,33.333333333333336,33.333333333333336,50.0,35.0,75,1,68.75,68.75,75.0,36,80,26.270833333333332,-0.9,-0.9555555555555556,False,False,False,False,False,False,True,False,True,1.0,68.75,2.7777777777777777
1908.HK,1908.HK,50.0,0.7,-0.13333333333333328,41.666666666666664,-6.666666666666664,0.0,1.0,60.0,50.0,0.0,50.0,0.0,50.0,49.166666666666664,75,1,53.75,68.75,50.833333333333336,36,80,77.1875,0.7,-0.13333333333333328,False,False,False,False,False,False,False,False,False,0.0,53.75,41.666666666666664
1910.HK,1910.HK,85.0,0.35,-0.06666666666666671,20.833333333333336,-3.3333333333333357,0.0,1.0,56.666666666666664,0.0,33.333333333333336,0.0,33.333333333333336,54.444444444444436,49.444444444444436,75,0,33.75,64.30555555555557,50.555555555555564,36,80,64.97916666666667,0.35,-0.06666666666666671,False,False,False,False,False,False,False,False,False,0.0,33.75,20.833333333333336
1913.HK,1913.HK,50.0,0.35,0.46666666666666656,-5.833333333333329,23.33333333333333,0.0,1.0,63.333333333333336,0.0,0.0,0.0,0.0,63.333333333333336,63.333333333333336,55,0,24.75,50.416666666666664,36.666666666666664,36,80,74.32916666666668,0.35,0.46666666666666656,False,False,False,False,False,False,False,False,False,0.0,24.75,-5.833333333333329
1919.HK,1919.HK,85.0,-0.15,-0.15,0.0,-7.5,1.0,1.0,40.0,0.0,0.0,0.0,0.0,63.33333333333333,55.83333333333333,75,0,48.75,55.41666666666667,54.16666666666667,36,80,54.8125,-0.15,-0.15,False,False,False,False,False,False,False,False,False,1.0,48.75,0.0
1928.HK,1928.HK,50.0,-0.9833333333333333,-0.9833333333333333,0.0,-49.166666666666664,2.0,0.0,30.0,50.0,0.0,50.0,0.0,50.0,35.0,75,1,83.75,68.75,85.0,36,80,28.8125,-0.9833333333333333,-0.9833333333333333,False,False,False,False,False,False,True,False,True,2.0,83.75,0.0
1929.HK,1929.HK,0.0,-0.9555555555555556,-0.9555555555555556,0.0,-47.77777777777778,3.0,0.0,30.0,33.333333333333336,33.333333333333336,33.333333333333336,33.333333333333336,50.0,35.0,75,1,98.75,68.75,95.0,36,80,20.520833333333332,-0.9555555555555556,-0.9555555555555556,False,False,False,False,False,True,True,False,True,3.0,98.75,0.0
1963.HK,1963.HK,1.666666666666667,-0.38888888888888884,-0.38888888888888884,0.0,-19.444444444444443,2.0,1.0,50.0,33.333333333333336,33.333333333333336,33.333333333333336,33.333333333333336,50.0,44.444444444444436,75,1,83.75,68.75,75.55555555555557,36,80,39.52083333333333,-0.38888888888888884,-0.38888888888888884,False,False,False,False,False,False,False,False,False,2.0,83.75,0.0
1972.HK,1972.HK,50.0,-0.06666666666666671,-0.06666666666666671,0.0,-3.3333333333333357,1.0,1.0,56.666666666666664,0.0,33.333333333333336,0.0,33.333333333333336,54.444444444444436,49.444444444444436,75,0,48.75,64.30555555555557,60.555555555555564,36,80,53.35416666666667,-0.06666666666666671,-0.06666666666666671,False,False,False,False,False,False,False,False,False,1.0,48.75,0.0
1988.HK,1988.HK,50.0,0.35,0.46666666666666656,-5.833333333333329,23.33333333333333,0.0,1.0,63.333333333333336,0.0,0.0,0.0,0.0,63.333333333333336,63.333333333333336,55,0,24.75,50.416666666666664,36.666666666666664,36,80,74.32916666666668,0.35,0.46666666666666656,False,False,False,False,False,False,False,False,False,0.0,24.75,-5.833333333333329
2016.HK,2016.HK,50.0,0.35,-0.1,22.5,-5.0,0.0,1.0,43.333333333333336,0.0,0.0,0.0,0.0,63.333333333333336,53.888888888888886,75,0,33.75,55.416666666666664,46.111111111111114,36,80,68.97916666666667,0.35,-0.1,False,False,False,False,False,False,False,False,False,0.0,33.75,22.5
2020.HK,2020.HK,50.0,-0.15,-0.4222222222222222,13.61111111111111,-21.11111111111111,1.0,1.0,36.666666666666664,33.333333333333336,0.0,33.333333333333336,0.0,58.888888888888886,48.888888888888886,75,1,68.75,59.861111111111114,61.111111111111114,36,80,51.14583333333333,-0.15,-0.4222222222222222,False,False,False,False,False,False,False,False,False,1.0,68.75,13.61111111111111
2039.HK,2039.HK,50.0,-1.0,-0.9555555555555556,-2.2222222222222223,-47.77777777777778,1.0,0.0,30.0,33.333333333333336,33.333333333333336,33.333333333333336,33.333333333333336,50.0,35.0,75,1,68.75,68.75,75.0,36,80,24.020833333333332,-1.0,-0.9555555555555556,False,False,False,False,False,False,True,False,True,1.0,68.75,-2.2222222222222223
2099.HK,2099.HK,50.0,-0.9666666666666667,-0.38888888888888884,-28.88888888888889,-19.444444444444443,1.0,0.0,50.0,33.333333333333336,33.333333333333336,33.333333333333336,33.333333333333336,50.0,44.444444444444436,75,1,68.75,68.75,65.55555555555557,36,80,28.770833333333332,-0.9666666666666667,-0.38888888888888884,False,False,False,False,False,False,False,False,False,1.0,68.75,-28.88888888888889
2196.HK,2196.HK,50.0,-0.9,-0.06666666666666671,-41.666666666666664,-3.3333333333333357,1.0,0.0,56.666666666666664,0.0,33.333333333333336,0.0,33.333333333333336,54.444444444444436,49.444444444444436,75,0,48.75,64.30555555555557,60.555555555555564,36,80,34.60416666666667,-0.9,-0.06666666666666671,False,False,False,False,False,False,False,False,False,1.0,48.75,-41.666666666666664
2208.HK,2208.HK,50.0,0.7,0.46666666666666656,11.666666666666671,23.33333333333333,0.0,1.0,63.333333333333336,0.0,0.0,0.0,0.0,63.333333333333336,63.333333333333336,55,0,24.75,50.416666666666664,36.666666666666664,36,80,82.20416666666668,0.7,0.46666666666666656,False,False,False,False,False,False,False,False,False,0.0,24.75,11.666666666666671
2238.HK,2238.HK,50.0,0.0,-0.1,5.0,-5.0,0.0,0.0,43.333333333333336,0.0,0.0,0.0,0.0,63.333333333333336,53.888888888888886,75,0,33.75,55.416666666666664,46.111111111111114,36,80,61.10416666666667,0.0,-0.1,False,False,False,False,False,False,False,False,False,0.0,33.75,5.0
2282.HK,2282.HK,50.0,0.0,-0.4222222222222222,21.11111111111111,-21.11111111111111,0.0,0.0,36.666666666666664,33.333333333333336,0.0,33.333333333333336,0.0,58.888888888888886,48.888888888888886,75,1,53.75,59.861111111111114,51.111111111111114,36,80,56.77083333333333,0.0,-0.4222222222222222,False,False,False,False,False,False,False,False,False,0.0,53.75,21.11111111111111
2313.HK,2313.HK,50.0,0.0,-0.9555555555555556,47.77777777777778,-47.77777777777778,0.0,0.0,30.0,33.333333333333336,33.333333333333336,33.333333333333336,33.333333333333336,50.0,35.0,75,1,53.75,68.75,65.0,36,80,48.77083333333333,0.0,-0.9555555555555556,False,False,False,False,False,False,True,False,True,0.0,53.75,47.77777777777778
2318.HK,2318.HK,50.0,0.0,-0.38888888888888884,19.444444444444443,-19.444444444444443,0.0,0.0,50.0,33.333333333333336,33.333333333333336,33.333333333333336,33.333333333333336,50.0,44.444444444444436,75,1,53.75,68.75,55.555555555555564,36,80,52.77083333333333,0.0,-0.38888888888888884,False,False,False,False,False,False,False,False,False,0.0,53.75,19.444444444444443
2319.HK,2319.HK,50.0,0.0,-0.06666666666666671,3.3333333333333357,-3.3333333333333357,0.0,0.0,56.666666666666664,0.0,33.333333333333336,0.0,33.333333333333336,54.444444444444436,49.444444444444436,75,0,33.75,64.30555555555557,50.555555555555564,36,80,57.10416666666667,0.0,-0.06666666666666671,False,False,False,False,False,False,False,False,False,0.0,33.75,3.3333333333333357
2328.HK,2328.HK,50.0,0.0,0.46666666666666656,-23.33333333333333,23.33333333333333,0.0,0.0,63.333333333333336,0.0,0.0,0.0,0.0,63.333333333333336,63.333333333333336,55,0,24.75,50.416666666666664,36.666666666666664,36,80,66.45416666666668,0.0,0.46666666666666656,False,False,False,False,False,False,False,False,False,0.0,24.75,-23.33333333333333
2331.HK,2331.HK,50.0,0.0,-0.1,5.0,-5.0,0.0,0.0,43.333333333333336,0.0,0.0,0.0,0.0,63.333333333333336,53.888888888888886,75,0,33.75,55.416666666666664,46.111111111111114,36,80,61.10416666666667,0.0,-0.1,False,False,False,False,False,False,False,False,False,0.0,33.75,5.0
2333.HK,2333.HK,50.0,0.0,-0.4222222222222222,21.11111111111111,-21.11111111111111,0.0,0.0,36.666666666666664,33.333333333333336,0.0,33.333333333333336,0.0,58.888888888888886,48.888888888888886,75,1,53.75,59.861111111111114,51.111111111111114,36,80,56.77083333333333,0.0,-0.4222222222222222,False,False,False,False,False,False,False,False,False,0.0,53.75,21.11111111111111
2338.HK,2338.HK,50.0,0.0,-0.9555555555555556,47.77777777777778,-47.77777777777778,0.0,0.0,30.0,33.333333333333336,33.333333333333336,33.333333333333336,33.333333333333336,50.0,35.0,75,1,53.75,68.75,65.0,36,80,48.77083333333333,0.0,-0.9555555555555556,False,False,False,False,False,False,True,False,True,0.0,53.75,47.77777777777778
2343.HK,2343.HK,50.0,0.0,-0.38888888888888884,19.444444444444443,-19.444444444444443,0.0,0.0,50.0,33.333333333333336,33.333333333333336,33.333333333333336,33.333333333333336,50.0,44.444444444444436,75,1,53.75,68.75,55.555555555555564,36,80,52.77083333333333,0.0,-0.38888888888888884,False,False,False,False,False,False,False,False,False,0.0,53.75,19.444444444444443
2357.HK,2357.HK,50.0,0.0,-0.06666666666666671,3.3333333333333357,-3.3333333333333357,0.0,0.0,56.666666666666664,0.0,33.333333333333336,0.0,33.333333333333336,54.444444444444436,49.444444444444436,75,0,33.75,64.30555555555557,50.555555555555564,36,80,57.10416666666667,0.0,-0.06666666666666671,False,False,False,False,False,False,False,False,False,0.0,33.75,3.3333333333333357
2378.HK,2378.HK,50.0,0.0,0.46666666666666656,-23.33333333333333,23.33333333333333,0.0,0.0,63.333333333333336,0.0,0.0,0.0,0.0,63.333333333333336,63.333333333333336,55,0,24.75,50.416666666666664,36.666666666666664,36,80,66.45416666666668,0.0,0.46666666666666656,False,False,False,False,False,False,False,False,False,0.0,24.75,-23.33333333333333
2380.HK,2380.HK,50.0,0.0,-0.1,5.0,-5.0,0.0,0.0,43.333333333333336,0.0,0.0,0.0,0.0,63.333333333333336,53.888888888888886,75,0,33.75,55.416666666666664,46.111111111111114,36,80,61.10416666666667,0.0,-0.1,False,False,False,False,False,False,False,False,False,0.0,33.75,5.0
2382.HK,2382.HK,50.0,0.0,-0.15,7.5,-7.5,0.0,0.0,40.0,0.0,0.0,0.0,0.0,63.33333333333333,55.83333333333333,75,1,53.75,55.41666666666667,44.16666666666667,36,80,57.4375,0.0,-0.15,False,False,False,False,False,False,False,False,False,0.0,53.75,7.5
2388.HK,2388.HK,5.0,-0.9,-0.9555555555555556,2.7777777777777777,-47.77777777777778,1.0,0.0,30.0,33.333333333333336,33.333333333333336,33.333333333333336,33.333333333333336,50.0,35.0,75,1,68.75,68.75,75.0,36,80,26.270833333333332,-0.9,-0.9555555555555556,False,False,False,False,False,False,True,False,True,1.0,68.75,2.7777777777777777
2588.HK,2588.HK,85.0,0.7,-0.38888888888888884,54.44444444444444,-19.444444444444443,0.0,1.0,50.0,33.333333333333336,33.333333333333336,33.333333333333336,33.333333333333336,50.0,44.444444444444436,75,1,53.75,68.75,55.555555555555564,36,80,68.52083333333333,0.7,-0.38888888888888884,False,False,False,False,False,False,False,False,False,0.0,53.75,54.44444444444444
2600.HK,2600.HK,50.0,0.0,-0.45,22.5,-22.5,0.0,0.0,40.0,0.0,50.0,0.0,50.0,56.666666666666664,42.5,75,0,33.75,62.083333333333336,57.5,36,80,50.4375,0.0,-0.45,False,False,False,False,False,False,False,False,False,0.0,33.75,22.5
2601.HK,2601.HK,50.0,0.7,0.7,0.0,35.0,0.0,1.0,70.0,0.0,0.0,0.0,0.0,63.33333333333333,70.0,55,0,24.75,50.41666666666667,30.0,36,80,83.5375,0.7,0.7,False,False,False,False,False,False,False,False,False,0.0,24.75,0.0
2607.HK,2607.HK,85.0,-0.15,-0.1,-2.5,-5.0,1.0,1.0,43.333333333333336,0.0,0.0,0.0,0.0,63.333333333333336,53.888888888888886,75,0,48.75,55.416666666666664,56.111111111111114,36,80,55.47916666666667,-0.15,-0.1,False,False,False,False,False,False,False,False,False,1.0,48.75,-2.5
2628.HK,2628.HK,0.0,-0.9833333333333333,-0.4222222222222222,-28.055555555555557,-21.11111111111111,2.0,0.0,36.666666666666664,33.333333333333336,0.0,33.333333333333336,0.0,58.888888888888886,48.888888888888886,75,1,83.75,59.861111111111114,71.11111111111111,36,80,30.145833333333332,-0.9833333333333333,-0.4222222222222222,False,False,False,False,False,False,False,False,False,2.0,83.75,-28.055555555555557
2638.HK,2638.HK,50.0,-0.9333333333333332,-0.9333333333333332,0.0,-46.666666666666664,2.0,0.0,30.0,50.0,50.0,50.0,50.0,50.0,35.0,75,1,83.75,68.75,85.0,36,80,19.9375,-0.9333333333333332,-0.9333333333333332,False,False,False,False,False,False,True,False,True,2.0,83.75,0.0
2688.HK,2688.HK,1.666666666666667,-0.38888888888888884,-0.38888888888888884,0.0,-19.444444444444443,2.0,1.0,50.0,33.333333333333336,33.333333333333336,33.333333333333336,33.333333333333336,50.0,44.444444444444436,75,1,83.75,68.75,75.55555555555557,36,80,39.52083333333333,-0.38888888888888884,-0.38888888888888884,False,False,False,False,False,False,False,False,False,2.0,83.75,0.0
2883.HK,2883.HK,5.0,-0.06666666666666671,-0.06666666666666671,0.0,-3.3333333333333357,1.0,1.0,56.666666666666664,0.0,33.333333333333336,0.0,33.333333333333336,54.444444444444436,49.444444444444436,75,0,48.75,64.30555555555557,60.555555555555564,36,80,53.35416666666667,-0.06666666666666671,-0.06666666666666671,False,False,False,False,False,False,False,False,False,1.0,48.75,0.0
2888.HK,2888.HK,85.0,0.46666666666666656,0.46666666666666656,0.0,23.33333333333333,0.0,2.0,63.333333333333336,0.0,0.0,0.0,0.0,63.333333333333336,63.333333333333336,55,0,24.75,50.416666666666664,36.666666666666664,36,80,76.95416666666668,0.46666666666666656,0.46666666666666656,False,False,False,False,False,False,False,False,False,0.0,24.75,0.0
2899.HK,2899.HK,50.0,0.35,-0.1,22.5,-5.0,0.0,1.0,43.333333333333336,0.0,0.0,0.0,0.0,63.333333333333336,53.888888888888886,75,0,33.75,55.416666666666664,46.111111111111114,36,80,68.97916666666667,0.35,-0.1,False,False,False,False,False,False,False,False,False,0.0,33.75,22.5
3311.HK,3311.HK,50.0,-0.15,-0.4222222222222222,13.61111111111111,-21.11111111111111,1.0,1.0,36.666666666666664,33.333333333333336,0.0,33.333333333333336,0.0,58.888888888888886,48.888888888888886,75,1,68.75,59.861111111111114,61.111111111111114,36,80,51.14583333333333,-0.15,-0.4222222222222222,False,False,False,False,False,False,False,False,False,1.0,68.75,13.61111111111111
3323.HK,3323.HK,50.0,-0.9833333333333333,-0.9555555555555556,-1.3888888888888888,-47.77777777777778,2.0,0.0,30.0,33.333333333333336,33.333333333333336,33.333333333333336,33.333333333333336,50.0,35.0,75,1,83.75,68.75,85.0,36,80,22.145833333333332,-0.9833333333333333,-0.9555555555555556,False,False,False,False,False,False,True,False,True,2.0,83.75,-1.3888888888888888
3328.HK,3328.HK,50.0,-0.9333333333333332,-0.38888888888888884,-27.222222222222225,-19.444444444444443,2.0,0.0,50.0,33.333333333333336,33.333333333333336,33.333333333333336,33.333333333333336,50.0,44.444444444444436,75,1,83.75,68.75,75.55555555555557,36,80,27.270833333333332,-0.9333333333333332,-0.38888888888888884,False,False,False,False,False,False,False,False,False,2.0,83.75,-27.222222222222225
3330.HK,3330.HK,50.0,-0.9,-0.06666666666666671,-41.666666666666664,-3.3333333333333357,1.0,0.0,56.666666666666664,0.0,33.333333333333336,0.0,33.333333333333336,54.444444444444436,49.444444444444436,75,0,48.75,64.30555555555557,60.555555555555564,36,80,34.60416666666667,-0.9,-0.06666666666666671,False,False,False,False,False,False,False,False,False,1.0,48.75,-41.666666666666664
3360.HK,3360.HK,50.0,0.7,0.46666666666666656,11.666666666666671,23.33333333333333,0.0,1.0,63.333333333333336,0.0,0.0,0.0,0.0,63.333333333333336,63.333333333333336,55,0,24.75,50.416666666666664,36.666666666666664,36,80,82.20416666666668,0.7,0.46666666666666656,False,False,False,False,False,False,False,False,False,0.0,24.75,11.666666666666671
3393.HK,3393.HK,50.0,0.0,-0.1,5.0,-5.0,0.0,0.0,43.333333333333336,0.0,0.0,0.0,0.0,63.333333333333336,53.888888888888886,75,0,33.75,55.416666666666664,46.111111111111114,36,80,61.10416666666667,0.0,-0.1,False,False,False,False,False,False,False,False,False,0.0,33.75,5.0
3606.HK,3606.HK,50.0,0.7,-0.4222222222222222,56.111111111111114,-21.11111111111111,0.0,1.0,36.666666666666664,33.333333333333336,0.0,33.333333333333336,0.0,58.888888888888886,48.888888888888886,75,1,53.75,59.861111111111114,51.111111111111114,36,80,72.52083333333334,0.7,-0.4222222222222222,False,False,False,False,False,False,False,False,False,0.0,53.75,56.111111111111114
3618.HK,3618.HK,50.0,0.0,-0.9555555555555556,47.77777777777778,-47.77777777777778,0.0,0.0,30.0,33.333333333333336,33.333333333333336,33.333333333333336,33.333333333333336,50.0,35.0,75,1,53.75,68.75,65.0,36,80,48.77083333333333,0.0,-0.9555555555555556,False,False,False,False,False,False,True,False,True,0.0,53.75,47.77777777777778
3698.HK,3698.HK,50.0,0.0,-0.38888888888888884,19.444444444444443,-19.444444444444443,0.0,0.0,50.0,33.333333333333336,33.333333333333336,33.333333333333336,33.333333333333336,50.0,44.444444444444436,75,1,53.75,68.75,55.555555555555564,36,80,52.77083333333333,0.0,-0.38888888888888884,False,False,False,False,False,False,False,False,False,0.0,53.75,19.444444444444443
3808.HK,3808.HK,50.0,0.0,-0.06666666666666671,3.3333333333333357,-3.3333333333333357,0.0,0.0,56.666666666666664,0.0,33.333333333333336,0.0,33.333333333333336,54.444444444444436,49.444444444444436,75,0,33.75,64.30555555555557,50.555555555555564,36,80,57.10416666666667,0.0,-0.06666666666666671,False,False,False,False,False,False,False,False,False,0.0,33.75,3.3333333333333357
3898.HK,3898.HK,50.0,0.0,0.46666666666666656,-23.33333333333333,23.33333333333333,0.0,0.0,63.333333333333336,0.0,0.0,0.0,0.0,63.333333333333336,63.333333333333336,55,0,24.75,50.416666666666664,36.666666666666664,36,80,66.45416666666668,0.0,0.46666666666666656,False,False,False,False,False,False,False,False,False,0.0,24.75,-23.33333333333333
3900.HK,3900.HK,50.0,0.0,-0.1,5.0,-5.0,0.0,0.0,43.333333333333336,0.0,0.0,0.0,0.0,63.333333333333336,53.888888888888886,75,0,33.75,55.416666666666664,46.111111111111114,36,80,61.10416666666667,0.0,-0.1,False,False,False,False,False,False,False,False,False,0.0,33.75,5.0
3908.HK,3908.HK,50.0,0.0,-0.4222222222222222,21.11111111111111,-21.11111111111111,0.0,0.0,36.666666666666664,33.333333333333336,0.0,33.333333333333336,0.0,58.888888888888886,48.888888888888886,75,1,53.75,59.861111111111114,51.111111111111114,36,80,56.77083333333333,0.0,-0.4222222222222222,False,False,False,False,False,False,False,False,False,0.0,53.75,21.11111111111111
3933.HK,3933.HK,50.0,0.0,-0.9555555555555556,47.77777777777778,-47.77777777777778,0.0,0.0,30.0,33.333333333333336,33.333333333333336,33.333333333333336,33.333333333333336,50.0,35.0,75,1,53.75,68.75,65.0,36,80,48.77083333333333,0.0,-0.9555555555555556,False,False,False,False,False,False,True,False,True,0.0,53.75,47.77777777777778
3939.HK,3939.HK,50.0,0.0,-0.38888888888888884,19.444444444444443,-19.444444444444443,0.0,0.0,50.0,33.333333333333336,33.333333333333336,33.333333333333336,33.333333333333336,50.0,44.444444444444436,75,1,53.75,68.75,55.555555555555564,36,80,52.77083333333333,0.0,-0.38888888888888884,False,False,False,False,False,False,False,False,False,0.0,53.75,19.444444444444443
3958.HK,3958.HK,50.0,0.0,-0.06666666666666671,3.3333333333333357,-3.3333333333333357,0.0,0.0,56.666666666666664,0.0,33.333333333333336,0.0,33.333333333333336,54.444444444444436,49.444444444444436,75,0,33.75,64.30555555555557,50.555555555555564,36,80,57.10416666666667,0.0,-0.06666666666666671,False,False,False,False,False,False,False,False,False,0.0,33.75,3.3333333333333357
3968.HK,3968.HK,50.0,0.0,0.46666666666666656,-23.33333333333333,23.33333333333333,0.0,0.0,63.333333333333336,0.0,0.0,0.0,0.0,63.333333333333336,63.333333333333336,55,0,24.75,50.416666666666664,36.666666666666664,36,80,66.45416666666668,0.0,0.46666666666666656,False,False,False,False,False,False,False,False,False,0.0,24.75,-23.33333333333333
3988.HK,3988.HK,50.0,0.0,-0.1,5.0,-5.0,0.0,0.0,43.333333333333336,0.0,0.0,0.0,0.0,63.333333333333336,53.888888888888886,75,0,33.75,55.416666666666664,46.111111111111114,36,80,61.10416666666667,0.0,-0.1,False,False,False,False,False,False,False,False,False,0.0,33.75,5.0
3993.HK,3993.HK,50.0,0.0,-0.4222222222222222,21.11111111111111,-21.11111111111111,0.0,0.0,36.666666666666664,33.333333333333336,0.0,33.333333333333336,0.0,58.888888888888886,48.888888888888886,75,1,53.75,59.861111111111114,51.111111111111114,36,80,56.77083333333333,0.0,-0.4222222222222222,False,False,False,False,False,False,False,False,False,0.0,53.75,21.11111111111111
3996.HK,3996.HK,50.0,0.0,-0.9833333333333333,49.166666666666664,-49.166666666666664,0.0,0.0,30.0,50.0,0.0,50.0,0.0,50.0,35.0,75,1,53.75,68.75,65.0,36,80,55.4375,0.0,-0.9833333333333333,False,False,False,False,False,False,True,False,True,0.0,53.75,49.166666666666664
3998.HK,3998.HK,50.0,0.0,-0.9333333333333332,46.666666666666664,-46.666666666666664,0.0,0.0,30.0,50.0,50.0,50.0,50.0,50.0,35.0,75,1,53.75,68.75,65.0,36,80,45.4375,0.0,-0.9333333333333332,False,False,False,False,False,False,True,False,True,0.0,53.75,46.666666666666664
6030.HK,6030.HK,50.0,0.0,-0.06666666666666671,3.3333333333333357,-3.3333333333333357,0.0,0.0,56.666666666666664,0.0,33.333333333333336,0.0,33.333333333333336,54.444444444444436,49.444444444444436,75,0,33.75,64.30555555555557,50.555555555555564,36,80,57.10416666666667,0.0,-0.06666666666666671,False,False,False,False,False,False,False,False,False,0.0,33.75,3.3333333333333357
6198.HK,6198.HK,85.0,0.7,0.46666666666666656,11.666666666666671,23.33333333333333,0.0,1.0,63.333333333333336,0.0,0.0,0.0,0.0,63.333333333333336,63.333333333333336,55,0,24.75,50.416666666666664,36.666666666666664,36,80,82.20416666666668,0.7,0.46666666666666656,False,False,False,False,False,False,False,False,False,0.0,24.75,11.666666666666671
6818.HK,6818.HK,50.0,-1.0,-0.5,-25.0,-25.0,1.0,0.0,40.0,0.0,0.0,0.0,0.0,56.666666666666664,42.5,75,0,48.75,62.083333333333336,67.5,36,80,35.6875,-1.0,-0.5,False,False,False,False,False,False,False,False,False,1.0,48.75,-25.0
6823.HK,6823.HK,0.0,-0.9833333333333333,-0.4222222222222222,-28.055555555555557,-21.11111111111111,2.0,0.0,36.666666666666664,33.333333333333336,0.0,33.333333333333336,0.0,58.888888888888886,48.888888888888886,75,1,83.75,59.861111111111114,71.11111111111111,36,80,30.145833333333332,-0.9833333333333333,-0.4222222222222222,False,False,False,False,False,False,False,False,False,2.0,83.75,-28.055555555555557
6881.HK,6881.HK,1.666666666666667,-0.9333333333333332,-0.9555555555555556,1.1111111111111112,-47.77777777777778,2.0,0.0,30.0,33.333333333333336,33.333333333333336,33.333333333333336,33.333333333333336,50.0,35.0,75,1,83.75,68.75,85.0,36,80,23.270833333333332,-0.9333333333333332,-0.9555555555555556,False,False,False,False,False,False,True,False,True,2.0,83.75,1.1111111111111112
6886.HK,6886.HK,5.0,-0.1,-0.38888888888888884,14.444444444444443,-19.444444444444443,1.0,1.0,50.0,33.333333333333336,33.333333333333336,33.333333333333336,33.333333333333336,50.0,44.444444444444436,75,1,68.75,68.75,65.55555555555557,36,80,48.27083333333333,-0.1,-0.38888888888888884,False,False,False,False,False,False,False,False,False,1.0,68.75,14.444444444444443
0001.HK,0001.HK,50.0,0.35,0.35,0.0,17.5,0.0,1.0,70.0,0.0,0.0,0.0,0.0,56.666666666666664,56.666666666666664,75,0,33.75,62.083333333333336,43.333333333333336,36,80,74.3125,0.35,0.35,False,False,False,False,False,False,False,False,False,0.0,33.75,0.0
0002.HK,0002.HK,85.0,0.46666666666666656,0.46666666666666656,0.0,23.33333333333333,0.0,2.0,63.333333333333336,0.0,0.0,0.0,0.0,63.333333333333336,63.333333333333336,55,0,24.75,50.416666666666664,36.666666666666664,36,80,76.95416666666668,0.46666666666666656,0.46666666666666656,False,False,False,False,False,False,False,False,False,0.0,24.75,0.0
0003.HK,0003.HK,50.0,-0.1,-0.1,0.0,-5.0,1.0,1.0,43.333333333333336,0.0,0.0,0.0,0.0,63.333333333333336,53.888888888888886,75,0,48.75,55.416666666666664,56.111111111111114,36,80,56.60416666666667,-0.1,-0.1,False,False,False,False,False,False,False,False,False,1.0,48.75,0.0
0004.HK,0004.HK,85.0,-0.4222222222222222,-0.4222222222222222,0.0,-21.11111111111111,2.0,1.0,36.666666666666664,33.333333333333336,0.0,33.333333333333336,0.0,58.888888888888886,48.888888888888886,75,1,83.75,59.861111111111114,71.11111111111111,36,80,42.77083333333333,-0.4222222222222222,-0.4222222222222222,False,False,False,False,False,False,False,False,False,2.0,83.75,0.0
0005.HK,0005.HK,50.0,-0.9833333333333333,-0.9555555555555556,-1.3888888888888888,-47.77777777777778,2.0,0.0,30.0,33.333333333333336,33.333333333333336,33.333333333333336,33.333333333333336,50.0,35.0,75,1,83.75,68.75,85.0,36,80,22.145833333333332,-0.9833333333333333,-0.9555555555555556,False,False,False,False,False,False,True,False,True,2.0,83.75,-1.3888888888888888
0006.HK,0006.HK,50.0,-0.9333333333333332,-0.38888888888888884,-27.222222222222225,-19.444444444444443,2.0,0.0,50.0,33.333333333333336,33.333333333333336,33.333333333333336,33.333333333333336,50.0,44.444444444444436,75,1,83.75,68.75,75.55555555555557,36,80,27.270833333333332,-0.9333333333333332,-0.38888888888888884,False,False,False,False,False,False,False,False,False,2.0,83.75,-27.222222222222225
0008.HK,0008.HK,50.0,-0.1,-0.06666666666666671,-1.6666666666666643,-3.3333333333333357,1.0,1.0,56.666666666666664,0.0,33.333333333333336,0.0,33.333333333333336,54.444444444444436,49.444444444444436,75,0,48.75,64.30555555555557,60.555555555555564,36,80,52.60416666666667,-0.1,-0.06666666666666671,False,False,False,False,False,False,False,False,False,1.0,48.75,-1.6666666666666643
0012.HK,0012.HK,50.0,0.35,0.46666666666666656,-5.833333333333329,23.33333333333333,0.0,1.0,63.333333333333336,0.0,0.0,0.0,0.0,63.333333333333336,63.333333333333336,55,0,24.75,50.416666666666664,36.666666666666664,36,80,74.32916666666668,0.35,0.46666666666666656,False,False,False,False,False,False,False,False,False,0.0,24.75,-5.833333333333329
0016.HK,0016.HK,50.0,0.0,-0.1,5.0,-5.0,0.0,0.0,43.333333333333336,0.0,0.0,0.0,0.0,63.333333333333336,53.888888888888886,75,0,33.75,55.416666666666664,46.111111111111114,36,80,61.10416666666667,0.0,-0.1,False,False,False,False,False,False,False,False,False,0.0,33.75,5.0
0019.HK,0019.HK,50.0,0.7,-0.4222222222222222,56.111111111111114,-21.11111111111111,0.0,1.0,36.666666666666664,33.333333333333336,0.0,33.333333333333336,0.0,58.888888888888886,48.888888888888886,75,1,53.75,59.861111111111114,51.111111111111114,36,80,72.52083333333334,0.7,-0.4222222222222222,False,False,False,False,False,False,False,False,False,0.0,53.75,56.111111111111114
0023.HK,0023.HK,50.0,-1.0,-0.9555555555555556,-2.2222222222222223,-47.77777777777778,1.0,0.0,30.0,33.333333333333336,33.333333333333336,33.333333333333336,33.333333333333336,50.0,35.0,75,1,68.75,68.75,75.0,36,80,24.020833333333332,-1.0,-0.9555555555555556,False,False,False,False,False,False,True,False,True,1.0,68.75,-2.2222222222222223
0027.HK,0027.HK,50.0,0.0,-0.38888888888888884,19.444444444444443,-19.444444444444443,0.0,0.0,50.0,33.333333333333336,33.333333333333336,33.333333333333336,33.333333333333336,50.0,44.444444444444436,75,1,53.75,68.75,55.555555555555564,36,80,52.77083333333333,0.0,-0.38888888888888884,False,False,False,False,False,False,False,False,False,0.0,53.75,19.444444444444443
0066.HK,0066.HK,50.0,0.0,-0.06666666666666671,3.3333333333333357,-3.3333333333333357,0.0,0.0,56.666666666666664,0.0,33.333333333333336,0.0,33.333333333333336,54.444444444444436,49.444444444444436,75,0,33.75,64.30555555555557,50.555555555555564,36,80,57.10416666666667,0.0,-0.06666666666666671,False,False,False,False,False,False,False,False,False,0.0,33.75,3.3333333333333357
0083.HK,0083.HK,50.0,0.0,0.46666666666666656,-23.33333333333333,23.33333333333333,0.0,0.0,63.333333333333336,0.0,0.0,0.0,0.0,63.333333333333336,63.333333333333336,55,0,24.75,50.416666666666664,36.666666666666664,36,80,66.45416666666668,0.0,0.46666666666666656,False,False,False,False,False,False,False,False,False,0.0,24.75,-23.33333333333333
0101.HK,0101.HK,50.0,0.0,-0.1,5.0,-5.0,0.0,0.0,43.333333333333336,0.0,0.0,0.0,0.0,63.333333333333336,53.888888888888886,75,0,33.75,55.416666666666664,46.111111111111114,36,80,61.10416666666667,0.0,-0.1,False,False,False,False,False,False,False,False,False,0.0,33.75,5.0
0135.HK,0135.HK,50.0,0.0,-0.4222222222222222,21.11111111111111,-21.11111111111111,0.0,0.0,36.666666666666664,33.333333333333336,0.0,33.333333333333336,0.0,58.888888888888886,48.888888888888886,75,1,53.75,59.861111111111114,51.111111111111114,36,80,56.77083333333333,0.0,-0.4222222222222222,False,False,False,False,False,False,False,False,False,0.0,53.75,21.11111111111111
0144.HK,0144.HK,50.0,0.0,-0.9555555555555556,47.77777777777778,-47.77777777777778,0.0,0.0,30.0,33.333333333333336,33.333333333333336,33.333333333333336,33.333333333333336,50.0,35.0,75,1,53.75,68.75,65.0,36,80,48.77083333333333,0.0,-0.9555555555555556,False,False,False,False,False,False,True,False,True,0.0,53.75,47.77777777777778
0148.HK,0148.HK,50.0,0.0,-0.38888888888888884,19.444444444444443,-19.444444444444443,0.0,0.0,50.0,33.333333333333336,33.333333333333336,33.333333333333336,33.333333333333336,50.0,44.444444444444436,75,1,53.75,68.75,55.555555555555564,36,80,52.77083333333333,0.0,-0.38888888888888884,False,False,False,False,False,False,False,False,False,0.0,53.75,19.444444444444443
0151.HK,0151.HK,50.0,0.0,-0.06666666666666671,3.3333333333333357,-3.3333333333333357,0.0,0.0,56.666666666666664,0.0,33.333333333333336,0.0,33.333333333333336,54.444444444444436,49.444444444444436,75,0,33.75,64.30555555555557,50.555555555555564,36,80,57.10416666666667,0.0,-0.06666666666666671,False,False,False,False,False,False,False,False,False,0.0,33.75,3.3333333333333357
0168.HK,0168.HK,50.0,0.0,0.46666666666666656,-23.33333333333333,23.33333333333333,0.0,0.0,63.333333333333336,0.0,0.0,0.0,0.0,63.333333333333336,63.333333333333336,55,0,24.75,50.416666666666664,36.666666666666664,36,80,66.45416666666668,0.0,0.46666666666666656,False,False,False,False,False,False,False,False,False,0.0,24.75,-23.33333333333333
0175.HK,0175.HK,50.0,0.0,-0.1,5.0,-5.0,0.0,0.0,43.333333333333336,0.0,0.0,0.0,0.0,63.333333333333336,53.888888888888886,75,0,33.75,55.416666666666664,46.111111111111114,36,80,61.10416666666667,0.0,-0.1,False,False,False,False,False,False,False,False,False,0.0,33.75,5.0
0177.HK,0177.HK,50.0,0.0,-0.4222222222222222,21.11111111111111,-21.11111111111111,0.0,0.0,36.666666666666664,33.333333333333336,0.0,33.333333333333336,0.0,58.888888888888886,48.888888888888886,75,1,53.75,59.861111111111114,51.111111111111114,36,80,56.77083333333333,0.0,-0.4222222222222222,False,False,False,False,False,False,False,False,False,0.0,53.75,21.11111111111111
0179.HK,0179.HK,50.0,0.0,-0.9555555555555556,47.77777777777778,-47.77777777777778,0.0,0.0,30.0,33.333333333333336,33.333333333333336,33.333333333333336,33.333333333333336,50.0,35.0,75,1,53.75,68.75,65.0,36,80,48.77083333333333,0.0,-0.9555555555555556,False,False,False,False,False,False,True,False,True,0.0,53.75,47.77777777777778
0189.HK,0189.HK,50.0,0.0,-0.38888888888888884,19.444444444444443,-19.444444444444443,0.0,0.0,50.0,33.333333333333336,33.333333333333336,33.333333333333336,33.333333333333336,50.0,44.444444444444436,75,1,53.75,68.75,55.555555555555564,36,80,52.77083333333333,0.0,-0.38888888888888884,False,False,False,False,False,False,False,False,False,0.0,53.75,19.444444444444443
0220.HK,0220.HK,50.0,0.0,-0.1,5.0,-5.0,0.0,0.0,60.0,0.0,50.0,0.0,50.0,50.0,49.166666666666664,75,0,33.75,68.75,50.833333333333336,36,80,54.4375,0.0,-0.1,False,False,False,False,False,False,False,False,False,0.0,33.75,5.0
0241.HK,0241.HK,85.0,0.7,0.46666666666666656,11.666666666666671,23.33333333333333,0.0,1.0,63.333333333333336,0.0,0.0,0.0,0.0,63.333333333333336,63.333333333333336,55,0,24.75,50.416666666666664,36.666666666666664,36,80,82.20416666666668,0.7,0.46666666666666656,False,False,False,False,False,False,False,False,False,0.0,24.75,11.666666666666671
0257.HK,0257.HK,0.0,-1.0,-0.1,-45.0,-5.0,1.0,0.0,43.333333333333336,0.0,0.0,0.0,0.0,63.333333333333336,53.888888888888886,75,0,48.75,55.416666666666664,56.111111111111114,36,80,36.35416666666667,-1.0,-0.1,False,False,False,False,False,False,False,False,False,1.0,48.75,-45.0
0267.HK,0267.HK,1.666666666666667,-0.9666666666666667,-0.4222222222222222,-27.22222222222222,-21.11111111111111,1.0,0.0,36.666666666666664,33.333333333333336,0.0,33.333333333333336,0.0,58.888888888888886,48.888888888888886,75,1,68.75,59.861111111111114,61.111111111111114,36,80,32.770833333333336,-0.9666666666666667,-0.4222222222222222,False,False,False,False,False,False,False,False,False,1.0,68.75,-27.22222222222222
0270.HK,0270.HK,50.0,-0.9,-0.95,2.5,-47.5,1.0,0.0,30.0,0.0,50.0,0.0,50.0,50.0,35.0,75,1,68.75,68.75,75.0,36,80,22.9375,-0.9,-0.95,False,False,False,False,False,False,True,False,True,1.0,68.75,2.5
0288.HK,0288.HK,5.0,-0.1,-0.38888888888888884,14.444444444444443,-19.444444444444443,1.0,1.0,50.0,33.333333333333336,33.333333333333336,33.333333333333336,33.333333333333336,50.0,44.444444444444436,75,1,68.75,68.75,65.55555555555557,36,80,48.27083333333333,-0.1,-0.38888888888888884,False,False,False,False,False,False,False,False,False,1.0,68.75,14.444444444444443
0291.HK,0291.HK,85.0,0.35,-0.06666666666666671,20.833333333333336,-3.3333333333333357,0.0,1.0,56.666666666666664,0.0,33.333333333333336,0.0,33.333333333333336,54.444444444444436,49.444444444444436,75,0,33.75,64.30555555555557,50.555555555555564,36,80,64.97916666666667,0.35,-0.06666666666666671,False,False,False,False,False,False,False,False,False,0.0,33.75,20.833333333333336
0293.HK,0293.HK,50.0,0.35,0.35,0.0,17.5,0.0,1.0,50.0,0.0,0.0,0.0,0.0,70.0,63.33333333333333,55,0,24.75,43.75,36.66666666666667,36,80,71.6625,0.35,0.35,False,False,False,False,False,False,False,False,False,0.0,24.75,0.0
0316.HK,0316.HK,50.0,-0.15,-0.15,0.0,-7.5,1.0,1.0,40.0,0.0,0.0,0.0,0.0,63.33333333333333,55.83333333333333,75,0,48.75,55.41666666666667,54.16666666666667,36,80,54.8125,-0.15,-0.15,False,False,False,False,False,False,False,False,False,1.0,48.75,0.0
0322.HK,0322.HK,85.0,-0.4222222222222222,-0.4222222222222222,0.0,-21.11111111111111,2.0,1.0,36.666666666666664,33.333333333333336,0.0,33.333333333333336,0.0,58.888888888888886,48.888888888888886,75,1,83.75,59.861111111111114,71.11111111111111,36,80,42.77083333333333,-0.4222222222222222,-0.4222222222222222,False,False,False,False,False,False,False,False,False,2.0,83.75,0.0
0354.HK,0354.HK,0.0,-0.9555555555555556,-0.9555555555555556,0.0,-47.77777777777778,3.0,0.0,30.0,33.333333333333336,33.333333333333336,33.333333333333336,33.333333333333336,50.0,35.0,75,1,98.75,68.75,95.0,36,80,20.520833333333332,-0.9555555555555556,-0.9555555555555556,False,False,False,False,False,True,True,False,True,3.0,98.75,0.0
0358.HK,0358.HK,50.0,-0.38888888888888884,-0.38888888888888884,0.0,-19.444444444444443,2.0,1.0,50.0,33.333333333333336,33.333333333333336,33.333333333333336,33.333333333333336,50.0,44.444444444444436,75,1,83.75,68.75,75.55555555555557,36,80,39.52083333333333,-0.38888888888888884,-0.38888888888888884,False,False,False,False,False,False,False,False,False,2.0,83.75,0.0
0371.HK,0371.HK,50.0,-0.1,-0.06666666666666671,-1.6666666666666643,-3.3333333333333357,1.0,1.0,56.666666666666664,0.0,33.333333333333336,0.0,33.333333333333336,54.444444444444436,49.444444444444436,75,0,48.75,64.30555555555557,60.555555555555564,36,80,52.60416666666667,-0.1,-0.06666666666666671,False,False,False,False,False,False,False,False,False,1.0,48.75,-1.6666666666666643
5.HK,5.HK,50.0,0.35,0.46666666666666656,-5.833333333333329,23.33333333333333,0.0,1.0,63.333333333333336,0.0,0.0,0.0,0.0,63.333333333333336,63.333333333333336,55,0,24.75,50.416666666666664,36.666666666666664,36,80,74.32916666666668,0.35,0.46666666666666656,False,False,False,False,False,False,False,False,False,0.0,24.75,-5.833333333333329
6178.HK,6178.HK,50.0,0.35,-0.1,22.5,-5.0,0.0,1.0,43.333333333333336,0.0,0.0,0.0,0.0,63.333333333333336,53.888888888888886,75,0,33.75,55.416666666666664,46.111111111111114,36,80,68.97916666666667,0.35,-0.1,False,False,False,False,False,False,False,False,False,0.0,33.75,22.5
1658.HK,1658.HK,50.0,0.0,-0.9555555555555556,47.77777777777778,-47.77777777777778,0.0,0.0,30.0,33.333333333333336,33.333333333333336,33.333333333333336,33.333333333333336,50.0,35.0,75,1,53.75,68.75,65.0,36,80,48.77083333333333,0.0,-0.9555555555555556,False,False,False,False,False,False,True,False,True,0.0,53.75,47.77777777777778
6099.HK,6099.HK,50.0,0.0,-0.38888888888888884,19.444444444444443,-19.444444444444443,0.0,0.0,50.0,33.333333333333336,33.333333333333336,33.333333333333336,33.333333333333336,50.0,44.444444444444436,75,1,53.75,68.75,55.555555555555564,36,80,52.77083333333333,0.0,-0.38888888888888884,False,False,False,False,False,False,False,False,False,0.0,53.75,19.444444444444443
3320.HK,3320.HK,50.0,0.0,-0.06666666666666671,3.3333333333333357,-3.3333333333333357,0.0,0.0,56.666666666666664,0.0,33.333333333333336,0.0,33.333333333333336,54.444444444444436,49.444444444444436,75,0,33.75,64.30555555555557,50.555555555555564,36,80,57.10416666666667,0.0,-0.06666666666666671,False,False,False,False,False,False,False,False,False,0.0,33.75,3.3333333333333357
6066.HK,6066.HK,50.0,0.0,-0.4222222222222222,21.11111111111111,-21.11111111111111,0.0,0.0,36.666666666666664,33.333333333333336,0.0,33.333333333333336,0.0,58.888888888888886,48.888888888888886,75,1,53.75,59.861111111111114,51.111111111111114,36,80,56.77083333333333,0.0,-0.4222222222222222,False,False,False,False,False,False,False,False,False,0.0,53.75,21.11111111111111
1357.HK,1357.HK,50.0,0.0,-0.9555555555555556,47.77777777777778,-47.77777777777778,0.0,0.0,30.0,33.333333333333336,33.333333333333336,33.333333333333336,33.333333333333336,50.0,35.0,75,1,53.75,68.75,65.0,36,80,48.77083333333333,0.0,-0.9555555555555556,False,False,False,False,False,False,True,False,True,0.0,53.75,47.77777777777778
2611.HK,2611.HK,50.0,0.35,0.35,0.0,17.5,0.0,1.0,50.0,0.0,0.0,0.0,0.0,70.0,63.33333333333333,55,0,24.75,43.75,36.66666666666667,36,80,71.6625,0.35,0.35,False,False,False,False,False,False,False,False,False,0.0,24.75,0.0
1651.HK,1651.HK,50.0,0.7,-0.4222222222222222,56.111111111111114,-21.11111111111111,0.0,1.0,36.666666666666664,33.333333333333336,0.0,33.333333333333336,0.0,58.888888888888886,48.888888888888886,75,1,53.75,59.861111111111114,51.111111111111114,36,80,72.52083333333334,0.7,-0.4222222222222222,False,False,False,False,False,False,False,False,False,0.0,53.75,56.111111111111114
1997.HK,1997.HK,50.0,0.0,0.46666666666666656,-23.33333333333333,23.33333333333333,0.0,0.0,63.333333333333336,0.0,0.0,0.0,0.0,63.333333333333336,63.333333333333336,55,0,24.75,50.416666666666664,36.666666666666664,36,80,66.45416666666668,0.0,0.46666666666666656,False,False,False,False,False,False,False,False,False,0.0,24.75,-23.33333333333333
0788.HK,0788.HK,50.0,0.35,0.46666666666666656,-5.833333333333329,23.33333333333333,0.0,1.0,63.333333333333336,0.0,0.0,0.0,0.0,63.333333333333336,63.333333333333336,55,0,24.75,50.416666666666664,36.666666666666664,36,80,74.32916666666668,0.35,0.46666666666666656,False,False,False,False,False,False,False,False,False,0.0,24.75,-5.833333333333329
6862.HK,6862.HK,50.0,-0.9833333333333333,-0.9833333333333333,0.0,-49.166666666666664,2.0,0.0,30.0,50.0,0.0,50.0,0.0,50.0,35.0,75,1,83.75,68.75,85.0,36,80,28.8125,-0.9833333333333333,-0.9833333333333333,False,False,False,False,False,False,True,False,True,2.0,83.75,0.0
1787.HK,1787.HK,0.0,-0.9555555555555556,-0.9555555555555556,0.0,-47.77777777777778,3.0,0.0,30.0,33.333333333333336,33.333333333333336,33.333333333333336,33.333333333333336,50.0,35.0,75,1,98.75,68.75,95.0,36,80,20.520833333333332,-0.9555555555555556,-0.9555555555555556,False,False,False,False,False,True,True,False,True,3.0,98.75,0.0
0780.HK,0780.HK,50.0,0.35,-0.1,22.5,-5.0,0.0,1.0,43.333333333333336,0.0,0.0,0.0,0.0,63.333333333333336,53.888888888888886,75,0,33.75,55.416666666666664,46.111111111111114,36,80,68.97916666666667,0.35,-0.1,False,False,False,False,False,False,False,False,False,0.0,33.75,22.5
3668.HK,3668.HK,50.0,-0.15,-0.4222222222222222,13.61111111111111,-21.11111111111111,1.0,1.0,36.666666666666664,33.333333333333336,0.0,33.333333333333336,0.0,58.888888888888886,48.888888888888886,75,1,68.75,59.861111111111114,61.111111111111114,36,80,51.14583333333333,-0.15,-0.4222222222222222,False,False,False,False,False,False,False,False,False,1.0,68.75,13.61111111111111
6806.HK,6806.HK,50.0,0.0,-0.4222222222222222,21.11111111111111,-21.11111111111111,0.0,0.0,36.666666666666664,33.333333333333336,0.0,33.333333333333336,0.0,58.888888888888886,48.888888888888886,75,1,53.75,59.861111111111114,51.111111111111114,36,80,56.77083333333333,0.0,-0.4222222222222222,False,False,False,False,False,False,False,False,False,0.0,53.75,21.11111111111111
6055.HK,6055.HK,50.0,0.0,-0.06666666666666671,3.3333333333333357,-3.3333333333333357,0.0,0.0,56.666666666666664,0.0,33.333333333333336,0.0,33.333333333333336,54.444444444444436,49.444444444444436,75,0,33.75,64.30555555555557,50.555555555555564,36,80,57.10416666666667,0.0,-0.06666666666666671,False,False,False,False,False,False,False,False,False,0.0,33.75,3.3333333333333357
3692.HK,3692.HK,50.0,0.0,0.46666666666666656,-23.33333333333333,23.33333333333333,0.0,0.0,63.333333333333336,0.0,0.0,0.0,0.0,63.333333333333336,63.333333333333336,55,0,24.75,50.416666666666664,36.666666666666664,36,80,66.45416666666668,0.0,0.46666666666666656,False,False,False,False,False,False,False,False,False,0.0,24.75,-23.33333333333333
1876.HK,1876.HK,50.0,0.0,-0.1,5.0,-5.0,0.0,0.0,43.333333333333336,0.0,0.0,0.0,0.0,63.333333333333336,53.888888888888886,75,0,33.75,55.416666666666664,46.111111111111114,36,80,61.10416666666667,0.0,-0.1,False,False,False,False,False,False,False,False,False,0.0,33.75,5.0
6186.HK,6186.HK,85.0,0.7,-0.38888888888888884,54.44444444444444,-19.444444444444443,0.0,1.0,50.0,33.333333333333336,33.333333333333336,33.333333333333336,33.333333333333336,50.0,44.444444444444436,75,1,53.75,68.75,55.555555555555564,36,80,68.52083333333333,0.7,-0.38888888888888884,False,False,False,False,False,False,False,False,False,0.0,53.75,54.44444444444444
9999.HK,9999.HK,85.0,0.46666666666666656,0.46666666666666656,0.0,23.33333333333333,0.0,2.0,63.333333333333336,0.0,0.0,0.0,0.0,63.333333333333336,63.333333333333336,55,0,24.75,50.416666666666664,36.666666666666664,36,80,76.95416666666668,0.46666666666666656,0.46666666666666656,False,False,False,False,False,False,False,False,False,0.0,24.75,0.0
9618.HK,9618.HK,50.0,-0.1,-0.1,0.0,-5.0,1.0,1.0,43.333333333333336,0.0,0.0,0.0,0.0,63.333333333333336,53.888888888888886,75,0,48.75,55.416666666666664,56.111111111111114,36,80,56.60416666666667,-0.1,-0.1,False,False,False,False,False,False,False,False,False,1.0,48.75,0.0
6969.HK,6969.HK,50.0,-0.15,-0.4222222222222222,13.61111111111111,-21.11111111111111,1.0,1.0,36.666666666666664,33.333333333333336,0.0,33.333333333333336,0.0,58.888888888888886,48.888888888888886,75,1,68.75,59.861111111111114,61.111111111111114,36,80,51.14583333333333,-0.15,-0.4222222222222222,False,False,False,False,False,False,False,False,False,1.0,68.75,13.61111111111111
9633.HK,9633.HK,50.0,0.7,0.46666666666666656,11.666666666666671,23.33333333333333,0.0,1.0,63.333333333333336,0.0,0.0,0.0,0.0,63.333333333333336,63.333333333333336,55,0,24.75,50.416666666666664,36.666666666666664,36,80,82.20416666666668,0.7,0.46666666666666656,False,False,False,False,False,False,False,False,False,0.0,24.75,11.666666666666671
9987.HK,9987.HK,50.0,0.0,-0.1,5.0,-5.0,0.0,0.0,43.333333333333336,0.0,0.0,0.0,0.0,63.333333333333336,53.888888888888886,75,0,33.75,55.416666666666664,46.111111111111114,36,80,61.10416666666667,0.0,-0.1,False,False,False,False,False,False,False,False,False,0.0,33.75,5.0
1179.HK,1179.HK,50.0,0.0,-0.9555555555555556,47.77777777777778,-47.77777777777778,0.0,0.0,30.0,33.333333333333336,33.333333333333336,33.333333333333336,33.333333333333336,50.0,35.0,75,1,53.75,68.75,65.0,36,80,48.77083333333333,0.0,-0.9555555555555556,False,False,False,False,False,False,True,False,True,0.0,53.75,47.77777777777778
2057.HK,2057.HK,50.0,0.0,-0.38888888888888884,19.444444444444443,-19.444444444444443,0.0,0.0,50.0,33.333333333333336,33.333333333333336,33.333333333333336,33.333333333333336,50.0,44.444444444444436,75,1,53.75,68.75,55.555555555555564,36,80,52.77083333333333,0.0,-0.38888888888888884,False,False,False,False,False,False,False,False,False,0.0,53.75,19.444444444444443
2096.HK,2096.HK,50.0,0.0,-0.9555555555555556,47.77777777777778,-47.77777777777778,0.0,0.0,30.0,33.333333333333336,33.333333333333336,33.333333333333336,33.333333333333336,50.0,35.0,75,1,53.75,68.75,65.0,36,80,48.77083333333333,0.0,-0.9555555555555556,False,False,False,False,False,False,True,False,True,0.0,53.75,47.77777777777778
9901.HK,9901.HK,50.0,0.0,-0.38888888888888884,19.444444444444443,-19.444444444444443,0.0,0.0,50.0,33.333333333333336,33.333333333333336,33.333333333333336,33.333333333333336,50.0,44.444444444444436,75,1,53.75,68.75,55.555555555555564,36,80,52.77083333333333,0.0,-0.38888888888888884,False,False,False,False,False,False,False,False,False,0.0,53.75,19.444444444444443
1209.HK,1209.HK,50.0,0.0,-0.1,5.0,-5.0,0.0,0.0,43.333333333333336,0.0,0.0,0.0,0.0,63.333333333333336,53.888888888888886,75,0,33.75,55.416666666666664,46.111111111111114,36,80,61.10416666666667,0.0,-0.1,False,False,False,False,False,False,False,False,False,0.0,33.75,5.0
9992.HK,9992.HK,50.0,0.0,-0.4222222222222222,21.11111111111111,-21.11111111111111,0.0,0.0,36.666666666666664,33.333333333333336,0.0,33.333333333333336,0.0,58.888888888888886,48.888888888888886,75,1,53.75,59.861111111111114,51.111111111111114,36,80,56.77083333333333,0.0,-0.4222222222222222,False,False,False,False,False,False,False,False,False,0.0,53.75,21.11111111111111
6690.HK,6690.HK,50.0,0.0,-0.9333333333333332,46.666666666666664,-46.666666666666664,0.0,0.0,30.0,50.0,50.0,50.0,50.0,50.0,35.0,75,1,53.75,68.75,65.0,36,80,45.4375,0.0,-0.9333333333333332,False,False,False,False,False,False,True,False,True,0.0,53.75,46.666666666666664
1024.HK,1024.HK,1.666666666666667,-0.9333333333333332,-0.9555555555555556,1.1111111111111112,-47.77777777777778,2.0,0.0,30.0,33.333333333333336,33.333333333333336,33.333333333333336,33.333333333333336,50.0,35.0,75,1,83.75,68.75,85.0,36,80,23.270833333333332,-0.9333333333333332,-0.9555555555555556,False,False,False,False,False,False,True,False,True,2.0,83.75,1.1111111111111112
6821.HK,6821.HK,50.0,0.0,0.46666666666666656,-23.33333333333333,23.33333333333333,0.0,0.0,63.333333333333336,0.0,0.0,0.0,0.0,63.333333333333336,63.333333333333336,55,0,24.75,50.416666666666664,36.666666666666664,36,80,66.45416666666668,0.0,0.46666666666666656,False,False,False,False,False,False,False,False,False,0.0,24.75,-23.33333333333333
2276.HK,2276.HK,50.0,0.0,-0.1,5.0,-5.0,0.0,0.0,43.333333333333336,0.0,0.0,0.0,0.0,63.333333333333336,53.888888888888886,75,0,33.75,55.416666666666664,46.111111111111114,36,80,61.10416666666667,0.0,-0.1,False,False,False,False,False,False,False,False,False,0.0,33.75,5.0
6680.HK,6680.HK,50.0,0.0,-0.4222222222222222,21.11111111111111,-21.11111111111111,0.0,0.0,36.666666666666664,33.333333333333336,0.0,33.333333333333336,0.0,58.888888888888886,48.888888888888886,75,1,53.75,59.861111111111114,51.111111111111114,36,80,56.77083333333333,0.0,-0.4222222222222222,False,False,False,False,False,False,False,False,False,0.0,53.75,21.11111111111111
6655.HK,6655.HK,50.0,0.0,-0.06666666666666671,3.3333333333333357,-3.3333333333333357,0.0,0.0,56.666666666666664,0.0,33.333333333333336,0.0,33.333333333333336,54.444444444444436,49.444444444444436,75,0,33.75,64.30555555555557,50.555555555555564,36,80,57.10416666666667,0.0,-0.06666666666666671,False,False,False,False,False,False,False,False,False,0.0,33.75,3.3333333333333357
2423.HK,2423.HK,50.0,0.0,0.46666666666666656,-23.33333333333333,23.33333333333333,0.0,0.0,63.333333333333336,0.0,0.0,0.0,0.0,63.333333333333336,63.333333333333336,55,0,24.75,50.416666666666664,36.666666666666664,36,80,66.45416666666668,0.0,0.46666666666666656,False,False,False,False,False,False,False,False,False,0.0,24.75,-23.33333333333333
9896.HK,9896.HK,50.0,0.0,-0.1,5.0,-5.0,0.0,0.0,60.0,0.0,50.0,0.0,50.0,50.0,49.166666666666664,75,0,33.75,68.75,50.833333333333336,36,80,54.4375,0.0,-0.1,False,False,False,False,False,False,False,False,False,0.0,33.75,5.0
1880.HK,1880.HK,50.0,-0.9,-0.95,2.5,-47.5,1.0,0.0,30.0,0.0,50.0,0.0,50.0,50.0,35.0,75,1,68.75,68.75,75.0,36,80,22.9375,-0.9,-0.95,False,False,False,False,False,False,True,False,True,1.0,68.75,2.5
1698.HK,1698.HK,85.0,0.35,-0.06666666666666671,20.833333333333336,-3.3333333333333357,0.0,1.0,56.666666666666664,0.0,33.333333333333336,0.0,33.333333333333336,54.444444444444436,49.444444444444436,75,0,33.75,64.30555555555557,50.555555555555564,36,80,64.97916666666667,0.35,-0.06666666666666671,False,False,False,False,False,False,False,False,False,0.0,33.75,20.833333333333336
2367.HK,2367.HK,85.0,-0.4222222222222222,-0.4222222222222222,0.0,-21.11111111111111,2.0,1.0,36.666666666666664,33.333333333333336,0.0,33.333333333333336,0.0,58.888888888888886,48.888888888888886,75,1,83.75,59.861111111111114,71.11111111111111,36,80,42.77083333333333,-0.4222222222222222,-0.4222222222222222,False,False,False,False,False,False,False,False,False,2.0,83.75,0.0
2245.HK,2245.HK,0.0,-0.9555555555555556,-0.9555555555555556,0.0,-47.77777777777778,3.0,0.0,30.0,33.333333333333336,33.333333333333336,33.333333333333336,33.333333333333336,50.0,35.0,75,1,98.75,68.75,95.0,36,80,20.520833333333332,-0.9555555555555556,-0.9555555555555556,False,False,False,False,False,True,True,False,True,3.0,98.75,0.0
6963.HK,6963.HK,1.666666666666667,-0.38888888888888884,-0.38888888888888884,0.0,-19.444444444444443,2.0,1.0,50.0,33.333333333333336,33.333333333333336,33.333333333333336,33.333333333333336,50.0,44.444444444444436,75,1,83.75,68.75,75.55555555555557,36,80,39.52083333333333,-0.38888888888888884,-0.38888888888888884,False,False,False,False,False,False,False,False,False,2.0,83.75,0.0
9636.HK,9636.HK,50.0,0.35,-0.1,22.5,-5.0,0.0,1.0,43.333333333333336,0.0,0.0,0.0,0.0,63.333333333333336,53.888888888888886,75,0,33.75,55.416666666666664,46.111111111111114,36,80,68.97916666666667,0.35,-0.1,False,False,False,False,False,False,False,False,False,0.0,33.75,22.5
2419.HK,2419.HK,50.0,0.0,-0.9555555555555556,47.77777777777778,-47.77777777777778,0.0,0.0,30.0,33.333333333333336,33.333333333333336,33.333333333333336,33.333333333333336,50.0,35.0,75,1,53.75,68.75,65.0,36,80,48.77083333333333,0.0,-0.9555555555555556,False,False,False,False,False,False,True,False,True,0.0,53.75,47.77777777777778
6181.HK,6181.HK,50.0,0.0,-0.1,5.0,-5.0,0.0,0.0,43.333333333333336,0.0,0.0,0.0,0.0,63.333333333333336,53.888888888888886,75,0,33.75,55.416666666666664,46.111111111111114,36,80,61.10416666666667,0.0,-0.1,False,False,False,False,False,False,False,False,False,0.0,33.75,5.0
2507.HK,2507.HK,50.0,0.0,-0.4222222222222222,21.11111111111111,-21.11111111111111,0.0,0.0,36.666666666666664,33.333333333333336,0.0,33.333333333333336,0.0,58.888888888888886,48.888888888888886,75,1,53.75,59.861111111111114,51.111111111111114,36,80,56.77083333333333,0.0,-0.4222222222222222,False,False,False,False,False,False,False,False,False,0.0,53.75,21.11111111111111
0300.HK,0300.HK,50.0,0.0,-0.9555555555555556,47.77777777777778,-47.77777777777778,0.0,0.0,30.0,33.333333333333336,33.333333333333336,33.333333333333336,33.333333333333336,50.0,35.0,75,1,53.75,68.75,65.0,36,80,48.77083333333333,0.0,-0.9555555555555556,False,False,False,False,False,False,True,False,True,0.0,53.75,47.77777777777778
6936.HK,6936.HK,50.0,0.0,-0.06666666666666671,3.3333333333333357,-3.3333333333333357,0.0,0.0,56.666666666666664,0.0,33.333333333333336,0.0,33.333333333333336,54.444444444444436,49.444444444444436,75,0,33.75,64.30555555555557,50.555555555555564,36,80,57.10416666666667,0.0,-0.06666666666666671,False,False,False,False,False,False,False,False,False,0.0,33.75,3.3333333333333357
1318.HK,1318.HK,50.0,0.0,0.46666666666666656,-23.33333333333333,23.33333333333333,0.0,0.0,63.333333333333336,0.0,0.0,0.0,0.0,63.333333333333336,63.333333333333336,55,0,24.75,50.416666666666664,36.666666666666664,36,80,66.45416666666668,0.0,0.46666666666666656,False,False,False,False,False,False,False,False,False,0.0,24.75,-23.33333333333333
1364.HK,1364.HK,50.0,0.0,0.35,-17.5,17.5,0.0,0.0,50.0,0.0,0.0,0.0,0.0,70.0,63.33333333333333,75,0,33.75,48.75,36.66666666666667,36,80,62.4375,0.0,0.35,False,False,False,False,False,False,False,False,False,0.0,33.75,-17.5
3288.HK,3288.HK,5.0,-0.9,-0.9555555555555556,2.7777777777777777,-47.77777777777778,1.0,0.0,30.0,33.333333333333336,33.333333333333336,33.333333333333336,33.333333333333336,50.0,35.0,75,1,68.75,68.75,75.0,36,80,26.270833333333332,-0.9,-0.9555555555555556,False,False,False,False,False,False,True,False,True,1.0,68.75,2.7777777777777777
2050.HK,2050.HK,85.0,0.7,-0.38888888888888884,54.44444444444444,-19.444444444444443,0.0,1.0,50.0,33.333333333333336,33.333333333333336,33.333333333333336,33.333333333333336,50.0,44.444444444444436,75,1,53.75,68.75,55.555555555555564,36,80,68.52083333333333,0.7,-0.38888888888888884,False,False,False,False,False,False,False,False,False,0.0,53.75,54.44444444444444
2648.HK,2648.HK,50.0,0.0,-0.45,22.5,-22.5,0.0,0.0,40.0,0.0,50.0,0.0,50.0,56.666666666666664,42.5,75,0,33.75,62.083333333333336,57.5,36,80,50.4375,0.0,-0.45,False,False,False,False,False,False,False,False,False,0.0,33.75,22.5
6613.HK,6613.HK,50.0,0.35,0.46666666666666656,-5.833333333333329,23.33333333333333,0.0,1.0,63.333333333333336,0.0,0.0,0.0,0.0,63.333333333333336,63.333333333333336,55,0,24.75,50.416666666666664,36.666666666666664,36,80,74.32916666666668,0.35,0.46666666666666656,False,False,False,False,False,False,False,False,False,0.0,24.75,-5.833333333333329
9973.HK,9973.HK,1.666666666666667,-0.38888888888888884,-0.38888888888888884,0.0,-19.444444444444443,2.0,1.0,50.0,33.333333333333336,33.333333333333336,33.333333333333336,33.333333333333336,50.0,44.444444444444436,75,1,83.75,68.75,75.55555555555557,36,80,39.52083333333333,-0.38888888888888884,-0.38888888888888884,False,False,False,False,False,False,False,False,False,2.0,83.75,0.0
2259.HK,2259.HK,5.0,-0.06666666666666671,-0.06666666666666671,0.0,-3.3333333333333357,1.0,1.0,56.666666666666664,0.0,33.333333333333336,0.0,33.333333333333336,54.444444444444436,49.444444444444436,75,0,48.75,64.30555555555557,60.555555555555564,36,80,53.35416666666667,-0.06666666666666671,-0.06666666666666671,False,False,False,False,False,False,False,False,False,1.0,48.75,0.0
6031.HK,6031.HK,50.0,0.46666666666666656,0.46666666666666656,0.0,23.33333333333333,0.0,2.0,63.333333333333336,0.0,0.0,0.0,0.0,63.333333333333336,63.333333333333336,55,0,24.75,50.416666666666664,36.666666666666664,36,80,76.95416666666668,0.46666666666666656,0.46666666666666656,False,False,False,False,False,False,False,False,False,0.0,24.75,0.0
9927.HK,9927.HK,50.0,0.35,-0.1,22.5,-5.0,0.0,1.0,43.333333333333336,0.0,0.0,0.0,0.0,63.333333333333336,53.888888888888886,75,0,33.75,55.416666666666664,46.111111111111114,36,80,68.97916666666667,0.35,-0.1,False,False,False,False,False,False,False,False,False,0.0,33.75,22.5
2698.HK,2698.HK,50.0,-0.15,-0.4222222222222222,13.61111111111111,-21.11111111111111,1.0,1.0,36.666666666666664,33.333333333333336,0.0,33.333333333333336,0.0,58.888888888888886,48.888888888888886,75,1,68.75,59.861111111111114,61.111111111111114,36,80,51.14583333333333,-0.15,-0.4222222222222222,False,False,False,False,False,False,False,False,False,1.0,68.75,13.61111111111111
2579.HK,2579.HK,50.0,-0.9833333333333333,-0.9555555555555556,-1.3888888888888888,-47.77777777777778,2.0,0.0,30.0,33.333333333333336,33.333333333333336,33.333333333333336,33.333333333333336,50.0,35.0,75,1,83.75,68.75,85.0,36,80,22.145833333333332,-0.9833333333333333,-0.9555555555555556,False,False,False,False,False,False,True,False,True,2.0,83.75,-1.3888888888888888
2788.HK,2788.HK,50.0,-0.9666666666666667,-0.38888888888888884,-28.88888888888889,-19.444444444444443,1.0,0.0,50.0,33.333333333333336,33.333333333333336,33.333333333333336,33.333333333333336,50.0,44.444444444444436,75,1,68.75,68.75,65.55555555555557,36,80,28.770833333333332,-0.9666666666666667,-0.38888888888888884,False,False,False,False,False,False,False,False,False,1.0,68.75,-28.88888888888889
000001.SHE,000001.SHE,50.0,0.7,-0.4222222222222222,56.111111111111114,-21.11111111111111,0.0,1.0,36.666666666666664,33.333333333333336,0.0,33.333333333333336,0.0,58.888888888888886,48.888888888888886,75,1,53.75,59.861111111111114,51.111111111111114,36,80,72.52083333333334,0.7,-0.4222222222222222,False,False,False,False,False,False,False,False,False,0.0,53.75,56.111111111111114
000009.SHE,000009.SHE,50.0,-1.0,-0.9555555555555556,-2.2222222222222223,-47.77777777777778,1.0,0.0,30.0,33.333333333333336,33.333333333333336,33.333333333333336,33.333333333333336,50.0,35.0,75,1,68.75,68.75,75.0,36,80,24.020833333333332,-1.0,-0.9555555555555556,False,False,False,False,False,False,True,False,True,1.0,68.75,-2.2222222222222223
000039.SHE,000039.SHE,50.0,-0.9666666666666667,-0.38888888888888884,-28.88888888888889,-19.444444444444443,1.0,0.0,50.0,33.333333333333336,33.333333333333336,33.333333333333336,33.333333333333336,50.0,44.444444444444436,75,1,68.75,68.75,65.55555555555557,36,80,28.770833333333332,-0.9666666666666667,-0.38888888888888884,False,False,False,False,False,False,False,False,False,1.0,68.75,-28.88888888888889
000062.SHE,000062.SHE,50.0,-0.9,-0.06666666666666671,-41.666666666666664,-3.3333333333333357,1.0,0.0,56.666666666666664,0.0,33.333333333333336,0.0,33.333333333333336,54.444444444444436,49.444444444444436,75,0,48.75,64.30555555555557,60.555555555555564,36,80,34.60416666666667,-0.9,-0.06666666666666671,False,False,False,False,False,False,False,False,False,1.0,48.75,-41.666666666666664
000063.SHE,000063.SHE,50.0,0.0,0.46666666666666656,-23.33333333333333,23.33333333333333,0.0,0.0,63.333333333333336,0.0,0.0,0.0,0.0,63.333333333333336,63.333333333333336,55,0,24.75,50.416666666666664,36.666666666666664,36,80,66.45416666666668,0.0,0.46666666666666656,False,False,False,False,False,False,False,False,False,0.0,24.75,-23.33333333333333
000100.SHE,000100.SHE,50.0,0.0,-0.1,5.0,-5.0,0.0,0.0,43.333333333333336,0.0,0.0,0.0,0.0,63.333333333333336,53.888888888888886,75,0,33.75,55.416666666666664,46.111111111111114,36,80,61.10416666666667,0.0,-0.1,False,False,False,False,False,False,False,False,False,0.0,33.75,5.0
000157.SHE,000157.SHE,50.0,0.0,-0.4222222222222222,21.11111111111111,-21.11111111111111,0.0,0.0,36.666666666666664,33.333333333333336,0.0,33.333333333333336,0.0,58.888888888888886,48.888888888888886,75,1,53.75,59.861111111111114,51.111111111111114,36,80,56.77083333333333,0.0,-0.4222222222222222,False,False,False,False,False,False,False,False,False,0.0,53.75,21.11111111111111
000166.SHE,000166.SHE,50.0,0.0,-0.9555555555555556,47.77777777777778,-47.77777777777778,0.0,0.0,30.0,33.333333333333336,33.333333333333336,33.333333333333336,33.333333333333336,50.0,35.0,75,1,53.75,68.75,65.0,36,80,48.77083333333333,0.0,-0.9555555555555556,False,False,False,False,False,False,True,False,True,0.0,53.75,47.77777777777778
000333.SHE,000333.SHE,50.0,0.0,-0.38888888888888884,19.444444444444443,-19.444444444444443,0.0,0.0,50.0,33.333333333333336,33.333333333333336,33.333333333333336,33.333333333333336,50.0,44.444444444444436,75,1,53.75,68.75,55.555555555555564,36,80,52.77083333333333,0.0,-0.38888888888888884,False,False,False,False,False,False,False,False,False,0.0,53.75,19.444444444444443
000338.SHE,000338.SHE,50.0,0.0,-0.06666666666666671,3.3333333333333357,-3.3333333333333357,0.0,0.0,56.666666666666664,0.0,33.333333333333336,0.0,33.333333333333336,54.444444444444436,49.444444444444436,75,0,33.75,64.30555555555557,50.555555555555564,36,80,57.10416666666667,0.0,-0.06666666666666671,False,False,False,False,False,False,False,False,False,0.0,33.75,3.3333333333333357
000408.SHE,000408.SHE,50.0,0.0,0.46666666666666656,-23.33333333333333,23.33333333333333,0.0,0.0,63.333333333333336,0.0,0.0,0.0,0.0,63.333333333333336,63.333333333333336,55,0,24.75,50.416666666666664,36.666666666666664,36,80,66.45416666666668,0.0,0.46666666666666656,False,False,False,False,False,False,False,False,False,0.0,24.75,-23.33333333333333
000425.SHE,000425.SHE,50.0,0.0,-0.1,5.0,-5.0,0.0,0.0,43.333333333333336,0.0,0.0,0.0,0.0,63.333333333333336,53.888888888888886,75,0,33.75,55.416666666666664,46.111111111111114,36,80,61.10416666666667,0.0,-0.1,False,False,False,False,False,False,False,False,False,0.0,33.75,5.0
000538.SHE,000538.SHE,50.0,0.0,-0.4222222222222222,21.11111111111111,-21.11111111111111,0.0,0.0,36.666666666666664,33.333333333333336,0.0,33.333333333333336,0.0,58.888888888888886,48.888888888888886,75,1,53.75,59.861111111111114,51.111111111111114,36,80,56.77083333333333,0.0,-0.4222222222222222,False,False,False,False,False,False,False,False,False,0.0,53.75,21.11111111111111
000559.SHE,000559.SHE,50.0,0.0,-0.9555555555555556,47.77777777777778,-47.77777777777778,0.0,0.0,30.0,33.333333333333336,33.333333333333336,33.333333333333336,33.333333333333336,50.0,35.0,75,1,53.75,68.75,65.0,36,80,48.77083333333333,0.0,-0.9555555555555556,False,False,False,False,False,False,True,False,True,0.0,53.75,47.77777777777778
000568.SHE,000568.SHE,50.0,0.0,-0.38888888888888884,19.444444444444443,-19.444444444444443,0.0,0.0,50.0,33.333333333333336,33.333333333333336,33.333333333333336,33.333333333333336,50.0,44.444444444444436,75,1,53.75,68.75,55.555555555555564,36,80,52.77083333333333,0.0,-0.38888888888888884,False,False,False,False,False,False,False,False,False,0.0,53.75,19.444444444444443
000596.SHE,000596.SHE,50.0,0.0,-0.06666666666666671,3.3333333333333357,-3.3333333333333357,0.0,0.0,56.666666666666664,0.0,33.333333333333336,0.0,33.333333333333336,54.444444444444436,49.444444444444436,75,0,33.75,64.30555555555557,50.555555555555564,36,80,57.10416666666667,0.0,-0.06666666666666671,False,False,False,False,False,False,False,False,False,0.0,33.75,3.3333333333333357
000617.SHE,000617.SHE,50.0,0.0,0.46666666666666656,-23.33333333333333,23.33333333333333,0.0,0.0,63.333333333333336,0.0,0.0,0.0,0.0,63.333333333333336,63.333333333333336,55,0,24.75,50.416666666666664,36.666666666666664,36,80,66.45416666666668,0.0,0.46666666666666656,False,False,False,False,False,False,False,False,False,0.0,24.75,-23.33333333333333
000625.SHE,000625.SHE,50.0,0.0,0.35,-17.5,17.5,0.0,0.0,50.0,0.0,0.0,0.0,0.0,70.0,63.33333333333333,75,0,33.75,48.75,36.66666666666667,36,80,62.4375,0.0,0.35,False,False,False,False,False,False,False,False,False,0.0,33.75,-17.5
000630.SHE,000630.SHE,1.666666666666667,-0.9666666666666667,-0.4222222222222222,-27.22222222222222,-21.11111111111111,1.0,0.0,36.666666666666664,33.333333333333336,0.0,33.333333333333336,0.0,58.888888888888886,48.888888888888886,75,1,68.75,59.861111111111114,61.111111111111114,36,80,32.770833333333336,-0.9666666666666667,-0.4222222222222222,False,False,False,False,False,False,False,False,False,1.0,68.75,-27.22222222222222
000651.SHE,000651.SHE,5.0,-0.9,-0.9555555555555556,2.7777777777777777,-47.77777777777778,1.0,0.0,30.0,33.333333333333336,33.333333333333336,33.333333333333336,33.333333333333336,50.0,35.0,75,1,68.75,68.75,75.0,36,80,26.270833333333332,-0.9,-0.9555555555555556,False,False,False,False,False,False,True,False,True,1.0,68.75,2.7777777777777777
000708.SHE,000708.SHE,85.0,0.7,-0.13333333333333328,41.666666666666664,-6.666666666666664,0.0,1.0,60.0,50.0,0.0,50.0,0.0,50.0,49.166666666666664,75,1,53.75,68.75,50.833333333333336,36,80,77.1875,0.7,-0.13333333333333328,False,False,False,False,False,False,False,False,False,0.0,53.75,41.666666666666664
000776.SHE,000776.SHE,50.0,0.0,-0.45,22.5,-22.5,0.0,0.0,40.0,0.0,50.0,0.0,50.0,56.666666666666664,42.5,75,0,33.75,62.083333333333336,57.5,36,80,50.4375,0.0,-0.45,False,False,False,False,False,False,False,False,False,0.0,33.75,22.5
000783.SHE,000783.SHE,50.0,0.35,0.46666666666666656,-5.833333333333329,23.33333333333333,0.0,1.0,63.333333333333336,0.0,0.0,0.0,0.0,63.333333333333336,63.333333333333336,55,0,24.75,50.416666666666664,36.666666666666664,36,80,74.32916666666668,0.35,0.46666666666666656,False,False,False,False,False,False,False,False,False,0.0,24.75,-5.833333333333329
000807.SHE,000807.SHE,85.0,-0.15,-0.1,-2.5,-5.0,1.0,1.0,43.333333333333336,0.0,0.0,0.0,0.0,63.333333333333336,53.888888888888886,75,0,48.75,55.416666666666664,56.111111111111114,36,80,55.47916666666667,-0.15,-0.1,False,False,False,False,False,False,False,False,False,1.0,48.75,-2.5
000858.SHE,000858.SHE,50.0,-0.9833333333333333,-0.9833333333333333,0.0,-49.166666666666664,2.0,0.0,30.0,50.0,0.0,50.0,0.0,50.0,35.0,75,1,83.75,68.75,85.0,36,80,28.8125,-0.9833333333333333,-0.9833333333333333,False,False,False,False,False,False,True,False,True,2.0,83.75,0.0
000878.SHE,000878.SHE,0.0,-0.9555555555555556,-0.9555555555555556,0.0,-47.77777777777778,3.0,0.0,30.0,33.333333333333336,33.333333333333336,33.333333333333336,33.333333333333336,50.0,35.0,75,1,98.75,68.75,95.0,36,80,20.520833333333332,-0.9555555555555556,-0.9555555555555556,False,False,False,False,False,True,True,False,True,3.0,98.75,0.0
000895.SHE,000895.SHE,1.666666666666667,-0.38888888888888884,-0.38888888888888884,0.0,-19.444444444444443,2.0,1.0,50.0,33.333333333333336,33.333333333333336,33.333333333333336,33.333333333333336,50.0,44.444444444444436,75,1,83.75,68.75,75.55555555555557,36,80,39.52083333333333,-0.38888888888888884,-0.38888888888888884,False,False,False,False,False,False,False,False,False,2.0,83.75,0.0
000933.SHE,000933.SHE,5.0,-0.06666666666666671,-0.06666666666666671,0.0,-3.3333333333333357,1.0,1.0,56.666666666666664,0.0,33.333333333333336,0.0,33.333333333333336,54.444444444444436,49.444444444444436,75,0,48.75,64.30555555555557,60.555555555555564,36,80,53.35416666666667,-0.06666666666666671,-0.06666666666666671,False,False,False,False,False,False,False,False,False,1.0,48.75,0.0
000958.SHE,000958.SHE,50.0,0.35,0.46666666666666656,-5.833333333333329,23.33333333333333,0.0,1.0,63.333333333333336,0.0,0.0,0.0,0.0,63.333333333333336,63.333333333333336,55,0,24.75,50.416666666666664,36.666666666666664,36,80,74.32916666666668,0.35,0.46666666666666656,False,False,False,False,False,False,False,False,False,0.0,24.75,-5.833333333333329
000960.SHE,000960.SHE,50.0,0.35,-0.1,22.5,-5.0,0.0,1.0,43.333333333333336,0.0,0.0,0.0,0.0,63.333333333333336,53.888888888888886,75,0,33.75,55.416666666666664,46.111111111111114,36,80,68.97916666666667,0.35,-0.1,False,False,False,False,False,False,False,False,False,0.0,33.75,22.5
000963.SHE,000963.SHE,50.0,-0.15,-0.4222222222222222,13.61111111111111,-21.11111111111111,1.0,1.0,36.666666666666664,33.333333333333336,0.0,33.333333333333336,0.0,58.888888888888886,48.888888888888886,75,1,68.75,59.861111111111114,61.111111111111114,36,80,51.14583333333333,-0.15,-0.4222222222222222,False,False,False,False,False,False,False,False,False,1.0,68.75,13.61111111111111
000967.SHE,000967.SHE,50.0,-0.9833333333333333,-0.9555555555555556,-1.3888888888888888,-47.77777777777778,2.0,0.0,30.0,33.333333333333336,33.333333333333336,33.333333333333336,33.333333333333336,50.0,35.0,75,1,83.75,68.75,85.0,36,80,22.145833333333332,-0.9833333333333333,-0.9555555555555556,False,False,False,False,False,False,True,False,True,2.0,83.75,-1.3888888888888888
000975.SHE,000975.SHE,50.0,-0.9666666666666667,-0.38888888888888884,-28.88888888888889,-19.444444444444443,1.0,0.0,50.0,33.333333333333336,33.333333333333336,33.333333333333336,33.333333333333336,50.0,44.444444444444436,75,1,68.75,68.75,65.55555555555557,36,80,28.770833333333332,-0.9666666666666667,-0.38888888888888884,False,False,False,False,False,False,False,False,False,1.0,68.75,-28.88888888888889
000983.SHE,000983.SHE,50.0,-0.9,-0.06666666666666671,-41.666666666666664,-3.3333333333333357,1.0,0.0,56.666666666666664,0.0,33.333333333333336,0.0,33.333333333333336,54.444444444444436,49.444444444444436,75,0,48.75,64.30555555555557,60.555555555555564,36,80,34.60416666666667,-0.9,-0.06666666666666671,False,False,False,False,False,False,False,False,False,1.0,48.75,-41.666666666666664
002001.SHE,002001.SHE,50.0,0.7,0.46666666666666656,11.666666666666671,23.33333333333333,0.0,1.0,63.333333333333336,0.0,0.0,0.0,0.0,63.333333333333336,63.333333333333336,55,0,24.75,50.416666666666664,36.666666666666664,36,80,82.20416666666668,0.7,0.46666666666666656,False,False,False,False,False,False,False,False,False,0.0,24.75,11.666666666666671
002027.SHE,002027.SHE,50.0,0.0,-0.1,5.0,-5.0,0.0,0.0,43.333333333333336,0.0,0.0,0.0,0.0,63.333333333333336,53.888888888888886,75,0,33.75,55.416666666666664,46.111111111111114,36,80,61.10416666666667,0.0,-0.1,False,False,False,False,False,False,False,False,False,0.0,33.75,5.0
002050.SHE,002050.SHE,50.0,0.0,-0.4222222222222222,21.11111111111111,-21.11111111111111,0.0,0.0,36.666666666666664,33.333333333333336,0.0,33.333333333333336,0.0,58.888888888888886,48.888888888888886,75,1,53.75,59.861111111111114,51.111111111111114,36,80,56.77083333333333,0.0,-0.4222222222222222,False,False,False,False,False,False,False,False,False,0.0,53.75,21.11111111111111
002056.SHE,002056.SHE,50.0,0.0,-0.9555555555555556,47.77777777777778,-47.77777777777778,0.0,0.0,30.0,33.333333333333336,33.333333333333336,33.333333333333336,33.333333333333336,50.0,35.0,75,1,53.75,68.75,65.0,36,80,48.77083333333333,0.0,-0.9555555555555556,False,False,False,False,False,False,True,False,True,0.0,53.75,47.77777777777778
002064.SHE,002064.SHE,50.0,0.0,-0.38888888888888884,19.444444444444443,-19.444444444444443,0.0,0.0,50.0,33.333333333333336,33.333333333333336,33.333333333333336,33.333333333333336,50.0,44.444444444444436,75,1,53.75,68.75,55.555555555555564,36,80,52.77083333333333,0.0,-0.38888888888888884,False,False,False,False,False,False,False,False,False,0.0,53.75,19.444444444444443
002128.SHE,002128.SHE,50.0,0.0,-0.06666666666666671,3.3333333333333357,-3.3333333333333357,0.0,0.0,56.666666666666664,0.0,33.333333333333336,0.0,33.333333333333336,54.444444444444436,49.444444444444436,75,0,33.75,64.30555555555557,50.555555555555564,36,80,57.10416666666667,0.0,-0.06666666666666671,False,False,False,False,False,False,False,False,False,0.0,33.75,3.3333333333333357
002131.SHE,002131.SHE,50.0,0.0,0.46666666666666656,-23.33333333333333,23.33333333333333,0.0,0.0,63.333333333333336,0.0,0.0,0.0,0.0,63.333333333333336,63.333333333333336,55,0,24.75,50.416666666666664,36.666666666666664,36,80,66.45416666666668,0.0,0.46666666666666656,False,False,False,False,False,False,False,False,False,0.0,24.75,-23.33333333333333
002138.SHE,002138.SHE,50.0,0.0,-0.1,5.0,-5.0,0.0,0.0,43.333333333333336,0.0,0.0,0.0,0.0,63.333333333333336,53.888888888888886,75,0,33.75,55.416666666666664,46.111111111111114,36,80,61.10416666666667,0.0,-0.1,False,False,False,False,False,False,False,False,False,0.0,33.75,5.0
002142.SHE,002142.SHE,50.0,0.0,-0.4222222222222222,21.11111111111111,-21.11111111111111,0.0,0.0,36.666666666666664,33.333333333333336,0.0,33.333333333333336,0.0,58.888888888888886,48.888888888888886,75,1,53.75,59.861111111111114,51.111111111111114,36,80,56.77083333333333,0.0,-0.4222222222222222,False,False,False,False,False,False,False,False,False,0.0,53.75,21.11111111111111
002155.SHE,002155.SHE,50.0,0.0,-0.9555555555555556,47.77777777777778,-47.77777777777778,0.0,0.0,30.0,33.333333333333336,33.333333333333336,33.333333333333336,33.333333333333336,50.0,35.0,75,1,53.75,68.75,65.0,36,80,48.77083333333333,0.0,-0.9555555555555556,False,False,False,False,False,False,True,False,True,0.0,53.75,47.77777777777778
002179.SHE,002179.SHE,50.0,0.0,-0.38888888888888884,19.444444444444443,-19.444444444444443,0.0,0.0,50.0,33.333333333333336,33.333333333333336,33.333333333333336,33.333333333333336,50.0,44.444444444444436,75,1,53.75,68.75,55.555555555555564,36,80,52.77083333333333,0.0,-0.38888888888888884,False,False,False,False,False,False,False,False,False,0.0,53.75,19.444444444444443
002203.SHE,002203.SHE,50.0,0.0,-0.06666666666666671,3.3333333333333357,-3.3333333333333357,0.0,0.0,56.666666666666664,0.0,33.333333333333336,0.0,33.333333333333336,54.444444444444436,49.444444444444436,75,0,33.75,64.30555555555557,50.555555555555564,36,80,57.10416666666667,0.0,-0.06666666666666671,False,False,False,False,False,False,False,False,False,0.0,33.75,3.3333333333333357
002236.SHE,002236.SHE,50.0,0.0,0.46666666666666656,-23.33333333333333,23.33333333333333,0.0,0.0,63.333333333333336,0.0,0.0,0.0,0.0,63.333333333333336,63.333333333333336,55,0,24.75,50.416666666666664,36.666666666666664,36,80,66.45416666666668,0.0,0.46666666666666656,False,False,False,False,False,False,False,False,False,0.0,24.75,-23.33333333333333
002241.SHE,002241.SHE,50.0,0.0,-0.1,5.0,-5.0,0.0,0.0,43.333333333333336,0.0,0.0,0.0,0.0,63.333333333333336,53.888888888888886,75,0,33.75,55.416666666666664,46.111111111111114,36,80,61.10416666666667,0.0,-0.1,False,False,False,False,False,False,False,False,False,0.0,33.75,5.0
002273.SHE,002273.SHE,50.0,0.0,-0.15,7.5,-7.5,0.0,0.0,40.0,0.0,0.0,0.0,0.0,63.33333333333333,55.83333333333333,75,1,53.75,55.41666666666667,44.16666666666667,36,80,57.4375,0.0,-0.15,False,False,False,False,False,False,False,False,False,0.0,53.75,7.5
002294.SHE,002294.SHE,50.0,0.0,-0.9833333333333333,49.166666666666664,-49.166666666666664,0.0,0.0,30.0,50.0,0.0,50.0,0.0,50.0,35.0,75,1,53.75,68.75,65.0,36,80,55.4375,0.0,-0.9833333333333333,False,False,False,False,False,False,True,False,True,0.0,53.75,49.166666666666664
002304.SHE,002304.SHE,85.0,0.7,-0.38888888888888884,54.44444444444444,-19.444444444444443,0.0,1.0,50.0,33.333333333333336,33.333333333333336,33.333333333333336,33.333333333333336,50.0,44.444444444444436,75,1,53.75,68.75,55.555555555555564,36,80,68.52083333333333,0.7,-0.38888888888888884,False,False,False,False,False,False,False,False,False,0.0,53.75,54.44444444444444
002311.SHE,002311.SHE,50.0,0.0,-0.06666666666666671,3.3333333333333357,-3.3333333333333357,0.0,0.0,56.666666666666664,0.0,33.333333333333336,0.0,33.333333333333336,54.444444444444436,49.444444444444436,75,0,33.75,64.30555555555557,50.555555555555564,36,80,57.10416666666667,0.0,-0.06666666666666671,False,False,False,False,False,False,False,False,False,0.0,33.75,3.3333333333333357
002340.SHE,002340.SHE,50.0,0.7,0.7,0.0,35.0,0.0,1.0,70.0,0.0,0.0,0.0,0.0,63.33333333333333,70.0,55,0,24.75,50.41666666666667,30.0,36,80,83.5375,0.7,0.7,False,False,False,False,False,False,False,False,False,0.0,24.75,0.0
002352.SHE,002352.SHE,85.0,-0.15,-0.1,-2.5,-5.0,1.0,1.0,43.333333333333336,0.0,0.0,0.0,0.0,63.333333333333336,53.888888888888886,75,0,48.75,55.416666666666664,56.111111111111114,36,80,55.47916666666667,-0.15,-0.1,False,False,False,False,False,False,False,False,False,1.0,48.75,-2.5
002379.SHE,002379.SHE,0.0,-0.9833333333333333,-0.4222222222222222,-28.055555555555557,-21.11111111111111,2.0,0.0,36.666666666666664,33.333333333333336,0.0,33.333333333333336,0.0,58.888888888888886,48.888888888888886,75,1,83.75,59.861111111111114,71.11111111111111,36,80,30.145833333333332,-0.9833333333333333,-0.4222222222222222,False,False,False,False,False,False,False,False,False,2.0,83.75,-28.055555555555557
002415.SHE,002415.SHE,1.666666666666667,-0.9333333333333332,-0.9555555555555556,1.1111111111111112,-47.77777777777778,2.0,0.0,30.0,33.333333333333336,33.333333333333336,33.333333333333336,33.333333333333336,50.0,35.0,75,1,83.75,68.75,85.0,36,80,23.270833333333332,-0.9333333333333332,-0.9555555555555556,False,False,False,False,False,False,True,False,True,2.0,83.75,1.1111111111111112
002422.SHE,002422.SHE,50.0,-0.1,-0.1,0.0,-5.0,1.0,1.0,60.0,0.0,50.0,0.0,50.0,50.0,49.166666666666664,75,1,68.75,68.75,60.833333333333336,36,80,46.9375,-0.1,-0.1,False,False,False,False,False,False,False,False,False,1.0,68.75,0.0
002429.SHE,002429.SHE,5.0,-0.06666666666666671,-0.06666666666666671,0.0,-3.3333333333333357,1.0,1.0,56.666666666666664,0.0,33.333333333333336,0.0,33.333333333333336,54.444444444444436,49.444444444444436,75,0,48.75,64.30555555555557,60.555555555555564,36,80,53.35416666666667,-0.06666666666666671,-0.06666666666666671,False,False,False,False,False,False,False,False,False,1.0,48.75,0.0
002432.SHE,002432.SHE,85.0,0.46666666666666656,0.46666666666666656,0.0,23.33333333333333,0.0,2.0,63.333333333333336,0.0,0.0,0.0,0.0,63.333333333333336,63.333333333333336,55,0,24.75,50.416666666666664,36.666666666666664,36,80,76.95416666666668,0.46666666666666656,0.46666666666666656,False,False,False,False,False,False,False,False,False,0.0,24.75,0.0
002472.SHE,002472.SHE,50.0,-0.1,-0.1,0.0,-5.0,1.0,1.0,43.333333333333336,0.0,0.0,0.0,0.0,63.333333333333336,53.888888888888886,75,0,48.75,55.416666666666664,56.111111111111114,36,80,56.60416666666667,-0.1,-0.1,False,False,False,False,False,False,False,False,False,1.0,48.75,0.0
002532.SHE,002532.SHE,50.0,-0.15,-0.4222222222222222,13.61111111111111,-21.11111111111111,1.0,1.0,36.666666666666664,33.333333333333336,0.0,33.333333333333336,0.0,58.888888888888886,48.888888888888886,75,1,68.75,59.861111111111114,61.111111111111114,36,80,51.14583333333333,-0.15,-0.4222222222222222,False,False,False,False,False,False,False,False,False,1.0,68.75,13.61111111111111
002555.SHE,002555.SHE,50.0,-0.9833333333333333,-0.9555555555555556,-1.3888888888888888,-47.77777777777778,2.0,0.0,30.0,33.333333333333336,33.333333333333336,33.333333333333336,33.333333333333336,50.0,35.0,75,1,83.75,68.75,85.0,36,80,22.145833333333332,-0.9833333333333333,-0.9555555555555556,False,False,False,False,False,False,True,False,True,2.0,83.75,-1.3888888888888888
002558.SHE,002558.SHE,50.0,-0.9333333333333332,-0.38888888888888884,-27.222222222222225,-19.444444444444443,2.0,0.0,50.0,33.333333333333336,33.333333333333336,33.333333333333336,33.333333333333336,50.0,44.444444444444436,75,1,83.75,68.75,75.55555555555557,36,80,27.270833333333332,-0.9333333333333332,-0.38888888888888884,False,False,False,False,False,False,False,False,False,2.0,83.75,-27.222222222222225
002595.SHE,002595.SHE,50.0,-0.1,-0.06666666666666671,-1.6666666666666643,-3.3333333333333357,1.0,1.0,56.666666666666664,0.0,33.333333333333336,0.0,33.333333333333336,54.444444444444436,49.444444444444436,75,0,48.75,64.30555555555557,60.555555555555564,36,80,52.60416666666667,-0.1,-0.06666666666666671,False,False,False,False,False,False,False,False,False,1.0,48.75,-1.6666666666666643
002601.SHE,002601.SHE,50.0,0.7,0.46666666666666656,11.666666666666671,23.33333333333333,0.0,1.0,63.333333333333336,0.0,0.0,0.0,0.0,63.333333333333336,63.333333333333336,55,0,24.75,50.416666666666664,36.666666666666664,36,80,82.20416666666668,0.7,0.46666666666666656,False,False,False,False,False,False,False,False,False,0.0,24.75,11.666666666666671
002648.SHE,002648.SHE,50.0,0.0,-0.1,5.0,-5.0,0.0,0.0,43.333333333333336,0.0,0.0,0.0,0.0,63.333333333333336,53.888888888888886,75,0,33.75,55.416666666666664,46.111111111111114,36,80,61.10416666666667,0.0,-0.1,False,False,False,False,False,False,False,False,False,0.0,33.75,5.0
002714.SHE,002714.SHE,50.0,0.7,-0.4222222222222222,56.111111111111114,-21.11111111111111,0.0,1.0,36.666666666666664,33.333333333333336,0.0,33.333333333333336,0.0,58.888888888888886,48.888888888888886,75,1,53.75,59.861111111111114,51.111111111111114,36,80,72.52083333333334,0.7,-0.4222222222222222,False,False,False,False,False,False,False,False,False,0.0,53.75,56.111111111111114
002736.SHE,002736.SHE,50.0,0.0,-0.9555555555555556,47.77777777777778,-47.77777777777778,0.0,0.0,30.0,33.333333333333336,33.333333333333336,33.333333333333336,33.333333333333336,50.0,35.0,75,1,53.75,68.75,65.0,36,80,48.77083333333333,0.0,-0.9555555555555556,False,False,False,False,False,False,True,False,True,0.0,53.75,47.77777777777778
200725.SHE,200725.SHE,50.0,0.0,-0.38888888888888884,19.444444444444443,-19.444444444444443,0.0,0.0,50.0,33.333333333333336,33.333333333333336,33.333333333333336,33.333333333333336,50.0,44.444444444444436,75,1,53.75,68.75,55.555555555555564,36,80,52.77083333333333,0.0,-0.38888888888888884,False,False,False,False,False,False,False,False,False,0.0,53.75,19.444444444444443
300014.SHE,300014.SHE,50.0,0.0,-0.06666666666666671,3.3333333333333357,-3.3333333333333357,0.0,0.0,56.666666666666664,0.0,33.333333333333336,0.0,33.333333333333336,54.444444444444436,49.444444444444436,75,0,33.75,64.30555555555557,50.555555555555564,36,80,57.10416666666667,0.0,-0.06666666666666671,False,False,False,False,False,False,False,False,False,0.0,33.75,3.3333333333333357
300015.SHE,300015.SHE,50.0,0.0,0.46666666666666656,-23.33333333333333,23.33333333333333,0.0,0.0,63.333333333333336,0.0,0.0,0.0,0.0,63.333333333333336,63.333333333333336,55,0,24.75,50.416666666666664,36.666666666666664,36,80,66.45416666666668,0.0,0.46666666666666656,False,False,False,False,False,False,False,False,False,0.0,24.75,-23.33333333333333
300017.SHE,300017.SHE,50.0,0.0,-0.1,5.0,-5.0,0.0,0.0,43.333333333333336,0.0,0.0,0.0,0.0,63.333333333333336,53.888888888888886,75,0,33.75,55.416666666666664,46.111111111111114,36,80,61.10416666666667,0.0,-0.1,False,False,False,False,False,False,False,False,False,0.0,33.75,5.0
300033.SHE,300033.SHE,50.0,0.0,-0.4222222222222222,21.11111111111111,-21.11111111111111,0.0,0.0,36.666666666666664,33.333333333333336,0.0,33.333333333333336,0.0,58.888888888888886,48.888888888888886,75,1,53.75,59.861111111111114,51.111111111111114,36,80,56.77083333333333,0.0,-0.4222222222222222,False,False,False,False,False,False,False,False,False,0.0,53.75,21.11111111111111
300251.SHE,300251.SHE,50.0,0.0,-0.9555555555555556,47.77777777777778,-47.77777777777778,0.0,0.0,30.0,33.333333333333336,33.333333333333336,33.333333333333336,33.333333333333336,50.0,35.0,75,1,53.75,68.75,65.0,36,80,48.77083333333333,0.0,-0.9555555555555556,False,False,False,False,False,False,True,False,True,0.0,53.75,47.77777777777778
300274.SHE,300274.SHE,50.0,0.0,-0.38888888888888884,19.444444444444443,-19.444444444444443,0.0,0.0,50.0,33.333333333333336,33.333333333333336,33.333333333333336,33.333333333333336,50.0,44.444444444444436,75,1,53.75,68.75,55.555555555555564,36,80,52.77083333333333,0.0,-0.38888888888888884,False,False,False,False,False,False,False,False,False,0.0,53.75,19.444444444444443
300346.SHE,300346.SHE,50.0,0.0,-0.06666666666666671,3.3333333333333357,-3.3333333333333357,0.0,0.0,56.666666666666664,0.0,33.333333333333336,0.0,33.333333333333336,54.444444444444436,49.444444444444436,75,0,33.75,64.30555555555557,50.555555555555564,36,80,57.10416666666667,0.0,-0.06666666666666671,False,False,False,False,False,False,False,False,False,0.0,33.75,3.3333333333333357
300433.SHE,300433.SHE,50.0,0.0,0.46666666666666656,-23.33333333333333,23.33333333333333,0.0,0.0,63.333333333333336,0.0,0.0,0.0,0.0,63.333333333333336,63.333333333333336,55,0,24.75,50.416666666666664,36.666666666666664,36,80,66.45416666666668,0.0,0.46666666666666656,False,False,False,False,False,False,False,False,False,0.0,24.75,-23.33333333333333
300487.SHE,300487.SHE,50.0,0.0,-0.1,5.0,-5.0,0.0,0.0,43.333333333333336,0.0,0.0,0.0,0.0,63.333333333333336,53.888888888888886,75,0,33.75,55.416666666666664,46.111111111111114,36,80,61.10416666666667,0.0,-0.1,False,False,False,False,False,False,False,False,False,0.0,33.75,5.0
300498.SHE,300498.SHE,50.0,0.0,-0.4222222222222222,21.11111111111111,-21.11111111111111,0.0,0.0,36.666666666666664,33.333333333333336,0.0,33.333333333333336,0.0,58.888888888888886,48.888888888888886,75,1,53.75,59.861111111111114,51.111111111111114,36,80,56.77083333333333,0.0,-0.4222222222222222,False,False,False,False,False,False,False,False,False,0.0,53.75,21.11111111111111
600000.SHG,600000.SHG,50.0,0.0,-0.9555555555555556,47.77777777777778,-47.77777777777778,0.0,0.0,30.0,33.333333333333336,33.333333333333336,33.333333333333336,33.333333333333336,50.0,35.0,75,1,53.75,68.75,65.0,36,80,48.77083333333333,0.0,-0.9555555555555556,False,False,False,False,False,False,True,False,True,0.0,53.75,47.77777777777778
600009.SHG,600009.SHG,50.0,0.0,-0.9333333333333332,46.666666666666664,-46.666666666666664,0.0,0.0,30.0,50.0,50.0,50.0,50.0,50.0,35.0,75,1,53.75,68.75,65.0,36,80,45.4375,0.0,-0.9333333333333332,False,False,False,False,False,False,True,False,True,0.0,53.75,46.666666666666664
600011.SHG,600011.SHG,50.0,0.0,-0.06666666666666671,3.3333333333333357,-3.3333333333333357,0.0,0.0,56.666666666666664,0.0,33.333333333333336,0.0,33.333333333333336,54.444444444444436,49.444444444444436,75,0,33.75,64.30555555555557,50.555555555555564,36,80,57.10416666666667,0.0,-0.06666666666666671,False,False,False,False,False,False,False,False,False,0.0,33.75,3.3333333333333357
600015.SHG,600015.SHG,85.0,0.7,0.46666666666666656,11.666666666666671,23.33333333333333,0.0,1.0,63.333333333333336,0.0,0.0,0.0,0.0,63.333333333333336,63.333333333333336,55,0,24.75,50.416666666666664,36.666666666666664,36,80,82.20416666666668,0.7,0.46666666666666656,False,False,False,False,False,False,False,False,False,0.0,24.75,11.666666666666671
600016.SHG,600016.SHG,0.0,-1.0,-0.1,-45.0,-5.0,1.0,0.0,43.333333333333336,0.0,0.0,0.0,0.0,63.333333333333336,53.888888888888886,75,0,48.75,55.416666666666664,56.111111111111114,36,80,36.35416666666667,-1.0,-0.1,False,False,False,False,False,False,False,False,False,1.0,48.75,-45.0
600018.SHG,600018.SHG,50.0,-0.9666666666666667,-0.13333333333333328,-41.66666666666667,-6.666666666666664,1.0,0.0,40.0,50.0,0.0,50.0,0.0,63.33333333333333,55.83333333333333,75,1,68.75,55.41666666666667,54.16666666666667,36,80,33.4375,-0.9666666666666667,-0.13333333333333328,False,False,False,False,False,False,False,False,False,1.0,68.75,-41.66666666666667
600019.SHG,600019.SHG,1.666666666666667,-0.9333333333333332,-0.9555555555555556,1.1111111111111112,-47.77777777777778,2.0,0.0,30.0,33.333333333333336,33.333333333333336,33.333333333333336,33.333333333333336,50.0,35.0,75,1,83.75,68.75,85.0,36,80,23.270833333333332,-0.9333333333333332,-0.9555555555555556,False,False,False,False,False,False,True,False,True,2.0,83.75,1.1111111111111112
600021.SHG,600021.SHG,5.0,-0.1,-0.38888888888888884,14.444444444444443,-19.444444444444443,1.0,1.0,50.0,33.333333333333336,33.333333333333336,33.333333333333336,33.333333333333336,50.0,44.444444444444436,75,1,68.75,68.75,65.55555555555557,36,80,48.27083333333333,-0.1,-0.38888888888888884,False,False,False,False,False,False,False,False,False,1.0,68.75,14.444444444444443
600023.SHG,600023.SHG,85.0,0.35,0.35,0.0,17.5,0.0,1.0,70.0,0.0,0.0,0.0,0.0,56.666666666666664,56.666666666666664,75,0,33.75,62.083333333333336,43.333333333333336,36,80,74.3125,0.35,0.35,False,False,False,False,False,False,False,False,False,0.0,33.75,0.0
600026.SHG,600026.SHG,50.0,0.35,0.35,0.0,17.5,0.0,1.0,50.0,0.0,0.0,0.0,0.0,70.0,63.33333333333333,55,0,24.75,43.75,36.66666666666667,36,80,71.6625,0.35,0.35,False,False,False,False,False,False,False,False,False,0.0,24.75,0.0
600027.SHG,600027.SHG,50.0,-0.1,-0.1,0.0,-5.0,1.0,1.0,43.333333333333336,0.0,0.0,0.0,0.0,63.333333333333336,53.888888888888886,75,0,48.75,55.416666666666664,56.111111111111114,36,80,56.60416666666667,-0.1,-0.1,False,False,False,False,False,False,False,False,False,1.0,48.75,0.0
600028.SHG,600028.SHG,85.0,-0.4222222222222222,-0.4222222222222222,0.0,-21.11111111111111,2.0,1.0,36.666666666666664,33.333333333333336,0.0,33.333333333333336,0.0,58.888888888888886,48.888888888888886,75,1,83.75,59.861111111111114,71.11111111111111,36,80,42.77083333333333,-0.4222222222222222,-0.4222222222222222,False,False,False,False,False,False,False,False,False,2.0,83.75,0.0
600030.SHG,600030.SHG,50.0,-0.9555555555555556,-0.9555555555555556,0.0,-47.77777777777778,3.0,0.0,30.0,33.333333333333336,33.333333333333336,33.333333333333336,33.333333333333336,50.0,35.0,75,1,98.75,68.75,95.0,36,80,20.520833333333332,-0.9555555555555556,-0.9555555555555556,False,False,False,False,False,True,True,False,True,3.0,98.75,0.0
600031.SHG,600031.SHG,50.0,-0.9333333333333332,-0.38888888888888884,-27.222222222222225,-19.444444444444443,2.0,0.0,50.0,33.333333333333336,33.333333333333336,33.333333333333336,33.333333333333336,50.0,44.444444444444436,75,1,83.75,68.75,75.55555555555557,36,80,27.270833333333332,-0.9333333333333332,-0.38888888888888884,False,False,False,False,False,False,False,False,False,2.0,83.75,-27.222222222222225
600036.SHG,600036.SHG,50.0,-0.1,-0.06666666666666671,-1.6666666666666643,-3.3333333333333357,1.0,1.0,56.666666666666664,0.0,33.333333333333336,0.0,33.333333333333336,54.444444444444436,49.444444444444436,75,0,48.75,64.30555555555557,60.555555555555564,36,80,52.60416666666667,-0.1,-0.06666666666666671,False,False,False,False,False,False,False,False,False,1.0,48.75,-1.6666666666666643
600039.SHG,600039.SHG,50.0,0.35,0.46666666666666656,-5.833333333333329,23.33333333333333,0.0,1.0,63.333333333333336,0.0,0.0,0.0,0.0,63.333333333333336,63.333333333333336,55,0,24.75,50.416666666666664,36.666666666666664,36,80,74.32916666666668,0.35,0.46666666666666656,False,False,False,False,False,False,False,False,False,0.0,24.75,-5.833333333333329
600050.SHG,600050.SHG,50.0,0.0,-0.1,5.0,-5.0,0.0,0.0,43.333333333333336,0.0,0.0,0.0,0.0,63.333333333333336,53.888888888888886,75,0,33.75,55.416666666666664,46.111111111111114,36,80,61.10416666666667,0.0,-0.1,False,False,False,False,False,False,False,False,False,0.0,33.75,5.0
600066.SHG,600066.SHG,50.0,0.7,-0.4222222222222222,56.111111111111114,-21.11111111111111,0.0,1.0,36.666666666666664,33.333333333333336,0.0,33.333333333333336,0.0,58.888888888888886,48.888888888888886,75,1,53.75,59.861111111111114,51.111111111111114,36,80,72.52083333333334,0.7,-0.4222222222222222,False,False,False,False,False,False,False,False,False,0.0,53.75,56.111111111111114
600089.SHG,600089.SHG,50.0,-1.0,-0.9555555555555556,-2.2222222222222223,-47.77777777777778,1.0,0.0,30.0,33.333333333333336,33.333333333333336,33.333333333333336,33.333333333333336,50.0,35.0,75,1,68.75,68.75,75.0,36,80,24.020833333333332,-1.0,-0.9555555555555556,False,False,False,False,False,False,True,False,True,1.0,68.75,-2.2222222222222223
600096.SHG,600096.SHG,50.0,-0.9666666666666667,-0.38888888888888884,-28.88888888888889,-19.444444444444443,1.0,0.0,50.0,33.333333333333336,33.333333333333336,33.333333333333336,33.333333333333336,50.0,44.444444444444436,75,1,68.75,68.75,65.55555555555557,36,80,28.770833333333332,-0.9666666666666667,-0.38888888888888884,False,False,False,False,False,False,False,False,False,1.0,68.75,-28.88888888888889
600104.SHG,600104.SHG,50.0,0.0,-0.06666666666666671,3.3333333333333357,-3.3333333333333357,0.0,0.0,56.666666666666664,0.0,33.333333333333336,0.0,33.333333333333336,54.444444444444436,49.444444444444436,75,0,33.75,64.30555555555557,50.555555555555564,36,80,57.10416666666667,0.0,-0.06666666666666671,False,False,False,False,False,False,False,False,False,0.0,33.75,3.3333333333333357
600141.SHG,600141.SHG,50.0,0.0,0.46666666666666656,-23.33333333333333,23.33333333333333,0.0,0.0,63.333333333333336,0.0,0.0,0.0,0.0,63.333333333333336,63.333333333333336,55,0,24.75,50.416666666666664,36.666666666666664,36,80,66.45416666666668,0.0,0.46666666666666656,False,False,False,False,False,False,False,False,False,0.0,24.75,-23.33333333333333
600143.SHG,600143.SHG,50.0,0.0,-0.1,5.0,-5.0,0.0,0.0,43.333333333333336,0.0,0.0,0.0,0.0,63.333333333333336,53.888888888888886,75,0,33.75,55.416666666666664,46.111111111111114,36,80,61.10416666666667,0.0,-0.1,False,False,False,False,False,False,False,False,False,0.0,33.75,5.0
600150.SHG,600150.SHG,50.0,0.0,-0.4222222222222222,21.11111111111111,-21.11111111111111,0.0,0.0,36.666666666666664,33.333333333333336,0.0,33.333333333333336,0.0,58.888888888888886,48.888888888888886,75,1,53.75,59.861111111111114,51.111111111111114,36,80,56.77083333333333,0.0,-0.4222222222222222,False,False,False,False,False,False,False,False,False,0.0,53.75,21.11111111111111
600160.SHG,600160.SHG,50.0,0.0,-0.9555555555555556,47.77777777777778,-47.77777777777778,0.0,0.0,30.0,33.333333333333336,33.333333333333336,33.333333333333336,33.333333333333336,50.0,35.0,75,1,53.75,68.75,65.0,36,80,48.77083333333333,0.0,-0.9555555555555556,False,False,False,False,False,False,True,False,True,0.0,53.75,47.77777777777778
600188.SHG,600188.SHG,50.0,0.0,-0.38888888888888884,19.444444444444443,-19.444444444444443,0.0,0.0,50.0,33.333333333333336,33.333333333333336,33.333333333333336,33.333333333333336,50.0,44.444444444444436,75,1,53.75,68.75,55.555555555555564,36,80,52.77083333333333,0.0,-0.38888888888888884,False,False,False,False,False,False,False,False,False,0.0,53.75,19.444444444444443
600196.SHG,600196.SHG,50.0,0.0,-0.06666666666666671,3.3333333333333357,-3.3333333333333357,0.0,0.0,56.666666666666664,0.0,33.333333333333336,0.0,33.333333333333336,54.444444444444436,49.444444444444436,75,0,33.75,64.30555555555557,50.555555555555564,36,80,57.10416666666667,0.0,-0.06666666666666671,False,False,False,False,False,False,False,False,False,0.0,33.75,3.3333333333333357
600219.SHG,600219.SHG,50.0,0.0,0.46666666666666656,-23.33333333333333,23.33333333333333,0.0,0.0,63.333333333333336,0.0,0.0,0.0,0.0,63.333333333333336,63.333333333333336,55,0,24.75,50.416666666666664,36.666666666666664,36,80,66.45416666666668,0.0,0.46666666666666656,False,False,False,False,False,False,False,False,False,0.0,24.75,-23.33333333333333
600233.SHG,600233.SHG,50.0,0.0,-0.1,5.0,-5.0,0.0,0.0,43.333333333333336,0.0,0.0,0.0,0.0,63.333333333333336,53.888888888888886,75,0,33.75,55.416666666666664,46.111111111111114,36,80,61.10416666666667,0.0,-0.1,False,False,False,False,False,False,False,False,False,0.0,33.75,5.0
600236.SHG,600236.SHG,50.0,0.0,-0.4222222222222222,21.11111111111111,-21.11111111111111,0.0,0.0,36.666666666666664,33.333333333333336,0.0,33.333333333333336,0.0,58.888888888888886,48.888888888888886,75,1,53.75,59.861111111111114,51.111111111111114,36,80,56.77083333333333,0.0,-0.4222222222222222,False,False,False,False,False,False,False,False,False,0.0,53.75,21.11111111111111
600256.SHG,600256.SHG,50.0,0.0,-0.9555555555555556,47.77777777777778,-47.77777777777778,0.0,0.0,30.0,33.333333333333336,33.333333333333336,33.333333333333336,33.333333333333336,50.0,35.0,75,1,53.75,68.75,65.0,36,80,48.77083333333333,0.0,-0.9555555555555556,False,False,False,False,False,False,True,False,True,0.0,53.75,47.77777777777778
600309.SHG,600309.SHG,50.0,0.0,-0.38888888888888884,19.444444444444443,-19.444444444444443,0.0,0.0,50.0,33.333333333333336,33.333333333333336,33.333333333333336,33.333333333333336,50.0,44.444444444444436,75,1,53.75,68.75,55.555555555555564,36,80,52.77083333333333,0.0,-0.38888888888888884,False,False,False,False,False,False,False,False,False,0.0,53.75,19.444444444444443
600346.SHG,600346.SHG,50.0,0.0,-0.06666666666666671,3.3333333333333357,-3.3333333333333357,0.0,0.0,56.666666666666664,0.0,33.333333333333336,0.0,33.333333333333336,54.444444444444436,49.444444444444436,75,0,33.75,64.30555555555557,50.555555555555564,36,80,57.10416666666667,0.0,-0.06666666666666671,False,False,False,False,False,False,False,False,False,0.0,33.75,3.3333333333333357
600352.SHG,600352.SHG,50.0,0.0,0.35,-17.5,17.5,0.0,0.0,70.0,0.0,0.0,0.0,0.0,56.666666666666664,56.666666666666664,55,0,24.75,57.083333333333336,43.333333333333336,36,80,67.7875,0.0,0.35,False,False,False,False,False,False,False,False,False,0.0,24.75,-17.5
600362.SHG,600362.SHG,0.0,-1.0,-0.1,-45.0,-5.0,1.0,0.0,43.333333333333336,0.0,0.0,0.0,0.0,63.333333333333336,53.888888888888886,75,0,48.75,55.416666666666664,56.111111111111114,36,80,36.35416666666667,-1.0,-0.1,False,False,False,False,False,False,False,False,False,1.0,48.75,-45.0
600372.SHG,600372.SHG,1.666666666666667,-0.9666666666666667,-0.4222222222222222,-27.22222222222222,-21.11111111111111,1.0,0.0,36.666666666666664,33.333333333333336,0.0,33.333333333333336,0.0,58.888888888888886,48.888888888888886,75,1,68.75,59.861111111111114,61.111111111111114,36,80,32.770833333333336,-0.9666666666666667,-0.4222222222222222,False,False,False,False,False,False,False,False,False,1.0,68.75,-27.22222222222222
600392.SHG,600392.SHG,5.0,-0.9,-0.95,2.5,-47.5,1.0,0.0,30.0,0.0,50.0,0.0,50.0,50.0,35.0,75,1,68.75,68.75,75.0,36,80,22.9375,-0.9,-0.95,False,False,False,False,False,False,True,False,True,1.0,68.75,2.5
600406.SHG,600406.SHG,50.0,0.7,-0.13333333333333328,41.666666666666664,-6.666666666666664,0.0,1.0,60.0,50.0,0.0,50.0,0.0,50.0,49.166666666666664,75,1,53.75,68.75,50.833333333333336,36,80,77.1875,0.7,-0.13333333333333328,False,False,False,False,False,False,False,False,False,0.0,53.75,41.666666666666664
600415.SHG,600415.SHG,85.0,0.35,-0.06666666666666671,20.833333333333336,-3.3333333333333357,0.0,1.0,56.666666666666664,0.0,33.333333333333336,0.0,33.333333333333336,54.444444444444436,49.444444444444436,75,0,33.75,64.30555555555557,50.555555555555564,36,80,64.97916666666667,0.35,-0.06666666666666671,False,False,False,False,False,False,False,False,False,0.0,33.75,20.833333333333336
600426.SHG,600426.SHG,50.0,0.35,0.46666666666666656,-5.833333333333329,23.33333333333333,0.0,1.0,63.333333333333336,0.0,0.0,0.0,0.0,63.333333333333336,63.333333333333336,55,0,24.75,50.416666666666664,36.666666666666664,36,80,74.32916666666668,0.35,0.46666666666666656,False,False,False,False,False,False,False,False,False,0.0,24.75,-5.833333333333329
600436.SHG,600436.SHG,50.0,-0.15,-0.15,0.0,-7.5,1.0,1.0,40.0,0.0,0.0,0.0,0.0,63.33333333333333,55.83333333333333,75,0,48.75,55.41666666666667,54.16666666666667,36,80,54.8125,-0.15,-0.15,False,False,False,False,False,False,False,False,False,1.0,48.75,0.0
600489.SHG,600489.SHG,85.0,-0.4222222222222222,-0.4222222222222222,0.0,-21.11111111111111,2.0,1.0,36.666666666666664,33.333333333333336,0.0,33.333333333333336,0.0,58.888888888888886,48.888888888888886,75,1,83.75,59.861111111111114,71.11111111111111,36,80,42.77083333333333,-0.4222222222222222,-0.4222222222222222,False,False,False,False,False,False,False,False,False,2.0,83.75,0.0
600497.SHG,600497.SHG,0.0,-0.9555555555555556,-0.9555555555555556,0.0,-47.77777777777778,3.0,0.0,30.0,33.333333333333336,33.333333333333336,33.333333333333336,33.333333333333336,50.0,35.0,75,1,98.75,68.75,95.0,36,80,20.520833333333332,-0.9555555555555556,-0.9555555555555556,False,False,False,False,False,True,True,False,True,3.0,98.75,0.0
600519.SHG,600519.SHG,1.666666666666667,-0.38888888888888884,-0.38888888888888884,0.0,-19.444444444444443,2.0,1.0,50.0,33.333333333333336,33.333333333333336,33.333333333333336,33.333333333333336,50.0,44.444444444444436,75,1,83.75,68.75,75.55555555555557,36,80,39.52083333333333,-0.38888888888888884,-0.38888888888888884,False,False,False,False,False,False,False,False,False,2.0,83.75,0.0
600547.SHG,600547.SHG,50.0,-0.1,-0.06666666666666671,-1.6666666666666643,-3.3333333333333357,1.0,1.0,56.666666666666664,0.0,33.333333333333336,0.0,33.333333333333336,54.444444444444436,49.444444444444436,75,0,48.75,64.30555555555557,60.555555555555564,36,80,52.60416666666667,-0.1,-0.06666666666666671,False,False,False,False,False,False,False,False,False,1.0,48.75,-1.6666666666666643
600549.SHG,600549.SHG,50.0,0.35,0.46666666666666656,-5.833333333333329,23.33333333333333,0.0,1.0,63.333333333333336,0.0,0.0,0.0,0.0,63.333333333333336,63.333333333333336,55,0,24.75,50.416666666666664,36.666666666666664,36,80,74.32916666666668,0.35,0.46666666666666656,False,False,False,False,False,False,False,False,False,0.0,24.75,-5.833333333333329
600563.SHG,600563.SHG,50.0,0.35,-0.1,22.5,-5.0,0.0,1.0,43.333333333333336,0.0,0.0,0.0,0.0,63.333333333333336,53.888888888888886,75,0,33.75,55.416666666666664,46.111111111111114,36,80,68.97916666666667,0.35,-0.1,False,False,False,False,False,False,False,False,False,0.0,33.75,22.5
600578.SHG,600578.SHG,50.0,-0.15,-0.4222222222222222,13.61111111111111,-21.11111111111111,1.0,1.0,36.666666666666664,33.333333333333336,0.0,33.333333333333336,0.0,58.888888888888886,48.888888888888886,75,1,68.75,59.861111111111114,61.111111111111114,36,80,51.14583333333333,-0.15,-0.4222222222222222,False,False,False,False,False,False,False,False,False,1.0,68.75,13.61111111111111
600585.SHG,600585.SHG,50.0,-1.0,-0.9555555555555556,-2.2222222222222223,-47.77777777777778,1.0,0.0,30.0,33.333333333333336,33.333333333333336,33.333333333333336,33.333333333333336,50.0,35.0,75,1,68.75,68.75,75.0,36,80,24.020833333333332,-1.0,-0.9555555555555556,False,False,False,False,False,False,True,False,True,1.0,68.75,-2.2222222222222223
600600.SHG,600600.SHG,50.0,-0.9666666666666667,-0.38888888888888884,-28.88888888888889,-19.444444444444443,1.0,0.0,50.0,33.333333333333336,33.333333333333336,33.333333333333336,33.333333333333336,50.0,44.444444444444436,75,1,68.75,68.75,65.55555555555557,36,80,28.770833333333332,-0.9666666666666667,-0.38888888888888884,False,False,False,False,False,False,False,False,False,1.0,68.75,-28.88888888888889
600660.SHG,600660.SHG,50.0,-0.9,-0.06666666666666671,-41.666666666666664,-3.3333333333333357,1.0,0.0,56.666666666666664,0.0,33.333333333333336,0.0,33.333333333333336,54.444444444444436,49.444444444444436,75,0,48.75,64.30555555555557,60.555555555555564,36,80,34.60416666666667,-0.9,-0.06666666666666671,False,False,False,False,False,False,False,False,False,1.0,48.75,-41.666666666666664
600674.SHG,600674.SHG,50.0,0.7,0.46666666666666656,11.666666666666671,23.33333333333333,0.0,1.0,63.333333333333336,0.0,0.0,0.0,0.0,63.333333333333336,63.333333333333336,55,0,24.75,50.416666666666664,36.666666666666664,36,80,82.20416666666668,0.7,0.46666666666666656,False,False,False,False,False,False,False,False,False,0.0,24.75,11.666666666666671
600690.SHG,600690.SHG,50.0,0.0,-0.1,5.0,-5.0,0.0,0.0,43.333333333333336,0.0,0.0,0.0,0.0,63.333333333333336,53.888888888888886,75,0,33.75,55.416666666666664,46.111111111111114,36,80,61.10416666666667,0.0,-0.1,False,False,False,False,False,False,False,False,False,0.0,33.75,5.0
600741.SHG,600741.SHG,50.0,0.0,-0.4222222222222222,21.11111111111111,-21.11111111111111,0.0,0.0,36.666666666666664,33.333333333333336,0.0,33.333333333333336,0.0,58.888888888888886,48.888888888888886,75,1,53.75,59.861111111111114,51.111111111111114,36,80,56.77083333333333,0.0,-0.4222222222222222,False,False,False,False,False,False,False,False,False,0.0,53.75,21.11111111111111
600795.SHG,600795.SHG,50.0,0.0,-0.9555555555555556,47.77777777777778,-47.77777777777778,0.0,0.0,30.0,33.333333333333336,33.333333333333336,33.333333333333336,33.333333333333336,50.0,35.0,75,1,53.75,68.75,65.0,36,80,48.77083333333333,0.0,-0.9555555555555556,False,False,False,False,False,False,True,False,True,0.0,53.75,47.77777777777778
600801.SHG,600801.SHG,50.0,0.0,-0.38888888888888884,19.444444444444443,-19.444444444444443,0.0,0.0,50.0,33.333333333333336,33.333333333333336,33.333333333333336,33.333333333333336,50.0,44.444444444444436,75,1,53.75,68.75,55.555555555555564,36,80,52.77083333333333,0.0,-0.38888888888888884,False,False,False,False,False,False,False,False,False,0.0,53.75,19.444444444444443
600809.SHG,600809.SHG,50.0,0.0,-0.06666666666666671,3.3333333333333357,-3.3333333333333357,0.0,0.0,56.666666666666664,0.0,33.333333333333336,0.0,33.333333333333336,54.444444444444436,49.444444444444436,75,0,33.75,64.30555555555557,50.555555555555564,36,80,57.10416666666667,0.0,-0.06666666666666671,False,False,False,False,False,False,False,False,False,0.0,33.75,3.3333333333333357
600845.SHG,600845.SHG,50.0,0.0,0.46666666666666656,-23.33333333333333,23.33333333333333,0.0,0.0,63.333333333333336,0.0,0.0,0.0,0.0,63.333333333333336,63.333333333333336,55,0,24.75,50.416666666666664,36.666666666666664,36,80,66.45416666666668,0.0,0.46666666666666656,False,False,False,False,False,False,False,False,False,0.0,24.75,-23.33333333333333
600863.SHG,600863.SHG,50.0,0.0,-0.1,5.0,-5.0,0.0,0.0,43.333333333333336,0.0,0.0,0.0,0.0,63.333333333333336,53.888888888888886,75,0,33.75,55.416666666666664,46.111111111111114,36,80,61.10416666666667,0.0,-0.1,False,False,False,False,False,False,False,False,False,0.0,33.75,5.0
600875.SHG,600875.SHG,50.0,0.0,-0.4222222222222222,21.11111111111111,-21.11111111111111,0.0,0.0,36.666666666666664,33.333333333333336,0.0,33.333333333333336,0.0,58.888888888888886,48.888888888888886,75,1,53.75,59.861111111111114,51.111111111111114,36,80,56.77083333333333,0.0,-0.4222222222222222,False,False,False,False,False,False,False,False,False,0.0,53.75,21.11111111111111
600886.SHG,600886.SHG,50.0,0.0,-0.9555555555555556,47.77777777777778,-47.77777777777778,0.0,0.0,30.0,33.333333333333336,33.333333333333336,33.333333333333336,33.333333333333336,50.0,35.0,75,1,53.75,68.75,65.0,36,80,48.77083333333333,0.0,-0.9555555555555556,False,False,False,False,False,False,True,False,True,0.0,53.75,47.77777777777778
600887.SHG,600887.SHG,50.0,0.0,-0.38888888888888884,19.444444444444443,-19.444444444444443,0.0,0.0,50.0,33.333333333333336,33.333333333333336,33.333333333333336,33.333333333333336,50.0,44.444444444444436,75,1,53.75,68.75,55.555555555555564,36,80,52.77083333333333,0.0,-0.38888888888888884,False,False,False,False,False,False,False,False,False,0.0,53.75,19.444444444444443
600900.SHG,600900.SHG,50.0,0.0,-0.06666666666666671,3.3333333333333357,-3.3333333333333357,0.0,0.0,56.666666666666664,0.0,33.333333333333336,0.0,33.333333333333336,54.444444444444436,49.444444444444436,75,0,33.75,64.30555555555557,50.555555555555564,36,80,57.10416666666667,0.0,-0.06666666666666671,False,False,False,False,False,False,False,False,False,0.0,33.75,3.3333333333333357
600958.SHG,600958.SHG,50.0,0.0,0.46666666666666656,-23.33333333333333,23.33333333333333,0.0,0.0,63.333333333333336,0.0,0.0,0.0,0.0,63.333333333333336,63.333333333333336,55,0,24.75,50.416666666666664,36.666666666666664,36,80,66.45416666666668,0.0,0.46666666666666656,False,False,False,False,False,False,False,False,False,0.0,24.75,-23.33333333333333
600985.SHG,600985.SHG,50.0,0.0,0.35,-17.5,17.5,0.0,0.0,50.0,0.0,0.0,0.0,0.0,70.0,63.33333333333333,75,0,33.75,48.75,36.66666666666667,36,80,62.4375,0.0,0.35,False,False,False,False,False,False,False,False,False,0.0,33.75,-17.5
600999.SHG,600999.SHG,50.0,0.0,-0.15,7.5,-7.5,0.0,0.0,40.0,0.0,0.0,0.0,0.0,63.33333333333333,55.83333333333333,75,1,53.75,55.41666666666667,44.16666666666667,36,80,57.4375,0.0,-0.15,False,False,False,False,False,False,False,False,False,0.0,53.75,7.5
601006.SHG,601006.SHG,5.0,-0.9,-0.9555555555555556,2.7777777777777777,-47.77777777777778,1.0,0.0,30.0,33.333333333333336,33.333333333333336,33.333333333333336,33.333333333333336,50.0,35.0,75,1,68.75,68.75,75.0,36,80,26.270833333333332,-0.9,-0.9555555555555556,False,False,False,False,False,False,True,False,True,1.0,68.75,2.7777777777777777
601009.SHG,601009.SHG,85.0,0.7,-0.38888888888888884,54.44444444444444,-19.444444444444443,0.0,1.0,50.0,33.333333333333336,33.333333333333336,33.333333333333336,33.333333333333336,50.0,44.444444444444436,75,1,53.75,68.75,55.555555555555564,36,80,68.52083333333333,0.7,-0.38888888888888884,False,False,False,False,False,False,False,False,False,0.0,53.75,54.44444444444444
601058.SHG,601058.SHG,50.0,0.0,-0.45,22.5,-22.5,0.0,0.0,40.0,0.0,50.0,0.0,50.0,56.666666666666664,42.5,75,0,33.75,62.083333333333336,57.5,36,80,50.4375,0.0,-0.45,False,False,False,False,False,False,False,False,False,0.0,33.75,22.5
601088.SHG,601088.SHG,50.0,0.35,0.46666666666666656,-5.833333333333329,23.33333333333333,0.0,1.0,63.333333333333336,0.0,0.0,0.0,0.0,63.333333333333336,63.333333333333336,55,0,24.75,50.416666666666664,36.666666666666664,36,80,74.32916666666668,0.35,0.46666666666666656,False,False,False,False,False,False,False,False,False,0.0,24.75,-5.833333333333329
601117.SHG,601117.SHG,85.0,-0.15,-0.1,-2.5,-5.0,1.0,1.0,43.333333333333336,0.0,0.0,0.0,0.0,63.333333333333336,53.888888888888886,75,0,48.75,55.416666666666664,56.111111111111114,36,80,55.47916666666667,-0.15,-0.1,False,False,False,False,False,False,False,False,False,1.0,48.75,-2.5
601126.SHG,601126.SHG,0.0,-0.9833333333333333,-0.4222222222222222,-28.055555555555557,-21.11111111111111,2.0,0.0,36.666666666666664,33.333333333333336,0.0,33.333333333333336,0.0,58.888888888888886,48.888888888888886,75,1,83.75,59.861111111111114,71.11111111111111,36,80,30.145833333333332,-0.9833333333333333,-0.4222222222222222,False,False,False,False,False,False,False,False,False,2.0,83.75,-28.055555555555557
601127.SHG,601127.SHG,50.0,-0.9333333333333332,-0.9333333333333332,0.0,-46.666666666666664,2.0,0.0,30.0,50.0,50.0,50.0,50.0,50.0,35.0,75,1,83.75,68.75,85.0,36,80,19.9375,-0.9333333333333332,-0.9333333333333332,False,False,False,False,False,False,True,False,True,2.0,83.75,0.0
601166.SHG,601166.SHG,1.666666666666667,-0.38888888888888884,-0.38888888888888884,0.0,-19.444444444444443,2.0,1.0,50.0,33.333333333333336,33.333333333333336,33.333333333333336,33.333333333333336,50.0,44.444444444444436,75,1,83.75,68.75,75.55555555555557,36,80,39.52083333333333,-0.38888888888888884,-0.38888888888888884,False,False,False,False,False,False,False,False,False,2.0,83.75,0.0
601168.SHG,601168.SHG,5.0,-0.06666666666666671,-0.06666666666666671,0.0,-3.3333333333333357,1.0,1.0,56.666666666666664,0.0,33.333333333333336,0.0,33.333333333333336,54.444444444444436,49.444444444444436,75,0,48.75,64.30555555555557,60.555555555555564,36,80,53.35416666666667,-0.06666666666666671,-0.06666666666666671,False,False,False,False,False,False,False,False,False,1.0,48.75,0.0
601169.SHG,601169.SHG,85.0,0.46666666666666656,0.46666666666666656,0.0,23.33333333333333,0.0,2.0,63.333333333333336,0.0,0.0,0.0,0.0,63.333333333333336,63.333333333333336,55,0,24.75,50.416666666666664,36.666666666666664,36,80,76.95416666666668,0.46666666666666656,0.46666666666666656,False,False,False,False,False,False,False,False,False,0.0,24.75,0.0
601186.SHG,601186.SHG,50.0,0.35,-0.1,22.5,-5.0,0.0,1.0,43.333333333333336,0.0,0.0,0.0,0.0,63.333333333333336,53.888888888888886,75,0,33.75,55.416666666666664,46.111111111111114,36,80,68.97916666666667,0.35,-0.1,False,False,False,False,False,False,False,False,False,0.0,33.75,22.5
601211.SHG,601211.SHG,50.0,-0.15,-0.4222222222222222,13.61111111111111,-21.11111111111111,1.0,1.0,36.666666666666664,33.333333333333336,0.0,33.333333333333336,0.0,58.888888888888886,48.888888888888886,75,1,68.75,59.861111111111114,61.111111111111114,36,80,51.14583333333333,-0.15,-0.4222222222222222,False,False,False,False,False,False,False,False,False,1.0,68.75,13.61111111111111
601225.SHG,601225.SHG,50.0,-0.9833333333333333,-0.9555555555555556,-1.3888888888888888,-47.77777777777778,2.0,0.0,30.0,33.333333333333336,33.333333333333336,33.333333333333336,33.333333333333336,50.0,35.0,75,1,83.75,68.75,85.0,36,80,22.145833333333332,-0.9833333333333333,-0.9555555555555556,False,False,False,False,False,False,True,False,True,2.0,83.75,-1.3888888888888888
601231.SHG,601231.SHG,50.0,-0.9333333333333332,-0.38888888888888884,-27.222222222222225,-19.444444444444443,2.0,0.0,50.0,33.333333333333336,33.333333333333336,33.333333333333336,33.333333333333336,50.0,44.444444444444436,75,1,83.75,68.75,75.55555555555557,36,80,27.270833333333332,-0.9333333333333332,-0.38888888888888884,False,False,False,False,False,False,False,False,False,2.0,83.75,-27.222222222222225
601288.SHG,601288.SHG,50.0,-0.9,-0.06666666666666671,-41.666666666666664,-3.3333333333333357,1.0,0.0,56.666666666666664,0.0,33.333333333333336,0.0,33.333333333333336,54.444444444444436,49.444444444444436,75,0,48.75,64.30555555555557,60.555555555555564,36,80,34.60416666666667,-0.9,-0.06666666666666671,False,False,False,False,False,False,False,False,False,1.0,48.75,-41.666666666666664
601318.SHG,601318.SHG,50.0,0.7,0.46666666666666656,11.666666666666671,23.33333333333333,0.0,1.0,63.333333333333336,0.0,0.0,0.0,0.0,63.333333333333336,63.333333333333336,55,0,24.75,50.416666666666664,36.666666666666664,36,80,82.20416666666668,0.7,0.46666666666666656,False,False,False,False,False,False,False,False,False,0.0,24.75,11.666666666666671
601328.SHG,601328.SHG,50.0,0.0,-0.1,5.0,-5.0,0.0,0.0,43.333333333333336,0.0,0.0,0.0,0.0,63.333333333333336,53.888888888888886,75,0,33.75,55.416666666666664,46.111111111111114,36,80,61.10416666666667,0.0,-0.1,False,False,False,False,False,False,False,False,False,0.0,33.75,5.0
601336.SHG,601336.SHG,50.0,0.0,-0.4222222222222222,21.11111111111111,-21.11111111111111,0.0,0.0,36.666666666666664,33.333333333333336,0.0,33.333333333333336,0.0,58.888888888888886,48.888888888888886,75,1,53.75,59.861111111111114,51.111111111111114,36,80,56.77083333333333,0.0,-0.4222222222222222,False,False,False,False,False,False,False,False,False,0.0,53.75,21.11111111111111
601360.SHG,601360.SHG,50.0,0.0,-0.9555555555555556,47.77777777777778,-47.77777777777778,0.0,0.0,30.0,33.333333333333336,33.333333333333336,33.333333333333336,33.333333333333336,50.0,35.0,75,1,53.75,68.75,65.0,36,80,48.77083333333333,0.0,-0.9555555555555556,False,False,False,False,False,False,True,False,True,0.0,53.75,47.77777777777778
601377.SHG,601377.SHG,50.0,0.0,-0.38888888888888884,19.444444444444443,-19.444444444444443,0.0,0.0,50.0,33.333333333333336,33.333333333333336,33.333333333333336,33.333333333333336,50.0,44.444444444444436,75,1,53.75,68.75,55.555555555555564,36,80,52.77083333333333,0.0,-0.38888888888888884,False,False,False,False,False,False,False,False,False,0.0,53.75,19.444444444444443
601390.SHG,601390.SHG,50.0,0.0,-0.06666666666666671,3.3333333333333357,-3.3333333333333357,0.0,0.0,56.666666666666664,0.0,33.333333333333336,0.0,33.333333333333336,54.444444444444436,49.444444444444436,75,0,33.75,64.30555555555557,50.555555555555564,36,80,57.10416666666667,0.0,-0.06666666666666671,False,False,False,False,False,False,False,False,False,0.0,33.75,3.3333333333333357
601398.SHG,601398.SHG,50.0,0.0,0.46666666666666656,-23.33333333333333,23.33333333333333,0.0,0.0,63.333333333333336,0.0,0.0,0.0,0.0,63.333333333333336,63.333333333333336,55,0,24.75,50.416666666666664,36.666666666666664,36,80,66.45416666666668,0.0,0.46666666666666656,False,False,False,False,False,False,False,False,False,0.0,24.75,-23.33333333333333
601600.SHG,601600.SHG,50.0,0.0,-0.1,5.0,-5.0,0.0,0.0,43.333333333333336,0.0,0.0,0.0,0.0,63.333333333333336,53.888888888888886,75,0,33.75,55.416666666666664,46.111111111111114,36,80,61.10416666666667,0.0,-0.1,False,False,False,False,False,False,False,False,False,0.0,33.75,5.0
601601.SHG,601601.SHG,50.0,0.0,-0.4222222222222222,21.11111111111111,-21.11111111111111,0.0,0.0,36.666666666666664,33.333333333333336,0.0,33.333333333333336,0.0,58.888888888888886,48.888888888888886,75,1,53.75,59.861111111111114,51.111111111111114,36,80,56.77083333333333,0.0,-0.4222222222222222,False,False,False,False,False,False,False,False,False,0.0,53.75,21.11111111111111
601628.SHG,601628.SHG,50.0,0.0,-0.9555555555555556,47.77777777777778,-47.77777777777778,0.0,0.0,30.0,33.333333333333336,33.333333333333336,33.333333333333336,33.333333333333336,50.0,35.0,75,1,53.75,68.75,65.0,36,80,48.77083333333333,0.0,-0.9555555555555556,False,False,False,False,False,False,True,False,True,0.0,53.75,47.77777777777778
601633.SHG,601633.SHG,50.0,0.0,-0.38888888888888884,19.444444444444443,-19.444444444444443,0.0,0.0,50.0,33.333333333333336,33.333333333333336,33.333333333333336,33.333333333333336,50.0,44.444444444444436,75,1,53.75,68.75,55.555555555555564,36,80,52.77083333333333,0.0,-0.38888888888888884,False,False,False,False,False,False,False,False,False,0.0,53.75,19.444444444444443
601668.SHG,601668.SHG,50.0,0.0,-0.06666666666666671,3.3333333333333357,-3.3333333333333357,0.0,0.0,56.666666666666664,0.0,33.333333333333336,0.0,33.333333333333336,54.444444444444436,49.444444444444436,75,0,33.75,64.30555555555557,50.555555555555564,36,80,57.10416666666667,0.0,-0.06666666666666671,False,False,False,False,False,False,False,False,False,0.0,33.75,3.3333333333333357
601669.SHG,601669.SHG,50.0,0.0,0.46666666666666656,-23.33333333333333,23.33333333333333,0.0,0.0,63.333333333333336,0.0,0.0,0.0,0.0,63.333333333333336,63.333333333333336,55,0,24.75,50.416666666666664,36.666666666666664,36,80,66.45416666666668,0.0,0.46666666666666656,False,False,False,False,False,False,False,False,False,0.0,24.75,-23.33333333333333
601688.SHG,601688.SHG,50.0,0.0,-0.1,5.0,-5.0,0.0,0.0,43.333333333333336,0.0,0.0,0.0,0.0,63.333333333333336,53.888888888888886,75,0,33.75,55.416666666666664,46.111111111111114,36,80,61.10416666666667,0.0,-0.1,False,False,False,False,False,False,False,False,False,0.0,33.75,5.0
601699.SHG,601699.SHG,50.0,0.0,-0.4222222222222222,21.11111111111111,-21.11111111111111,0.0,0.0,36.666666666666664,33.333333333333336,0.0,33.333333333333336,0.0,58.888888888888886,48.888888888888886,75,1,53.75,59.861111111111114,51.111111111111114,36,80,56.77083333333333,0.0,-0.4222222222222222,False,False,False,False,False,False,False,False,False,0.0,53.75,21.11111111111111
601766.SHG,601766.SHG,50.0,0.0,-0.9833333333333333,49.166666666666664,-49.166666666666664,0.0,0.0,30.0,50.0,0.0,50.0,0.0,50.0,35.0,75,1,53.75,68.75,65.0,36,80,55.4375,0.0,-0.9833333333333333,False,False,False,False,False,False,True,False,True,0.0,53.75,49.166666666666664
601788.SHG,601788.SHG,85.0,0.7,-0.38888888888888884,54.44444444444444,-19.444444444444443,0.0,1.0,50.0,33.333333333333336,33.333333333333336,33.333333333333336,33.333333333333336,50.0,44.444444444444436,75,1,53.75,68.75,55.555555555555564,36,80,68.52083333333333,0.7,-0.38888888888888884,False,False,False,False,False,False,False,False,False,0.0,53.75,54.44444444444444
601800.SHG,601800.SHG,50.0,0.0,-0.06666666666666671,3.3333333333333357,-3.3333333333333357,0.0,0.0,56.666666666666664,0.0,33.333333333333336,0.0,33.333333333333336,54.444444444444436,49.444444444444436,75,0,33.75,64.30555555555557,50.555555555555564,36,80,57.10416666666667,0.0,-0.06666666666666671,False,False,False,False,False,False,False,False,False,0.0,33.75,3.3333333333333357
601808.SHG,601808.SHG,85.0,0.7,0.46666666666666656,11.666666666666671,23.33333333333333,0.0,1.0,63.333333333333336,0.0,0.0,0.0,0.0,63.333333333333336,63.333333333333336,55,0,24.75,50.416666666666664,36.666666666666664,36,80,82.20416666666668,0.7,0.46666666666666656,False,False,False,False,False,False,False,False,False,0.0,24.75,11.666666666666671
601818.SHG,601818.SHG,50.0,-1.0,-0.5,-25.0,-25.0,1.0,0.0,40.0,0.0,0.0,0.0,0.0,56.666666666666664,42.5,75,0,48.75,62.083333333333336,67.5,36,80,35.6875,-1.0,-0.5,False,False,False,False,False,False,False,False,False,1.0,48.75,-25.0
601857.SHG,601857.SHG,0.0,-0.9833333333333333,-0.4222222222222222,-28.055555555555557,-21.11111111111111,2.0,0.0,36.666666666666664,33.333333333333336,0.0,33.333333333333336,0.0,58.888888888888886,48.888888888888886,75,1,83.75,59.861111111111114,71.11111111111111,36,80,30.145833333333332,-0.9833333333333333,-0.4222222222222222,False,False,False,False,False,False,False,False,False,2.0,83.75,-28.055555555555557
601872.SHG,601872.SHG,1.666666666666667,-0.9333333333333332,-0.9555555555555556,1.1111111111111112,-47.77777777777778,2.0,0.0,30.0,33.333333333333336,33.333333333333336,33.333333333333336,33.333333333333336,50.0,35.0,75,1,83.75,68.75,85.0,36,80,23.270833333333332,-0.9333333333333332,-0.9555555555555556,False,False,False,False,False,False,True,False,True,2.0,83.75,1.1111111111111112
601877.SHG,601877.SHG,5.0,-0.1,-0.1,0.0,-5.0,1.0,1.0,60.0,0.0,50.0,0.0,50.0,50.0,49.166666666666664,75,1,68.75,68.75,60.833333333333336,36,80,46.9375,-0.1,-0.1,False,False,False,False,False,False,False,False,False,1.0,68.75,0.0
601888.SHG,601888.SHG,50.0,0.35,0.35,0.0,17.5,0.0,1.0,70.0,0.0,0.0,0.0,0.0,56.666666666666664,56.666666666666664,75,0,33.75,62.083333333333336,43.333333333333336,36,80,74.3125,0.35,0.35,False,False,False,False,False,False,False,False,False,0.0,33.75,0.0
601898.SHG,601898.SHG,85.0,0.46666666666666656,0.46666666666666656,0.0,23.33333333333333,0.0,2.0,63.333333333333336,0.0,0.0,0.0,0.0,63.333333333333336,63.333333333333336,55,0,24.75,50.416666666666664,36.666666666666664,36,80,76.95416666666668,0.46666666666666656,0.46666666666666656,False,False,False,False,False,False,False,False,False,0.0,24.75,0.0
601899.SHG,601899.SHG,50.0,-0.1,-0.1,0.0,-5.0,1.0,1.0,43.333333333333336,0.0,0.0,0.0,0.0,63.333333333333336,53.888888888888886,75,0,48.75,55.416666666666664,56.111111111111114,36,80,56.60416666666667,-0.1,-0.1,False,False,False,False,False,False,False,False,False,1.0,48.75,0.0
601901.SHG,601901.SHG,50.0,-0.4222222222222222,-0.4222222222222222,0.0,-21.11111111111111,2.0,1.0,36.666666666666664,33.333333333333336,0.0,33.333333333333336,0.0,58.888888888888886,48.888888888888886,75,1,83.75,59.861111111111114,71.11111111111111,36,80,42.77083333333333,-0.4222222222222222,-0.4222222222222222,False,False,False,False,False,False,False,False,False,2.0,83.75,0.0
601919.SHG,601919.SHG,50.0,-0.9833333333333333,-0.9555555555555556,-1.3888888888888888,-47.77777777777778,2.0,0.0,30.0,33.333333333333336,33.333333333333336,33.333333333333336,33.333333333333336,50.0,35.0,75,1,83.75,68.75,85.0,36,80,22.145833333333332,-0.9833333333333333,-0.9555555555555556,False,False,False,False,False,False,True,False,True,2.0,83.75,-1.3888888888888888
601939.SHG,601939.SHG,50.0,-0.9333333333333332,-0.38888888888888884,-27.222222222222225,-19.444444444444443,2.0,0.0,50.0,33.333333333333336,33.333333333333336,33.333333333333336,33.333333333333336,50.0,44.444444444444436,75,1,83.75,68.75,75.55555555555557,36,80,27.270833333333332,-0.9333333333333332,-0.38888888888888884,False,False,False,False,False,False,False,False,False,2.0,83.75,-27.222222222222225
601958.SHG,601958.SHG,50.0,-0.1,-0.06666666666666671,-1.6666666666666643,-3.3333333333333357,1.0,1.0,56.666666666666664,0.0,33.333333333333336,0.0,33.333333333333336,54.444444444444436,49.444444444444436,75,0,48.75,64.30555555555557,60.555555555555564,36,80,52.60416666666667,-0.1,-0.06666666666666671,False,False,False,False,False,False,False,False,False,1.0,48.75,-1.6666666666666643
601985.SHG,601985.SHG,50.0,0.7,0.46666666666666656,11.666666666666671,23.33333333333333,0.0,1.0,63.333333333333336,0.0,0.0,0.0,0.0,63.333333333333336,63.333333333333336,55,0,24.75,50.416666666666664,36.666666666666664,36,80,82.20416666666668,0.7,0.46666666666666656,False,False,False,False,False,False,False,False,False,0.0,24.75,11.666666666666671
601988.SHG,601988.SHG,50.0,0.0,-0.1,5.0,-5.0,0.0,0.0,43.333333333333336,0.0,0.0,0.0,0.0,63.333333333333336,53.888888888888886,75,0,33.75,55.416666666666664,46.111111111111114,36,80,61.10416666666667,0.0,-0.1,False,False,False,False,False,False,False,False,False,0.0,33.75,5.0
601991.SHG,601991.SHG,50.0,0.7,-0.4222222222222222,56.111111111111114,-21.11111111111111,0.0,1.0,36.666666666666664,33.333333333333336,0.0,33.333333333333336,0.0,58.888888888888886,48.888888888888886,75,1,53.75,59.861111111111114,51.111111111111114,36,80,72.52083333333334,0.7,-0.4222222222222222,False,False,False,False,False,False,False,False,False,0.0,53.75,56.111111111111114
601998.SHG,601998.SHG,50.0,-1.0,-0.9555555555555556,-2.2222222222222223,-47.77777777777778,1.0,0.0,30.0,33.333333333333336,33.333333333333336,33.333333333333336,33.333333333333336,50.0,35.0,75,1,68.75,68.75,75.0,36,80,24.020833333333332,-1.0,-0.9555555555555556,False,False,False,False,False,False,True,False,True,1.0,68.75,-2.2222222222222223
603288.SHG,603288.SHG,50.0,0.0,-0.38888888888888884,19.444444444444443,-19.444444444444443,0.0,0.0,50.0,33.333333333333336,33.333333333333336,33.333333333333336,33.333333333333336,50.0,44.444444444444436,75,1,53.75,68.75,55.555555555555564,36,80,52.77083333333333,0.0,-0.38888888888888884,False,False,False,False,False,False,False,False,False,0.0,53.75,19.444444444444443
603799.SHG,603799.SHG,50.0,0.0,-0.06666666666666671,3.3333333333333357,-3.3333333333333357,0.0,0.0,56.666666666666664,0.0,33.333333333333336,0.0,33.333333333333336,54.444444444444436,49.444444444444436,75,0,33.75,64.30555555555557,50.555555555555564,36,80,57.10416666666667,0.0,-0.06666666666666671,False,False,False,False,False,False,False,False,False,0.0,33.75,3.3333333333333357
603806.SHG,603806.SHG,50.0,0.0,0.46666666666666656,-23.33333333333333,23.33333333333333,0.0,0.0,63.333333333333336,0.0,0.0,0.0,0.0,63.333333333333336,63.333333333333336,55,0,24.75,50.416666666666664,36.666666666666664,36,80,66.45416666666668,0.0,0.46666666666666656,False,False,False,False,False,False,False,False,False,0.0,24.75,-23.33333333333333
603993.SHG,603993.SHG,50.0,0.0,-0.1,5.0,-5.0,0.0,0.0,43.333333333333336,0.0,0.0,0.0,0.0,63.333333333333336,53.888888888888886,75,0,33.75,55.416666666666664,46.111111111111114,36,80,61.10416666666667,0.0,-0.1,False,False,False,False,False,False,False,False,False,0.0,33.75,5.0
600919.SHG,600919.SHG,50.0,0.0,-0.4222222222222222,21.11111111111111,-21.11111111111111,0.0,0.0,36.666666666666664,33.333333333333336,0.0,33.333333333333336,0.0,58.888888888888886,48.888888888888886,75,1,53.75,59.861111111111114,51.111111111111114,36,80,56.77083333333333,0.0,-0.4222222222222222,False,False,False,False,False,False,False,False,False,0.0,53.75,21.11111111111111
600926.SHG,600926.SHG,50.0,0.0,-0.1,5.0,-5.0,0.0,0.0,43.333333333333336,0.0,0.0,0.0,0.0,63.333333333333336,53.888888888888886,75,0,33.75,55.416666666666664,46.111111111111114,36,80,61.10416666666667,0.0,-0.1,False,False,False,False,False,False,False,False,False,0.0,33.75,5.0
601229.SHG,601229.SHG,50.0,0.0,-0.38888888888888884,19.444444444444443,-19.444444444444443,0.0,0.0,50.0,33.333333333333336,33.333333333333336,33.333333333333336,33.333333333333336,50.0,44.444444444444436,75,1,53.75,68.75,55.555555555555564,36,80,52.77083333333333,0.0,-0.38888888888888884,False,False,False,False,False,False,False,False,False,0.0,53.75,19.444444444444443
600909.SHG,600909.SHG,50.0,0.0,-0.1,5.0,-5.0,0.0,0.0,60.0,0.0,50.0,0.0,50.0,50.0,49.166666666666664,75,0,33.75,68.75,50.833333333333336,36,80,54.4375,0.0,-0.1,False,False,False,False,False,False,False,False,False,0.0,33.75,5.0
603929.SHG,603929.SHG,1.666666666666667,-0.9666666666666667,-0.13333333333333328,-41.66666666666667,-6.666666666666664,1.0,0.0,40.0,50.0,0.0,50.0,0.0,63.33333333333333,55.83333333333333,75,1,68.75,55.41666666666667,54.16666666666667,36,80,33.4375,-0.9666666666666667,-0.13333333333333328,False,False,False,False,False,False,False,False,False,1.0,68.75,-41.66666666666667
601881.SHG,601881.SHG,5.0,-0.1,-0.38888888888888884,14.444444444444443,-19.444444444444443,1.0,1.0,50.0,33.333333333333336,33.333333333333336,33.333333333333336,33.333333333333336,50.0,44.444444444444436,75,1,68.75,68.75,65.55555555555557,36,80,48.27083333333333,-0.1,-0.38888888888888884,False,False,False,False,False,False,False,False,False,1.0,68.75,14.444444444444443
002850.SHE,002850.SHE,50.0,-0.1,-0.1,0.0,-5.0,1.0,1.0,43.333333333333336,0.0,0.0,0.0,0.0,63.333333333333336,53.888888888888886,75,0,48.75,55.416666666666664,56.111111111111114,36,80,56.60416666666667,-0.1,-0.1,False,False,False,False,False,False,False,False,False,1.0,48.75,0.0
300628.SHE,300628.SHE,0.0,-0.9555555555555556,-0.9555555555555556,0.0,-47.77777777777778,3.0,0.0,30.0,33.333333333333336,33.333333333333336,33.333333333333336,33.333333333333336,50.0,35.0,75,1,98.75,68.75,95.0,36,80,20.520833333333332,-0.9555555555555556,-0.9555555555555556,False,False,False,False,False,True,True,False,True,3.0,98.75,0.0
603920.SHG,603920.SHG,50.0,-0.1,-0.06666666666666671,-1.6666666666666643,-3.3333333333333357,1.0,1.0,56.666666666666664,0.0,33.333333333333336,0.0,33.333333333333336,54.444444444444436,49.444444444444436,75,0,48.75,64.30555555555557,60.555555555555564,36,80,52.60416666666667,-0.1,-0.06666666666666671,False,False,False,False,False,False,False,False,False,1.0,48.75,-1.6666666666666643
603129.SHG,603129.SHG,50.0,-1.0,-0.9555555555555556,-2.2222222222222223,-47.77777777777778,1.0,0.0,30.0,33.333333333333336,33.333333333333336,33.333333333333336,33.333333333333336,50.0,35.0,75,1,68.75,68.75,75.0,36,80,24.020833333333332,-1.0,-0.9555555555555556,False,False,False,False,False,False,True,False,True,1.0,68.75,-2.2222222222222223
601108.SHG,601108.SHG,50.0,0.0,-0.1,5.0,-5.0,0.0,0.0,43.333333333333336,0.0,0.0,0.0,0.0,63.333333333333336,53.888888888888886,75,0,33.75,55.416666666666664,46.111111111111114,36,80,61.10416666666667,0.0,-0.1,False,False,False,False,False,False,False,False,False,0.0,33.75,5.0
603260.SHG,603260.SHG,50.0,0.0,-0.9555555555555556,47.77777777777778,-47.77777777777778,0.0,0.0,30.0,33.333333333333336,33.333333333333336,33.333333333333336,33.333333333333336,50.0,35.0,75,1,53.75,68.75,65.0,36,80,48.77083333333333,0.0,-0.9555555555555556,False,False,False,False,False,False,True,False,True,0.0,53.75,47.77777777777778
600025.SHG,600025.SHG,50.0,0.0,-0.1,5.0,-5.0,0.0,0.0,43.333333333333336,0.0,0.0,0.0,0.0,63.333333333333336,53.888888888888886,75,0,33.75,55.416666666666664,46.111111111111114,36,80,61.10416666666667,0.0,-0.1,False,False,False,False,False,False,False,False,False,0.0,33.75,5.0
002920.SHE,002920.SHE,50.0,0.0,-0.4222222222222222,21.11111111111111,-21.11111111111111,0.0,0.0,36.666666666666664,33.333333333333336,0.0,33.333333333333336,0.0,58.888888888888886,48.888888888888886,75,1,53.75,59.861111111111114,51.111111111111114,36,80,56.77083333333333,0.0,-0.4222222222222222,False,False,False,False,False,False,False,False,False,0.0,53.75,21.11111111111111
601838.SHG,601838.SHG,50.0,0.0,-0.9555555555555556,47.77777777777778,-47.77777777777778,0.0,0.0,30.0,33.333333333333336,33.333333333333336,33.333333333333336,33.333333333333336,50.0,35.0,75,1,53.75,68.75,65.0,36,80,48.77083333333333,0.0,-0.9555555555555556,False,False,False,False,False,False,True,False,True,0.0,53.75,47.77777777777778
603156.SHG,603156.SHG,50.0,0.0,-0.06666666666666671,3.3333333333333357,-3.3333333333333357,0.0,0.0,56.666666666666664,0.0,33.333333333333336,0.0,33.333333333333336,54.444444444444436,49.444444444444436,75,0,33.75,64.30555555555557,50.555555555555564,36,80,57.10416666666667,0.0,-0.06666666666666671,False,False,False,False,False,False,False,False,False,0.0,33.75,3.3333333333333357
603259.SHG,603259.SHG,50.0,0.0,0.35,-17.5,17.5,0.0,0.0,50.0,0.0,0.0,0.0,0.0,70.0,63.33333333333333,75,0,33.75,48.75,36.66666666666667,36,80,62.4375,0.0,0.35,False,False,False,False,False,False,False,False,False,0.0,33.75,-17.5
601138.SHG,601138.SHG,5.0,-0.9,-0.9555555555555556,2.7777777777777777,-47.77777777777778,1.0,0.0,30.0,33.333333333333336,33.333333333333336,33.333333333333336,33.333333333333336,50.0,35.0,75,1,68.75,68.75,75.0,36,80,26.270833333333332,-0.9,-0.9555555555555556,False,False,False,False,False,False,True,False,True,1.0,68.75,2.7777777777777777
601066.SHG,601066.SHG,85.0,0.35,-0.06666666666666671,20.833333333333336,-3.3333333333333357,0.0,1.0,56.666666666666664,0.0,33.333333333333336,0.0,33.333333333333336,54.444444444444436,49.444444444444436,75,0,33.75,64.30555555555557,50.555555555555564,36,80,64.97916666666667,0.35,-0.06666666666666671,False,False,False,False,False,False,False,False,False,0.0,33.75,20.833333333333336
300748.SHE,300748.SHE,1.666666666666667,-0.38888888888888884,-0.38888888888888884,0.0,-19.444444444444443,2.0,1.0,50.0,33.333333333333336,33.333333333333336,33.333333333333336,33.333333333333336,50.0,44.444444444444436,75,1,83.75,68.75,75.55555555555557,36,80,39.52083333333333,-0.38888888888888884,-0.38888888888888884,False,False,False,False,False,False,False,False,False,2.0,83.75,0.0
002938.SHE,002938.SHE,5.0,-0.06666666666666671,-0.06666666666666671,0.0,-3.3333333333333357,1.0,1.0,56.666666666666664,0.0,33.333333333333336,0.0,33.333333333333336,54.444444444444436,49.444444444444436,75,0,48.75,64.30555555555557,60.555555555555564,36,80,53.35416666666667,-0.06666666666666671,-0.06666666666666671,False,False,False,False,False,False,False,False,False,1.0,48.75,0.0
300760.SHE,300760.SHE,50.0,0.35,0.46666666666666656,-5.833333333333329,23.33333333333333,0.0,1.0,63.333333333333336,0.0,0.0,0.0,0.0,63.333333333333336,63.333333333333336,55,0,24.75,50.416666666666664,36.666666666666664,36,80,74.32916666666668,0.35,0.46666666666666656,False,False,False,False,False,False,False,False,False,0.0,24.75,-5.833333333333329
601319.SHG,601319.SHG,50.0,-0.9833333333333333,-0.9555555555555556,-1.3888888888888888,-47.77777777777778,2.0,0.0,30.0,33.333333333333336,33.333333333333336,33.333333333333336,33.333333333333336,50.0,35.0,75,1,83.75,68.75,85.0,36,80,22.145833333333332,-0.9833333333333333,-0.9555555555555556,False,False,False,False,False,False,True,False,True,2.0,83.75,-1.3888888888888888
603379.SHG,603379.SHG,50.0,0.0,-0.38888888888888884,19.444444444444443,-19.444444444444443,0.0,0.0,50.0,33.333333333333336,33.333333333333336,33.333333333333336,33.333333333333336,50.0,44.444444444444436,75,1,53.75,68.75,55.555555555555564,36,80,52.77083333333333,0.0,-0.38888888888888884,False,False,False,False,False,False,False,False,False,0.0,53.75,19.444444444444443
600989.SHG,600989.SHG,50.0,0.0,-0.1,5.0,-5.0,0.0,0.0,43.333333333333336,0.0,0.0,0.0,0.0,63.333333333333336,53.888888888888886,75,0,33.75,55.416666666666664,46.111111111111114,36,80,61.10416666666667,0.0,-0.1,False,False,False,False,False,False,False,False,False,0.0,33.75,5.0
688188.SHG,688188.SHG,50.0,0.0,0.46666666666666656,-23.33333333333333,23.33333333333333,0.0,0.0,63.333333333333336,0.0,0.0,0.0,0.0,63.333333333333336,63.333333333333336,55,0,24.75,50.416666666666664,36.666666666666664,36,80,66.45416666666668,0.0,0.46666666666666656,False,False,False,False,False,False,False,False,False,0.0,24.75,-23.33333333333333
003816.SHE,003816.SHE,50.0,0.0,-0.15,7.5,-7.5,0.0,0.0,40.0,0.0,0.0,0.0,0.0,63.33333333333333,55.83333333333333,75,1,53.75,55.41666666666667,44.16666666666667,36,80,57.4375,0.0,-0.15,False,False,False,False,False,False,False,False,False,0.0,53.75,7.5
688036.SHG,688036.SHG,5.0,-0.9,-0.9555555555555556,2.7777777777777777,-47.77777777777778,1.0,0.0,30.0,33.333333333333336,33.333333333333336,33.333333333333336,33.333333333333336,50.0,35.0,75,1,68.75,68.75,75.0,36,80,26.270833333333332,-0.9,-0.9555555555555556,False,False,False,False,False,False,True,False,True,1.0,68.75,2.7777777777777777
601077.SHG,601077.SHG,50.0,0.0,-0.06666666666666671,3.3333333333333357,-3.3333333333333357,0.0,0.0,56.666666666666664,0.0,33.333333333333336,0.0,33.333333333333336,54.444444444444436,49.444444444444436,75,0,33.75,64.30555555555557,50.555555555555564,36,80,57.10416666666667,0.0,-0.06666666666666671,False,False,False,False,False,False,False,False,False,0.0,33.75,3.3333333333333357
601916.SHG,601916.SHG,50.0,0.7,0.7,0.0,35.0,0.0,1.0,70.0,0.0,0.0,0.0,0.0,63.33333333333333,70.0,55,0,24.75,50.41666666666667,30.0,36,80,83.5375,0.7,0.7,False,False,False,False,False,False,False,False,False,0.0,24.75,0.0
601658.SHG,601658.SHG,85.0,-0.15,-0.1,-2.5,-5.0,1.0,1.0,43.333333333333336,0.0,0.0,0.0,0.0,63.333333333333336,53.888888888888886,75,0,48.75,55.416666666666664,56.111111111111114,36,80,55.47916666666667,-0.15,-0.1,False,False,False,False,False,False,False,False,False,1.0,48.75,-2.5
601816.SHG,601816.SHG,50.0,-0.1,-0.1,0.0,-5.0,1.0,1.0,60.0,0.0,50.0,0.0,50.0,50.0,49.166666666666664,75,1,68.75,68.75,60.833333333333336,36,80,46.9375,-0.1,-0.1,False,False,False,False,False,False,False,False,False,1.0,68.75,0.0
603195.SHG,603195.SHG,5.0,-0.06666666666666671,-0.06666666666666671,0.0,-3.3333333333333357,1.0,1.0,56.666666666666664,0.0,33.333333333333336,0.0,33.333333333333336,54.444444444444436,49.444444444444436,75,0,48.75,64.30555555555557,60.555555555555564,36,80,53.35416666666667,-0.06666666666666671,-0.06666666666666671,False,False,False,False,False,False,False,False,False,1.0,48.75,0.0
603087.SHG,603087.SHG,50.0,-0.9833333333333333,-0.9555555555555556,-1.3888888888888888,-47.77777777777778,2.0,0.0,30.0,33.333333333333336,33.333333333333336,33.333333333333336,33.333333333333336,50.0,35.0,75,1,83.75,68.75,85.0,36,80,22.145833333333332,-0.9833333333333333,-0.9555555555555556,False,False,False,False,False,False,True,False,True,2.0,83.75,-1.3888888888888888
688336.SHG,688336.SHG,50.0,-0.9333333333333332,-0.38888888888888884,-27.222222222222225,-19.444444444444443,2.0,0.0,50.0,33.333333333333336,33.333333333333336,33.333333333333336,33.333333333333336,50.0,44.444444444444436,75,1,83.75,68.75,75.55555555555557,36,80,27.270833333333332,-0.9333333333333332,-0.38888888888888884,False,False,False,False,False,False,False,False,False,2.0,83.75,-27.222222222222225
300866.SHE,300866.SHE,50.0,0.7,-0.4222222222222222,56.111111111111114,-21.11111111111111,0.0,1.0,36.666666666666664,33.333333333333336,0.0,33.333333333333336,0.0,58.888888888888886,48.888888888888886,75,1,53.75,59.861111111111114,51.111111111111114,36,80,72.52083333333334,0.7,-0.4222222222222222,False,False,False,False,False,False,False,False,False,0.0,53.75,56.111111111111114
688301.SHG,688301.SHG,50.0,0.0,-0.1,5.0,-5.0,0.0,0.0,43.333333333333336,0.0,0.0,0.0,0.0,63.333333333333336,53.888888888888886,75,0,33.75,55.416666666666664,46.111111111111114,36,80,61.10416666666667,0.0,-0.1,False,False,False,False,False,False,False,False,False,0.0,33.75,5.0
300919.SHE,300919.SHE,0.0,-1.0,-0.5,-25.0,-25.0,1.0,0.0,40.0,0.0,0.0,0.0,0.0,56.666666666666664,42.5,75,0,48.75,62.083333333333336,67.5,36,80,35.6875,-1.0,-0.5,False,False,False,False,False,False,False,False,False,1.0,48.75,-25.0
605117.SHG,605117.SHG,85.0,0.46666666666666656,0.46666666666666656,0.0,23.33333333333333,0.0,2.0,63.333333333333336,0.0,0.0,0.0,0.0,63.333333333333336,63.333333333333336,55,0,24.75,50.416666666666664,36.666666666666664,36,80,76.95416666666668,0.46666666666666656,0.46666666666666656,False,False,False,False,False,False,False,False,False,0.0,24.75,0.0
605499.SHG,605499.SHG,85.0,-0.4222222222222222,-0.4222222222222222,0.0,-21.11111111111111,2.0,1.0,36.666666666666664,33.333333333333336,0.0,33.333333333333336,0.0,58.888888888888886,48.888888888888886,75,1,83.75,59.861111111111114,71.11111111111111,36,80,42.77083333333333,-0.4222222222222222,-0.4222222222222222,False,False,False,False,False,False,False,False,False,2.0,83.75,0.0
600905.SHG,600905.SHG,50.0,-0.9833333333333333,-0.9555555555555556,-1.3888888888888888,-47.77777777777778,2.0,0.0,30.0,33.333333333333336,33.333333333333336,33.333333333333336,33.333333333333336,50.0,35.0,75,1,83.75,68.75,85.0,36,80,22.145833333333332,-0.9833333333333333,-0.9555555555555556,False,False,False,False,False,False,True,False,True,2.0,83.75,-1.3888888888888888
605589.SHG,605589.SHG,50.0,0.35,0.46666666666666656,-5.833333333333329,23.33333333333333,0.0,1.0,63.333333333333336,0.0,0.0,0.0,0.0,63.333333333333336,63.333333333333336,55,0,24.75,50.416666666666664,36.666666666666664,36,80,74.32916666666668,0.35,0.46666666666666656,False,False,False,False,False,False,False,False,False,0.0,24.75,-5.833333333333329
601825.SHG,601825.SHG,50.0,0.0,-0.1,5.0,-5.0,0.0,0.0,43.333333333333336,0.0,0.0,0.0,0.0,63.333333333333336,53.888888888888886,75,0,33.75,55.416666666666664,46.111111111111114,36,80,61.10416666666667,0.0,-0.1,False,False,False,False,False,False,False,False,False,0.0,33.75,5.0
601728.SHG,601728.SHG,50.0,0.7,-0.4222222222222222,56.111111111111114,-21.11111111111111,0.0,1.0,36.666666666666664,33.333333333333336,0.0,33.333333333333336,0.0,58.888888888888886,48.888888888888886,75,1,53.75,59.861111111111114,51.111111111111114,36,80,72.52083333333334,0.7,-0.4222222222222222,False,False,False,False,False,False,False,False,False,0.0,53.75,56.111111111111114
688187.SHG,688187.SHG,50.0,-1.0,-0.9555555555555556,-2.2222222222222223,-47.77777777777778,1.0,0.0,30.0,33.333333333333336,33.333333333333336,33.333333333333336,33.333333333333336,50.0,35.0,75,1,68.75,68.75,75.0,36,80,24.020833333333332,-1.0,-0.9555555555555556,False,False,False,False,False,False,True,False,True,1.0,68.75,-2.2222222222222223
601868.SHG,601868.SHG,50.0,0.0,-0.06666666666666671,3.3333333333333357,-3.3333333333333357,0.0,0.0,56.666666666666664,0.0,33.333333333333336,0.0,33.333333333333336,54.444444444444436,49.444444444444436,75,0,33.75,64.30555555555557,50.555555555555564,36,80,57.10416666666667,0.0,-0.06666666666666671,False,False,False,False,False,False,False,False,False,0.0,33.75,3.3333333333333357
600941.SHG,600941.SHG,50.0,0.0,-0.9555555555555556,47.77777777777778,-47.77777777777778,0.0,0.0,30.0,33.333333333333336,33.333333333333336,33.333333333333336,33.333333333333336,50.0,35.0,75,1,53.75,68.75,65.0,36,80,48.77083333333333,0.0,-0.9555555555555556,False,False,False,False,False,False,True,False,True,0.0,53.75,47.77777777777778
001289.SHE,001289.SHE,50.0,0.0,-0.38888888888888884,19.444444444444443,-19.444444444444443,0.0,0.0,50.0,33.333333333333336,33.333333333333336,33.333333333333336,33.333333333333336,50.0,44.444444444444436,75,1,53.75,68.75,55.555555555555564,36,80,52.77083333333333,0.0,-0.38888888888888884,False,False,False,False,False,False,False,False,False,0.0,53.75,19.444444444444443
600938.SHG,600938.SHG,50.0,0.0,-0.1,5.0,-5.0,0.0,0.0,43.333333333333336,0.0,0.0,0.0,0.0,63.333333333333336,53.888888888888886,75,0,33.75,55.416666666666664,46.111111111111114,36,80,61.10416666666667,0.0,-0.1,False,False,False,False,False,False,False,False,False,0.0,33.75,5.0
688213.SHG,688213.SHG,50.0,0.0,-0.38888888888888884,19.444444444444443,-19.444444444444443,0.0,0.0,50.0,33.333333333333336,33.333333333333336,33.333333333333336,33.333333333333336,50.0,44.444444444444436,75,1,53.75,68.75,55.555555555555564,36,80,52.77083333333333,0.0,-0.38888888888888884,False,False,False,False,False,False,False,False,False,0.0,53.75,19.444444444444443
301308.SHE,301308.SHE,1.666666666666667,-0.9666666666666667,-0.4222222222222222,-27.22222222222222,-21.11111111111111,1.0,0.0,36.666666666666664,33.333333333333336,0.0,33.333333333333336,0.0,58.888888888888886,48.888888888888886,75,1,68.75,59.861111111111114,61.111111111111114,36,80,32.770833333333336,-0.9666666666666667,-0.4222222222222222,False,False,False,False,False,False,False,False,False,1.0,68.75,-27.22222222222222
601061.SHG,601061.SHG,50.0,-0.9666666666666667,-0.38888888888888884,-28.88888888888889,-19.444444444444443,1.0,0.0,50.0,33.333333333333336,33.333333333333336,33.333333333333336,33.333333333333336,50.0,44.444444444444436,75,1,68.75,68.75,65.55555555555557,36,80,28.770833333333332,-0.9666666666666667,-0.38888888888888884,False,False,False,False,False,False,False,False,False,1.0,68.75,-28.88888888888889
603296.SHG,603296.SHG,50.0,-0.9,-0.06666666666666671,-41.666666666666664,-3.3333333333333357,1.0,0.0,56.666666666666664,0.0,33.333333333333336,0.0,33.333333333333336,54.444444444444436,49.444444444444436,75,0,48.75,64.30555555555557,60.555555555555564,36,80,34.60416666666667,-0.9,-0.06666666666666671,False,False,False,False,False,False,False,False,False,1.0,48.75,-41.666666666666664
