ticker,company_name,portfolio_aware_recommendation,clean_sheet_recommendation,llm_recommendation,branch_classification,recommendation_agreement,score_dispersion,portfolio_aware_rank,clean_sheet_rank,llm_score,disagreement_flag,final_review_required,target_weight_portfolio_aware,clean_sheet_target_weight
EVO.ST,Evolution AB (publ),Buy,Hold,Buy,Portfolio-Aware Only,0.6666666666666666,10.074356258655323,30,107,77.65677490519394,True,True,0.05,0.0
600415.SHG,Zhejiang China Commodities City Group Co Ltd,Buy,Avoid,Buy,Portfolio-Aware Only,0.6666666666666666,15.357448915645053,76,355,70.27518417238339,True,True,0.05,0.0
1398.HK,Industrial and Commercial Bank of China,Buy,Hold,Buy,Portfolio-Aware Only,0.6666666666666666,5.499306655208409,5,35,69.87397323994819,True,True,0.05,0.0
002001.SHE,Zhejiang Nhu Co Ltd,Buy,Hold,Buy,Portfolio-Aware Only,0.6666666666666666,13.104533612642971,167,310,68.85083327199497,True,True,0.05,0.0
601808.SHG,China Oilfield Services Ltd Class A,Buy,Hold,Buy,Portfolio-Aware Only,0.6666666666666666,12.480127939230682,107,280,68.42209872635742,True,True,0.05,0.0
1288.HK,Agricultural Bank Of China,Buy,Hold,Hold,Portfolio-Aware Only,0.6666666666666666,8.44690870864923,10,119,67.80965814564087,True,True,0.05,0.0
601398.SHG,Industrial and Commercial Bank of China Ltd,Buy,Buy,Hold,Reject,0.6666666666666666,5.127135490932978,2,19,67.67034485880596,True,True,0.05,0.05
2628.HK,China Life Insurance Co Ltd,Buy,Hold,Hold,Portfolio-Aware Only,0.6666666666666666,14.155057181922217,29,317,66.88289536928626,True,True,0.05,0.0
0291.HK,China Resources Beer Holdings Co Ltd,Buy,Hold,Hold,Portfolio-Aware Only,0.6666666666666666,6.812962440850735,279,147,66.65233596031304,True,True,0.04553027214225564,0.0
3968.HK,China Merchants Bank Co Ltd Class H,Buy,Hold,Hold,Portfolio-Aware Only,0.6666666666666666,6.080775626712052,9,52,66.537254471548,True,True,0.05,0.0
RYA.IR,Ryanair Holdings plc,Buy,Hold,Hold,Portfolio-Aware Only,0.6666666666666666,9.692041107369388,315,244,66.51182093462288,True,True,0.04922722149035095,0.0
PUB.PA,Publicis Groupe SA,Buy,Hold,Hold,Portfolio-Aware Only,0.6666666666666666,5.1898998769453515,255,109,66.36489949466062,True,True,0.05,0.0
2318.HK,Ping An Insurance,Buy,Hold,Hold,Portfolio-Aware Only,0.6666666666666666,5.07437907899686,12,29,66.35823473051964,True,True,0.05,0.0
ALV.XETRA,Allianz SE VNA O.N.,Buy,Buy,Hold,Reject,0.6666666666666666,2.105766870405902,142,2,66.24662541719486,True,True,0.05,0.05
601169.SHG,Bank of Beijing Co Ltd,Buy,Hold,Hold,Portfolio-Aware Only,0.6666666666666666,5.215420236707339,19,39,65.85467831170408,True,True,0.05,0.0
600050.SHG,China United Network Communications Ltd,Buy,Buy,Hold,Reject,0.6666666666666666,2.891803844361652,48,7,65.84307717292404,True,True,0.05,0.05
0939.HK,China Construction Bank Corp,Buy,Hold,Hold,Portfolio-Aware Only,0.6666666666666666,6.3502785089748155,8,47,64.67254529670366,True,True,0.05,0.0
2331.HK,Li Ning Co Ltd,Buy,Hold,Hold,Portfolio-Aware Only,0.6666666666666666,11.42690879253286,176,291,64.63894848000413,True,True,0.048181416828918695,0.0
600809.SHG,Shanxi Xinghuacun Fen Wine Factory Co Ltd,Buy,Hold,Hold,Portfolio-Aware Only,0.6666666666666666,8.39899012099144,250,209,64.62736074356242,True,True,0.05,0.0
002236.SHE,Zhejiang Dahua Technology Co Ltd,Buy,Hold,Hold,Portfolio-Aware Only,0.6666666666666666,9.190984546478946,140,216,64.42920791381532,True,True,0.04832622821337791,0.0
WRT1V.HE,Wartsila Oyj Abp,Hold,Avoid,Hold,Reject,0.6666666666666666,14.01425117370778,411,427,64.39426084478237,True,True,0.0,0.0
0288.HK,WH Group Ltd,Buy,Hold,Hold,Portfolio-Aware Only,0.6666666666666666,6.4215979057002714,281,155,64.32844921554104,True,True,0.05,0.0
FGR.PA,Eiffage SA,Buy,Hold,Hold,Portfolio-Aware Only,0.6666666666666666,3.8776217364005507,275,92,64.14852898597945,True,True,0.05,0.0
2020.HK,ANTA Sports Products Ltd,Buy,Hold,Hold,Portfolio-Aware Only,0.6666666666666666,5.37658376581753,65,75,63.98496721982271,True,True,0.05,0.0
300760.SHE,Shenzhen Mindray Bio-Medical Electronics Co Ltd Class A,Buy,Hold,Hold,Portfolio-Aware Only,0.6666666666666666,8.203846532448793,276,212,63.9595518369882,True,True,0.04056923916746153,0.0
0027.HK,Galaxy Entertainment Group Ltd,Buy,Hold,Hold,Portfolio-Aware Only,0.6666666666666666,8.077840810289537,196,188,63.84502875674535,True,True,0.04425590924620456,0.0
0883.HK,CNOOC Ltd,Buy,Hold,Hold,Portfolio-Aware Only,0.6666666666666666,5.148531745605253,75,73,63.62563141404752,True,True,0.05,0.0
ERIC-B.ST,Telefonaktiebolaget LM Ericsson (publ),Buy,Hold,Hold,Portfolio-Aware Only,0.6666666666666666,11.205660717602958,247,305,63.57834916010469,True,True,0.05,0.0
CMCSA.US,Comcast Corp,Buy,Hold,Hold,Portfolio-Aware Only,0.6666666666666666,7.291823434523522,14,96,63.530457239369966,True,True,0.05,0.0
600938.SHG,CNOOC Limited,Buy,Hold,Hold,Portfolio-Aware Only,0.6666666666666666,11.607559229761627,211,314,63.51987302552239,True,True,0.04910640406435206,0.0
603195.SHG,Gongniu Group Co Ltd,Buy,Hold,Hold,Portfolio-Aware Only,0.6666666666666666,3.8155933726592175,171,61,63.50419582333076,True,True,0.03971219709260467,0.0
600406.SHG,NARI Technology Co Ltd,Buy,Hold,Hold,Portfolio-Aware Only,0.6666666666666666,7.535120526140465,215,178,63.34243722005016,True,True,0.04757282030422192,0.0
3988.HK,Bank of China Ltd H,Buy,Hold,Hold,Portfolio-Aware Only,0.6666666666666666,6.602643512462617,3,36,63.20816182684388,True,True,0.05,0.0
6613.HK,"Lens Technology Co., Ltd.",Hold,Avoid,Hold,Reject,0.6666666666666666,36.60047382175154,491,1013,63.161485544647306,True,True,0.0,0.0
WKL.AS,Wolters Kluwer N.V.,Hold,Avoid,Hold,Reject,0.6666666666666666,14.858344823779932,415,471,63.09065872647132,True,True,0.0,0.0
601628.SHG,China Life Insurance Co Ltd A,Buy,Hold,Hold,Portfolio-Aware Only,0.6666666666666666,8.320302385098227,39,144,63.04271884727825,True,True,0.05,0.0
1109.HK,China Resources Land Ltd,Buy,Hold,Hold,Portfolio-Aware Only,0.6666666666666666,9.371414393348745,70,198,62.813034206622206,True,True,0.05,0.0
ABT.US,Abbott Laboratories,Buy,Hold,Hold,Portfolio-Aware Only,0.6666666666666666,8.34440370177858,185,202,62.7473092905677,True,True,0.04640356756622868,0.0
CA.PA,Carrefour SA,Buy,Hold,Hold,Portfolio-Aware Only,0.6666666666666666,1.3613109131428502,394,23,62.61433713885597,True,True,0.05,0.0
9633.HK,Nongfu Spring Co Ltd,Hold,Avoid,Hold,Reject,0.6666666666666666,17.80696065597132,716,622,62.58091086448901,True,True,0.0,0.0
601728.SHG,China Telecom Corp Ltd,Buy,Hold,Hold,Portfolio-Aware Only,0.6666666666666666,3.9349612102939813,134,44,62.52093031765722,True,True,0.05,0.0
600690.SHG,Qingdao Haier Co Ltd,Buy,Buy,Hold,Reject,0.6666666666666666,4.512355800738427,61,14,62.06443741071507,True,True,0.05,0.05
600036.SHG,China Merchants Bank Co Ltd,Buy,Buy,Hold,Reject,0.6666666666666666,6.435811781736819,4,20,61.97212531535423,True,True,0.05,0.05
601838.SHG,Bank of Chengdu Co Ltd,Buy,Hold,Hold,Portfolio-Aware Only,0.6666666666666666,7.191428853754169,18,87,61.9106375169747,True,True,0.05,0.0
A5G.IR,AIB Group PLC,Buy,Hold,Hold,Portfolio-Aware Only,0.6666666666666666,8.171413435267157,169,190,61.88059940857627,True,True,0.05,0.0
601658.SHG,Postal Savings Bank of China Co Ltd,Buy,Hold,Hold,Portfolio-Aware Only,0.6666666666666666,6.023976240259161,41,57,61.841840318252565,True,True,0.05,0.0
688188.SHG,Shanghai Friendess Electronics Tech,Hold,Avoid,Hold,Reject,0.6666666666666666,26.099135564999248,622,809,61.7866301999438,True,True,0.0,0.0
000333.SHE,Midea Group Co Ltd,Buy,Buy,Hold,Reject,0.6666666666666666,6.295622096212536,7,4,61.70782616474071,True,True,0.05,0.05
2313.HK,Shenzhou International Group Holdings Ltd,Buy,Hold,Hold,Portfolio-Aware Only,0.6666666666666666,11.16949107257553,234,313,61.67957719752175,True,True,0.036242383427444944,0.0
BBVA.MC,Banco Bilbao Vizcaya Argentaria SA,Buy,Hold,Hold,Portfolio-Aware Only,0.6666666666666666,11.409432421104215,258,326,61.51615205213112,True,True,0.05,0.0
G24.XETRA,Scout24 AG,Hold,Avoid,Hold,Reject,0.6666666666666666,12.276329321818402,432,394,61.4879179972007,True,True,0.0,0.0
605117.SHG,Ningbo Deye Technology Co Ltd,Hold,Avoid,Hold,Reject,0.6666666666666666,29.83618375439945,539,892,61.45827349306877,True,True,0.0,0.0
MC.PA,LVMH Moët Hennessy - Louis Vuitton,Buy,Hold,Hold,Portfolio-Aware Only,0.6666666666666666,7.6862445301002715,377,226,61.42464528822575,True,True,0.05,0.0
NXT.LSE,Next PLC,Buy,Hold,Hold,Portfolio-Aware Only,0.6666666666666666,5.9219147573372055,177,135,61.25510268340997,True,True,0.04305626994800897,0.0
T.US,AT&T Inc.,Buy,Hold,Hold,Portfolio-Aware Only,0.6666666666666666,6.008364120181364,24,31,61.142115267916836,True,True,0.05,0.0
601988.SHG,Bank of China Limited,Buy,Hold,Hold,Portfolio-Aware Only,0.6666666666666666,6.635781955032739,28,65,60.952986727253915,True,True,0.05,0.0
AD.AS,Koninklijke Ahold Delhaize NV,Buy,Hold,Hold,Portfolio-Aware Only,0.6666666666666666,2.496099508466944,373,24,60.79638564584418,True,True,0.05,0.0
000651.SHE,Gree Electric Appliances Inc of Zhuhai,Buy,Buy,Hold,Reject,0.6666666666666666,7.528756230806398,69,1,60.77508835010896,True,True,0.05,0.05
601288.SHG,Agricultural Bank of China Ltd Class A,Buy,Hold,Hold,Portfolio-Aware Only,0.6666666666666666,8.861786017103556,11,130,60.75345438430905,True,True,0.05,0.0
601766.SHG,CRRC Corp Ltd Class A,Buy,Buy,Hold,Reject,0.6666666666666666,4.690462106113903,106,21,60.48306115481704,True,True,0.05,0.0
STT.US,State Street Corp,Buy,Hold,Hold,Portfolio-Aware Only,0.6666666666666666,9.22221901966967,59,182,60.27960550593279,True,True,0.05,0.0
300015.SHE,Aier Eye Hospital Group,Buy,Hold,Hold,Portfolio-Aware Only,0.6666666666666666,10.16191612606646,322,306,60.17107548965713,True,True,0.03806525096466559,0.0
000963.SHE,Huadong Medicine Co Ltd,Buy,Hold,Hold,Portfolio-Aware Only,0.6666666666666666,9.59093885282357,168,243,60.08568623314898,True,True,0.04460822347285427,0.0
HNR1.XETRA,Hannover Rück SE,Buy,Buy,Hold,Reject,0.6666666666666666,4.801940230277884,135,10,60.0749223910921,True,True,0.05,0.05
1177.HK,Sino Biopharmaceutical Ltd,Hold,Avoid,Hold,Reject,0.6666666666666666,17.115473377805824,459,572,60.05837851500881,True,True,0.0,0.0
1357.HK,Meitu Inc,Hold,Avoid,Hold,Reject,0.6666666666666666,35.729979563167134,494,1012,60.021838091755484,True,True,0.0,0.0
600919.SHG,Bank of Jiangsu Co Ltd,Buy,Hold,Hold,Portfolio-Aware Only,0.6666666666666666,6.9157943104734825,33,64,59.82698606763577,True,True,0.05,0.0
FRES.LSE,Fresnillo PLC,Hold,Avoid,Hold,Reject,0.6666666666666666,24.441234194959513,419,766,59.72415284803486,True,True,0.0,0.0
EDEN.PA,Edenred SA,Hold,Avoid,Hold,Reject,0.6666666666666666,19.144364250230243,403,639,59.62817653077063,True,True,0.0,0.0
LOW.US,Lowe's Companies Inc,Buy,Hold,Hold,Portfolio-Aware Only,0.6666666666666666,8.388256529299202,81,163,59.460143343993295,True,True,0.05,0.0
SOON.SW,Sonova H Ag,Hold,Avoid,Hold,Reject,0.6666666666666666,12.888972675110415,599,469,59.379359763117264,True,True,0.0,0.0
CAP.PA,Capgemini SE,Hold,Avoid,Hold,Reject,0.6666666666666666,12.073324926340527,418,400,59.30163362969985,True,True,0.0,0.0
600741.SHG,HUAYU Automotive Systems Co Ltd,Buy,Hold,Hold,Portfolio-Aware Only,0.6666666666666666,5.723481196748087,110,70,59.11773034576022,True,True,0.04989922654181474,0.0
PGR.US,Progressive Corp,Buy,Hold,Hold,Portfolio-Aware Only,0.6666666666666666,7.735874833868352,17,74,59.0278809292752,True,True,0.05,0.0
601601.SHG,China Pacific Insurance Group Co Ltd,Buy,Hold,Hold,Portfolio-Aware Only,0.6666666666666666,9.123853899362665,105,206,58.91172686751466,True,True,0.05,0.0
605499.SHG,Eastroc Beverage Group Co Ltd,Hold,Avoid,Hold,Reject,0.6666666666666666,17.35825065380014,423,583,58.71529424358168,True,True,0.0,0.0
601009.SHG,Bank of Nanjing Co Ltd,Buy,Hold,Hold,Portfolio-Aware Only,0.6666666666666666,7.189264302741351,151,148,58.70388515925174,True,True,0.05,0.0
HIG.US,Hartford Financial Services Group,Buy,Buy,Hold,Reject,0.6666666666666666,8.661394529975865,1,5,58.674224369674036,True,True,0.05,0.05
OR.PA,LOréal S.A.,Hold,Avoid,Hold,Reject,0.6666666666666666,10.635173951459,838,445,58.62584880235799,True,True,0.0,0.0
ABF.LSE,Associated British Foods PLC,Buy,Hold,Hold,Portfolio-Aware Only,0.6666666666666666,7.297359097435873,305,204,58.622616561052524,True,True,0.043550202548567514,0.0
MET.US,MetLife Inc,Buy,Hold,Hold,Portfolio-Aware Only,0.6666666666666666,6.9916137562582295,45,56,58.42050741429232,True,True,0.05,0.0
601818.SHG,China Everbright Bank Co Ltd,Buy,Hold,Hold,Portfolio-Aware Only,0.6666666666666666,7.012345118924734,42,41,58.2308163574274,True,True,0.05,0.0
EPI-A.ST,Epiroc AB (publ),Hold,Avoid,Hold,Reject,0.6666666666666666,23.065643688316264,769,784,58.20705681258058,True,True,0.0,0.0
1113.HK,CK Asset Holdings Ltd,Buy,Hold,Hold,Portfolio-Aware Only,0.6666666666666666,6.199288830029985,112,77,57.984114442445374,True,True,0.04599918590797879,0.0
BMY.US,Bristol-Myers Squibb Company,Buy,Hold,Hold,Portfolio-Aware Only,0.6666666666666666,7.82132977230806,67,127,57.973705337794854,True,True,0.05,0.0
STAN.LSE,Standard Chartered PLC,Buy,Hold,Hold,Portfolio-Aware Only,0.6666666666666666,12.318542108477828,85,315,57.96003296512934,True,True,0.05,0.0
ORA.PA,Orange S.A.,Buy,Hold,Hold,Portfolio-Aware Only,0.6666666666666666,4.176095751250684,319,37,57.78505904484872,True,True,0.0470930286639768,0.0
SEB-A.ST,Skandinaviska Enskilda Banken AB (publ),Buy,Hold,Hold,Portfolio-Aware Only,0.6666666666666666,6.069439170525495,224,131,57.60664138740323,True,True,0.0494912051314811,0.0
601127.SHG,Chongqing Sokon Ind Grp Co,Buy,Hold,Hold,Portfolio-Aware Only,0.6666666666666666,10.800322888677,94,258,57.572296662397065,True,True,0.05,0.0
FITB.US,Fifth Third Bancorp,Buy,Hold,Hold,Portfolio-Aware Only,0.6666666666666666,10.28049178546522,114,250,57.56104340464701,True,True,0.05,0.0
IMB.LSE,Imperial Brands PLC,Buy,Hold,Hold,Portfolio-Aware Only,0.6666666666666666,4.735791718175555,264,42,57.53807551645522,True,True,0.05,0.0
600563.SHG,Xiamen Faratronic Co Ltd,Hold,Avoid,Hold,Reject,0.6666666666666666,28.379204237534232,629,895,57.48237529639391,True,True,0.0,0.0
601166.SHG,Industrial Bank Co Ltd,Buy,Hold,Hold,Portfolio-Aware Only,0.6666666666666666,7.391514368201635,43,54,57.45364568312729,True,True,0.05,0.0
601633.SHG,Great Wall Motor Co Ltd,Buy,Hold,Hold,Portfolio-Aware Only,0.6666666666666666,6.064569169215047,161,91,57.378090900523205,True,True,0.05,0.0
601939.SHG,China Construction Bank Co,Buy,Hold,Hold,Portfolio-Aware Only,0.6666666666666666,7.3180473410219085,55,68,57.29809874927204,True,True,0.05,0.0
2328.HK,PICC Property & Casualty-H,Buy,Hold,Hold,Portfolio-Aware Only,0.6666666666666666,10.18941104886336,25,174,57.2391514045423,True,True,0.05,0.0
601998.SHG,China Citic Bank Corp Ltd Class A,Buy,Hold,Hold,Portfolio-Aware Only,0.6666666666666666,7.84366736581577,72,117,56.97935572730759,True,True,0.05,0.0
CI.US,Cigna Corp,Buy,Hold,Hold,Portfolio-Aware Only,0.6666666666666666,11.100814921989421,66,253,56.94002175322838,True,True,0.05,0.0
ALL.US,The Allstate Corporation,Buy,Hold,Hold,Portfolio-Aware Only,0.6666666666666666,8.118514888395609,21,46,56.93449013140335,True,True,0.05,0.0
601211.SHG,Guotai Junan Securities Co Ltd,Buy,Hold,Hold,Portfolio-Aware Only,0.6666666666666666,9.410068420317623,111,214,56.90752871647571,True,True,0.05,0.0
002415.SHE,Hangzhou Hikvision Digital Technology Co Ltd,Buy,Hold,Hold,Portfolio-Aware Only,0.6666666666666666,6.7673010420842346,248,150,56.53483919132624,True,True,0.05,0.0
SHELL.AS,Shell PLC,Buy,Buy,Hold,Reject,0.6666666666666666,5.917919691538454,240,18,56.47028751309212,True,True,0.05,0.05
PG.US,Procter & Gamble Company,Buy,Hold,Hold,Portfolio-Aware Only,0.6666666666666666,5.170830732986219,307,93,56.340116646832406,True,True,0.04751593014966635,0.0
CFR.SW,Compagnie Financière Richemont SA,Hold,Avoid,Hold,Reject,0.6666666666666666,16.11541811419486,662,609,56.26629797008931,True,True,0.0,0.0
ITRK.LSE,Intertek Group PLC,Hold,Avoid,Hold,Reject,0.6666666666666666,17.12009395161525,553,625,56.12114391083367,True,True,0.0,0.0
2688.HK,ENN Energy Holdings Ltd,Buy,Hold,Hold,Portfolio-Aware Only,0.6666666666666666,8.396084913981332,101,152,56.07841821257573,True,True,0.04529534554779267,0.0
600031.SHG,Sany Heavy Industry Co Ltd,Buy,Hold,Hold,Portfolio-Aware Only,0.6666666666666666,10.684144532951358,292,323,55.9307108443747,True,True,0.05,0.0
2601.HK,China Pacific Insurance,Buy,Hold,Hold,Portfolio-Aware Only,0.6666666666666666,10.753736714927369,89,249,55.7992828943086,True,True,0.05,0.0
002352.SHE,S.F. Holding Co. Ltd,Buy,Hold,Hold,Portfolio-Aware Only,0.6666666666666666,6.826160893800923,128,34,55.72545401292425,True,True,0.05,0.0
0941.HK,China Mobile Ltd,Buy,Buy,Hold,Reject,0.6666666666666666,7.913793405441723,97,9,55.56124821539163,True,True,0.04437928431592154,0.05
1093.HK,CSPC Pharmaceutical Group Ltd,Hold,Avoid,Hold,Reject,0.6666666666666666,26.875377973720763,585,864,55.48305199821444,True,True,0.0,0.0
REL.LSE,Relx PLC,Hold,Avoid,Hold,Reject,0.6666666666666666,19.57258665992952,458,674,55.4760847244594,True,True,0.0,0.0
601225.SHG,Shaanxi Coal Industry Co Ltd,Buy,Hold,Hold,Portfolio-Aware Only,0.6666666666666666,10.89437762104706,191,304,55.43505563952251,True,True,0.05,0.0
GEBN.SW,Geberit AG,Hold,Avoid,Hold,Reject,0.6666666666666666,11.8073410522759,819,512,55.376143266969954,True,True,0.0,0.0
9987.HK,Yum China Holdings Inc,Hold,Avoid,Hold,Reject,0.6666666666666666,14.870354110687165,448,523,55.364440934314885,True,True,0.0,0.0
REP.MC,Repsol S.A.,Buy,Hold,Hold,Portfolio-Aware Only,0.6666666666666666,9.861141572666405,220,267,55.3600736228803,True,True,0.04913176374323689,0.0
KRZ.IR,Kerry Group,Hold,Avoid,Hold,Reject,0.6666666666666666,10.435812869877308,847,481,55.344209466231746,True,True,0.0,0.0
000408.SHE,Zangge Holding Co Ltd,Hold,Avoid,Hold,Reject,0.6666666666666666,32.96931559685018,763,1025,55.30733015755335,True,True,0.0,0.0
DG.PA,Vinci S.A.,Buy,Hold,Hold,Portfolio-Aware Only,0.6666666666666666,5.580516553333073,304,72,55.260432325080764,True,True,0.05,0.0
SCHP.SW,Schindler Ps,Hold,Avoid,Hold,Reject,0.6666666666666666,9.42231291268538,708,398,55.214862856937394,True,True,0.0,0.0
600000.SHG,Shanghai Pudong Development Bank Co Ltd,Buy,Hold,Hold,Portfolio-Aware Only,0.6666666666666666,8.751874595404015,208,221,55.040285019369406,True,True,0.05,0.0
USB.US,U.S. Bancorp,Buy,Hold,Hold,Portfolio-Aware Only,0.6666666666666666,9.008370836879902,78,153,54.963564279598046,True,True,0.05,0.0
SHEL.LSE,Shell plc,Buy,Buy,Hold,Reject,0.6666666666666666,8.092859421903775,80,13,54.88563556972904,True,True,0.05,0.05
002311.SHE,Guangdong Haid Group Co Ltd,Hold,Avoid,Hold,Reject,0.6666666666666666,14.36000273165341,562,533,54.81699070079907,True,True,0.0,0.0
EL.PA,EssilorLuxottica S. A.,Hold,Avoid,Hold,Reject,0.6666666666666666,14.669752731123031,841,621,54.63405747677452,True,True,0.0,0.0
BHP.LSE,BHP Group Limited,Hold,Avoid,Hold,Reject,0.6666666666666666,9.632183820606386,657,395,54.595697419910685,True,True,0.0,0.0
SAND.ST,Sandvik AB,Hold,Avoid,Hold,Reject,0.6666666666666666,20.30213894311172,669,723,54.537267490557284,True,True,0.0,0.0
2057.HK,Zto Express Cayman Inc,Buy,Hold,Hold,Portfolio-Aware Only,0.6666666666666666,9.106157788199365,397,293,54.52375946872146,True,True,0.03214429069568085,0.0
0005.HK,HSBC Holdings PLC,Buy,Hold,Hold,Portfolio-Aware Only,0.6666666666666666,10.441940913803622,226,292,54.30965253689682,True,True,0.05,0.0
3993.HK,CMOC Group Ltd,Hold,Avoid,Hold,Reject,0.6666666666666666,31.9385343947439,424,962,54.26749100313032,True,True,0.0,0.0
CVX.US,Chevron Corp,Buy,Hold,Hold,Portfolio-Aware Only,0.6666666666666666,7.834631675100303,109,76,54.24577755148961,True,True,0.04983042585198621,0.0
AZN.LSE,AstraZeneca PLC,Hold,Avoid,Hold,Reject,0.6666666666666666,11.83621027782294,524,440,54.21101876440841,True,True,0.0,0.0
TRI.US,Thomson Reuters Corporation Common Shares,Hold,Avoid,Hold,Reject,0.6666666666666666,27.841070700623654,534,882,54.16536110927275,True,True,0.0,0.0
DCC.LSE,DCC plc,Buy,Hold,Hold,Portfolio-Aware Only,0.6666666666666666,8.537080419068433,200,195,54.09317741167767,True,True,0.0470829256776835,0.0
GILD.US,Gilead Sciences Inc,Buy,Hold,Hold,Portfolio-Aware Only,0.6666666666666666,10.29177669894362,206,279,53.99991787635725,True,True,0.05,0.0
G1A.XETRA,GEA GROUP,Hold,Avoid,Hold,Reject,0.6666666666666666,10.895310442190981,779,487,53.91687608576188,True,True,0.0,0.0
LSEG.LSE,London Stock Exchange Group PLC,Hold,Avoid,Hold,Reject,0.6666666666666666,23.45625782290578,579,789,53.84355985232689,True,True,0.0,0.0
601898.SHG,China Coal Energy Co Ltd,Hold,Avoid,Hold,Reject,0.6666666666666666,19.088943778805415,502,675,53.78693851467639,True,True,0.0,0.0
000538.SHE,Yunnan Baiyao Group Co Ltd,Buy,Hold,Hold,Portfolio-Aware Only,0.6666666666666666,6.038457578681908,379,48,53.619691487810684,True,True,0.03308277034100855,0.0
601319.SHG,People's Insurance of China Ltd,Buy,Hold,Hold,Portfolio-Aware Only,0.6666666666666666,10.370770068896785,57,179,53.55098251485014,True,True,0.05,0.0
GIVN.SW,Givaudan SA,Hold,Avoid,Hold,Reject,0.6666666666666666,16.39307282253365,840,666,53.48247382943353,True,True,0.0,0.0
BAER.SW,Julius Baer Gruppe AG,Hold,Avoid,Hold,Reject,0.6666666666666666,10.941050274735575,612,433,53.44379946241972,True,True,0.0,0.0
VZ.US,Verizon Communications Inc,Buy,Hold,Hold,Portfolio-Aware Only,0.6666666666666666,9.262744198862423,51,99,53.422424791080594,True,True,0.05,0.0
300628.SHE,Yealink Network Technology Corp Ltd,Hold,Avoid,Hold,Reject,0.6666666666666666,21.729543253119928,590,756,53.327588143261025,True,True,0.0,0.0
EADSY.US,Airbus Group NV,Hold,Avoid,Hold,Reject,0.6666666666666666,27.53277546794384,756,916,53.29207844514053,True,True,0.0,0.0
CCEP.US,Coca-Cola European Partners PLC,Hold,Avoid,Hold,Reject,0.6666666666666666,11.160563113655932,498,405,53.16962797961723,True,True,0.0,0.0
AIG.US,American International Group Inc,Buy,Hold,Hold,Portfolio-Aware Only,0.6666666666666666,9.318181716359957,53,94,53.111946710937886,True,True,0.05,0.0
HSBC.US,HSBC Holdings PLC ADR,Buy,Hold,Hold,Portfolio-Aware Only,0.6666666666666666,10.817646164057358,290,321,53.012661916348705,True,True,0.049448646630941534,0.0
600941.SHG,China Mobile Limited,Buy,Hold,Hold,Portfolio-Aware Only,0.6666666666666666,7.903950955618966,183,25,52.992189584347955,True,True,0.037162228795480604,0.0
MTB.US,M&T Bank Corporation,Buy,Hold,Hold,Portfolio-Aware Only,0.6666666666666666,9.359205404837272,162,197,52.970093309080234,True,True,0.05,0.0
601108.SHG,Caitong Securities Co Ltd,Hold,Avoid,Hold,Reject,0.6666666666666666,12.183813836901383,450,431,52.900334400919284,True,True,0.0,0.0
1258.HK,China Nonferrous Mining Corp Ltd,Hold,Avoid,Hold,Reject,0.6666666666666666,31.71428100428974,684,989,52.88440434771316,True,True,0.0,0.0
GSK.LSE,GSK plc,Buy,Hold,Hold,Portfolio-Aware Only,0.6666666666666666,6.479747262790014,399,146,52.87276516884485,True,True,0.04192206827700779,0.0
0992.HK,Lenovo Group,Hold,Avoid,Hold,Reject,0.6666666666666666,32.434439228352446,518,984,52.82876085767949,True,True,0.0,0.0
BA.LSE,BAE Systems plc,Hold,Avoid,Hold,Reject,0.6666666666666666,21.52599915905171,661,768,52.81284421189362,True,True,0.0,0.0
601816.SHG,Beijing-Shanghai High Speed Railway Co Ltd,Buy,Buy,Hold,Reject,0.6666666666666666,7.761363384918515,302,17,52.80495643634631,True,True,0.04418270138114801,0.05
BT-A.LSE,BT Group Plc,Buy,Hold,Hold,Portfolio-Aware Only,0.6666666666666666,9.312217955273484,238,231,52.69670434160385,True,True,0.04713904138515462,0.0
BVA.LSE,Banco Bilbao Vizcaya Argentaria S.A,Hold,Avoid,Hold,Reject,0.6666666666666666,29.209064552220436,645,932,52.63557608922098,True,True,0.0,0.0
UNH.US,UnitedHealth Group Incorporated,Hold,Avoid,Hold,Reject,0.6666666666666666,22.69612692148583,414,753,52.624035949434464,True,True,0.0,0.0
COP.US,ConocoPhillips,Buy,Hold,Hold,Portfolio-Aware Only,0.6666666666666666,9.875273937097827,261,268,52.51606231536288,True,True,0.04444664175040431,0.0
600023.SHG,Zhejiang Zheneng Electric Power Co Ltd,Buy,Hold,Hold,Portfolio-Aware Only,0.6666666666666666,10.058445558451105,229,261,52.47926109319181,True,True,0.04226609240927141,0.0
002128.SHE,Huolinhe Opencut Coal Industry Corp Ltd of Inner Mongolia,Hold,Avoid,Hold,Reject,0.6666666666666666,19.280592141689432,429,670,52.41590024421518,True,True,0.0,0.0
MDT.US,Medtronic PLC,Buy,Hold,Hold,Portfolio-Aware Only,0.6666666666666666,9.677802909049245,222,242,52.36176641480632,True,True,0.04862854853880111,0.0
TFC.US,Truist Financial Corp,Buy,Hold,Hold,Portfolio-Aware Only,0.6666666666666666,11.413529649581333,116,271,52.33662832007786,True,True,0.05,0.0
SCCO.US,Southern Copper Corporation,Hold,Avoid,Hold,Reject,0.6666666666666666,32.44774628305426,729,1020,52.32507872023258,True,True,0.0,0.0
2050.HK,Zhejiang Sanhua Intel Controls Co Ltd,Hold,Avoid,Hold,Reject,0.6666666666666666,31.265837247477783,871,1030,52.1330803926697,True,True,0.0,0.0
TSCO.LSE,Tesco PLC,Buy,Hold,Hold,Portfolio-Aware Only,0.6666666666666666,6.972828098276524,380,151,52.12171486296669,True,True,0.05,0.0
BTI.US,British American Tobacco p.l.c.,Hold,Avoid,Hold,Reject,0.6666666666666666,11.216706622629266,520,420,52.07834098045191,True,True,0.0,0.0
MRK.XETRA,Merck KGaA,Hold,Avoid,Hold,Reject,0.6666666666666666,15.714097277170008,827,656,51.98569496935982,True,True,0.0,0.0
SGE.LSE,Sage Group PLC,Hold,Avoid,Hold,Reject,0.6666666666666666,22.81749478233661,747,807,51.89559438009594,True,True,0.0,0.0
SBRY.LSE,J Sainsbury PLC,Buy,Hold,Hold,Portfolio-Aware Only,0.6666666666666666,6.836682791336292,367,115,51.86349792662669,True,True,0.05,0.0
NOVO-B.CO,Novo Nordisk A/S,Hold,Avoid,Hold,Reject,0.6666666666666666,29.870973772705483,573,944,51.84208696586074,True,True,0.0,0.0
LR.PA,Legrand SA,Hold,Avoid,Hold,Reject,0.6666666666666666,20.908161717673575,890,797,51.82661766150906,True,True,0.0,0.0
300033.SHE,Hithink RoyalFlush Info Network,Hold,Avoid,Hold,Reject,0.6666666666666666,32.234366302763476,741,1028,51.717421137236926,True,True,0.0,0.0
AFL.US,Aflac Incorporated,Buy,Hold,Hold,Portfolio-Aware Only,0.6666666666666666,9.386331940584798,102,120,51.660117276505666,True,True,0.047328052399776555,0.0
HEXA-B.ST,Hexagon AB (publ),Hold,Avoid,Hold,Reject,0.6666666666666666,28.79625148041806,774,953,51.572098269766684,True,True,0.0,0.0
ACS.MC,ACS Actividades de Construccion y Servicios SA,Hold,Avoid,Hold,Reject,0.6666666666666666,16.624163871414968,696,654,51.5275151465168,True,True,0.0,0.0
ABN.AS,ABN Amro Group NV,Hold,Avoid,Hold,Reject,0.6666666666666666,12.334262483434642,691,516,51.51847052702646,True,True,0.0,0.0
601958.SHG,Jinduicheng Molybdenum Co Ltd,Hold,Avoid,Hold,Reject,0.6666666666666666,32.429984953928134,697,1017,51.410283402767575,True,True,0.0,0.0
HSY.US,Hershey Co,Hold,Avoid,Hold,Reject,0.6666666666666666,16.55177060505574,632,643,51.28024177181007,True,True,0.0,0.0
DVN.US,Devon Energy Corporation,Buy,Hold,Hold,Portfolio-Aware Only,0.6666666666666666,11.577080959302538,212,320,51.25614974898779,True,True,0.048248645683211897,0.0
SAB.MC,Banco de Sabadell S.A,Hold,Avoid,Hold,Reject,0.6666666666666666,13.15801707223869,635,524,51.21471491229492,True,True,0.0,0.0
600066.SHG,Zhengzhou Yutong Bus Co Ltd,Hold,Avoid,Hold,Reject,0.6666666666666666,15.038672981948114,529,567,51.21050450967854,True,True,0.0,0.0
RXL.PA,Rexel S.A,Hold,Avoid,Hold,Reject,0.6666666666666666,12.632509829395227,748,538,51.052295787130646,True,True,0.0,0.0
AVOL.SW,Avolta AG,Hold,Avoid,Hold,Reject,0.6666666666666666,15.076922976188005,601,584,50.942108612823304,True,True,0.0,0.0
NXPI.US,NXP Semiconductors NV,Hold,Avoid,Hold,Reject,0.6666666666666666,31.37790604056359,630,986,50.91677755339242,True,True,0.0,0.0
CPG.LSE,Compass Group PLC,Hold,Avoid,Hold,Reject,0.6666666666666666,28.553706801567312,744,943,50.90957101939306,True,True,0.0,0.0
600801.SHG,Huaxin Cement Co Ltd A,Hold,Avoid,Hold,Reject,0.6666666666666666,20.667517684796785,410,702,50.90505432940356,True,True,0.0,0.0
XOM.US,Exxon Mobil Corp,Buy,Hold,Hold,Portfolio-Aware Only,0.6666666666666666,10.443398176833899,239,269,50.86161969767054,True,True,0.04421517567422653,0.0
UNP.US,Union Pacific Corporation,Hold,Avoid,Hold,Reject,0.6666666666666666,12.74595313044181,475,468,50.67308875761616,True,True,0.0,0.0
600104.SHG,SAIC Motor Corp Ltd,Buy,Hold,Hold,Portfolio-Aware Only,0.6666666666666666,9.021006460337752,189,139,50.63984385738112,True,True,0.04890758489053819,0.0
2382.HK,Sunny Optical Technology Group Co Ltd,Hold,Avoid,Hold,Reject,0.6666666666666666,19.23248693161732,497,680,50.604349879107176,True,True,0.0,0.0
RI.PA,Pernod Ricard S.A.,Hold,Avoid,Hold,Reject,0.6666666666666666,7.905650742209789,815,396,50.526948450031846,True,True,0.0,0.0
600019.SHG,Baoshan Iron & Steel Co Ltd,Buy,Hold,Hold,Portfolio-Aware Only,0.6666666666666666,9.500058201267016,125,58,50.49827347977435,True,True,0.05,0.0
MUV2.XETRA,Münchener Rück AG,Hold,Avoid,Hold,Reject,0.6666666666666666,10.798933574951867,567,421,50.45951182312004,True,True,0.0,0.0
AMGN.US,Amgen Inc,Hold,Avoid,Hold,Reject,0.6666666666666666,18.929907275414934,558,686,50.31781808819195,True,True,0.0,0.0
MCD.US,McDonald’s Corporation,Buy,Hold,Hold,Portfolio-Aware Only,0.6666666666666666,9.09958975282596,241,169,50.27843768266761,True,True,0.04517965310960502,0.0
NWG.US,Natwest Group PLC,Hold,Avoid,Hold,Reject,0.6666666666666666,15.658614312328,435,565,50.257736529294625,True,True,0.0,0.0
SKF-B.ST,AB SKF (publ),Hold,Avoid,Hold,Reject,0.6666666666666666,18.37466860291634,753,711,50.08298282663416,True,True,0.0,0.0
601919.SHG,COSCO SHIPPING Holdings Co Ltd,Buy,Hold,Hold,Portfolio-Aware Only,0.6666666666666666,9.374935303633885,160,79,49.99883746446596,True,True,0.05,0.0
ALFA.ST,Alfa Laval AB,Hold,Avoid,Hold,Reject,0.6666666666666666,19.716200467523333,846,777,49.86020141711137,True,True,0.0,0.0
FDX.US,FedEx Corporation,Buy,Hold,Hold,Portfolio-Aware Only,0.6666666666666666,10.84532669922415,158,233,49.82569621392321,True,True,0.05,0.0
6030.HK,CITIC Securities Co Ltd,Hold,Avoid,Hold,Reject,0.6666666666666666,18.899198574049016,574,689,49.529227265612924,True,True,0.0,0.0
0669.HK,Techtronic Industries Co Ltd,Hold,Avoid,Hold,Reject,0.6666666666666666,24.293812821046874,758,859,49.5226472209148,True,True,0.0,0.0
NOC.US,Northrop Grumman Corporation,Hold,Avoid,Hold,Reject,0.6666666666666666,17.533611011235,402,631,49.430266712760975,True,True,0.0,0.0
TTE.US,TotalEnergies SE ADR,Buy,Hold,Hold,Portfolio-Aware Only,0.6666666666666666,9.021937628932703,272,154,49.33663206924108,True,True,0.03928281763236766,0.0
CL.US,Colgate-Palmolive Company,Hold,Avoid,Hold,Reject,0.6666666666666666,14.326763914038269,724,602,49.30022903247838,True,True,0.0,0.0
ASSA-B.ST,ASSA ABLOY AB (publ),Hold,Avoid,Hold,Reject,0.6666666666666666,16.877995464682733,695,667,49.29936737153908,True,True,0.0,0.0
IBM.US,International Business Machines,Hold,Avoid,Hold,Reject,0.6666666666666666,29.225367751889518,593,941,49.26795030639511,True,True,0.0,0.0
RELX.US,Relx PLC ADR,Hold,Avoid,Hold,Reject,0.6666666666666666,28.26435030468515,692,934,49.14064392560063,True,True,0.0,0.0
RHHBY.US,Roche Holding Ltd ADR,Hold,Avoid,Hold,Reject,0.6666666666666666,18.67470107526204,666,704,49.07379756591196,True,True,0.0,0.0
300433.SHE,Lens Technology Co Ltd,Hold,Avoid,Hold,Reject,0.6666666666666666,29.493904588484266,970,1033,48.97948533817101,True,True,0.0,0.0
ULVR.LSE,Unilever PLC,Hold,Avoid,Hold,Reject,0.6666666666666666,9.305345743191857,700,402,48.6854169748736,True,True,0.0,0.0
STJ.LSE,St. James's Place plc,Hold,Avoid,Hold,Reject,0.6666666666666666,14.56241552520065,526,551,48.651297868252456,True,True,0.0,0.0
UL.US,Unilever PLC ADR,Hold,Avoid,Hold,Reject,0.6666666666666666,13.395309357174593,681,557,48.549549190925326,True,True,0.0,0.0
ENX.PA,Euronext N.V.,Hold,Avoid,Hold,Reject,0.6666666666666666,14.453642446537222,864,647,48.477420767189194,True,True,0.0,0.0
AI.PA,Air Liquide SA,Hold,Avoid,Hold,Reject,0.6666666666666666,12.665508253124024,876,604,48.31706962774964,True,True,0.0,0.0
FRE.XETRA,Fresenius SE & Co. KGaA,Hold,Avoid,Hold,Reject,0.6666666666666666,8.789764067612687,884,477,48.065643420697995,True,True,0.0,0.0
NKE.US,Nike Inc,Hold,Avoid,Hold,Reject,0.6666666666666666,25.179793571315976,550,853,47.873442234623454,True,True,0.0,0.0
SN.LSE,Smith & Nephew PLC,Hold,Avoid,Hold,Reject,0.6666666666666666,15.349650292207299,592,598,47.62391004664496,True,True,0.0,0.0
ADM.US,Archer-Daniels-Midland Company,Hold,Avoid,Hold,Reject,0.6666666666666666,10.967108948145805,401,336,47.56728801749673,True,True,0.0,0.0
AENA.MC,Aena SA,Hold,Avoid,Hold,Reject,0.6666666666666666,7.297671042041394,893,419,47.47806099879247,True,True,0.0,0.0
VOLV-B.ST,AB Volvo (publ),Hold,Avoid,Hold,Reject,0.6666666666666666,19.08807015835152,796,754,47.477718164158546,True,True,0.0,0.0
ITW.US,Illinois Tool Works Inc,Hold,Avoid,Hold,Reject,0.6666666666666666,18.19289890952805,690,701,47.45197639446499,True,True,0.0,0.0
PM.US,Philip Morris International Inc,Hold,Avoid,Hold,Reject,0.6666666666666666,11.943558627532362,682,505,47.421703764151104,True,True,0.0,0.0
MAERSK-B.CO,A.P. Møller - Mærsk A/S,Hold,Avoid,Hold,Reject,0.6666666666666666,14.524681850082464,706,608,47.408124126805,True,True,0.0,0.0
HEIA.AS,Heineken,Hold,Avoid,Hold,Reject,0.6666666666666666,6.581649061179064,896,386,47.37046082950917,True,True,0.0,0.0
600585.SHG,Anhui Conch Cement Co Ltd,Buy,Hold,Hold,Portfolio-Aware Only,0.6666666666666666,10.003683694470753,327,229,47.25549590504662,True,True,0.0408864217379079,0.0
IBE.MC,Iberdrola S.A.,Hold,Avoid,Hold,Reject,0.6666666666666666,11.039330262078423,862,543,47.180766553411885,True,True,0.0,0.0
LMT.US,Lockheed Martin Corporation,Hold,Avoid,Hold,Reject,0.6666666666666666,20.23716823790179,525,721,47.07713902162611,True,True,0.0,0.0
KPN.AS,Koninklijke KPN NV,Hold,Avoid,Hold,Reject,0.6666666666666666,8.240945702294615,750,362,46.81090623137421,True,True,0.0,0.0
BDX.US,Becton Dickinson and Company,Hold,Avoid,Hold,Reject,0.6666666666666666,14.667749319953806,453,526,46.780390519078665,True,True,0.0,0.0
600039.SHG,Sichuan Road & Bridge Group Co Ltd,Hold,Avoid,Hold,Reject,0.6666666666666666,11.18606041282905,543,410,46.77309976263084,True,True,0.0,0.0
DANSKE.CO,Danske Bank A/S,Hold,Avoid,Hold,Reject,0.6666666666666666,9.472017320122998,679,385,46.75510000295206,True,True,0.0,0.0
PEP.US,PepsiCo Inc,Hold,Avoid,Hold,Reject,0.6666666666666666,11.734572961392923,670,491,46.658772998941686,True,True,0.0,0.0
600549.SHG,Xiamen Tungsten Co Ltd,Hold,Avoid,Hold,Reject,0.6666666666666666,29.123385491964378,947,1038,46.647472384105846,True,True,0.0,0.0
ADEN.SW,Adecco Group AG Class N,Hold,Avoid,Hold,Reject,0.6666666666666666,16.71331982128736,776,683,46.589984296246406,True,True,0.0,0.0
002294.SHE,Shenzhen Salubris Pharmaceuticals Co Ltd,Hold,Avoid,Hold,Reject,0.6666666666666666,27.78746129633274,1069,1051,46.27529836681724,True,True,0.0,0.0
UNA.AS,Unilever PLC,Hold,Avoid,Hold,Reject,0.6666666666666666,11.180654824574155,986,607,46.26089653648657,True,True,0.0,0.0
FAST.US,Fastenal Company,Hold,Avoid,Hold,Reject,0.6666666666666666,22.610953273852306,874,862,46.2244022213164,True,True,0.0,0.0
AZN.US,AstraZeneca PLC,Hold,Avoid,Hold,Reject,0.6666666666666666,21.28156662722768,672,783,46.11478067949647,True,True,0.0,0.0
LHX.US,L3Harris Technologies Inc,Hold,Avoid,Hold,Reject,0.6666666666666666,25.13227790650627,677,877,45.5300475119682,True,True,0.0,0.0
300866.SHE,Anker Innovations Technology Co Ltd,Hold,Avoid,Hold,Reject,0.6666666666666666,28.38200108439447,1001,1059,45.4219188981384,True,True,0.0,0.0
000559.SHE,Wanxiang Qianchao Co Ltd,Hold,Avoid,Hold,Reject,0.6666666666666666,27.96719068198885,1028,1049,45.35716265118438,True,True,0.0,0.0
SIKA.SW,Sika AG,Hold,Avoid,Hold,Reject,0.6666666666666666,19.43545405490285,948,808,45.22925864035035,True,True,0.0,0.0
000100.SHE,TCL Corp,Hold,Avoid,Hold,Reject,0.6666666666666666,16.746510684338453,427,597,45.152507418981386,True,True,0.0,0.0
TEL2-B.ST,Tele2 AB (publ),Hold,Avoid,Hold,Reject,0.6666666666666666,19.14309533567509,699,734,45.06183337867054,True,True,0.0,0.0
SPG.US,Simon Property Group Inc,Hold,Avoid,Avoid,Reject,0.6666666666666666,16.06747949089267,555,620,44.996300971933564,True,True,0.0,0.0
BHP.US,BHP Group Limited,Hold,Avoid,Avoid,Reject,0.6666666666666666,16.822752761421018,647,661,44.91471339864564,True,True,0.0,0.0
KBC.BR,KBC Groep NV,Hold,Avoid,Avoid,Reject,0.6666666666666666,11.712360193045058,895,586,44.846876386587844,True,True,0.0,0.0
RIO.US,Rio Tinto ADR,Hold,Avoid,Avoid,Reject,0.6666666666666666,12.416262132480986,568,475,44.83049388315556,True,True,0.0,0.0
TTE.LSE,TotalEnergies SE,Hold,Avoid,Avoid,Reject,0.6666666666666666,16.96517523424479,704,678,44.795236203954985,True,True,0.0,0.0
RIO.LSE,Rio Tinto PLC,Hold,Avoid,Avoid,Reject,0.6666666666666666,11.100161301440407,609,417,44.718605424187324,True,True,0.0,0.0
KR.US,Kroger Company,Hold,Avoid,Avoid,Reject,0.6666666666666666,19.043498225062148,659,725,43.439662889440456,True,True,0.0,0.0
NSC.US,Norfolk Southern Corporation,Hold,Avoid,Avoid,Reject,0.6666666666666666,19.199490796724994,787,770,43.31176275148856,True,True,0.0,0.0
0002.HK,CLP Holdings,Hold,Avoid,Avoid,Reject,0.6666666666666666,9.972686575325307,723,404,43.289263608701866,True,True,0.0,0.0
600426.SHG,Shandong Hualu Hengsheng Chemical Co Ltd,Hold,Avoid,Avoid,Reject,0.6666666666666666,29.136056940768327,886,1047,43.12628437416082,True,True,0.0,0.0
BOL.ST,Boliden AB,Hold,Avoid,Avoid,Reject,0.6666666666666666,26.232884475237505,788,930,43.00137523498723,True,True,0.0,0.0
KO.US,The Coca-Cola Company,Hold,Avoid,Avoid,Reject,0.6666666666666666,16.443780610594665,930,739,42.96608621491147,True,True,0.0,0.0
TGT.US,Target Corporation,Hold,Avoid,Avoid,Reject,0.6666666666666666,17.788084590574726,725,705,42.87551929569267,True,True,0.0,0.0
CON.XETRA,Continental Aktiengesellschaft,Hold,Avoid,Avoid,Reject,0.6666666666666666,20.109370690649044,992,850,42.778776643553556,True,True,0.0,0.0
ADM.LSE,Admiral Group PLC,Hold,Avoid,Avoid,Reject,0.6666666666666666,20.121468735828767,920,838,42.007345647178056,True,True,0.0,0.0
BLK.US,BlackRock Inc,Hold,Avoid,Avoid,Reject,0.6666666666666666,25.035395887439954,800,917,41.69641255795766,True,True,0.0,0.0
0386.HK,China Petroleum & Chemical Corp Class H,Hold,Hold,Avoid,Reject,0.6666666666666666,10.387256093443185,631,322,41.617045810605525,True,True,0.0,0.0
KNIN.SW,Kuehne & Nagel,Hold,Avoid,Avoid,Reject,0.6666666666666666,21.96114155239131,1044,914,41.323529508321336,True,True,0.0,0.0
600026.SHG,COSCO Shipping Energy Transportation Co Ltd,Hold,Avoid,Avoid,Reject,0.6666666666666666,27.531838607311578,1000,1066,41.2889867140714,True,True,0.0,0.0
HBAN.SW,Helvetia Holding AG,Hold,Avoid,Avoid,Reject,0.6666666666666666,10.511422288958862,898,534,40.941289912293506,True,True,0.0,0.0
603929.SHG,L&K Engineering Suzhou Co Ltd,Hold,Avoid,Avoid,Reject,0.6666666666666666,27.798615509109467,967,1077,40.7366481140906,True,True,0.0,0.0
CNA.LSE,Centrica PLC,Hold,Avoid,Avoid,Reject,0.6666666666666666,18.572504802035514,831,771,40.71279494201764,True,True,0.0,0.0
BAC.US,Bank of America Corp,Hold,Avoid,Avoid,Reject,0.6666666666666666,18.447757954865953,694,717,40.166371313166465,True,True,0.0,0.0
1138.HK,COSCO Shipping Energy Transportation Co Ltd,Hold,Avoid,Avoid,Reject,0.6666666666666666,27.767715438424208,946,1057,39.4852460141969,True,True,0.0,0.0
0763.HK,ZTE Corp-H,Hold,Avoid,Avoid,Reject,0.6666666666666666,26.24386374010575,1056,1106,38.50114865804214,True,True,0.0,0.0
RCL.US,Royal Caribbean Cruises Ltd,Hold,Avoid,Avoid,Reject,0.6666666666666666,28.16802108768023,899,1071,37.68221965242776,True,True,0.0,0.0
601231.SHG,Universal Scientific Industrial Shanghai Co Ltd,Hold,Avoid,Avoid,Reject,0.6666666666666666,24.384026021503534,1193,1107,36.52691304268356,True,True,0.0,0.0
AGN.AS,Aegon NV,Hold,Avoid,Avoid,Reject,0.6666666666666666,23.982495324720574,1130,988,36.42712369895922,True,True,0.0,0.0
SYY.US,Sysco Corporation,Hold,Avoid,Avoid,Reject,0.6666666666666666,24.607397912571283,990,971,36.18254929439707,True,True,0.0,0.0
600196.SHG,Shanghai Fosun Pharmaceutical Group Co Ltd,Hold,Avoid,Avoid,Reject,0.6666666666666666,26.237953467666067,1023,1119,35.793484850076794,True,True,0.0,0.0
1171.HK,Yankuang Energy Group Co Ltd HK,Hold,Avoid,Avoid,Reject,0.6666666666666666,25.97532882080993,1039,1125,34.894795211661034,True,True,0.0,0.0
BNP.PA,BNP Paribas SA,Hold,Avoid,Avoid,Reject,0.6666666666666666,8.797216979415463,1077,550,34.89045602127527,True,True,0.0,0.0
ELV.US,Elevance Health Inc,Hold,Avoid,Avoid,Reject,0.6666666666666666,23.859972266245517,698,867,34.8117301127963,True,True,0.0,0.0
JD.US,JD.com Inc Adr,Hold,Avoid,Avoid,Reject,0.6666666666666666,21.85236162405147,933,894,34.54477262206109,True,True,0.0,0.0
601126.SHG,Beijing Sifang Automation Co Ltd,Hold,Avoid,Avoid,Reject,0.6666666666666666,24.495112691306137,1150,1166,33.76238246802994,True,True,0.0,0.0
600392.SHG,Shenghe Resources Holding Co Ltd,Hold,Avoid,Avoid,Reject,0.6666666666666666,24.436764343957464,1155,1127,33.520674536463005,True,True,0.0,0.0
HSX.LSE,Hiscox Ltd,Hold,Avoid,Avoid,Reject,0.6666666666666666,24.854982185712938,1066,999,33.25475952128509,True,True,0.0,0.0
NSIS-B.CO,Novonesis (Novozymes) A/S,Hold,Avoid,Avoid,Reject,0.6666666666666666,24.68172129825833,1113,1228,31.686306839279112,True,True,0.0,0.0
601901.SHG,Founder Securities Co Ltd,Hold,Avoid,Avoid,Reject,0.6666666666666666,24.874797580310865,1093,1240,31.12673612860025,True,True,0.0,0.0
601061.SHG,CITIC Metal Co. Ltd. A,Hold,Avoid,Avoid,Reject,0.6666666666666666,24.077820055248484,1158,1202,30.516488286490336,True,True,0.0,0.0
1024.HK,Kuaishou Technology,Hold,Avoid,Avoid,Reject,0.6666666666666666,20.82949454307233,915,855,29.882168832205743,True,True,0.0,0.0
000166.SHE,Shenwan Hongyuan Group Co Ltd,Hold,Avoid,Avoid,Reject,0.6666666666666666,23.421614975982987,1185,1277,28.017825825281285,True,True,0.0,0.0
CCL.US,Carnival Corporation,Hold,Avoid,Avoid,Reject,0.6666666666666666,25.20852346571461,1042,1007,23.034505228654055,True,True,0.0,0.0
ACN.US,Accenture plc,Buy,Avoid,Hold,Portfolio-Aware Only,0.3333333333333333,15.261436359420603,103,357,70.40007179023254,True,True,0.05,0.0
QCOM.US,Qualcomm Incorporated,Buy,Avoid,Hold,Portfolio-Aware Only,0.3333333333333333,21.92070284567509,244,634,67.9208146589189,True,True,0.05,0.0
600352.SHG,Zhejiang Longsheng Group Co Ltd,Buy,Avoid,Hold,Portfolio-Aware Only,0.3333333333333333,17.529369053782155,153,493,65.8547306346297,True,True,0.05,0.0
600219.SHG,Shandong Nanshan Aluminium Co Ltd,Buy,Avoid,Hold,Portfolio-Aware Only,0.3333333333333333,20.606103912160517,221,605,65.69605227588615,True,True,0.04951520549627715,0.0
EDV.LSE,Endeavour Mining Corp,Buy,Avoid,Hold,Portfolio-Aware Only,0.3333333333333333,20.683685359716144,146,589,65.55029143275087,True,True,0.05,0.0
0189.HK,Dongyue Group Ltd,Buy,Avoid,Hold,Portfolio-Aware Only,0.3333333333333333,25.050023403993347,383,736,65.21657340379068,True,True,0.04619820986577742,0.0
BARC.LSE,Barclays PLC,Buy,Avoid,Hold,Portfolio-Aware Only,0.3333333333333333,13.647070650899979,79,341,64.43554621332585,True,True,0.05,0.0
601600.SHG,Aluminum Corp of China Ltd,Buy,Avoid,Hold,Portfolio-Aware Only,0.3333333333333333,20.3546237815923,143,594,63.798240644957986,True,True,0.05,0.0
300274.SHE,Sungrow Power Supply Co Ltd,Buy,Avoid,Hold,Portfolio-Aware Only,0.3333333333333333,27.223018688013592,257,785,63.534030559103826,True,True,0.05,0.0
2600.HK,Aluminum Corp of China Ltd,Buy,Avoid,Hold,Portfolio-Aware Only,0.3333333333333333,21.077584945273934,91,611,63.053227272285994,True,True,0.05,0.0
BBVA.US,Banco Bilbao Viscaya Argentaria SA ADR,Buy,Avoid,Hold,Portfolio-Aware Only,0.3333333333333333,17.91588654056335,129,518,62.927563697869346,True,True,0.05,0.0
HPQ.US,HP Inc,Buy,Avoid,Hold,Portfolio-Aware Only,0.3333333333333333,13.595707474114533,92,359,62.07210760938044,True,True,0.05,0.0
601168.SHG,Western Mining Co Ltd,Buy,Avoid,Hold,Portfolio-Aware Only,0.3333333333333333,22.161233479240543,68,644,61.897670382410084,True,True,0.05,0.0
IAG.MC,International Consolidated Airlines Group S.A,Buy,Avoid,Hold,Portfolio-Aware Only,0.3333333333333333,11.719974635391344,267,339,61.68387974333854,True,True,0.05,0.0
BCS.US,Barclays PLC ADR,Buy,Avoid,Hold,Portfolio-Aware Only,0.3333333333333333,14.115132538847726,32,344,61.47461773290435,True,True,0.05,0.0
HEI.XETRA,Heidelberg Materials AG,Buy,Avoid,Hold,Portfolio-Aware Only,0.3333333333333333,13.583429035307994,392,436,60.791263272262,True,True,0.044043521619438517,0.0
000975.SHE,Yintai Resources Co Ltd,Buy,Avoid,Hold,Portfolio-Aware Only,0.3333333333333333,26.70896535178508,266,795,60.03208373278085,True,True,0.04701987307134785,0.0
ICG.LSE,Intermediate Capital Group PLC,Buy,Avoid,Hold,Portfolio-Aware Only,0.3333333333333333,12.685043229316566,190,363,59.926657148330165,True,True,0.05,0.0
0293.HK,Cathay Pacific Airways Limited,Buy,Avoid,Hold,Portfolio-Aware Only,0.3333333333333333,12.398337615152295,147,347,59.60722217098278,True,True,0.05,0.0
002714.SHE,Muyuan Foodstuff Co Ltd,Buy,Avoid,Hold,Portfolio-Aware Only,0.3333333333333333,11.551896588678769,235,333,59.51804134414806,True,True,0.05,0.0
INFY.US,Infosys Ltd ADR,Buy,Avoid,Hold,Portfolio-Aware Only,0.3333333333333333,14.960316698640659,269,476,59.490040820579054,True,True,0.05,0.0
000933.SHE,Henan Shenhuo Coal & Power Co Ltd,Buy,Avoid,Hold,Portfolio-Aware Only,0.3333333333333333,18.685633421916506,268,591,59.289258548111064,True,True,0.05,0.0
3908.HK,China Intl Capital Corp Ltd,Buy,Avoid,Hold,Portfolio-Aware Only,0.3333333333333333,20.481999450708212,236,646,59.28313882975259,True,True,0.05,0.0
DBK.XETRA,Deutsche Bank Aktiengesellschaft,Buy,Avoid,Hold,Portfolio-Aware Only,0.3333333333333333,12.436907838547409,303,384,58.84387322395287,True,True,0.05,0.0
BEZ.LSE,Beazley plc,Buy,Avoid,Hold,Portfolio-Aware Only,0.3333333333333333,20.629394666808228,256,651,58.69056198926177,True,True,0.05,0.0
600096.SHG,Yunnan Yuntianhua Co Ltd,Buy,Avoid,Hold,Portfolio-Aware Only,0.3333333333333333,15.574666373201506,165,474,58.68437889237936,True,True,0.05,0.0
002056.SHE,Hengdian Group DMEGC Magnetics Co Ltd,Buy,Avoid,Hold,Portfolio-Aware Only,0.3333333333333333,23.634760403793564,357,744,58.34709742354059,True,True,0.045693509896953255,0.0
000338.SHE,Weichai Power Co Ltd Class A,Buy,Avoid,Hold,Portfolio-Aware Only,0.3333333333333333,20.545338707780967,277,657,57.69131518744548,True,True,0.05,0.0
3808.HK,Sinotruk Hong Kong Ltd,Buy,Avoid,Hold,Portfolio-Aware Only,0.3333333333333333,20.43479791370311,364,669,57.61456577137011,True,True,0.04103113441575618,0.0
000425.SHE,XCMG Construction Machinery Co Ltd,Buy,Avoid,Hold,Portfolio-Aware Only,0.3333333333333333,16.235873980061587,154,502,57.32948534360763,True,True,0.05,0.0
1299.HK,AIA Group Ltd,Buy,Avoid,Hold,Portfolio-Aware Only,0.3333333333333333,16.60151615482853,71,484,57.24356600100491,True,True,0.05,0.0
601899.SHG,Zijin Mining Group Co Ltd Class A,Buy,Avoid,Hold,Portfolio-Aware Only,0.3333333333333333,19.773684853865223,145,623,57.23162089497046,True,True,0.05,0.0
LVMUY.US,LVMH Moet Hennessy Louis Vuitton SA ADR,Buy,Avoid,Hold,Portfolio-Aware Only,0.3333333333333333,13.571010486099397,295,434,57.135518325550635,True,True,0.0379269997262091,0.0
ADP.US,Automatic Data Processing Inc,Buy,Avoid,Hold,Portfolio-Aware Only,0.3333333333333333,12.777829670619683,245,391,56.750423783942765,True,True,0.04706735396698423,0.0
600863.SHG,Inner Mongolia MengDian HuaNeng Thermal Power Corp Ltd,Buy,Avoid,Hold,Portfolio-Aware Only,0.3333333333333333,15.577039918924276,243,504,56.29417932151825,True,True,0.05,0.0
2888.HK,Standard Chartered PLC,Buy,Avoid,Hold,Portfolio-Aware Only,0.3333333333333333,15.904467764533916,175,498,56.061949869551604,True,True,0.05,0.0
600909.SHG,Huaan Securities Co Ltd,Buy,Avoid,Hold,Portfolio-Aware Only,0.3333333333333333,24.21642429688183,263,758,56.01222669394448,True,True,0.05,0.0
DB.US,Deutsche Bank AG,Buy,Avoid,Hold,Portfolio-Aware Only,0.3333333333333333,17.577251172410524,100,527,55.334160881559235,True,True,0.05,0.0
2899.HK,Zijin Mining Group Co Ltd-H,Buy,Avoid,Hold,Portfolio-Aware Only,0.3333333333333333,24.913706257766734,149,760,55.16859541285257,True,True,0.05,0.0
601377.SHG,Industrial Securities Co Ltd,Buy,Avoid,Hold,Portfolio-Aware Only,0.3333333333333333,10.686147247878315,325,338,54.89705754072643,True,True,0.05,0.0
ZTS.US,Zoetis Inc,Buy,Avoid,Hold,Portfolio-Aware Only,0.3333333333333333,16.865124854366066,88,503,54.842515944546314,True,True,0.05,0.0
002648.SHE,Zhejiang Satellite Petrochemical Co Ltd,Buy,Avoid,Hold,Portfolio-Aware Only,0.3333333333333333,17.66682688124717,232,574,54.43028864934079,True,True,0.05,0.0
600660.SHG,Fuyao Glass Industry Group Co Ltd Class A,Buy,Avoid,Hold,Portfolio-Aware Only,0.3333333333333333,11.099951014604079,299,342,54.22520954304504,True,True,0.03768664282864625,0.0
B.US,Barrick Mining Corporation,Buy,Avoid,Hold,Portfolio-Aware Only,0.3333333333333333,18.343079089664663,310,626,53.95029211207917,True,True,0.0456230140429522,0.0
PNDORA.CO,Pandora A/S,Buy,Avoid,Hold,Portfolio-Aware Only,0.3333333333333333,19.577003180975908,396,663,53.83813250265614,True,True,0.044509153853117336,0.0
MRSH.US,"Marsh & McLennan Companies, Inc.",Buy,Avoid,Hold,Portfolio-Aware Only,0.3333333333333333,14.40015542951448,141,429,53.64654194400532,True,True,0.05,0.0
002736.SHE,Guosen Securities Co Ltd,Buy,Avoid,Hold,Portfolio-Aware Only,0.3333333333333333,14.009328390796984,375,489,53.483906433584266,True,True,0.05,0.0
VLO.US,Valero Energy Corporation,Buy,Avoid,Hold,Portfolio-Aware Only,0.3333333333333333,13.192548477270332,115,361,53.29765875920053,True,True,0.05,0.0
CRH.US,CRH PLC ADR,Buy,Avoid,Hold,Portfolio-Aware Only,0.3333333333333333,15.426831368185107,270,508,53.2911772887777,True,True,0.04523917270506834,0.0
PSON.LSE,Pearson PLC,Buy,Avoid,Hold,Portfolio-Aware Only,0.3333333333333333,10.314367705908905,389,337,52.91367414782007,True,True,0.03831278625607202,0.0
GD.US,General Dynamics Corporation,Buy,Avoid,Hold,Portfolio-Aware Only,0.3333333333333333,11.821327737160255,344,383,52.40513123677684,True,True,0.043911373851119345,0.0
UBS.US,UBS Group AG,Buy,Avoid,Hold,Portfolio-Aware Only,0.3333333333333333,11.293078629683947,294,346,52.38237843509968,True,True,0.05,0.0
0388.HK,Hong Kong Exchange and Clearing Ltd,Buy,Avoid,Hold,Portfolio-Aware Only,0.3333333333333333,11.398487563424183,335,365,52.161215874780915,True,True,0.04220094528527918,0.0
EQNR.US,Equinor ASA ADR,Buy,Avoid,Hold,Portfolio-Aware Only,0.3333333333333333,14.575794934352036,219,457,50.30109402937379,True,True,0.04502343643615705,0.0
III.LSE,3I Group PLC,Buy,Avoid,Hold,Portfolio-Aware Only,0.3333333333333333,22.031347441209732,361,735,48.85958526421859,True,True,0.039682494154675306,0.0
600030.SHG,CITIC Securities Co Ltd,Buy,Avoid,Hold,Portfolio-Aware Only,0.3333333333333333,11.61858504405221,356,352,47.29355137088062,True,True,0.05,0.0
PRU.LSE,Prudential plc,Buy,Hold,Avoid,Quant Buy / LLM Caution,0.3333333333333333,11.035573180560128,342,238,44.55122613359474,True,True,0.04580232681038948,0.0
0788.HK,China Tower Corp,Avoid,Avoid,Avoid,Reject,1.0,1.3345804840639919,22,3,71.27986597407478,False,False,0.0,0.0
1698.HK,Tencent Music Entertainment Group,Avoid,Avoid,Avoid,Reject,1.0,22.178445213631605,163,601,70.49185490835706,False,False,0.0,0.0
9999.HK,NetEase Inc,Avoid,Avoid,Avoid,Reject,1.0,12.160015580041515,117,254,70.27089511474378,False,False,0.0,0.0
1585.HK,Yadea Group Holdings Ltd,Avoid,Avoid,Avoid,Reject,1.0,9.32133881758807,62,159,70.08328059365877,False,False,0.0,0.0
MPE.LSE,M.P.Evans Group,Avoid,Avoid,Avoid,Reject,1.0,17.024045918120976,442,479,69.87315375884576,False,False,0.0,0.0
NTES.US,NetEase Inc,Avoid,Avoid,Avoid,Reject,1.0,9.740133961545041,56,168,69.60011086760255,False,False,0.0,0.0
FGP.LSE,FirstGroup PLC,Avoid,Avoid,Avoid,Reject,1.0,6.675596031282348,86,102,69.50920845899958,False,False,0.0,0.0
AM.PA,Dassault Aviation SA,Avoid,Avoid,Avoid,Reject,1.0,11.332125521837684,470,281,69.21835603730653,False,False,0.0,0.0
1318.HK,Mao Geping Cosmetics Co Ltd,Avoid,Avoid,Avoid,Reject,1.0,24.58427329853702,405,697,68.90256889451213,False,False,0.0,0.0
MOON.LSE,Moonpig Group PLC,Avoid,Avoid,Avoid,Reject,1.0,5.394097729458582,139,86,68.90208912485382,False,False,0.0,0.0
2883.HK,China Oilfield Services Ltd,Avoid,Avoid,Avoid,Reject,1.0,10.505475374135361,38,189,68.58824203004957,False,False,0.0,0.0
600015.SHG,Hua Xia Bank Co Ltd,Avoid,Avoid,Avoid,Reject,1.0,6.116116121513704,6,50,68.56029856795948,False,False,0.0,0.0
0728.HK,China Telecom,Buy,Buy,Buy,Consensus Buy,1.0,2.3000360246634384,73,16,68.50857290600473,False,False,0.05,0.05
BCG.LSE,Baltic Classifieds Group PLC,Avoid,Avoid,Avoid,Reject,1.0,18.449256300919064,273,514,68.45287636287006,False,False,0.0,0.0
3933.HK,United Laboratories International Holdings Ltd,Avoid,Avoid,Avoid,Reject,1.0,18.585771824729925,203,515,68.08475421701093,False,False,0.0,0.0
VH2.XETRA,Friedrich Vorwerk Group SE,Avoid,Avoid,Avoid,Reject,1.0,25.268718677361328,660,750,68.02697689818895,False,False,0.0,0.0
002027.SHE,Focus Media Information Technology Co Ltd,Avoid,Avoid,Avoid,Reject,1.0,8.633722532961597,122,167,67.68365251524177,False,False,0.0,0.0
LOGN.SW,Logitech International S.A.,Hold,Hold,Hold,Reject,1.0,10.763577473015939,413,276,67.63693411709785,False,False,0.0,0.0
601318.SHG,Ping An Insurance Group Co of China Ltd,Avoid,Avoid,Avoid,Reject,1.0,4.071729998072731,35,26,67.56875903079957,False,False,0.0,0.0
0762.HK,China Unicom Hong Kong Ltd,Avoid,Avoid,Avoid,Reject,1.0,2.785487863284643,23,6,67.16865483782823,False,False,0.0,0.0
1378.HK,China Hongqiao Group Ltd,Avoid,Avoid,Avoid,Reject,1.0,19.341231565959962,95,521,67.16632564841039,False,False,0.0,0.0
2648.HK,"Anjoy Foods Group Co., Ltd.",Avoid,Avoid,Avoid,Reject,1.0,15.025430874535623,300,415,67.16177611933936,False,False,0.0,0.0
TCEHY.US,Tencent Holdings Ltd ADR,Avoid,Avoid,Avoid,Reject,1.0,10.81265167657268,74,230,67.13272084702538,False,False,0.0,0.0
HLUN-B.CO,H Lundbeck A/S,Avoid,Avoid,Avoid,Reject,1.0,8.171077813210541,148,164,67.09449075626827,False,False,0.0,0.0
0857.HK,PetroChina Company Limited,Avoid,Avoid,Avoid,Reject,1.0,7.194528891277534,63,121,67.03612106527126,False,False,0.0,0.0
1651.HK,Precision Tsugami China Corporation Ltd,Avoid,Avoid,Avoid,Reject,1.0,31.300071229125834,417,874,66.78246336109616,False,False,0.0,0.0
R6C0.XETRA,Shell PLC,Avoid,Avoid,Avoid,Reject,1.0,3.353235320969088,259,60,66.75251971074503,False,False,0.0,0.0
6031.HK,"Sany Heavy Industry Co.,Ltd",Avoid,Avoid,Avoid,Reject,1.0,27.93326645472662,803,844,66.71807722002501,False,False,0.0,0.0
SOP.PA,Sopra Steria Group SA,Avoid,Avoid,Avoid,Reject,1.0,17.91847832883098,485,540,66.64517842146235,False,False,0.0,0.0
2611.HK,Guotai Junan Securities Co Ltd,Avoid,Avoid,Avoid,Reject,1.0,16.05222221002863,83,414,66.59469462060434,False,False,0.0,0.0
DSY.PA,Dassault Systemes SE,Avoid,Avoid,Avoid,Reject,1.0,16.747040500288048,546,517,66.48024384445954,False,False,0.0,0.0
RMV.LSE,Rightmove PLC,Avoid,Avoid,Avoid,Reject,1.0,9.555574741583598,182,224,66.36023342287055,False,False,0.0,0.0
1882.HK,Haitian International Holdings Ltd,Avoid,Avoid,Avoid,Reject,1.0,6.164519707139539,180,126,66.2613077378298,False,False,0.0,0.0
0921.HK,Hisense Home Appliances Group Co Ltd,Avoid,Avoid,Avoid,Reject,1.0,13.39899634752795,98,328,66.12297370345073,False,False,0.0,0.0
ACT.XETRA,AlzChem Group AG,Avoid,Avoid,Avoid,Reject,1.0,22.559793661949417,545,685,66.0095360202706,False,False,0.0,0.0
AUTO.LSE,Auto Trader Group plc,Avoid,Avoid,Avoid,Reject,1.0,7.617484456567794,150,161,65.74553391424092,False,False,0.0,0.0
KRN.XETRA,Krones AG,Avoid,Avoid,Avoid,Reject,1.0,6.380478354445964,382,158,65.73656179922143,False,False,0.0,0.0
1336.HK,New China Life Insurance,Avoid,Avoid,Avoid,Reject,1.0,14.270667019496932,49,340,65.65665137705827,False,False,0.0,0.0
MONY.LSE,MONY Group plc,Avoid,Avoid,Avoid,Reject,1.0,7.935842077783988,237,181,65.50001825681684,False,False,0.0,0.0
1415.HK,Cowell e Holdings Inc,Avoid,Avoid,Avoid,Reject,1.0,24.735353615744796,213,709,65.35610955198675,False,False,0.0,0.0
2333.HK,Great Wall Motor Co Ltd,Avoid,Avoid,Avoid,Reject,1.0,12.361567554706639,87,297,65.12651204591512,False,False,0.0,0.0
2367.HK,Giant Biogene Holding Co Ltd,Avoid,Avoid,Avoid,Reject,1.0,19.31167234852511,391,590,64.82651651898293,False,False,0.0,0.0
1658.HK,Postal Savings Bank of China,Avoid,Avoid,Avoid,Reject,1.0,6.987838867831077,34,103,64.80110676392206,False,False,0.0,0.0
000807.SHE,Yunnan Aluminium Co Ltd,Avoid,Avoid,Avoid,Reject,1.0,19.607116281592457,138,566,64.68899112093197,False,False,0.0,0.0
HIAB.HE,Hiab B,Avoid,Avoid,Avoid,Reject,1.0,22.38921372465418,726,714,64.68100375982164,False,False,0.0,0.0
9636.HK,JF Wealth Holdings Ltd,Avoid,Avoid,Avoid,Reject,1.0,29.25401170982717,613,865,64.67170829560074,False,False,0.0,0.0
SQN.SW,Swissquote Group Holding SA,Avoid,Avoid,Avoid,Reject,1.0,12.986887890775893,393,378,64.57322898393707,False,False,0.0,0.0
BYIT.LSE,Bytes Technology Ltd,Avoid,Avoid,Avoid,Reject,1.0,15.020394921302255,385,456,64.53929192686893,False,False,0.0,0.0
2099.HK,China Gold International Resources,Avoid,Avoid,Avoid,Reject,1.0,30.238086901881474,332,861,64.5055282767597,False,False,0.0,0.0
DUE.XETRA,Dürr Aktiengesellschaft,Avoid,Avoid,Avoid,Reject,1.0,17.665121686669348,547,570,64.38395167264419,False,False,0.0,0.0
EQT.US,EQT Corporation,Avoid,Avoid,Avoid,Reject,1.0,7.987397098973229,47,141,64.24516984625097,False,False,0.0,0.0
0700.HK,Tencent Holdings Ltd,Avoid,Avoid,Avoid,Reject,1.0,10.05341124307503,82,225,64.23161749269693,False,False,0.0,0.0
TLX.XETRA,Talanx AG,Avoid,Avoid,Avoid,Reject,1.0,6.707772703721683,308,165,64.19272814855098,False,False,0.0,0.0
HEN3.XETRA,Henkel AG & Co. KGaA vz. (Pref Shares),Hold,Hold,Hold,Reject,1.0,0.9369557045725839,564,33,64.17227690386414,False,False,0.0,0.0
1530.HK,3SBio Inc,Avoid,Avoid,Avoid,Reject,1.0,25.03627187107119,333,740,64.12082791346235,False,False,0.0,0.0
NTAP.US,NetApp Inc,Avoid,Avoid,Avoid,Reject,1.0,18.587580781390397,301,564,64.03347252564586,False,False,0.0,0.0
MGNS.LSE,Morgan Sindall Group PLC,Avoid,Avoid,Avoid,Reject,1.0,8.775056178916133,186,215,63.89222054967743,False,False,0.0,0.0
AIBG.LSE,AIB Group PLC,Avoid,Avoid,Avoid,Reject,1.0,16.062870084353992,119,448,63.870584407584744,False,False,0.0,0.0
002532.SHE,Tianshan Aluminum Group Co Ltd,Avoid,Avoid,Avoid,Reject,1.0,20.464247963299574,123,587,63.848882576689306,False,False,0.0,0.0
MO.US,Altria Group,Avoid,Avoid,Avoid,Reject,1.0,2.813616217442069,286,59,63.81172765089329,False,False,0.0,0.0
0144.HK,China Merchants Port Holdings Co Ltd,Avoid,Avoid,Avoid,Reject,1.0,5.733409702454476,108,104,63.745107253496116,False,False,0.0,0.0
SAN.PA,Sanofi SA,Avoid,Avoid,Avoid,Reject,1.0,5.462435784505065,467,160,63.7217081840963,False,False,0.0,0.0
STR.VI,Strabag SE,Avoid,Avoid,Avoid,Reject,1.0,12.589705738139871,408,374,63.533421991181456,False,False,0.0,0.0
002142.SHE,Bank of Ningbo Co Ltd,Avoid,Avoid,Avoid,Reject,1.0,7.916357104971188,15,113,63.48264313783133,False,False,0.0,0.0
1339.HK,People’s Insurance Group of China Co Ltd,Avoid,Avoid,Avoid,Reject,1.0,12.892744486372543,26,287,63.40950850013785,False,False,0.0,0.0
MF.PA,Wendel,Avoid,Avoid,Avoid,Reject,1.0,7.874849034821092,486,236,63.40757854075203,False,False,0.0,0.0
GALE.SW,Galenica Sante AG,Avoid,Avoid,Avoid,Reject,1.0,1.835926273822398,541,82,63.382671184628805,False,False,0.0,0.0
1066.HK,Shandong Weigao Group Medical Polymer Co Ltd,Avoid,Avoid,Avoid,Reject,1.0,13.980453154825938,205,397,63.36336674299727,False,False,0.0,0.0
1766.HK,CRRC Corp Ltd,Avoid,Avoid,Avoid,Reject,1.0,7.221337686596139,131,149,63.27461571237433,False,False,0.0,0.0
1898.HK,China Coal Energy,Avoid,Avoid,Avoid,Reject,1.0,15.380677057242773,173,439,63.27122503195915,False,False,0.0,0.0
3692.HK,Hansoh Pharmaceutical Group Co Ltd,Avoid,Avoid,Avoid,Reject,1.0,25.49794962490658,527,782,63.1883086960233,False,False,0.0,0.0
TE.PA,Technip Energies BV,Avoid,Avoid,Avoid,Reject,1.0,10.907804956267753,363,319,63.11387943250841,False,False,0.0,0.0
BREE.LSE,Breedon Group PLC,Avoid,Avoid,Avoid,Reject,1.0,11.204592326682969,136,283,63.10871989862942,False,False,0.0,0.0
601336.SHG,New China Life Insurance Co Ltd,Avoid,Avoid,Avoid,Reject,1.0,10.762488035576894,50,232,63.07075905871977,False,False,0.0,0.0
GEN.LSE,Genuit Group plc,Avoid,Avoid,Avoid,Reject,1.0,16.309137899231864,369,511,62.99938982343981,False,False,0.0,0.0
BCHN.SW,Burckhardt Compression,Avoid,Avoid,Avoid,Reject,1.0,7.790164442527939,336,219,62.947813120687954,False,False,0.0,0.0
1070.HK,TCL Multimedia Technology Holdings Ltd,Avoid,Avoid,Avoid,Reject,1.0,22.95707248404322,350,693,62.907672054643925,False,False,0.0,0.0
0696.HK,TravelSky Technology Ltd,Avoid,Avoid,Avoid,Reject,1.0,6.306600783676102,188,142,62.786353649367555,False,False,0.0,0.0
1209.HK,China Resources Mixc Lifestyle Serv,Avoid,Avoid,Avoid,Reject,1.0,15.369715162692172,181,447,62.77916105247573,False,False,0.0,0.0
AU.US,AngloGold Ashanti plc,Avoid,Avoid,Avoid,Reject,1.0,24.12977080696742,223,713,62.756881134062155,False,False,0.0,0.0
VPK.AS,Koninklijke Vopak NV,Avoid,Avoid,Avoid,Reject,1.0,3.0119906010989315,242,53,62.695766515486994,False,False,0.0,0.0
NEM.XETRA,Nemetschek AG O.N.,Avoid,Avoid,Avoid,Reject,1.0,25.488356768995267,721,800,62.66347908327819,False,False,0.0,0.0
002555.SHE,37 Interactive Entertainment Network Technology Group Co Ltd,Avoid,Avoid,Avoid,Reject,1.0,15.955141329043167,113,449,62.64129779240193,False,False,0.0,0.0
000858.SHE,Wuliangye Yibin Co Ltd,Avoid,Avoid,Avoid,Reject,1.0,3.1846575523514065,230,55,62.635067172530796,False,False,0.0,0.0
600926.SHG,Bank of Hangzhou Co Ltd,Avoid,Avoid,Avoid,Reject,1.0,6.0070429793390305,37,63,62.61227723337521,False,False,0.0,0.0
IPN.PA,Ipsen SA,Avoid,Avoid,Avoid,Reject,1.0,5.668922731240351,537,183,62.4400514306909,False,False,0.0,0.0
CTSH.US,Cognizant Technology Solutions Corp Class A,Avoid,Avoid,Avoid,Reject,1.0,11.995144216502354,124,308,62.428770253938424,False,False,0.0,0.0
3698.HK,Huishang Bank Corp Ltd,Avoid,Avoid,Avoid,Reject,1.0,12.74074904246963,193,358,62.367480845565325,False,False,0.0,0.0
VIE.PA,Veolia Environnement VE SA,Avoid,Avoid,Avoid,Reject,1.0,1.97288120214698,347,45,62.32551687454878,False,False,0.0,0.0
ITX.MC,Industria de Diseno Textil SA,Avoid,Avoid,Avoid,Reject,1.0,8.78541721278595,480,273,62.31550572956601,False,False,0.0,0.0
HESAY.US,Hermes International SA,Avoid,Avoid,Avoid,Reject,1.0,28.17493055243147,530,849,62.30251086363947,False,False,0.0,0.0
0966.HK,China Taiping Insurance Holdings Co Ltd,Avoid,Avoid,Avoid,Reject,1.0,16.97264281297581,137,497,62.28949396483709,False,False,0.0,0.0
DOC.VI,DO & CO Aktiengesellschaft,Avoid,Avoid,Avoid,Reject,1.0,19.1027977350863,517,636,62.27941559685132,False,False,0.0,0.0
LRE.LSE,Lancashire Holdings Ltd,Avoid,Avoid,Avoid,Reject,1.0,7.16295972423705,54,116,62.19575166537042,False,False,0.0,0.0
6936.HK,S.F. Holding Co Ltd,Avoid,Avoid,Avoid,Reject,1.0,6.895029145803424,120,140,62.18309288784825,False,False,0.0,0.0
CDI.PA,Christian Dior SE,Avoid,Avoid,Avoid,Reject,1.0,9.313936623782535,496,298,62.17464227807554,False,False,0.0,0.0
FOUR.LSE,4Imprint Group Plc,Avoid,Avoid,Avoid,Reject,1.0,15.710602307934435,323,494,62.16502772596277,False,False,0.0,0.0
DRW3.XETRA,Drägerwerk AG & Co. KGaA (pref),Avoid,Avoid,Avoid,Reject,1.0,14.229962597488186,501,473,62.10161908312331,False,False,0.0,0.0
FNTN.XETRA,freenet AG,Avoid,Avoid,Avoid,Reject,1.0,5.671479916307917,351,157,62.06070576603787,False,False,0.0,0.0
OMV.VI,OMV Aktiengesellschaft,Avoid,Avoid,Avoid,Reject,1.0,3.3952890298434037,254,69,62.04450947641247,False,False,0.0,0.0
1308.HK,SITC International Holdings Co Ltd,Avoid,Avoid,Avoid,Reject,1.0,11.503034399427138,349,350,62.03421088053685,False,False,0.0,0.0
0151.HK,Want Want China,Avoid,Avoid,Avoid,Reject,1.0,6.814666897582393,507,223,62.01876729569068,False,False,0.0,0.0
6690.HK,Haier Smart Home Co Ltd,Avoid,Avoid,Avoid,Reject,1.0,7.143554481701281,60,122,62.00549085698319,False,False,0.0,0.0
ATE.PA,Alten SA,Avoid,Avoid,Avoid,Reject,1.0,17.946998017313362,637,619,61.83049260803061,False,False,0.0,0.0
SAP.XETRA,SAP SE,Avoid,Avoid,Avoid,Reject,1.0,16.095255684856944,536,536,61.818897654119866,False,False,0.0,0.0
0998.HK,China Citic Bank Corp Ltd,Avoid,Avoid,Avoid,Reject,1.0,8.870586171882355,64,175,61.8098996852663,False,False,0.0,0.0
RBI.VI,Raiffeisen Bank International AG,Avoid,Avoid,Avoid,Reject,1.0,19.633017295583326,370,633,61.80183012124532,False,False,0.0,0.0
HWDN.LSE,Howden Joinery Group Plc,Avoid,Avoid,Avoid,Reject,1.0,7.614509513494445,233,187,61.78701915876199,False,False,0.0,0.0
AZA.ST,Avanza Bank Holding AB (publ),Avoid,Avoid,Avoid,Reject,1.0,14.26773349410734,416,458,61.78551926853166,False,False,0.0,0.0
3288.HK,Haitian Flav,Avoid,Avoid,Avoid,Reject,1.0,16.173614145711852,508,535,61.77655978734991,False,False,0.0,0.0
3328.HK,Bank of Communications Co Ltd,Avoid,Avoid,Avoid,Reject,1.0,6.648702807687283,52,100,61.759674146593355,False,False,0.0,0.0
2259.HK,Zijin Gold Intl Co Ltd,Avoid,Avoid,Avoid,Reject,1.0,29.790025456820484,783,920,61.75689914216662,False,False,0.0,0.0
ITH.LSE,Ithaca Energy PLC,Avoid,Avoid,Avoid,Reject,1.0,31.875653489902007,641,939,61.724896416254666,False,False,0.0,0.0
0300.HK,"Midea Group Co., Ltd.",Avoid,Avoid,Avoid,Reject,1.0,6.473460929745386,104,118,61.62455123397716,False,False,0.0,0.0
RBREW.CO,Royal Unibrew A/S,Avoid,Avoid,Avoid,Reject,1.0,12.837126217920027,594,444,61.471504934536654,False,False,0.0,0.0
0868.HK,Xinyi Glass Holdings Ltd,Avoid,Avoid,Avoid,Reject,1.0,15.175275948760401,312,483,61.40935172841209,False,False,0.0,0.0
TREL-B.ST,Trelleborg AB (publ),Avoid,Avoid,Avoid,Reject,1.0,23.984038466864675,617,773,61.403544611819314,False,False,0.0,0.0
HO.PA,Thales S.A.,Avoid,Avoid,Avoid,Reject,1.0,16.273273670689196,712,577,61.330196565563796,False,False,0.0,0.0
0175.HK,Geely Automobile Holdings Ltd,Avoid,Avoid,Avoid,Reject,1.0,12.75766599275174,127,345,61.22277830078367,False,False,0.0,0.0
2338.HK,Weichai Power Co Ltd,Avoid,Avoid,Avoid,Reject,1.0,24.432218012294204,316,741,61.20087164107245,False,False,0.0,0.0
SEPL.LSE,Seplat Petroleum Development Company PLC,Avoid,Avoid,Avoid,Reject,1.0,14.32555979315539,155,409,61.095159456661335,False,False,0.0,0.0
BAMNB.AS,Koninklijke BAM Groep NV,Avoid,Avoid,Avoid,Reject,1.0,15.532563028825914,425,509,61.07010425709964,False,False,0.0,0.0
0270.HK,Guangdong Investment Ltd,Avoid,Avoid,Avoid,Reject,1.0,3.9289849883743986,172,38,61.0279667046692,False,False,0.0,0.0
INTU.US,Intuit Inc,Avoid,Avoid,Avoid,Reject,1.0,18.205894275309756,192,558,60.85729843738227,False,False,0.0,0.0
CCC.LSE,Computacenter PLC,Avoid,Avoid,Avoid,Reject,1.0,14.650488220167151,584,510,60.84870681385057,False,False,0.0,0.0
JET2.LSE,Jet2 PLC,Avoid,Avoid,Avoid,Reject,1.0,10.509046434460329,132,263,60.80109661016864,False,False,0.0,0.0
ADDT-B.ST,Addtech AB (publ.),Avoid,Avoid,Avoid,Reject,1.0,21.497606385506536,746,722,60.749029891366234,False,False,0.0,0.0
AEM.US,Agnico Eagle Mines Limited,Avoid,Avoid,Avoid,Reject,1.0,17.930385482306757,210,553,60.66918431115772,False,False,0.0,0.0
6963.HK,Sunshine Ins Grp Co Ltd,Avoid,Avoid,Avoid,Reject,1.0,14.172639214661974,96,379,60.65371217950789,False,False,0.0,0.0
GRI.LSE,Grainger PLC,Avoid,Avoid,Avoid,Reject,1.0,9.163011248502965,77,196,60.501425622708595,False,False,0.0,0.0
SWEC-B.ST,Sweco AB (publ),Avoid,Avoid,Avoid,Reject,1.0,8.948003804390325,386,275,60.41034794669184,False,False,0.0,0.0
ALIZY.US,Allianz SE ADR,Avoid,Avoid,Avoid,Reject,1.0,6.091139206945544,36,32,60.40238982499727,False,False,0.0,0.0
IMI.LSE,IMI PLC,Avoid,Avoid,Avoid,Reject,1.0,8.040502792867102,478,260,60.39121661139902,False,False,0.0,0.0
RICA.LSE,Ruffer Investment Company Limited,Avoid,Avoid,Avoid,Reject,1.0,5.400994905998831,231,124,60.37531055480335,False,False,0.0,0.0
BUD.US,Anheuser Busch Inbev NV ADR,Avoid,Avoid,Avoid,Reject,1.0,9.970630680015027,291,284,60.33620987464107,False,False,0.0,0.0
MOH.XETRA,LVMH Moët Hennessy - Louis Vuitton Société Européenne,Avoid,Avoid,Avoid,Reject,1.0,12.772040187183794,705,480,60.33356294765571,False,False,0.0,0.0
RS1.LSE,RS GROUP PLC,Avoid,Avoid,Avoid,Reject,1.0,10.958790859775272,407,353,60.330886328618064,False,False,0.0,0.0
RMS.PA,Hermes International SCA,Avoid,Avoid,Avoid,Reject,1.0,21.411795566841157,717,720,60.31969809214783,False,False,0.0,0.0
SHEL.US,Shell PLC ADR,Avoid,Avoid,Avoid,Reject,1.0,6.446621240264278,20,8,60.21783006302414,False,False,0.0,0.0
SPIE.PA,SPIE SA,Avoid,Avoid,Avoid,Reject,1.0,6.611199615854651,580,241,60.055423114287294,False,False,0.0,0.0
3606.HK,Fuyao Glass Industry Group,Avoid,Avoid,Avoid,Reject,1.0,13.019389228612043,252,390,60.02065870752891,False,False,0.0,0.0
LRLCY.US,L’Oreal Co ADR,Avoid,Avoid,Avoid,Reject,1.0,17.221403642488013,683,624,60.01665555479613,False,False,0.0,0.0
AOF.XETRA,ATOSS Software SE,Avoid,Avoid,Avoid,Reject,1.0,23.98524198045281,917,814,59.966308215940586,False,False,0.0,0.0
6818.HK,China Everbright Bank Co Ltd,Avoid,Avoid,Avoid,Reject,1.0,10.93109202223782,174,299,59.93233875546686,False,False,0.0,0.0
CS.PA,AXA SA,Avoid,Avoid,Avoid,Reject,1.0,3.5669956515315047,297,66,59.908565267243844,False,False,0.0,0.0
0168.HK,Tsingtao Brew,Avoid,Avoid,Avoid,Reject,1.0,4.599469021727339,340,129,59.90675606287924,False,False,0.0,0.0
EOG.US,EOG Resources Inc,Avoid,Avoid,Avoid,Reject,1.0,5.814312661228897,199,132,59.819298150142785,False,False,0.0,0.0
TEL.US,TE Connectivity Ltd,Avoid,Avoid,Avoid,Reject,1.0,10.688646099963995,187,290,59.65372645517908,False,False,0.0,0.0
KNOS.LSE,Kainos Group PLC,Avoid,Avoid,Avoid,Reject,1.0,27.845706765359633,760,880,59.5446103677197,False,False,0.0,0.0
AMP.US,Ameriprise Financial Inc,Avoid,Avoid,Avoid,Reject,1.0,9.66762301080922,58,200,59.443708565368425,False,False,0.0,0.0
RACE.US,Ferrari NV,Avoid,Avoid,Avoid,Reject,1.0,25.807329126859237,398,793,59.387821909689606,False,False,0.0,0.0
TEMN.SW,Temenos Group AG,Avoid,Avoid,Avoid,Reject,1.0,25.89884507976413,754,845,59.371465018249665,False,False,0.0,0.0
601328.SHG,Bank of Communications Co,Avoid,Avoid,Avoid,Reject,1.0,6.779492640707476,46,67,59.27631207972229,False,False,0.0,0.0
002429.SHE,Shenzhen MTC Co Ltd,Avoid,Avoid,Avoid,Reject,1.0,30.71186800792539,412,911,59.264551887078696,False,False,0.0,0.0
VLK.AS,Van Lanschot NV,Avoid,Avoid,Avoid,Reject,1.0,8.450631129563922,605,311,59.235828072695256,False,False,0.0,0.0
TRV.US,The Travelers Companies Inc,Avoid,Avoid,Avoid,Reject,1.0,7.1102334621669785,13,15,59.21959131090695,False,False,0.0,0.0
RAT.LSE,Rathbone Brothers PLC,Avoid,Avoid,Avoid,Reject,1.0,15.243846960149263,604,544,59.20760353730924,False,False,0.0,0.0
DEC.PA,JC Decaux SA,Avoid,Avoid,Avoid,Reject,1.0,7.850179160970334,495,264,59.162521657276756,False,False,0.0,0.0
9896.HK,MINISO Group Holding Limited,Avoid,Avoid,Avoid,Reject,1.0,19.878158463071127,159,616,59.12424560945621,False,False,0.0,0.0
VID.MC,Vidrala SA,Avoid,Avoid,Avoid,Reject,1.0,2.79119940366053,515,108,59.01520174898131,False,False,0.0,0.0
SAVE.ST,Nordnet AB,Avoid,Avoid,Avoid,Reject,1.0,10.114042481655062,505,351,59.01116029122616,False,False,0.0,0.0
603259.SHG,WuXi AppTec Co Ltd,Avoid,Avoid,Avoid,Reject,1.0,21.397029177714163,251,672,59.002080300834464,False,False,0.0,0.0
COL.MC,Inmobiliaria Colonial SA,Avoid,Avoid,Avoid,Reject,1.0,5.1060884670606095,216,98,58.96471457912891,False,False,0.0,0.0
PGHN.SW,Partners Group Holding AG,Avoid,Avoid,Avoid,Reject,1.0,12.349664671193933,400,406,58.95643998161752,False,False,0.0,0.0
1508.HK,China Reinsurance(Group)Corp,Avoid,Avoid,Avoid,Reject,1.0,14.19937878360128,126,403,58.932591912033985,False,False,0.0,0.0
SRP.LSE,Serco Group,Avoid,Avoid,Avoid,Reject,1.0,5.610228273400298,179,105,58.916735804675085,False,False,0.0,0.0
SEQI.LSE,Sequoia Econ Infrastructure,Avoid,Avoid,Avoid,Reject,1.0,6.237434318422365,438,201,58.86987921273209,False,False,0.0,0.0
AAF.LSE,Airtel Africa Plc,Avoid,Avoid,Avoid,Reject,1.0,19.414303316622934,271,629,58.845225262087055,False,False,0.0,0.0
METSO.HE,Metso Oyj,Avoid,Avoid,Avoid,Reject,1.0,24.10924726794942,793,806,58.80946479166967,False,False,0.0,0.0
VCT.PA,Vicat S.A.,Avoid,Avoid,Avoid,Reject,1.0,11.21966346800478,404,366,58.806573898095465,False,False,0.0,0.0
ISS.CO,ISS A/S,Avoid,Avoid,Avoid,Reject,1.0,6.660064814079753,354,193,58.78120911434176,False,False,0.0,0.0
KCR.HE,Konecranes Plc,Avoid,Avoid,Avoid,Reject,1.0,19.183953242398438,639,673,58.75277029519356,False,False,0.0,0.0
FIE.XETRA,Fielmann Aktiengesellschaft,Avoid,Avoid,Avoid,Reject,1.0,4.2592507536800905,674,191,58.74758365074909,False,False,0.0,0.0
601088.SHG,China Shenhua Energy Co,Avoid,Avoid,Avoid,Reject,1.0,10.475345389456665,280,309,58.73490181873305,False,False,0.0,0.0
ROVI.MC,Laboratorios Farmaceuticos ROVI,Avoid,Avoid,Avoid,Reject,1.0,14.04462592086451,722,528,58.685769569257246,False,False,0.0,0.0
GTT.PA,Gaztransport & Technigaz SAS,Avoid,Avoid,Avoid,Reject,1.0,7.077838538531469,509,247,58.67743334552435,False,False,0.0,0.0
000708.SHE,CITIC Pacific Special Steel Group Co Ltd,Avoid,Avoid,Avoid,Reject,1.0,9.511801302953243,201,255,58.674037424805846,False,False,0.0,0.0
NEM.US,Newmont Goldcorp Corp,Avoid,Avoid,Avoid,Reject,1.0,18.539732205861657,339,610,58.65720077630384,False,False,0.0,0.0
LOOMIS.ST,Loomis AB ser. B,Avoid,Avoid,Avoid,Reject,1.0,7.273972933147969,318,210,58.59447795237499,False,False,0.0,0.0
PFD.LSE,Premier Foods PLC,Avoid,Avoid,Avoid,Reject,1.0,3.8959944472250503,326,27,58.394262437527146,False,False,0.0,0.0
COA.LSE,Coats Group PLC,Avoid,Avoid,Avoid,Reject,1.0,11.040875702646966,388,360,58.33424377341676,False,False,0.0,0.0
JD.LSE,JD Sports Fashion PLC,Avoid,Avoid,Avoid,Reject,1.0,13.090883036305677,144,371,58.322498454357074,False,False,0.0,0.0
0135.HK,Kunlun Energy,Avoid,Avoid,Avoid,Reject,1.0,5.181199568470155,170,40,58.277272499064054,False,False,0.0,0.0
SCT.LSE,Softcat plc,Avoid,Avoid,Avoid,Reject,1.0,21.284912657635758,813,751,58.23148041490312,False,False,0.0,0.0
9992.HK,Pop Mart International Group Ltd,Avoid,Avoid,Avoid,Reject,1.0,26.607733455839806,376,812,58.15753789244826,False,False,0.0,0.0
AMS.MC,Amadeus IT Group S.A.,Hold,Hold,Hold,Reject,1.0,6.138668640392309,583,237,57.9419240326188,False,False,0.0,0.0
NEX.PA,Nexans S.A.,Avoid,Avoid,Avoid,Reject,1.0,14.10167275374523,636,522,57.94124746077429,False,False,0.0,0.0
DRX.LSE,Drax Group PLC,Avoid,Avoid,Avoid,Reject,1.0,8.698031721126846,207,227,57.91824096438225,False,False,0.0,0.0
BRKN.SW,Burkhalter Holding AG,Avoid,Avoid,Avoid,Reject,1.0,15.074857766090394,745,576,57.86430504349474,False,False,0.0,0.0
SAP.US,SAP SE ADR,Avoid,Avoid,Avoid,Reject,1.0,24.083497463993336,345,759,57.809851959322685,False,False,0.0,0.0
GSK.US,GlaxoSmithKline PLC ADR,Avoid,Avoid,Avoid,Reject,1.0,7.7616956114972195,293,218,57.721729560292616,False,False,0.0,0.0
HILS.LSE,Hill & Smith Holdings PLC,Avoid,Avoid,Avoid,Reject,1.0,15.869114268011327,606,575,57.71827657019682,False,False,0.0,0.0
0220.HK,Uni-President China Holdings Ltd,Avoid,Avoid,Avoid,Reject,1.0,12.450560791426941,673,485,57.7138260454724,False,False,0.0,0.0
2282.HK,MGM China Holdings Ltd,Avoid,Avoid,Avoid,Reject,1.0,17.74730136885898,156,547,57.713328212307374,False,False,0.0,0.0
BIM.PA,Biomerieux SA,Avoid,Avoid,Avoid,Reject,1.0,8.138565357091364,658,324,57.62903419810172,False,False,0.0,0.0
ALLEI.ST,Alleima AB (publ),Avoid,Avoid,Avoid,Reject,1.0,21.003750376375603,688,726,57.61965724408653,False,False,0.0,0.0
CIS.XETRA,Cisco Systems Inc,Avoid,Avoid,Avoid,Reject,1.0,26.018695923363005,1055,908,57.60024665848138,False,False,0.0,0.0
0322.HK,Tingyi,Avoid,Avoid,Avoid,Reject,1.0,8.194219958255093,371,251,57.57803270499758,False,False,0.0,0.0
6066.HK,China Securities Co Ltd HK,Avoid,Avoid,Avoid,Reject,1.0,18.350377383305194,355,614,57.57227967620098,False,False,0.0,0.0
603156.SHG,Hebei Yangyuan ZhiHui Beverage Co Ltd,Avoid,Avoid,Avoid,Reject,1.0,32.04862524450497,843,991,57.55765119767423,False,False,0.0,0.0
TEP.PA,Teleperformance SE,Avoid,Avoid,Avoid,Reject,1.0,16.11998019461702,409,549,57.52664580803102,False,False,0.0,0.0
DHI.US,DR Horton Inc,Avoid,Avoid,Avoid,Reject,1.0,12.73717254477204,90,331,57.5224077809317,False,False,0.0,0.0
PLUS.LSE,Plus500 Ltd,Avoid,Avoid,Avoid,Reject,1.0,17.612086238162263,487,615,57.445981746528005,False,False,0.0,0.0
603129.SHG,Zhejiang CFMoto Power Co Ltd,Avoid,Avoid,Avoid,Reject,1.0,24.39763418932258,298,761,57.43869645691245,False,False,0.0,0.0
603379.SHG,Zhejiang Sanmei Chemical Industry Co Ltd,Avoid,Avoid,Avoid,Reject,1.0,28.179072291791933,378,856,57.43273132937631,False,False,0.0,0.0
SLB.US,Schlumberger NV,Avoid,Avoid,Avoid,Reject,1.0,13.011421639797476,178,376,57.4193372434742,False,False,0.0,0.0
JEN.XETRA,Jenoptik AG,Avoid,Avoid,Avoid,Reject,1.0,24.261820008990846,806,829,57.20234989776594,False,False,0.0,0.0
FME.XETRA,Fresenius Medical Care AG & Co. KGaA,Avoid,Avoid,Avoid,Reject,1.0,6.733993399922121,329,184,57.13434967737001,False,False,0.0,0.0
FDJU.PA,FDJ United,Avoid,Avoid,Avoid,Reject,1.0,5.267051880200509,492,176,57.12936784243779,False,False,0.0,0.0
NOV.XETRA,Novo Nordisk A/S,Avoid,Avoid,Avoid,Reject,1.0,26.05527418865454,797,866,57.06989573754805,False,False,0.0,0.0
INRN.SW,Interroll Holding AG,Avoid,Avoid,Avoid,Reject,1.0,23.091719398649346,916,820,57.03151250513201,False,False,0.0,0.0
1963.HK,Bank Of Chongqing Co Ltd,Avoid,Avoid,Avoid,Reject,1.0,8.882816762842275,461,303,56.97663497887446,False,False,0.0,0.0
601066.SHG,China Securities Co Ltd,Avoid,Avoid,Avoid,Reject,1.0,12.57635978810332,202,372,56.94652013367643,False,False,0.0,0.0
IHP.LSE,IntegraFin Holdings plc,Avoid,Avoid,Avoid,Reject,1.0,7.285869275350259,314,207,56.86811241326447,False,False,0.0,0.0
ACA.PA,Credit Agricole SA,Hold,Hold,Hold,Reject,1.0,4.961655923246371,514,170,56.840564923513284,False,False,0.0,0.0
ICE.US,Intercontinental Exchange Inc,Avoid,Avoid,Avoid,Reject,1.0,11.525638147588452,121,302,56.82961723074139,False,False,0.0,0.0
HEIJM.AS,Koninklijke Heijmans N.V.,Avoid,Avoid,Avoid,Reject,1.0,15.800832915620681,686,599,56.723319844734334,False,False,0.0,0.0
BIRG.IR,Bank of Ireland Group PLC,Hold,Hold,Hold,Reject,1.0,8.738167005587393,473,301,56.705136694634945,False,False,0.0,0.0
JUN3.XETRA,Jungheinrich AG O.N.VZO,Avoid,Avoid,Avoid,Reject,1.0,14.432309567525087,814,582,56.666179728491755,False,False,0.0,0.0
CKN.LSE,Clarkson,Avoid,Avoid,Avoid,Reject,1.0,10.299810838968032,595,387,56.63884176267288,False,False,0.0,0.0
5.HK,HSBC Holdings PLC (HK Reg),Avoid,Avoid,Avoid,Reject,1.0,10.418117327814137,204,288,56.615266824618516,False,False,0.0,0.0
COF.US,Capital One Financial Corporation,Avoid,Avoid,Avoid,Reject,1.0,13.83239818689836,99,377,56.60134406665283,False,False,0.0,0.0
300251.SHE,Beijing Enlight Media,Avoid,Avoid,Avoid,Reject,1.0,28.413907912537905,575,893,56.59013478384037,False,False,0.0,0.0
600519.SHG,Kweichow Moutai Co Ltd,Avoid,Avoid,Avoid,Reject,1.0,5.930037354388189,372,162,56.58152215344178,False,False,0.0,0.0
2319.HK,China Mengniu Dairy Co,Avoid,Avoid,Avoid,Reject,1.0,9.637832957480512,474,332,56.52614382968831,False,False,0.0,0.0
3939.HK,Wanguo International Mining Group Ltd,Avoid,Avoid,Avoid,Reject,1.0,32.41372923215176,879,1023,56.5157823365811,False,False,0.0,0.0
QLT.LSE,Quilter PLC,Avoid,Avoid,Avoid,Reject,1.0,8.121873086174956,225,205,56.49383366652399,False,False,0.0,0.0
TMUS.US,T-Mobile US Inc,Avoid,Avoid,Avoid,Reject,1.0,11.647147936687636,27,240,56.49232547041306,False,False,0.0,0.0
DNLM.LSE,Dunelm Group PLC,Avoid,Avoid,Avoid,Reject,1.0,12.734260959426718,482,452,56.47572508220858,False,False,0.0,0.0
1044.HK,Hengan Intl Group Ltd-H,Avoid,Avoid,Avoid,Reject,1.0,4.574575119748942,360,51,56.455434312221,False,False,0.0,0.0
ABBN.SW,ABB Ltd,Avoid,Avoid,Avoid,Reject,1.0,16.124410923865305,811,642,56.443935296706314,False,False,0.0,0.0
DOM.LSE,Domino’s Pizza Group PLC,Avoid,Avoid,Avoid,Reject,1.0,13.187157031842835,359,443,56.43348797081801,False,False,0.0,0.0
URW.PA,Unibail-Rodamco-Westfield,Avoid,Avoid,Avoid,Reject,1.0,5.397208983774554,253,49,56.42189549334017,False,False,0.0,0.0
JYSK.CO,Jyske Bank A/S,Avoid,Avoid,Avoid,Reject,1.0,9.639195857907888,384,312,56.35278030625257,False,False,0.0,0.0
1099.HK,Sinopharm Group Co Ltd,Avoid,Avoid,Avoid,Reject,1.0,6.31874541466042,157,71,56.324136100948664,False,False,0.0,0.0
BMT.XETRA,British American Tobacco p.l.c,Avoid,Avoid,Avoid,Reject,1.0,4.816628953481565,894,282,56.30104801822214,False,False,0.0,0.0
1997.HK,Wharf Real Estate Investment Co Ltd,Avoid,Avoid,Avoid,Reject,1.0,15.174627739974,611,569,56.27835449483938,False,False,0.0,0.0
SBGSY.US,Schneider Electric SA,Avoid,Avoid,Avoid,Reject,1.0,29.425378278455575,782,938,56.26230574641141,False,False,0.0,0.0
2276.HK,Shanghai Conant Optical Co Ltd,Avoid,Avoid,Avoid,Reject,1.0,32.31513566992653,880,1031,56.24989710558196,False,False,0.0,0.0
SNY.US,Sanofi ADR,Avoid,Avoid,Avoid,Reject,1.0,8.967258018915592,217,234,56.1914165189785,False,False,0.0,0.0
0823.HK,Link Real Estate Investment Trust,Avoid,Avoid,Avoid,Reject,1.0,6.624275878893912,197,123,56.18744059101287,False,False,0.0,0.0
000568.SHE,Luzhou Lao Jiao Co Ltd,Avoid,Avoid,Avoid,Reject,1.0,10.870934915894479,433,370,56.13990507072395,False,False,0.0,0.0
000001.SHE,Ping An Bank Co Ltd,Avoid,Avoid,Avoid,Reject,1.0,8.008460231089547,40,30,56.09327167343211,False,False,0.0,0.0
KLR.LSE,Keller Group PLC,Avoid,Avoid,Avoid,Reject,1.0,12.730594144382291,309,411,56.0867928398408,False,False,0.0,0.0
300487.SHE,Xian Sunresin New Materials Co Ltd,Avoid,Avoid,Avoid,Reject,1.0,33.15146959809048,766,1019,56.08475722717491,False,False,0.0,0.0
VALMT.HE,Valmet Oyj,Avoid,Avoid,Avoid,Reject,1.0,13.829729800897507,522,507,56.063389698191095,False,False,0.0,0.0
PAYX.US,Paychex Inc,Avoid,Avoid,Avoid,Reject,1.0,13.267600953254739,284,425,56.03841781113404,False,False,0.0,0.0
CWK.LSE,Cranswick PLC,Avoid,Avoid,Avoid,Reject,1.0,5.498323951446174,619,228,55.998787871646776,False,False,0.0,0.0
ELIS.PA,Elis SA,Avoid,Avoid,Avoid,Reject,1.0,3.558041333974858,551,125,55.982321768506836,False,False,0.0,0.0
ATCO-A.ST,Atlas Copco AB Series A,Avoid,Avoid,Avoid,Reject,1.0,21.246849444219606,702,748,55.97973578989417,False,False,0.0,0.0
LAGR-B.ST,Lagercrantz Group AB (publ),Avoid,Avoid,Avoid,Reject,1.0,31.777054971843075,927,1011,55.953945735271596,False,False,0.0,0.0
6198.HK,Qingdao Port International Co Ltd,Avoid,Avoid,Avoid,Reject,1.0,6.443877910232952,209,114,55.92114610338606,False,False,0.0,0.0
POLR.LSE,Polar Capital Holdings plc,Avoid,Avoid,Avoid,Reject,1.0,14.164840911970261,437,501,55.919677894575656,False,False,0.0,0.0
FR.PA,Valeo SA,Avoid,Avoid,Avoid,Reject,1.0,19.82654196073427,589,688,55.90545720069893,False,False,0.0,0.0
002558.SHE,Giant Network Group Co Ltd,Avoid,Avoid,Avoid,Reject,1.0,28.29130400641946,444,873,55.78970536572521,False,False,0.0,0.0
SAX.XETRA,Ströer SE & Co. KGaA,Avoid,Avoid,Avoid,Reject,1.0,16.052636092226415,710,627,55.75099084437635,False,False,0.0,0.0
0631.HK,Sany Heavy Equipment International Holdings Co Ltd,Avoid,Avoid,Avoid,Reject,1.0,25.257906311579653,586,828,55.74890585536792,False,False,0.0,0.0
3393.HK,Wasion Group Holdings Ltd,Avoid,Avoid,Avoid,Reject,1.0,33.72268024789199,655,1015,55.72278271266227,False,False,0.0,0.0
0564.HK,Zhengzhou Coal Mining Machinery Group Co Ltd,Avoid,Avoid,Avoid,Reject,1.0,20.45977290024065,436,682,55.66131781397914,False,False,0.0,0.0
EBAY.US,eBay Inc,Avoid,Avoid,Avoid,Reject,1.0,26.059627290812458,455,830,55.63554351255232,False,False,0.0,0.0
1179.HK,Huazhu Group Ltd,Avoid,Avoid,Avoid,Reject,1.0,18.675227068110456,337,637,55.62565099927751,False,False,0.0,0.0
ROR.LSE,Rotork PLC,Avoid,Avoid,Avoid,Reject,1.0,31.937862591817794,902,1029,55.620516418634224,False,False,0.0,0.0
600989.SHG,Ningxia Baofeng Energy Group Co Ltd,Avoid,Avoid,Avoid,Reject,1.0,18.01922736450391,214,578,55.60846523333587,False,False,0.0,0.0
HSBA.LSE,HSBC Holdings PLC,Hold,Hold,Hold,Reject,1.0,8.889327381122387,406,286,55.6064038947176,False,False,0.0,0.0
SFSN.SW,SFS Group AG,Avoid,Avoid,Avoid,Reject,1.0,7.880277766913295,718,343,55.59983055184492,False,False,0.0,0.0
CMBN.SW,Cembra Money Bank AG,Avoid,Avoid,Avoid,Reject,1.0,4.866550862414931,719,239,55.48329722634214,False,False,0.0,0.0
IGG.LSE,IG Group Holdings PLC,Avoid,Avoid,Avoid,Reject,1.0,12.026607782749005,447,423,55.45634734152357,False,False,0.0,0.0
LI.PA,Klepierre SA,Avoid,Avoid,Avoid,Reject,1.0,5.558350196949017,328,28,55.42377517584201,False,False,0.0,0.0
KGF.LSE,Kingfisher PLC,Avoid,Avoid,Avoid,Reject,1.0,12.009970948071905,274,369,55.42314888166392,False,False,0.0,0.0
MSI.US,Motorola Solutions Inc,Avoid,Avoid,Avoid,Reject,1.0,18.651721825671885,532,660,55.38419619873308,False,False,0.0,0.0
KYGA.LSE,Kerry Group,Avoid,Avoid,Avoid,Reject,1.0,23.1016015195163,936,840,55.35793985139579,False,False,0.0,0.0
DTEGY.US,Deutsche Telekom AG ADR,Avoid,Avoid,Avoid,Reject,1.0,12.900110612285713,317,426,55.19269097575884,False,False,0.0,0.0
BP.US,BP PLC ADR,Avoid,Avoid,Avoid,Reject,1.0,11.894257320215674,44,256,55.172417633166894,False,False,0.0,0.0
LOG.MC,Cia de Distribucion Integral,Avoid,Avoid,Avoid,Reject,1.0,3.571870705851832,565,101,55.15171480444404,False,False,0.0,0.0
SUN.SW,Sulzer AG,Avoid,Avoid,Avoid,Reject,1.0,15.986426230409913,752,638,55.124871802605114,False,False,0.0,0.0
SDR.LSE,Schroders PLC,Avoid,Avoid,Avoid,Reject,1.0,11.788377199606302,246,356,55.10804312810702,False,False,0.0,0.0
CIE.MC,CIE Automotive S.A.,Avoid,Avoid,Avoid,Reject,1.0,6.428213387038959,428,194,55.106353741729386,False,False,0.0,0.0
TIETO.HE,TietoEVRY Corp,Avoid,Avoid,Avoid,Reject,1.0,9.800746192399595,549,367,55.07888236149348,False,False,0.0,0.0
BBY.LSE,Balfour Beatty plc,Avoid,Avoid,Avoid,Reject,1.0,7.741480163431574,265,185,55.01296142563116,False,False,0.0,0.0
ELG.XETRA,Elmos Semiconductor SE,Avoid,Avoid,Avoid,Reject,1.0,31.23449534268013,965,1037,55.003666378738906,False,False,0.0,0.0
CME.US,CME Group Inc,Avoid,Avoid,Avoid,Reject,1.0,12.71592027014373,278,401,54.97210533897979,False,False,0.0,0.0
NOVN.SW,Novartis AG,Hold,Hold,Hold,Reject,1.0,4.6100314958475686,456,78,54.96954726960225,False,False,0.0,0.0
BVI.PA,Bureau Veritas SA,Hold,Hold,Hold,Reject,1.0,7.183014033005889,707,316,54.94969652879771,False,False,0.0,0.0
PUIG.MC,Puig Brands SA,Avoid,Avoid,Avoid,Reject,1.0,11.40927828162382,964,537,54.92574886134237,False,False,0.0,0.0
WIE.VI,Wienerberger AG,Avoid,Avoid,Avoid,Reject,1.0,13.606486110889499,481,492,54.840626103146306,False,False,0.0,0.0
000895.SHE,Henan Shuanghui Investment & Development Co Ltd,Avoid,Avoid,Avoid,Reject,1.0,4.631619228010542,484,62,54.76834289651088,False,False,0.0,0.0
A.US,Agilent Technologies Inc,Avoid,Avoid,Avoid,Reject,1.0,22.828338160501254,488,763,54.75826561804369,False,False,0.0,0.0
DB1.XETRA,Deutsche Börse AG,Hold,Hold,Hold,Reject,1.0,7.982811859068525,581,307,54.720855542848085,False,False,0.0,0.0
1919.HK,COSCO SHIPPING Holdings Co Ltd H,Avoid,Avoid,Avoid,Reject,1.0,8.365827020917271,164,166,54.7092995192726,False,False,0.0,0.0
ANDR.VI,Andritz AG,Avoid,Avoid,Avoid,Reject,1.0,13.045575908148496,653,513,54.61934454204577,False,False,0.0,0.0
ELISA.HE,Elisa Oyj,Avoid,Avoid,Avoid,Reject,1.0,13.859170733907112,621,532,54.59202382280598,False,False,0.0,0.0
RAA.XETRA,RATIONAL Aktiengesellschaft,Avoid,Avoid,Avoid,Reject,1.0,24.270625399171525,991,875,54.5107824478238,False,False,0.0,0.0
002379.SHE,Shandong Hongchuang Aluminum Industry Holding Co Ltd,Avoid,Avoid,Avoid,Reject,1.0,23.435896834481277,227,733,54.447370961170456,False,False,0.0,0.0
0551.HK,Yue Yuen Ind,Avoid,Avoid,Avoid,Reject,1.0,13.276898925021237,490,488,54.43593868421365,False,False,0.0,0.0
002155.SHE,Hunan Gold Corp Ltd,Avoid,Avoid,Avoid,Reject,1.0,33.94878520263057,561,1014,54.41768027523102,False,False,0.0,0.0
ELE.MC,Endesa SA,Hold,Hold,Hold,Reject,1.0,3.5568853217594008,625,133,54.32291380567447,False,False,0.0,0.0
EMG.LSE,Man Group PLC,Avoid,Avoid,Avoid,Reject,1.0,11.667342200263214,544,442,54.280089007631446,False,False,0.0,0.0
1359.HK,China Cinda Asset Mgmt Co Ltd,Avoid,Avoid,Avoid,Reject,1.0,17.616999862545775,610,649,54.2746309619715,False,False,0.0,0.0
DHL.XETRA,Deutsche Post AG,Hold,Hold,Hold,Reject,1.0,6.4574498596420815,443,192,54.26342490603929,False,False,0.0,0.0
ROK.US,Rockwell Automation Inc,Avoid,Avoid,Avoid,Reject,1.0,23.10520050539786,664,794,54.222794790042684,False,False,0.0,0.0
IAG.LSE,International Consolidated Airlines Group S.A,Avoid,Avoid,Avoid,Reject,1.0,12.403198169427133,358,416,54.19831796854356,False,False,0.0,0.0
ENO.MC,Elecnor S.A,Avoid,Avoid,Avoid,Reject,1.0,12.153941250804122,675,496,54.19746180979461,False,False,0.0,0.0
ALSYDB.CO,AL Sydbank A/S,Avoid,Avoid,Avoid,Reject,1.0,12.71596294618654,449,453,54.17486756620405,False,False,0.0,0.0
ROP.SW,Roche Holding AG,Hold,Hold,Hold,Reject,1.0,7.259232056088892,569,278,54.16989986155413,False,False,0.0,0.0
RUI.PA,Rubis SCA,Avoid,Avoid,Avoid,Reject,1.0,4.1912297547578055,566,136,54.09894455416277,False,False,0.0,0.0
GAW.LSE,Games Workshop Group PLC,Avoid,Avoid,Avoid,Reject,1.0,20.513236621670668,778,755,54.08096397371453,False,False,0.0,0.0
0179.HK,Johnson Electric Holdings Ltd,Avoid,Avoid,Avoid,Reject,1.0,30.971218841711188,531,955,54.077017903783535,False,False,0.0,0.0
ESSITY-B.ST,Essity AB (publ),Hold,Hold,Hold,Reject,1.0,4.139103678309697,587,81,54.00805837031385,False,False,0.0,0.0
2096.HK,Simcere Pharmaceutical Group Ltd,Avoid,Avoid,Avoid,Reject,1.0,29.11302675354694,742,937,54.00246624923424,False,False,0.0,0.0
603288.SHG,Foshan Haitian Flavouring and Food Co Ltd,Avoid,Avoid,Avoid,Reject,1.0,10.825440817416817,786,486,53.9946509690651,False,False,0.0,0.0
OSB.LSE,OneSavings Bank PLC,Avoid,Avoid,Avoid,Reject,1.0,12.220826895455568,552,466,53.994534742860765,False,False,0.0,0.0
ALSN.SW,Also Holding AG,Avoid,Avoid,Avoid,Reject,1.0,23.61286882535784,798,836,53.993848572692514,False,False,0.0,0.0
601857.SHG,PetroChina Co Ltd Class A,Avoid,Avoid,Avoid,Reject,1.0,10.988995426466087,133,274,53.98446195169955,False,False,0.0,0.0
EMMN.SW,Emmi AG,Avoid,Avoid,Avoid,Reject,1.0,9.154034578314409,923,472,53.93768278015785,False,False,0.0,0.0
SCMN.SW,Swisscom AG,Avoid,Avoid,Avoid,Reject,1.0,5.193811154656606,451,83,53.91336972891491,False,False,0.0,0.0
MKS.LSE,Marks and Spencer Group PLC,Avoid,Avoid,Avoid,Reject,1.0,18.008013872550293,434,640,53.91022139423465,False,False,0.0,0.0
ADI.US,Analog Devices Inc,Avoid,Avoid,Avoid,Reject,1.0,23.48662439534353,591,792,53.885937603156684,False,False,0.0,0.0
SMG.SW,SMG Swiss Marketplace Group AG,Avoid,Avoid,Avoid,Reject,1.0,28.62692816434317,1267,1045,53.87383596436417,False,False,0.0,0.0
600489.SHG,Zhongjin Gold Corp Ltd,Avoid,Avoid,Avoid,Reject,1.0,29.20127165096967,426,905,53.87026729536347,False,False,0.0,0.0
AXFO.ST,Axfood AB,Avoid,Avoid,Avoid,Reject,1.0,12.902523033345657,709,525,53.85307020484484,False,False,0.0,0.0
UQA.VI,UNIQA Insurance Group AG,Avoid,Avoid,Avoid,Reject,1.0,6.548263303185961,489,217,53.833493465424375,False,False,0.0,0.0
PCAR.US,PACCAR Inc,Avoid,Avoid,Avoid,Reject,1.0,16.6269006566234,472,595,53.81635542229198,False,False,0.0,0.0
HOC.LSE,Hochschild Mining plc,Avoid,Avoid,Avoid,Reject,1.0,28.35142934510489,701,923,53.80790321564551,False,False,0.0,0.0
CCH.LSE,Coca Cola HBC AG,Avoid,Avoid,Avoid,Reject,1.0,10.449356188943833,733,451,53.801946285222705,False,False,0.0,0.0
GDWN.LSE,Goodwin PLC,Avoid,Avoid,Avoid,Reject,1.0,29.5632746325381,1133,1055,53.778047552627676,False,False,0.0,0.0
ARCAD.AS,Arcadis N.V.,Avoid,Avoid,Avoid,Reject,1.0,18.294871309390118,887,719,53.755169918590994,False,False,0.0,0.0
BN.PA,Danone SA,Hold,Hold,Hold,Reject,1.0,5.17663748762825,714,248,53.74004579264819,False,False,0.0,0.0
ACLN.SW,Accelleron Industries AG,Avoid,Avoid,Avoid,Reject,1.0,28.34046893412659,980,970,53.73588380331981,False,False,0.0,0.0
ALIV-SDB.ST,Autoliv Inc,Avoid,Avoid,Avoid,Reject,1.0,20.385406889217435,598,716,53.7345023115764,False,False,0.0,0.0
CB.US,Chubb Ltd,Avoid,Avoid,Avoid,Reject,1.0,9.925533475783672,16,11,53.70484324438557,False,False,0.0,0.0
ABB.ST,ABB Ltd,Avoid,Avoid,Avoid,Reject,1.0,22.40151524784041,836,805,53.676854499976194,False,False,0.0,0.0
EVK.XETRA,Evonik Industries AG,Avoid,Avoid,Avoid,Reject,1.0,9.16235776112625,663,375,53.675323230021945,False,False,0.0,0.0
PAH3.XETRA,Porsche Automobil Holding SE,Avoid,Avoid,Avoid,Reject,1.0,5.238662805384573,466,110,53.59453791139274,False,False,0.0,0.0
HBR.LSE,Harbour Energy PLC,Avoid,Avoid,Avoid,Reject,1.0,23.46487783205583,559,787,53.5927019035989,False,False,0.0,0.0
DTE.XETRA,Deutsche Telekom AG,Avoid,Avoid,Avoid,Reject,1.0,7.783690302253968,321,208,53.587965608520186,False,False,0.0,0.0
2245.HK,Lygend Resources & Tech Co,Avoid,Avoid,Avoid,Reject,1.0,30.524446841989832,338,925,53.57529437813928,False,False,0.0,0.0
AIR.XETRA,Airbus SE,Avoid,Avoid,Avoid,Reject,1.0,22.731716667110764,892,837,53.52825046109031,False,False,0.0,0.0
HBAN.US,Huntington Bancshares Incorporated,Avoid,Avoid,Avoid,Reject,1.0,10.549552205822827,228,294,53.51998508259063,False,False,0.0,0.0
UBSG.SW,UBS Group AG,Hold,Hold,Hold,Reject,1.0,6.844922842056823,476,222,53.50381210129083,False,False,0.0,0.0
NVS.US,Novartis AG ADR,Avoid,Avoid,Avoid,Reject,1.0,9.631087554375899,282,270,53.39266076985122,False,False,0.0,0.0
CBOE.US,Cboe Global Markets Inc,Avoid,Avoid,Avoid,Reject,1.0,17.59195679578931,194,568,53.384197509586095,False,False,0.0,0.0
BNZL.LSE,Bunzl PLC,Hold,Hold,Hold,Reject,1.0,5.378363527251073,464,111,53.37929558306092,False,False,0.0,0.0
DSCV.LSE,Discoverie Group PLC,Avoid,Avoid,Avoid,Reject,1.0,20.856609548127985,801,778,53.37554288603661,False,False,0.0,0.0
1876.HK,Budweiser Brewing Company,Avoid,Avoid,Avoid,Reject,1.0,9.818156257928099,765,438,53.3486565184261,False,False,0.0,0.0
AZN.ST,AstraZeneca PLC,Avoid,Avoid,Avoid,Reject,1.0,20.070088216202876,768,742,53.304289628514766,False,False,0.0,0.0
QQ.LSE,Qinetiq Group PLC,Avoid,Avoid,Avoid,Reject,1.0,19.080513873212126,644,690,53.29760075925101,False,False,0.0,0.0
SHC.LSE,Shaftesbury Capital PLC,Avoid,Avoid,Avoid,Reject,1.0,12.30372199612838,395,424,53.25796458074098,False,False,0.0,0.0
DIS.US,Walt Disney Company,Avoid,Avoid,Avoid,Reject,1.0,8.959579482009632,152,171,53.25452235526161,False,False,0.0,0.0
AGS.BR,ageas SA/NV,Avoid,Avoid,Avoid,Reject,1.0,7.786450065711256,288,12,53.19577212265884,False,False,0.0,0.0
HUH1V.HE,Huhtamaki Oyj,Avoid,Avoid,Avoid,Reject,1.0,5.148966631788011,513,134,53.14914442458718,False,False,0.0,0.0
600900.SHG,China Yangtze Power Co Ltd,Avoid,Avoid,Avoid,Reject,1.0,8.745003309181481,93,22,53.139489062234844,False,False,0.0,0.0
HON.US,Honeywell International Inc,Avoid,Avoid,Avoid,Reject,1.0,8.592151528309964,166,156,53.117623157843305,False,False,0.0,0.0
HBC1.XETRA,HSBC Holdings plc,Avoid,Avoid,Avoid,Reject,1.0,12.671142409799005,832,560,53.065080307952705,False,False,0.0,0.0
6655.HK,Huaxin Cement Co. Ltd.,Avoid,Avoid,Avoid,Reject,1.0,19.982736521233594,390,676,53.061271933924374,False,False,0.0,0.0
BOY.LSE,Bodycote PLC,Avoid,Avoid,Avoid,Reject,1.0,23.848453649819007,816,848,53.053489942917096,False,False,0.0,0.0
COLR.BR,Etablissementen Franz Colruyt NV,Avoid,Avoid,Avoid,Reject,1.0,2.0390679572808237,833,143,52.93984661965789,False,False,0.0,0.0
601877.SHG,Zhejiang Chint Electrics Co,Avoid,Avoid,Avoid,Reject,1.0,16.265061180785256,195,519,52.885809293778905,False,False,0.0,0.0
1133.HK,Harbin Electric,Avoid,Avoid,Avoid,Reject,1.0,28.059784823013334,528,899,52.85168382807889,False,False,0.0,0.0
6178.HK,Everbright Securities Co Ltd,Avoid,Avoid,Avoid,Reject,1.0,18.83280919834218,618,684,52.82362658955207,False,False,0.0,0.0
HEIO.AS,Heineken Holding NV,Avoid,Avoid,Avoid,Reject,1.0,3.4581946341640055,739,106,52.78722063921348,False,False,0.0,0.0
300017.SHE,Wangsu Science Tech,Avoid,Avoid,Avoid,Reject,1.0,31.486686866140456,860,1024,52.74275085621708,False,False,0.0,0.0
GLB.LSE,Glanbia plc,Avoid,Avoid,Avoid,Reject,1.0,29.457166865183552,1096,1067,52.7299407740855,False,False,0.0,0.0
600600.SHG,Tsingtao Brewery Co Ltd,Hold,Hold,Hold,Reject,1.0,5.820355065028377,542,186,52.61349207737753,False,False,0.0,0.0
6055.HK,China Tobacco International HK Co Ltd,Avoid,Avoid,Avoid,Reject,1.0,28.803772783952105,795,952,52.57264082944367,False,False,0.0,0.0
LIGHT.AS,Signify N.V.,Avoid,Avoid,Avoid,Reject,1.0,14.262368869008473,577,546,52.568705970044064,False,False,0.0,0.0
002064.SHE,Zhejiang Huafon Spandex Co Ltd,Avoid,Avoid,Avoid,Reject,1.0,26.038801646644,570,857,52.56706827713361,False,False,0.0,0.0
002850.SHE,Shenzhen Kedali Industry Co Ltd,Avoid,Avoid,Avoid,Reject,1.0,32.45496979099952,736,1022,52.539173825392645,False,False,0.0,0.0
600009.SHG,Shanghai International Airport Co Ltd,Avoid,Avoid,Avoid,Reject,1.0,7.257272101381076,431,211,52.518162369488024,False,False,0.0,0.0
BKR.US,Baker Hughes Co,Avoid,Avoid,Avoid,Reject,1.0,16.983108101405474,198,548,52.517811676856425,False,False,0.0,0.0
INCH.LSE,Inchcape PLC,Avoid,Avoid,Avoid,Reject,1.0,6.944393759068508,331,138,52.4402515021888,False,False,0.0,0.0
BKW.SW,BKW AG,Avoid,Avoid,Avoid,Reject,1.0,10.547661477993213,732,459,52.415271553322576,False,False,0.0,0.0
3320.HK,China Resources Pharmaceutical Group Ltd,Avoid,Avoid,Avoid,Reject,1.0,10.258133415507459,283,289,52.32567901142292,False,False,0.0,0.0
FHZN.SW,Flughafen Zurich,Avoid,Avoid,Avoid,Reject,1.0,12.026972851414786,850,552,52.31365174902848,False,False,0.0,0.0
603993.SHG,China Molybdenum Co Ltd Class A,Avoid,Avoid,Avoid,Reject,1.0,32.715877417043515,468,987,52.30279070136226,False,False,0.0,0.0
2039.HK,China International Marine Containers Group Co Ltd,Avoid,Avoid,Avoid,Reject,1.0,30.746496198499525,924,1070,52.29250420824478,False,False,0.0,0.0
0012.HK,Henderson Land,Avoid,Avoid,Avoid,Reject,1.0,13.431923770563047,348,455,52.283265486863286,False,False,0.0,0.0
0991.HK,Datang Intl Power Gen Co-H,Avoid,Avoid,Avoid,Reject,1.0,21.503072693796494,184,681,52.22509253252304,False,False,0.0,0.0
0914.HK,Anhui Conch Cement,Avoid,Avoid,Avoid,Reject,1.0,9.86300981647123,341,300,52.19896293535838,False,False,0.0,0.0
PRU.US,"Prudential Financial, Inc.",Avoid,Avoid,Avoid,Reject,1.0,10.109639012214403,31,43,52.17973643366527,False,False,0.0,0.0
MSCI.US,MSCI Inc,Avoid,Avoid,Avoid,Reject,1.0,19.21566564659449,330,653,52.14385761469211,False,False,0.0,0.0
PLD.US,Prologis Inc,Avoid,Avoid,Avoid,Reject,1.0,14.920646882704872,479,542,52.09566515645717,False,False,0.0,0.0
IMCD.AS,IMCD NV,Avoid,Avoid,Avoid,Reject,1.0,22.702749768224013,809,821,52.05040913639586,False,False,0.0,0.0
600887.SHG,Inner Mongolia Yili Industrial Group Co Ltd,Avoid,Avoid,Avoid,Reject,1.0,6.7238243415743835,374,80,52.0364718515637,False,False,0.0,0.0
601888.SHG,China International Travel Service Corp Ltd,Avoid,Avoid,Avoid,Reject,1.0,23.182109437867037,642,799,52.03293080530234,False,False,0.0,0.0
GL9.IR,Glanbia PLC,Avoid,Avoid,Avoid,Reject,1.0,16.38457132892941,957,699,52.03102565389632,False,False,0.0,0.0
INDT.ST,Indutrade AB,Avoid,Avoid,Avoid,Reject,1.0,29.417784455946297,881,982,51.99913669361104,False,False,0.0,0.0
CSCO.US,Cisco Systems Inc,Avoid,Avoid,Avoid,Reject,1.0,19.94179207051515,596,715,51.983585331275044,False,False,0.0,0.0
SU.PA,Schneider Electric S.E.,Avoid,Avoid,Avoid,Reject,1.0,21.978146270807827,891,824,51.98168093557251,False,False,0.0,0.0
SIEGY.US,Siemens AG ADR,Avoid,Avoid,Avoid,Reject,1.0,25.578660239559913,693,868,51.88518138698832,False,False,0.0,0.0
RSW.LSE,Renishaw PLC,Avoid,Avoid,Avoid,Reject,1.0,27.40526390870669,982,964,51.83712083847826,False,False,0.0,0.0
ABDN.LSE,Abrdn PLC,Avoid,Avoid,Avoid,Reject,1.0,10.967768731483968,334,349,51.797941461438334,False,False,0.0,0.0
ARES.US,Ares Management LP,Avoid,Avoid,Avoid,Reject,1.0,33.79869748910734,499,1018,51.77450113306041,False,False,0.0,0.0
TJX.US,The TJX Companies Inc,Avoid,Avoid,Avoid,Reject,1.0,17.11666207894092,446,617,51.76410992575973,False,False,0.0,0.0
RSG.US,Republic Services Inc,Avoid,Avoid,Avoid,Reject,1.0,12.705724991769495,471,461,51.74434059315179,False,False,0.0,0.0
6862.HK,Haidilao International Holding Ltd,Avoid,Avoid,Avoid,Reject,1.0,16.168120936926254,421,573,51.73931117816529,False,False,0.0,0.0
RKT.LSE,Reckitt Benckiser Group PLC,Avoid,Avoid,Avoid,Reject,1.0,6.881526506568786,563,245,51.73110290886534,False,False,0.0,0.0
BC8.XETRA,Bechtle AG,Avoid,Avoid,Avoid,Reject,1.0,29.950651168522967,949,1002,51.67058128113177,False,False,0.0,0.0
CTAS.US,Cintas Corporation,Avoid,Avoid,Avoid,Reject,1.0,21.99944439296943,602,776,51.65695538456454,False,False,0.0,0.0
LGEN.LSE,Legal & General Group PLC,Avoid,Avoid,Avoid,Reject,1.0,12.889843797604312,296,413,51.656841656148174,False,False,0.0,0.0
6823.HK,HKT Trust,Avoid,Avoid,Avoid,Reject,1.0,7.133634897052576,462,199,51.56150649201272,False,False,0.0,0.0
0425.HK,Minth Group Ltd,Avoid,Avoid,Avoid,Reject,1.0,24.64845135681494,510,813,51.55708754775818,False,False,0.0,0.0
BION.SW,BB Biotech AG,Avoid,Avoid,Avoid,Reject,1.0,9.12890556486786,865,462,51.526590198267805,False,False,0.0,0.0
601788.SHG,Everbright Securities Co Ltd,Avoid,Avoid,Avoid,Reject,1.0,9.001453206074428,533,327,51.503365636923135,False,False,0.0,0.0
O.US,Realty Income Corporation,Avoid,Avoid,Avoid,Reject,1.0,9.931866012072339,287,266,51.43238655435568,False,False,0.0,0.0
ZURN.SW,Zurich Insurance Group AG,Avoid,Avoid,Avoid,Reject,1.0,6.384083529787265,469,88,51.39536999933578,False,False,0.0,0.0
NVO.US,Novo Nordisk A/S,Avoid,Avoid,Avoid,Reject,1.0,21.187744839226486,477,727,51.327443890022366,False,False,0.0,0.0
SAGA-B.ST,AB Sagax (publ),Avoid,Avoid,Avoid,Reject,1.0,21.755581206650383,656,780,51.308154565009836,False,False,0.0,0.0
AFX.XETRA,Carl Zeiss Meditec AG,Avoid,Avoid,Avoid,Reject,1.0,21.26845806842273,945,825,51.27420538477922,False,False,0.0,0.0
0001.HK,CK Hutchison Holdings Limited,Avoid,Avoid,Avoid,Reject,1.0,8.257245413824638,306,177,51.26919112092421,False,False,0.0,0.0
1071.HK,Huadian Power International Corp Ltd,Avoid,Avoid,Avoid,Reject,1.0,12.49689915106429,84,295,51.2465615760093,False,False,0.0,0.0
ENOG.LSE,Energean Oil & Gas PLC,Avoid,Avoid,Avoid,Reject,1.0,24.358166162353136,685,846,51.24480439815768,False,False,0.0,0.0
BP.LSE,BP PLC,Avoid,Avoid,Avoid,Reject,1.0,11.675714182904287,118,272,51.134376570665545,False,False,0.0,0.0
SGO.PA,Compagnie de Saint-Gobain S.A.,Avoid,Avoid,Avoid,Reject,1.0,7.8937149009664775,506,259,51.12767814413401,False,False,0.0,0.0
SECU-B.ST,Securitas AB,Avoid,Avoid,Avoid,Reject,1.0,9.190417124080978,362,262,51.11519451158322,False,False,0.0,0.0
CCI.US,Crown Castle,Avoid,Avoid,Avoid,Reject,1.0,13.66228454930935,352,470,51.10024323451717,False,False,0.0,0.0
EMSN.SW,EMS-CHEMIE HOLDING AG,Avoid,Avoid,Avoid,Reject,1.0,11.79361527845715,998,600,51.053541746350795,False,False,0.0,0.0
300346.SHE,Jiangsu Nata Opto Electr Material,Avoid,Avoid,Avoid,Reject,1.0,30.677091114244526,901,1027,51.02504300131237,False,False,0.0,0.0
IHG.LSE,InterContinental Hotels Group PLC,Avoid,Avoid,Avoid,Reject,1.0,15.115934463869129,633,592,51.00689418869497,False,False,0.0,0.0
NWG.LSE,NatWest Group PLC,Avoid,Avoid,Avoid,Reject,1.0,16.176324948828537,368,563,51.00387207983208,False,False,0.0,0.0
KEMIRA.HE,Kemira Oyj,Avoid,Avoid,Avoid,Reject,1.0,9.50242415535616,646,389,50.97950626479426,False,False,0.0,0.0
HOLM-B.ST,Holmen AB (publ),Avoid,Avoid,Avoid,Reject,1.0,9.520922517384825,780,446,50.903989688014846,False,False,0.0,0.0
MBG.XETRA,Mercedes-Benz Group AG,Avoid,Avoid,Avoid,Reject,1.0,7.265979775551163,441,180,50.892868239176195,False,False,0.0,0.0
PETS.LSE,Pets at Home Group Plc,Avoid,Avoid,Avoid,Reject,1.0,10.692013621285458,516,392,50.86458219161525,False,False,0.0,0.0
2419.HK,Dekon Food & Agriculture Group,Avoid,Avoid,Avoid,Reject,1.0,30.353414209127383,805,990,50.82877566374734,False,False,0.0,0.0
ELM.LSE,Elementis PLC,Avoid,Avoid,Avoid,Reject,1.0,18.518375247804485,680,694,50.738445564895486,False,False,0.0,0.0
JNJ.US,Johnson & Johnson,Avoid,Avoid,Avoid,Reject,1.0,11.354002011720981,483,407,50.726891307549955,False,False,0.0,0.0
TRMD-A.CO,TORM plc,Avoid,Avoid,Avoid,Reject,1.0,17.971123714420994,740,692,50.68038144779579,False,False,0.0,0.0
MTO.LSE,Mitie Group PLC,Avoid,Avoid,Avoid,Reject,1.0,27.94674260661641,711,927,50.679893592327964,False,False,0.0,0.0
BRAV.ST,Bravida Holding AB,Avoid,Avoid,Avoid,Reject,1.0,19.47472145845154,762,737,50.6592043491788,False,False,0.0,0.0
SRE.LSE,Sirius Real Estate Limited,Avoid,Avoid,Avoid,Reject,1.0,10.546377273738193,540,399,50.54191239250913,False,False,0.0,0.0
APO.US,Apollo Global Management LLC Class A,Avoid,Avoid,Avoid,Reject,1.0,17.36246361642769,445,632,50.51721796011098,False,False,0.0,0.0
TEF.MC,Telefonica,Avoid,Avoid,Avoid,Reject,1.0,17.172963998926214,678,665,50.49383731745614,False,False,0.0,0.0
1908.HK,C&D International Investment Group Ltd,Avoid,Avoid,Avoid,Reject,1.0,16.012628763045242,381,562,50.47910810408036,False,False,0.0,0.0
AXP.US,American Express Company,Avoid,Avoid,Avoid,Reject,1.0,13.859535922597413,249,435,50.41851741025774,False,False,0.0,0.0
1088.HK,China Shenhua Energy Co Ltd H,Avoid,Avoid,Avoid,Reject,1.0,12.801390769492576,387,437,50.40701282455747,False,False,0.0,0.0
2507.HK,Cirrus Aircraft Ltd,Avoid,Avoid,Avoid,Reject,1.0,29.727319833770416,988,1046,50.38958341955805,False,False,0.0,0.0
BEIJ-B.ST,Beijer Ref AB (publ),Avoid,Avoid,Avoid,Reject,1.0,23.3029269392123,799,847,50.285750782941726,False,False,0.0,0.0
EVD.XETRA,CTS Eventim AG & Co. KGaA,Avoid,Avoid,Avoid,Reject,1.0,29.84101458974376,969,1042,50.27514846086642,False,False,0.0,0.0
BFSA.XETRA,Befesa SA,Avoid,Avoid,Avoid,Reject,1.0,9.723142015054732,883,499,50.26346203674558,False,False,0.0,0.0
VACN.SW,VAT Group AG,Avoid,Avoid,Avoid,Reject,1.0,28.407116002881114,1136,1058,50.23177620027719,False,False,0.0,0.0
MRK.US,Merck & Company Inc,Avoid,Avoid,Avoid,Reject,1.0,19.416515156419027,603,707,50.12219694884297,False,False,0.0,0.0
VONN.SW,Vontobel Holding,Avoid,Avoid,Avoid,Reject,1.0,7.301973142951671,743,334,50.084133514672544,False,False,0.0,0.0
NOA3.XETRA,Nokia Corporation,Avoid,Avoid,Avoid,Reject,1.0,28.51772276503461,1111,1069,50.03730630883162,False,False,0.0,0.0
SPX.LSE,Spirax Group plc,Avoid,Avoid,Avoid,Reject,1.0,24.28875544181859,872,878,50.021834463977996,False,False,0.0,0.0
BPE5.XETRA,BP PLC (Reg. Shares),Avoid,Avoid,Avoid,Reject,1.0,10.586531650074496,582,412,49.90806006517339,False,False,0.0,0.0
DKSH.SW,DKSH Holding AG,Avoid,Avoid,Avoid,Reject,1.0,9.47426310642208,823,465,49.884679938056856,False,False,0.0,0.0
600497.SHG,Yunnan Chihong Zinc&Germanium Co Ltd,Avoid,Avoid,Avoid,Reject,1.0,32.17747561221846,687,1016,49.866512764053745,False,False,0.0,0.0
REN.AS,Relx PLC,Avoid,Avoid,Avoid,Reject,1.0,25.378276072776686,911,919,49.83619528080747,False,False,0.0,0.0
KMI.US,Kinder Morgan Inc,Avoid,Avoid,Avoid,Reject,1.0,10.180766034865478,430,329,49.82140249346685,False,False,0.0,0.0
LIN.US,Linde plc Ordinary Shares,Avoid,Avoid,Avoid,Reject,1.0,16.117480688506156,500,596,49.820462966793414,False,False,0.0,0.0
RAND.AS,Randstad NV,Avoid,Avoid,Avoid,Reject,1.0,14.812855543597475,853,648,49.81913680141189,False,False,0.0,0.0
BYG.LSE,Big Yellow Group PLC,Avoid,Avoid,Avoid,Reject,1.0,14.970521463521704,597,581,49.79115970871173,False,False,0.0,0.0
ECL.US,Ecolab Inc,Avoid,Avoid,Avoid,Reject,1.0,19.701334359455142,615,718,49.779648130387095,False,False,0.0,0.0
INDU-C.ST,Industrivarden AB ser. C,Avoid,Avoid,Avoid,Reject,1.0,8.181499148972176,320,89,49.77449760616012,False,False,0.0,0.0
EN.PA,Bouygues SA,Hold,Hold,Hold,Reject,1.0,6.932120196902994,511,95,49.74537487132025,False,False,0.0,0.0
BOL.PA,Bollore SA,Avoid,Avoid,Avoid,Reject,1.0,7.792317110651533,878,428,49.73887581149864,False,False,0.0,0.0
1913.HK,Prada SpA,Avoid,Avoid,Avoid,Reject,1.0,23.63443713695539,616,815,49.73851558824198,False,False,0.0,0.0
ABBNY.US,ABB Ltd,Avoid,Avoid,Avoid,Reject,1.0,29.86426620882444,875,995,49.73615532023297,False,False,0.0,0.0
VER.VI,VERBUND AG,Avoid,Avoid,Avoid,Reject,1.0,13.583460210873328,867,628,49.72708502702724,False,False,0.0,0.0
HPOL-B.ST,HEXPOL AB (publ),Avoid,Avoid,Avoid,Reject,1.0,9.922680206944431,781,467,49.68936241478951,False,False,0.0,0.0
ITV.LSE,ITV PLC,Avoid,Avoid,Avoid,Reject,1.0,11.80953719181825,576,463,49.68888270971062,False,False,0.0,0.0
EXPN.LSE,Experian PLC,Avoid,Avoid,Avoid,Reject,1.0,18.747412017220125,676,706,49.64130518471107,False,False,0.0,0.0
BNY.US,The Bank of New York Mellon Corporation,Avoid,Avoid,Avoid,Reject,1.0,10.811441823679846,285,296,49.59746869217261,False,False,0.0,0.0
0598.HK,Sinotrans Ltd,Avoid,Avoid,Avoid,Reject,1.0,10.346493408732238,538,380,49.447663576208484,False,False,0.0,0.0
CURY.LSE,Currys PLC,Avoid,Avoid,Avoid,Reject,1.0,14.079613988122272,535,531,49.41020442367176,False,False,0.0,0.0
UMG.AS,Universal Music Group N.V.,Avoid,Avoid,Avoid,Reject,1.0,24.91080649388993,943,918,49.399149418968406,False,False,0.0,0.0
SCHW.US,Charles Schwab Corp,Avoid,Avoid,Avoid,Reject,1.0,14.02216203951176,343,482,49.31615632216091,False,False,0.0,0.0
MNG.LSE,M&G Plc,Avoid,Avoid,Avoid,Reject,1.0,11.540798903517896,311,348,49.27363735219205,False,False,0.0,0.0
600578.SHG,Beijing Jingneng Power Co Ltd,Avoid,Avoid,Avoid,Reject,1.0,24.106510620666892,262,779,49.23875598150939,False,False,0.0,0.0
MAP.MC,Mapfre,Avoid,Avoid,Avoid,Reject,1.0,8.279624413974704,346,97,49.23752372313201,False,False,0.0,0.0
COFA.PA,Coface SA,Avoid,Avoid,Avoid,Reject,1.0,4.835596948545226,757,172,49.231962889828765,False,False,0.0,0.0
WEIR.LSE,Weir Group PLC,Avoid,Avoid,Avoid,Reject,1.0,24.292583921350882,812,870,49.19366231821586,False,False,0.0,0.0
TECN.SW,Tecan Group AG,Avoid,Avoid,Avoid,Reject,1.0,19.905950953033155,974,803,49.15945029226151,False,False,0.0,0.0
SCR.PA,SCOR SE,Avoid,Avoid,Avoid,Reject,1.0,7.041044661000182,521,145,49.053721779425736,False,False,0.0,0.0
GET.PA,Getlink SE,Avoid,Avoid,Avoid,Reject,1.0,14.571776087531424,889,658,49.02087849680405,False,False,0.0,0.0
0023.HK,Bank Of E Asia,Avoid,Avoid,Avoid,Reject,1.0,11.873730502324417,755,520,48.9780835778451,False,False,0.0,0.0
UPM.HE,UPM-Kymmene Oyj,Avoid,Avoid,Avoid,Reject,1.0,9.676994467626734,640,388,48.94240205502072,False,False,0.0,0.0
KNEBV.HE,KONE Oyj,Avoid,Avoid,Avoid,Reject,1.0,28.955805887319887,1020,1043,48.93889882438077,False,False,0.0,0.0
JMAT.LSE,Johnson Matthey PLC,Avoid,Avoid,Avoid,Reject,1.0,23.470215156879856,789,852,48.88790470612318,False,False,0.0,0.0
INPP.LSE,International Public Partnership,Avoid,Avoid,Avoid,Reject,1.0,10.745990701512575,720,478,48.881122030248655,False,False,0.0,0.0
NTGY.MC,Naturgy Energy Group SA,Hold,Hold,Hold,Reject,1.0,7.307807504203569,504,128,48.82449584043569,False,False,0.0,0.0
BNR.XETRA,Brenntag SE,Avoid,Avoid,Avoid,Reject,1.0,18.918999927469788,817,749,48.818261943776555,False,False,0.0,0.0
SBMO.AS,SBM Offshore N.V.,Avoid,Avoid,Avoid,Reject,1.0,8.818607545573817,454,252,48.8009599546319,False,False,0.0,0.0
AC.PA,Accor S. A.,Avoid,Avoid,Avoid,Reject,1.0,23.512826581010607,950,887,48.788642145791265,False,False,0.0,0.0
0552.HK,China Communications Services Corp Ltd,Avoid,Avoid,Avoid,Reject,1.0,10.358509938007996,554,382,48.77107329915504,False,False,0.0,0.0
HLN.LSE,Haleon PLC,Hold,Hold,Hold,Reject,1.0,7.726903600557012,556,246,48.747050696833085,False,False,0.0,0.0
LMP.LSE,LondonMetric Property Plc,Avoid,Avoid,Avoid,Reject,1.0,9.43092905018407,452,285,48.74082742196435,False,False,0.0,0.0
SYK.US,Stryker Corporation,Avoid,Avoid,Avoid,Reject,1.0,23.21434192020213,634,811,48.69949856782892,False,False,0.0,0.0
GBF.XETRA,Bilfinger SE,Avoid,Avoid,Avoid,Reject,1.0,14.67659944876267,824,645,48.66993921529998,False,False,0.0,0.0
6186.HK,China Feihe Ltd,Avoid,Avoid,Avoid,Reject,1.0,8.319679462800723,849,432,48.656949710839115,False,False,0.0,0.0
2607.HK,Shanghai Pharmaceuticals Holding Co Ltd,Avoid,Avoid,Avoid,Reject,1.0,8.640367162266202,353,84,48.62951385949398,False,False,0.0,0.0
ORNBV.HE,Orion Oyj B,Avoid,Avoid,Avoid,Reject,1.0,25.53428027723465,1019,948,48.61124371526709,False,False,0.0,0.0
VZN.SW,VZ Holding AG,Avoid,Avoid,Avoid,Reject,1.0,23.823071922464504,1011,912,48.61109551350353,False,False,0.0,0.0
BEI.XETRA,Beiersdorf Aktiengesellschaft,Avoid,Avoid,Avoid,Reject,1.0,18.92309162460227,1036,801,48.60572514060861,False,False,0.0,0.0
HM-B.ST,H & M Hennes & Mauritz AB (publ),Avoid,Avoid,Avoid,Reject,1.0,17.03791834666899,671,668,48.59922520760085,False,False,0.0,0.0
TUI1.XETRA,TUI AG,Avoid,Avoid,Avoid,Reject,1.0,13.082077964251125,713,556,48.576942784931106,False,False,0.0,0.0
SVS.LSE,Savills,Avoid,Avoid,Avoid,Reject,1.0,10.161616258442189,652,418,48.54690756321441,False,False,0.0,0.0
TRYG.CO,Tryg A/S,Avoid,Avoid,Avoid,Reject,1.0,10.17405034605941,560,373,48.48497398191961,False,False,0.0,0.0
ROCK-B.CO,ROCKWOOL International A/S,Avoid,Avoid,Avoid,Reject,1.0,27.228432839792042,976,975,48.483782580129784,False,False,0.0,0.0
CCEP.LSE,Coca-Cola Europacific Partners PLC,Avoid,Avoid,Avoid,Reject,1.0,16.80177122284878,877,710,48.356270400400746,False,False,0.0,0.0
SDZ.SW,Sandoz Group AG,Avoid,Avoid,Avoid,Reject,1.0,28.703354001806623,968,997,48.32949059182107,False,False,0.0,0.0
CTEC.LSE,ConvaTec Group PLC,Avoid,Avoid,Avoid,Reject,1.0,25.399407387922288,829,907,48.32806294752053,False,False,0.0,0.0
SGRO.LSE,Segro Plc,Avoid,Avoid,Avoid,Reject,1.0,23.517969014896295,826,863,48.271396427105834,False,False,0.0,0.0
VOE.VI,Voestalpine AG,Avoid,Avoid,Avoid,Reject,1.0,13.668579085288526,808,612,48.2468607578872,False,False,0.0,0.0
GRMN.US,Garmin Ltd,Avoid,Avoid,Avoid,Reject,1.0,24.868369796954067,785,881,48.18804505345714,False,False,0.0,0.0
JUP.LSE,Jupiter Fund Management Plc,Avoid,Avoid,Avoid,Reject,1.0,12.034129600407727,624,490,48.13068917480804,False,False,0.0,0.0
FDR.MC,Fluidra,Avoid,Avoid,Avoid,Reject,1.0,19.025074980787863,844,764,48.10626376585299,False,False,0.0,0.0
SOLB.BR,Solvay SA,Avoid,Avoid,Avoid,Reject,1.0,8.460828752611643,771,393,48.06553526549361,False,False,0.0,0.0
UNCRY.US,UniCredit SpA ADR,Avoid,Avoid,Avoid,Reject,1.0,27.575824462479822,651,922,48.05085842179295,False,False,0.0,0.0
AED.BR,Aedifica,Avoid,Avoid,Avoid,Reject,1.0,11.201773723922077,759,506,48.039034228001135,False,False,0.0,0.0
YUM.US,Yum! Brands Inc,Avoid,Avoid,Avoid,Reject,1.0,13.444757865632747,324,441,48.01099441406261,False,False,0.0,0.0
HIK.LSE,Hikma Pharmaceuticals PLC,Avoid,Avoid,Avoid,Reject,1.0,20.409094539480428,703,767,47.919882734541005,False,False,0.0,0.0
MPC.US,Marathon Petroleum Corp,Avoid,Avoid,Avoid,Reject,1.0,13.909488205071947,130,364,47.870091136428506,False,False,0.0,0.0
UMI.BR,Umicore S.A.,Avoid,Avoid,Avoid,Reject,1.0,17.90531356823372,848,732,47.82793365239176,False,False,0.0,0.0
NKE.XETRA,Nike Inc,Avoid,Avoid,Avoid,Reject,1.0,28.180600940476257,1072,1085,47.81356866033853,False,False,0.0,0.0
SIE.XETRA,Siemens Aktiengesellschaft,Avoid,Avoid,Avoid,Reject,1.0,21.06903505919133,858,810,47.80895095177031,False,False,0.0,0.0
600547.SHG,Shandong Gold Mining Co Ltd,Avoid,Avoid,Avoid,Reject,1.0,32.46045021095067,588,1021,47.80047628986832,False,False,0.0,0.0
AIR.PA,Airbus Group SE,Avoid,Avoid,Avoid,Reject,1.0,23.256812521217565,956,888,47.779371537323485,False,False,0.0,0.0
BATS.LSE,British American Tobacco PLC,Hold,Hold,Hold,Reject,1.0,7.672387540594123,614,257,47.68975529187922,False,False,0.0,0.0
0371.HK,Beijing Enterprises Water Group Ltd,Avoid,Avoid,Avoid,Reject,1.0,11.367536725822566,463,381,47.6552446321911,False,False,0.0,0.0
R3NK.XETRA,Renk Group AG,Avoid,Avoid,Avoid,Reject,1.0,27.58049750211711,1146,1086,47.63900803528606,False,False,0.0,0.0
SREN.SW,Swiss Re AG,Hold,Hold,Hold,Reject,1.0,8.424561317705265,440,112,47.632532558489494,False,False,0.0,0.0
SLHN.SW,Swiss Life Holding AG,Hold,Hold,Hold,Reject,1.0,7.76855871431754,548,213,47.61686559791029,False,False,0.0,0.0
SKA-B.ST,Skanska AB (publ),Avoid,Avoid,Avoid,Reject,1.0,9.480289225220172,818,464,47.60553859277815,False,False,0.0,0.0
002920.SHE,Huizhou Desay SV Automotive Co Ltd Class A,Avoid,Avoid,Avoid,Reject,1.0,30.51830728647282,837,1032,47.58765609102397,False,False,0.0,0.0
VIG.VI,Vienna Insurance Group AG,Avoid,Avoid,Avoid,Reject,1.0,15.2146483726889,792,652,47.58418397952572,False,False,0.0,0.0
CMI.US,Cummins Inc,Avoid,Avoid,Avoid,Reject,1.0,29.028132582167377,734,969,47.52843450216185,False,False,0.0,0.0
002273.SHE,Zhejiang Crystal Optech Co Ltd,Avoid,Avoid,Avoid,Reject,1.0,29.465068359902983,932,1034,47.52347315062608,False,False,0.0,0.0
BSP.XETRA,BAE Systems plc,Avoid,Avoid,Avoid,Reject,1.0,27.615314024702766,1134,1115,47.49478073115182,False,False,0.0,0.0
0083.HK,Sino Land,Avoid,Avoid,Avoid,Reject,1.0,13.339595434329778,791,593,47.45021123845157,False,False,0.0,0.0
600256.SHG,Guanghui Energy Co Ltd,Avoid,Avoid,Avoid,Reject,1.0,22.929331918888053,512,788,47.370248830528865,False,False,0.0,0.0
600886.SHG,SDIC Power Holdings Co Ltd,Avoid,Avoid,Avoid,Reject,1.0,9.74980794615049,289,137,47.292059857810116,False,False,0.0,0.0
CVS.US,CVS Health Corp,Avoid,Avoid,Avoid,Reject,1.0,15.688692588236318,366,541,47.252714366809556,False,False,0.0,0.0
RTX.US,RTX Corporation,Avoid,Avoid,Avoid,Reject,1.0,19.973541479974294,737,765,47.19521145983903,False,False,0.0,0.0
3360.HK,Far East Horizon Ltd,Avoid,Avoid,Avoid,Reject,1.0,25.979620214041045,749,910,47.15247180696899,False,False,0.0,0.0
2378.HK,Prudential PLC,Avoid,Avoid,Avoid,Reject,1.0,26.16705890660244,648,896,47.11981967492953,False,False,0.0,0.0
IFCN.SW,Inficon Holding,Avoid,Avoid,Avoid,Reject,1.0,26.6650435724255,1229,1105,47.116254733824036,False,False,0.0,0.0
DEZ.XETRA,Deutz AG,Avoid,Avoid,Avoid,Reject,1.0,28.504045927239478,1018,1063,47.107863092871305,False,False,0.0,0.0
MELE.BR,Melexis NV,Avoid,Avoid,Avoid,Reject,1.0,27.460125887672305,1138,1103,47.10158562031,False,False,0.0,0.0
AZE.BR,Azelis Group NV,Avoid,Avoid,Avoid,Reject,1.0,19.915756648151078,775,775,47.0962881331985,False,False,0.0,0.0
000783.SHE,Changjiang Securities Co Ltd,Avoid,Avoid,Avoid,Reject,1.0,28.12017444883929,784,963,47.06344839004236,False,False,0.0,0.0
MANTA.HE,Mandatum Oyj,Avoid,Avoid,Avoid,Reject,1.0,17.086707383159677,897,730,47.046933059447355,False,False,0.0,0.0
ABI.BR,Anheuser Busch Inbev SA NV,Hold,Hold,Hold,Reject,1.0,5.859846729499171,777,235,47.031276021619654,False,False,0.0,0.0
EMR.US,Emerson Electric Company,Avoid,Avoid,Avoid,Reject,1.0,24.55007950218644,751,872,46.990044961673426,False,False,0.0,0.0
GETI-B.ST,Getinge AB ser. B,Avoid,Avoid,Avoid,Reject,1.0,17.691259947878994,825,724,46.985599390877134,False,False,0.0,0.0
ACKB.BR,Ackermans & Van Haaren NV,Avoid,Avoid,Avoid,Reject,1.0,10.894801660086165,761,495,46.943258070081924,False,False,0.0,0.0
MDLZ.US,Mondelez International Inc,Avoid,Avoid,Avoid,Reject,1.0,18.255957704065462,835,743,46.93980005872251,False,False,0.0,0.0
2343.HK,Pacific Basin Shipping Ltd,Avoid,Avoid,Avoid,Reject,1.0,25.028224896647885,913,924,46.92368028758832,False,False,0.0,0.0
PFE.US,Pfizer Inc,Avoid,Avoid,Avoid,Reject,1.0,11.676316846512206,313,325,46.90435508699145,False,False,0.0,0.0
TCAP.LSE,TP ICAP Group PLC,Avoid,Avoid,Avoid,Reject,1.0,17.38349668304718,804,712,46.8862794725404,False,False,0.0,0.0
TTE.PA,TotalEnergies SE,Hold,Hold,Hold,Reject,1.0,8.579263806972357,519,90,46.79819533170024,False,False,0.0,0.0
600150.SHG,China CSSC Holdings Ltd,Avoid,Avoid,Avoid,Reject,1.0,22.31393171074239,665,802,46.72424321932636,False,False,0.0,0.0
HUSQ-B.ST,Husqvarna AB (publ),Avoid,Avoid,Avoid,Reject,1.0,14.097250839817903,735,603,46.69581025820195,False,False,0.0,0.0
PNC.US,PNC Financial Services Group Inc,Avoid,Avoid,Avoid,Reject,1.0,13.985987119546328,439,500,46.693259688248915,False,False,0.0,0.0
LUG.ST,Lundin Gold Inc,Avoid,Avoid,Avoid,Reject,1.0,30.03434185358939,866,1072,46.66484024490679,False,False,0.0,0.0
SWON.SW,SoftwareONE Holding AG,Avoid,Avoid,Avoid,Reject,1.0,24.345297542638257,1118,956,46.5004926827538,False,False,0.0,0.0
N91.LSE,Ninety One PLC,Avoid,Avoid,Avoid,Reject,1.0,14.845744799497503,689,618,46.433515174160355,False,False,0.0,0.0
CLN.SW,Clariant AG,Avoid,Avoid,Avoid,Reject,1.0,25.68461826685787,963,949,46.42733920433539,False,False,0.0,0.0
RTO.LSE,Rentokil Initial PLC,Avoid,Avoid,Avoid,Reject,1.0,26.444878213448927,834,931,46.4220184006205,False,False,0.0,0.0
HOLN.SW,Holcim AG,Avoid,Avoid,Avoid,Reject,1.0,24.255250177435194,904,909,46.41203857317083,False,False,0.0,0.0
ABBV.US,AbbVie Inc,Avoid,Avoid,Avoid,Reject,1.0,15.479137505313856,523,580,46.39401753525165,False,False,0.0,0.0
1880.HK,China Tourism Group Duty Free Corporation Limited,Avoid,Avoid,Avoid,Reject,1.0,29.275987009518637,925,1039,46.38195836548157,False,False,0.0,0.0
BME.LSE,B&M European Value Retail SA,Avoid,Avoid,Avoid,Reject,1.0,20.933205482562457,794,798,46.28133131836798,False,False,0.0,0.0
002138.SHE,Shenzhen Sunlord Electronics Co Ltd,Avoid,Avoid,Avoid,Reject,1.0,28.760657340058742,979,1041,46.24613200031525,False,False,0.0,0.0
AKZA.AS,Akzo Nobel NV,Avoid,Avoid,Avoid,Reject,1.0,21.727974231437667,854,839,46.19498181534613,False,False,0.0,0.0
SIGN.SW,SIG Combibloc Group AG,Avoid,Avoid,Avoid,Reject,1.0,28.563697289004285,997,1145,46.13405078122307,False,False,0.0,0.0
TW.LSE,Taylor Wimpey PLC,Avoid,Avoid,Avoid,Reject,1.0,12.914504236405811,667,530,46.08425275516071,False,False,0.0,0.0
0902.HK,Huaneng Power International,Avoid,Avoid,Avoid,Reject,1.0,14.169513506109578,218,408,46.051644879725934,False,False,0.0,0.0
WDP.BR,Warehouses de Pauw Comm VA,Avoid,Avoid,Avoid,Reject,1.0,7.074072272928739,810,335,46.04489297472138,False,False,0.0,0.0
VIS.MC,Viscofan,Avoid,Avoid,Avoid,Reject,1.0,7.398892174114822,939,454,45.99275057154113,False,False,0.0,0.0
KTN.XETRA,Kontron AG,Avoid,Avoid,Avoid,Reject,1.0,25.282287984001268,944,936,45.99147439841867,False,False,0.0,0.0
000596.SHE,Anhui Gujing Distillery Co Ltd,Avoid,Avoid,Avoid,Reject,1.0,27.778807642696737,921,983,45.9231037125292,False,False,0.0,0.0
0683.HK,Kerry Properties Ltd,Avoid,Avoid,Avoid,Reject,1.0,20.26299834642877,608,745,45.868817038804025,False,False,0.0,0.0
UPS.US,United Parcel Service Inc,Avoid,Avoid,Avoid,Reject,1.0,16.28020318302763,503,606,45.718297404540316,False,False,0.0,0.0
LEG.XETRA,LEG Immobilien SE,Avoid,Avoid,Avoid,Reject,1.0,11.217254637326196,607,430,45.70839417137422,False,False,0.0,0.0
002050.SHE,Zhejiang Sanhua Co Ltd,Avoid,Avoid,Avoid,Reject,1.0,28.486346668469544,994,1036,45.68548977146001,False,False,0.0,0.0
600027.SHG,Huadian Power International Corp Ltd Class A,Avoid,Avoid,Avoid,Reject,1.0,11.020426005227831,260,203,45.66630239391566,False,False,0.0,0.0
NDAQ.US,Nasdaq Inc,Avoid,Avoid,Avoid,Reject,1.0,25.626187651422736,649,884,45.65131972122794,False,False,0.0,0.0
600346.SHG,Hengli Petrochemical Co Ltd,Avoid,Avoid,Avoid,Reject,1.0,25.123417337727016,365,827,45.63998150525278,False,False,0.0,0.0
CAST.ST,Castellum AB,Avoid,Avoid,Avoid,Reject,1.0,13.512789111485802,772,588,45.611125393233365,False,False,0.0,0.0
1910.HK,Samsonite International SA,Avoid,Avoid,Avoid,Reject,1.0,20.435482756598205,627,757,45.50408380218643,False,False,0.0,0.0
EKTA-B.ST,Elekta AB (publ),Avoid,Avoid,Avoid,Reject,1.0,27.81832563977292,1048,1156,45.49796610756543,False,False,0.0,0.0
1787.HK,Shandong Gold Mining Co Ltd,Avoid,Avoid,Avoid,Reject,1.0,31.80780825282343,626,1026,45.4564127865835,False,False,0.0,0.0
0006.HK,Power Assets,Avoid,Avoid,Avoid,Reject,1.0,16.927566602040226,926,746,45.39946744635078,False,False,0.0,0.0
AJG.US,Arthur J Gallagher & Co,Avoid,Avoid,Avoid,Reject,1.0,27.32957789284911,730,933,45.343749756317806,False,False,0.0,0.0
AKE.PA,Arkema SA,Avoid,Avoid,Avoid,Reject,1.0,18.37268534815651,856,762,45.296816220575195,False,False,0.0,0.0
600018.SHG,Shanghai International Port Group Co Ltd,Hold,Hold,Hold,Reject,1.0,9.250089635916028,557,85,45.21815198469914,False,False,0.0,0.0
KGX.XETRA,Kion Group AG,Avoid,Avoid,Avoid,Reject,1.0,16.141619241567316,861,698,45.141005500509365,False,False,0.0,0.0
YPSN.SW,Ypsomed Holding AG,Avoid,Avoid,Avoid,Reject,1.0,26.687823065370896,1168,1122,45.13559564767917,False,False,0.0,0.0
NOKIA.HE,Nokia Oyj,Avoid,Avoid,Avoid,Reject,1.0,27.41829437906238,1081,1061,45.08561177348875,False,False,0.0,0.0
600845.SHG,Shanghai Baosight Software Co Ltd A,Avoid,Avoid,Avoid,Reject,1.0,26.788872159883688,1152,1090,45.07283064549553,False,False,0.0,0.0
NSRGY.US,Nestle SA ADR,Avoid,Avoid,Avoid,Reject,1.0,20.056850741873635,928,823,45.0083134507681,False,False,0.0,0.0
002241.SHE,Goertek Inc,Avoid,Avoid,Avoid,Reject,1.0,29.690486923067763,868,1035,44.99365291514616,False,False,0.0,0.0
1193.HK,China Resources Gas Group Ltd,Avoid,Avoid,Avoid,Reject,1.0,9.37926516081041,493,173,44.87299762010354,False,False,0.0,0.0
1128.HK,Wynn Macau Ltd,Avoid,Avoid,Avoid,Reject,1.0,13.744207728424453,620,545,44.84920541813158,False,False,0.0,0.0
LATO-B.ST,Investment AB Latour (publ),Avoid,Avoid,Avoid,Reject,1.0,26.805567710009832,1051,993,44.81197467902879,False,False,0.0,0.0
TXN.US,Texas Instruments Incorporated,Avoid,Avoid,Avoid,Reject,1.0,28.985470183477716,922,1044,44.788006619197965,False,False,0.0,0.0
600233.SHG,YTO Express Group Co Ltd,Avoid,Avoid,Avoid,Reject,1.0,24.07871075499004,842,891,44.77394726895026,False,False,0.0,0.0
HD.US,The Home Depot Inc,Avoid,Avoid,Avoid,Reject,1.0,23.021465149335892,668,835,44.76364782218777,False,False,0.0,0.0
AMT.US,American Tower Corp,Avoid,Avoid,Avoid,Reject,1.0,24.522882575828618,643,860,44.76329240238162,False,False,0.0,0.0
0257.HK,China Everbright Environment Group Ltd,Avoid,Avoid,Avoid,Reject,1.0,10.97390454527073,457,318,44.7616500969652,False,False,0.0,0.0
1928.HK,Sands China Ltd,Avoid,Avoid,Avoid,Reject,1.0,24.578184755794688,767,883,44.76011532279067,False,False,0.0,0.0
IBM.XETRA,International Business Machines,Avoid,Avoid,Avoid,Reject,1.0,26.247926935175435,1198,1116,44.72885605046223,False,False,0.0,0.0
601699.SHG,Shanxi LuAn Environmental Energy Development Co Ltd,Avoid,Avoid,Avoid,Reject,1.0,21.847841128258995,764,818,44.70542677506271,False,False,0.0,0.0
3323.HK,China National Building Material Co Ltd,Avoid,Avoid,Avoid,Reject,1.0,29.490072763588127,882,1101,44.68956547514935,False,False,0.0,0.0
0101.HK,Hang Lung Ppt,Avoid,Avoid,Avoid,Reject,1.0,16.65483224374265,654,659,44.68752580262328,False,False,0.0,0.0
SY1.XETRA,Symrise AG,Avoid,Avoid,Avoid,Reject,1.0,21.99931400236417,1015,889,44.61584586971815,False,False,0.0,0.0
OXY.US,Occidental Petroleum Corporation,Avoid,Avoid,Avoid,Reject,1.0,15.469368443997519,420,539,44.607314424950964,False,False,0.0,0.0
601117.SHG,China Natl Chem Engineering Co,Avoid,Avoid,Avoid,Reject,1.0,18.226380050423305,650,696,44.60512499890259,False,False,0.0,0.0
PSPN.SW,PSP Swiss Property AG,Avoid,Avoid,Avoid,Reject,1.0,13.74526856377396,985,679,44.42432448989719,False,False,0.0,0.0
RF.PA,Eurazeo,Avoid,Avoid,Avoid,Reject,1.0,26.413675093539762,1165,1212,44.05676058346173,False,False,0.0,0.0
PSX.US,Phillips 66,Avoid,Avoid,Avoid,Reject,1.0,17.668232880252468,623,677,44.03736898375797,False,False,0.0,0.0
BPT.LSE,Bridgepoint Group Plc,Avoid,Avoid,Avoid,Reject,1.0,28.496673241913363,955,1080,44.00969783413982,False,False,0.0,0.0
PHP.LSE,Primary Health Properties,Avoid,Avoid,Avoid,Reject,1.0,9.483867929602493,572,265,43.97954718395541,False,False,0.0,0.0
002131.SHE,Leo Group Co Ltd,Avoid,Avoid,Avoid,Reject,1.0,27.922356142023123,1012,1088,43.92197529532727,False,False,0.0,0.0
200725.SHE,BOE Tech Group,Avoid,Avoid,Avoid,Reject,1.0,21.02626796366083,855,831,43.86247327737869,False,False,0.0,0.0
DSFIR.AS,DSM-Firmenich AG,Avoid,Avoid,Avoid,Reject,1.0,25.260332295529512,1046,974,43.85834036872516,False,False,0.0,0.0
002601.SHE,LB Group Co Ltd,Avoid,Avoid,Avoid,Reject,1.0,28.84831484941427,905,1006,43.83966702703684,False,False,0.0,0.0
6821.HK,Asymchem Laboratories Tianjin Co Ltd,Avoid,Avoid,Avoid,Reject,1.0,25.930277961811196,1205,1124,43.77233459460251,False,False,0.0,0.0
SCYR.MC,Sacyr SA,Avoid,Avoid,Avoid,Reject,1.0,11.728093395456629,863,571,43.671591206258626,False,False,0.0,0.0
KMB.US,Kimberly-Clark Corporation,Avoid,Avoid,Avoid,Reject,1.0,18.209676094834883,830,752,43.628533695870914,False,False,0.0,0.0
SGSN.SW,SGS SA,Avoid,Avoid,Avoid,Reject,1.0,13.060333254226228,1050,687,43.62631316574683,False,False,0.0,0.0
0780.HK,Tongcheng-Elong Holdings Ltd,Avoid,Avoid,Avoid,Reject,1.0,13.968573009385228,802,635,43.56618233104484,False,False,0.0,0.0
WM.US,Waste Management Inc,Avoid,Avoid,Avoid,Reject,1.0,21.330047237795625,828,832,43.53264538708902,False,False,0.0,0.0
600236.SHG,Guangxi Guiguan Electric Power Co Ltd,Avoid,Avoid,Avoid,Reject,1.0,28.38833751123698,959,1065,43.50167295368355,False,False,0.0,0.0
TELIA.ST,Telia Company AB,Avoid,Avoid,Avoid,Reject,1.0,12.29332960160969,790,559,43.46718581440847,False,False,0.0,0.0
SPSN.SW,Swiss Prime Site AG,Avoid,Avoid,Avoid,Reject,1.0,17.25701950858626,1024,786,43.421302192188364,False,False,0.0,0.0
ALLN.SW,Allreal Holding,Avoid,Avoid,Avoid,Reject,1.0,13.407272548230933,960,671,43.379821056069574,False,False,0.0,0.0
APAM.AS,Aperam SA,Avoid,Avoid,Avoid,Reject,1.0,27.766047898876266,1013,1087,43.23699698142582,False,False,0.0,0.0
9927.HK,"Seres Group Co.,Ltd",Avoid,Avoid,Avoid,Reject,1.0,24.435345512144675,1129,976,43.23216934733337,False,False,0.0,0.0
DLN.LSE,Derwent London PLC,Avoid,Avoid,Avoid,Reject,1.0,22.480627409082153,929,885,43.190630195627875,False,False,0.0,0.0
SAMPO.HE,Sampo Oyj A,Avoid,Avoid,Avoid,Reject,1.0,7.653407832427833,773,220,43.16688752223334,False,False,0.0,0.0
0697.HK,Shoucheng Holdings Ltd,Avoid,Avoid,Avoid,Reject,1.0,26.593883844330268,1115,1100,43.04091087130604,False,False,0.0,0.0
AJB.LSE,AJ Bell plc,Avoid,Avoid,Avoid,Reject,1.0,21.655310599772314,1008,886,42.98857580473061,False,False,0.0,0.0
0576.HK,Zhejiang Expressway Co Ltd,Avoid,Avoid,Avoid,Reject,1.0,11.801091978991057,578,422,42.91447564043764,False,False,0.0,0.0
PSA.US,Public Storage,Avoid,Avoid,Avoid,Reject,1.0,18.036876788934855,807,738,42.86672579831865,False,False,0.0,0.0
VOD.LSE,Vodafone Group PLC,Avoid,Avoid,Avoid,Reject,1.0,14.6849885998988,770,641,42.67522693560866,False,False,0.0,0.0
0148.HK,Kingboard Holdings Ltd,Avoid,Avoid,Avoid,Reject,1.0,28.85300234352729,903,1040,42.67250287302923,False,False,0.0,0.0
ERF.PA,Eurofins Scientific SE,Avoid,Avoid,Avoid,Reject,1.0,18.15193432711138,1078,833,42.64622178465443,False,False,0.0,0.0
IMPN.SW,Implenia AG,Avoid,Avoid,Avoid,Reject,1.0,20.74113268219291,845,819,42.63517226901627,False,False,0.0,0.0
JCI.US,Johnson Controls International PLC,Avoid,Avoid,Avoid,Reject,1.0,28.33777190309453,940,1079,42.62127995070274,False,False,0.0,0.0
UTDI.XETRA,United Internet AG NA,Avoid,Avoid,Avoid,Reject,1.0,19.53236078203393,852,791,42.55894972278839,False,False,0.0,0.0
002472.SHE,Zhejiang Shuanghuan Driveline Co Ltd,Avoid,Avoid,Avoid,Reject,1.0,27.8891209168913,984,1052,42.40620140739042,False,False,0.0,0.0
3898.HK,Zhuzhou CRRC Times Electric Co Ltd,Avoid,Avoid,Avoid,Reject,1.0,29.385997469483755,851,1050,42.38846315387663,False,False,0.0,0.0
BX.US,Blackstone Group Inc,Avoid,Avoid,Avoid,Reject,1.0,24.456806329795196,822,906,42.35800551876034,False,False,0.0,0.0
WPP.LSE,WPP PLC,Avoid,Avoid,Avoid,Reject,1.0,28.28146442811089,942,1155,42.35400280725749,False,False,0.0,0.0
1972.HK,Swire Properties Close Only,Avoid,Avoid,Avoid,Reject,1.0,23.066227606825677,912,901,42.34716844382404,False,False,0.0,0.0
COV.PA,Covivio SA,Avoid,Avoid,Avoid,Reject,1.0,12.35604638776674,1016,662,42.27609396395458,False,False,0.0,0.0
1038.HK,CK Infrastructure Holdings Ltd,Avoid,Avoid,Avoid,Reject,1.0,21.53856667158725,958,871,42.27016297479002,False,False,0.0,0.0
P911.XETRA,Porsche AG,Avoid,Avoid,Avoid,Reject,1.0,16.397973134825797,1005,769,42.09570013740513,False,False,0.0,0.0
1929.HK,Chow Tai Fook Jewellery Group Ltd,Avoid,Avoid,Avoid,Reject,1.0,27.71279997116935,996,1081,42.08804956666712,False,False,0.0,0.0
CARR.US,Carrier Global Corp,Avoid,Avoid,Avoid,Reject,1.0,29.656265635755233,821,1048,42.028685353035094,False,False,0.0,0.0
INVE-B.ST,Investor AB ser. B,Avoid,Avoid,Avoid,Reject,1.0,10.377106532452455,571,277,42.01130805249015,False,False,0.0,0.0
688301.SHG,iRay Technology Co Ltd,Avoid,Avoid,Avoid,Reject,1.0,26.896591687649757,1058,1089,41.99743921144265,False,False,0.0,0.0
600875.SHG,Dongfang Electric Corp Ltd Class A,Avoid,Avoid,Avoid,Reject,1.0,27.27524534499643,1021,1056,41.97293921612987,False,False,0.0,0.0
RIO1.XETRA,Rio Tinto Group,Avoid,Avoid,Avoid,Reject,1.0,14.68986417212369,1074,747,41.80711085596797,False,False,0.0,0.0
GAMA.LSE,Gamma Communications PLC,Avoid,Avoid,Avoid,Reject,1.0,18.302301760558834,638,695,41.76664554322782,False,False,0.0,0.0
ALMB.CO,Alm. Brand,Avoid,Avoid,Avoid,Reject,1.0,24.446805476366592,973,942,41.69729123268346,False,False,0.0,0.0
DGE.LSE,Diageo PLC,Avoid,Avoid,Avoid,Reject,1.0,21.979922644726717,972,890,41.6234089047703,False,False,0.0,0.0
SNR.LSE,Senior PLC,Avoid,Avoid,Avoid,Reject,1.0,27.08496959313784,1037,1168,41.61014182274095,False,False,0.0,0.0
AA.US,Alcoa Corp,Avoid,Avoid,Avoid,Reject,1.0,30.780558072876634,600,996,41.58099710905197,False,False,0.0,0.0
DTG.XETRA,Daimler Truck Holding AG,Avoid,Avoid,Avoid,Reject,1.0,24.856249033395297,914,935,41.57020419697639,False,False,0.0,0.0
000625.SHE,Chongqing Changan Automobile Co Ltd,Avoid,Avoid,Avoid,Reject,1.0,23.893833484866928,839,900,41.54678545403089,False,False,0.0,0.0
GRG.LSE,Greggs PLC,Avoid,Avoid,Avoid,Reject,1.0,22.951195041407086,995,921,41.54274469782193,False,False,0.0,0.0
2196.HK,Shanghai Fosun Pharmaceutical Group Co Ltd,Avoid,Avoid,Avoid,Reject,1.0,27.984923180401626,962,1091,41.52970993867942,False,False,0.0,0.0
CVC.AS,CVC Capital Partners PLC,Avoid,Avoid,Avoid,Reject,1.0,25.766768976245878,1166,1132,41.40506049237686,False,False,0.0,0.0
AAK.ST,AAK AB,Avoid,Avoid,Avoid,Reject,1.0,26.015786976222206,1139,1112,41.384592662861145,False,False,0.0,0.0
0688.HK,China Overseas,Avoid,Avoid,Avoid,Reject,1.0,15.805405340024336,460,554,41.344898972614935,False,False,0.0,0.0
CRDA.LSE,Croda International PLC,Avoid,Avoid,Avoid,Reject,1.0,26.96698353755013,1040,1104,41.326013599882465,False,False,0.0,0.0
ASHM.LSE,Ashmore Group Plc,Avoid,Avoid,Avoid,Reject,1.0,26.68704481856206,1065,1128,41.274379545467426,False,False,0.0,0.0
FER.MC,Ferrovial S.A.,Avoid,Avoid,Avoid,Reject,1.0,24.14860269700258,1087,972,41.189043500444285,False,False,0.0,0.0
605589.SHG,Jinan Shengquan Group Share Holding Co Ltd,Avoid,Avoid,Avoid,Reject,1.0,26.523829559599765,1082,1094,41.18794793508379,False,False,0.0,0.0
1888.HK,Kingboard Laminates Holdings Ltd,Avoid,Avoid,Avoid,Reject,1.0,25.204514083612693,1211,1076,41.127931793566155,False,False,0.0,0.0
0960.HK,Longfor Properties Co Ltd,Avoid,Avoid,Avoid,Reject,1.0,28.858782369854595,885,1060,41.11818124469634,False,False,0.0,0.0
INF.LSE,Informa PLC,Avoid,Avoid,Avoid,Reject,1.0,21.030632134150807,869,842,41.06674405107025,False,False,0.0,0.0
CABK.MC,Caixabank SA,Avoid,Avoid,Avoid,Reject,1.0,20.554966627179347,951,854,41.03710640335954,False,False,0.0,0.0
CSX.US,CSX Corporation,Avoid,Avoid,Avoid,Reject,1.0,21.408954110029093,873,851,40.97611281313238,False,False,0.0,0.0
0867.HK,China Medical System Holdings Ltd,Avoid,Avoid,Avoid,Reject,1.0,26.561540726589318,1071,1099,40.973609887116936,False,False,0.0,0.0
603806.SHG,Hangzhou First PV Material Co Ltd,Avoid,Avoid,Avoid,Reject,1.0,25.274441599550695,1196,1110,40.87741595876729,False,False,0.0,0.0
EQT.ST,EQT AB (publ),Avoid,Avoid,Avoid,Reject,1.0,26.949228144524078,1035,1137,40.83125379699938,False,False,0.0,0.0
600011.SHG,Huaneng Power International Inc,Avoid,Avoid,Avoid,Reject,1.0,16.985017943404404,422,585,40.73981667952506,False,False,0.0,0.0
8TRA.XETRA,Traton SE,Avoid,Avoid,Avoid,Reject,1.0,25.59917184382923,1167,1167,40.70131699486673,False,False,0.0,0.0
600160.SHG,Zhejiang Juhua Co Ltd,Avoid,Avoid,Avoid,Reject,1.0,27.398314684444802,1004,1054,40.683376477093134,False,False,0.0,0.0
MRO.LSE,Melrose Industries PLC,Avoid,Avoid,Avoid,Reject,1.0,26.036035395625813,1117,1138,40.54926449249675,False,False,0.0,0.0
HOT.XETRA,HOCHTIEF Aktiengesellschaft,Avoid,Avoid,Avoid,Reject,1.0,25.45450962582544,1177,1130,40.53549818320956,False,False,0.0,0.0
GFTU.LSE,Grafton Group plc,Avoid,Avoid,Avoid,Reject,1.0,6.700978732914447,941,330,40.49461241694644,False,False,0.0,0.0
TEG.XETRA,TAG Immobilien AG,Avoid,Avoid,Avoid,Reject,1.0,23.047447510106522,1073,945,40.453154943559234,False,False,0.0,0.0
NESN.SW,Nestle S.A.,Avoid,Avoid,Avoid,Reject,1.0,17.814859679353493,1045,817,40.41116276187282,False,False,0.0,0.0
CARL-B.CO,Carlsberg A/S,Avoid,Avoid,Avoid,Reject,1.0,20.5066660216146,1006,869,40.37780851265353,False,False,0.0,0.0
002422.SHE,Sichuan Kelun Pharmaceutical Co Ltd,Avoid,Avoid,Avoid,Reject,1.0,26.348639993423557,1083,1078,40.333880049156754,False,False,0.0,0.0
9618.HK,Jd Com Inc,Avoid,Avoid,Avoid,Reject,1.0,28.037094332021418,934,1068,40.33061358181762,False,False,0.0,0.0
KDP.US,Keurig Dr Pepper Inc,Avoid,Avoid,Avoid,Reject,1.0,23.05815862079588,906,903,40.32622744770142,False,False,0.0,0.0
3618.HK,Chongqing Rural Commercial Bank Co Ltd,Avoid,Avoid,Avoid,Reject,1.0,26.733916584665266,1043,1235,40.26480875545217,False,False,0.0,0.0
DLR.US,Digital Realty Trust Inc,Avoid,Avoid,Avoid,Reject,1.0,26.1624124144455,900,968,40.246899854516656,False,False,0.0,0.0
TPR.US,Tapestry Inc,Avoid,Avoid,Avoid,Reject,1.0,28.03937563248846,931,1073,40.23246634000722,False,False,0.0,0.0
VSVS.LSE,Vesuvius PLC,Avoid,Avoid,Avoid,Reject,1.0,26.65031533862035,1047,1133,40.01250148693454,False,False,0.0,0.0
VODI.XETRA,Vodafone Group PLC,Avoid,Avoid,Avoid,Reject,1.0,20.730970642892956,1147,915,39.96711352619354,False,False,0.0,0.0
LISN.SW,Chocoladefabriken Lindt & Spruengli AG N,Avoid,Avoid,Avoid,Reject,1.0,23.612029898095457,1293,1005,39.925031720031534,False,False,0.0,0.0
1072.HK,Dongfang Electric Corp Ltd,Avoid,Avoid,Avoid,Reject,1.0,26.103365378269327,1098,1083,39.91403436606648,False,False,0.0,0.0
OKE.US,ONEOK Inc,Avoid,Avoid,Avoid,Reject,1.0,18.79362589152621,628,708,39.908821331558606,False,False,0.0,0.0
KBCA.BR,KBC Ancora,Avoid,Avoid,Avoid,Reject,1.0,15.401024027861405,1170,796,39.88348706485137,False,False,0.0,0.0
603920.SHG,Olympic Circuit Technology Co Ltd,Avoid,Avoid,Avoid,Reject,1.0,25.044126920123688,1195,1096,39.85061549911279,False,False,0.0,0.0
SUPR.LSE,Supermarket Income REIT PLC,Avoid,Avoid,Avoid,Reject,1.0,11.238842485097852,919,579,39.844338037685816,False,False,0.0,0.0
DWS.XETRA,DWS Group GmbH & Co. KGaA,Avoid,Avoid,Avoid,Reject,1.0,17.654657851885613,1063,826,39.83876493633156,False,False,0.0,0.0
SESG.PA,SES S. A.,Avoid,Avoid,Avoid,Reject,1.0,26.055632523989736,1102,1193,39.82582721409041,False,False,0.0,0.0
600795.SHG,GD Power Development Co Ltd,Avoid,Avoid,Avoid,Reject,1.0,15.634183369794457,465,529,39.81501230182937,False,False,0.0,0.0
BUCN.SW,Bucher Industries AG,Avoid,Avoid,Avoid,Reject,1.0,9.735306039458882,870,460,39.814242082116124,False,False,0.0,0.0
0004.HK,Wharf Holdings,Avoid,Avoid,Avoid,Reject,1.0,27.572189223475615,971,1082,39.811701138337824,False,False,0.0,0.0
FPE3.XETRA,Fuchs Petrolub SE Preference Shares,Avoid,Avoid,Avoid,Reject,1.0,11.995068198340208,918,613,39.80742913816669,False,False,0.0,0.0
ET.US,Energy Transfer LP,Avoid,Avoid,Avoid,Reject,1.0,15.784542094645337,738,650,39.76773278231809,False,False,0.0,0.0
GF.SW,Georg Fischer AG,Avoid,Avoid,Avoid,Reject,1.0,24.54957769836325,1240,1217,39.599934998148996,False,False,0.0,0.0
AALB.AS,Aalberts Industries NV,Avoid,Avoid,Avoid,Reject,1.0,21.14822448648081,1238,946,39.53638069260215,False,False,0.0,0.0
000039.SHE,China International Marine Containers Group Ltd,Avoid,Avoid,Avoid,Reject,1.0,27.382557695958443,983,1102,39.53255783842898,False,False,0.0,0.0
VALE.US,Vale SA ADR,Avoid,Avoid,Avoid,Reject,1.0,18.521923063691784,728,729,39.52469685666953,False,False,0.0,0.0
601058.SHG,Sailun Jinyu Group Co Ltd,Avoid,Avoid,Avoid,Reject,1.0,28.227342147151877,909,1064,39.52385342802407,False,False,0.0,0.0
SGKN.SW,St Galler Kantonalbank AG,Avoid,Avoid,Avoid,Reject,1.0,4.172446213851272,1148,368,39.42597971247533,False,False,0.0,0.0
002432.SHE,Andon Health Co Ltd,Avoid,Avoid,Avoid,Reject,1.0,28.226411382148953,908,1053,39.40990825868269,False,False,0.0,0.0
002179.SHE,AVIC Jonhon Optronic Technology Co Ltd,Avoid,Avoid,Avoid,Reject,1.0,26.024662363538162,1092,1092,39.34096059255918,False,False,0.0,0.0
AYV.PA,Ayvens SA,Avoid,Avoid,Avoid,Reject,1.0,13.485193840516127,907,655,39.33001553582992,False,False,0.0,0.0
0384.HK,China Gas Holdings Ltd,Avoid,Avoid,Avoid,Reject,1.0,17.63165180104054,727,700,39.29199636610916,False,False,0.0,0.0
LHA.XETRA,Deutsche Lufthansa AG,Avoid,Avoid,Avoid,Reject,1.0,26.19264964191029,1075,1097,39.22572567754126,False,False,0.0,0.0
SSAB-B.ST,SSAB AB (publ),Avoid,Avoid,Avoid,Reject,1.0,25.011853358365197,1182,1129,39.13444267915546,False,False,0.0,0.0
601991.SHG,Datang International Power Generation Co Ltd Class A,Avoid,Avoid,Avoid,Reject,1.0,28.827807134593368,731,985,39.10256043175737,False,False,0.0,0.0
6680.HK,Jl Mag Rare Earth Co Ltd,Avoid,Avoid,Avoid,Reject,1.0,24.928794779270767,1191,1158,39.06186559060343,False,False,0.0,0.0
COPN.SW,COSMO Pharmaceuticals SA,Avoid,Avoid,Avoid,Reject,1.0,22.67801955258392,1331,1272,39.033611789886365,False,False,0.0,0.0
CHG.LSE,Chemring Group PLC,Avoid,Avoid,Avoid,Reject,1.0,24.835195236972613,1200,1178,39.00765844159389,False,False,0.0,0.0
MCHP.US,Microchip Technology Inc,Avoid,Avoid,Avoid,Reject,1.0,26.650871525997,1029,1095,38.99303845990643,False,False,0.0,0.0
DOKA.SW,Dorma Kaba Holding AG,Avoid,Avoid,Avoid,Reject,1.0,22.662943280031424,1184,973,38.9252250387958,False,False,0.0,0.0
CTPNV.AS,CTP N.V.,Avoid,Avoid,Avoid,Reject,1.0,19.898906337615557,1149,904,38.78376364498223,False,False,0.0,0.0
002304.SHE,Jiangsu Yanghe Brewery Joint-Stock Co Ltd,Avoid,Avoid,Avoid,Reject,1.0,24.56540836610966,1218,1150,38.73237437530332,False,False,0.0,0.0
MRL.MC,Merlin Properties SOCIMI SA,Avoid,Avoid,Avoid,Reject,1.0,14.960784413412636,993,728,38.73036644847189,False,False,0.0,0.0
RRTL.XETRA,RTL Group SA,Avoid,Avoid,Avoid,Reject,1.0,22.604368561492095,1141,961,38.64852678337303,False,False,0.0,0.0
EPD.US,Enterprise Products Partners LP,Avoid,Avoid,Avoid,Reject,1.0,15.295781063458621,715,630,38.57550757434662,False,False,0.0,0.0
9901.HK,New Oriental Education And Tech Inc,Avoid,Avoid,Avoid,Reject,1.0,17.025230130052375,1100,822,38.53574495969783,False,False,0.0,0.0
JFN.SW,Jungfraubahn Holding AG,Avoid,Avoid,Avoid,Reject,1.0,5.090189675047145,1156,450,38.35332302284034,False,False,0.0,0.0
000960.SHE,Yunnan Tin Co Ltd,Avoid,Avoid,Avoid,Reject,1.0,26.076821781626464,1070,1075,38.338092816567084,False,False,0.0,0.0
HLAG.XETRA,Hapag Lloyd AG,Avoid,Avoid,Avoid,Reject,1.0,23.212586735832716,1299,1190,38.29688782684355,False,False,0.0,0.0
002938.SHE,Avary Holding Shenzhen Co Ltd Class A,Avoid,Avoid,Avoid,Reject,1.0,24.424021196296042,1224,1093,38.258723519085564,False,False,0.0,0.0
0008.HK,PCCW Limited,Avoid,Avoid,Avoid,Reject,1.0,22.177700043702078,935,898,38.225148711247286,False,False,0.0,0.0
3996.HK,China Energy Engineering Corp,Avoid,Avoid,Avoid,Reject,1.0,25.900749271758315,1085,1180,38.14500078886341,False,False,0.0,0.0
TFIF.LSE,TwentyFour Income Fund Ltd,Avoid,Avoid,Avoid,Reject,1.0,21.57212199741894,1097,926,38.128961592580424,False,False,0.0,0.0
BLND.LSE,British Land Company PLC,Avoid,Avoid,Avoid,Reject,1.0,20.557736373281728,857,834,38.01074122779428,False,False,0.0,0.0
BOSN.SW,Bossard Holding AG,Avoid,Avoid,Avoid,Reject,1.0,23.846595528877994,1260,1185,37.89591286605044,False,False,0.0,0.0
SCA-B.ST,Svenska Cellulosa Aktiebolaget SCA (publ),Avoid,Avoid,Avoid,Reject,1.0,24.546875947892175,1197,1009,37.78771358573704,False,False,0.0,0.0
2388.HK,BOC Hong Kong Holdings Ltd,Avoid,Avoid,Avoid,Reject,1.0,27.09963445717942,987,1209,37.75148327421492,False,False,0.0,0.0
INGA.AS,ING Groep NV,Avoid,Avoid,Avoid,Reject,1.0,25.226296063777863,1143,1208,37.59663508979871,False,False,0.0,0.0
RWE.XETRA,RWE AG,Avoid,Avoid,Avoid,Reject,1.0,25.057511710547374,1159,1136,37.58287830548978,False,False,0.0,0.0
NOK.US,Nokia Corp ADR,Avoid,Avoid,Avoid,Reject,1.0,26.47048213931945,1026,1062,37.55554337177877,False,False,0.0,0.0
RNO.PA,Renault SA,Avoid,Avoid,Avoid,Reject,1.0,24.48622802931526,1204,1219,37.539093871557654,False,False,0.0,0.0
THULE.ST,Thule Group AB,Avoid,Avoid,Avoid,Reject,1.0,24.582979737218896,1192,1162,37.382155941824365,False,False,0.0,0.0
VK.PA,Vallourec,Avoid,Avoid,Avoid,Reject,1.0,8.778095624266294,1060,561,37.24235645455067,False,False,0.0,0.0
JFJ.LSE,JPMorgan Japanese Investment Trust,Avoid,Avoid,Avoid,Reject,1.0,25.15190210569812,1144,1259,37.224983277403524,False,False,0.0,0.0
6969.HK,Smoore International Holdings Ltd,Avoid,Avoid,Avoid,Reject,1.0,22.905866171700342,1303,1197,37.16538437036645,False,False,0.0,0.0
2357.HK,AviChina Industry & Technology Co Ltd,Avoid,Avoid,Avoid,Reject,1.0,25.887805788866086,1068,1139,37.14515090446195,False,False,0.0,0.0
DIE.BR,D'Ieteren Group SA,Avoid,Avoid,Avoid,Reject,1.0,24.34697977107877,1209,1184,37.10376649086986,False,False,0.0,0.0
VTR.US,Ventas Inc,Avoid,Avoid,Avoid,Reject,1.0,26.372253031102886,1025,1141,36.83472832247481,False,False,0.0,0.0
FORN.SW,Forbo Holding AG,Avoid,Avoid,Avoid,Reject,1.0,22.5516819304572,1094,954,36.811858719543125,False,False,0.0,0.0
UHR.SW,The Swatch Group AG,Avoid,Avoid,Avoid,Reject,1.0,22.48616195414939,1314,1191,36.78117065338862,False,False,0.0,0.0
688187.SHG,Zhuzhou CRRC Times Electric Co Ltd,Avoid,Avoid,Avoid,Reject,1.0,26.79932203108662,1003,1074,36.74984225516051,False,False,0.0,0.0
6881.HK,China Galaxy Securities Co Ltd,Avoid,Avoid,Avoid,Reject,1.0,24.769642809804417,1169,1262,36.55593739744822,False,False,0.0,0.0
002595.SHE,Shandong Himile Mechanical Science & Technology Co Ltd,Avoid,Avoid,Avoid,Reject,1.0,24.442134961451618,1188,1154,36.51840911514287,False,False,0.0,0.0
GNS.LSE,Genus PLC,Avoid,Avoid,Avoid,Reject,1.0,24.91274709037193,1153,1183,36.51332326506999,False,False,0.0,0.0
1364.HK,Guming Holdings Ltd,Avoid,Avoid,Avoid,Reject,1.0,25.154640078692832,1127,1111,36.47215008422143,False,False,0.0,0.0
0916.HK,China Longyuan Power Group Corp Ltd,Avoid,Avoid,Avoid,Reject,1.0,26.669247141909672,1007,1153,36.412733540224345,False,False,0.0,0.0
PHIA.AS,Koninklijke Philips NV,Avoid,Avoid,Avoid,Reject,1.0,21.580433224465605,1213,965,36.382315246467414,False,False,0.0,0.0
300014.SHE,EVE Energy,Avoid,Avoid,Avoid,Reject,1.0,25.715410763690507,1076,1109,36.36749910935933,False,False,0.0,0.0
KER.PA,Kering SA,Avoid,Avoid,Avoid,Reject,1.0,23.986111089428405,1225,1189,36.33490432577326,False,False,0.0,0.0
0392.HK,Beijing Enterprises Holdings Ltd,Avoid,Avoid,Avoid,Reject,1.0,16.212138128425085,910,731,36.2335411460693,False,False,0.0,0.0
688213.SHG,SmartSens Technology (Shanghai) Co. Ltd. A,Avoid,Avoid,Avoid,Reject,1.0,25.4951326621646,1090,1147,36.166106281680754,False,False,0.0,0.0
0316.HK,Orient Overseas International Ltd,Avoid,Avoid,Avoid,Reject,1.0,26.003155004329006,1049,1113,36.092984103933446,False,False,0.0,0.0
0003.HK,Hong Kong and China Gas Co Ltd,Avoid,Avoid,Avoid,Reject,1.0,21.659258755278795,978,902,36.09062907414192,False,False,0.0,0.0
ANA.MC,Acciona,Avoid,Avoid,Avoid,Reject,1.0,23.92399173690251,1227,1182,36.08550775259897,False,False,0.0,0.0
KVUE.US,Kenvue Inc.,Avoid,Avoid,Avoid,Reject,1.0,22.87146320839562,1022,940,36.070655631015974,False,False,0.0,0.0
RED.MC,Redeia Corporacion S.A.,Avoid,Avoid,Avoid,Reject,1.0,22.08655031431064,1220,978,36.03348270499811,False,False,0.0,0.0
0390.HK,China Railway,Avoid,Avoid,Avoid,Reject,1.0,26.524380341103974,1014,1142,36.0330590557551,False,False,0.0,0.0
VOW3.XETRA,Volkswagen AG VZO O.N.,Avoid,Avoid,Avoid,Reject,1.0,24.515209460257292,1176,1008,36.01420165874549,False,False,0.0,0.0
SBUX.US,Starbucks Corporation,Avoid,Avoid,Avoid,Reject,1.0,27.40888544760993,938,1084,35.977233767756886,False,False,0.0,0.0
3900.HK,Greentown China Holdings Ltd,Avoid,Avoid,Avoid,Reject,1.0,27.236836760391338,953,1117,35.929332254835906,False,False,0.0,0.0
SSPG.LSE,SSP Group PLC,Avoid,Avoid,Avoid,Reject,1.0,25.90468649493147,1053,1192,35.911667851293984,False,False,0.0,0.0
GNC.LSE,Greencore Group,Avoid,Avoid,Avoid,Reject,1.0,16.256313489172822,1189,843,35.9048869515712,False,False,0.0,0.0
000983.SHE,Shanxi Xishan Coal and Electricity Power Co Ltd,Avoid,Avoid,Avoid,Reject,1.0,25.06556688336159,888,950,35.82834517274196,False,False,0.0,0.0
WELL.US,Welltower Inc,Avoid,Avoid,Avoid,Reject,1.0,26.683861605340127,1002,1120,35.812212164804414,False,False,0.0,0.0
TKA.XETRA,thyssenkrupp AG,Avoid,Avoid,Avoid,Reject,1.0,20.981800638541074,1360,1234,35.69283229534098,False,False,0.0,0.0
SDLF.LSE,Standard Life PLC,Avoid,Avoid,Avoid,Reject,1.0,25.248904484315286,1108,1239,35.57900021410341,False,False,0.0,0.0
688036.SHG,Shenzhen Transsion Holdings Co Ltd,Avoid,Avoid,Avoid,Reject,1.0,24.73637590913986,1151,1108,35.418712134609386,False,False,0.0,0.0
RCO.PA,Remy Cointreau,Avoid,Avoid,Avoid,Reject,1.0,20.861786319555836,1362,1252,35.37498225365404,False,False,0.0,0.0
POS.VI,PORR AG,Avoid,Avoid,Avoid,Reject,1.0,13.85025661766672,1160,774,35.3354026054138,False,False,0.0,0.0
0177.HK,Jiangsu Expressway Co Ltd,Avoid,Avoid,Avoid,Reject,1.0,23.246893581396336,1030,959,35.29292371633103,False,False,0.0,0.0
TATE.LSE,Tate & Lyle PLC,Avoid,Avoid,Avoid,Reject,1.0,23.76356506695585,1228,1144,35.20670348574926,False,False,0.0,0.0
LAND.LSE,Land Securities Group PLC,Avoid,Avoid,Avoid,Reject,1.0,26.23764300318881,1017,1010,35.17777877812138,False,False,0.0,0.0
S32.LSE,South32 Ltd,Avoid,Avoid,Avoid,Reject,1.0,23.028946486855663,1275,1204,35.145591425386264,False,False,0.0,0.0
TPK.LSE,Travis Perkins PLC,Avoid,Avoid,Avoid,Reject,1.0,23.720175735900316,1231,1273,35.12795232885951,False,False,0.0,0.0
1157.HK,Zoomlion Heavy Industry,Avoid,Avoid,Avoid,Reject,1.0,24.916987147535245,1131,1163,35.081395383243816,False,False,0.0,0.0
600436.SHG,Zhangzhou Pientzehuang Pharmaceutical Co Ltd,Avoid,Avoid,Avoid,Reject,1.0,24.9425681263688,1125,1159,35.01325413150037,False,False,0.0,0.0
HPE.US,Hewlett Packard Enterprise Co,Avoid,Avoid,Avoid,Reject,1.0,25.31416403862013,1091,1114,34.90813940329546,False,False,0.0,0.0
COLO-B.CO,Coloplast A/S,Avoid,Avoid,Avoid,Reject,1.0,24.43312753900104,1173,1196,34.894991624972285,False,False,0.0,0.0
600674.SHG,Sichuan Chuantou Energy Co Ltd,Avoid,Avoid,Avoid,Reject,1.0,25.34401966469183,1041,998,34.69849745651446,False,False,0.0,0.0
FORTUM.HE,Fortum Oyj,Avoid,Avoid,Avoid,Reject,1.0,23.336071039412047,1251,1186,34.63666019218665,False,False,0.0,0.0
013A.F,JD.com Inc Adr,Avoid,Avoid,Avoid,Reject,1.0,22.169735175294736,1310,1216,34.58580101336331,False,False,0.0,0.0
MTLN.LSE,Metlen Energy & Metals PLC,Avoid,Avoid,Avoid,Reject,1.0,20.92664538096879,1349,1258,34.54916190388307,False,False,0.0,0.0
6806.HK,Shenwan Hongyuan Group Co Ltd,Avoid,Avoid,Avoid,Reject,1.0,23.702811172693643,1219,1284,34.23691448247958,False,False,0.0,0.0
CORD.LSE,Cordiant Digital Infrastructure Limited,Avoid,Avoid,Avoid,Reject,1.0,24.5441141143942,1154,1287,34.19344447766376,False,False,0.0,0.0
688336.SHG,Sunshine Guojian Pharmaceutical Shanghai Co Ltd,Avoid,Avoid,Avoid,Reject,1.0,26.98339175827079,961,1098,34.143368642001775,False,False,0.0,0.0
F.US,Ford Motor Company,Avoid,Avoid,Avoid,Reject,1.0,28.865823851735335,820,1118,34.077317970936,False,False,0.0,0.0
BAM.US,Brookfield Asset Management Ltd.,Avoid,Avoid,Avoid,Reject,1.0,24.79834820612633,1126,1157,34.031340176422376,False,False,0.0,0.0
000157.SHE,Zoomlion Heavy Industry Science and Technology Co Ltd,Avoid,Avoid,Avoid,Reject,1.0,25.550263374714273,1061,1131,34.01925185824168,False,False,0.0,0.0
002340.SHE,GEM Co Ltd,Avoid,Avoid,Avoid,Reject,1.0,24.073243423711713,1186,1177,34.00901698547037,False,False,0.0,0.0
KESKOB.HE,Kesko Oyj,Avoid,Avoid,Avoid,Reject,1.0,19.320983885031723,1297,957,33.96766177035815,False,False,0.0,0.0
600958.SHG,Orient Sec Co Ltd,Avoid,Avoid,Avoid,Reject,1.0,24.798900056151265,1124,1237,33.957850415635036,False,False,0.0,0.0
600025.SHG,Huaneng Lancang River Hydropower Inc Class A,Avoid,Avoid,Avoid,Reject,1.0,22.45452444407682,1054,947,33.93999270493458,False,False,0.0,0.0
DE.US,Deere & Company,Avoid,Avoid,Avoid,Reject,1.0,27.199991785681544,937,1135,33.80859297084109,False,False,0.0,0.0
PSH.LSE,Pershing Square Holdings Ltd,Avoid,Avoid,Avoid,Reject,1.0,23.661348134712892,1217,1303,33.78236688538512,False,False,0.0,0.0
BG.VI,BAWAG Group AG,Avoid,Avoid,Avoid,Reject,1.0,22.89029314643051,1269,1302,33.71927716685219,False,False,0.0,0.0
2423.HK,Ke Holdings Inc,Avoid,Avoid,Avoid,Reject,1.0,24.057560658983494,1180,1198,33.65279502457803,False,False,0.0,0.0
601138.SHG,Foxconn Industrial Internet Co Ltd,Avoid,Avoid,Avoid,Reject,1.0,24.373867094749354,1162,1123,33.642606903745516,False,False,0.0,0.0
300498.SHE,Guangdong Wens Foodstuff Group Co Ltd,Avoid,Avoid,Avoid,Reject,1.0,23.452440482840228,1234,1169,33.62982120865557,False,False,0.0,0.0
1776.HK,GF Securities Co Ltd,Avoid,Avoid,Avoid,Reject,1.0,23.74902280331944,1206,1289,33.57679791454348,False,False,0.0,0.0
8TRA.ST,Traton SE,Avoid,Avoid,Avoid,Reject,1.0,24.20378515188543,1175,1260,33.56336763680682,False,False,0.0,0.0
600028.SHG,China Petroleum & Chemical Corp Class A,Avoid,Avoid,Avoid,Reject,1.0,18.65483826301301,859,781,33.54953175029594,False,False,0.0,0.0
601916.SHG,China Zheshang Bank Co Ltd,Avoid,Avoid,Avoid,Reject,1.0,24.57708421555891,1145,1270,33.49445915988235,False,False,0.0,0.0
ENT.LSE,Entain PLC,Avoid,Avoid,Avoid,Reject,1.0,25.307896688944187,1079,1229,33.481185924324336,False,False,0.0,0.0
2698.HK,Softcare Ltd,Avoid,Avoid,Avoid,Reject,1.0,18.99438004820681,1389,1250,33.46005551150029,False,False,0.0,0.0
ING.US,ING Group NV ADR,Avoid,Avoid,Avoid,Reject,1.0,25.82904767547946,1038,1213,33.45091718680299,False,False,0.0,0.0
NN.AS,NN Group NV,Avoid,Avoid,Avoid,Reject,1.0,21.35982315065875,1172,958,33.40584168407105,False,False,0.0,0.0
0586.HK,China Conch Venture Hldgs Ltd,Avoid,Avoid,Avoid,Reject,1.0,24.95550744133793,1107,1160,33.34696106499729,False,False,0.0,0.0
0019.HK,Swire Pacific A,Avoid,Avoid,Avoid,Reject,1.0,23.770647743258444,1202,1215,33.2052787379627,False,False,0.0,0.0
LYG.US,Lloyds Banking Group PLC ADR,Avoid,Avoid,Avoid,Reject,1.0,25.85010003174022,1033,1203,33.160353232332284,False,False,0.0,0.0
0066.HK,MTR Corp Ltd,Avoid,Avoid,Avoid,Reject,1.0,23.554761258891777,1064,977,33.03060065462757,False,False,0.0,0.0
PAG.LSE,Paragon Banking Group PLC,Avoid,Avoid,Avoid,Reject,1.0,23.726757150254716,1203,1311,32.920912380946355,False,False,0.0,0.0
MNDI.LSE,Mondi PLC,Avoid,Avoid,Avoid,Reject,1.0,23.618284352506915,1210,1246,32.8680856836701,False,False,0.0,0.0
MS.US,Morgan Stanley,Avoid,Avoid,Avoid,Reject,1.0,26.56987616576592,981,1171,32.7556745098964,False,False,0.0,0.0
BKT.MC,Bankinter,Avoid,Avoid,Avoid,Reject,1.0,23.537287982571456,1215,1285,32.72225573616535,False,False,0.0,0.0
ACX.MC,Acerinox,Avoid,Avoid,Avoid,Reject,1.0,23.12509013956329,1245,1231,32.703297353947235,False,False,0.0,0.0
WMB.US,Williams Companies Inc,Avoid,Avoid,Avoid,Reject,1.0,26.25521080593478,1009,1146,32.70303012150819,False,False,0.0,0.0
WTB.LSE,Whitbread PLC,Avoid,Avoid,Avoid,Reject,1.0,25.101328102258357,1088,1172,32.68013311268204,False,False,0.0,0.0
UTG.LSE,Unite Group PLC,Avoid,Avoid,Avoid,Reject,1.0,23.617052105576978,1207,1279,32.66010413107982,False,False,0.0,0.0
0354.HK,ChinaSoft International Ltd,Avoid,Avoid,Avoid,Reject,1.0,22.5137915015702,1280,1206,32.636742601535644,False,False,0.0,0.0
AEP.US,American Electric Power Co Inc,Avoid,Avoid,Avoid,Reject,1.0,24.42699747114044,1010,979,32.63144073599339,False,False,0.0,0.0
BMW.XETRA,Bayerische Motoren Werke Aktiengesellschaft,Avoid,Avoid,Avoid,Reject,1.0,24.258806124515935,1140,1004,32.559050734048576,False,False,0.0,0.0
3311.HK,China State Construction International Holdings Ltd,Avoid,Avoid,Avoid,Reject,1.0,26.50191075397615,989,1143,32.45504318417282,False,False,0.0,0.0
NA9.XETRA,Nagarro SE,Avoid,Avoid,Avoid,Reject,1.0,20.494801751862575,1347,1161,32.37843218885632,False,False,0.0,0.0
AMUN.PA,Amundi SA,Avoid,Avoid,Avoid,Reject,1.0,8.495296898584655,1105,354,32.324176129097225,False,False,0.0,0.0
ENG.MC,Enagás S.A.,Avoid,Avoid,Avoid,Reject,1.0,21.30633962731637,1248,981,32.22567427970719,False,False,0.0,0.0
INVP.LSE,Investec PLC,Avoid,Avoid,Avoid,Reject,1.0,24.716615031011127,1114,1268,32.19620713462975,False,False,0.0,0.0
XEL.US,Xcel Energy Inc,Avoid,Avoid,Avoid,Reject,1.0,25.754204880919385,1032,1174,32.11233531051483,False,False,0.0,0.0
MMM.US,3M Company,Avoid,Avoid,Avoid,Reject,1.0,24.917871843497007,1101,1149,32.08234846425637,False,False,0.0,0.0
2208.HK,Xinjiang Goldwind Science & Technology Co Ltd,Avoid,Avoid,Avoid,Reject,1.0,22.45805629126565,1276,1164,31.92016295228182,False,False,0.0,0.0
ADP.PA,Aeroports de Paris SA,Avoid,Avoid,Avoid,Reject,1.0,21.34673342240774,1318,1248,31.902674567367484,False,False,0.0,0.0
601077.SHG,Chongqing Rural Commercial Bank Co,Avoid,Avoid,Avoid,Reject,1.0,24.938519591712073,1095,1256,31.900816478353455,False,False,0.0,0.0
601872.SHG,China Merchants Energy Shipping Co Ltd,Avoid,Avoid,Avoid,Reject,1.0,24.511945487333513,1132,1121,31.89308688731355,False,False,0.0,0.0
EZJ.LSE,EasyJet PLC,Avoid,Avoid,Avoid,Reject,1.0,14.933127142365242,952,691,31.89097572759782,False,False,0.0,0.0
300748.SHE,Jl Mag Rare-Earth Co Ltd Class A,Avoid,Avoid,Avoid,Reject,1.0,22.892340274583447,1252,1188,31.890118206425647,False,False,0.0,0.0
0358.HK,Jiangxi Copper,Avoid,Avoid,Avoid,Reject,1.0,23.26030998822859,1226,1170,31.885685408537874,False,False,0.0,0.0
HUBN.SW,Huber+suhner AG,Avoid,Avoid,Avoid,Reject,1.0,21.107024648204277,1326,1301,31.88017613745363,False,False,0.0,0.0
LAND.SW,Landis+Gyr Group AG,Avoid,Avoid,Avoid,Reject,1.0,22.303723855815896,1287,1232,31.863901052044255,False,False,0.0,0.0
000063.SHE,ZTE Corp,Avoid,Avoid,Avoid,Reject,1.0,23.063574417170315,1242,1173,31.83314116918008,False,False,0.0,0.0
FRA.XETRA,Fraport AG,Avoid,Avoid,Avoid,Reject,1.0,12.637627453311623,1230,772,31.811250202774175,False,False,0.0,0.0
NEE.US,Nextera Energy Inc,Avoid,Avoid,Avoid,Reject,1.0,25.089816571670305,966,980,31.750669124792665,False,False,0.0,0.0
0836.HK,China Resources Power Holding,Avoid,Avoid,Avoid,Reject,1.0,24.34659658886992,977,967,31.671734047329878,False,False,0.0,0.0
CMCX.LSE,CMC Markets PLC,Avoid,Avoid,Avoid,Reject,1.0,21.17875467592316,1321,1309,31.63819812078485,False,False,0.0,0.0
TRIG.LSE,Renewables Infrastructure Grp,Avoid,Avoid,Avoid,Reject,1.0,19.378971175508074,1059,876,31.628690084859805,False,False,0.0,0.0
601390.SHG,China Railway Group Limited,Avoid,Avoid,Avoid,Reject,1.0,25.441744404864433,1052,1152,31.60199448820846,False,False,0.0,0.0
CLNX.MC,Cellnex Telecom SA,Avoid,Avoid,Avoid,Reject,1.0,22.78217861553904,1255,1286,31.555024611876362,False,False,0.0,0.0
ANTO.LSE,Antofagasta PLC,Avoid,Avoid,Avoid,Reject,1.0,22.324232489278415,1281,1194,31.48194895951068,False,False,0.0,0.0
1186.HK,China Railway Construction-H,Avoid,Avoid,Avoid,Reject,1.0,25.052016581214225,1084,1236,31.438507273523477,False,False,0.0,0.0
600309.SHG,Wanhua Chemical Group Co Ltd,Avoid,Avoid,Avoid,Reject,1.0,25.260543121750885,1062,1126,31.297906220782394,False,False,0.0,0.0
ZIG.LSE,ZIGUP plc,Avoid,Avoid,Avoid,Reject,1.0,23.53163681940817,1199,1221,31.108125012243676,False,False,0.0,0.0
3330.HK,Lingbao Gold Co Ltd,Avoid,Avoid,Avoid,Reject,1.0,21.58067251252043,1307,1179,31.091982761014776,False,False,0.0,0.0
2016.HK,China Zheshang Bank Co Ltd,Avoid,Avoid,Avoid,Reject,1.0,24.317536310633727,1142,1324,31.036440079942437,False,False,0.0,0.0
601668.SHG,China State Construction Engineering Corp Ltd,Avoid,Avoid,Avoid,Reject,1.0,21.59022745567639,954,897,30.93446824965649,False,False,0.0,0.0
0522.HK,ASM Pacific Technology Ltd,Avoid,Avoid,Avoid,Reject,1.0,21.28879300352889,1313,1222,30.813150193272776,False,False,0.0,0.0
GBLB.BR,Groep Brussel Lambert NV,Avoid,Avoid,Avoid,Reject,1.0,22.566677687852362,1262,1317,30.80853993846295,False,False,0.0,0.0
601688.SHG,Huatai Securities Co Ltd,Avoid,Avoid,Avoid,Reject,1.0,24.80339502697902,1099,1224,30.723151976399464,False,False,0.0,0.0
NDA-FI.HE,Nordea Bank Abp,Avoid,Avoid,Avoid,Reject,1.0,23.260641445902237,1216,1283,30.687510222438704,False,False,0.0,0.0
HMSO.LSE,Hammerson PLC,Avoid,Avoid,Avoid,Reject,1.0,24.55498219215878,1116,1253,30.590632801128606,False,False,0.0,0.0
SQZ.LSE,Serica Energy PLC,Avoid,Avoid,Avoid,Reject,1.0,19.968306825389337,1353,1333,30.409998730292557,False,False,0.0,0.0
BCVN.SW,Banque Cantonale Vaudoise,Avoid,Avoid,Avoid,Reject,1.0,8.486671957645552,1187,555,30.323815116726728,False,False,0.0,0.0
SAN.MC,Banco Santander S.A.,Avoid,Avoid,Avoid,Reject,1.0,23.438804302091054,1201,1249,30.301598458910306,False,False,0.0,0.0
603087.SHG,Gan & Lee Pharmaceuticals Co Ltd,Avoid,Avoid,Avoid,Reject,1.0,22.86032595419782,1243,1199,30.283566013010294,False,False,0.0,0.0
SHA0.XETRA,Schaeffler AG,Avoid,Avoid,Avoid,Reject,1.0,19.810045130509124,1355,1322,30.160505577193447,False,False,0.0,0.0
GLEN.LSE,Glencore PLC,Avoid,Avoid,Avoid,Reject,1.0,24.712531636968208,1103,1151,30.157471089074846,False,False,0.0,0.0
KBX.XETRA,Knorr-Bremse AG,Avoid,Avoid,Avoid,Reject,1.0,22.448151604879,1264,1255,30.14611742568151,False,False,0.0,0.0
ED.US,Consolidated Edison Inc,Avoid,Avoid,Avoid,Reject,1.0,22.5546243461492,999,929,30.06900131812089,False,False,0.0,0.0
STERV.HE,Stora Enso Oyj R,Avoid,Avoid,Avoid,Reject,1.0,20.856125242560125,1323,1267,29.983870674448532,False,False,0.0,0.0
BTRW.LSE,Barratt Redrow plc,Avoid,Avoid,Avoid,Reject,1.0,23.253157217938092,1212,1165,29.982423947858003,False,False,0.0,0.0
CSN.LSE,Chesnara,Avoid,Avoid,Avoid,Reject,1.0,21.67771464127915,1296,1336,29.833921595436088,False,False,0.0,0.0
LLOY.LSE,Lloyds Banking Group PLC,Avoid,Avoid,Avoid,Reject,1.0,24.016237832283295,1157,1242,29.775924116133616,False,False,0.0,0.0
ETR.US,Entergy Corporation,Avoid,Avoid,Avoid,Reject,1.0,24.253992426071544,1137,1220,29.558316135082364,False,False,0.0,0.0
6886.HK,Zuoli Kechuang Micro-Fin Co,Avoid,Avoid,Avoid,Reject,1.0,23.077076076484413,1221,1305,29.546172219992926,False,False,0.0,0.0
601825.SHG,Shanghai Rural Commercial Bank Co Ltd,Avoid,Avoid,Avoid,Reject,1.0,23.76612424144059,1174,1299,29.441483531952223,False,False,0.0,0.0
601669.SHG,Power Construction Corp of China Ltd,Avoid,Avoid,Avoid,Reject,1.0,23.40500457686624,1194,1200,29.431738896050724,False,False,0.0,0.0
UU.LSE,United Utilities Group PLC,Avoid,Avoid,Avoid,Reject,1.0,23.45929974233921,1190,1269,29.39845112177921,False,False,0.0,0.0
601186.SHG,China Railway Construction Corp Ltd,Avoid,Avoid,Avoid,Reject,1.0,25.22357241457492,1031,1003,29.374447002482107,False,False,0.0,0.0
601985.SHG,China National Nuclear Power,Avoid,Avoid,Avoid,Reject,1.0,24.301719157409934,1128,1247,29.218750966749575,False,False,0.0,0.0
PCG.US,PG&E Corp,Avoid,Avoid,Avoid,Reject,1.0,26.492741515172018,975,1148,29.156180788186305,False,False,0.0,0.0
603799.SHG,Zhejiang Huayou Cobalt Co Ltd,Avoid,Avoid,Avoid,Reject,1.0,24.319151659613983,1123,1134,28.988883166920644,False,False,0.0,0.0
600143.SHG,Kingfa Sci&Tech Co Ltd,Avoid,Avoid,Avoid,Reject,1.0,23.51143753474376,1181,1205,28.981803420748086,False,False,0.0,0.0
PNN.LSE,Pennon Group Plc,Avoid,Avoid,Avoid,Reject,1.0,21.659415111658603,1294,1319,28.964622180995782,False,False,0.0,0.0
601229.SHG,Bank of Shanghai Co Ltd,Avoid,Avoid,Avoid,Reject,1.0,24.51191447408525,1110,1282,28.951637633761905,False,False,0.0,0.0
OUT1V.HE,Outokumpu Oyj,Avoid,Avoid,Avoid,Reject,1.0,20.38007400015533,1332,1334,28.92064489940634,False,False,0.0,0.0
OERL.SW,OC Oerlikon Corp AG,Avoid,Avoid,Avoid,Reject,1.0,20.02640032054182,1341,1339,28.867987135403794,False,False,0.0,0.0
2380.HK,China Power International Development Ltd,Avoid,Avoid,Avoid,Reject,1.0,23.838011925990934,1164,1241,28.86200596915505,False,False,0.0,0.0
AV.LSE,Aviva PLC,Avoid,Avoid,Avoid,Reject,1.0,24.576144154517134,1106,1211,28.819689286352677,False,False,0.0,0.0
603296.SHG,HUAQIN TECHNOLOGY LTD A,Avoid,Avoid,Avoid,Reject,1.0,22.848320983537196,1233,1195,28.6821180898082,False,False,0.0,0.0
PAF.LSE,Pan African Resources PLC,Avoid,Avoid,Avoid,Reject,1.0,20.83729901351902,1316,1223,28.58299217658108,False,False,0.0,0.0
SYENS.BR,Syensqo,Avoid,Avoid,Avoid,Reject,1.0,19.48420588072089,1356,1325,28.47624077084972,False,False,0.0,0.0
3IN.LSE,3I Infrastructure PLC,Avoid,Avoid,Avoid,Reject,1.0,22.600267688240606,1246,1332,28.403899137954376,False,False,0.0,0.0
ALLFG.AS,Allfunds Group Ltd,Avoid,Avoid,Avoid,Reject,1.0,19.37259944560247,1358,1310,28.213989510769267,False,False,0.0,0.0
EFGN.SW,EFG International AG,Avoid,Avoid,Avoid,Reject,1.0,20.742147080889836,1319,1346,28.16855881676271,False,False,0.0,0.0
NGG.US,National Grid PLC ADR,Avoid,Avoid,Avoid,Reject,1.0,22.81266800831203,1232,1280,28.13484250977767,False,False,0.0,0.0
000617.SHE,CNPC Capital Co Ltd,Avoid,Avoid,Avoid,Reject,1.0,22.747018197843435,1237,1218,28.106796261201858,False,False,0.0,0.0
601006.SHG,Daqin Railway Co Ltd,Avoid,Avoid,Avoid,Reject,1.0,19.935697715201588,1171,928,28.056295317881812,False,False,0.0,0.0
600141.SHG,Hubei Xingfa Chemicals Group Co Ltd,Avoid,Avoid,Avoid,Reject,1.0,21.614950405940128,1292,1207,28.01922745157718,False,False,0.0,0.0
MMK.VI,Mayr-Melnhof Karton AG,Avoid,Avoid,Avoid,Reject,1.0,19.692390835653832,1346,1296,27.96707485465687,False,False,0.0,0.0
CBK.XETRA,Commerzbank AG,Avoid,Avoid,Avoid,Reject,1.0,21.96294465686666,1277,1297,27.966537543205973,False,False,0.0,0.0
LLBN.SW,Liechtensteinische Landesbank AG,Avoid,Avoid,Avoid,Reject,1.0,20.05352093160332,1337,1356,27.956101219031886,False,False,0.0,0.0
AT1.XETRA,Aroundtown SA,Avoid,Avoid,Avoid,Reject,1.0,15.214835420104713,1179,804,27.955534822904653,False,False,0.0,0.0
FANG.US,Diamondback Energy Inc,Avoid,Avoid,Avoid,Reject,1.0,25.1246713773433,1057,1140,27.885559807054257,False,False,0.0,0.0
BAS.XETRA,BASF SE,Avoid,Avoid,Avoid,Reject,1.0,22.63949851585889,1241,1176,27.801877171666725,False,False,0.0,0.0
601360.SHG,360 Security Technology Inc,Avoid,Avoid,Avoid,Reject,1.0,21.628478056422978,1291,1225,27.76584600587632,False,False,0.0,0.0
ORCL.US,Oracle Corporation,Avoid,Avoid,Avoid,Reject,1.0,22.730291044163863,1236,1210,27.71747259811486,False,False,0.0,0.0
SHB-A.ST,Svenska Handelsbanken AB (publ),Avoid,Avoid,Avoid,Reject,1.0,24.25214039541909,1122,1292,27.67035858138459,False,False,0.0,0.0
ASRNL.AS,ASR Nederland NV,Avoid,Avoid,Avoid,Reject,1.0,22.164268385391836,1263,1263,27.355265040273842,False,False,0.0,0.0
0241.HK,Alibaba Health Information Technology Ltd,Avoid,Avoid,Avoid,Reject,1.0,21.311264421960086,1298,1187,27.2858756016403,False,False,0.0,0.0
SUNN.SW,SUNRISE N,Avoid,Avoid,Avoid,Reject,1.0,11.185492324743723,1244,703,27.194994566924976,False,False,0.0,0.0
EXC.US,Exelon Corporation,Avoid,Avoid,Avoid,Reject,1.0,24.99823001545409,1034,1001,27.10783090485591,False,False,0.0,0.0
C.US,Citigroup Inc.,Avoid,Avoid,Avoid,Reject,1.0,24.45333410014853,1109,1238,27.105920482049868,False,False,0.0,0.0
600372.SHG,China Avionics Systems Co Ltd,Avoid,Avoid,Avoid,Reject,1.0,21.98408835480948,1271,1257,26.99525240408184,False,False,0.0,0.0
ADS.XETRA,adidas AG,Avoid,Avoid,Avoid,Reject,1.0,21.12189424302627,1305,1230,26.80919189995766,False,False,0.0,0.0
603260.SHG,Hoshine Silicon Ind Co Ltd,Avoid,Avoid,Avoid,Reject,1.0,22.300793164544615,1253,1271,26.71442588303249,False,False,0.0,0.0
SAN.US,Banco Santander SA ADR,Avoid,Avoid,Avoid,Reject,1.0,24.116041984467476,1135,1276,26.574929414687773,False,False,0.0,0.0
BEAN.SW,Belimo Holding,Avoid,Avoid,Avoid,Reject,1.0,19.566635928224425,1342,1331,26.567678772427705,False,False,0.0,0.0
SK.PA,SEB SA,Avoid,Avoid,Avoid,Reject,1.0,18.962626633558216,1363,1323,26.56483015213457,False,False,0.0,0.0
SWED-A.ST,Swedbank AB (publ),Avoid,Avoid,Avoid,Reject,1.0,23.74803889781308,1161,1304,26.53509652906569,False,False,0.0,0.0
NNGF.XETRA,National Grid PLC,Avoid,Avoid,Avoid,Reject,1.0,18.92040765637681,1366,1345,26.52090661960292,False,False,0.0,0.0
SAFE.LSE,Safestore Holdings Plc,Avoid,Avoid,Avoid,Reject,1.0,21.726928247586333,1282,1308,26.29559946743811,False,False,0.0,0.0
DUK.US,Duke Energy Corporation,Avoid,Avoid,Avoid,Reject,1.0,22.749803154761658,1027,951,26.258665593460876,False,False,0.0,0.0
PFSE.XETRA,PFISTERER Holding SE,Avoid,Avoid,Avoid,Reject,1.0,17.228500170190284,1388,1315,26.21573741546286,False,False,0.0,0.0
D.US,Dominion Energy Inc,Avoid,Avoid,Avoid,Reject,1.0,24.202646924484128,1121,1226,26.084623468761876,False,False,0.0,0.0
GS.US,Goldman Sachs Group Inc,Avoid,Avoid,Avoid,Reject,1.0,24.933608690825626,1067,1243,25.90389468798898,False,False,0.0,0.0
ELI.BR,Elia Group SA/NV,Avoid,Avoid,Avoid,Reject,1.0,19.132774700365847,1354,1337,25.90345673299888,False,False,0.0,0.0
CMBT.BR,CMB.TECH NV,Avoid,Avoid,Avoid,Reject,1.0,20.073580685953694,1330,1320,25.86598309609972,False,False,0.0,0.0
600188.SHG,Yankuang Energy Group Co Ltd,Avoid,Avoid,Avoid,Reject,1.0,21.887567075687393,1272,1214,25.84592641940825,False,False,0.0,0.0
ORC.XETRA,Oracle Corporation,Avoid,Avoid,Avoid,Reject,1.0,17.21313625124157,1386,1354,25.8327871103524,False,False,0.0,0.0
UNI.MC,Unicaja Banco SA,Avoid,Avoid,Avoid,Reject,1.0,21.544385591710007,1290,1340,25.791387349872203,False,False,0.0,0.0
BNC.LSE,Banco Santander S.A.,Avoid,Avoid,Avoid,Reject,1.0,22.615402862017376,1235,1321,25.442753951064375,False,False,0.0,0.0
600985.SHG,Huaibei Mining Holdings Co Ltd,Avoid,Avoid,Avoid,Reject,1.0,20.513523335317977,1315,1251,25.2664999903962,False,False,0.0,0.0
600089.SHG,Tbea Co Ltd,Avoid,Avoid,Avoid,Reject,1.0,22.295595751984102,1249,1181,25.2508541467798,False,False,0.0,0.0
600999.SHG,China Merchants Securities Co Ltd,Avoid,Avoid,Avoid,Reject,1.0,22.87819748669149,1214,1291,25.247889299432835,False,False,0.0,0.0
601881.SHG,China Galaxy Securities Co Ltd Class A,Avoid,Avoid,Avoid,Reject,1.0,22.762687177603837,1223,1312,25.191086008183696,False,False,0.0,0.0
9973.HK,Chery Automobile Co Ltd,Avoid,Avoid,Avoid,Reject,1.0,19.628837716349015,1339,1175,25.03822176037221,False,False,0.0,0.0
6099.HK,China Merchants Securities Co Ltd,Avoid,Avoid,Avoid,Reject,1.0,20.807748411606887,1309,1341,24.932184688473512,False,False,0.0,0.0
2579.HK,"CNGR Advanced Material Co., Ltd.",Avoid,Avoid,Avoid,Reject,1.0,18.060829428757422,1375,1278,24.90678107046167,False,False,0.0,0.0
SRE.US,Sempra Energy,Avoid,Avoid,Avoid,Reject,1.0,23.461360952980844,1178,1254,24.902374045772575,False,False,0.0,0.0
000776.SHE,GF Securities Co Ltd,Avoid,Avoid,Avoid,Reject,1.0,22.545029085652228,1239,1293,24.868451012661062,False,False,0.0,0.0
TRGP.US,Targa Resources Inc,Avoid,Avoid,Avoid,Reject,1.0,24.611697503158624,1089,1227,24.822784414237738,False,False,0.0,0.0
301308.SHE,Shenzhen Longsys Electronics Co. Ltd. A,Avoid,Avoid,Avoid,Reject,1.0,20.884442986973127,1306,1244,24.80806952666174,False,False,0.0,0.0
000630.SHE,Tongling Nonferrous Metals Group Co Ltd,Avoid,Avoid,Avoid,Reject,1.0,22.27061396203467,1250,1201,24.78584895876876,False,False,0.0,0.0
000967.SHE,Infore Environment Technology Group Co Ltd,Avoid,Avoid,Avoid,Reject,1.0,20.82449867246166,1308,1245,24.677145798257193,False,False,0.0,0.0
0267.HK,Citic Pacific,Avoid,Avoid,Avoid,Reject,1.0,24.47193727145607,1104,1233,24.668301477205098,False,False,0.0,0.0
2238.HK,Guangzhou Automobile Group Co Ltd,Avoid,Avoid,Avoid,Reject,1.0,17.671722415988114,1378,1357,24.491706133959212,False,False,0.0,0.0
SO.US,Southern Company,Avoid,Avoid,Avoid,Reject,1.0,24.210220310319414,1086,1000,24.412976820700912,False,False,0.0,0.0
VNA.XETRA,Vonovia SE,Avoid,Avoid,Avoid,Reject,1.0,13.293981331696628,1119,664,24.104547065724063,False,False,0.0,0.0
APD.US,Air Products and Chemicals Inc,Avoid,Avoid,Avoid,Reject,1.0,23.272060342478525,1183,1290,24.032715492279074,False,False,0.0,0.0
001289.SHE,China Longyuan Power Group Corporation Limited,Avoid,Avoid,Avoid,Reject,1.0,21.692063277004024,1278,1313,23.937219677181588,False,False,0.0,0.0
OBCK.XETRA,Ottobock SE & Co. KGaA,Avoid,Avoid,Avoid,Reject,1.0,13.673971960754868,1401,1327,23.805202859394797,False,False,0.0,0.0
IPC.LSE,International Paper Company,Avoid,Avoid,Avoid,Reject,1.0,18.606069125391045,1364,1366,23.767469130344992,False,False,0.0,0.0
601868.SHG,China Energy Engineering Corp Ltd,Avoid,Avoid,Avoid,Reject,1.0,22.03506298045991,1259,1265,23.711139205950072,False,False,0.0,0.0
ENGI.PA,Engie S.A.,Avoid,Avoid,Avoid,Reject,1.0,22.053315389257598,1258,1275,23.61387726287647,False,False,0.0,0.0
000958.SHE,SPIC Dongfang New Energy Corp,Avoid,Avoid,Avoid,Reject,1.0,20.363818949640542,1317,1338,23.56912986747779,False,False,0.0,0.0
1800.HK,China Communications Const-H,Avoid,Avoid,Avoid,Reject,1.0,22.277705513840328,1247,1316,23.50183147067937,False,False,0.0,0.0
WFC.US,Wells Fargo & Company,Avoid,Avoid,Avoid,Reject,1.0,24.35603215907009,1112,1266,23.362959355606666,False,False,0.0,0.0
2788.HK,Chuangxin Industries Holdings Limited,Avoid,Avoid,Avoid,Reject,1.0,15.9117583561116,1395,1306,23.29548574522248,False,False,0.0,0.0
300919.SHE,Cngr Advanced Material Co Ltd,Avoid,Avoid,Avoid,Reject,1.0,22.02212211997782,1261,1264,23.268943385245333,False,False,0.0,0.0
EOAN.XETRA,E.ON SE,Avoid,Avoid,Avoid,Reject,1.0,21.542271795904327,1285,1295,23.23152937136974,False,False,0.0,0.0
600021.SHG,Shanghai Electric Power Co Ltd,Avoid,Avoid,Avoid,Reject,1.0,21.50938490449558,1286,1274,23.12070876416917,False,False,0.0,0.0
600016.SHG,China Minsheng Banking Corp Ltd,Avoid,Avoid,Avoid,Reject,1.0,22.730050681259623,1222,1326,22.716437027358364,False,False,0.0,0.0
1988.HK,China Minsheng Banking,Avoid,Avoid,Avoid,Reject,1.0,21.488288311584828,1288,1353,22.65522866636045,False,False,0.0,0.0
2588.HK,BOC Aviation Ltd,Avoid,Avoid,Avoid,Reject,1.0,20.922158450694827,1302,1329,22.5864693224963,False,False,0.0,0.0
KARN.SW,Kardex,Avoid,Avoid,Avoid,Reject,1.0,18.494936919984113,1365,1361,22.545562451368824,False,False,0.0,0.0
WCH.XETRA,Wacker Chemie AG,Avoid,Avoid,Avoid,Reject,1.0,17.578876285643492,1376,1370,22.53116890381257,False,False,0.0,0.0
BANB.SW,Bachem Holding AG,Avoid,Avoid,Avoid,Reject,1.0,16.34598663884283,1392,1373,22.29896741663291,False,False,0.0,0.0
SHL.XETRA,Siemens Healthineers AG,Avoid,Avoid,Avoid,Reject,1.0,20.922525093838683,1300,1344,22.02459581470204,False,False,0.0,0.0
002203.SHE,Zhejiang Hailiang Co Ltd,Avoid,Avoid,Avoid,Reject,1.0,20.86999842465225,1304,1318,21.664434365947955,False,False,0.0,0.0
SOF.BR,Sofina Société Anonyme,Avoid,Avoid,Avoid,Reject,1.0,17.053026329805828,1381,1383,21.60875836844145,False,False,0.0,0.0
601800.SHG,China Communications Construction Co Ltd,Avoid,Avoid,Avoid,Reject,1.0,21.540606830112697,1283,1300,21.57496321816164,False,False,0.0,0.0
SSE.LSE,SSE PLC,Avoid,Avoid,Avoid,Reject,1.0,21.410512209330637,1289,1281,21.53990209820666,False,False,0.0,0.0
BKG.LSE,The Berkeley Group Holdings plc,Avoid,Avoid,Avoid,Reject,1.0,22.450321208338693,1080,960,21.423426088664705,False,False,0.0,0.0
SRAIL.SW,Stadler Rail AG,Avoid,Avoid,Avoid,Reject,1.0,17.196712054269238,1380,1359,21.279875361489477,False,False,0.0,0.0
003816.SHE,CGN Power,Avoid,Avoid,Avoid,Reject,1.0,22.147481815920784,1254,1314,21.101097274296308,False,False,0.0,0.0
JPM.US,JPMorgan Chase & Co,Avoid,Avoid,Avoid,Reject,1.0,24.248951208646996,1120,1288,21.03422422436879,False,False,0.0,0.0
MOBN.SW,Mobimo Hldg,Avoid,Avoid,Avoid,Reject,1.0,19.111631907865874,1343,1348,20.98926432719867,False,False,0.0,0.0
EQIX.US,Equinix Inc,Avoid,Avoid,Avoid,Reject,1.0,22.977579382609303,1208,1298,20.446424281923093,False,False,0.0,0.0
PUM.XETRA,PUMA SE,Avoid,Avoid,Avoid,Reject,1.0,16.54111522177132,1385,1371,20.416185947376206,False,False,0.0,0.0
GFC.PA,Gecina SA,Avoid,Avoid,Avoid,Reject,1.0,19.490262369059757,1336,1351,20.155728871495285,False,False,0.0,0.0
6181.HK,Laopu Gold Co Ltd,Avoid,Avoid,Avoid,Reject,1.0,19.06821880653048,1344,1261,20.057393503624482,False,False,0.0,0.0
NG.LSE,National Grid PLC,Avoid,Avoid,Avoid,Reject,1.0,21.972138079035126,1265,1294,19.4733994869353,False,False,0.0,0.0
GPE.LSE,GREAT PORTLAND ESTATES PLC,Avoid,Avoid,Avoid,Reject,1.0,20.09698151395366,1322,1347,19.26044541977683,False,False,0.0,0.0
SIX2.XETRA,Sixt SE,Avoid,Avoid,Avoid,Reject,1.0,17.938770610460057,1370,1352,18.901741185936846,False,False,0.0,0.0
2638.HK,HK Electric Investments Ltd,Avoid,Avoid,Avoid,Reject,1.0,17.648560427630787,1279,913,18.75121413142447,False,False,0.0,0.0
1816.HK,CGN Power,Avoid,Avoid,Avoid,Reject,1.0,21.956111726645535,1266,1328,18.55444178214224,False,False,0.0,0.0
1788.HK,Guotai Junan International Holdings Ltd,Avoid,Avoid,Avoid,Reject,1.0,17.67871793747902,1374,1369,18.27499816029759,False,False,0.0,0.0
000062.SHE,Shenzhen Huaqiang Industry Co Ltd,Avoid,Avoid,Avoid,Reject,1.0,19.799255256773733,1329,1335,18.21770506978685,False,False,0.0,0.0
3998.HK,Bosideng International Holdings Ltd,Avoid,Avoid,Avoid,Reject,1.0,23.942957469692118,1163,1330,17.373646546999908,False,False,0.0,0.0
SW.PA,Sodexo SA,Avoid,Avoid,Avoid,Reject,1.0,19.882468658008527,1328,1360,17.046408483853195,False,False,0.0,0.0
FERG.US,Ferguson Plc,Avoid,Avoid,Avoid,Reject,1.0,21.697402750951873,1284,1343,16.95092543803535,False,False,0.0,0.0
VATN.SW,Valiant Holding AG,Avoid,Avoid,Avoid,Reject,1.0,16.594590768059255,1383,1375,16.752559119330847,False,False,0.0,0.0
BEKN.SW,Berner Kantonalbank AG,Avoid,Avoid,Avoid,Reject,1.0,15.976799518986423,1390,1389,16.61850825649774,False,False,0.0,0.0
SVT.LSE,Severn Trent PLC,Avoid,Avoid,Avoid,Reject,1.0,20.734832768703345,1311,1363,16.360659426582565,False,False,0.0,0.0
000009.SHE,China Baoan Group Co Ltd,Avoid,Avoid,Avoid,Reject,1.0,17.930368780750594,1371,1358,16.072349334175488,False,False,0.0,0.0
BMO.US,Bank of Montreal,Avoid,Avoid,Avoid,Reject,1.0,16.228289330865586,1268,816,15.33205153352354,False,False,0.0,0.0
BARN.SW,Barry Callebaut AG,Avoid,Avoid,Avoid,Reject,1.0,15.75840622457274,1393,1381,14.655858473881132,False,False,0.0,0.0
TYRES.HE,Nokian Renkaat Oyj,Avoid,Avoid,Avoid,Reject,1.0,14.6299352032215,1397,1387,14.56309481539855,False,False,0.0,0.0
3958.HK,Orient Securities Co Ltd H,Avoid,Avoid,Avoid,Reject,1.0,17.269620134043475,1377,1377,14.545402479822275,False,False,0.0,0.0
FAN.LSE,Volution Group plc,Avoid,Avoid,Avoid,Reject,1.0,19.030123043212836,1351,1385,14.168894941039518,False,False,0.0,0.0
TD.US,Toronto Dominion Bank,Avoid,Avoid,Avoid,Reject,1.0,16.32421128184696,1257,790,14.150801533523541,False,False,0.0,0.0
600905.SHG,China Three Gorges New Energy Group Co Ltd,Avoid,Avoid,Avoid,Reject,1.0,20.36932112113294,1324,1355,13.428742497383386,False,False,0.0,0.0
JDW.LSE,J D Wetherspoon PLC,Avoid,Avoid,Avoid,Reject,1.0,19.214149039243985,1348,1342,12.784593935283013,False,False,0.0,0.0
600362.SHG,Jiangxi Copper Co Ltd Class A,Avoid,Avoid,Avoid,Reject,1.0,19.451500943452277,1345,1307,12.28001593228678,False,False,0.0,0.0
PSN.LSE,Persimmon PLC,Avoid,Avoid,Avoid,Reject,1.0,20.344687621521786,1327,1350,11.94333797014578,False,False,0.0,0.0
BNS.US,Bank of Nova Scotia,Avoid,Avoid,Avoid,Reject,1.0,17.496599340119506,1273,841,11.87955153352354,False,False,0.0,0.0
LUKN.SW,Luzerner Kantonalbank AG,Avoid,Avoid,Avoid,Reject,1.0,15.26173422391481,1396,1398,11.682895470623304,False,False,0.0,0.0
3668.HK,Yancoal Australia Ltd,Avoid,Avoid,Avoid,Reject,1.0,18.97489974851736,1359,1376,11.559984075439953,False,False,0.0,0.0
ITUB.US,Itau Unibanco Banco Holding SA,Avoid,Avoid,Avoid,Reject,1.0,21.156535926074064,1312,1362,11.279551533523538,False,False,0.0,0.0
0016.HK,Sun Hung Kai Properties Ltd,Avoid,Avoid,Avoid,Reject,1.0,23.032183536798552,1256,1349,10.785518371683416,False,False,0.0,0.0
SMFG.US,Sumitomo Mitsui Financial Group Inc,Avoid,Avoid,Avoid,Reject,1.0,20.31788705485873,1334,1374,10.16705153352354,False,False,0.0,0.0
000878.SHE,Yunnan Copper Co Ltd,Avoid,Avoid,Avoid,Reject,1.0,18.634919785273155,1369,1365,9.305079151359621,False,False,0.0,0.0
MFG.US,Mizuho Financial Group Inc.,Avoid,Avoid,Avoid,Reject,1.0,19.682553927081738,1352,1382,8.917051533523537,False,False,0.0,0.0
BGEO.LSE,Lion Finance Group PLC,Avoid,Avoid,Avoid,Reject,1.0,17.85903395695137,1379,1392,8.56705153352354,False,False,0.0,0.0
HDB.US,HDFC Bank Limited ADR,Avoid,Avoid,Avoid,Reject,1.0,20.68851620726452,1333,1368,8.317051533523538,False,False,0.0,0.0
MFC.US,Manulife Financial Corp,Avoid,Avoid,Avoid,Reject,1.0,20.857100701623104,1295,966,8.317051533523538,False,False,0.0,0.0
TBCG.LSE,TBC Bank Group PLC,Avoid,Avoid,Avoid,Reject,1.0,17.161821700989204,1384,1397,8.317051533523538,False,False,0.0,0.0
CM.US,Canadian Imperial Bank Of Commerce,Avoid,Avoid,Avoid,Reject,1.0,20.919068715271017,1320,994,7.817051533523539,False,False,0.0,0.0
0817.HK,China Jinmao Holdings Group Ltd,Avoid,Avoid,Avoid,Reject,1.0,17.448595071153434,1382,1391,7.694753797354883,False,False,0.0,0.0
GLE.PA,Societe Generale S.A.,Avoid,Avoid,Avoid,Reject,1.0,15.906310581040453,1394,1388,7.351953619264604,False,False,0.0,0.0
ASX.US,ASE Industrial Holding Co Ltd ADR,Avoid,Avoid,Avoid,Reject,1.0,20.03776302987205,1350,1367,7.030624999999999,False,False,0.0,0.0
BWY.LSE,Bellway PLC,Avoid,Avoid,Avoid,Reject,1.0,19.450441433033888,1367,1378,6.903250520823335,False,False,0.0,0.0
NOBA.ST,NOBA Bank,Avoid,Avoid,Avoid,Reject,1.0,11.069319463252652,1402,1400,6.23353125700919,False,False,0.0,0.0
SMIN.LSE,Smiths Group PLC,Avoid,Avoid,Avoid,Reject,1.0,19.044293114797235,1372,1396,5.883160189692706,False,False,0.0,0.0
MUFG.US,Mitsubishi UFJ Financial Group Inc ADR,Avoid,Avoid,Avoid,Reject,1.0,20.11700674625796,1357,1386,5.523301533523538,False,False,0.0,0.0
RY.US,Royal Bank of Canada,Avoid,Avoid,Avoid,Reject,1.0,21.359529697934224,1325,992,4.604551533523537,False,False,0.0,0.0
FEVR.LSE,Fevertree Drinks Plc,Avoid,Avoid,Avoid,Reject,1.0,13.463026783721713,1400,1402,3.7648844729075925,False,False,0.0,0.0
TOELY.US,Tokyo Electron Ltd PK,Avoid,Avoid,Avoid,Reject,1.0,17.990304500769586,1387,1390,2.8468750000000007,False,False,0.0,0.0
SU.US,Suncor Energy Inc,Avoid,Avoid,Avoid,Reject,1.0,21.486578831331574,1274,858,1.8656249999999996,False,False,0.0,0.0
VALT.LSE,Valterra Platinum Limited,Avoid,Avoid,Avoid,Reject,1.0,17.970755472727767,1391,1393,1.6656250000000004,False,False,0.0,0.0
ENB.US,Enbridge Inc,Avoid,Avoid,Avoid,Reject,1.0,22.141763291310262,1338,1384,1.0656250000000007,False,False,0.0,0.0
PBR.US,Petroleo Brasileiro Petrobras SA ADR,Avoid,Avoid,Avoid,Reject,1.0,22.214110006873028,1270,879,1.0656250000000007,False,False,0.0,0.0
UMC.US,United Microelectronics,Avoid,Avoid,Avoid,Reject,1.0,21.01107217576344,1361,1372,1.0656250000000007,False,False,0.0,0.0
TM.US,Toyota Motor Corporation ADR,Avoid,Avoid,Avoid,Reject,1.0,22.193657856002375,1340,1379,0.5031250000000007,False,False,0.0,0.0
CVE.US,Cenovus Energy Inc,Avoid,Avoid,Avoid,Reject,1.0,24.035531631176127,1301,1364,0.390625,False,False,0.0,0.0
014.F,Rand Mining Limited,Avoid,Avoid,Avoid,Reject,1.0,15.787849741866914,1399,1399,0.1718749999999991,False,False,0.0,0.0
CNI.US,Canadian National Railway Company,Avoid,Avoid,Avoid,Reject,1.0,20.498916527195775,1373,1394,0,False,False,0.0,0.0
CNQ.US,Canadian Natural Resources Ltd,Avoid,Avoid,Avoid,Reject,1.0,22.554042544675255,1335,1380,0,False,False,0.0,0.0
KIE.LSE,Kier Group PLC,Avoid,Avoid,Avoid,Reject,1.0,16.50314740795236,1398,1401,0,False,False,0.0,0.0
TRP.US,TC Energy Corp,Avoid,Avoid,Avoid,Reject,1.0,20.95580069912131,1368,1395,0,False,False,0.0,0.0
