ticker,distribution_research_signal_score,research_signal,research_only_flag,signal_commentary
AC.PA,0,avoid_research,True,Distribution-derived research signal only; not an automated trading instruction.
ACA.PA,87.32252612633835,high_conviction_research,True,Distribution-derived research signal only; not an automated trading instruction.
ADP.PA,0,avoid_research,True,Distribution-derived research signal only; not an automated trading instruction.
AI.PA,34.72077334877181,avoid_research,True,Distribution-derived research signal only; not an automated trading instruction.
AIR.PA,17.484242301757625,avoid_research,True,Distribution-derived research signal only; not an automated trading instruction.
AKE.PA,76.18945722823756,high_conviction_research,True,Distribution-derived research signal only; not an automated trading instruction.
AM.PA,78.1888188212709,high_conviction_research,True,Distribution-derived research signal only; not an automated trading instruction.
AMUN.PA,93.88710056639121,high_conviction_research,True,Distribution-derived research signal only; not an automated trading instruction.
ATE.PA,49.681372854499266,neutral_research,True,Distribution-derived research signal only; not an automated trading instruction.
BIM.PA,66.93813062786286,constructive_research,True,Distribution-derived research signal only; not an automated trading instruction.
BN.PA,100,high_conviction_research,True,Distribution-derived research signal only; not an automated trading instruction.
BNP.PA,91.86977164980249,high_conviction_research,True,Distribution-derived research signal only; not an automated trading instruction.
BOL.PA,47.87162104956912,neutral_research,True,Distribution-derived research signal only; not an automated trading instruction.
BVI.PA,66.97130878113964,constructive_research,True,Distribution-derived research signal only; not an automated trading instruction.
CA.PA,100,high_conviction_research,True,Distribution-derived research signal only; not an automated trading instruction.
CAP.PA,66.6017131312086,constructive_research,True,Distribution-derived research signal only; not an automated trading instruction.
CDI.PA,85.84909474142412,high_conviction_research,True,Distribution-derived research signal only; not an automated trading instruction.
COFA.PA,100,high_conviction_research,True,Distribution-derived research signal only; not an automated trading instruction.
COV.PA,27.27595335654974,avoid_research,True,Distribution-derived research signal only; not an automated trading instruction.
CS.PA,100,high_conviction_research,True,Distribution-derived research signal only; not an automated trading instruction.
DEC.PA,89.29476947823997,high_conviction_research,True,Distribution-derived research signal only; not an automated trading instruction.
DG.PA,100,high_conviction_research,True,Distribution-derived research signal only; not an automated trading instruction.
DSY.PA,60.46276060387025,constructive_research,True,Distribution-derived research signal only; not an automated trading instruction.
EDEN.PA,41.608531307759336,neutral_research,True,Distribution-derived research signal only; not an automated trading instruction.
EL.PA,14.10844657082982,avoid_research,True,Distribution-derived research signal only; not an automated trading instruction.
ELIS.PA,100,high_conviction_research,True,Distribution-derived research signal only; not an automated trading instruction.
EN.PA,100,high_conviction_research,True,Distribution-derived research signal only; not an automated trading instruction.
ENGI.PA,0,avoid_research,True,Distribution-derived research signal only; not an automated trading instruction.
ENX.PA,69.16147454015709,constructive_research,True,Distribution-derived research signal only; not an automated trading instruction.
ERF.PA,0,avoid_research,True,Distribution-derived research signal only; not an automated trading instruction.
FGR.PA,99.91189796451607,high_conviction_research,True,Distribution-derived research signal only; not an automated trading instruction.
FR.PA,40.025553069226284,neutral_research,True,Distribution-derived research signal only; not an automated trading instruction.
GET.PA,0.07026602272980043,avoid_research,True,Distribution-derived research signal only; not an automated trading instruction.
GFC.PA,0,avoid_research,True,Distribution-derived research signal only; not an automated trading instruction.
GLE.PA,0,avoid_research,True,Distribution-derived research signal only; not an automated trading instruction.
GTT.PA,99.11701912649431,high_conviction_research,True,Distribution-derived research signal only; not an automated trading instruction.
HO.PA,0,avoid_research,True,Distribution-derived research signal only; not an automated trading instruction.
IPN.PA,80.24296622277961,high_conviction_research,True,Distribution-derived research signal only; not an automated trading instruction.
KER.PA,0,avoid_research,True,Distribution-derived research signal only; not an automated trading instruction.
LI.PA,100,high_conviction_research,True,Distribution-derived research signal only; not an automated trading instruction.
LR.PA,25.789122032570486,avoid_research,True,Distribution-derived research signal only; not an automated trading instruction.
MC.PA,85.32699509475114,high_conviction_research,True,Distribution-derived research signal only; not an automated trading instruction.
MF.PA,100,high_conviction_research,True,Distribution-derived research signal only; not an automated trading instruction.
NEX.PA,44.079609703401324,neutral_research,True,Distribution-derived research signal only; not an automated trading instruction.
OR.PA,33.49664892438906,avoid_research,True,Distribution-derived research signal only; not an automated trading instruction.
ORA.PA,100,high_conviction_research,True,Distribution-derived research signal only; not an automated trading instruction.
PUB.PA,91.3745666245614,high_conviction_research,True,Distribution-derived research signal only; not an automated trading instruction.
RCO.PA,0,avoid_research,True,Distribution-derived research signal only; not an automated trading instruction.
RF.PA,0,avoid_research,True,Distribution-derived research signal only; not an automated trading instruction.
RI.PA,86.46342445557376,high_conviction_research,True,Distribution-derived research signal only; not an automated trading instruction.
RMS.PA,0,avoid_research,True,Distribution-derived research signal only; not an automated trading instruction.
RNO.PA,0,avoid_research,True,Distribution-derived research signal only; not an automated trading instruction.
RUI.PA,100,high_conviction_research,True,Distribution-derived research signal only; not an automated trading instruction.
RXL.PA,55.34858170487579,constructive_research,True,Distribution-derived research signal only; not an automated trading instruction.
SAN.PA,98.26656676204487,high_conviction_research,True,Distribution-derived research signal only; not an automated trading instruction.
SCR.PA,100,high_conviction_research,True,Distribution-derived research signal only; not an automated trading instruction.
SESG.PA,0,avoid_research,True,Distribution-derived research signal only; not an automated trading instruction.
SGO.PA,88.24808189605929,high_conviction_research,True,Distribution-derived research signal only; not an automated trading instruction.
SK.PA,0,avoid_research,True,Distribution-derived research signal only; not an automated trading instruction.
SOP.PA,52.24392965727314,neutral_research,True,Distribution-derived research signal only; not an automated trading instruction.
SPIE.PA,28.12895547618726,avoid_research,True,Distribution-derived research signal only; not an automated trading instruction.
SU.PA,0,avoid_research,True,Distribution-derived research signal only; not an automated trading instruction.
SW.PA,0,avoid_research,True,Distribution-derived research signal only; not an automated trading instruction.
TEP.PA,47.13578313042993,neutral_research,True,Distribution-derived research signal only; not an automated trading instruction.
TTE.PA,100,high_conviction_research,True,Distribution-derived research signal only; not an automated trading instruction.
VCT.PA,78.28440873071767,high_conviction_research,True,Distribution-derived research signal only; not an automated trading instruction.
VIE.PA,100,high_conviction_research,True,Distribution-derived research signal only; not an automated trading instruction.
VK.PA,82.34259249585762,high_conviction_research,True,Distribution-derived research signal only; not an automated trading instruction.
AALB.AS,0,avoid_research,True,Distribution-derived research signal only; not an automated trading instruction.
ABI.BR,100,high_conviction_research,True,Distribution-derived research signal only; not an automated trading instruction.
ABN.AS,92.4782809586556,high_conviction_research,True,Distribution-derived research signal only; not an automated trading instruction.
ACKB.BR,57.255792505471355,constructive_research,True,Distribution-derived research signal only; not an automated trading instruction.
AD.AS,100,high_conviction_research,True,Distribution-derived research signal only; not an automated trading instruction.
AED.BR,0,avoid_research,True,Distribution-derived research signal only; not an automated trading instruction.
AGN.AS,0,avoid_research,True,Distribution-derived research signal only; not an automated trading instruction.
AGS.BR,100,high_conviction_research,True,Distribution-derived research signal only; not an automated trading instruction.
AKZA.AS,29.360977436515025,avoid_research,True,Distribution-derived research signal only; not an automated trading instruction.
APAM.AS,0,avoid_research,True,Distribution-derived research signal only; not an automated trading instruction.
ARCAD.AS,40.625816233202336,neutral_research,True,Distribution-derived research signal only; not an automated trading instruction.
ASRNL.AS,0,avoid_research,True,Distribution-derived research signal only; not an automated trading instruction.
BAMNB.AS,58.811720668367194,constructive_research,True,Distribution-derived research signal only; not an automated trading instruction.
CMBT.BR,0,avoid_research,True,Distribution-derived research signal only; not an automated trading instruction.
COLR.BR,100,high_conviction_research,True,Distribution-derived research signal only; not an automated trading instruction.
DIE.BR,0,avoid_research,True,Distribution-derived research signal only; not an automated trading instruction.
ELI.BR,0,avoid_research,True,Distribution-derived research signal only; not an automated trading instruction.
GBLB.BR,0,avoid_research,True,Distribution-derived research signal only; not an automated trading instruction.
HEIA.AS,74.44171657605727,high_conviction_research,True,Distribution-derived research signal only; not an automated trading instruction.
HEIJM.AS,56.91637451829203,constructive_research,True,Distribution-derived research signal only; not an automated trading instruction.
HEIO.AS,100,high_conviction_research,True,Distribution-derived research signal only; not an automated trading instruction.
IMCD.AS,0,avoid_research,True,Distribution-derived research signal only; not an automated trading instruction.
INGA.AS,0,avoid_research,True,Distribution-derived research signal only; not an automated trading instruction.
KBC.BR,0,avoid_research,True,Distribution-derived research signal only; not an automated trading instruction.
KBCA.BR,30.50655548329161,avoid_research,True,Distribution-derived research signal only; not an automated trading instruction.
KPN.AS,100,high_conviction_research,True,Distribution-derived research signal only; not an automated trading instruction.
LIGHT.AS,69.0464561351667,constructive_research,True,Distribution-derived research signal only; not an automated trading instruction.
MELE.BR,0,avoid_research,True,Distribution-derived research signal only; not an automated trading instruction.
NN.AS,0,avoid_research,True,Distribution-derived research signal only; not an automated trading instruction.
PHIA.AS,0,avoid_research,True,Distribution-derived research signal only; not an automated trading instruction.
RAND.AS,42.554576987694155,neutral_research,True,Distribution-derived research signal only; not an automated trading instruction.
REN.AS,0,avoid_research,True,Distribution-derived research signal only; not an automated trading instruction.
SBMO.AS,93.84602500384455,high_conviction_research,True,Distribution-derived research signal only; not an automated trading instruction.
SHELL.AS,100,high_conviction_research,True,Distribution-derived research signal only; not an automated trading instruction.
SOF.BR,0,avoid_research,True,Distribution-derived research signal only; not an automated trading instruction.
SOLB.BR,45.575008045596725,neutral_research,True,Distribution-derived research signal only; not an automated trading instruction.
UMI.BR,21.613766712716696,avoid_research,True,Distribution-derived research signal only; not an automated trading instruction.
VLK.AS,100,high_conviction_research,True,Distribution-derived research signal only; not an automated trading instruction.
VPK.AS,100,high_conviction_research,True,Distribution-derived research signal only; not an automated trading instruction.
WDP.BR,95.20551014742166,high_conviction_research,True,Distribution-derived research signal only; not an automated trading instruction.
WKL.AS,62.845624617660434,constructive_research,True,Distribution-derived research signal only; not an automated trading instruction.
ACS.MC,12.892886991985613,avoid_research,True,Distribution-derived research signal only; not an automated trading instruction.
ACX.MC,0,avoid_research,True,Distribution-derived research signal only; not an automated trading instruction.
AENA.MC,89.96556084107667,high_conviction_research,True,Distribution-derived research signal only; not an automated trading instruction.
AMS.MC,92.0027392900118,high_conviction_research,True,Distribution-derived research signal only; not an automated trading instruction.
ANA.MC,0,avoid_research,True,Distribution-derived research signal only; not an automated trading instruction.
BBVA.MC,86.95467472987812,high_conviction_research,True,Distribution-derived research signal only; not an automated trading instruction.
BKT.MC,0,avoid_research,True,Distribution-derived research signal only; not an automated trading instruction.
CABK.MC,10.37008978086645,avoid_research,True,Distribution-derived research signal only; not an automated trading instruction.
CIE.MC,96.08040823894255,high_conviction_research,True,Distribution-derived research signal only; not an automated trading instruction.
CLNX.MC,0,avoid_research,True,Distribution-derived research signal only; not an automated trading instruction.
COL.MC,100,high_conviction_research,True,Distribution-derived research signal only; not an automated trading instruction.
ELE.MC,53.297933762059955,neutral_research,True,Distribution-derived research signal only; not an automated trading instruction.
ENG.MC,0,avoid_research,True,Distribution-derived research signal only; not an automated trading instruction.
ENO.MC,75.2095456936006,high_conviction_research,True,Distribution-derived research signal only; not an automated trading instruction.
FDR.MC,50.35609263319107,neutral_research,True,Distribution-derived research signal only; not an automated trading instruction.
FER.MC,0,avoid_research,True,Distribution-derived research signal only; not an automated trading instruction.
IAG.MC,69.15703319119234,constructive_research,True,Distribution-derived research signal only; not an automated trading instruction.
IBE.MC,0,avoid_research,True,Distribution-derived research signal only; not an automated trading instruction.
ITX.MC,0,avoid_research,True,Distribution-derived research signal only; not an automated trading instruction.
LOG.MC,100,high_conviction_research,True,Distribution-derived research signal only; not an automated trading instruction.
MAP.MC,100,high_conviction_research,True,Distribution-derived research signal only; not an automated trading instruction.
MRL.MC,70.63186330228152,high_conviction_research,True,Distribution-derived research signal only; not an automated trading instruction.
NTGY.MC,100,high_conviction_research,True,Distribution-derived research signal only; not an automated trading instruction.
RED.MC,0,avoid_research,True,Distribution-derived research signal only; not an automated trading instruction.
REP.MC,81.89070407936765,high_conviction_research,True,Distribution-derived research signal only; not an automated trading instruction.
ROVI.MC,1.2501697768857767,avoid_research,True,Distribution-derived research signal only; not an automated trading instruction.
SAB.MC,44.52683346368095,neutral_research,True,Distribution-derived research signal only; not an automated trading instruction.
SAN.MC,0,avoid_research,True,Distribution-derived research signal only; not an automated trading instruction.
SCYR.MC,77.15335704882857,high_conviction_research,True,Distribution-derived research signal only; not an automated trading instruction.
TEF.MC,48.88253021075836,neutral_research,True,Distribution-derived research signal only; not an automated trading instruction.
VID.MC,100,high_conviction_research,True,Distribution-derived research signal only; not an automated trading instruction.
VIS.MC,69.78023086205307,constructive_research,True,Distribution-derived research signal only; not an automated trading instruction.
A5G.IR,99.00138630120514,high_conviction_research,True,Distribution-derived research signal only; not an automated trading instruction.
BIRG.IR,96.29214640072415,high_conviction_research,True,Distribution-derived research signal only; not an automated trading instruction.
GL9.IR,19.957795806057483,avoid_research,True,Distribution-derived research signal only; not an automated trading instruction.
KRZ.IR,28.06159601548898,avoid_research,True,Distribution-derived research signal only; not an automated trading instruction.
RYA.IR,75.16429889581875,high_conviction_research,True,Distribution-derived research signal only; not an automated trading instruction.
ACT.XETRA,33.50636145081091,avoid_research,True,Distribution-derived research signal only; not an automated trading instruction.
ADS.XETRA,0,avoid_research,True,Distribution-derived research signal only; not an automated trading instruction.
AFX.XETRA,30.541157630569145,avoid_research,True,Distribution-derived research signal only; not an automated trading instruction.
AIR.XETRA,0,avoid_research,True,Distribution-derived research signal only; not an automated trading instruction.
ALV.XETRA,100,high_conviction_research,True,Distribution-derived research signal only; not an automated trading instruction.
AOF.XETRA,0,avoid_research,True,Distribution-derived research signal only; not an automated trading instruction.
AT1.XETRA,61.70749345501473,constructive_research,True,Distribution-derived research signal only; not an automated trading instruction.
BAS.XETRA,0,avoid_research,True,Distribution-derived research signal only; not an automated trading instruction.
BC8.XETRA,8.558723839490199,avoid_research,True,Distribution-derived research signal only; not an automated trading instruction.
BEI.XETRA,0,avoid_research,True,Distribution-derived research signal only; not an automated trading instruction.
BMT.XETRA,41.730993631366864,neutral_research,True,Distribution-derived research signal only; not an automated trading instruction.
BMW.XETRA,0,avoid_research,True,Distribution-derived research signal only; not an automated trading instruction.
BNR.XETRA,14.999790938941842,avoid_research,True,Distribution-derived research signal only; not an automated trading instruction.
BPE5.XETRA,86.62425761330405,high_conviction_research,True,Distribution-derived research signal only; not an automated trading instruction.
BSP.XETRA,0,avoid_research,True,Distribution-derived research signal only; not an automated trading instruction.
CBK.XETRA,0,avoid_research,True,Distribution-derived research signal only; not an automated trading instruction.
CIS.XETRA,0,avoid_research,True,Distribution-derived research signal only; not an automated trading instruction.
CON.XETRA,0,avoid_research,True,Distribution-derived research signal only; not an automated trading instruction.
DB1.XETRA,10.181787670901167,avoid_research,True,Distribution-derived research signal only; not an automated trading instruction.
DBK.XETRA,81.66958536199044,high_conviction_research,True,Distribution-derived research signal only; not an automated trading instruction.
DEZ.XETRA,0,avoid_research,True,Distribution-derived research signal only; not an automated trading instruction.
DHL.XETRA,95.14147841467063,high_conviction_research,True,Distribution-derived research signal only; not an automated trading instruction.
DRW3.XETRA,69.35354179104452,constructive_research,True,Distribution-derived research signal only; not an automated trading instruction.
DTE.XETRA,96.68994548421115,high_conviction_research,True,Distribution-derived research signal only; not an automated trading instruction.
DUE.XETRA,70.61317229337206,high_conviction_research,True,Distribution-derived research signal only; not an automated trading instruction.
ELG.XETRA,0,avoid_research,True,Distribution-derived research signal only; not an automated trading instruction.
EOAN.XETRA,0,avoid_research,True,Distribution-derived research signal only; not an automated trading instruction.
EVD.XETRA,0,avoid_research,True,Distribution-derived research signal only; not an automated trading instruction.
EVK.XETRA,93.2104387013065,high_conviction_research,True,Distribution-derived research signal only; not an automated trading instruction.
FIE.XETRA,100,high_conviction_research,True,Distribution-derived research signal only; not an automated trading instruction.
FME.XETRA,90.95941924679443,high_conviction_research,True,Distribution-derived research signal only; not an automated trading instruction.
FNTN.XETRA,97.26333277533541,high_conviction_research,True,Distribution-derived research signal only; not an automated trading instruction.
FPE3.XETRA,79.9371330462577,high_conviction_research,True,Distribution-derived research signal only; not an automated trading instruction.
FRA.XETRA,57.99325758026457,constructive_research,True,Distribution-derived research signal only; not an automated trading instruction.
FRE.XETRA,31.80002433874857,avoid_research,True,Distribution-derived research signal only; not an automated trading instruction.
G1A.XETRA,56.97699166435115,constructive_research,True,Distribution-derived research signal only; not an automated trading instruction.
G24.XETRA,74.61541687154927,high_conviction_research,True,Distribution-derived research signal only; not an automated trading instruction.
GBF.XETRA,67.25403724282899,constructive_research,True,Distribution-derived research signal only; not an automated trading instruction.
HBC1.XETRA,96.9293419266563,high_conviction_research,True,Distribution-derived research signal only; not an automated trading instruction.
HEI.XETRA,67.43683275971603,constructive_research,True,Distribution-derived research signal only; not an automated trading instruction.
HEN3.XETRA,100,high_conviction_research,True,Distribution-derived research signal only; not an automated trading instruction.
HLAG.XETRA,0,avoid_research,True,Distribution-derived research signal only; not an automated trading instruction.
HNR1.XETRA,100,high_conviction_research,True,Distribution-derived research signal only; not an automated trading instruction.
HOT.XETRA,0,avoid_research,True,Distribution-derived research signal only; not an automated trading instruction.
IBM.XETRA,0,avoid_research,True,Distribution-derived research signal only; not an automated trading instruction.
JEN.XETRA,21.671498173074703,avoid_research,True,Distribution-derived research signal only; not an automated trading instruction.
JUN3.XETRA,41.722367372147204,neutral_research,True,Distribution-derived research signal only; not an automated trading instruction.
KGX.XETRA,17.27216986836816,avoid_research,True,Distribution-derived research signal only; not an automated trading instruction.
KRN.XETRA,94.78144416768761,high_conviction_research,True,Distribution-derived research signal only; not an automated trading instruction.
KTN.XETRA,10.17588917757503,avoid_research,True,Distribution-derived research signal only; not an automated trading instruction.
LEG.XETRA,93.34770285820741,high_conviction_research,True,Distribution-derived research signal only; not an automated trading instruction.
LHA.XETRA,0,avoid_research,True,Distribution-derived research signal only; not an automated trading instruction.
MBG.XETRA,99.25271111381254,high_conviction_research,True,Distribution-derived research signal only; not an automated trading instruction.
MOH.XETRA,12.833941130144112,avoid_research,True,Distribution-derived research signal only; not an automated trading instruction.
MRK.XETRA,0,avoid_research,True,Distribution-derived research signal only; not an automated trading instruction.
MUV2.XETRA,84.28153209727104,high_conviction_research,True,Distribution-derived research signal only; not an automated trading instruction.
NEM.XETRA,25.14580813068168,avoid_research,True,Distribution-derived research signal only; not an automated trading instruction.
NKE.XETRA,0,avoid_research,True,Distribution-derived research signal only; not an automated trading instruction.
NNGF.XETRA,0,avoid_research,True,Distribution-derived research signal only; not an automated trading instruction.
NOA3.XETRA,0,avoid_research,True,Distribution-derived research signal only; not an automated trading instruction.
NOV.XETRA,17.951251581022163,avoid_research,True,Distribution-derived research signal only; not an automated trading instruction.
ORC.XETRA,0,avoid_research,True,Distribution-derived research signal only; not an automated trading instruction.
PAH3.XETRA,100,high_conviction_research,True,Distribution-derived research signal only; not an automated trading instruction.
PUM.XETRA,0,avoid_research,True,Distribution-derived research signal only; not an automated trading instruction.
R6C0.XETRA,100,high_conviction_research,True,Distribution-derived research signal only; not an automated trading instruction.
RAA.XETRA,0,avoid_research,True,Distribution-derived research signal only; not an automated trading instruction.
RIO1.XETRA,45.32265098195632,neutral_research,True,Distribution-derived research signal only; not an automated trading instruction.
RRTL.XETRA,5.532278529903509,avoid_research,True,Distribution-derived research signal only; not an automated trading instruction.
RWE.XETRA,0,avoid_research,True,Distribution-derived research signal only; not an automated trading instruction.
SAP.XETRA,9.172597340699,avoid_research,True,Distribution-derived research signal only; not an automated trading instruction.
SAX.XETRA,57.964031357477495,constructive_research,True,Distribution-derived research signal only; not an automated trading instruction.
SHA0.XETRA,0,avoid_research,True,Distribution-derived research signal only; not an automated trading instruction.
SIE.XETRA,0,avoid_research,True,Distribution-derived research signal only; not an automated trading instruction.
SIX2.XETRA,0,avoid_research,True,Distribution-derived research signal only; not an automated trading instruction.
SY1.XETRA,15.598521032924623,avoid_research,True,Distribution-derived research signal only; not an automated trading instruction.
TEG.XETRA,0,avoid_research,True,Distribution-derived research signal only; not an automated trading instruction.
TKA.XETRA,0,avoid_research,True,Distribution-derived research signal only; not an automated trading instruction.
TLX.XETRA,85.09375184569751,high_conviction_research,True,Distribution-derived research signal only; not an automated trading instruction.
TUI1.XETRA,63.40582972594723,constructive_research,True,Distribution-derived research signal only; not an automated trading instruction.
UTDI.XETRA,65.45665123987101,constructive_research,True,Distribution-derived research signal only; not an automated trading instruction.
VNA.XETRA,88.17237257354593,high_conviction_research,True,Distribution-derived research signal only; not an automated trading instruction.
VODI.XETRA,68.0510608994206,constructive_research,True,Distribution-derived research signal only; not an automated trading instruction.
VOW3.XETRA,0,avoid_research,True,Distribution-derived research signal only; not an automated trading instruction.
WCH.XETRA,0,avoid_research,True,Distribution-derived research signal only; not an automated trading instruction.
013A.F,0,avoid_research,True,Distribution-derived research signal only; not an automated trading instruction.
3IN.LSE,0,avoid_research,True,Distribution-derived research signal only; not an automated trading instruction.
ABDN.LSE,87.16013002822015,high_conviction_research,True,Distribution-derived research signal only; not an automated trading instruction.
ABF.LSE,92.99345486199148,high_conviction_research,True,Distribution-derived research signal only; not an automated trading instruction.
ADM.LSE,0,avoid_research,True,Distribution-derived research signal only; not an automated trading instruction.
AIBG.LSE,78.73925659097756,high_conviction_research,True,Distribution-derived research signal only; not an automated trading instruction.
ANTO.LSE,0,avoid_research,True,Distribution-derived research signal only; not an automated trading instruction.
ASHM.LSE,0,avoid_research,True,Distribution-derived research signal only; not an automated trading instruction.
AUTO.LSE,91.97808251284725,high_conviction_research,True,Distribution-derived research signal only; not an automated trading instruction.
AV.LSE,0,avoid_research,True,Distribution-derived research signal only; not an automated trading instruction.
AZN.LSE,44.14938962089307,neutral_research,True,Distribution-derived research signal only; not an automated trading instruction.
BA.LSE,0,avoid_research,True,Distribution-derived research signal only; not an automated trading instruction.
BATS.LSE,100,high_conviction_research,True,Distribution-derived research signal only; not an automated trading instruction.
BBY.LSE,100,high_conviction_research,True,Distribution-derived research signal only; not an automated trading instruction.
BEZ.LSE,40.09293122310601,neutral_research,True,Distribution-derived research signal only; not an automated trading instruction.
BGEO.LSE,0,avoid_research,True,Distribution-derived research signal only; not an automated trading instruction.
BHP.LSE,39.322320556389016,neutral_research,True,Distribution-derived research signal only; not an automated trading instruction.
BKG.LSE,0,avoid_research,True,Distribution-derived research signal only; not an automated trading instruction.
BLND.LSE,41.26200116458251,neutral_research,True,Distribution-derived research signal only; not an automated trading instruction.
BNC.LSE,0,avoid_research,True,Distribution-derived research signal only; not an automated trading instruction.
BNZL.LSE,100,high_conviction_research,True,Distribution-derived research signal only; not an automated trading instruction.
BOY.LSE,3.6247012230377322,avoid_research,True,Distribution-derived research signal only; not an automated trading instruction.
BREE.LSE,87.44483042252891,high_conviction_research,True,Distribution-derived research signal only; not an automated trading instruction.
BT-A.LSE,70.01061956645474,high_conviction_research,True,Distribution-derived research signal only; not an automated trading instruction.
BTRW.LSE,0,avoid_research,True,Distribution-derived research signal only; not an automated trading instruction.
BVA.LSE,32.74693753553318,avoid_research,True,Distribution-derived research signal only; not an automated trading instruction.
BWY.LSE,0,avoid_research,True,Distribution-derived research signal only; not an automated trading instruction.
BYG.LSE,87.66614318941515,high_conviction_research,True,Distribution-derived research signal only; not an automated trading instruction.
CCC.LSE,24.05399944299907,avoid_research,True,Distribution-derived research signal only; not an automated trading instruction.
CCH.LSE,0,avoid_research,True,Distribution-derived research signal only; not an automated trading instruction.
CHG.LSE,0,avoid_research,True,Distribution-derived research signal only; not an automated trading instruction.
CKN.LSE,35.374639558069795,neutral_research,True,Distribution-derived research signal only; not an automated trading instruction.
CMCX.LSE,0,avoid_research,True,Distribution-derived research signal only; not an automated trading instruction.
CNA.LSE,23.759689402504527,avoid_research,True,Distribution-derived research signal only; not an automated trading instruction.
COA.LSE,68.71402543283101,constructive_research,True,Distribution-derived research signal only; not an automated trading instruction.
CPG.LSE,0,avoid_research,True,Distribution-derived research signal only; not an automated trading instruction.
CSN.LSE,0,avoid_research,True,Distribution-derived research signal only; not an automated trading instruction.
CURY.LSE,68.9536172279434,constructive_research,True,Distribution-derived research signal only; not an automated trading instruction.
CWK.LSE,93.21738842625514,high_conviction_research,True,Distribution-derived research signal only; not an automated trading instruction.
DCC.LSE,99.12376908100912,high_conviction_research,True,Distribution-derived research signal only; not an automated trading instruction.
DLN.LSE,0,avoid_research,True,Distribution-derived research signal only; not an automated trading instruction.
DNLM.LSE,77.87180304102377,high_conviction_research,True,Distribution-derived research signal only; not an automated trading instruction.
DOM.LSE,79.13730101916072,high_conviction_research,True,Distribution-derived research signal only; not an automated trading instruction.
DRX.LSE,100,high_conviction_research,True,Distribution-derived research signal only; not an automated trading instruction.
DSCV.LSE,14.041464594285362,avoid_research,True,Distribution-derived research signal only; not an automated trading instruction.
ELM.LSE,12.189338421753828,avoid_research,True,Distribution-derived research signal only; not an automated trading instruction.
EMG.LSE,42.82168281655847,neutral_research,True,Distribution-derived research signal only; not an automated trading instruction.
ENT.LSE,0,avoid_research,True,Distribution-derived research signal only; not an automated trading instruction.
EXPN.LSE,61.29828488625327,constructive_research,True,Distribution-derived research signal only; not an automated trading instruction.
EZJ.LSE,58.296701852137375,constructive_research,True,Distribution-derived research signal only; not an automated trading instruction.
FAN.LSE,0,avoid_research,True,Distribution-derived research signal only; not an automated trading instruction.
FEVR.LSE,0,avoid_research,True,Distribution-derived research signal only; not an automated trading instruction.
FGP.LSE,98.25124937348657,high_conviction_research,True,Distribution-derived research signal only; not an automated trading instruction.
FOUR.LSE,41.44135735601974,neutral_research,True,Distribution-derived research signal only; not an automated trading instruction.
FRES.LSE,23.420115201230118,avoid_research,True,Distribution-derived research signal only; not an automated trading instruction.
GAMA.LSE,75.96853966400275,high_conviction_research,True,Distribution-derived research signal only; not an automated trading instruction.
GAW.LSE,64.09680469186998,constructive_research,True,Distribution-derived research signal only; not an automated trading instruction.
GDWN.LSE,0,avoid_research,True,Distribution-derived research signal only; not an automated trading instruction.
GEN.LSE,70.19929163036507,high_conviction_research,True,Distribution-derived research signal only; not an automated trading instruction.
GLB.LSE,0,avoid_research,True,Distribution-derived research signal only; not an automated trading instruction.
GNC.LSE,0,avoid_research,True,Distribution-derived research signal only; not an automated trading instruction.
GNS.LSE,0,avoid_research,True,Distribution-derived research signal only; not an automated trading instruction.
GPE.LSE,0,avoid_research,True,Distribution-derived research signal only; not an automated trading instruction.
GRG.LSE,0.994301799910982,avoid_research,True,Distribution-derived research signal only; not an automated trading instruction.
GRI.LSE,100,high_conviction_research,True,Distribution-derived research signal only; not an automated trading instruction.
GSK.LSE,75.16820836855209,high_conviction_research,True,Distribution-derived research signal only; not an automated trading instruction.
HIK.LSE,15.806514753607114,avoid_research,True,Distribution-derived research signal only; not an automated trading instruction.
HILS.LSE,42.34304158391416,neutral_research,True,Distribution-derived research signal only; not an automated trading instruction.
HMSO.LSE,0,avoid_research,True,Distribution-derived research signal only; not an automated trading instruction.
HOC.LSE,17.797205285021946,avoid_research,True,Distribution-derived research signal only; not an automated trading instruction.
HSX.LSE,0,avoid_research,True,Distribution-derived research signal only; not an automated trading instruction.
HWDN.LSE,93.92139156463273,high_conviction_research,True,Distribution-derived research signal only; not an automated trading instruction.
ICG.LSE,88.59617321912441,high_conviction_research,True,Distribution-derived research signal only; not an automated trading instruction.
IGG.LSE,89.68805844873962,high_conviction_research,True,Distribution-derived research signal only; not an automated trading instruction.
IHG.LSE,51.4995002499475,neutral_research,True,Distribution-derived research signal only; not an automated trading instruction.
III.LSE,42.62746683640009,neutral_research,True,Distribution-derived research signal only; not an automated trading instruction.
IMI.LSE,53.871116173665996,neutral_research,True,Distribution-derived research signal only; not an automated trading instruction.
INCH.LSE,100,high_conviction_research,True,Distribution-derived research signal only; not an automated trading instruction.
INF.LSE,10.558655385168823,avoid_research,True,Distribution-derived research signal only; not an automated trading instruction.
INPP.LSE,97.55309279124502,high_conviction_research,True,Distribution-derived research signal only; not an automated trading instruction.
INVP.LSE,0,avoid_research,True,Distribution-derived research signal only; not an automated trading instruction.
IPC.LSE,0,avoid_research,True,Distribution-derived research signal only; not an automated trading instruction.
ITRK.LSE,0,avoid_research,True,Distribution-derived research signal only; not an automated trading instruction.
ITV.LSE,44.711630585748544,neutral_research,True,Distribution-derived research signal only; not an automated trading instruction.
JD.LSE,69.31279041504573,constructive_research,True,Distribution-derived research signal only; not an automated trading instruction.
JDW.LSE,0,avoid_research,True,Distribution-derived research signal only; not an automated trading instruction.
JET2.LSE,76.98074471665709,high_conviction_research,True,Distribution-derived research signal only; not an automated trading instruction.
JFJ.LSE,0,avoid_research,True,Distribution-derived research signal only; not an automated trading instruction.
JMAT.LSE,0,avoid_research,True,Distribution-derived research signal only; not an automated trading instruction.
JUP.LSE,26.883368686237006,avoid_research,True,Distribution-derived research signal only; not an automated trading instruction.
KGF.LSE,84.00105802119916,high_conviction_research,True,Distribution-derived research signal only; not an automated trading instruction.
KIE.LSE,0,avoid_research,True,Distribution-derived research signal only; not an automated trading instruction.
KLR.LSE,74.84111772741204,high_conviction_research,True,Distribution-derived research signal only; not an automated trading instruction.
KNOS.LSE,19.97983813074582,avoid_research,True,Distribution-derived research signal only; not an automated trading instruction.
KYGA.LSE,4.786418004596108,avoid_research,True,Distribution-derived research signal only; not an automated trading instruction.
LAND.LSE,0,avoid_research,True,Distribution-derived research signal only; not an automated trading instruction.
LGEN.LSE,21.1200657218672,avoid_research,True,Distribution-derived research signal only; not an automated trading instruction.
LLOY.LSE,0,avoid_research,True,Distribution-derived research signal only; not an automated trading instruction.
LMP.LSE,100,high_conviction_research,True,Distribution-derived research signal only; not an automated trading instruction.
LRE.LSE,97.75088808014594,high_conviction_research,True,Distribution-derived research signal only; not an automated trading instruction.
LSEG.LSE,0,avoid_research,True,Distribution-derived research signal only; not an automated trading instruction.
MGNS.LSE,88.26080735152203,high_conviction_research,True,Distribution-derived research signal only; not an automated trading instruction.
MKS.LSE,17.820941567049456,avoid_research,True,Distribution-derived research signal only; not an automated trading instruction.
MNDI.LSE,0,avoid_research,True,Distribution-derived research signal only; not an automated trading instruction.
MONY.LSE,96.00584387159842,high_conviction_research,True,Distribution-derived research signal only; not an automated trading instruction.
MPE.LSE,57.27731872382845,constructive_research,True,Distribution-derived research signal only; not an automated trading instruction.
MRO.LSE,0,avoid_research,True,Distribution-derived research signal only; not an automated trading instruction.
MTO.LSE,0,avoid_research,True,Distribution-derived research signal only; not an automated trading instruction.
NG.LSE,0,avoid_research,True,Distribution-derived research signal only; not an automated trading instruction.
NWG.LSE,85.19555519895248,high_conviction_research,True,Distribution-derived research signal only; not an automated trading instruction.
NXT.LSE,100,high_conviction_research,True,Distribution-derived research signal only; not an automated trading instruction.
OSB.LSE,37.77877878952281,neutral_research,True,Distribution-derived research signal only; not an automated trading instruction.
PAF.LSE,0,avoid_research,True,Distribution-derived research signal only; not an automated trading instruction.
PAG.LSE,0,avoid_research,True,Distribution-derived research signal only; not an automated trading instruction.
PETS.LSE,87.74766357229664,high_conviction_research,True,Distribution-derived research signal only; not an automated trading instruction.
PFD.LSE,100,high_conviction_research,True,Distribution-derived research signal only; not an automated trading instruction.
PHP.LSE,100,high_conviction_research,True,Distribution-derived research signal only; not an automated trading instruction.
PLUS.LSE,59.51213003043205,constructive_research,True,Distribution-derived research signal only; not an automated trading instruction.
PNN.LSE,0,avoid_research,True,Distribution-derived research signal only; not an automated trading instruction.
POLR.LSE,47.45401951994255,neutral_research,True,Distribution-derived research signal only; not an automated trading instruction.
PRU.LSE,87.95198586773617,high_conviction_research,True,Distribution-derived research signal only; not an automated trading instruction.
PSN.LSE,0,avoid_research,True,Distribution-derived research signal only; not an automated trading instruction.
PSON.LSE,98.66564108228587,high_conviction_research,True,Distribution-derived research signal only; not an automated trading instruction.
QQ.LSE,64.49015098144608,constructive_research,True,Distribution-derived research signal only; not an automated trading instruction.
RAT.LSE,71.89801450322264,high_conviction_research,True,Distribution-derived research signal only; not an automated trading instruction.
REL.LSE,0,avoid_research,True,Distribution-derived research signal only; not an automated trading instruction.
RICA.LSE,91.40013755563412,high_conviction_research,True,Distribution-derived research signal only; not an automated trading instruction.
RKT.LSE,52.57689075566191,neutral_research,True,Distribution-derived research signal only; not an automated trading instruction.
RMV.LSE,87.96194818446953,high_conviction_research,True,Distribution-derived research signal only; not an automated trading instruction.
ROR.LSE,0,avoid_research,True,Distribution-derived research signal only; not an automated trading instruction.
RS1.LSE,68.19609494604757,constructive_research,True,Distribution-derived research signal only; not an automated trading instruction.
RSW.LSE,0,avoid_research,True,Distribution-derived research signal only; not an automated trading instruction.
RTO.LSE,0,avoid_research,True,Distribution-derived research signal only; not an automated trading instruction.
S32.LSE,0,avoid_research,True,Distribution-derived research signal only; not an automated trading instruction.
SAFE.LSE,0,avoid_research,True,Distribution-derived research signal only; not an automated trading instruction.
SBRY.LSE,100,high_conviction_research,True,Distribution-derived research signal only; not an automated trading instruction.
SCT.LSE,0,avoid_research,True,Distribution-derived research signal only; not an automated trading instruction.
SDLF.LSE,0,avoid_research,True,Distribution-derived research signal only; not an automated trading instruction.
SDR.LSE,78.94012624124646,high_conviction_research,True,Distribution-derived research signal only; not an automated trading instruction.
SEPL.LSE,69.66268857026611,constructive_research,True,Distribution-derived research signal only; not an automated trading instruction.
SEQI.LSE,100,high_conviction_research,True,Distribution-derived research signal only; not an automated trading instruction.
SGE.LSE,1.5067268353250505,avoid_research,True,Distribution-derived research signal only; not an automated trading instruction.
SGRO.LSE,0,avoid_research,True,Distribution-derived research signal only; not an automated trading instruction.
SHC.LSE,7.249073015821455,avoid_research,True,Distribution-derived research signal only; not an automated trading instruction.
SHEL.LSE,100,high_conviction_research,True,Distribution-derived research signal only; not an automated trading instruction.
SMIN.LSE,0,avoid_research,True,Distribution-derived research signal only; not an automated trading instruction.
SNR.LSE,0,avoid_research,True,Distribution-derived research signal only; not an automated trading instruction.
SPX.LSE,0,avoid_research,True,Distribution-derived research signal only; not an automated trading instruction.
SQZ.LSE,0,avoid_research,True,Distribution-derived research signal only; not an automated trading instruction.
SRE.LSE,0,avoid_research,True,Distribution-derived research signal only; not an automated trading instruction.
SRP.LSE,93.0447999118699,high_conviction_research,True,Distribution-derived research signal only; not an automated trading instruction.
SSE.LSE,0,avoid_research,True,Distribution-derived research signal only; not an automated trading instruction.
SSPG.LSE,30.60475353245186,avoid_research,True,Distribution-derived research signal only; not an automated trading instruction.
STAN.LSE,86.16586206268377,high_conviction_research,True,Distribution-derived research signal only; not an automated trading instruction.
STJ.LSE,62.46920637570263,constructive_research,True,Distribution-derived research signal only; not an automated trading instruction.
SVS.LSE,18.83630498585874,avoid_research,True,Distribution-derived research signal only; not an automated trading instruction.
SVT.LSE,0,avoid_research,True,Distribution-derived research signal only; not an automated trading instruction.
TATE.LSE,0,avoid_research,True,Distribution-derived research signal only; not an automated trading instruction.
TCAP.LSE,74.93492412721724,high_conviction_research,True,Distribution-derived research signal only; not an automated trading instruction.
TFIF.LSE,0,avoid_research,True,Distribution-derived research signal only; not an automated trading instruction.
TPK.LSE,0,avoid_research,True,Distribution-derived research signal only; not an automated trading instruction.
TRIG.LSE,13.05648648722253,avoid_research,True,Distribution-derived research signal only; not an automated trading instruction.
TSCO.LSE,97.20883637800003,high_conviction_research,True,Distribution-derived research signal only; not an automated trading instruction.
TW.LSE,87.33038983777269,high_conviction_research,True,Distribution-derived research signal only; not an automated trading instruction.
ULVR.LSE,73.24992056536095,high_conviction_research,True,Distribution-derived research signal only; not an automated trading instruction.
UTG.LSE,0,avoid_research,True,Distribution-derived research signal only; not an automated trading instruction.
UU.LSE,0,avoid_research,True,Distribution-derived research signal only; not an automated trading instruction.
VALT.LSE,0,avoid_research,True,Distribution-derived research signal only; not an automated trading instruction.
VSVS.LSE,0,avoid_research,True,Distribution-derived research signal only; not an automated trading instruction.
WEIR.LSE,0,avoid_research,True,Distribution-derived research signal only; not an automated trading instruction.
WTB.LSE,0,avoid_research,True,Distribution-derived research signal only; not an automated trading instruction.
ZIG.LSE,0,avoid_research,True,Distribution-derived research signal only; not an automated trading instruction.
BARC.LSE,84.50943370481495,high_conviction_research,True,Distribution-derived research signal only; not an automated trading instruction.
BME.LSE,40.41782612382137,neutral_research,True,Distribution-derived research signal only; not an automated trading instruction.
BP.LSE,86.22748586385984,high_conviction_research,True,Distribution-derived research signal only; not an automated trading instruction.
CRDA.LSE,0,avoid_research,True,Distribution-derived research signal only; not an automated trading instruction.
DGE.LSE,42.58544808148505,neutral_research,True,Distribution-derived research signal only; not an automated trading instruction.
GFTU.LSE,100,high_conviction_research,True,Distribution-derived research signal only; not an automated trading instruction.
HSBA.LSE,79.9297216546429,high_conviction_research,True,Distribution-derived research signal only; not an automated trading instruction.
IMB.LSE,100,high_conviction_research,True,Distribution-derived research signal only; not an automated trading instruction.
RIO.LSE,75.71971354522054,high_conviction_research,True,Distribution-derived research signal only; not an automated trading instruction.
SN.LSE,89.71748081080278,high_conviction_research,True,Distribution-derived research signal only; not an automated trading instruction.
TTE.LSE,44.218706073386585,neutral_research,True,Distribution-derived research signal only; not an automated trading instruction.
VOD.LSE,82.5401315268362,high_conviction_research,True,Distribution-derived research signal only; not an automated trading instruction.
WPP.LSE,0,avoid_research,True,Distribution-derived research signal only; not an automated trading instruction.
GLEN.LSE,0,avoid_research,True,Distribution-derived research signal only; not an automated trading instruction.
IAG.LSE,70.100119438357,high_conviction_research,True,Distribution-derived research signal only; not an automated trading instruction.
ANDR.VI,86.05052134574443,high_conviction_research,True,Distribution-derived research signal only; not an automated trading instruction.
DOC.VI,53.118991828673416,neutral_research,True,Distribution-derived research signal only; not an automated trading instruction.
MMK.VI,0,avoid_research,True,Distribution-derived research signal only; not an automated trading instruction.
OMV.VI,100,high_conviction_research,True,Distribution-derived research signal only; not an automated trading instruction.
POS.VI,60.186731040975715,constructive_research,True,Distribution-derived research signal only; not an automated trading instruction.
RBI.VI,59.2264131819395,constructive_research,True,Distribution-derived research signal only; not an automated trading instruction.
STR.VI,71.15106942327105,high_conviction_research,True,Distribution-derived research signal only; not an automated trading instruction.
UQA.VI,100,high_conviction_research,True,Distribution-derived research signal only; not an automated trading instruction.
VER.VI,41.19297814255761,neutral_research,True,Distribution-derived research signal only; not an automated trading instruction.
VIG.VI,29.810106638759883,avoid_research,True,Distribution-derived research signal only; not an automated trading instruction.
VOE.VI,65.40185070649254,constructive_research,True,Distribution-derived research signal only; not an automated trading instruction.
WIE.VI,72.92881614995538,high_conviction_research,True,Distribution-derived research signal only; not an automated trading instruction.
TBCG.LSE,0,avoid_research,True,Distribution-derived research signal only; not an automated trading instruction.
AAK.ST,0,avoid_research,True,Distribution-derived research signal only; not an automated trading instruction.
ABB.ST,0,avoid_research,True,Distribution-derived research signal only; not an automated trading instruction.
ADDT-B.ST,0,avoid_research,True,Distribution-derived research signal only; not an automated trading instruction.
ALFA.ST,0,avoid_research,True,Distribution-derived research signal only; not an automated trading instruction.
ALIV-SDB.ST,38.08219073996879,neutral_research,True,Distribution-derived research signal only; not an automated trading instruction.
ASSA-B.ST,29.662002188302758,avoid_research,True,Distribution-derived research signal only; not an automated trading instruction.
ATCO-A.ST,36.874933562316855,neutral_research,True,Distribution-derived research signal only; not an automated trading instruction.
AXFO.ST,12.99754330102422,avoid_research,True,Distribution-derived research signal only; not an automated trading instruction.
AZA.ST,79.63229739472678,high_conviction_research,True,Distribution-derived research signal only; not an automated trading instruction.
AZN.ST,0,avoid_research,True,Distribution-derived research signal only; not an automated trading instruction.
BEIJ-B.ST,0,avoid_research,True,Distribution-derived research signal only; not an automated trading instruction.
BOL.ST,26.692010588234872,avoid_research,True,Distribution-derived research signal only; not an automated trading instruction.
BRAV.ST,61.83058711262777,constructive_research,True,Distribution-derived research signal only; not an automated trading instruction.
CAST.ST,47.723311680569644,neutral_research,True,Distribution-derived research signal only; not an automated trading instruction.
EKTA-B.ST,0,avoid_research,True,Distribution-derived research signal only; not an automated trading instruction.
ERIC-B.ST,73.21359203167603,high_conviction_research,True,Distribution-derived research signal only; not an automated trading instruction.
EVO.ST,88.26961169027197,high_conviction_research,True,Distribution-derived research signal only; not an automated trading instruction.
GETI-B.ST,31.90827392917599,avoid_research,True,Distribution-derived research signal only; not an automated trading instruction.
HEXA-B.ST,12.838533079548345,avoid_research,True,Distribution-derived research signal only; not an automated trading instruction.
HM-B.ST,69.30201209514598,constructive_research,True,Distribution-derived research signal only; not an automated trading instruction.
HOLM-B.ST,68.5788425508089,constructive_research,True,Distribution-derived research signal only; not an automated trading instruction.
HPOL-B.ST,36.7248267155524,neutral_research,True,Distribution-derived research signal only; not an automated trading instruction.
HUSQ-B.ST,22.870791893412843,avoid_research,True,Distribution-derived research signal only; not an automated trading instruction.
INDT.ST,0,avoid_research,True,Distribution-derived research signal only; not an automated trading instruction.
INDU-C.ST,100,high_conviction_research,True,Distribution-derived research signal only; not an automated trading instruction.
INVE-B.ST,78.44563173414669,high_conviction_research,True,Distribution-derived research signal only; not an automated trading instruction.
LAGR-B.ST,0,avoid_research,True,Distribution-derived research signal only; not an automated trading instruction.
LATO-B.ST,0,avoid_research,True,Distribution-derived research signal only; not an automated trading instruction.
LOOMIS.ST,97.9414565240235,high_conviction_research,True,Distribution-derived research signal only; not an automated trading instruction.
LUG.ST,0,avoid_research,True,Distribution-derived research signal only; not an automated trading instruction.
SAGA-B.ST,14.999218954780726,avoid_research,True,Distribution-derived research signal only; not an automated trading instruction.
SAND.ST,1.5903739541774655,avoid_research,True,Distribution-derived research signal only; not an automated trading instruction.
SCA-B.ST,0,avoid_research,True,Distribution-derived research signal only; not an automated trading instruction.
SEB-A.ST,100,high_conviction_research,True,Distribution-derived research signal only; not an automated trading instruction.
SECU-B.ST,100,high_conviction_research,True,Distribution-derived research signal only; not an automated trading instruction.
SHB-A.ST,0,avoid_research,True,Distribution-derived research signal only; not an automated trading instruction.
SKA-B.ST,50.751461638007854,neutral_research,True,Distribution-derived research signal only; not an automated trading instruction.
SKF-B.ST,23.263069899220987,avoid_research,True,Distribution-derived research signal only; not an automated trading instruction.
SSAB-B.ST,0,avoid_research,True,Distribution-derived research signal only; not an automated trading instruction.
SWEC-B.ST,41.733648409984546,neutral_research,True,Distribution-derived research signal only; not an automated trading instruction.
SWED-A.ST,0,avoid_research,True,Distribution-derived research signal only; not an automated trading instruction.
TEL2-B.ST,58.010511686978006,constructive_research,True,Distribution-derived research signal only; not an automated trading instruction.
TELIA.ST,100,high_conviction_research,True,Distribution-derived research signal only; not an automated trading instruction.
THULE.ST,0,avoid_research,True,Distribution-derived research signal only; not an automated trading instruction.
TREL-B.ST,0,avoid_research,True,Distribution-derived research signal only; not an automated trading instruction.
VOLV-B.ST,0,avoid_research,True,Distribution-derived research signal only; not an automated trading instruction.
A.US,0,avoid_research,True,Distribution-derived research signal only; not an automated trading instruction.
AA.US,8.23018188559275,avoid_research,True,Distribution-derived research signal only; not an automated trading instruction.
ABBNY.US,0,avoid_research,True,Distribution-derived research signal only; not an automated trading instruction.
ABBV.US,88.4165660275715,high_conviction_research,True,Distribution-derived research signal only; not an automated trading instruction.
ABT.US,48.998298384567946,neutral_research,True,Distribution-derived research signal only; not an automated trading instruction.
ACN.US,50.71561011502264,neutral_research,True,Distribution-derived research signal only; not an automated trading instruction.
ADI.US,0,avoid_research,True,Distribution-derived research signal only; not an automated trading instruction.
ADM.US,73.26621425135306,high_conviction_research,True,Distribution-derived research signal only; not an automated trading instruction.
ADP.US,94.59109658725008,high_conviction_research,True,Distribution-derived research signal only; not an automated trading instruction.
AEM.US,48.4402676788892,neutral_research,True,Distribution-derived research signal only; not an automated trading instruction.
AEP.US,0,avoid_research,True,Distribution-derived research signal only; not an automated trading instruction.
AFL.US,67.5503827064486,constructive_research,True,Distribution-derived research signal only; not an automated trading instruction.
AIG.US,100,high_conviction_research,True,Distribution-derived research signal only; not an automated trading instruction.
AJG.US,0,avoid_research,True,Distribution-derived research signal only; not an automated trading instruction.
ALIZY.US,100,high_conviction_research,True,Distribution-derived research signal only; not an automated trading instruction.
ALL.US,100,high_conviction_research,True,Distribution-derived research signal only; not an automated trading instruction.
AMGN.US,0,avoid_research,True,Distribution-derived research signal only; not an automated trading instruction.
AMP.US,97.63049656091812,high_conviction_research,True,Distribution-derived research signal only; not an automated trading instruction.
AMT.US,0,avoid_research,True,Distribution-derived research signal only; not an automated trading instruction.
APD.US,0,avoid_research,True,Distribution-derived research signal only; not an automated trading instruction.
APO.US,70.75570449394505,high_conviction_research,True,Distribution-derived research signal only; not an automated trading instruction.
ARES.US,0,avoid_research,True,Distribution-derived research signal only; not an automated trading instruction.
ASX.US,0,avoid_research,True,Distribution-derived research signal only; not an automated trading instruction.
AU.US,20.96271698266473,avoid_research,True,Distribution-derived research signal only; not an automated trading instruction.
AXP.US,94.47404474321515,high_conviction_research,True,Distribution-derived research signal only; not an automated trading instruction.
AZN.US,30.506186918111965,avoid_research,True,Distribution-derived research signal only; not an automated trading instruction.
B.US,43.85179700624915,neutral_research,True,Distribution-derived research signal only; not an automated trading instruction.
BAC.US,9.439050802848236,avoid_research,True,Distribution-derived research signal only; not an automated trading instruction.
BBVA.US,37.84016767323438,neutral_research,True,Distribution-derived research signal only; not an automated trading instruction.
BCS.US,68.60352593818719,constructive_research,True,Distribution-derived research signal only; not an automated trading instruction.
BDX.US,32.490750154707484,avoid_research,True,Distribution-derived research signal only; not an automated trading instruction.
BHP.US,72.20445671253366,high_conviction_research,True,Distribution-derived research signal only; not an automated trading instruction.
BKR.US,80.61674784153153,high_conviction_research,True,Distribution-derived research signal only; not an automated trading instruction.
BLK.US,0,avoid_research,True,Distribution-derived research signal only; not an automated trading instruction.
BMO.US,22.64600296219038,avoid_research,True,Distribution-derived research signal only; not an automated trading instruction.
BMY.US,92.23615104584061,high_conviction_research,True,Distribution-derived research signal only; not an automated trading instruction.
BNS.US,0,avoid_research,True,Distribution-derived research signal only; not an automated trading instruction.
BNY.US,85.53334839316379,high_conviction_research,True,Distribution-derived research signal only; not an automated trading instruction.
BP.US,91.23972923521973,high_conviction_research,True,Distribution-derived research signal only; not an automated trading instruction.
BTI.US,66.02518750435415,constructive_research,True,Distribution-derived research signal only; not an automated trading instruction.
BUD.US,84.6016940612327,high_conviction_research,True,Distribution-derived research signal only; not an automated trading instruction.
BX.US,5.619588949850062,avoid_research,True,Distribution-derived research signal only; not an automated trading instruction.
C.US,0,avoid_research,True,Distribution-derived research signal only; not an automated trading instruction.
CB.US,100,high_conviction_research,True,Distribution-derived research signal only; not an automated trading instruction.
CBOE.US,58.90354646359993,constructive_research,True,Distribution-derived research signal only; not an automated trading instruction.
CCEP.US,53.7940931387373,neutral_research,True,Distribution-derived research signal only; not an automated trading instruction.
CCI.US,81.62431874010507,high_conviction_research,True,Distribution-derived research signal only; not an automated trading instruction.
CCL.US,0,avoid_research,True,Distribution-derived research signal only; not an automated trading instruction.
CI.US,76.91550957319724,high_conviction_research,True,Distribution-derived research signal only; not an automated trading instruction.
CL.US,25.969206810832485,avoid_research,True,Distribution-derived research signal only; not an automated trading instruction.
CM.US,43.86159219698757,neutral_research,True,Distribution-derived research signal only; not an automated trading instruction.
CMCSA.US,85.3442493107916,high_conviction_research,True,Distribution-derived research signal only; not an automated trading instruction.
CME.US,27.93936185556093,avoid_research,True,Distribution-derived research signal only; not an automated trading instruction.
CMI.US,0,avoid_research,True,Distribution-derived research signal only; not an automated trading instruction.
CNI.US,0,avoid_research,True,Distribution-derived research signal only; not an automated trading instruction.
CNQ.US,33.21550523646367,avoid_research,True,Distribution-derived research signal only; not an automated trading instruction.
COF.US,80.99780815065024,high_conviction_research,True,Distribution-derived research signal only; not an automated trading instruction.
COP.US,87.07117635185004,high_conviction_research,True,Distribution-derived research signal only; not an automated trading instruction.
CRH.US,0,avoid_research,True,Distribution-derived research signal only; not an automated trading instruction.
CSCO.US,0,avoid_research,True,Distribution-derived research signal only; not an automated trading instruction.
CSX.US,0,avoid_research,True,Distribution-derived research signal only; not an automated trading instruction.
CTAS.US,37.50402486775395,neutral_research,True,Distribution-derived research signal only; not an automated trading instruction.
CTSH.US,62.07608191038115,constructive_research,True,Distribution-derived research signal only; not an automated trading instruction.
CVE.US,44.35571392250529,neutral_research,True,Distribution-derived research signal only; not an automated trading instruction.
CVS.US,16.080762118645634,avoid_research,True,Distribution-derived research signal only; not an automated trading instruction.
CVX.US,83.09289293885158,high_conviction_research,True,Distribution-derived research signal only; not an automated trading instruction.
D.US,0,avoid_research,True,Distribution-derived research signal only; not an automated trading instruction.
DB.US,77.93727347096173,high_conviction_research,True,Distribution-derived research signal only; not an automated trading instruction.
DE.US,0,avoid_research,True,Distribution-derived research signal only; not an automated trading instruction.
DHI.US,72.91378698575126,high_conviction_research,True,Distribution-derived research signal only; not an automated trading instruction.
DIS.US,98.11709129163997,high_conviction_research,True,Distribution-derived research signal only; not an automated trading instruction.
DLR.US,0,avoid_research,True,Distribution-derived research signal only; not an automated trading instruction.
DTEGY.US,53.95584164731075,neutral_research,True,Distribution-derived research signal only; not an automated trading instruction.
DUK.US,0,avoid_research,True,Distribution-derived research signal only; not an automated trading instruction.
DVN.US,76.99051491349147,high_conviction_research,True,Distribution-derived research signal only; not an automated trading instruction.
EADSY.US,0,avoid_research,True,Distribution-derived research signal only; not an automated trading instruction.
EBAY.US,0,avoid_research,True,Distribution-derived research signal only; not an automated trading instruction.
ECL.US,0,avoid_research,True,Distribution-derived research signal only; not an automated trading instruction.
ED.US,0,avoid_research,True,Distribution-derived research signal only; not an automated trading instruction.
ELV.US,8.46274440105212,avoid_research,True,Distribution-derived research signal only; not an automated trading instruction.
EMR.US,0,avoid_research,True,Distribution-derived research signal only; not an automated trading instruction.
ENB.US,0,avoid_research,True,Distribution-derived research signal only; not an automated trading instruction.
EOG.US,94.36062246019891,high_conviction_research,True,Distribution-derived research signal only; not an automated trading instruction.
EPD.US,39.613881694064276,neutral_research,True,Distribution-derived research signal only; not an automated trading instruction.
EQIX.US,0,avoid_research,True,Distribution-derived research signal only; not an automated trading instruction.
EQNR.US,66.74193355543373,constructive_research,True,Distribution-derived research signal only; not an automated trading instruction.
EQT.US,85.16831668572141,high_conviction_research,True,Distribution-derived research signal only; not an automated trading instruction.
ET.US,19.4323604587826,avoid_research,True,Distribution-derived research signal only; not an automated trading instruction.
ETR.US,0,avoid_research,True,Distribution-derived research signal only; not an automated trading instruction.
EXC.US,0,avoid_research,True,Distribution-derived research signal only; not an automated trading instruction.
F.US,16.826377251564487,avoid_research,True,Distribution-derived research signal only; not an automated trading instruction.
FANG.US,0,avoid_research,True,Distribution-derived research signal only; not an automated trading instruction.
FAST.US,21.293567619696518,avoid_research,True,Distribution-derived research signal only; not an automated trading instruction.
FDX.US,90.4048350319953,high_conviction_research,True,Distribution-derived research signal only; not an automated trading instruction.
FERG.US,0,avoid_research,True,Distribution-derived research signal only; not an automated trading instruction.
FITB.US,69.31195271937474,constructive_research,True,Distribution-derived research signal only; not an automated trading instruction.
GD.US,24.437863632160127,avoid_research,True,Distribution-derived research signal only; not an automated trading instruction.
GILD.US,94.31460968070834,high_conviction_research,True,Distribution-derived research signal only; not an automated trading instruction.
GRMN.US,30.022129988810423,avoid_research,True,Distribution-derived research signal only; not an automated trading instruction.
GS.US,0,avoid_research,True,Distribution-derived research signal only; not an automated trading instruction.
GSK.US,94.58171031578097,high_conviction_research,True,Distribution-derived research signal only; not an automated trading instruction.
HBAN.US,40.624227182572845,neutral_research,True,Distribution-derived research signal only; not an automated trading instruction.
HD.US,0,avoid_research,True,Distribution-derived research signal only; not an automated trading instruction.
HDB.US,0,avoid_research,True,Distribution-derived research signal only; not an automated trading instruction.
HESAY.US,12.379665472253958,avoid_research,True,Distribution-derived research signal only; not an automated trading instruction.
HIG.US,100,high_conviction_research,True,Distribution-derived research signal only; not an automated trading instruction.
HON.US,97.41653778305533,high_conviction_research,True,Distribution-derived research signal only; not an automated trading instruction.
HPE.US,0,avoid_research,True,Distribution-derived research signal only; not an automated trading instruction.
HPQ.US,56.15976596791504,constructive_research,True,Distribution-derived research signal only; not an automated trading instruction.
HSBC.US,94.40089001223775,high_conviction_research,True,Distribution-derived research signal only; not an automated trading instruction.
HSY.US,38.27389211902015,neutral_research,True,Distribution-derived research signal only; not an automated trading instruction.
IBM.US,0,avoid_research,True,Distribution-derived research signal only; not an automated trading instruction.
ICE.US,49.39981569990645,neutral_research,True,Distribution-derived research signal only; not an automated trading instruction.
INFY.US,63.72594344738715,constructive_research,True,Distribution-derived research signal only; not an automated trading instruction.
ING.US,0,avoid_research,True,Distribution-derived research signal only; not an automated trading instruction.
INTU.US,41.706471437434686,neutral_research,True,Distribution-derived research signal only; not an automated trading instruction.
ITUB.US,0,avoid_research,True,Distribution-derived research signal only; not an automated trading instruction.
ITW.US,0,avoid_research,True,Distribution-derived research signal only; not an automated trading instruction.
JCI.US,0,avoid_research,True,Distribution-derived research signal only; not an automated trading instruction.
JD.US,0,avoid_research,True,Distribution-derived research signal only; not an automated trading instruction.
JNJ.US,80.88978165008473,high_conviction_research,True,Distribution-derived research signal only; not an automated trading instruction.
JPM.US,0,avoid_research,True,Distribution-derived research signal only; not an automated trading instruction.
KDP.US,9.463481289039574,avoid_research,True,Distribution-derived research signal only; not an automated trading instruction.
KMB.US,14.180474052480568,avoid_research,True,Distribution-derived research signal only; not an automated trading instruction.
KMI.US,4.379631433068109,avoid_research,True,Distribution-derived research signal only; not an automated trading instruction.
KO.US,0,avoid_research,True,Distribution-derived research signal only; not an automated trading instruction.
KR.US,0,avoid_research,True,Distribution-derived research signal only; not an automated trading instruction.
LHX.US,0,avoid_research,True,Distribution-derived research signal only; not an automated trading instruction.
LIN.US,61.88094158051278,constructive_research,True,Distribution-derived research signal only; not an automated trading instruction.
LMT.US,34.9282462269403,avoid_research,True,Distribution-derived research signal only; not an automated trading instruction.
LOW.US,93.42498250718045,high_conviction_research,True,Distribution-derived research signal only; not an automated trading instruction.
LRLCY.US,0,avoid_research,True,Distribution-derived research signal only; not an automated trading instruction.
LVMUY.US,32.32664880354714,avoid_research,True,Distribution-derived research signal only; not an automated trading instruction.
LYG.US,0,avoid_research,True,Distribution-derived research signal only; not an automated trading instruction.
MCD.US,100,high_conviction_research,True,Distribution-derived research signal only; not an automated trading instruction.
MCHP.US,0,avoid_research,True,Distribution-derived research signal only; not an automated trading instruction.
MDLZ.US,0,avoid_research,True,Distribution-derived research signal only; not an automated trading instruction.
MDT.US,59.92726865481771,constructive_research,True,Distribution-derived research signal only; not an automated trading instruction.
MET.US,100,high_conviction_research,True,Distribution-derived research signal only; not an automated trading instruction.
MFC.US,14.920172061313325,avoid_research,True,Distribution-derived research signal only; not an automated trading instruction.
MFG.US,0,avoid_research,True,Distribution-derived research signal only; not an automated trading instruction.
MMM.US,0,avoid_research,True,Distribution-derived research signal only; not an automated trading instruction.
MO.US,99.12742985348629,high_conviction_research,True,Distribution-derived research signal only; not an automated trading instruction.
MPC.US,79.91206845517812,high_conviction_research,True,Distribution-derived research signal only; not an automated trading instruction.
MRK.US,3.822337823951546,avoid_research,True,Distribution-derived research signal only; not an automated trading instruction.
MRSH.US,44.211481125784275,neutral_research,True,Distribution-derived research signal only; not an automated trading instruction.
MS.US,0,avoid_research,True,Distribution-derived research signal only; not an automated trading instruction.
MSCI.US,22.687274120364883,avoid_research,True,Distribution-derived research signal only; not an automated trading instruction.
MSI.US,0,avoid_research,True,Distribution-derived research signal only; not an automated trading instruction.
MTB.US,100,high_conviction_research,True,Distribution-derived research signal only; not an automated trading instruction.
MUFG.US,20.948418403005505,avoid_research,True,Distribution-derived research signal only; not an automated trading instruction.
NDAQ.US,0,avoid_research,True,Distribution-derived research signal only; not an automated trading instruction.
NEE.US,0,avoid_research,True,Distribution-derived research signal only; not an automated trading instruction.
NEM.US,41.94870353572567,neutral_research,True,Distribution-derived research signal only; not an automated trading instruction.
NGG.US,0,avoid_research,True,Distribution-derived research signal only; not an automated trading instruction.
NKE.US,0,avoid_research,True,Distribution-derived research signal only; not an automated trading instruction.
NOC.US,6.210313371770566,avoid_research,True,Distribution-derived research signal only; not an automated trading instruction.
NOK.US,0,avoid_research,True,Distribution-derived research signal only; not an automated trading instruction.
NSC.US,32.92946982953663,avoid_research,True,Distribution-derived research signal only; not an automated trading instruction.
NSRGY.US,0,avoid_research,True,Distribution-derived research signal only; not an automated trading instruction.
NTAP.US,28.031890310052283,avoid_research,True,Distribution-derived research signal only; not an automated trading instruction.
NTES.US,80.99211952658798,high_conviction_research,True,Distribution-derived research signal only; not an automated trading instruction.
NVO.US,9.952733110182479,avoid_research,True,Distribution-derived research signal only; not an automated trading instruction.
NVS.US,100,high_conviction_research,True,Distribution-derived research signal only; not an automated trading instruction.
NWG.US,82.10972913325176,high_conviction_research,True,Distribution-derived research signal only; not an automated trading instruction.
NXPI.US,0,avoid_research,True,Distribution-derived research signal only; not an automated trading instruction.
O.US,99.26672305484716,high_conviction_research,True,Distribution-derived research signal only; not an automated trading instruction.
OKE.US,0,avoid_research,True,Distribution-derived research signal only; not an automated trading instruction.
ORCL.US,0,avoid_research,True,Distribution-derived research signal only; not an automated trading instruction.
OXY.US,72.70127938695654,high_conviction_research,True,Distribution-derived research signal only; not an automated trading instruction.
PAYX.US,86.74344883584591,high_conviction_research,True,Distribution-derived research signal only; not an automated trading instruction.
PBR.US,79.79775390745836,high_conviction_research,True,Distribution-derived research signal only; not an automated trading instruction.
PCAR.US,10.143053726181655,avoid_research,True,Distribution-derived research signal only; not an automated trading instruction.
PCG.US,0,avoid_research,True,Distribution-derived research signal only; not an automated trading instruction.
PEP.US,26.59184983603657,avoid_research,True,Distribution-derived research signal only; not an automated trading instruction.
PFE.US,91.66706122489822,high_conviction_research,True,Distribution-derived research signal only; not an automated trading instruction.
PG.US,100,high_conviction_research,True,Distribution-derived research signal only; not an automated trading instruction.
PGR.US,97.72312103473314,high_conviction_research,True,Distribution-derived research signal only; not an automated trading instruction.
PLD.US,2.1920313385780474,avoid_research,True,Distribution-derived research signal only; not an automated trading instruction.
PM.US,60.809383966512414,constructive_research,True,Distribution-derived research signal only; not an automated trading instruction.
PNC.US,66.80999611052162,constructive_research,True,Distribution-derived research signal only; not an automated trading instruction.
PRU.US,100,high_conviction_research,True,Distribution-derived research signal only; not an automated trading instruction.
PSA.US,61.58637004821384,constructive_research,True,Distribution-derived research signal only; not an automated trading instruction.
PSX.US,4.533498639167366,avoid_research,True,Distribution-derived research signal only; not an automated trading instruction.
QCOM.US,33.2053391914224,avoid_research,True,Distribution-derived research signal only; not an automated trading instruction.
RACE.US,0,avoid_research,True,Distribution-derived research signal only; not an automated trading instruction.
RCL.US,0,avoid_research,True,Distribution-derived research signal only; not an automated trading instruction.
RELX.US,3.411704315464114,avoid_research,True,Distribution-derived research signal only; not an automated trading instruction.
RHHBY.US,68.63558705083094,constructive_research,True,Distribution-derived research signal only; not an automated trading instruction.
RIO.US,77.11076526671202,high_conviction_research,True,Distribution-derived research signal only; not an automated trading instruction.
ROK.US,0,avoid_research,True,Distribution-derived research signal only; not an automated trading instruction.
RSG.US,0,avoid_research,True,Distribution-derived research signal only; not an automated trading instruction.
RTX.US,0,avoid_research,True,Distribution-derived research signal only; not an automated trading instruction.
RY.US,37.091551313739444,neutral_research,True,Distribution-derived research signal only; not an automated trading instruction.
SAN.US,0,avoid_research,True,Distribution-derived research signal only; not an automated trading instruction.
SAP.US,39.78323525776993,neutral_research,True,Distribution-derived research signal only; not an automated trading instruction.
SBGSY.US,0,avoid_research,True,Distribution-derived research signal only; not an automated trading instruction.
SBUX.US,0,avoid_research,True,Distribution-derived research signal only; not an automated trading instruction.
SCCO.US,0,avoid_research,True,Distribution-derived research signal only; not an automated trading instruction.
SCHW.US,25.486567614696412,avoid_research,True,Distribution-derived research signal only; not an automated trading instruction.
SHEL.US,100,high_conviction_research,True,Distribution-derived research signal only; not an automated trading instruction.
SIEGY.US,0,avoid_research,True,Distribution-derived research signal only; not an automated trading instruction.
SLB.US,74.13025613871221,high_conviction_research,True,Distribution-derived research signal only; not an automated trading instruction.
SMFG.US,0,avoid_research,True,Distribution-derived research signal only; not an automated trading instruction.
SNY.US,93.66965800790553,high_conviction_research,True,Distribution-derived research signal only; not an automated trading instruction.
SO.US,0,avoid_research,True,Distribution-derived research signal only; not an automated trading instruction.
SPG.US,30.182229589316286,avoid_research,True,Distribution-derived research signal only; not an automated trading instruction.
SRE.US,0,avoid_research,True,Distribution-derived research signal only; not an automated trading instruction.
STT.US,100,high_conviction_research,True,Distribution-derived research signal only; not an automated trading instruction.
SU.US,44.37342159363501,neutral_research,True,Distribution-derived research signal only; not an automated trading instruction.
SYK.US,0,avoid_research,True,Distribution-derived research signal only; not an automated trading instruction.
SYY.US,0,avoid_research,True,Distribution-derived research signal only; not an automated trading instruction.
T.US,100,high_conviction_research,True,Distribution-derived research signal only; not an automated trading instruction.
TCEHY.US,77.35067797605966,high_conviction_research,True,Distribution-derived research signal only; not an automated trading instruction.
TD.US,3.5698461376259125,avoid_research,True,Distribution-derived research signal only; not an automated trading instruction.
TEL.US,41.55547718277522,neutral_research,True,Distribution-derived research signal only; not an automated trading instruction.
TFC.US,100,high_conviction_research,True,Distribution-derived research signal only; not an automated trading instruction.
TGT.US,57.76085755317645,constructive_research,True,Distribution-derived research signal only; not an automated trading instruction.
TJX.US,39.5156671502435,neutral_research,True,Distribution-derived research signal only; not an automated trading instruction.
TM.US,0,avoid_research,True,Distribution-derived research signal only; not an automated trading instruction.
TMUS.US,40.091703833361954,neutral_research,True,Distribution-derived research signal only; not an automated trading instruction.
TOELY.US,0,avoid_research,True,Distribution-derived research signal only; not an automated trading instruction.
TPR.US,0,avoid_research,True,Distribution-derived research signal only; not an automated trading instruction.
TRGP.US,0,avoid_research,True,Distribution-derived research signal only; not an automated trading instruction.
TRI.US,43.32128802705498,neutral_research,True,Distribution-derived research signal only; not an automated trading instruction.
TRP.US,0,avoid_research,True,Distribution-derived research signal only; not an automated trading instruction.
TRV.US,100,high_conviction_research,True,Distribution-derived research signal only; not an automated trading instruction.
TTE.US,100,high_conviction_research,True,Distribution-derived research signal only; not an automated trading instruction.
TXN.US,0,avoid_research,True,Distribution-derived research signal only; not an automated trading instruction.
UBS.US,71.38105664416152,high_conviction_research,True,Distribution-derived research signal only; not an automated trading instruction.
UL.US,76.70500338102705,high_conviction_research,True,Distribution-derived research signal only; not an automated trading instruction.
UMC.US,0,avoid_research,True,Distribution-derived research signal only; not an automated trading instruction.
UNH.US,0,avoid_research,True,Distribution-derived research signal only; not an automated trading instruction.
UNP.US,12.197529438393685,avoid_research,True,Distribution-derived research signal only; not an automated trading instruction.
UPS.US,45.66841069938709,neutral_research,True,Distribution-derived research signal only; not an automated trading instruction.
USB.US,100,high_conviction_research,True,Distribution-derived research signal only; not an automated trading instruction.
VALE.US,77.04981936881384,high_conviction_research,True,Distribution-derived research signal only; not an automated trading instruction.
VLO.US,72.63960577553817,high_conviction_research,True,Distribution-derived research signal only; not an automated trading instruction.
VTR.US,0,avoid_research,True,Distribution-derived research signal only; not an automated trading instruction.
VZ.US,99.58975881477532,high_conviction_research,True,Distribution-derived research signal only; not an automated trading instruction.
WELL.US,0,avoid_research,True,Distribution-derived research signal only; not an automated trading instruction.
WFC.US,0,avoid_research,True,Distribution-derived research signal only; not an automated trading instruction.
WM.US,0,avoid_research,True,Distribution-derived research signal only; not an automated trading instruction.
WMB.US,0,avoid_research,True,Distribution-derived research signal only; not an automated trading instruction.
XEL.US,0,avoid_research,True,Distribution-derived research signal only; not an automated trading instruction.
XOM.US,42.333697184325956,neutral_research,True,Distribution-derived research signal only; not an automated trading instruction.
YUM.US,90.11977655778135,high_conviction_research,True,Distribution-derived research signal only; not an automated trading instruction.
ZTS.US,69.90001403675113,constructive_research,True,Distribution-derived research signal only; not an automated trading instruction.
ELISA.HE,74.11321473773008,high_conviction_research,True,Distribution-derived research signal only; not an automated trading instruction.
FORTUM.HE,0,avoid_research,True,Distribution-derived research signal only; not an automated trading instruction.
HIAB.HE,0,avoid_research,True,Distribution-derived research signal only; not an automated trading instruction.
HUH1V.HE,62.33013001667385,constructive_research,True,Distribution-derived research signal only; not an automated trading instruction.
KCR.HE,57.727278933974944,constructive_research,True,Distribution-derived research signal only; not an automated trading instruction.
KEMIRA.HE,100,high_conviction_research,True,Distribution-derived research signal only; not an automated trading instruction.
KESKOB.HE,16.455683844283975,avoid_research,True,Distribution-derived research signal only; not an automated trading instruction.
KNEBV.HE,0,avoid_research,True,Distribution-derived research signal only; not an automated trading instruction.
METSO.HE,0,avoid_research,True,Distribution-derived research signal only; not an automated trading instruction.
NDA-FI.HE,0,avoid_research,True,Distribution-derived research signal only; not an automated trading instruction.
NOKIA.HE,0,avoid_research,True,Distribution-derived research signal only; not an automated trading instruction.
ORNBV.HE,0,avoid_research,True,Distribution-derived research signal only; not an automated trading instruction.
OUT1V.HE,0,avoid_research,True,Distribution-derived research signal only; not an automated trading instruction.
SAMPO.HE,100,high_conviction_research,True,Distribution-derived research signal only; not an automated trading instruction.
STERV.HE,0,avoid_research,True,Distribution-derived research signal only; not an automated trading instruction.
TIETO.HE,82.08292877981289,high_conviction_research,True,Distribution-derived research signal only; not an automated trading instruction.
TYRES.HE,0,avoid_research,True,Distribution-derived research signal only; not an automated trading instruction.
UPM.HE,96.90909807721451,high_conviction_research,True,Distribution-derived research signal only; not an automated trading instruction.
VALMT.HE,72.46026980663113,high_conviction_research,True,Distribution-derived research signal only; not an automated trading instruction.
WRT1V.HE,71.96993500147039,high_conviction_research,True,Distribution-derived research signal only; not an automated trading instruction.
ABBN.SW,0,avoid_research,True,Distribution-derived research signal only; not an automated trading instruction.
ADEN.SW,53.68150327742478,neutral_research,True,Distribution-derived research signal only; not an automated trading instruction.
ALLN.SW,0.6895662620391807,avoid_research,True,Distribution-derived research signal only; not an automated trading instruction.
ALSN.SW,24.19715384855236,avoid_research,True,Distribution-derived research signal only; not an automated trading instruction.
AVOL.SW,81.27273015142359,high_conviction_research,True,Distribution-derived research signal only; not an automated trading instruction.
BAER.SW,77.23445588901414,high_conviction_research,True,Distribution-derived research signal only; not an automated trading instruction.
BANB.SW,0,avoid_research,True,Distribution-derived research signal only; not an automated trading instruction.
BARN.SW,0,avoid_research,True,Distribution-derived research signal only; not an automated trading instruction.
BCHN.SW,90.1484014193529,high_conviction_research,True,Distribution-derived research signal only; not an automated trading instruction.
BCVN.SW,100,high_conviction_research,True,Distribution-derived research signal only; not an automated trading instruction.
BEAN.SW,0,avoid_research,True,Distribution-derived research signal only; not an automated trading instruction.
BEKN.SW,0,avoid_research,True,Distribution-derived research signal only; not an automated trading instruction.
BION.SW,72.98212726100378,high_conviction_research,True,Distribution-derived research signal only; not an automated trading instruction.
BKW.SW,0,avoid_research,True,Distribution-derived research signal only; not an automated trading instruction.
BOSN.SW,0,avoid_research,True,Distribution-derived research signal only; not an automated trading instruction.
BRKN.SW,100,high_conviction_research,True,Distribution-derived research signal only; not an automated trading instruction.
BUCN.SW,100,high_conviction_research,True,Distribution-derived research signal only; not an automated trading instruction.
CFR.SW,32.10032409992128,avoid_research,True,Distribution-derived research signal only; not an automated trading instruction.
CLN.SW,0,avoid_research,True,Distribution-derived research signal only; not an automated trading instruction.
CMBN.SW,48.684472489673425,neutral_research,True,Distribution-derived research signal only; not an automated trading instruction.
COPN.SW,0,avoid_research,True,Distribution-derived research signal only; not an automated trading instruction.
DKSH.SW,89.83405807341704,high_conviction_research,True,Distribution-derived research signal only; not an automated trading instruction.
DOKA.SW,18.25251255952839,avoid_research,True,Distribution-derived research signal only; not an automated trading instruction.
EFGN.SW,0,avoid_research,True,Distribution-derived research signal only; not an automated trading instruction.
EMMN.SW,54.080424268692745,neutral_research,True,Distribution-derived research signal only; not an automated trading instruction.
EMSN.SW,0,avoid_research,True,Distribution-derived research signal only; not an automated trading instruction.
FHZN.SW,0,avoid_research,True,Distribution-derived research signal only; not an automated trading instruction.
FORN.SW,0,avoid_research,True,Distribution-derived research signal only; not an automated trading instruction.
GEBN.SW,47.958135147724185,neutral_research,True,Distribution-derived research signal only; not an automated trading instruction.
GF.SW,0,avoid_research,True,Distribution-derived research signal only; not an automated trading instruction.
GIVN.SW,0,avoid_research,True,Distribution-derived research signal only; not an automated trading instruction.
HBAN.SW,17.877793999770418,avoid_research,True,Distribution-derived research signal only; not an automated trading instruction.
HOLN.SW,0,avoid_research,True,Distribution-derived research signal only; not an automated trading instruction.
HUBN.SW,0,avoid_research,True,Distribution-derived research signal only; not an automated trading instruction.
IFCN.SW,0,avoid_research,True,Distribution-derived research signal only; not an automated trading instruction.
IMPN.SW,34.94166859601167,avoid_research,True,Distribution-derived research signal only; not an automated trading instruction.
INRN.SW,0,avoid_research,True,Distribution-derived research signal only; not an automated trading instruction.
JFN.SW,100,high_conviction_research,True,Distribution-derived research signal only; not an automated trading instruction.
KARN.SW,0,avoid_research,True,Distribution-derived research signal only; not an automated trading instruction.
KNIN.SW,9.366184169253966,avoid_research,True,Distribution-derived research signal only; not an automated trading instruction.
LISN.SW,0,avoid_research,True,Distribution-derived research signal only; not an automated trading instruction.
LLBN.SW,0,avoid_research,True,Distribution-derived research signal only; not an automated trading instruction.
LOGN.SW,80.8668316284359,high_conviction_research,True,Distribution-derived research signal only; not an automated trading instruction.
LUKN.SW,0,avoid_research,True,Distribution-derived research signal only; not an automated trading instruction.
MOBN.SW,0,avoid_research,True,Distribution-derived research signal only; not an automated trading instruction.
NESN.SW,36.91029700536362,neutral_research,True,Distribution-derived research signal only; not an automated trading instruction.
NOVN.SW,100,high_conviction_research,True,Distribution-derived research signal only; not an automated trading instruction.
OERL.SW,0,avoid_research,True,Distribution-derived research signal only; not an automated trading instruction.
PGHN.SW,49.869672323412985,neutral_research,True,Distribution-derived research signal only; not an automated trading instruction.
PSPN.SW,0,avoid_research,True,Distribution-derived research signal only; not an automated trading instruction.
ROP.SW,51.06010344435244,neutral_research,True,Distribution-derived research signal only; not an automated trading instruction.
SCHP.SW,78.96390108579898,high_conviction_research,True,Distribution-derived research signal only; not an automated trading instruction.
SCMN.SW,100,high_conviction_research,True,Distribution-derived research signal only; not an automated trading instruction.
SFSN.SW,100,high_conviction_research,True,Distribution-derived research signal only; not an automated trading instruction.
SGKN.SW,100,high_conviction_research,True,Distribution-derived research signal only; not an automated trading instruction.
SGSN.SW,0,avoid_research,True,Distribution-derived research signal only; not an automated trading instruction.
SIKA.SW,0,avoid_research,True,Distribution-derived research signal only; not an automated trading instruction.
SLHN.SW,59.10432562456204,constructive_research,True,Distribution-derived research signal only; not an automated trading instruction.
SOON.SW,68.18744151995531,constructive_research,True,Distribution-derived research signal only; not an automated trading instruction.
SPSN.SW,0,avoid_research,True,Distribution-derived research signal only; not an automated trading instruction.
SQN.SW,87.1403684426652,high_conviction_research,True,Distribution-derived research signal only; not an automated trading instruction.
SREN.SW,100,high_conviction_research,True,Distribution-derived research signal only; not an automated trading instruction.
SUN.SW,18.441589242540758,avoid_research,True,Distribution-derived research signal only; not an automated trading instruction.
TECN.SW,46.68585536867668,neutral_research,True,Distribution-derived research signal only; not an automated trading instruction.
TEMN.SW,13.870337653514888,avoid_research,True,Distribution-derived research signal only; not an automated trading instruction.
UBSG.SW,100,high_conviction_research,True,Distribution-derived research signal only; not an automated trading instruction.
UHR.SW,0,avoid_research,True,Distribution-derived research signal only; not an automated trading instruction.
VACN.SW,0,avoid_research,True,Distribution-derived research signal only; not an automated trading instruction.
VATN.SW,0,avoid_research,True,Distribution-derived research signal only; not an automated trading instruction.
VONN.SW,100,high_conviction_research,True,Distribution-derived research signal only; not an automated trading instruction.
VZN.SW,0,avoid_research,True,Distribution-derived research signal only; not an automated trading instruction.
YPSN.SW,0,avoid_research,True,Distribution-derived research signal only; not an automated trading instruction.
ZURN.SW,54.485195956207875,neutral_research,True,Distribution-derived research signal only; not an automated trading instruction.
ALMB.CO,0,avoid_research,True,Distribution-derived research signal only; not an automated trading instruction.
ALSYDB.CO,98.35279291470712,high_conviction_research,True,Distribution-derived research signal only; not an automated trading instruction.
CARL-B.CO,2.7767726074740864,avoid_research,True,Distribution-derived research signal only; not an automated trading instruction.
COLO-B.CO,0,avoid_research,True,Distribution-derived research signal only; not an automated trading instruction.
DANSKE.CO,90.07989300545398,high_conviction_research,True,Distribution-derived research signal only; not an automated trading instruction.
ISS.CO,26.471882004697143,avoid_research,True,Distribution-derived research signal only; not an automated trading instruction.
JYSK.CO,9.940477942612937,avoid_research,True,Distribution-derived research signal only; not an automated trading instruction.
MAERSK-B.CO,47.17821497884588,neutral_research,True,Distribution-derived research signal only; not an automated trading instruction.
NOVO-B.CO,16.19068017292588,avoid_research,True,Distribution-derived research signal only; not an automated trading instruction.
NSIS-B.CO,0,avoid_research,True,Distribution-derived research signal only; not an automated trading instruction.
PNDORA.CO,45.99716957082808,neutral_research,True,Distribution-derived research signal only; not an automated trading instruction.
RBREW.CO,56.22194057536319,constructive_research,True,Distribution-derived research signal only; not an automated trading instruction.
ROCK-B.CO,0,avoid_research,True,Distribution-derived research signal only; not an automated trading instruction.
TRMD-A.CO,50.90499372905815,neutral_research,True,Distribution-derived research signal only; not an automated trading instruction.
TRYG.CO,43.92599306130132,neutral_research,True,Distribution-derived research signal only; not an automated trading instruction.
CTEC.LSE,23.187406091828414,avoid_research,True,Distribution-derived research signal only; not an automated trading instruction.
0384.HK,68.68263538356584,constructive_research,True,Distribution-derived research signal only; not an automated trading instruction.
0386.HK,86.38493386694353,high_conviction_research,True,Distribution-derived research signal only; not an automated trading instruction.
0388.HK,39.07658494162265,neutral_research,True,Distribution-derived research signal only; not an automated trading instruction.
0390.HK,0,avoid_research,True,Distribution-derived research signal only; not an automated trading instruction.
0392.HK,38.72310851257798,neutral_research,True,Distribution-derived research signal only; not an automated trading instruction.
0425.HK,27.13441225850523,avoid_research,True,Distribution-derived research signal only; not an automated trading instruction.
0522.HK,0,avoid_research,True,Distribution-derived research signal only; not an automated trading instruction.
0551.HK,80.51312818388425,high_conviction_research,True,Distribution-derived research signal only; not an automated trading instruction.
0552.HK,65.73361982134927,constructive_research,True,Distribution-derived research signal only; not an automated trading instruction.
0564.HK,53.60821052953462,neutral_research,True,Distribution-derived research signal only; not an automated trading instruction.
0576.HK,100,high_conviction_research,True,Distribution-derived research signal only; not an automated trading instruction.
0586.HK,0,avoid_research,True,Distribution-derived research signal only; not an automated trading instruction.
0598.HK,93.47425127958245,high_conviction_research,True,Distribution-derived research signal only; not an automated trading instruction.
0631.HK,0,avoid_research,True,Distribution-derived research signal only; not an automated trading instruction.
0669.HK,14.760425512312697,avoid_research,True,Distribution-derived research signal only; not an automated trading instruction.
0683.HK,88.43349956270714,high_conviction_research,True,Distribution-derived research signal only; not an automated trading instruction.
0688.HK,83.81684340057677,high_conviction_research,True,Distribution-derived research signal only; not an automated trading instruction.
0696.HK,95.04928754322475,high_conviction_research,True,Distribution-derived research signal only; not an automated trading instruction.
0697.HK,0,avoid_research,True,Distribution-derived research signal only; not an automated trading instruction.
0700.HK,79.44096276373065,high_conviction_research,True,Distribution-derived research signal only; not an automated trading instruction.
0728.HK,100,high_conviction_research,True,Distribution-derived research signal only; not an automated trading instruction.
0762.HK,100,high_conviction_research,True,Distribution-derived research signal only; not an automated trading instruction.
0763.HK,0,avoid_research,True,Distribution-derived research signal only; not an automated trading instruction.
0817.HK,0,avoid_research,True,Distribution-derived research signal only; not an automated trading instruction.
0823.HK,100,high_conviction_research,True,Distribution-derived research signal only; not an automated trading instruction.
0836.HK,0,avoid_research,True,Distribution-derived research signal only; not an automated trading instruction.
0857.HK,89.18020845196399,high_conviction_research,True,Distribution-derived research signal only; not an automated trading instruction.
0867.HK,0,avoid_research,True,Distribution-derived research signal only; not an automated trading instruction.
0868.HK,63.504478959998856,constructive_research,True,Distribution-derived research signal only; not an automated trading instruction.
0883.HK,85.80320667198168,high_conviction_research,True,Distribution-derived research signal only; not an automated trading instruction.
0902.HK,85.1276181088453,high_conviction_research,True,Distribution-derived research signal only; not an automated trading instruction.
0914.HK,88.85431468747105,high_conviction_research,True,Distribution-derived research signal only; not an automated trading instruction.
0916.HK,0,avoid_research,True,Distribution-derived research signal only; not an automated trading instruction.
0921.HK,72.86392135111662,high_conviction_research,True,Distribution-derived research signal only; not an automated trading instruction.
0939.HK,100,high_conviction_research,True,Distribution-derived research signal only; not an automated trading instruction.
0941.HK,100,high_conviction_research,True,Distribution-derived research signal only; not an automated trading instruction.
0960.HK,6.874655632485794,avoid_research,True,Distribution-derived research signal only; not an automated trading instruction.
0966.HK,50.742908065802446,neutral_research,True,Distribution-derived research signal only; not an automated trading instruction.
0991.HK,49.11598809058407,neutral_research,True,Distribution-derived research signal only; not an automated trading instruction.
0992.HK,0,avoid_research,True,Distribution-derived research signal only; not an automated trading instruction.
0998.HK,100,high_conviction_research,True,Distribution-derived research signal only; not an automated trading instruction.
1038.HK,0,avoid_research,True,Distribution-derived research signal only; not an automated trading instruction.
1044.HK,100,high_conviction_research,True,Distribution-derived research signal only; not an automated trading instruction.
1066.HK,66.73167674245249,constructive_research,True,Distribution-derived research signal only; not an automated trading instruction.
1070.HK,37.35037045827019,neutral_research,True,Distribution-derived research signal only; not an automated trading instruction.
1071.HK,91.26044433748045,high_conviction_research,True,Distribution-derived research signal only; not an automated trading instruction.
1072.HK,0,avoid_research,True,Distribution-derived research signal only; not an automated trading instruction.
1088.HK,93.47287429734207,high_conviction_research,True,Distribution-derived research signal only; not an automated trading instruction.
1093.HK,0,avoid_research,True,Distribution-derived research signal only; not an automated trading instruction.
1099.HK,100,high_conviction_research,True,Distribution-derived research signal only; not an automated trading instruction.
1109.HK,82.36990130368176,high_conviction_research,True,Distribution-derived research signal only; not an automated trading instruction.
1113.HK,100,high_conviction_research,True,Distribution-derived research signal only; not an automated trading instruction.
1128.HK,86.53947316160229,high_conviction_research,True,Distribution-derived research signal only; not an automated trading instruction.
1133.HK,10.165875839975591,avoid_research,True,Distribution-derived research signal only; not an automated trading instruction.
1138.HK,0,avoid_research,True,Distribution-derived research signal only; not an automated trading instruction.
1157.HK,0,avoid_research,True,Distribution-derived research signal only; not an automated trading instruction.
1171.HK,0,avoid_research,True,Distribution-derived research signal only; not an automated trading instruction.
1177.HK,57.19581456262201,constructive_research,True,Distribution-derived research signal only; not an automated trading instruction.
1186.HK,0,avoid_research,True,Distribution-derived research signal only; not an automated trading instruction.
1193.HK,100,high_conviction_research,True,Distribution-derived research signal only; not an automated trading instruction.
1258.HK,10.191754709380888,avoid_research,True,Distribution-derived research signal only; not an automated trading instruction.
1288.HK,100,high_conviction_research,True,Distribution-derived research signal only; not an automated trading instruction.
1299.HK,0,avoid_research,True,Distribution-derived research signal only; not an automated trading instruction.
1308.HK,80.3456046856891,high_conviction_research,True,Distribution-derived research signal only; not an automated trading instruction.
1336.HK,58.99804202518669,constructive_research,True,Distribution-derived research signal only; not an automated trading instruction.
1339.HK,69.51612011144559,constructive_research,True,Distribution-derived research signal only; not an automated trading instruction.
1359.HK,73.17217647183173,high_conviction_research,True,Distribution-derived research signal only; not an automated trading instruction.
1378.HK,38.68692563157768,neutral_research,True,Distribution-derived research signal only; not an automated trading instruction.
1398.HK,100,high_conviction_research,True,Distribution-derived research signal only; not an automated trading instruction.
1415.HK,3.4322618518401953,avoid_research,True,Distribution-derived research signal only; not an automated trading instruction.
1508.HK,70.98711634651492,high_conviction_research,True,Distribution-derived research signal only; not an automated trading instruction.
1530.HK,11.6748155431183,avoid_research,True,Distribution-derived research signal only; not an automated trading instruction.
1585.HK,84.70058546416314,high_conviction_research,True,Distribution-derived research signal only; not an automated trading instruction.
1766.HK,91.08409649957824,high_conviction_research,True,Distribution-derived research signal only; not an automated trading instruction.
1776.HK,0,avoid_research,True,Distribution-derived research signal only; not an automated trading instruction.
1788.HK,0,avoid_research,True,Distribution-derived research signal only; not an automated trading instruction.
1800.HK,0,avoid_research,True,Distribution-derived research signal only; not an automated trading instruction.
1816.HK,0,avoid_research,True,Distribution-derived research signal only; not an automated trading instruction.
1882.HK,96.58687146580186,high_conviction_research,True,Distribution-derived research signal only; not an automated trading instruction.
1888.HK,0,avoid_research,True,Distribution-derived research signal only; not an automated trading instruction.
1898.HK,64.79400362813675,constructive_research,True,Distribution-derived research signal only; not an automated trading instruction.
1908.HK,65.4783334730764,constructive_research,True,Distribution-derived research signal only; not an automated trading instruction.
1910.HK,68.98521979538326,constructive_research,True,Distribution-derived research signal only; not an automated trading instruction.
1913.HK,65.01569173324128,constructive_research,True,Distribution-derived research signal only; not an automated trading instruction.
1919.HK,94.17446011051008,high_conviction_research,True,Distribution-derived research signal only; not an automated trading instruction.
1928.HK,0,avoid_research,True,Distribution-derived research signal only; not an automated trading instruction.
1929.HK,0,avoid_research,True,Distribution-derived research signal only; not an automated trading instruction.
1963.HK,97.3148361340032,high_conviction_research,True,Distribution-derived research signal only; not an automated trading instruction.
1972.HK,12.337339241443075,avoid_research,True,Distribution-derived research signal only; not an automated trading instruction.
1988.HK,0,avoid_research,True,Distribution-derived research signal only; not an automated trading instruction.
2016.HK,0,avoid_research,True,Distribution-derived research signal only; not an automated trading instruction.
2020.HK,95.99035314118149,high_conviction_research,True,Distribution-derived research signal only; not an automated trading instruction.
2039.HK,0,avoid_research,True,Distribution-derived research signal only; not an automated trading instruction.
2099.HK,0,avoid_research,True,Distribution-derived research signal only; not an automated trading instruction.
2196.HK,0,avoid_research,True,Distribution-derived research signal only; not an automated trading instruction.
2208.HK,0,avoid_research,True,Distribution-derived research signal only; not an automated trading instruction.
2238.HK,0,avoid_research,True,Distribution-derived research signal only; not an automated trading instruction.
2282.HK,62.62823606864535,constructive_research,True,Distribution-derived research signal only; not an automated trading instruction.
2313.HK,80.83080925694912,high_conviction_research,True,Distribution-derived research signal only; not an automated trading instruction.
2318.HK,91.49469332291376,high_conviction_research,True,Distribution-derived research signal only; not an automated trading instruction.
2319.HK,89.64084162817322,high_conviction_research,True,Distribution-derived research signal only; not an automated trading instruction.
2328.HK,87.58500635918986,high_conviction_research,True,Distribution-derived research signal only; not an automated trading instruction.
2331.HK,74.19012145373453,high_conviction_research,True,Distribution-derived research signal only; not an automated trading instruction.
2333.HK,70.93727884111274,high_conviction_research,True,Distribution-derived research signal only; not an automated trading instruction.
2338.HK,29.71956107246794,avoid_research,True,Distribution-derived research signal only; not an automated trading instruction.
2343.HK,0,avoid_research,True,Distribution-derived research signal only; not an automated trading instruction.
2357.HK,0,avoid_research,True,Distribution-derived research signal only; not an automated trading instruction.
2378.HK,24.637138945749662,avoid_research,True,Distribution-derived research signal only; not an automated trading instruction.
2380.HK,0,avoid_research,True,Distribution-derived research signal only; not an automated trading instruction.
2382.HK,43.393471715078995,neutral_research,True,Distribution-derived research signal only; not an automated trading instruction.
2388.HK,0,avoid_research,True,Distribution-derived research signal only; not an automated trading instruction.
2588.HK,0,avoid_research,True,Distribution-derived research signal only; not an automated trading instruction.
2600.HK,29.96168572954005,avoid_research,True,Distribution-derived research signal only; not an automated trading instruction.
2601.HK,77.53003068167753,high_conviction_research,True,Distribution-derived research signal only; not an automated trading instruction.
2607.HK,100,high_conviction_research,True,Distribution-derived research signal only; not an automated trading instruction.
2628.HK,56.93088068299018,constructive_research,True,Distribution-derived research signal only; not an automated trading instruction.
2638.HK,0,avoid_research,True,Distribution-derived research signal only; not an automated trading instruction.
2688.HK,100,high_conviction_research,True,Distribution-derived research signal only; not an automated trading instruction.
2883.HK,79.0373695413719,high_conviction_research,True,Distribution-derived research signal only; not an automated trading instruction.
2888.HK,80.66408493080013,high_conviction_research,True,Distribution-derived research signal only; not an automated trading instruction.
2899.HK,37.99193969707011,neutral_research,True,Distribution-derived research signal only; not an automated trading instruction.
3311.HK,0,avoid_research,True,Distribution-derived research signal only; not an automated trading instruction.
3323.HK,0,avoid_research,True,Distribution-derived research signal only; not an automated trading instruction.
3328.HK,92.25017569542413,high_conviction_research,True,Distribution-derived research signal only; not an automated trading instruction.
3330.HK,0,avoid_research,True,Distribution-derived research signal only; not an automated trading instruction.
3360.HK,45.85674554375955,neutral_research,True,Distribution-derived research signal only; not an automated trading instruction.
3393.HK,0.43985494589175644,avoid_research,True,Distribution-derived research signal only; not an automated trading instruction.
3606.HK,80.53668666350583,high_conviction_research,True,Distribution-derived research signal only; not an automated trading instruction.
3618.HK,0,avoid_research,True,Distribution-derived research signal only; not an automated trading instruction.
3698.HK,91.6502676642908,high_conviction_research,True,Distribution-derived research signal only; not an automated trading instruction.
3808.HK,38.310967716766875,neutral_research,True,Distribution-derived research signal only; not an automated trading instruction.
3898.HK,0,avoid_research,True,Distribution-derived research signal only; not an automated trading instruction.
3900.HK,0,avoid_research,True,Distribution-derived research signal only; not an automated trading instruction.
3908.HK,63.64836938667813,constructive_research,True,Distribution-derived research signal only; not an automated trading instruction.
3933.HK,55.182743754564434,constructive_research,True,Distribution-derived research signal only; not an automated trading instruction.
3939.HK,0,avoid_research,True,Distribution-derived research signal only; not an automated trading instruction.
3958.HK,0,avoid_research,True,Distribution-derived research signal only; not an automated trading instruction.
3968.HK,100,high_conviction_research,True,Distribution-derived research signal only; not an automated trading instruction.
3988.HK,100,high_conviction_research,True,Distribution-derived research signal only; not an automated trading instruction.
3993.HK,0,avoid_research,True,Distribution-derived research signal only; not an automated trading instruction.
3996.HK,0,avoid_research,True,Distribution-derived research signal only; not an automated trading instruction.
3998.HK,0,avoid_research,True,Distribution-derived research signal only; not an automated trading instruction.
6030.HK,71.86826834308101,high_conviction_research,True,Distribution-derived research signal only; not an automated trading instruction.
6198.HK,100,high_conviction_research,True,Distribution-derived research signal only; not an automated trading instruction.
6818.HK,90.97042574813818,high_conviction_research,True,Distribution-derived research signal only; not an automated trading instruction.
6823.HK,48.45850711183164,neutral_research,True,Distribution-derived research signal only; not an automated trading instruction.
6881.HK,0,avoid_research,True,Distribution-derived research signal only; not an automated trading instruction.
6886.HK,0,avoid_research,True,Distribution-derived research signal only; not an automated trading instruction.
0001.HK,97.80862130986986,high_conviction_research,True,Distribution-derived research signal only; not an automated trading instruction.
0002.HK,95.45336469561379,high_conviction_research,True,Distribution-derived research signal only; not an automated trading instruction.
0003.HK,0,avoid_research,True,Distribution-derived research signal only; not an automated trading instruction.
0004.HK,0,avoid_research,True,Distribution-derived research signal only; not an automated trading instruction.
0005.HK,65.78655154615112,constructive_research,True,Distribution-derived research signal only; not an automated trading instruction.
0006.HK,0,avoid_research,True,Distribution-derived research signal only; not an automated trading instruction.
0008.HK,6.127167739854249,avoid_research,True,Distribution-derived research signal only; not an automated trading instruction.
0012.HK,96.32405725760837,high_conviction_research,True,Distribution-derived research signal only; not an automated trading instruction.
0016.HK,0,avoid_research,True,Distribution-derived research signal only; not an automated trading instruction.
0019.HK,0,avoid_research,True,Distribution-derived research signal only; not an automated trading instruction.
0023.HK,36.09295766780992,neutral_research,True,Distribution-derived research signal only; not an automated trading instruction.
0027.HK,88.14065751536235,high_conviction_research,True,Distribution-derived research signal only; not an automated trading instruction.
0066.HK,0,avoid_research,True,Distribution-derived research signal only; not an automated trading instruction.
0083.HK,74.38532112008481,high_conviction_research,True,Distribution-derived research signal only; not an automated trading instruction.
0101.HK,90.21859847251721,high_conviction_research,True,Distribution-derived research signal only; not an automated trading instruction.
0135.HK,100,high_conviction_research,True,Distribution-derived research signal only; not an automated trading instruction.
0144.HK,100,high_conviction_research,True,Distribution-derived research signal only; not an automated trading instruction.
0148.HK,0,avoid_research,True,Distribution-derived research signal only; not an automated trading instruction.
0151.HK,89.98909669014921,high_conviction_research,True,Distribution-derived research signal only; not an automated trading instruction.
0168.HK,100,high_conviction_research,True,Distribution-derived research signal only; not an automated trading instruction.
0175.HK,66.2580955972148,constructive_research,True,Distribution-derived research signal only; not an automated trading instruction.
0177.HK,0,avoid_research,True,Distribution-derived research signal only; not an automated trading instruction.
0179.HK,9.881770272654158,avoid_research,True,Distribution-derived research signal only; not an automated trading instruction.
0189.HK,21.659153140135842,avoid_research,True,Distribution-derived research signal only; not an automated trading instruction.
0220.HK,85.82569662900872,high_conviction_research,True,Distribution-derived research signal only; not an automated trading instruction.
0241.HK,0,avoid_research,True,Distribution-derived research signal only; not an automated trading instruction.
0257.HK,94.9742391728782,high_conviction_research,True,Distribution-derived research signal only; not an automated trading instruction.
0267.HK,0,avoid_research,True,Distribution-derived research signal only; not an automated trading instruction.
0270.HK,100,high_conviction_research,True,Distribution-derived research signal only; not an automated trading instruction.
0288.HK,92.76832300064683,high_conviction_research,True,Distribution-derived research signal only; not an automated trading instruction.
0291.HK,91.60408956174584,high_conviction_research,True,Distribution-derived research signal only; not an automated trading instruction.
0293.HK,88.13222055843418,high_conviction_research,True,Distribution-derived research signal only; not an automated trading instruction.
0316.HK,0,avoid_research,True,Distribution-derived research signal only; not an automated trading instruction.
0322.HK,85.71858411356173,high_conviction_research,True,Distribution-derived research signal only; not an automated trading instruction.
0354.HK,0,avoid_research,True,Distribution-derived research signal only; not an automated trading instruction.
0358.HK,0,avoid_research,True,Distribution-derived research signal only; not an automated trading instruction.
0371.HK,96.07246225945778,high_conviction_research,True,Distribution-derived research signal only; not an automated trading instruction.
5.HK,94.69609074631785,high_conviction_research,True,Distribution-derived research signal only; not an automated trading instruction.
6178.HK,84.21448941797584,high_conviction_research,True,Distribution-derived research signal only; not an automated trading instruction.
000001.SHE,100,high_conviction_research,True,Distribution-derived research signal only; not an automated trading instruction.
000009.SHE,0,avoid_research,True,Distribution-derived research signal only; not an automated trading instruction.
000039.SHE,0.703775825951638,avoid_research,True,Distribution-derived research signal only; not an automated trading instruction.
000062.SHE,0,avoid_research,True,Distribution-derived research signal only; not an automated trading instruction.
000063.SHE,0,avoid_research,True,Distribution-derived research signal only; not an automated trading instruction.
000100.SHE,59.29632103813331,constructive_research,True,Distribution-derived research signal only; not an automated trading instruction.
000157.SHE,0,avoid_research,True,Distribution-derived research signal only; not an automated trading instruction.
000166.SHE,0,avoid_research,True,Distribution-derived research signal only; not an automated trading instruction.
000333.SHE,100,high_conviction_research,True,Distribution-derived research signal only; not an automated trading instruction.
000338.SHE,36.828384009207,neutral_research,True,Distribution-derived research signal only; not an automated trading instruction.
000408.SHE,0,avoid_research,True,Distribution-derived research signal only; not an automated trading instruction.
000425.SHE,57.4526451138124,constructive_research,True,Distribution-derived research signal only; not an automated trading instruction.
000538.SHE,100,high_conviction_research,True,Distribution-derived research signal only; not an automated trading instruction.
000559.SHE,0,avoid_research,True,Distribution-derived research signal only; not an automated trading instruction.
000568.SHE,82.042153740025,high_conviction_research,True,Distribution-derived research signal only; not an automated trading instruction.
000596.SHE,0,avoid_research,True,Distribution-derived research signal only; not an automated trading instruction.
000617.SHE,0,avoid_research,True,Distribution-derived research signal only; not an automated trading instruction.
000625.SHE,0,avoid_research,True,Distribution-derived research signal only; not an automated trading instruction.
000630.SHE,0,avoid_research,True,Distribution-derived research signal only; not an automated trading instruction.
000651.SHE,100,high_conviction_research,True,Distribution-derived research signal only; not an automated trading instruction.
000708.SHE,86.49249678095106,high_conviction_research,True,Distribution-derived research signal only; not an automated trading instruction.
000776.SHE,0,avoid_research,True,Distribution-derived research signal only; not an automated trading instruction.
000783.SHE,0,avoid_research,True,Distribution-derived research signal only; not an automated trading instruction.
000807.SHE,35.25463505344319,neutral_research,True,Distribution-derived research signal only; not an automated trading instruction.
000858.SHE,100,high_conviction_research,True,Distribution-derived research signal only; not an automated trading instruction.
000878.SHE,0,avoid_research,True,Distribution-derived research signal only; not an automated trading instruction.
000895.SHE,100,high_conviction_research,True,Distribution-derived research signal only; not an automated trading instruction.
000933.SHE,38.101266965634515,neutral_research,True,Distribution-derived research signal only; not an automated trading instruction.
000958.SHE,0,avoid_research,True,Distribution-derived research signal only; not an automated trading instruction.
000960.SHE,0,avoid_research,True,Distribution-derived research signal only; not an automated trading instruction.
000963.SHE,84.32043479471417,high_conviction_research,True,Distribution-derived research signal only; not an automated trading instruction.
000967.SHE,0,avoid_research,True,Distribution-derived research signal only; not an automated trading instruction.
000975.SHE,8.060132032357629,avoid_research,True,Distribution-derived research signal only; not an automated trading instruction.
000983.SHE,0,avoid_research,True,Distribution-derived research signal only; not an automated trading instruction.
002001.SHE,70.59825671100035,high_conviction_research,True,Distribution-derived research signal only; not an automated trading instruction.
002027.SHE,93.57391934519427,high_conviction_research,True,Distribution-derived research signal only; not an automated trading instruction.
002050.SHE,0,avoid_research,True,Distribution-derived research signal only; not an automated trading instruction.
002056.SHE,29.686253837090604,avoid_research,True,Distribution-derived research signal only; not an automated trading instruction.
002064.SHE,0,avoid_research,True,Distribution-derived research signal only; not an automated trading instruction.
002128.SHE,54.23695686273351,neutral_research,True,Distribution-derived research signal only; not an automated trading instruction.
002131.SHE,0,avoid_research,True,Distribution-derived research signal only; not an automated trading instruction.
002138.SHE,0,avoid_research,True,Distribution-derived research signal only; not an automated trading instruction.
002142.SHE,100,high_conviction_research,True,Distribution-derived research signal only; not an automated trading instruction.
002155.SHE,0,avoid_research,True,Distribution-derived research signal only; not an automated trading instruction.
002179.SHE,0,avoid_research,True,Distribution-derived research signal only; not an automated trading instruction.
002203.SHE,0,avoid_research,True,Distribution-derived research signal only; not an automated trading instruction.
002236.SHE,85.3303454618945,high_conviction_research,True,Distribution-derived research signal only; not an automated trading instruction.
002241.SHE,0,avoid_research,True,Distribution-derived research signal only; not an automated trading instruction.
002273.SHE,0,avoid_research,True,Distribution-derived research signal only; not an automated trading instruction.
002294.SHE,0,avoid_research,True,Distribution-derived research signal only; not an automated trading instruction.
002304.SHE,0,avoid_research,True,Distribution-derived research signal only; not an automated trading instruction.
002311.SHE,64.0370289127944,constructive_research,True,Distribution-derived research signal only; not an automated trading instruction.
002340.SHE,0,avoid_research,True,Distribution-derived research signal only; not an automated trading instruction.
002352.SHE,100,high_conviction_research,True,Distribution-derived research signal only; not an automated trading instruction.
002379.SHE,31.316337994286783,avoid_research,True,Distribution-derived research signal only; not an automated trading instruction.
002415.SHE,91.64302377047147,high_conviction_research,True,Distribution-derived research signal only; not an automated trading instruction.
002422.SHE,0,avoid_research,True,Distribution-derived research signal only; not an automated trading instruction.
002429.SHE,8.262689471261787,avoid_research,True,Distribution-derived research signal only; not an automated trading instruction.
002432.SHE,0,avoid_research,True,Distribution-derived research signal only; not an automated trading instruction.
002472.SHE,0,avoid_research,True,Distribution-derived research signal only; not an automated trading instruction.
002532.SHE,33.289867074936275,avoid_research,True,Distribution-derived research signal only; not an automated trading instruction.
002555.SHE,54.2804540811653,neutral_research,True,Distribution-derived research signal only; not an automated trading instruction.
002558.SHE,0,avoid_research,True,Distribution-derived research signal only; not an automated trading instruction.
002595.SHE,0,avoid_research,True,Distribution-derived research signal only; not an automated trading instruction.
002601.SHE,0,avoid_research,True,Distribution-derived research signal only; not an automated trading instruction.
002648.SHE,51.453041627462895,neutral_research,True,Distribution-derived research signal only; not an automated trading instruction.
002714.SHE,79.13726047895777,high_conviction_research,True,Distribution-derived research signal only; not an automated trading instruction.
002736.SHE,75.74548893839568,high_conviction_research,True,Distribution-derived research signal only; not an automated trading instruction.
200725.SHE,39.968564753604774,neutral_research,True,Distribution-derived research signal only; not an automated trading instruction.
300014.SHE,0,avoid_research,True,Distribution-derived research signal only; not an automated trading instruction.
300015.SHE,91.03047573456176,high_conviction_research,True,Distribution-derived research signal only; not an automated trading instruction.
300017.SHE,0,avoid_research,True,Distribution-derived research signal only; not an automated trading instruction.
300033.SHE,0,avoid_research,True,Distribution-derived research signal only; not an automated trading instruction.
300251.SHE,18.305323376718675,avoid_research,True,Distribution-derived research signal only; not an automated trading instruction.
300274.SHE,10.206427296456383,avoid_research,True,Distribution-derived research signal only; not an automated trading instruction.
300346.SHE,0,avoid_research,True,Distribution-derived research signal only; not an automated trading instruction.
300433.SHE,0,avoid_research,True,Distribution-derived research signal only; not an automated trading instruction.
300487.SHE,0,avoid_research,True,Distribution-derived research signal only; not an automated trading instruction.
300498.SHE,0,avoid_research,True,Distribution-derived research signal only; not an automated trading instruction.
600000.SHG,100,high_conviction_research,True,Distribution-derived research signal only; not an automated trading instruction.
600009.SHG,98.26175874232163,high_conviction_research,True,Distribution-derived research signal only; not an automated trading instruction.
600011.SHG,64.3148622723841,constructive_research,True,Distribution-derived research signal only; not an automated trading instruction.
600015.SHG,100,high_conviction_research,True,Distribution-derived research signal only; not an automated trading instruction.
600016.SHG,0,avoid_research,True,Distribution-derived research signal only; not an automated trading instruction.
600018.SHG,100,high_conviction_research,True,Distribution-derived research signal only; not an automated trading instruction.
600019.SHG,100,high_conviction_research,True,Distribution-derived research signal only; not an automated trading instruction.
600021.SHG,0,avoid_research,True,Distribution-derived research signal only; not an automated trading instruction.
600023.SHG,92.4497629965738,high_conviction_research,True,Distribution-derived research signal only; not an automated trading instruction.
600026.SHG,0,avoid_research,True,Distribution-derived research signal only; not an automated trading instruction.
600027.SHG,100,high_conviction_research,True,Distribution-derived research signal only; not an automated trading instruction.
600028.SHG,8.286779927804197,avoid_research,True,Distribution-derived research signal only; not an automated trading instruction.
600030.SHG,79.98926169315287,high_conviction_research,True,Distribution-derived research signal only; not an automated trading instruction.
600031.SHG,74.47312023548024,high_conviction_research,True,Distribution-derived research signal only; not an automated trading instruction.
600036.SHG,100,high_conviction_research,True,Distribution-derived research signal only; not an automated trading instruction.
600039.SHG,89.07925651255114,high_conviction_research,True,Distribution-derived research signal only; not an automated trading instruction.
600050.SHG,100,high_conviction_research,True,Distribution-derived research signal only; not an automated trading instruction.
600066.SHG,73.18795061232422,high_conviction_research,True,Distribution-derived research signal only; not an automated trading instruction.
600089.SHG,0,avoid_research,True,Distribution-derived research signal only; not an automated trading instruction.
600096.SHG,51.366792026973584,neutral_research,True,Distribution-derived research signal only; not an automated trading instruction.
600104.SHG,100,high_conviction_research,True,Distribution-derived research signal only; not an automated trading instruction.
600141.SHG,0,avoid_research,True,Distribution-derived research signal only; not an automated trading instruction.
600143.SHG,0,avoid_research,True,Distribution-derived research signal only; not an automated trading instruction.
600150.SHG,0,avoid_research,True,Distribution-derived research signal only; not an automated trading instruction.
600160.SHG,0,avoid_research,True,Distribution-derived research signal only; not an automated trading instruction.
600188.SHG,0,avoid_research,True,Distribution-derived research signal only; not an automated trading instruction.
600196.SHG,0,avoid_research,True,Distribution-derived research signal only; not an automated trading instruction.
600219.SHG,36.55461084716887,neutral_research,True,Distribution-derived research signal only; not an automated trading instruction.
600233.SHG,4.981985082486624,avoid_research,True,Distribution-derived research signal only; not an automated trading instruction.
600236.SHG,0,avoid_research,True,Distribution-derived research signal only; not an automated trading instruction.
600256.SHG,47.97973615317803,neutral_research,True,Distribution-derived research signal only; not an automated trading instruction.
600309.SHG,0,avoid_research,True,Distribution-derived research signal only; not an automated trading instruction.
600346.SHG,18.853858957106986,avoid_research,True,Distribution-derived research signal only; not an automated trading instruction.
600352.SHG,57.39885675242938,constructive_research,True,Distribution-derived research signal only; not an automated trading instruction.
600362.SHG,0,avoid_research,True,Distribution-derived research signal only; not an automated trading instruction.
600372.SHG,0,avoid_research,True,Distribution-derived research signal only; not an automated trading instruction.
600392.SHG,0,avoid_research,True,Distribution-derived research signal only; not an automated trading instruction.
600406.SHG,91.72695299100221,high_conviction_research,True,Distribution-derived research signal only; not an automated trading instruction.
600415.SHG,59.66493592859983,constructive_research,True,Distribution-derived research signal only; not an automated trading instruction.
600426.SHG,0,avoid_research,True,Distribution-derived research signal only; not an automated trading instruction.
600436.SHG,0,avoid_research,True,Distribution-derived research signal only; not an automated trading instruction.
600489.SHG,2.0295617885183432,avoid_research,True,Distribution-derived research signal only; not an automated trading instruction.
600497.SHG,0,avoid_research,True,Distribution-derived research signal only; not an automated trading instruction.
600519.SHG,81.98724709739317,high_conviction_research,True,Distribution-derived research signal only; not an automated trading instruction.
600547.SHG,0,avoid_research,True,Distribution-derived research signal only; not an automated trading instruction.
600549.SHG,0,avoid_research,True,Distribution-derived research signal only; not an automated trading instruction.
600563.SHG,0,avoid_research,True,Distribution-derived research signal only; not an automated trading instruction.
600578.SHG,30.09314795614337,avoid_research,True,Distribution-derived research signal only; not an automated trading instruction.
600585.SHG,90.59702396637998,high_conviction_research,True,Distribution-derived research signal only; not an automated trading instruction.
600600.SHG,75.06337376198007,high_conviction_research,True,Distribution-derived research signal only; not an automated trading instruction.
600660.SHG,74.820071736076,high_conviction_research,True,Distribution-derived research signal only; not an automated trading instruction.
600674.SHG,0,avoid_research,True,Distribution-derived research signal only; not an automated trading instruction.
600690.SHG,100,high_conviction_research,True,Distribution-derived research signal only; not an automated trading instruction.
600741.SHG,100,high_conviction_research,True,Distribution-derived research signal only; not an automated trading instruction.
600795.SHG,48.423821394015015,neutral_research,True,Distribution-derived research signal only; not an automated trading instruction.
600801.SHG,42.251697812161005,neutral_research,True,Distribution-derived research signal only; not an automated trading instruction.
600809.SHG,83.74961010128554,high_conviction_research,True,Distribution-derived research signal only; not an automated trading instruction.
600845.SHG,0,avoid_research,True,Distribution-derived research signal only; not an automated trading instruction.
600863.SHG,62.19482533200273,constructive_research,True,Distribution-derived research signal only; not an automated trading instruction.
600875.SHG,0,avoid_research,True,Distribution-derived research signal only; not an automated trading instruction.
600886.SHG,100,high_conviction_research,True,Distribution-derived research signal only; not an automated trading instruction.
600887.SHG,100,high_conviction_research,True,Distribution-derived research signal only; not an automated trading instruction.
600900.SHG,100,high_conviction_research,True,Distribution-derived research signal only; not an automated trading instruction.
600958.SHG,0,avoid_research,True,Distribution-derived research signal only; not an automated trading instruction.
600985.SHG,0,avoid_research,True,Distribution-derived research signal only; not an automated trading instruction.
600999.SHG,0,avoid_research,True,Distribution-derived research signal only; not an automated trading instruction.
601006.SHG,0,avoid_research,True,Distribution-derived research signal only; not an automated trading instruction.
601009.SHG,100,high_conviction_research,True,Distribution-derived research signal only; not an automated trading instruction.
601058.SHG,0,avoid_research,True,Distribution-derived research signal only; not an automated trading instruction.
601088.SHG,92.93584568128331,high_conviction_research,True,Distribution-derived research signal only; not an automated trading instruction.
601117.SHG,36.03141685454792,neutral_research,True,Distribution-derived research signal only; not an automated trading instruction.
601126.SHG,0,avoid_research,True,Distribution-derived research signal only; not an automated trading instruction.
601127.SHG,74.09695176520276,high_conviction_research,True,Distribution-derived research signal only; not an automated trading instruction.
601166.SHG,100,high_conviction_research,True,Distribution-derived research signal only; not an automated trading instruction.
601168.SHG,33.89796295024348,avoid_research,True,Distribution-derived research signal only; not an automated trading instruction.
601169.SHG,100,high_conviction_research,True,Distribution-derived research signal only; not an automated trading instruction.
601186.SHG,0,avoid_research,True,Distribution-derived research signal only; not an automated trading instruction.
601211.SHG,98.30168699770459,high_conviction_research,True,Distribution-derived research signal only; not an automated trading instruction.
601225.SHG,75.71158818855835,high_conviction_research,True,Distribution-derived research signal only; not an automated trading instruction.
601231.SHG,0,avoid_research,True,Distribution-derived research signal only; not an automated trading instruction.
601288.SHG,100,high_conviction_research,True,Distribution-derived research signal only; not an automated trading instruction.
601318.SHG,94.47209143985211,high_conviction_research,True,Distribution-derived research signal only; not an automated trading instruction.
601328.SHG,100,high_conviction_research,True,Distribution-derived research signal only; not an automated trading instruction.
601336.SHG,70.38586928189807,high_conviction_research,True,Distribution-derived research signal only; not an automated trading instruction.
601360.SHG,0,avoid_research,True,Distribution-derived research signal only; not an automated trading instruction.
601377.SHG,93.0067787821012,high_conviction_research,True,Distribution-derived research signal only; not an automated trading instruction.
601390.SHG,0,avoid_research,True,Distribution-derived research signal only; not an automated trading instruction.
601398.SHG,100,high_conviction_research,True,Distribution-derived research signal only; not an automated trading instruction.
601600.SHG,31.061318438895874,avoid_research,True,Distribution-derived research signal only; not an automated trading instruction.
601601.SHG,78.22195193981415,high_conviction_research,True,Distribution-derived research signal only; not an automated trading instruction.
601628.SHG,81.70685806963402,high_conviction_research,True,Distribution-derived research signal only; not an automated trading instruction.
601633.SHG,100,high_conviction_research,True,Distribution-derived research signal only; not an automated trading instruction.
601668.SHG,0,avoid_research,True,Distribution-derived research signal only; not an automated trading instruction.
601669.SHG,0,avoid_research,True,Distribution-derived research signal only; not an automated trading instruction.
601688.SHG,0,avoid_research,True,Distribution-derived research signal only; not an automated trading instruction.
601699.SHG,40.79967328136502,neutral_research,True,Distribution-derived research signal only; not an automated trading instruction.
601766.SHG,100,high_conviction_research,True,Distribution-derived research signal only; not an automated trading instruction.
601788.SHG,100,high_conviction_research,True,Distribution-derived research signal only; not an automated trading instruction.
601800.SHG,0,avoid_research,True,Distribution-derived research signal only; not an automated trading instruction.
601808.SHG,76.82681808680626,high_conviction_research,True,Distribution-derived research signal only; not an automated trading instruction.
601818.SHG,100,high_conviction_research,True,Distribution-derived research signal only; not an automated trading instruction.
601857.SHG,76.75644864159995,high_conviction_research,True,Distribution-derived research signal only; not an automated trading instruction.
601872.SHG,0,avoid_research,True,Distribution-derived research signal only; not an automated trading instruction.
601877.SHG,60.024940726581285,constructive_research,True,Distribution-derived research signal only; not an automated trading instruction.
601888.SHG,6.835680788436864,avoid_research,True,Distribution-derived research signal only; not an automated trading instruction.
601898.SHG,47.17305830788142,neutral_research,True,Distribution-derived research signal only; not an automated trading instruction.
601899.SHG,43.93238331199535,neutral_research,True,Distribution-derived research signal only; not an automated trading instruction.
601901.SHG,0,avoid_research,True,Distribution-derived research signal only; not an automated trading instruction.
601919.SHG,100,high_conviction_research,True,Distribution-derived research signal only; not an automated trading instruction.
601939.SHG,100,high_conviction_research,True,Distribution-derived research signal only; not an automated trading instruction.
601958.SHG,0,avoid_research,True,Distribution-derived research signal only; not an automated trading instruction.
601985.SHG,0,avoid_research,True,Distribution-derived research signal only; not an automated trading instruction.
601988.SHG,100,high_conviction_research,True,Distribution-derived research signal only; not an automated trading instruction.
601991.SHG,0,avoid_research,True,Distribution-derived research signal only; not an automated trading instruction.
601998.SHG,100,high_conviction_research,True,Distribution-derived research signal only; not an automated trading instruction.
603288.SHG,48.60458645730024,neutral_research,True,Distribution-derived research signal only; not an automated trading instruction.
603799.SHG,0,avoid_research,True,Distribution-derived research signal only; not an automated trading instruction.
603806.SHG,0,avoid_research,True,Distribution-derived research signal only; not an automated trading instruction.
603993.SHG,0,avoid_research,True,Distribution-derived research signal only; not an automated trading instruction.
600919.SHG,100,high_conviction_research,True,Distribution-derived research signal only; not an automated trading instruction.
1658.HK,100,high_conviction_research,True,Distribution-derived research signal only; not an automated trading instruction.
6099.HK,0,avoid_research,True,Distribution-derived research signal only; not an automated trading instruction.
3320.HK,91.35847549709663,high_conviction_research,True,Distribution-derived research signal only; not an automated trading instruction.
PSH.LSE,0,avoid_research,True,Distribution-derived research signal only; not an automated trading instruction.
600926.SHG,100,high_conviction_research,True,Distribution-derived research signal only; not an automated trading instruction.
6066.HK,69.59547921123338,constructive_research,True,Distribution-derived research signal only; not an automated trading instruction.
1357.HK,0,avoid_research,True,Distribution-derived research signal only; not an automated trading instruction.
601229.SHG,0,avoid_research,True,Distribution-derived research signal only; not an automated trading instruction.
600909.SHG,39.82380430778956,neutral_research,True,Distribution-derived research signal only; not an automated trading instruction.
GALE.SW,100,high_conviction_research,True,Distribution-derived research signal only; not an automated trading instruction.
AYV.PA,41.84840443465962,neutral_research,True,Distribution-derived research signal only; not an automated trading instruction.
603929.SHG,0,avoid_research,True,Distribution-derived research signal only; not an automated trading instruction.
UNI.MC,0,avoid_research,True,Distribution-derived research signal only; not an automated trading instruction.
601881.SHG,0,avoid_research,True,Distribution-derived research signal only; not an automated trading instruction.
ESSITY-B.ST,100,high_conviction_research,True,Distribution-derived research signal only; not an automated trading instruction.
2611.HK,81.63776560555999,high_conviction_research,True,Distribution-derived research signal only; not an automated trading instruction.
002850.SHE,0,avoid_research,True,Distribution-derived research signal only; not an automated trading instruction.
SUPR.LSE,80.70564482605285,high_conviction_research,True,Distribution-derived research signal only; not an automated trading instruction.
300628.SHE,15.224326198679993,avoid_research,True,Distribution-derived research signal only; not an automated trading instruction.
LAND.SW,0,avoid_research,True,Distribution-derived research signal only; not an automated trading instruction.
603920.SHG,0,avoid_research,True,Distribution-derived research signal only; not an automated trading instruction.
BG.VI,0,avoid_research,True,Distribution-derived research signal only; not an automated trading instruction.
BFSA.XETRA,81.90914868833651,high_conviction_research,True,Distribution-derived research signal only; not an automated trading instruction.
1651.HK,9.993335141024403,avoid_research,True,Distribution-derived research signal only; not an automated trading instruction.
603129.SHG,16.802429789736742,avoid_research,True,Distribution-derived research signal only; not an automated trading instruction.
UNCRY.US,0,avoid_research,True,Distribution-derived research signal only; not an automated trading instruction.
EDV.LSE,37.353185883019854,neutral_research,True,Distribution-derived research signal only; not an automated trading instruction.
1997.HK,86.19593360290362,high_conviction_research,True,Distribution-derived research signal only; not an automated trading instruction.
601108.SHG,87.4575024483716,high_conviction_research,True,Distribution-derived research signal only; not an automated trading instruction.
IHP.LSE,100,high_conviction_research,True,Distribution-derived research signal only; not an automated trading instruction.
603260.SHG,0,avoid_research,True,Distribution-derived research signal only; not an automated trading instruction.
DWS.XETRA,3.329033198369231,avoid_research,True,Distribution-derived research signal only; not an automated trading instruction.
ENOG.LSE,30.38835071793265,avoid_research,True,Distribution-derived research signal only; not an automated trading instruction.
SHL.XETRA,0,avoid_research,True,Distribution-derived research signal only; not an automated trading instruction.
600025.SHG,0,avoid_research,True,Distribution-derived research signal only; not an automated trading instruction.
002920.SHE,0,avoid_research,True,Distribution-derived research signal only; not an automated trading instruction.
601838.SHG,100,high_conviction_research,True,Distribution-derived research signal only; not an automated trading instruction.
QLT.LSE,97.15039304659125,high_conviction_research,True,Distribution-derived research signal only; not an automated trading instruction.
603156.SHG,0,avoid_research,True,Distribution-derived research signal only; not an automated trading instruction.
EPI-A.ST,0,avoid_research,True,Distribution-derived research signal only; not an automated trading instruction.
603259.SHG,48.41221248924754,neutral_research,True,Distribution-derived research signal only; not an automated trading instruction.
KBX.XETRA,0,avoid_research,True,Distribution-derived research signal only; not an automated trading instruction.
601138.SHG,0,avoid_research,True,Distribution-derived research signal only; not an automated trading instruction.
SIGN.SW,0,avoid_research,True,Distribution-derived research signal only; not an automated trading instruction.
601066.SHG,87.46092617656997,high_conviction_research,True,Distribution-derived research signal only; not an automated trading instruction.
0788.HK,100,high_conviction_research,True,Distribution-derived research signal only; not an automated trading instruction.
AJB.LSE,7.257262413137514,avoid_research,True,Distribution-derived research signal only; not an automated trading instruction.
6862.HK,72.88328418492439,high_conviction_research,True,Distribution-derived research signal only; not an automated trading instruction.
1787.HK,0,avoid_research,True,Distribution-derived research signal only; not an automated trading instruction.
300748.SHE,0,avoid_research,True,Distribution-derived research signal only; not an automated trading instruction.
002938.SHE,0,avoid_research,True,Distribution-derived research signal only; not an automated trading instruction.
300760.SHE,93.71493510640418,high_conviction_research,True,Distribution-derived research signal only; not an automated trading instruction.
0780.HK,65.24981602028112,constructive_research,True,Distribution-derived research signal only; not an automated trading instruction.
3668.HK,0,avoid_research,True,Distribution-derived research signal only; not an automated trading instruction.
601319.SHG,85.17818758008849,high_conviction_research,True,Distribution-derived research signal only; not an automated trading instruction.
CCEP.LSE,0,avoid_research,True,Distribution-derived research signal only; not an automated trading instruction.
SRAIL.SW,0,avoid_research,True,Distribution-derived research signal only; not an automated trading instruction.
8TRA.XETRA,0,avoid_research,True,Distribution-derived research signal only; not an automated trading instruction.
AAF.LSE,52.2025709085795,neutral_research,True,Distribution-derived research signal only; not an automated trading instruction.
6806.HK,0,avoid_research,True,Distribution-derived research signal only; not an automated trading instruction.
8TRA.ST,0,avoid_research,True,Distribution-derived research signal only; not an automated trading instruction.
603379.SHG,0,avoid_research,True,Distribution-derived research signal only; not an automated trading instruction.
6055.HK,0,avoid_research,True,Distribution-derived research signal only; not an automated trading instruction.
3692.HK,15.623316881530744,avoid_research,True,Distribution-derived research signal only; not an automated trading instruction.
600989.SHG,52.813348033135085,neutral_research,True,Distribution-derived research signal only; not an automated trading instruction.
EQT.ST,0,avoid_research,True,Distribution-derived research signal only; not an automated trading instruction.
FDJU.PA,100,high_conviction_research,True,Distribution-derived research signal only; not an automated trading instruction.
MNG.LSE,77.4128059121293,high_conviction_research,True,Distribution-derived research signal only; not an automated trading instruction.
SWON.SW,40.74840386497657,neutral_research,True,Distribution-derived research signal only; not an automated trading instruction.
688188.SHG,1.602293115452646,avoid_research,True,Distribution-derived research signal only; not an automated trading instruction.
1876.HK,95.27893701640066,high_conviction_research,True,Distribution-derived research signal only; not an automated trading instruction.
003816.SHE,0,avoid_research,True,Distribution-derived research signal only; not an automated trading instruction.
688036.SHG,0,avoid_research,True,Distribution-derived research signal only; not an automated trading instruction.
6186.HK,99.660955842755,high_conviction_research,True,Distribution-derived research signal only; not an automated trading instruction.
601077.SHG,0,avoid_research,True,Distribution-derived research signal only; not an automated trading instruction.
601916.SHG,0,avoid_research,True,Distribution-derived research signal only; not an automated trading instruction.
601658.SHG,100,high_conviction_research,True,Distribution-derived research signal only; not an automated trading instruction.
N91.LSE,38.51057395003079,neutral_research,True,Distribution-derived research signal only; not an automated trading instruction.
CARR.US,0,avoid_research,True,Distribution-derived research signal only; not an automated trading instruction.
601816.SHG,100,high_conviction_research,True,Distribution-derived research signal only; not an automated trading instruction.
603195.SHG,100,high_conviction_research,True,Distribution-derived research signal only; not an automated trading instruction.
9999.HK,74.58087720871498,high_conviction_research,True,Distribution-derived research signal only; not an automated trading instruction.
9618.HK,0,avoid_research,True,Distribution-derived research signal only; not an automated trading instruction.
6969.HK,0,avoid_research,True,Distribution-derived research signal only; not an automated trading instruction.
603087.SHG,0,avoid_research,True,Distribution-derived research signal only; not an automated trading instruction.
688336.SHG,0,avoid_research,True,Distribution-derived research signal only; not an automated trading instruction.
UNA.AS,12.344674018722522,avoid_research,True,Distribution-derived research signal only; not an automated trading instruction.
9633.HK,56.443109012587854,constructive_research,True,Distribution-derived research signal only; not an automated trading instruction.
9987.HK,56.37115616642635,constructive_research,True,Distribution-derived research signal only; not an automated trading instruction.
300866.SHE,0,avoid_research,True,Distribution-derived research signal only; not an automated trading instruction.
1179.HK,47.82935519315788,neutral_research,True,Distribution-derived research signal only; not an automated trading instruction.
2057.HK,88.12584626052046,high_conviction_research,True,Distribution-derived research signal only; not an automated trading instruction.
NA9.XETRA,0,avoid_research,True,Distribution-derived research signal only; not an automated trading instruction.
SAVE.ST,98.30073129910816,high_conviction_research,True,Distribution-derived research signal only; not an automated trading instruction.
688301.SHG,0,avoid_research,True,Distribution-derived research signal only; not an automated trading instruction.
BYIT.LSE,74.7899511513376,high_conviction_research,True,Distribution-derived research signal only; not an automated trading instruction.
2096.HK,0,avoid_research,True,Distribution-derived research signal only; not an automated trading instruction.
9901.HK,40.7382392028437,neutral_research,True,Distribution-derived research signal only; not an automated trading instruction.
TE.PA,78.46092975936283,high_conviction_research,True,Distribution-derived research signal only; not an automated trading instruction.
MOON.LSE,100,high_conviction_research,True,Distribution-derived research signal only; not an automated trading instruction.
1209.HK,75.49207734082827,high_conviction_research,True,Distribution-derived research signal only; not an automated trading instruction.
9992.HK,13.4712024564503,avoid_research,True,Distribution-derived research signal only; not an automated trading instruction.
CORD.LSE,0,avoid_research,True,Distribution-derived research signal only; not an automated trading instruction.
6690.HK,91.97987414843236,high_conviction_research,True,Distribution-derived research signal only; not an automated trading instruction.
CTPNV.AS,0,avoid_research,True,Distribution-derived research signal only; not an automated trading instruction.
VH2.XETRA,31.56186431115878,avoid_research,True,Distribution-derived research signal only; not an automated trading instruction.
300919.SHE,0,avoid_research,True,Distribution-derived research signal only; not an automated trading instruction.
ALLFG.AS,0,avoid_research,True,Distribution-derived research signal only; not an automated trading instruction.
1024.HK,31.65974679913903,avoid_research,True,Distribution-derived research signal only; not an automated trading instruction.
HBR.LSE,55.28140257787517,constructive_research,True,Distribution-derived research signal only; not an automated trading instruction.
BCG.LSE,64.70156009903143,constructive_research,True,Distribution-derived research signal only; not an automated trading instruction.
605117.SHG,16.693385513781273,avoid_research,True,Distribution-derived research signal only; not an automated trading instruction.
BPT.LSE,0,avoid_research,True,Distribution-derived research signal only; not an automated trading instruction.
605499.SHG,47.34209670540005,neutral_research,True,Distribution-derived research signal only; not an automated trading instruction.
600905.SHG,0,avoid_research,True,Distribution-derived research signal only; not an automated trading instruction.
AZE.BR,30.57653651646253,avoid_research,True,Distribution-derived research signal only; not an automated trading instruction.
UMG.AS,0,avoid_research,True,Distribution-derived research signal only; not an automated trading instruction.
605589.SHG,0,avoid_research,True,Distribution-derived research signal only; not an automated trading instruction.
601825.SHG,0,avoid_research,True,Distribution-derived research signal only; not an automated trading instruction.
601728.SHG,100,high_conviction_research,True,Distribution-derived research signal only; not an automated trading instruction.
688187.SHG,0,avoid_research,True,Distribution-derived research signal only; not an automated trading instruction.
DTG.XETRA,0,avoid_research,True,Distribution-derived research signal only; not an automated trading instruction.
601868.SHG,0,avoid_research,True,Distribution-derived research signal only; not an automated trading instruction.
6821.HK,0,avoid_research,True,Distribution-derived research signal only; not an automated trading instruction.
2276.HK,0,avoid_research,True,Distribution-derived research signal only; not an automated trading instruction.
6680.HK,0,avoid_research,True,Distribution-derived research signal only; not an automated trading instruction.
600941.SHG,100,high_conviction_research,True,Distribution-derived research signal only; not an automated trading instruction.
001289.SHE,0,avoid_research,True,Distribution-derived research signal only; not an automated trading instruction.
6655.HK,47.97711425355973,neutral_research,True,Distribution-derived research signal only; not an automated trading instruction.
2423.HK,0,avoid_research,True,Distribution-derived research signal only; not an automated trading instruction.
600938.SHG,67.15754933397295,constructive_research,True,Distribution-derived research signal only; not an automated trading instruction.
HLUN-B.CO,89.05570718538131,high_conviction_research,True,Distribution-derived research signal only; not an automated trading instruction.
HLN.LSE,84.15531670827906,high_conviction_research,True,Distribution-derived research signal only; not an automated trading instruction.
688213.SHG,0,avoid_research,True,Distribution-derived research signal only; not an automated trading instruction.
9896.HK,53.05988993374616,neutral_research,True,Distribution-derived research signal only; not an automated trading instruction.
ALLEI.ST,27.093530497738563,avoid_research,True,Distribution-derived research signal only; not an automated trading instruction.
P911.XETRA,27.478026575335544,avoid_research,True,Distribution-derived research signal only; not an automated trading instruction.
301308.SHE,0,avoid_research,True,Distribution-derived research signal only; not an automated trading instruction.
1880.HK,0,avoid_research,True,Distribution-derived research signal only; not an automated trading instruction.
ACLN.SW,0,avoid_research,True,Distribution-derived research signal only; not an automated trading instruction.
1698.HK,41.02912894993061,neutral_research,True,Distribution-derived research signal only; not an automated trading instruction.
ITH.LSE,29.574227124922402,avoid_research,True,Distribution-derived research signal only; not an automated trading instruction.
BAM.US,0,avoid_research,True,Distribution-derived research signal only; not an automated trading instruction.
2367.HK,46.726142555375176,neutral_research,True,Distribution-derived research signal only; not an automated trading instruction.
2245.HK,3.9048856299258077,avoid_research,True,Distribution-derived research signal only; not an automated trading instruction.
6963.HK,65.32227220944955,constructive_research,True,Distribution-derived research signal only; not an automated trading instruction.
URW.PA,100,high_conviction_research,True,Distribution-derived research signal only; not an automated trading instruction.
DSFIR.AS,0,avoid_research,True,Distribution-derived research signal only; not an automated trading instruction.
9636.HK,10.012887318979054,avoid_research,True,Distribution-derived research signal only; not an automated trading instruction.
014.F,0,avoid_research,True,Distribution-derived research signal only; not an automated trading instruction.
KVUE.US,0,avoid_research,True,Distribution-derived research signal only; not an automated trading instruction.
601061.SHG,0,avoid_research,True,Distribution-derived research signal only; not an automated trading instruction.
603296.SHG,0,avoid_research,True,Distribution-derived research signal only; not an automated trading instruction.
MANTA.HE,30.352870388657305,avoid_research,True,Distribution-derived research signal only; not an automated trading instruction.
SDZ.SW,0,avoid_research,True,Distribution-derived research signal only; not an automated trading instruction.
SYENS.BR,0,avoid_research,True,Distribution-derived research signal only; not an automated trading instruction.
2419.HK,0,avoid_research,True,Distribution-derived research signal only; not an automated trading instruction.
R3NK.XETRA,0,avoid_research,True,Distribution-derived research signal only; not an automated trading instruction.
CVC.AS,0,avoid_research,True,Distribution-derived research signal only; not an automated trading instruction.
PUIG.MC,69.93133667497916,constructive_research,True,Distribution-derived research signal only; not an automated trading instruction.
6181.HK,0,avoid_research,True,Distribution-derived research signal only; not an automated trading instruction.
2507.HK,0,avoid_research,True,Distribution-derived research signal only; not an automated trading instruction.
0300.HK,96.7865447771232,high_conviction_research,True,Distribution-derived research signal only; not an automated trading instruction.
SUNN.SW,71.9980940606317,high_conviction_research,True,Distribution-derived research signal only; not an automated trading instruction.
6936.HK,97.89209810117785,high_conviction_research,True,Distribution-derived research signal only; not an automated trading instruction.
1318.HK,28.889524394430595,avoid_research,True,Distribution-derived research signal only; not an automated trading instruction.
1364.HK,0,avoid_research,True,Distribution-derived research signal only; not an automated trading instruction.
PFSE.XETRA,0,avoid_research,True,Distribution-derived research signal only; not an automated trading instruction.
3288.HK,30.148091413158816,avoid_research,True,Distribution-derived research signal only; not an automated trading instruction.
2050.HK,0,avoid_research,True,Distribution-derived research signal only; not an automated trading instruction.
2648.HK,64.4919687217605,constructive_research,True,Distribution-derived research signal only; not an automated trading instruction.
6613.HK,0,avoid_research,True,Distribution-derived research signal only; not an automated trading instruction.
MTLN.LSE,0,avoid_research,True,Distribution-derived research signal only; not an automated trading instruction.
SMG.SW,0,avoid_research,True,Distribution-derived research signal only; not an automated trading instruction.
NOBA.ST,0,avoid_research,True,Distribution-derived research signal only; not an automated trading instruction.
9973.HK,0,avoid_research,True,Distribution-derived research signal only; not an automated trading instruction.
2259.HK,9.981558127196074,avoid_research,True,Distribution-derived research signal only; not an automated trading instruction.
6031.HK,10.844506787665019,avoid_research,True,Distribution-derived research signal only; not an automated trading instruction.
9927.HK,10.176166538639762,avoid_research,True,Distribution-derived research signal only; not an automated trading instruction.
2698.HK,0,avoid_research,True,Distribution-derived research signal only; not an automated trading instruction.
2579.HK,0,avoid_research,True,Distribution-derived research signal only; not an automated trading instruction.
2788.HK,0,avoid_research,True,Distribution-derived research signal only; not an automated trading instruction.
OBCK.XETRA,0,avoid_research,True,Distribution-derived research signal only; not an automated trading instruction.
