security_id,ticker,company_name,dividend_cut_probability,dividend_sustainability_score,dividend_growth_probability,dividend_risk_model_confidence
600600.SHG,600600.SHG,Tsingtao Brewery Co Ltd,0.30716318314243846,69.28368168575616,0.3338166409974147,0.68
600660.SHG,600660.SHG,Fuyao Glass Industry Group Co Ltd Class A,0.39670375785017414,60.32962421498258,0.2916336163071718,0.78
600674.SHG,600674.SHG,Sichuan Chuantou Energy Co Ltd,0.679783497173498,32.02165028265021,0,0.78
600690.SHG,600690.SHG,Qingdao Haier Co Ltd,0.27551096091559846,72.44890390844016,0.4421791041756035,0.68
000538.SHE,000538.SHE,Yunnan Baiyao Group Co Ltd,0.22695540536004288,77.30445946399571,0.44829803089064085,0.68
600801.SHG,600801.SHG,Huaxin Cement Co Ltd A,0.2319554053600429,76.80445946399571,0.5007900999164767,0.68
600809.SHG,600809.SHG,Shanxi Xinghuacun Fen Wine Factory Co Ltd,0.281656112550494,71.8343887449506,0.4106322784082936,0.68
000559.SHE,000559.SHE,Wanxiang Qianchao Co Ltd,0.2799554053600429,72.00445946399572,0.3941037437157512,0.68
000166.SHE,000166.SHE,Shenwan Hongyuan Group Co Ltd,0.48727951287256344,51.272048712743654,0.020187009092899943,0.78
600845.SHG,600845.SHG,Shanghai Baosight Software Co Ltd A,0.5712077308288226,42.87922691711774,0.05483250117544958,0.78
000568.SHE,000568.SHE,Luzhou Lao Jiao Co Ltd,0.47370618767471784,52.62938123252822,0.1821786383116686,0.78
600863.SHG,600863.SHG,Inner Mongolia MengDian HuaNeng Thermal Power Corp Ltd,0.2733954426933762,72.66045573066238,0.4945171505407891,0.68
000039.SHE,000039.SHE,China International Marine Containers Group Ltd,0.5163998498044873,48.36001501955127,0.21849463352474777,0.78
600875.SHG,600875.SHG,Dongfang Electric Corp Ltd Class A,0.623171938438358,37.6828061561642,0,0.78
600886.SHG,600886.SHG,SDIC Power Holdings Co Ltd,0.3810317593800736,61.89682406199264,0.40091032117917413,0.78
600887.SHG,600887.SHG,Inner Mongolia Yili Industrial Group Co Ltd,0.5014303421163188,49.85696578836812,0.20019158172592832,0.78
000408.SHE,000408.SHE,Zangge Holding Co Ltd,0.3647970538970112,63.520294610298876,0.2594445297885071,0.78
600741.SHG,600741.SHG,HUAYU Automotive Systems Co Ltd,0.2319554053600429,76.80445946399571,0.478318040904135,0.68
000425.SHE,000425.SHE,XCMG Construction Machinery Co Ltd,0.2363998498044873,76.36001501955127,0.4724800615145871,0.68
000596.SHE,000596.SHE,Anhui Gujing Distillery Co Ltd,0.807091828258423,19.290817174157702,0,0.78
000617.SHE,000617.SHE,CNPC Capital Co Ltd,0.780721294347088,21.927870565291197,0,0.78
000651.SHE,000651.SHE,Gree Electric Appliances Inc of Zhuhai,0.339875380471154,66.01246195288459,0.485941822328277,0.68
000630.SHE,000630.SHE,Tongling Nonferrous Metals Group Co Ltd,0.6663236790406648,33.367632095933516,0,0.78
000062.SHE,000062.SHE,Shenzhen Huaqiang Industry Co Ltd,0.95,5.000000000000004,0,0.78
600795.SHG,600795.SHG,GD Power Development Co Ltd,0.4236805052249065,57.631949477509345,0.2552369009999729,0.78
000708.SHE,000708.SHE,CITIC Pacific Special Steel Group Co Ltd,0.2799554053600429,72.00445946399572,0.5087408044945728,0.68
0001.HK,0001.HK,CK Hutchison Holdings Limited,0.3346764417852555,66.53235582147445,0.474313216007452,0.68
600066.SHG,600066.SHG,Zhengzhou Yutong Bus Co Ltd,0.43251496531738065,56.74850346826194,0.156045543175722,0.78
000625.SHE,000625.SHE,Chongqing Changan Automobile Co Ltd,0.8826725914338647,11.732740856613532,0,0.78
200725.SHE,200725.SHE,BOE Tech Group,0.25598678317138795,74.4013216828612,0.37576563534322793,0.68
000776.SHE,000776.SHE,GF Securities Co Ltd,0.6894056940644079,31.059430593559213,0,0.78
600089.SHG,600089.SHG,Tbea Co Ltd,0.6857749246100713,31.42250753899287,0,0.78
600096.SHG,600096.SHG,Yunnan Yuntianhua Co Ltd,0.2879554053600429,71.20445946399572,0.4867119676679651,0.68
000783.SHE,000783.SHE,Changjiang Securities Co Ltd,0.32850242338107977,67.14975766189201,0.28495851311823606,0.68
000063.SHE,000063.SHE,ZTE Corp,0.5775417274535429,42.245827254645704,0,0.78
600104.SHG,600104.SHG,SAIC Motor Corp Ltd,0.23934623247302744,76.06537675269726,0.4396996137326204,0.68
600009.SHG,600009.SHG,Shanghai International Airport Co Ltd,0.24484351116516773,75.51564888348324,0.5224050456350358,0.68
000807.SHE,000807.SHE,Yunnan Aluminium Co Ltd,0.2879554053600429,71.20445946399572,0.4275902702236383,0.68
000858.SHE,000858.SHE,Wuliangye Yibin Co Ltd,0.5679554053600431,43.20445946399569,0.25426258503319693,0.78
000001.SHE,000001.SHE,Ping An Bank Co Ltd,0.29049670574810027,70.95032942518998,0.5286563561825494,0.68
600150.SHG,600150.SHG,China CSSC Holdings Ltd,0.24982077873782144,75.01792212621785,0.3057304402506801,0.68
000878.SHE,000878.SHE,Yunnan Copper Co Ltd,0.781956146605556,21.804385339444398,0,0.78
600160.SHG,600160.SHG,Zhejiang Juhua Co Ltd,0.4337719471601758,56.62280528398242,0.1166586365490173,0.78
600188.SHG,600188.SHG,Yankuang Energy Group Co Ltd,0.5798065714062082,42.01934285937918,0,0.78
1171.HK,1171.HK,Yankuang Energy Group Co Ltd HK,0.5755834355867293,42.44165644132707,0,0.78
0371.HK,0371.HK,Beijing Enterprises Water Group Ltd,0.714435492278515,28.5564507721485,0.06033708580910273,0.78
000009.SHE,000009.SHE,China Baoan Group Co Ltd,0.95,5.000000000000004,0,0.78
0148.HK,0148.HK,Kingboard Holdings Ltd,0.4317107130350004,56.82892869649996,0.12520492607671402,0.78
0002.HK,0002.HK,CLP Holdings,0.3506154569075914,64.93845430924085,0.32212683755205423,0.78
0003.HK,0003.HK,Hong Kong and China Gas Co Ltd,0.6739798536414128,32.60201463585872,0.021634603043514236,0.78
0012.HK,0012.HK,Henderson Land,0.7331908459257974,26.680915407420258,0.0711108726057097,0.78
0016.HK,0016.HK,Sun Hung Kai Properties Ltd,0.4975109609155985,50.24890390844015,0.15248903908440153,0.78
0023.HK,0023.HK,Bank Of E Asia,0.24194115019254464,75.80588498074555,0.5539865205762906,0.68
0992.HK,0992.HK,Lenovo Group,0.2602298471415937,73.97701528584064,0.33086506581350883,0.68
0005.HK,0005.HK,HSBC Holdings PLC,0.2513855946369891,74.86144053630109,0.527064984548246,0.68
0006.HK,0006.HK,Power Assets,0.676703830006014,32.3296169993986,0,0.78
0019.HK,0019.HK,Swire Pacific A,0.7784291741932503,22.15708258067497,0,0.78
0027.HK,0027.HK,Galaxy Entertainment Group Ltd,0.26751096091559845,73.24890390844016,0.47233719587733597,0.68
0358.HK,0358.HK,Jiangxi Copper,0.6419723912540923,35.80276087459077,0,0.78
0576.HK,0576.HK,Zhejiang Expressway Co Ltd,0.4198539031536358,58.01460968463642,0.2703397847192288,0.78
5.HK,5.HK,HSBC Holdings PLC (HK Reg),0.23972409200560302,76.02759079943971,0.5379780908859757,0.68
0101.HK,0101.HK,Hang Lung Ppt,0.709041353919251,29.095864608074894,0.08064505903323285,0.78
0168.HK,0168.HK,Tsingtao Brew,0.36935546950794423,63.06445304920558,0.2975957347662278,0.78
0257.HK,0257.HK,China Everbright Environment Group Ltd,0.40482982992724975,59.51701700727503,0.39425806928148344,0.78
0293.HK,0293.HK,Cathay Pacific Airways Limited,0.22695540536004288,77.30445946399571,0.5291969319050505,0.68
0991.HK,0991.HK,Datang Intl Power Gen Co-H,0.3972960859417141,60.27039140582859,0.33735046011063924,0.78
0008.HK,0008.HK,PCCW Limited,0.7066694756913002,29.333052430869976,0,0.78
0177.HK,0177.HK,Jiangsu Expressway Co Ltd,0.6146931771910895,38.53068228089105,0,0.78
0392.HK,0392.HK,Beijing Enterprises Holdings Ltd,0.41905060511982434,58.09493948801756,0.19103341911253532,0.78
1109.HK,1109.HK,China Resources Land Ltd,0.27551096091559846,72.44890390844016,0.5039704063706397,0.68
0004.HK,0004.HK,Wharf Holdings,0.6177687928258703,38.223120717412975,0.12423183400953157,0.78
0322.HK,0322.HK,Tingyi,0.2319554053600429,76.80445946399571,0.4991482300120103,0.68
0683.HK,0683.HK,Kerry Properties Ltd,0.665189889998096,33.4810110001904,0.1268246681293119,0.78
0914.HK,0914.HK,Anhui Conch Cement,0.33153977387765254,66.84602261223475,0.375354221308347,0.68
1038.HK,1038.HK,CK Infrastructure Holdings Ltd,0.555467204863239,44.4532795136761,0.10670698699029096,0.78
1133.HK,1133.HK,Harbin Electric,0.26751096091559845,73.24890390844016,0.38955405811171634,0.68
0669.HK,0669.HK,Techtronic Industries Co Ltd,0.22695540536004288,77.30445946399571,0.4368688103073623,0.68
1072.HK,1072.HK,Dongfang Electric Corp Ltd,0.5970495912427982,40.295040875720176,0,0.78
0384.HK,0384.HK,China Gas Holdings Ltd,0.6101915129445413,38.98084870554587,0.056815264884552366,0.78
600196.SHG,600196.SHG,Shanghai Fosun Pharmaceutical Group Co Ltd,0.4388223559248568,56.11776440751433,0.12985059875048238,0.78
0697.HK,0697.HK,Shoucheng Holdings Ltd,0.5607769956384505,43.92230043615495,0.1337844692321129,0.78
0083.HK,0083.HK,Sino Land,0.6338539386989865,36.61460613010134,0.04453384932154685,0.78
0135.HK,0135.HK,Kunlun Energy,0.22695540536004288,77.30445946399571,0.5180218786346312,0.68
0144.HK,0144.HK,China Merchants Port Holdings Co Ltd,0.24138767627637753,75.86123237236224,0.5958772995976026,0.68
0267.HK,0267.HK,Citic Pacific,0.8372586857231874,16.27413142768126,0,0.78
0522.HK,0522.HK,ASM Pacific Technology Ltd,0.5731944471207917,42.68055528792083,0,0.78
0688.HK,0688.HK,China Overseas,0.39108906708153646,60.89109329184635,0.31571778146942114,0.78
0902.HK,0902.HK,Huaneng Power International,0.42299679466230167,57.70032053376983,0.26022591809648926,0.78
0921.HK,0921.HK,Hisense Home Appliances Group Co Ltd,0.22695540536004288,77.30445946399571,0.4914727177339488,0.68
0941.HK,0941.HK,China Mobile Ltd,0.3730337744710514,62.69662255289485,0.30931687241502587,0.78
0270.HK,0270.HK,Guangdong Investment Ltd,0.2399554053600429,76.00445946399572,0.5589842861661061,0.68
0551.HK,0551.HK,Yue Yuen Ind,0.3595672955302724,64.04327044697276,0.30880369166491184,0.78
1093.HK,1093.HK,CSPC Pharmaceutical Group Ltd,0.2838943421622547,71.61056578377453,0.4293462545885787,0.68
0175.HK,0175.HK,Geely Automobile Holdings Ltd,0.26751096091559845,73.24890390844016,0.46683593573362303,0.68
1193.HK,1193.HK,China Resources Gas Group Ltd,0.2307078860564824,76.92921139435175,0.46977688814860613,0.68
0291.HK,0291.HK,China Resources Beer Holdings Co Ltd,0.3446131831378207,65.53868168621793,0.4263459504075407,0.68
0179.HK,0179.HK,Johnson Electric Holdings Ltd,0.2523998498044873,74.76001501955128,0.41219739105586195,0.68
0241.HK,0241.HK,Alibaba Health Information Technology Ltd,0.3331397134130798,66.68602865869202,0.23939297814309343,0.68
0316.HK,0316.HK,Orient Overseas International Ltd,0.724845284530927,27.5154715469073,0,0.78
000895.SHE,000895.SHE,Henan Shuanghui Investment & Development Co Ltd,0.44494209691559844,55.50579030844016,0.29760256261536533,0.78
1138.HK,1138.HK,COSCO Shipping Energy Transportation Co Ltd,0.28188569581373113,71.81143041862688,0.3347960602404503,0.68
1044.HK,1044.HK,Hengan Intl Group Ltd-H,0.2319554053600429,76.80445946399571,0.5170031384951027,0.68
600141.SHG,600141.SHG,Hubei Xingfa Chemicals Group Co Ltd,0.6557189712159486,34.42810287840514,0,0.78
1071.HK,1071.HK,Huadian Power International Corp Ltd,0.40797596462700236,59.202403537299766,0.3241296732626529,0.78
000933.SHE,000933.SHE,Henan Shenhuo Coal & Power Co Ltd,0.2799554053600429,72.00445946399572,0.4823995307800491,0.68
600000.SHG,600000.SHG,Shanghai Pudong Development Bank Co Ltd,0.29049670574810027,70.95032942518998,0.5348010774686538,0.68
000958.SHE,000958.SHE,SPIC Dongfang New Energy Corp,0.8801442754976468,11.985572450235315,0,0.78
600219.SHG,600219.SHG,Shandong Nanshan Aluminium Co Ltd,0.2319554053600429,76.80445946399571,0.4806052281952612,0.68
601600.SHG,601600.SHG,Aluminum Corp of China Ltd,0.2363998498044873,76.36001501955127,0.5338635357281879,0.68
000963.SHE,000963.SHE,Huadong Medicine Co Ltd,0.27195540536004287,72.80445946399571,0.40504713274792065,0.68
1070.HK,1070.HK,TCL Multimedia Technology Holdings Ltd,0.27541787366931403,72.4582126330686,0.42988823826822525,0.68
000960.SHE,000960.SHE,Yunnan Tin Co Ltd,0.4281970117550695,57.18029882449305,0.08532169239425846,0.78
600236.SHG,600236.SHG,Guangxi Guiguan Electric Power Co Ltd,0.37475837843315146,62.52416215668486,0.3512054768815379,0.78
000967.SHE,000967.SHE,Infore Environment Technology Group Co Ltd,0.7717861776350299,22.821382236497012,0,0.78
0857.HK,0857.HK,PetroChina Company Limited,0.2363998498044873,76.36001501955127,0.4668464967394162,0.68
600256.SHG,600256.SHG,Guanghui Energy Co Ltd,0.5551504944774377,44.48495055225623,0.20624977677961037,0.78
000975.SHE,000975.SHE,Yintai Resources Co Ltd,0.27195540536004287,72.80445946399571,0.45210873190710354,0.68
600233.SHG,600233.SHG,YTO Express Group Co Ltd,0.5693398315124187,43.066016848758125,0,0.78
0388.HK,0388.HK,Hong Kong Exchange and Clearing Ltd,0.3759459945395766,62.40540054604233,0.3938048107408741,0.78
0762.HK,0762.HK,China Unicom Hong Kong Ltd,0.22528873869337623,77.47112613066238,0.5233156832915908,0.68
0966.HK,0966.HK,China Taiping Insurance Holdings Co Ltd,0.231724092005603,76.8275907994397,0.6494042352275724,0.68
600018.SHG,600018.SHG,Shanghai International Port Group Co Ltd,0.29685230028021764,70.31476997197824,0.3798737288198381,0.68
000983.SHE,000983.SHE,Shanxi Xishan Coal and Electricity Power Co Ltd,0.5221776275822652,47.78223724177349,0.16758907475514484,0.78
000157.SHE,000157.SHE,Zoomlion Heavy Industry Science and Technology Co Ltd,0.7601099936835591,23.989000631644085,0,0.78
0066.HK,0066.HK,MTR Corp Ltd,0.6043362560931569,39.56637439068431,0,0.78
600019.SHG,600019.SHG,Baoshan Iron & Steel Co Ltd,0.2399554053600429,76.00445946399572,0.4854540601603393,0.68
600016.SHG,600016.SHG,China Minsheng Banking Corp Ltd,0.6993516571758165,30.064834282418353,0,0.78
600309.SHG,600309.SHG,Wanhua Chemical Group Co Ltd,0.6214603366162941,37.85396633837059,0,0.78
0696.HK,0696.HK,TravelSky Technology Ltd,0.2879554053600429,71.20445946399572,0.4586437264324024,0.68
0883.HK,0883.HK,CNOOC Ltd,0.27551096091559846,72.44890390844016,0.5412810398618263,0.68
0386.HK,0386.HK,China Petroleum & Chemical Corp Class H,0.4028525368887892,59.71474631112108,0.22241138232660831,0.78
600372.SHG,600372.SHG,China Avionics Systems Co Ltd,0.5913835938318982,40.86164061681018,0,0.78
600028.SHG,600028.SHG,China Petroleum & Chemical Corp Class A,0.4298987604473021,57.01012395526979,0.17589074947103644,0.78
600346.SHG,600346.SHG,Hengli Petrochemical Co Ltd,0.4255201665885586,57.44798334114414,0.3089309574910343,0.78
600519.SHG,600519.SHG,Kweichow Moutai Co Ltd,0.41162419523680094,58.83758047631991,0.29058257849791896,0.78
2600.HK,2600.HK,Aluminum Corp of China Ltd,0.27551096091559846,72.44890390844016,0.49038892534493883,0.68
600011.SHG,600011.SHG,Huaneng Power International Inc,0.3646634613289684,63.53365386710317,0.29868563906296164,0.78
600362.SHG,600362.SHG,Jiangxi Copper Co Ltd Class A,0.6451043991707446,35.48956008292554,0,0.78
600585.SHG,600585.SHG,Anhui Conch Cement Co Ltd,0.2363998498044873,76.36001501955127,0.46338970323925666,0.68
600036.SHG,600036.SHG,China Merchants Bank Co Ltd,0.2869411501925447,71.30588498074553,0.5561570643420672,0.68
2688.HK,2688.HK,ENN Energy Holdings Ltd,0.32477707862206623,67.52229213779337,0.3116097573636462,0.68
600415.SHG,600415.SHG,Zhejiang China Commodities City Group Co Ltd,0.26751096091559845,73.24890390844016,0.4943630830506679,0.68
600578.SHG,600578.SHG,Beijing Jingneng Power Co Ltd,0.3176081007437567,68.23918992562432,0.43362397957198273,0.68
600026.SHG,600026.SHG,COSCO Shipping Energy Transportation Co Ltd,0.3204926737982605,67.95073262017395,0.2905052054864,0.68
2388.HK,2388.HK,BOC Hong Kong Holdings Ltd,0.6840521870111135,31.594781298888652,0,0.78
600426.SHG,600426.SHG,Shandong Hualu Hengsheng Chemical Co Ltd,0.47079298919052603,52.920701080947396,0.05650683622433891,0.78
2888.HK,2888.HK,Standard Chartered PLC,0.2869411501925447,71.30588498074553,0.5354056092568559,0.68
0728.HK,0728.HK,China Telecom,0.3368887386933762,66.31112613066237,0.42314414761525315,0.68
600050.SHG,600050.SHG,China United Network Communications Ltd,0.22695540536004288,77.30445946399571,0.5308631252669271,0.68
2883.HK,2883.HK,China Oilfield Services Ltd,0.2319554053600429,76.80445946399571,0.5597079447307278,0.68
600549.SHG,600549.SHG,Xiamen Tungsten Co Ltd,0.3906231600755754,60.93768399244246,0.16231432852697564,0.78
600563.SHG,600563.SHG,Xiamen Faratronic Co Ltd,0.2799554053600429,72.00445946399572,0.3858467508275352,0.68
0598.HK,0598.HK,Sinotrans Ltd,0.38715028934679885,61.284971065320114,0.20679065617247336,0.78
600030.SHG,600030.SHG,CITIC Securities Co Ltd,0.28249670574810026,71.75032942518997,0.5299300133063641,0.68
600039.SHG,600039.SHG,Sichuan Road & Bridge Group Co Ltd,0.27611906547641524,72.38809345235848,0.3724496629819921,0.68
600392.SHG,600392.SHG,Shenghe Resources Holding Co Ltd,0.39926569810362195,60.0734301896378,0.13549600599545508,0.78
600436.SHG,600436.SHG,Zhangzhou Pientzehuang Pharmaceutical Co Ltd,0.8173164670416954,18.268353295830465,0,0.78
600031.SHG,600031.SHG,Sany Heavy Industry Co Ltd,0.3299109609155984,67.00890390844016,0.44646386467557747,0.68
600352.SHG,600352.SHG,Zhejiang Longsheng Group Co Ltd,0.3528976275822651,64.7102372417735,0.43850664677588164,0.78
600489.SHG,600489.SHG,Zhongjin Gold Corp Ltd,0.27551096091559846,72.44890390844016,0.38150931407471317,0.68
600547.SHG,600547.SHG,Shandong Gold Mining Co Ltd,0.20842473257016864,79.15752674298314,0.4343156960126789,0.68
2357.HK,2357.HK,AviChina Industry & Technology Co Ltd,0.6652000887198113,33.479991128018874,0,0.78
2328.HK,2328.HK,PICC Property & Casualty-H,0.2593855946369891,74.06144053630108,0.4819817805535291,0.68
600015.SHG,600015.SHG,Hua Xia Bank Co Ltd,0.3029411501925447,69.70588498074552,0.5074574661020469,0.68
0836.HK,0836.HK,China Resources Power Holding,0.7294534137560347,27.05465862439653,0,0.78
1177.HK,1177.HK,Sino Biopharmaceutical Ltd,0.27551096091559846,72.44890390844016,0.5336807277837092,0.68
600406.SHG,600406.SHG,NARI Technology Co Ltd,0.22695540536004288,77.30445946399571,0.4939843289146564,0.68
2628.HK,2628.HK,China Life Insurance Co Ltd,0.24694115019254465,75.30588498074553,0.6278501231841257,0.68
600021.SHG,600021.SHG,Shanghai Electric Power Co Ltd,0.8005706000402463,19.942939995975372,0,0.78
2333.HK,2333.HK,Great Wall Motor Co Ltd,0.27195540536004287,72.80445946399571,0.48108370554204677,0.68
600900.SHG,600900.SHG,China Yangtze Power Co Ltd,0.3772906624791905,62.27093375208095,0.4186000220585555,0.78
2899.HK,2899.HK,Zijin Mining Group Co Ltd-H,0.26751096091559845,73.24890390844016,0.39402459743660845,0.68
2338.HK,2338.HK,Weichai Power Co Ltd,0.22695540536004288,77.30445946399571,0.5090950111810386,0.68
000100.SHE,000100.SHE,TCL Corp,0.341911309682306,65.8088690317694,0.4231321641082008,0.68
2319.HK,2319.HK,China Mengniu Dairy Co,0.5163998498044873,48.36001501955127,0.24352418580313467,0.78
0700.HK,0700.HK,Tencent Holdings Ltd,0.27195540536004287,72.80445946399571,0.48147835389610644,0.68
2318.HK,2318.HK,Ping An Insurance,0.2869411501925447,71.30588498074553,0.5759511895552651,0.68
2331.HK,2331.HK,Li Ning Co Ltd,0.34435538669337623,65.56446133066238,0.43720624699436905,0.68
600497.SHG,600497.SHG,Yunnan Chihong Zinc&Germanium Co Ltd,0.2400842942489318,75.99157057510682,0.4763218063587384,0.68
600985.SHG,600985.SHG,Huaibei Mining Holdings Co Ltd,0.8630821518810061,13.691784811899389,0,0.78
2343.HK,2343.HK,Pacific Basin Shipping Ltd,0.37819045620641273,62.18095437935873,0.3088468959011873,0.78
600143.SHG,600143.SHG,Kingfa Sci&Tech Co Ltd,0.5834864408288443,41.65135591711557,0,0.78
002001.SHE,002001.SHE,Zhejiang Nhu Co Ltd,0.2852887386933762,71.47112613066238,0.43448240028837815,0.68
2380.HK,2380.HK,China Power International Development Ltd,0.8640047593902436,13.599524060975643,0,0.78
002027.SHE,002027.SHE,Focus Media Information Technology Co Ltd,0.5636652500328987,43.633474996710135,0.26027669217355864,0.78
0868.HK,0868.HK,Xinyi Glass Holdings Ltd,0.24662207202670955,75.33779279732904,0.5298517306025943,0.68
0763.HK,0763.HK,ZTE Corp-H,0.5783211318297216,42.16788681702784,0,0.78
600027.SHG,600027.SHG,Huadian Power International Corp Ltd Class A,0.41597596462700237,58.40240353729976,0.34199801422345505,0.78
1088.HK,1088.HK,China Shenhua Energy Co Ltd H,0.6544476830413037,34.55523169586962,0.024247719321260085,0.78
3328.HK,3328.HK,Bank of Communications Co Ltd,0.25360781685921135,74.63921831407887,0.5318761229524877,0.68
3311.HK,3311.HK,China State Construction International Holdings Ltd,0.5752662408159666,42.47337591840334,0,0.78
002050.SHE,002050.SHE,Zhejiang Sanhua Co Ltd,0.28637646889384116,71.36235311061589,0.31074018849872803,0.68
0939.HK,0939.HK,China Construction Bank Corp,0.26738559463698913,73.26144053630108,0.5842531042833755,0.68
1919.HK,1919.HK,COSCO SHIPPING Holdings Co Ltd H,0.3839642942489318,61.603570575106815,0.3010896247457396,0.78
2313.HK,2313.HK,Shenzhou International Group Holdings Ltd,0.34777272598605874,65.22272740139412,0.3447860276630184,0.68
0425.HK,0425.HK,Minth Group Ltd,0.27551096091559846,72.44890390844016,0.4238971556856199,0.68
0823.HK,0823.HK,Link Real Estate Investment Trust,0.22695540536004288,77.30445946399571,0.5346643402846982,0.68
3393.HK,3393.HK,Wasion Group Holdings Ltd,0.2385606495811693,76.14393504188307,0.39767842495815076,0.68
3330.HK,3330.HK,Lingbao Gold Co Ltd,0.575014124935453,42.4985875064547,0,0.78
3323.HK,3323.HK,China National Building Material Co Ltd,0.5060518274985621,49.39481725014379,0.13805088843200855,0.78
3988.HK,3988.HK,Bank of China Ltd H,0.2672796475611586,73.27203524388415,0.5796858757020212,0.68
3900.HK,3900.HK,Greentown China Holdings Ltd,0.7333690210195467,26.66309789804533,0,0.78
3968.HK,3968.HK,China Merchants Bank Co Ltd Class H,0.24194115019254464,75.80588498074555,0.6347571578473468,0.68
601988.SHG,601988.SHG,Bank of China Limited,0.24694115019254465,75.30588498074553,0.5759268197882742,0.68
1398.HK,1398.HK,Industrial and Commercial Bank of China,0.2513855946369891,74.86144053630109,0.6194193830853214,0.68
601006.SHG,601006.SHG,Daqin Railway Co Ltd,0.7368954281930049,26.31045718069951,0,0.78
002056.SHE,002056.SHE,Hengdian Group DMEGC Magnetics Co Ltd,0.3443409117280169,65.5659088271983,0.33123931310206234,0.68
002064.SHE,002064.SHE,Zhejiang Huafon Spandex Co Ltd,0.2683650574585666,73.16349425414334,0.37985557474358317,0.68
0552.HK,0552.HK,China Communications Services Corp Ltd,0.480647806283245,51.9352193716755,0.05588185074182378,0.78
1888.HK,1888.HK,Kingboard Laminates Holdings Ltd,0.4001056891888188,59.98943108111811,0.17863426529303372,0.78
1800.HK,1800.HK,China Communications Const-H,0.8324581939906412,16.754180600935875,0,0.78
1898.HK,1898.HK,China Coal Energy,0.27195540536004287,72.80445946399571,0.41951465471136445,0.68
3898.HK,3898.HK,Zhuzhou CRRC Times Electric Co Ltd,0.5968482655460832,40.315173445391686,0,0.78
1882.HK,1882.HK,Haitian International Holdings Ltd,0.2852887386933762,71.47112613066238,0.43918845153605546,0.68
601699.SHG,601699.SHG,Shanxi LuAn Environmental Energy Development Co Ltd,0.4833197875822651,51.66802124177349,0.24626605049599704,0.78
601398.SHG,601398.SHG,Industrial and Commercial Bank of China Ltd,0.25494115019254465,74.50588498074553,0.6085062358972035,0.68
601872.SHG,601872.SHG,China Merchants Energy Shipping Co Ltd,0.41485825041864716,58.51417495813529,0.16329821942523517,0.78
601991.SHG,601991.SHG,Datang International Power Generation Co Ltd Class A,0.45062941927504746,54.93705807249525,0.2432256981945735,0.78
601628.SHG,601628.SHG,China Life Insurance Co Ltd A,0.2949411501925447,70.50588498074552,0.5721080215598489,0.68
0998.HK,0998.HK,China Citic Bank Corp Ltd,0.28249670574810026,71.75032942518997,0.5385650327178868,0.68
3993.HK,3993.HK,CMOC Group Ltd,0.2294644485801713,77.05355514198287,0.3576802475625068,0.68
601166.SHG,601166.SHG,Industrial Bank Co Ltd,0.25494115019254465,74.50588498074553,0.5698902555081066,0.68
601318.SHG,601318.SHG,Ping An Insurance Group Co of China Ltd,0.26738559463698913,73.26144053630108,0.5899911103389127,0.68
2382.HK,2382.HK,Sunny Optical Technology Group Co Ltd,0.29595540536004283,70.40445946399572,0.37804216614440783,0.68
3933.HK,3933.HK,United Laboratories International Holdings Ltd,0.31460086648593194,68.53991335140681,0.3922325733377175,0.68
2020.HK,2020.HK,ANTA Sports Products Ltd,0.27551096091559846,72.44890390844016,0.5191242885995412,0.68
002128.SHE,002128.SHE,Huolinhe Opencut Coal Industry Corp Ltd of Inner Mongolia,0.41445702114457894,58.554297885542105,0.19334664402229484,0.78
002131.SHE,002131.SHE,Leo Group Co Ltd,0.3961846325233281,60.3815367476672,0.16722225614204372,0.78
601998.SHG,601998.SHG,China Citic Bank Corp Ltd Class A,0.2593855946369891,74.06144053630108,0.5670820222231506,0.68
000338.SHE,000338.SHE,Weichai Power Co Ltd Class A,0.2799554053600429,72.00445946399572,0.457231235029424,0.68
601328.SHG,601328.SHG,Bank of Communications Co,0.2949411501925447,70.50588498074552,0.48575910826512003,0.68
0817.HK,0817.HK,China Jinmao Holdings Group Ltd,0.8067943984898303,19.320560151016974,0,0.78
002138.SHE,002138.SHE,Shenzhen Sunlord Electronics Co Ltd,0.23435489007416443,76.56451099258355,0.4002295167714157,0.68
601919.SHG,601919.SHG,COSCO SHIPPING Holdings Co Ltd,0.3271554240267095,67.28445759732905,0.3479211462770145,0.68
601168.SHG,601168.SHG,Western Mining Co Ltd,0.2363998498044873,76.36001501955127,0.4656418750587135,0.68
3998.HK,3998.HK,Bosideng International Holdings Ltd,0.5651109609155984,43.48890390844016,0.0848890390844016,0.78
002142.SHE,002142.SHE,Bank of Ningbo Co Ltd,0.2869411501925447,71.30588498074553,0.5556624335322717,0.68
601009.SHG,601009.SHG,Bank of Nanjing Co Ltd,0.28249670574810026,71.75032942518997,0.5438798838745913,0.68
002155.SHE,002155.SHE,Hunan Gold Corp Ltd,0.2539047395884228,74.60952604115772,0.3399508141024524,0.68
3808.HK,3808.HK,Sinotruk Hong Kong Ltd,0.2319554053600429,76.80445946399571,0.4448102798051572,0.68
0390.HK,0390.HK,China Railway,0.7012807519008216,29.87192480991784,0,0.78
0220.HK,0220.HK,Uni-President China Holdings Ltd,0.45156390413803793,54.84360958619621,0.2746334466357294,0.78
601169.SHG,601169.SHG,Bank of Beijing Co Ltd,0.2869411501925447,71.30588498074553,0.5357684538265048,0.68
601939.SHG,601939.SHG,China Construction Bank Co,0.28249670574810026,71.75032942518997,0.5654115888441527,0.68
601808.SHG,601808.SHG,China Oilfield Services Ltd Class A,0.22695540536004288,77.30445946399571,0.5399825968378904,0.68
601088.SHG,601088.SHG,China Shenhua Energy Co,0.6028897639730184,39.71102360269816,0.07113953419783295,0.78
002179.SHE,002179.SHE,AVIC Jonhon Optronic Technology Co Ltd,0.6773606697279309,32.26393302720692,0,0.78
601857.SHG,601857.SHG,PetroChina Co Ltd Class A,0.2799554053600429,72.00445946399572,0.4080751453485833,0.68
601390.SHG,601390.SHG,China Railway Group Limited,0.7627539509652745,23.724604903472546,0,0.78
1186.HK,1186.HK,China Railway Construction-H,0.8719016044308231,12.80983955691769,0,0.78
0151.HK,0151.HK,Want Want China,0.22695540536004288,77.30445946399571,0.5613105539255171,0.68
601601.SHG,601601.SHG,China Pacific Insurance Group Co Ltd,0.25494115019254465,74.50588498074553,0.6085132449440535,0.68
002203.SHE,002203.SHE,Zhejiang Hailiang Co Ltd,0.8456439234157197,15.43560765842803,0,0.78
601898.SHG,601898.SHG,China Coal Energy Co Ltd,0.3012887386933762,69.87112613066238,0.3538876550091792,0.68
601186.SHG,601186.SHG,China Railway Construction Corp Ltd,0.8811151943571713,11.888480564282865,0,0.78
601958.SHG,601958.SHG,Jinduicheng Molybdenum Co Ltd,0.3281554347038603,67.18445652961397,0.26174849464547517,0.68
601899.SHG,601899.SHG,Zijin Mining Group Co Ltd Class A,0.22695540536004288,77.30445946399571,0.4269835071463014,0.68
002236.SHE,002236.SHE,Zhejiang Dahua Technology Co Ltd,0.2319554053600429,76.80445946399571,0.43993145218186314,0.68
002241.SHE,002241.SHE,Goertek Inc,0.5299550188882086,47.00449811117914,0.014941414062782168,0.78
1766.HK,1766.HK,CRRC Corp Ltd,0.3071198498044873,69.28801501955127,0.41155488748829583,0.68
601766.SHG,601766.SHG,CRRC Corp Ltd Class A,0.2737537952896676,72.62462047103324,0.42897221827961235,0.68
002273.SHE,002273.SHE,Zhejiang Crystal Optech Co Ltd,0.31765149472294035,68.23485052770597,0.25804045062933406,0.68
0354.HK,0354.HK,ChinaSoft International Ltd,0.5082621521044246,49.17378478955754,0.04308591183234384,0.78
0189.HK,0189.HK,Dongyue Group Ltd,0.2319554053600429,76.80445946399571,0.5095935637159605,0.68
1099.HK,1099.HK,Sinopharm Group Co Ltd,0.2363998498044873,76.36001501955127,0.49911337924036814,0.68
1128.HK,1128.HK,Wynn Macau Ltd,0.7047989741434295,29.52010258565705,0.08157918256048938,0.78
601668.SHG,601668.SHG,China State Construction Engineering Corp Ltd,0.7473423969276518,25.26576030723482,0,0.78
601788.SHG,601788.SHG,Everbright Securities Co Ltd,0.28249670574810026,71.75032942518997,0.5315428778967174,0.68
0960.HK,0960.HK,Longfor Properties Co Ltd,0.6768058744934684,32.31941255065316,0.1458476860139553,0.78
0631.HK,0631.HK,Sany Heavy Equipment International Holdings Co Ltd,0.2379754006245453,76.20245993754547,0.406413137326684,0.68
1988.HK,1988.HK,China Minsheng Banking,0.6759193737120645,32.40806262879355,0,0.78
1928.HK,1928.HK,Sands China Ltd,0.31130150630736336,68.86984936926366,0.43319190946175745,0.68
0916.HK,0916.HK,China Longyuan Power Group Corp Ltd,0.8072139058420067,19.27860941579933,0,0.78
002294.SHE,002294.SHE,Shenzhen Salubris Pharmaceuticals Co Ltd,0.44618653077447995,55.38134692255201,0.22967120223016343,0.78
2601.HK,2601.HK,China Pacific Insurance,0.24194115019254464,75.80588498074555,0.6237440464569635,0.68
601888.SHG,601888.SHG,China International Travel Service Corp Ltd,0.2468476001838193,75.31523998161806,0.40181217911849837,0.68
300014.SHE,300014.SHE,EVE Energy,0.5701908091923018,42.98091908076982,0,0.78
300015.SHE,300015.SHE,Aier Eye Hospital Group,0.25182210313782066,74.81778968621794,0.4752712399112183,0.68
300017.SHE,300017.SHE,Wangsu Science Tech,0.4047970902416529,59.52029097583471,0.2422272162549929,0.78
002304.SHE,002304.SHE,Jiangsu Yanghe Brewery Joint-Stock Co Ltd,0.8910328185945151,10.89671814054849,0,0.78
600999.SHG,600999.SHG,China Merchants Securities Co Ltd,0.6346556932813568,36.534430671864314,0,0.78
002311.SHE,002311.SHE,Guangdong Haid Group Co Ltd,0.3447363252578636,65.52636747421364,0.2515420001829674,0.68
300033.SHE,300033.SHE,Hithink RoyalFlush Info Network,0.26738559463698913,73.26144053630108,0.43321036334318974,0.68
601117.SHG,601117.SHG,China Natl Chem Engineering Co,0.6321117030262642,36.78882969737358,0,0.78
601877.SHG,601877.SHG,Zhejiang Chint Electrics Co,0.32008845370808464,67.99115462919154,0.4532492844685194,0.68
002340.SHE,002340.SHE,GEM Co Ltd,0.7523063779553589,24.76936220446411,0,0.78
002352.SHE,002352.SHE,S.F. Holding Co. Ltd,0.22695540536004288,77.30445946399571,0.4706731103053471,0.68
601688.SHG,601688.SHG,Huatai Securities Co Ltd,0.6739784713399293,32.602152866007074,0,0.78
002379.SHE,002379.SHE,Shandong Hongchuang Aluminum Industry Holding Co Ltd,0.2443998498044873,75.56001501955127,0.42309193443021365,0.68
1288.HK,1288.HK,Agricultural Bank Of China,0.3029411501925447,69.70588498074552,0.580930801784015,0.68
1788.HK,1788.HK,Guotai Junan International Holdings Ltd,0.7581625249124726,24.183747508752738,0,0.78
1066.HK,1066.HK,Shandong Weigao Group Medical Polymer Co Ltd,0.27551096091559846,72.44890390844016,0.5222129399162218,0.68
002422.SHE,002422.SHE,Sichuan Kelun Pharmaceutical Co Ltd,0.2865896115185199,71.341038848148,0.32298644653390235,0.68
2238.HK,2238.HK,Guangzhou Automobile Group Co Ltd,0.9446364133324938,5.536358666750618,0,0.78
002429.SHE,002429.SHE,Shenzhen MTC Co Ltd,0.2363998498044873,76.36001501955127,0.4702066712312529,0.68
002432.SHE,002432.SHE,Andon Health Co Ltd,0.6972924992128253,30.27075007871747,0,0.78
0867.HK,0867.HK,China Medical System Holdings Ltd,0.4744523513802974,52.55476486197026,0.08284757644975306,0.78
1308.HK,1308.HK,SITC International Holdings Co Ltd,0.3423642942489318,65.76357057510683,0.45183940699404845,0.68
601288.SHG,601288.SHG,Agricultural Bank of China Ltd Class A,0.24194115019254464,75.80588498074555,0.6014114942326623,0.68
2208.HK,2208.HK,Xinjiang Goldwind Science & Technology Co Ltd,0.6035506678872404,39.644933211275955,0,0.78
1299.HK,1299.HK,AIA Group Ltd,0.223724092005603,77.6275907994397,0.4760352434647551,0.68
601818.SHG,601818.SHG,China Everbright Bank Co Ltd,0.2869411501925447,71.30588498074553,0.5214880418152479,0.68
2099.HK,2099.HK,China Gold International Resources,0.27195540536004287,72.80445946399571,0.478946786318935,0.68
002472.SHE,002472.SHE,Zhejiang Shuanghuan Driveline Co Ltd,0.3887382479608965,61.12617520391035,0.17290576036681563,0.78
3618.HK,3618.HK,Chongqing Rural Commercial Bank Co Ltd,0.5953649006115046,40.46350993884954,0,0.78
601377.SHG,601377.SHG,Industrial Securities Co Ltd,0.24694115019254465,75.30588498074553,0.5969875862542791,0.68
1157.HK,1157.HK,Zoomlion Heavy Industry,0.7346010284397583,26.53989715602417,0,0.78
002415.SHE,002415.SHE,Hangzhou Hikvision Digital Technology Co Ltd,0.27195540536004287,72.80445946399571,0.49277843511404834,0.68
002532.SHE,002532.SHE,Tianshan Aluminum Group Co Ltd,0.2852887386933762,71.47112613066238,0.4771528575736966,0.68
601126.SHG,601126.SHG,Beijing Sifang Automation Co Ltd,0.3116087386933762,68.8391261306624,0.37669958689111843,0.68
3360.HK,3360.HK,Far East Horizon Ltd,0.42681636366848646,57.31836363315135,0.22440425837093672,0.78
2378.HK,2378.HK,Prudential PLC,0.25494115019254465,74.50588498074553,0.40302917436025365,0.68
002555.SHE,002555.SHE,37 Interactive Entertainment Network Technology Group Co Ltd,0.2399554053600429,76.00445946399572,0.5252754264445663,0.68
2607.HK,2607.HK,Shanghai Pharmaceuticals Holding Co Ltd,0.2879554053600429,71.20445946399572,0.3955891578508786,0.68
002558.SHE,002558.SHE,Giant Network Group Co Ltd,0.2799554053600429,72.00445946399572,0.4766735163636545,0.68
2282.HK,2282.HK,MGM China Holdings Ltd,0.280043443102926,71.9956556897074,0.4984540052362324,0.68
1910.HK,1910.HK,Samsonite International SA,0.2233456010269546,77.66543989730454,0.5090964125534388,0.68
1913.HK,1913.HK,Prada SpA,0.2399554053600429,76.00445946399572,0.5140991284282178,0.68
002595.SHE,002595.SHE,Shandong Himile Mechanical Science & Technology Co Ltd,0.5377681117868455,46.22318882131545,0,0.78
601058.SHG,601058.SHG,Sailun Jinyu Group Co Ltd,0.6103532960411746,38.964670395882536,0,0.78
002601.SHE,002601.SHE,LB Group Co Ltd,0.5541558607560904,44.584413924390965,0.12328353469928235,0.78
6030.HK,6030.HK,CITIC Securities Co Ltd,0.29049670574810027,70.95032942518998,0.5328597965158884,0.68
300251.SHE,300251.SHE,Beijing Enlight Media,0.22695540536004288,77.30445946399571,0.46551131949373037,0.68
601901.SHG,601901.SHG,Founder Securities Co Ltd,0.3863431601148741,61.365683988512586,0.13564707204213716,0.78
1378.HK,1378.HK,China Hongqiao Group Ltd,0.2363998498044873,76.36001501955127,0.5499727399258332,0.68
6823.HK,6823.HK,HKT Trust,0.6218879790649348,37.81120209350652,0.1503149594881073,0.78
601633.SHG,601633.SHG,Great Wall Motor Co Ltd,0.2799554053600429,72.00445946399572,0.4697392007399693,0.68
1336.HK,1336.HK,New China Life Insurance,0.28249670574810026,71.75032942518997,0.5820041186129665,0.68
1929.HK,1929.HK,Chow Tai Fook Jewellery Group Ltd,0.4892427126525435,51.07572873474565,0.036696939867534445,0.78
601669.SHG,601669.SHG,Power Construction Corp of China Ltd,0.8083700128323584,19.162998716764157,0,0.78
300274.SHE,300274.SHE,Sungrow Power Supply Co Ltd,0.2363998498044873,76.36001501955127,0.44511040454682516,0.68
1972.HK,1972.HK,Swire Properties Close Only,0.7127393960851791,28.72606039148209,0,0.78
601336.SHG,601336.SHG,New China Life Insurance Co Ltd,0.2869411501925447,71.30588498074553,0.5661724787121543,0.68
002648.SHE,002648.SHE,Zhejiang Satellite Petrochemical Co Ltd,0.26751096091559845,73.24890390844016,0.4507609056371127,0.68
601360.SHG,601360.SHG,360 Security Technology Inc,0.8807101776570724,11.928982234292762,0,0.78
601231.SHG,601231.SHG,Universal Scientific Industrial Shanghai Co Ltd,0.2936043598958997,70.63956401041003,0.27875594627105704,0.68
601800.SHG,601800.SHG,China Communications Construction Co Ltd,0.8319846927243456,16.80153072756544,0,0.78
300346.SHE,300346.SHE,Jiangsu Nata Opto Electr Material,0.2809464675233115,71.90535324766884,0.3715686567289741,0.68
2196.HK,2196.HK,Shanghai Fosun Pharmaceutical Group Co Ltd,0.4206770134210593,57.932298657894066,0.16041646981485677,0.78
3939.HK,3939.HK,Wanguo International Mining Group Ltd,0.27334867737619906,72.6651322623801,0.3741124182850868,0.68
1339.HK,1339.HK,People’s Insurance Group of China Co Ltd,0.22094631422782524,77.90536857721749,0.5952413755965146,0.68
603993.SHG,603993.SHG,China Molybdenum Co Ltd Class A,0.28354760350557,71.645239649443,0.27563531702458177,0.68
2039.HK,2039.HK,China International Marine Containers Group Co Ltd,0.5243998498044873,47.56001501955127,0.23372178140080813,0.78
0564.HK,0564.HK,Zhengzhou Coal Mining Machinery Group Co Ltd,0.44706285806607216,55.29371419339279,0.13682975835032685,0.78
6881.HK,6881.HK,China Galaxy Securities Co Ltd,0.6826998275201794,31.730017247982055,0,0.78
1963.HK,1963.HK,Bank Of Chongqing Co Ltd,0.28249670574810026,71.75032942518997,0.5314330635516373,0.68
000333.SHE,000333.SHE,Midea Group Co Ltd,0.2501642942489318,74.98357057510682,0.4668308651241352,0.68
1359.HK,1359.HK,China Cinda Asset Mgmt Co Ltd,0.25494115019254465,74.50588498074553,0.6073237128206982,0.68
0586.HK,0586.HK,China Conch Venture Hldgs Ltd,0.672317979411213,32.76820205887871,0,0.78
6818.HK,6818.HK,China Everbright Bank Co Ltd,0.3109411501925447,68.90588498074553,0.5022952150329065,0.68
2638.HK,2638.HK,HK Electric Investments Ltd,0.6856442942489318,31.43557057510682,0,0.78
600023.SHG,600023.SHG,Zhejiang Zheneng Electric Power Co Ltd,0.3144157716825713,68.55842283174287,0.3603551846608274,0.68
002714.SHE,002714.SHE,Muyuan Foodstuff Co Ltd,0.34163096091559847,65.83690390844015,0.378223502506496,0.68
601225.SHG,601225.SHG,Shaanxi Coal Industry Co Ltd,0.2656798311378207,73.43201688621794,0.4763961062776579,0.68
603288.SHG,603288.SHG,Foshan Haitian Flavouring and Food Co Ltd,0.4225371292153584,57.746287078464164,0.2848780176081316,0.78
603806.SHG,603806.SHG,Hangzhou First PV Material Co Ltd,0.5282104372534672,47.17895627465328,0.04844343148708409,0.78
002736.SHE,002736.SHE,Guosen Securities Co Ltd,0.2949411501925447,70.50588498074552,0.49571860703784215,0.68
603799.SHG,603799.SHG,Zhejiang Huayou Cobalt Co Ltd,0.6836207828051388,31.637921719486116,0,0.78
300433.SHE,300433.SHE,Lens Technology Co Ltd,0.41923468380259454,58.07653161974054,0.1581193261690602,0.78
600958.SHG,600958.SHG,Orient Sec Co Ltd,0.5555939674988027,44.44060325011973,0,0.78
601985.SHG,601985.SHG,China National Nuclear Power,0.7876036658279791,21.239633417202086,0,0.78
601211.SHG,601211.SHG,Guotai Junan Securities Co Ltd,0.2869411501925447,71.30588498074553,0.5421191817045927,0.68
300487.SHE,300487.SHE,Xian Sunresin New Materials Co Ltd,0.27615868059758425,72.38413194024159,0.3675134500949618,0.68
300498.SHE,300498.SHE,Guangdong Wens Foodstuff Group Co Ltd,0.7571345441950659,24.286545580493414,0,0.78
AC.PA,AC.PA,Accor S. A.,0.513200581522844,48.679941847715604,0.1416332711759918,0.78
ACA.PA,ACA.PA,Credit Agricole SA,0.24694115019254465,75.30588498074553,0.5589519073846689,0.68
ADP.PA,ADP.PA,Aeroports de Paris SA,0.39512947270470594,60.48705272952941,0.2612228340988994,0.78
AI.PA,AI.PA,Air Liquide SA,0.27195540536004287,72.80445946399571,0.42274708268221006,0.68
AIR.PA,AIR.PA,Airbus Group SE,0.27331595330568154,72.66840466943185,0.37384957180757133,0.68
AKE.PA,AKE.PA,Arkema SA,0.5475109609155985,45.248903908440155,0.15896017560892253,0.78
AM.PA,AM.PA,Dassault Aviation SA,0.22695540536004288,77.30445946399571,0.5133574844893,0.68
AMUN.PA,AMUN.PA,Amundi SA,0.24694115019254465,75.30588498074553,0.5223950658079025,0.68
ATE.PA,ATE.PA,Alten SA,0.2319554053600429,76.80445946399571,0.5317443097457256,0.68
BIM.PA,BIM.PA,Biomerieux SA,0.2799554053600429,72.00445946399572,0.4351364670880835,0.68
BN.PA,BN.PA,Danone SA,0.33252632047070413,66.7473679529296,0.4137531660944891,0.68
BNP.PA,BNP.PA,BNP Paribas SA,0.29360781685921133,70.63921831407886,0.5284627558300201,0.68
BOL.PA,BOL.PA,Bollore SA,0.3121035141974362,68.78964858025638,0.3071527405394757,0.68
BVI.PA,BVI.PA,Bureau Veritas SA,0.3421242942489318,65.78757057510683,0.4172977342732063,0.68
CA.PA,CA.PA,Carrefour SA,0.3306345909330504,66.93654090669496,0.39564606847563344,0.68
CAP.PA,CAP.PA,Capgemini SE,0.3012887386933762,69.87112613066238,0.47489241941701477,0.68
CDI.PA,CDI.PA,Christian Dior SE,0.26029390272865677,73.97060972713432,0.5698398173700433,0.68
COFA.PA,COFA.PA,Coface SA,0.5169340852360598,48.306591476394026,0.2410007966817053,0.78
COV.PA,COV.PA,Covivio SA,0.5027913586384773,49.720864136152265,0.1991533179745942,0.78
CS.PA,CS.PA,AXA SA,0.24694115019254465,75.30588498074553,0.5681190707985418,0.68
DEC.PA,DEC.PA,JC Decaux SA,0.27197702854468,72.80229714553201,0.5727198264230606,0.68
DG.PA,DG.PA,Vinci S.A.,0.2879554053600429,71.20445946399572,0.48526046465931616,0.68
DSY.PA,DSY.PA,Dassault Systemes SE,0.2879554053600429,71.20445946399572,0.48591173684151734,0.68
EDEN.PA,EDEN.PA,Edenred SA,0.29049670574810027,70.95032942518998,0.5427174094426703,0.68
EL.PA,EL.PA,EssilorLuxottica S. A.,0.287746516471154,71.2253483528846,0.4579690427421247,0.68
ELIS.PA,ELIS.PA,Elis SA,0.2373638074989886,76.26361925010114,0.5611456827326747,0.68
EN.PA,EN.PA,Bouygues SA,0.2363998498044873,76.36001501955127,0.4774966889103202,0.68
ENGI.PA,ENGI.PA,Engie S.A.,0.8304643023826785,16.953569761732147,0,0.78
ENX.PA,ENX.PA,Euronext N.V.,0.2869411501925447,71.30588498074553,0.4528686621666051,0.68
ERF.PA,ERF.PA,Eurofins Scientific SE,0.269319783643874,73.0680216356126,0.43313783681573165,0.68
FGR.PA,FGR.PA,Eiffage SA,0.24061396209971142,75.93860379002886,0.5389592025856226,0.68
FR.PA,FR.PA,Valeo SA,0.25419552884135077,74.58044711586493,0.49851001283785973,0.68
GET.PA,GET.PA,Getlink SE,0.7092419100920262,29.07580899079738,0.09188845392196646,0.78
GFC.PA,GFC.PA,Gecina SA,0.95,5.000000000000004,0,0.78
GLE.PA,GLE.PA,Societe Generale S.A.,0.7088635977395181,29.113640226048187,0,0.78
GTT.PA,GTT.PA,Gaztransport & Technigaz SAS,0.32973318313782063,67.02668168621794,0.42198002005211277,0.68
HO.PA,HO.PA,Thales S.A.,0.19929390272865677,80.07060972713433,0.5185751512627229,0.68
IPN.PA,IPN.PA,Ipsen SA,0.2319554053600429,76.80445946399571,0.5267878146959148,0.68
KER.PA,KER.PA,Kering SA,0.5807037548864817,41.929624511351825,0.17947368597497626,0.78
LI.PA,LI.PA,Klepierre SA,0.3189600274228856,68.10399725771144,0.47151682785071847,0.68
LR.PA,LR.PA,Legrand SA,0.2852887386933762,71.47112613066238,0.4195871727360169,0.68
MC.PA,MC.PA,LVMH Moët Hennessy - Louis Vuitton,0.26751096091559845,73.24890390844016,0.4920284499733487,0.68
MF.PA,MF.PA,Wendel,0.24999252863865995,75.00074713613401,0.5233802819185362,0.68
NEX.PA,NEX.PA,Nexans S.A.,0.26379540536004287,73.62045946399572,0.4632676700528197,0.68
OR.PA,OR.PA,LOréal S.A.,0.2523998498044873,74.76001501955128,0.4659936589517415,0.68
ORA.PA,ORA.PA,Orange S.A.,0.3014229668812957,69.85770331187042,0.43842427603757905,0.68
PUB.PA,PUB.PA,Publicis Groupe SA,0.2799554053600429,72.00445946399572,0.5239983604359988,0.68
RCO.PA,RCO.PA,Remy Cointreau,0.49641726073972775,50.35827392602723,0.1887997258974876,0.78
RF.PA,RF.PA,Eurazeo,0.4132638671878672,58.67361328121328,0.19651398917824572,0.78
RI.PA,RI.PA,Pernod Ricard S.A.,0.4299397986299157,57.00602013700843,0.29249776760942914,0.78
RMS.PA,RMS.PA,Hermes International SCA,0.2523998498044873,74.76001501955128,0.4521738626148684,0.68
RNO.PA,RNO.PA,Renault SA,0.7161748626385172,28.382513736148283,0,0.78
RUI.PA,RUI.PA,Rubis SCA,0.3073687386933762,69.26312613066237,0.43344998187080147,0.68
RXL.PA,RXL.PA,Rexel S.A,0.2812391450619674,71.87608549380326,0.39596199755884426,0.68
SAN.PA,SAN.PA,Sanofi SA,0.5069554053600429,49.30445946399571,0.2671920830493245,0.78
SCR.PA,SCR.PA,SCOR SE,0.24694115019254465,75.30588498074553,0.5125841191021916,0.68
SESG.PA,SESG.PA,SES S. A.,0.42152209696093773,57.84779030390623,0.25214913281782264,0.78
SGO.PA,SGO.PA,Compagnie de Saint-Gobain S.A.,0.2799554053600429,72.00445946399572,0.4495088716050014,0.68
SK.PA,SK.PA,SEB SA,0.8761031902262975,12.389680977370254,0,0.78
SOP.PA,SOP.PA,Sopra Steria Group SA,0.26751096091559845,73.24890390844016,0.5150990141115448,0.68
SPIE.PA,SPIE.PA,SPIE SA,0.2297191779439235,77.02808220560765,0.5352067516050141,0.68
SU.PA,SU.PA,Schneider Electric S.E.,0.2319554053600429,76.80445946399571,0.45892336986631893,0.68
SW.PA,SW.PA,Sodexo SA,0.6127464915822651,38.72535084177349,0.03725350841773489,0.78
TEP.PA,TEP.PA,Teleperformance SE,0.27195540536004287,72.80445946399571,0.5475133108611178,0.68
TTE.PA,TTE.PA,TotalEnergies SE,0.2842250814866638,71.57749185133362,0.40106906071314025,0.68
VCT.PA,VCT.PA,Vicat S.A.,0.26751096091559845,73.24890390844016,0.46793829015926763,0.68
VIE.PA,VIE.PA,Veolia Environnement VE SA,0.3739910101794695,62.60089898205305,0.43800757907069576,0.78
VK.PA,VK.PA,Vallourec,0.29524822490890923,70.47517750910907,0.42438852529245696,0.68
AALB.AS,AALB.AS,Aalberts Industries NV,0.35076818928117837,64.92318107188217,0.290797770142382,0.78
ABI.BR,ABI.BR,Anheuser Busch Inbev SA NV,0.2836591646837437,71.63408353162563,0.5011233674674884,0.68
ABN.AS,ABN.AS,ABN Amro Group NV,0.2869411501925447,71.30588498074553,0.42961475948037525,0.68
ACKB.BR,ACKB.BR,Ackermans & Van Haaren NV,0.42019832832326665,57.980167167673336,0.27774705301605673,0.78
AD.AS,AD.AS,Koninklijke Ahold Delhaize NV,0.2331496387897098,76.68503612102901,0.5180053105845192,0.68
AED.BR,AED.BR,Aedifica,0.47652149542323513,52.34785045767649,0.22347112846545225,0.78
AGN.AS,AGN.AS,Aegon NV,0.42371721222488407,57.628278777511596,0.08575522045301537,0.78
AGS.BR,AGS.BR,ageas SA/NV,0.308274483525878,69.1725516474122,0.48477795645494337,0.68
AKZA.AS,AKZA.AS,Akzo Nobel NV,0.25229390272865676,74.77060972713431,0.4010114176945887,0.68
APAM.AS,APAM.AS,Aperam SA,0.6726172738480372,32.73827261519629,0.032661476317198,0.78
ARCAD.AS,ARCAD.AS,Arcadis N.V.,0.22170050339925856,77.82994966007415,0.5396741143691037,0.68
ASRNL.AS,ASRNL.AS,ASR Nederland NV,0.928967750596587,7.103224940341302,0,0.78
BAMNB.AS,BAMNB.AS,Koninklijke BAM Groep NV,0.2523998498044873,74.76001501955128,0.4072349265136473,0.68
CMBT.BR,CMBT.BR,CMB.TECH NV,0.8975659119682386,10.243408803176134,0,0.78
COLR.BR,COLR.BR,Etablissementen Franz Colruyt NV,0.2879554053600429,71.20445946399572,0.36686561094822184,0.68
DIE.BR,DIE.BR,D'Ieteren Group SA,0.3301338257966718,66.98661742033283,0.3154440387061608,0.68
ELI.BR,ELI.BR,Elia Group SA/NV,0.7795961328425813,22.040386715741867,0,0.78
GBLB.BR,GBLB.BR,Groep Brussel Lambert NV,0.9299469936700967,7.0053006329903305,0,0.78
HEIA.AS,HEIA.AS,Heineken,0.23867774517473805,76.1322254825262,0.4978972016193662,0.68
HEIJM.AS,HEIJM.AS,Koninklijke Heijmans N.V.,0.2799554053600429,72.00445946399572,0.4535342272200058,0.68
HEIO.AS,HEIO.AS,Heineken Holding NV,0.29883470695847864,70.11652930415212,0.48115762660122796,0.68
IMCD.AS,IMCD.AS,IMCD NV,0.2846096256230719,71.53903743769281,0.41826991478952724,0.68
INGA.AS,INGA.AS,ING Groep NV,0.640471712198182,35.952828780181804,0,0.78
KBC.BR,KBC.BR,KBC Groep NV,0.24694115019254465,75.30588498074553,0.44573241641244554,0.68
KBCA.BR,KBCA.BR,KBC Ancora,0.41594755568969183,58.40524443103081,0.3299827190718493,0.78
KPN.AS,KPN.AS,Koninklijke KPN NV,0.3984088006097045,60.15911993902955,0.38858408907389186,0.78
LIGHT.AS,LIGHT.AS,Signify N.V.,0.5519554053600431,44.80445946399569,0.2191303689980517,0.78
MELE.BR,MELE.BR,Melexis NV,0.6375446612804931,36.245533871950684,0.006425207889087336,0.78
NN.AS,NN.AS,NN Group NV,0.7588064468374336,24.11935531625664,0,0.78
PHIA.AS,PHIA.AS,Koninklijke Philips NV,0.41664803110044074,58.335196889955924,0.17562687894122825,0.78
RAND.AS,RAND.AS,Randstad NV,0.39823987469337624,60.17601253066238,0.3426039657252028,0.78
REN.AS,REN.AS,Relx PLC,0.27775017483854947,72.22498251614505,0.4954343453399943,0.68
SBMO.AS,SBMO.AS,SBM Offshore N.V.,0.3790816319640764,62.09183680359236,0.38437002946782417,0.78
SHELL.AS,SHELL.AS,Shell PLC,0.26751096091559845,73.24890390844016,0.4882595937474845,0.68
SOF.BR,SOF.BR,Sofina Société Anonyme,0.9285480362493371,7.145196375066288,0,0.78
SOLB.BR,SOLB.BR,Solvay SA,0.523943004999095,47.6056995000905,0.2500408493587107,0.78
UMI.BR,UMI.BR,Umicore S.A.,0.2443998498044873,75.56001501955127,0.4422143408195841,0.68
VLK.AS,VLK.AS,Van Lanschot NV,0.3836078168592113,61.63921831407887,0.451130687307873,0.78
VPK.AS,VPK.AS,Koninklijke Vopak NV,0.2682962328135874,73.17037671864126,0.5718526114481859,0.68
WDP.BR,WDP.BR,Warehouses de Pauw Comm VA,0.4748375417879371,52.51624582120628,0.3310136486940311,0.78
WKL.AS,WKL.AS,Wolters Kluwer N.V.,0.22695540536004288,77.30445946399571,0.5661549097053252,0.68
ACS.MC,ACS.MC,ACS Actividades de Construccion y Servicios SA,0.2746302059809867,72.53697940190133,0.4439747700510264,0.68
ACX.MC,ACX.MC,Acerinox,0.6927627825948853,30.72372174051147,0,0.78
AENA.MC,AENA.MC,Aena SA,0.36728322377984834,63.27167762201517,0.3832901805929299,0.78
AMS.MC,AMS.MC,Amadeus IT Group S.A.,0.2879554053600429,71.20445946399572,0.4888280758791852,0.68
ANA.MC,ANA.MC,Acciona,0.6337918861888785,36.62081138111215,0,0.78
BBVA.MC,BBVA.MC,Banco Bilbao Vizcaya Argentaria SA,0.24194115019254464,75.80588498074555,0.520299756035263,0.68
BKT.MC,BKT.MC,Bankinter,0.662287747170011,33.7712252829989,0,0.78
CABK.MC,CABK.MC,Caixabank SA,0.2783976245129628,72.16023754870372,0.34669081637252874,0.68
CIE.MC,CIE.MC,CIE Automotive S.A.,0.2879554053600429,71.20445946399572,0.500329848164698,0.68
CLNX.MC,CLNX.MC,Cellnex Telecom SA,0.5756123612423447,42.43876387576553,0,0.78
COL.MC,COL.MC,Inmobiliaria Colonial SA,0.4409735229269256,55.90264770730744,0.35714609328341373,0.78
ELE.MC,ELE.MC,Endesa SA,0.22695540536004288,77.30445946399571,0.4746487383765403,0.68
ENG.MC,ENG.MC,Enagás S.A.,0.5758945950667539,42.41054049332461,0.04095420119236773,0.78
ENO.MC,ENO.MC,Elecnor S.A,0.2363998498044873,76.36001501955127,0.4913616618119951,0.68
FDR.MC,FDR.MC,Fluidra,0.27195540536004287,72.80445946399571,0.4699186052858275,0.68
FER.MC,FER.MC,Ferrovial S.A.,0.6261639083672856,37.38360916327144,0.11371593254252653,0.78
IAG.MC,IAG.MC,International Consolidated Airlines Group S.A,0.26751096091559845,73.24890390844016,0.49665377634983077,0.68
IBE.MC,IBE.MC,Iberdrola S.A.,0.4539310821087847,54.606891789121526,0.22031428063327133,0.78
ITX.MC,ITX.MC,Industria de Diseno Textil SA,0.2319554053600429,76.80445946399571,0.49978258106396306,0.68
LOG.MC,LOG.MC,Cia de Distribucion Integral,0.4526842942489318,54.73157057510682,0.20062465531674323,0.78
MAP.MC,MAP.MC,Mapfre,0.2869411501925447,71.30588498074553,0.43452711807675864,0.68
MRL.MC,MRL.MC,Merlin Properties SOCIMI SA,0.3584062572052237,64.15937427947763,0.3728463771362869,0.78
NTGY.MC,NTGY.MC,Naturgy Energy Group SA,0.39749645236937736,60.25035476306226,0.3775702336553889,0.78
RED.MC,RED.MC,Redeia Corporacion S.A.,0.783083460489812,21.691653951018797,0,0.78
REP.MC,REP.MC,Repsol S.A.,0.2319554053600429,76.80445946399571,0.42897502740357135,0.68
ROVI.MC,ROVI.MC,Laboratorios Farmaceuticos ROVI,0.2319554053600429,76.80445946399571,0.47529905790698773,0.68
SAB.MC,SAB.MC,Banco de Sabadell S.A,0.3163340041646624,68.36659958353376,0.4102222648523902,0.68
SAN.MC,SAN.MC,Banco Santander S.A.,0.6752809405929754,32.47190594070246,0,0.78
SCYR.MC,SCYR.MC,Sacyr SA,0.618584996255839,38.141500374416104,0.20416916802501556,0.78
TEF.MC,TEF.MC,Telefonica,0.6578715562183322,34.212844378166785,0.08831925001560004,0.78
VID.MC,VID.MC,Vidrala SA,0.2399554053600429,76.00445946399572,0.4874943925522325,0.68
VIS.MC,VIS.MC,Viscofan,0.49436556421302064,50.56344357869793,0.17239830899374203,0.78
A5G.IR,A5G.IR,AIB Group PLC,0.3029411501925447,69.70588498074552,0.5102615070220489,0.68
BIRG.IR,BIRG.IR,Bank of Ireland Group PLC,0.308274483525878,69.1725516474122,0.4971850822682554,0.68
GL9.IR,GL9.IR,Glanbia PLC,0.27551096091559846,72.44890390844016,0.4199767136878535,0.68
KRZ.IR,KRZ.IR,Kerry Group,0.22695540536004288,77.30445946399571,0.4402865069340613,0.68
RYA.IR,RYA.IR,Ryanair Holdings plc,0.2399554053600429,76.00445946399572,0.49757020563455695,0.68
ACT.XETRA,ACT.XETRA,AlzChem Group AG,0.2443998498044873,75.56001501955127,0.5350422703929374,0.68
ADS.XETRA,ADS.XETRA,adidas AG,0.4717960890407611,52.82039109592389,0.05017524194968426,0.78
AFX.XETRA,AFX.XETRA,Carl Zeiss Meditec AG,0.2879554053600429,71.20445946399572,0.4172317373158565,0.68
AIR.XETRA,AIR.XETRA,Airbus SE,0.2768715088612371,72.31284911387628,0.37029401625201575,0.68
ALV.XETRA,ALV.XETRA,Allianz SE VNA O.N.,0.24194115019254464,75.80588498074555,0.589825559123628,0.68
AOF.XETRA,AOF.XETRA,ATOSS Software SE,0.26350207202670956,73.64979279732904,0.4464358678992976,0.68
AT1.XETRA,AT1.XETRA,Aroundtown SA,0.4005836628988178,59.941633710118225,0.4508392195413807,0.78
BAS.XETRA,BAS.XETRA,BASF SE,0.581183729024582,41.881627097541795,0.04391724920344433,0.78
BC8.XETRA,BC8.XETRA,Bechtle AG,0.2893035285481786,71.06964714518213,0.3245545481432054,0.68
BEI.XETRA,BEI.XETRA,Beiersdorf Aktiengesellschaft,0.30127329871928327,69.87267012807168,0.28367762678917025,0.68
BMT.XETRA,BMT.XETRA,British American Tobacco p.l.c,0.33151103277855515,66.84889672214449,0.41167451262224464,0.68
BMW.XETRA,BMW.XETRA,Bayerische Motoren Werke Aktiengesellschaft,0.6387127332291019,36.12872667708981,0,0.78
BNR.XETRA,BNR.XETRA,Brenntag SE,0.5163998498044873,48.36001501955127,0.18848090190457029,0.78
BPE5.XETRA,BPE5.XETRA,BP PLC (Reg. Shares),0.4748084890833918,52.519151091660824,0.2629371974110984,0.78
BSP.XETRA,BSP.XETRA,BAE Systems plc,0.27195540536004287,72.80445946399571,0.4213259860179616,0.68
CBK.XETRA,CBK.XETRA,Commerzbank AG,0.7040042992944204,29.599570070557956,0,0.78
CIS.XETRA,CIS.XETRA,Cisco Systems Inc,0.22695540536004288,77.30445946399571,0.49833596643548905,0.68
CON.XETRA,CON.XETRA,Continental Aktiengesellschaft,0.25521876884921746,74.47812311507825,0.3865560652864034,0.68
DB1.XETRA,DB1.XETRA,Deutsche Börse AG,0.2513855946369891,74.86144053630109,0.5130338016423872,0.68
DBK.XETRA,DBK.XETRA,Deutsche Bank Aktiengesellschaft,0.2869411501925447,71.30588498074553,0.5189910031158966,0.68
DEZ.XETRA,DEZ.XETRA,Deutz AG,0.30657967276674025,69.34203272332597,0.3278389670556655,0.68
DHL.XETRA,DHL.XETRA,Deutsche Post AG,0.26751096091559845,73.24890390844016,0.4731488020950485,0.68
DRW3.XETRA,DRW3.XETRA,Drägerwerk AG & Co. KGaA (pref),0.22695540536004288,77.30445946399571,0.4397754141221257,0.68
DTE.XETRA,DTE.XETRA,Deutsche Telekom AG,0.5184955343664985,48.150446563350144,0.29297953850073577,0.78
DUE.XETRA,DUE.XETRA,Dürr Aktiengesellschaft,0.2427431432741124,75.72568567258877,0.5317633473920476,0.68
ELG.XETRA,ELG.XETRA,Elmos Semiconductor SE,0.304404414239803,69.5595585760197,0.3113268172606967,0.68
EOAN.XETRA,EOAN.XETRA,E.ON SE,0.6177661340892682,38.22338659107318,0,0.78
EVD.XETRA,EVD.XETRA,CTS Eventim AG & Co. KGaA,0.36370736727330955,63.62926327266904,0.24092959534909278,0.78
EVK.XETRA,EVK.XETRA,Evonik Industries AG,0.5161832341062202,48.381676589377975,0.22138521097614772,0.78
FIE.XETRA,FIE.XETRA,Fielmann Aktiengesellschaft,0.2399554053600429,76.00445946399572,0.55501063191413,0.68
FME.XETRA,FME.XETRA,Fresenius Medical Care AG & Co. KGaA,0.2321476294531445,76.78523705468555,0.555144383042297,0.68
FNTN.XETRA,FNTN.XETRA,freenet AG,0.4487109609155985,55.12890390844015,0.3680582174646819,0.78
FPE3.XETRA,FPE3.XETRA,Fuchs Petrolub SE Preference Shares,0.2879554053600429,71.20445946399572,0.41855710736995705,0.68
FRA.XETRA,FRA.XETRA,Fraport AG,0.3007328828540447,69.92671171459553,0.3433968239089193,0.68
FRE.XETRA,FRE.XETRA,Fresenius SE & Co. KGaA,0.23366059884659474,76.63394011534052,0.4299811479685028,0.68
G1A.XETRA,G1A.XETRA,GEA GROUP,0.2319554053600429,76.80445946399571,0.4613439195643558,0.68
G24.XETRA,G24.XETRA,Scout24 AG,0.2363998498044873,76.36001501955127,0.5326514879053188,0.68
GBF.XETRA,GBF.XETRA,Bilfinger SE,0.2799554053600429,72.00445946399572,0.4494703865870193,0.68
HBC1.XETRA,HBC1.XETRA,HSBC Holdings plc,0.2949411501925447,70.50588498074552,0.4838836271395187,0.68
HEI.XETRA,HEI.XETRA,Heidelberg Materials AG,0.26751096091559845,73.24890390844016,0.4616828598987685,0.68
HEN3.XETRA,HEN3.XETRA,Henkel AG & Co. KGaA vz. (Pref Shares),0.22695540536004288,77.30445946399571,0.47928112165689307,0.68
HLAG.XETRA,HLAG.XETRA,Hapag Lloyd AG,0.5401266297349163,45.98733702650837,0.09409068093984616,0.78
HNR1.XETRA,HNR1.XETRA,Hannover Rück SE,0.2513855946369891,74.86144053630109,0.567900834749523,0.68
HOT.XETRA,HOT.XETRA,HOCHTIEF Aktiengesellschaft,0.3020328197683794,69.79671802316206,0.3783156010778328,0.68
IBM.XETRA,IBM.XETRA,International Business Machines,0.29333402715123924,70.66659728487608,0.4545867320469644,0.68
JEN.XETRA,JEN.XETRA,Jenoptik AG,0.26751096091559845,73.24890390844016,0.46825786430272837,0.68
JUN3.XETRA,JUN3.XETRA,Jungheinrich AG O.N.VZO,0.31537318313782065,68.46268168621793,0.40671071430262845,0.68
KGX.XETRA,KGX.XETRA,Kion Group AG,0.3323735690634894,66.76264309365105,0.43344599455761884,0.68
KRN.XETRA,KRN.XETRA,Krones AG,0.2363998498044873,76.36001501955127,0.4524906392322924,0.68
KTN.XETRA,KTN.XETRA,Kontron AG,0.29403393753518914,70.59660624648109,0.3678561325790053,0.68
LEG.XETRA,LEG.XETRA,LEG Immobilien SE,0.41568282282114555,58.43171771788545,0.36210629221904866,0.78
LHA.XETRA,LHA.XETRA,Deutsche Lufthansa AG,0.6373118442893615,36.268815571063854,0,0.78
MBG.XETRA,MBG.XETRA,Mercedes-Benz Group AG,0.3225384498049801,67.74615501950198,0.3925919786744836,0.68
MOH.XETRA,MOH.XETRA,LVMH Moët Hennessy - Louis Vuitton Société Européenne,0.2399554053600429,76.00445946399572,0.5352581154400071,0.68
MRK.XETRA,MRK.XETRA,Merck KGaA,0.2443998498044873,75.56001501955127,0.44897326697975726,0.68
MUV2.XETRA,MUV2.XETRA,Münchener Rück AG,0.308274483525878,69.1725516474122,0.3639733053555667,0.68
NEM.XETRA,NEM.XETRA,Nemetschek AG O.N.,0.2452887386933762,75.47112613066238,0.5381850522193691,0.68
NKE.XETRA,NKE.XETRA,Nike Inc,0.4114352462146555,58.85647537853445,0.21087045046221356,0.78
NNGF.XETRA,NNGF.XETRA,National Grid PLC,0.7814401306639596,21.855986933604044,0,0.78
NOA3.XETRA,NOA3.XETRA,Nokia Corporation,0.5263937615244264,47.360623847557356,0.13485696816761225,0.78
NOV.XETRA,NOV.XETRA,Novo Nordisk A/S,0.38569570295010197,61.4304297049898,0.268576120227701,0.78
ORC.XETRA,ORC.XETRA,Oracle Corporation,0.7619145130578633,23.80854869421367,0,0.78
PAH3.XETRA,PAH3.XETRA,Porsche Automobil Holding SE,0.2879554053600429,71.20445946399572,0.44669587691383406,0.68
PUM.XETRA,PUM.XETRA,PUMA SE,0.9144943713563023,8.55056286436977,0,0.78
R6C0.XETRA,R6C0.XETRA,Shell PLC,0.22695540536004288,77.30445946399571,0.5367594615518306,0.68
RAA.XETRA,RAA.XETRA,RATIONAL Aktiengesellschaft,0.24159987469337618,75.84001253066238,0.45186060170602876,0.68
RIO1.XETRA,RIO1.XETRA,Rio Tinto Group,0.3446360056148513,65.53639943851486,0.32518797051410087,0.68
RRTL.XETRA,RRTL.XETRA,RTL Group SA,0.5599554053600431,44.004459463995694,0.1021491769503964,0.78
RWE.XETRA,RWE.XETRA,RWE AG,0.6733994426004501,32.660055739954984,0,0.78
SAP.XETRA,SAP.XETRA,SAP SE,0.27551096091559846,72.44890390844016,0.4537698709213845,0.68
SAX.XETRA,SAX.XETRA,Ströer SE & Co. KGaA,0.4770280760782258,52.29719239217743,0.3370854426378611,0.78
SHA0.XETRA,SHA0.XETRA,Schaeffler AG,0.6240898496502107,37.59101503497892,0,0.78
SIE.XETRA,SIE.XETRA,Siemens Aktiengesellschaft,0.2416461587071561,75.83538412928439,0.48755796277997815,0.68
SIX2.XETRA,SIX2.XETRA,Sixt SE,0.6967803166334063,30.321968336659367,0,0.78
SY1.XETRA,SY1.XETRA,Symrise AG,0.3069242942489318,69.30757057510681,0.3932069675032151,0.68
TEG.XETRA,TEG.XETRA,TAG Immobilien AG,0.5651897499307006,43.48102500692994,0.2291820673252366,0.78
TKA.XETRA,TKA.XETRA,thyssenkrupp AG,0.7825384973383543,21.746150266164566,0,0.78
TLX.XETRA,TLX.XETRA,Talanx AG,0.24694115019254465,75.30588498074553,0.5878599235834994,0.68
TUI1.XETRA,TUI1.XETRA,TUI AG,0.2644730147234578,73.55269852765423,0.509494869755732,0.68
UTDI.XETRA,UTDI.XETRA,United Internet AG NA,0.5861751507719934,41.38248492280066,0.1248603869078061,0.78
VNA.XETRA,VNA.XETRA,Vonovia SE,0.4986938397287949,50.13061602712051,0.3136351550101391,0.78
VODI.XETRA,VODI.XETRA,Vodafone Group PLC,0.5555534850487043,44.44465149512957,0.20047476905505468,0.78
VOW3.XETRA,VOW3.XETRA,Volkswagen AG VZO O.N.,0.6230354424062788,37.696455759372114,0,0.78
WCH.XETRA,WCH.XETRA,Wacker Chemie AG,0.7658827800621467,23.411721993785328,0,0.78
013A.F,013A.F,JD.com Inc Adr,0.5048081225739888,49.519187742601126,0.07284221969842782,0.78
3IN.LSE,3IN.LSE,3I Infrastructure PLC,0.6761019331271099,32.38980668728901,0,0.78
ABDN.LSE,ABDN.LSE,Abrdn PLC,0.31718115019254467,68.28188498074553,0.44784378754404697,0.68
ABF.LSE,ABF.LSE,Associated British Foods PLC,0.2786220720267095,72.13779279732904,0.4180976162495883,0.68
ADM.LSE,ADM.LSE,Admiral Group PLC,0.382516346344025,61.7483653655975,0.24066565162160078,0.78
AIBG.LSE,AIBG.LSE,AIB Group PLC,0.25494115019254465,74.50588498074553,0.5585109724532678,0.68
ANTO.LSE,ANTO.LSE,Antofagasta PLC,0.5312113449881448,46.878865501185516,0,0.78
ASHM.LSE,ASHM.LSE,Ashmore Group Plc,0.6740937948318501,32.590620516814994,0.017831166148243503,0.78
AUTO.LSE,AUTO.LSE,Auto Trader Group plc,0.2879554053600429,71.20445946399572,0.5178106224303911,0.68
AV.LSE,AV.LSE,Aviva PLC,0.95,5.000000000000004,0,0.78
AZN.LSE,AZN.LSE,AstraZeneca PLC,0.22695540536004288,77.30445946399571,0.4722746264190195,0.68
BA.LSE,BA.LSE,BAE Systems plc,0.2319554053600429,76.80445946399571,0.46157545144918044,0.68
BATS.LSE,BATS.LSE,British American Tobacco PLC,0.3802436832825755,61.97563167174245,0.3628171294026149,0.78
BBY.LSE,BBY.LSE,Balfour Beatty plc,0.2879554053600429,71.20445946399572,0.4479108871448659,0.68
BEZ.LSE,BEZ.LSE,Beazley plc,0.3029411501925447,69.70588498074552,0.5136801237565211,0.68
BGEO.LSE,BGEO.LSE,Lion Finance Group PLC,0.5204967057481003,47.95032942518998,0.12950329425189977,0.78
BHP.LSE,BHP.LSE,BHP Group Limited,0.22695540536004288,77.30445946399571,0.49735252554144965,0.68
BKG.LSE,BKG.LSE,The Berkeley Group Holdings plc,0.4619554053600429,53.8044594639957,0.1880445946399571,0.78
BLND.LSE,BLND.LSE,British Land Company PLC,0.4478404894703049,55.2159510529695,0.23342424237599846,0.78
BNC.LSE,BNC.LSE,Banco Santander S.A.,0.702762828113884,29.723717188611598,0,0.78
BNZL.LSE,BNZL.LSE,Bunzl PLC,0.27195540536004287,72.80445946399571,0.48976285913400497,0.68
BOY.LSE,BOY.LSE,Bodycote PLC,0.2889776275822651,71.1022372417735,0.4147858102878635,0.68
BREE.LSE,BREE.LSE,Breedon Group PLC,0.22695540536004288,77.30445946399571,0.5145748928959799,0.68
BT-A.LSE,BT-A.LSE,BT Group Plc,0.34876276397346456,65.12372360265356,0.4157717202779579,0.68
BTRW.LSE,BTRW.LSE,Barratt Redrow plc,0.803966848857981,19.6033151142019,0,0.78
BVA.LSE,BVA.LSE,Banco Bilbao Vizcaya Argentaria S.A,0.2869411501925447,71.30588498074553,0.475299756035263,0.68
BWY.LSE,BWY.LSE,Bellway PLC,0.4742939027286568,52.57060972713432,0.17570609727134323,0.78
BYG.LSE,BYG.LSE,Big Yellow Group PLC,0.3498761545859074,65.01238454140926,0.43226206551276053,0.68
CCC.LSE,CCC.LSE,Computacenter PLC,0.22695540536004288,77.30445946399571,0.45062327005490815,0.68
CCH.LSE,CCH.LSE,Coca Cola HBC AG,0.2319554053600429,76.80445946399571,0.44091330310099536,0.68
CHG.LSE,CHG.LSE,Chemring Group PLC,0.5211393037552701,47.886069624472995,0.03540510671946066,0.78
CKN.LSE,CKN.LSE,Clarkson,0.2452887386933762,75.47112613066238,0.41505238601949496,0.68
CMCX.LSE,CMCX.LSE,CMC Markets PLC,0.35020632167192617,64.97936783280738,0.24408351508920687,0.78
CNA.LSE,CNA.LSE,Centrica PLC,0.44866018515690054,55.13398148430995,0.07516125668240031,0.78
COA.LSE,COA.LSE,Coats Group PLC,0.2394688751785825,76.05311248214176,0.5223434256392427,0.68
CPG.LSE,CPG.LSE,Compass Group PLC,0.24662207202670955,75.33779279732904,0.4320155996494374,0.68
CSN.LSE,CSN.LSE,Chesnara,0.9344579234076104,6.554207659238964,0,0.78
CURY.LSE,CURY.LSE,Currys PLC,0.3039554053600429,69.60445946399571,0.4500436927308602,0.68
CWK.LSE,CWK.LSE,Cranswick PLC,0.2932887386933762,70.67112613066237,0.3711743478019643,0.68
DCC.LSE,DCC.LSE,DCC plc,0.2876531831378206,71.23468168621794,0.432000964490423,0.68
DLN.LSE,DLN.LSE,Derwent London PLC,0.4497140542977516,55.02859457022484,0.2124786437191028,0.78
DNLM.LSE,DNLM.LSE,Dunelm Group PLC,0.2399554053600429,76.00445946399572,0.5613694020544295,0.68
DOM.LSE,DOM.LSE,Domino’s Pizza Group PLC,0.34584141219382525,65.41585878061747,0.44457497425423365,0.68
DRX.LSE,DRX.LSE,Drax Group PLC,0.5679554053600431,43.20445946399569,0.20454609798435447,0.78
DSCV.LSE,DSCV.LSE,Discoverie Group PLC,0.29049777824139883,70.9502221758601,0.42923358349240603,0.68
ELM.LSE,ELM.LSE,Elementis PLC,0.29603827067176447,70.39617293282355,0.31119650066955634,0.68
EMG.LSE,EMG.LSE,Man Group PLC,0.2398311682132735,76.01688317867266,0.46628612587557183,0.68
ENT.LSE,ENT.LSE,Entain PLC,0.7462048410502645,25.379515894973547,0,0.78
EXPN.LSE,EXPN.LSE,Experian PLC,0.2363998498044873,76.36001501955127,0.5144960899789707,0.68
EZJ.LSE,EZJ.LSE,EasyJet PLC,0.2799554053600429,72.00445946399572,0.468066368523626,0.68
FAN.LSE,FAN.LSE,Volution Group plc,0.5019554053600429,49.80445946399571,0.14804459463995712,0.78
FEVR.LSE,FEVR.LSE,Fevertree Drinks Plc,0.6641420720267097,33.58579279732903,0,0.78
FGP.LSE,FGP.LSE,FirstGroup PLC,0.23738194564440307,76.2618054355597,0.5517828279806251,0.68
FOUR.LSE,FOUR.LSE,4Imprint Group Plc,0.24483540536004283,75.51645946399572,0.4811627986724005,0.68
FRES.LSE,FRES.LSE,Fresnillo PLC,0.2363998498044873,76.36001501955127,0.4867240820832349,0.68
GAMA.LSE,GAMA.LSE,Gamma Communications PLC,0.27195540536004287,72.80445946399571,0.48196929747561557,0.68
GAW.LSE,GAW.LSE,Games Workshop Group PLC,0.35228433158226513,64.77156684177349,0.3937683935667934,0.78
GDWN.LSE,GDWN.LSE,Goodwin PLC,0.26751096091559845,73.24890390844016,0.3967481889916376,0.68
GEN.LSE,GEN.LSE,Genuit Group plc,0.26298207202670953,73.70179279732905,0.5191466788799851,0.68
GLB.LSE,GLB.LSE,Glanbia plc,0.2319554053600429,76.80445946399571,0.46178601122487734,0.68
GNC.LSE,GNC.LSE,Greencore Group,0.5163998498044873,48.36001501955127,0.18384877100423602,0.78
GNS.LSE,GNS.LSE,Genus PLC,0.32258402094922495,67.7415979050775,0.2891188760686142,0.68
GPE.LSE,GPE.LSE,GREAT PORTLAND ESTATES PLC,0.7847819424471936,21.521805755280642,0,0.78
GRG.LSE,GRG.LSE,Greggs PLC,0.36967926216015223,63.03207378398478,0.26009435891833765,0.78
GRI.LSE,GRI.LSE,Grainger PLC,0.39551933044613163,60.448066955386835,0.3906201815430129,0.78
GSK.LSE,GSK.LSE,GSK plc,0.2399554053600429,76.00445946399572,0.5139583242456061,0.68
HIK.LSE,HIK.LSE,Hikma Pharmaceuticals PLC,0.3209710242719622,67.90289757280378,0.29444572750515413,0.68
HILS.LSE,HILS.LSE,Hill & Smith Holdings PLC,0.2932887386933762,70.67112613066237,0.41674609221090636,0.68
HMSO.LSE,HMSO.LSE,Hammerson PLC,0.8336069817021095,16.639301829789055,0,0.78
HOC.LSE,HOC.LSE,Hochschild Mining plc,0.26751096091559845,73.24890390844016,0.4371698285017881,0.68
HSX.LSE,HSX.LSE,Hiscox Ltd,0.5081961324108429,49.18038675891571,0,0.78
HWDN.LSE,HWDN.LSE,Howden Joinery Group Plc,0.2399554053600429,76.00445946399572,0.5367234896897531,0.68
ICG.LSE,ICG.LSE,Intermediate Capital Group PLC,0.26738559463698913,73.26144053630108,0.5344981979839565,0.68
IGG.LSE,IGG.LSE,IG Group Holdings PLC,0.3109411501925447,68.90588498074553,0.5045458933039948,0.68
IHG.LSE,IHG.LSE,InterContinental Hotels Group PLC,0.2879554053600429,71.20445946399572,0.4226931177818061,0.68
III.LSE,III.LSE,3I Group PLC,0.29049670574810027,70.95032942518998,0.35952038123884406,0.68
IMI.LSE,IMI.LSE,IMI PLC,0.22695540536004288,77.30445946399571,0.4887117501328781,0.68
INCH.LSE,INCH.LSE,Inchcape PLC,0.24503873869337622,75.49612613066238,0.49722169640103336,0.68
INF.LSE,INF.LSE,Informa PLC,0.6553720938315476,34.46279061684524,0.12355058406140035,0.78
INPP.LSE,INPP.LSE,International Public Partnership,0.31751428147728994,68.248571852271,0.45284077064342454,0.68
INVP.LSE,INVP.LSE,Investec PLC,0.7122261687562357,28.77738312437643,0,0.78
IPC.LSE,IPC.LSE,International Paper Company,0.95,5.000000000000004,0,0.78
ITRK.LSE,ITRK.LSE,Intertek Group PLC,0.3230887386933762,67.69112613066238,0.40406925061319066,0.68
ITV.LSE,ITV.LSE,ITV PLC,0.40635562590733226,59.36443740926678,0.25503470327071986,0.78
JD.LSE,JD.LSE,JD Sports Fashion PLC,0.2363998498044873,76.36001501955127,0.5471180454824998,0.68
JDW.LSE,JDW.LSE,J D Wetherspoon PLC,0.4371522640466182,56.28477359533818,0.21772785834820463,0.78
JET2.LSE,JET2.LSE,Jet2 PLC,0.24429390272865675,75.57060972713433,0.5586882165026332,0.68
JFJ.LSE,JFJ.LSE,JPMorgan Japanese Investment Trust,0.39398579075772244,60.60142092422775,0.16007553258589263,0.78
JMAT.LSE,JMAT.LSE,Johnson Matthey PLC,0.2893477586694529,71.06522413305471,0.2912742325420035,0.68
JUP.LSE,JUP.LSE,Jupiter Fund Management Plc,0.24694115019254465,75.30588498074553,0.4525811388185524,0.68
KGF.LSE,KGF.LSE,Kingfisher PLC,0.3910842942489317,60.89157057510683,0.36162898778285485,0.78
KIE.LSE,KIE.LSE,Kier Group PLC,0.5019554053600429,49.80445946399571,0.14804459463995712,0.78
KLR.LSE,KLR.LSE,Keller Group PLC,0.27195540536004287,72.80445946399571,0.4262042984928428,0.68
KNOS.LSE,KNOS.LSE,Kainos Group PLC,0.3754042693600429,62.45957306399571,0.35352723992303503,0.78
KYGA.LSE,KYGA.LSE,Kerry Group,0.23362207202670954,76.63779279732906,0.43436823656105106,0.68
LAND.LSE,LAND.LSE,Land Securities Group PLC,0.6265973148181457,37.340268518185425,0,0.78
LGEN.LSE,LGEN.LSE,Legal & General Group PLC,0.5393855946369892,46.06144053630108,0.2008326385537647,0.78
LLOY.LSE,LLOY.LSE,Lloyds Banking Group PLC,0.6082201701946961,39.17798298053039,0,0.78
LMP.LSE,LMP.LSE,LondonMetric Property Plc,0.6125975568590045,38.74024431409955,0.17927375939473886,0.78
LRE.LSE,LRE.LSE,Lancashire Holdings Ltd,0.28249670574810026,71.75032942518997,0.5131378948697596,0.68
LSEG.LSE,LSEG.LSE,London Stock Exchange Group PLC,0.24194115019254464,75.80588498074555,0.480487276406085,0.68
MGNS.LSE,MGNS.LSE,Morgan Sindall Group PLC,0.2399554053600429,76.00445946399572,0.4444874583317688,0.68
MKS.LSE,MKS.LSE,Marks and Spencer Group PLC,0.2612887386933762,73.87112613066238,0.44328148619128616,0.68
MNDI.LSE,MNDI.LSE,Mondi PLC,0.5990119395892823,40.09880604107177,0.04493410441750588,0.78
MONY.LSE,MONY.LSE,MONY Group plc,0.3872620720267096,61.273792797329044,0.42643256277781605,0.78
MPE.LSE,MPE.LSE,M.P.Evans Group,0.27551096091559846,72.44890390844016,0.5237523721753832,0.68
MRO.LSE,MRO.LSE,Melrose Industries PLC,0.25532307049435804,74.46769295056419,0.27794949666043106,0.68
MTO.LSE,MTO.LSE,Mitie Group PLC,0.27631981869337624,72.36801813066238,0.43146327998345874,0.68
NG.LSE,NG.LSE,National Grid PLC,0.7990935680061163,20.09064319938837,0,0.78
NWG.LSE,NWG.LSE,NatWest Group PLC,0.3029411501925447,69.70588498074552,0.4522502713659924,0.68
NXT.LSE,NXT.LSE,Next PLC,0.2799554053600429,72.00445946399572,0.4677925175256398,0.68
OSB.LSE,OSB.LSE,OneSavings Bank PLC,0.29049670574810027,70.95032942518998,0.4585680501116858,0.68
PAF.LSE,PAF.LSE,Pan African Resources PLC,0.5239337134950853,47.606628650491466,0,0.78
PAG.LSE,PAG.LSE,Paragon Banking Group PLC,0.6589023829006756,34.10976170993244,0,0.78
PETS.LSE,PETS.LSE,Pets at Home Group Plc,0.426737596471154,57.326240352884604,0.37514956047727216,0.78
PFD.LSE,PFD.LSE,Premier Foods PLC,0.27195540536004287,72.80445946399571,0.48576050636745266,0.68
PHP.LSE,PHP.LSE,Primary Health Properties,0.6914100315119658,30.85899684880342,0.13308109036044585,0.78
PLUS.LSE,PLUS.LSE,Plus500 Ltd,0.28249670574810026,71.75032942518997,0.5112207306517729,0.68
PNN.LSE,PNN.LSE,Pennon Group Plc,0.95,5.000000000000004,0,0.78
POLR.LSE,POLR.LSE,Polar Capital Holdings plc,0.3259633413036558,67.40366586963442,0.476379951040005,0.68
PRU.LSE,PRU.LSE,Prudential plc,0.2513855946369891,74.86144053630109,0.4035749256646026,0.68
PSN.LSE,PSN.LSE,Persimmon PLC,0.6035778288091245,39.642217119087555,0,0.78
PSON.LSE,PSON.LSE,Pearson PLC,0.27195540536004287,72.80445946399571,0.4933917232403046,0.68
QQ.LSE,QQ.LSE,Qinetiq Group PLC,0.26751096091559845,73.24890390844016,0.4541327164609268,0.68
RAT.LSE,RAT.LSE,Rathbone Brothers PLC,0.38604781685921136,61.39521831407886,0.43651332912042584,0.78
REL.LSE,REL.LSE,Relx PLC,0.23775017483854943,76.22498251614506,0.5363074743492602,0.68
RICA.LSE,RICA.LSE,Ruffer Investment Company Limited,0.21927964756115853,78.07203524388416,0.5955412307361393,0.68
RKT.LSE,RKT.LSE,Reckitt Benckiser Group PLC,0.2799554053600429,72.00445946399572,0.4218279504060344,0.68
RMV.LSE,RMV.LSE,Rightmove PLC,0.27195540536004287,72.80445946399571,0.5189136366550677,0.68
ROR.LSE,ROR.LSE,Rotork PLC,0.26751096091559845,73.24890390844016,0.4177795882775895,0.68
RS1.LSE,RS1.LSE,RS GROUP PLC,0.23012876980448738,76.98712301955126,0.49234607950298953,0.68
RSW.LSE,RSW.LSE,Renishaw PLC,0.31238207202670953,68.76179279732905,0.35574095135172346,0.68
RTO.LSE,RTO.LSE,Rentokil Initial PLC,0.543264194346316,45.6735805653684,0.19321771659535114,0.78
S32.LSE,S32.LSE,South32 Ltd,0.36274730469461347,63.725269530538654,0.21649682917128205,0.78
SAFE.LSE,SAFE.LSE,Safestore Holdings Plc,0.95,5.000000000000004,0,0.78
SBRY.LSE,SBRY.LSE,J Sainsbury PLC,0.3824873547788152,61.751264522118475,0.3207705837933176,0.78
SCT.LSE,SCT.LSE,Softcat plc,0.22695540536004288,77.30445946399571,0.4466189874543491,0.68
SDLF.LSE,SDLF.LSE,Standard Life PLC,0.6366392862850093,36.33607137149907,0,0.78
SDR.LSE,SDR.LSE,Schroders PLC,0.2593855946369891,74.06144053630108,0.5317730589961144,0.68
SEPL.LSE,SEPL.LSE,Seplat Petroleum Development Company PLC,0.2943227519685162,70.56772480314838,0.5152022120966385,0.68
SEQI.LSE,SEQI.LSE,Sequoia Econ Infrastructure,0.5248255946369891,47.517440536301095,0.31447709141713964,0.78
SGE.LSE,SGE.LSE,Sage Group PLC,0.27551096091559846,72.44890390844016,0.47952895642182214,0.68
SGRO.LSE,SGRO.LSE,Segro Plc,0.47723492176095167,52.27650782390483,0.2336967924082149,0.78
SHC.LSE,SHC.LSE,Shaftesbury Capital PLC,0.2598864398428015,74.01135601571984,0.40100339913906585,0.68
SHEL.LSE,SHEL.LSE,Shell plc,0.2363998498044873,76.36001501955127,0.5222656157332677,0.68
SMIN.LSE,SMIN.LSE,Smiths Group PLC,0.5019554053600429,49.80445946399571,0.14804459463995712,0.78
SNR.LSE,SNR.LSE,Senior PLC,0.32256726759433524,67.74327324056648,0.2237382222688346,0.68
SPX.LSE,SPX.LSE,Spirax Group plc,0.33116429424893173,66.88357057510683,0.3946770381886172,0.68
SQZ.LSE,SQZ.LSE,Serica Energy PLC,0.8843058462088641,11.56941537911359,0,0.78
SRE.LSE,SRE.LSE,Sirius Real Estate Limited,0.3766347113716623,62.33652886283376,0.34686461720432304,0.78
SRP.LSE,SRP.LSE,Serco Group,0.2363998498044873,76.36001501955127,0.5507807968328275,0.68
SSE.LSE,SSE.LSE,SSE PLC,0.6212047433667731,37.87952566332269,0,0.78
SSPG.LSE,SSPG.LSE,SSP Group PLC,0.6433535832763997,35.664641672360034,0.09228721490778234,0.78
STAN.LSE,STAN.LSE,Standard Chartered PLC,0.28249670574810026,71.75032942518997,0.5399747864169097,0.68
STJ.LSE,STJ.LSE,St. James's Place plc,0.24194115019254464,75.80588498074555,0.4407652662370621,0.68
SVS.LSE,SVS.LSE,Savills,0.259771634476988,74.0228365523012,0.4495255224866658,0.68
SVT.LSE,SVT.LSE,Severn Trent PLC,0.6858576275822652,31.414237241773478,0,0.78
TATE.LSE,TATE.LSE,Tate & Lyle PLC,0.44879545120081976,55.12045487991802,0.19746938790532167,0.78
TCAP.LSE,TCAP.LSE,TP ICAP Group PLC,0.34751182417283194,65.24881758271681,0.3135407383761451,0.68
TFIF.LSE,TFIF.LSE,TwentyFour Income Fund Ltd,0.7901583224890818,20.98416775109182,0,0.78
TPK.LSE,TPK.LSE,Travis Perkins PLC,0.6834728183457878,31.652718165421224,0,0.78
TRIG.LSE,TRIG.LSE,Renewables Infrastructure Grp,0.6280031787787826,37.199682122121736,0,0.78
TSCO.LSE,TSCO.LSE,Tesco PLC,0.24947396794505167,75.05260320549483,0.43489039123077955,0.68
TW.LSE,TW.LSE,Taylor Wimpey PLC,0.6212067695870838,37.87932304129163,0.012321146441148786,0.78
ULVR.LSE,ULVR.LSE,Unilever PLC,0.3668176275822651,63.31823724177349,0.3590971560138166,0.78
UTG.LSE,UTG.LSE,Unite Group PLC,0.95,5.000000000000004,0,0.78
UU.LSE,UU.LSE,United Utilities Group PLC,0.7060543134321117,29.394568656788834,0,0.78
VALT.LSE,VALT.LSE,Valterra Platinum Limited,0.46995540536004293,53.0044594639957,0.1800445946399571,0.78
VSVS.LSE,VSVS.LSE,Vesuvius PLC,0.6733488991730451,32.66511008269549,0,0.78
WEIR.LSE,WEIR.LSE,Weir Group PLC,0.2879554053600429,71.20445946399572,0.41904747744740445,0.68
WTB.LSE,WTB.LSE,Whitbread PLC,0.7167118223719462,28.32881776280538,0,0.78
ZIG.LSE,ZIG.LSE,ZIGUP plc,0.7312124380334764,26.878756196652365,0,0.78
BARC.LSE,BARC.LSE,Barclays PLC,0.24194115019254464,75.80588498074555,0.576660948296031,0.68
BME.LSE,BME.LSE,B&M European Value Retail SA,0.4102579367945016,58.97420632054984,0.4001551267092684,0.78
BP.LSE,BP.LSE,BP PLC,0.44031068641672516,55.96893135832748,0.29780919822459323,0.78
CRDA.LSE,CRDA.LSE,Croda International PLC,0.5778906736400371,42.210932635996286,0.13140146179092396,0.78
DGE.LSE,DGE.LSE,Diageo PLC,0.5222274696233807,47.77725303766193,0.21468726179969083,0.78
GFTU.LSE,GFTU.LSE,Grafton Group plc,0.26751096091559845,73.24890390844016,0.5016959864161601,0.68
HSBA.LSE,HSBA.LSE,HSBC Holdings PLC,0.24194115019254464,75.80588498074555,0.5371330925707375,0.68
IMB.LSE,IMB.LSE,Imperial Brands PLC,0.2967287386933762,70.32712613066239,0.49903052881529464,0.68
RIO.LSE,RIO.LSE,Rio Tinto PLC,0.3373896191183573,66.26103808816427,0.3273491630598113,0.68
SN.LSE,SN.LSE,Smith & Nephew PLC,0.27195540536004287,72.80445946399571,0.46197228624344633,0.68
TTE.LSE,TTE.LSE,TotalEnergies SE,0.2817864503651134,71.82135496348866,0.40880504418518526,0.68
VOD.LSE,VOD.LSE,Vodafone Group PLC,0.5486468183820377,45.135318161796235,0.20725670300611193,0.78
WPP.LSE,WPP.LSE,WPP PLC,0.67825872847146,32.174127152854005,0,0.78
GLEN.LSE,GLEN.LSE,Glencore PLC,0.6105083533054884,38.949164669451164,0,0.78
IAG.LSE,IAG.LSE,International Consolidated Airlines Group S.A,0.2087383471731012,79.12616528268987,0.5456916144789354,0.68
ANDR.VI,ANDR.VI,Andritz AG,0.27195540536004287,72.80445946399571,0.4233072651701753,0.68
DOC.VI,DOC.VI,DO & CO Aktiengesellschaft,0.27195540536004287,72.80445946399571,0.4681128121758962,0.68
MMK.VI,MMK.VI,Mayr-Melnhof Karton AG,0.5907949436421178,40.92050563578822,0,0.78
OMV.VI,OMV.VI,OMV Aktiengesellschaft,0.24009320180448734,75.99067981955126,0.4557108950959679,0.68
POS.VI,POS.VI,PORR AG,0.2609292714335992,73.90707285664008,0.4639747186266321,0.68
RBI.VI,RBI.VI,Raiffeisen Bank International AG,0.2593855946369891,74.06144053630108,0.552190756705928,0.68
STR.VI,STR.VI,Strabag SE,0.2932887386933762,70.67112613066237,0.44179198138522763,0.68
UQA.VI,UQA.VI,UNIQA Insurance Group AG,0.2949411501925447,70.50588498074552,0.4582733580320927,0.68
VER.VI,VER.VI,VERBUND AG,0.3469389564048422,65.30610435951579,0.2777054587701783,0.68
VIG.VI,VIG.VI,Vienna Insurance Group AG,0.26530505327380577,73.46949467261943,0.3360201486402336,0.68
VOE.VI,VOE.VI,Voestalpine AG,0.2447451249862111,75.52548750137889,0.45623399468680387,0.68
WIE.VI,WIE.VI,Wienerberger AG,0.3555634376524074,64.44365623475926,0.40917057007941915,0.78
TBCG.LSE,TBCG.LSE,TBC Bank Group PLC,0.5409411501925447,45.905884980745526,0.10905884980745528,0.78
AAK.ST,AAK.ST,AAK AB,0.615527183771958,38.4472816228042,0,0.78
ABB.ST,ABB.ST,ABB Ltd,0.27551096091559846,72.44890390844016,0.3896743710890624,0.68
ADDT-B.ST,ADDT-B.ST,Addtech AB (publ.),0.22695540536004288,77.30445946399571,0.47296158979099756,0.68
ALFA.ST,ALFA.ST,Alfa Laval AB,0.2346662726189011,76.53337273810989,0.4096860872584776,0.68
ALIV-SDB.ST,ALIV-SDB.ST,Autoliv Inc,0.2443998498044873,75.56001501955127,0.4758529097273262,0.68
ASSA-B.ST,ASSA-B.ST,ASSA ABLOY AB (publ),0.2799554053600429,72.00445946399572,0.449848066779329,0.68
ATCO-A.ST,ATCO-A.ST,Atlas Copco AB Series A,0.25229390272865676,74.77060972713431,0.4442891726430702,0.68
AXFO.ST,AXFO.ST,Axfood AB,0.3587477656518353,64.12522343481648,0.39017737416616066,0.78
AZA.ST,AZA.ST,Avanza Bank Holding AB (publ),0.2804567057481002,71.95432942518998,0.5578080003352348,0.68
AZN.ST,AZN.ST,AstraZeneca PLC,0.2319554053600429,76.80445946399571,0.49033844267382964,0.68
BEIJ-B.ST,BEIJ-B.ST,Beijer Ref AB (publ),0.2363998498044873,76.36001501955127,0.46012878320522976,0.68
BOL.ST,BOL.ST,Boliden AB,0.2804775913689224,71.95224086310776,0.35176785444591196,0.68
BRAV.ST,BRAV.ST,Bravida Holding AB,0.27195540536004287,72.80445946399571,0.40305324726743075,0.68
CAST.ST,CAST.ST,Castellum AB,0.44048146766042395,55.95185323395761,0.37095339477510203,0.78
EKTA-B.ST,EKTA-B.ST,Elekta AB (publ),0.5907368597363338,40.92631402636662,0.06444018294425789,0.78
ERIC-B.ST,ERIC-B.ST,Telefonaktiebolaget LM Ericsson (publ),0.2319554053600429,76.80445946399571,0.5061651820964331,0.68
EVO.ST,EVO.ST,Evolution AB (publ),0.2363998498044873,76.36001501955127,0.5331581372605662,0.68
GETI-B.ST,GETI-B.ST,Getinge AB ser. B,0.27195540536004287,72.80445946399571,0.4170942317923631,0.68
HEXA-B.ST,HEXA-B.ST,Hexagon AB (publ),0.27195540536004287,72.80445946399571,0.46168703699900854,0.68
HM-B.ST,HM-B.ST,H & M Hennes & Mauritz AB (publ),0.4261153742489318,57.388462575106814,0.32526442896096336,0.78
HOLM-B.ST,HOLM-B.ST,Holmen AB (publ),0.22695540536004288,77.30445946399571,0.4299961489250875,0.68
HPOL-B.ST,HPOL-B.ST,HEXPOL AB (publ),0.31395540536004285,68.60445946399571,0.39955709613761514,0.68
HUSQ-B.ST,HUSQ-B.ST,Husqvarna AB (publ),0.2462426503328889,75.37573496671111,0.4335502063061459,0.68
INDT.ST,INDT.ST,Indutrade AB,0.2799554053600429,72.00445946399572,0.42597214262103983,0.68
INDU-C.ST,INDU-C.ST,Industrivarden AB ser. C,0.2869411501925447,71.30588498074553,0.40195915667187054,0.68
INVE-B.ST,INVE-B.ST,Investor AB ser. B,0.33715811916614385,66.28418808338562,0.2621667033703,0.68
LAGR-B.ST,LAGR-B.ST,Lagercrantz Group AB (publ),0.19929390272865677,80.07060972713433,0.49055017549083113,0.68
LATO-B.ST,LATO-B.ST,Investment AB Latour (publ),0.2890891453195769,71.09108546804231,0.34998510251313747,0.68
LOOMIS.ST,LOOMIS.ST,Loomis AB ser. B,0.2612887386933762,73.87112613066238,0.5100798415358521,0.68
LUG.ST,LUG.ST,Lundin Gold Inc,0.44679883311216756,55.32011668878325,0.3413144133862318,0.78
SAGA-B.ST,SAGA-B.ST,AB Sagax (publ),0.441843008466145,55.8156991533855,0.3170727427019612,0.78
SAND.ST,SAND.ST,Sandvik AB,0.27551096091559846,72.44890390844016,0.41817664531375226,0.68
SCA-B.ST,SCA-B.ST,Svenska Cellulosa Aktiebolaget SCA (publ),0.5363657850098477,46.36342149901523,0.08554085269146885,0.78
SEB-A.ST,SEB-A.ST,Skandinaviska Enskilda Banken AB (publ),0.24694115019254465,75.30588498074553,0.5077860488279047,0.68
SECU-B.ST,SECU-B.ST,Securitas AB,0.2443998498044873,75.56001501955127,0.4794214856349368,0.68
SHB-A.ST,SHB-A.ST,Svenska Handelsbanken AB (publ),0.735471112702587,26.452888729741296,0,0.78
SKA-B.ST,SKA-B.ST,Skanska AB (publ),0.30595649970395666,69.40435002960433,0.28987455374622295,0.68
SKF-B.ST,SKF-B.ST,AB SKF (publ),0.27705311478831335,72.29468852116867,0.36973406464353065,0.68
SSAB-B.ST,SSAB-B.ST,SSAB AB (publ),0.557146306512311,44.285369348768896,0,0.78
SWEC-B.ST,SWEC-B.ST,Sweco AB (publ),0.2319554053600429,76.80445946399571,0.5270286573342233,0.68
SWED-A.ST,SWED-A.ST,Swedbank AB (publ),0.7300002271651224,26.999977283487762,0,0.78
TEL2-B.ST,TEL2-B.ST,Tele2 AB (publ),0.29892632959428694,70.1073670405713,0.4951786830783075,0.68
TELIA.ST,TELIA.ST,Telia Company AB,0.5850662413900529,41.49337586099471,0.19364348402342038,0.78
THULE.ST,THULE.ST,Thule Group AB,0.40308391395464505,59.691608604535496,0.22326047127390106,0.78
TREL-B.ST,TREL-B.ST,Trelleborg AB (publ),0.22695540536004288,77.30445946399571,0.4839547754268203,0.68
VOLV-B.ST,VOLV-B.ST,AB Volvo (publ),0.2567052575098178,74.32947424901822,0.352234216107211,0.68
A.US,A.US,Agilent Technologies Inc,0.2087383471731012,79.12616528268987,0.4920718097102053,0.68
AA.US,AA.US,Alcoa Corp,0.2992460509372091,70.0753949062791,0.2938984374436947,0.68
ABBNY.US,ABBNY.US,ABB Ltd,0.27195540536004287,72.80445946399571,0.3918578667729145,0.68
ABBV.US,ABBV.US,AbbVie Inc,0.5651939453919348,43.48060546080652,0.19430835751214148,0.78
ABT.US,ABT.US,Abbott Laboratories,0.31381762758226506,68.6182372417735,0.41769879655977693,0.68
ACN.US,ACN.US,Accenture plc,0.2319554053600429,76.80445946399571,0.5692183971764737,0.68
ADI.US,ADI.US,Analog Devices Inc,0.2363998498044873,76.36001501955127,0.4957958963254947,0.68
ADM.US,ADM.US,Archer-Daniels-Midland Company,0.2820415783958841,71.7958421604116,0.40714784528646525,0.68
ADP.US,ADP.US,Automatic Data Processing Inc,0.27195540536004287,72.80445946399571,0.46096921076027375,0.68
AEM.US,AEM.US,Agnico Eagle Mines Limited,0.26751096091559845,73.24890390844016,0.4621095097868665,0.68
AEP.US,AEP.US,American Electric Power Co Inc,0.6939976509663792,30.60023490336208,0,0.78
AFL.US,AFL.US,Aflac Incorporated,0.26160781685921136,73.83921831407886,0.428056403444881,0.68
AIG.US,AIG.US,American International Group Inc,0.26738559463698913,73.26144053630108,0.47528052528479603,0.68
AJG.US,AJG.US,Arthur J Gallagher & Co,0.3138901222923979,68.61098777076022,0.3751836142418706,0.68
ALIZY.US,ALIZY.US,Allianz SE ADR,0.308274483525878,69.1725516474122,0.5250594727515552,0.68
ALL.US,ALL.US,The Allstate Corporation,0.29049670574810027,70.95032942518998,0.48231715055456054,0.68
AMGN.US,AMGN.US,Amgen Inc,0.27730237915378725,72.26976208462128,0.4596724879934812,0.68
AMP.US,AMP.US,Ameriprise Financial Inc,0.25494115019254465,74.50588498074553,0.5913676906413409,0.68
AMT.US,AMT.US,American Tower Corp,0.552526015125248,44.747398487475195,0.22296593040640955,0.78
APD.US,APD.US,Air Products and Chemicals Inc,0.8930972407100788,10.690275928992122,0,0.78
APO.US,APO.US,Apollo Global Management LLC Class A,0.334204092005603,66.57959079943969,0.4459524325509511,0.68
ARES.US,ARES.US,Ares Management LP,0.6983843907061038,30.16156092938962,0.05374358447438239,0.78
ASX.US,ASX.US,ASE Industrial Holding Co Ltd ADR,0.4569554053600429,54.30445946399571,0.1930445946399571,0.78
AU.US,AU.US,AngloGold Ashanti plc,0.2319554053600429,76.80445946399571,0.5024124999317519,0.68
AXP.US,AXP.US,American Express Company,0.2513855946369891,74.86144053630109,0.5279336150579126,0.68
AZN.US,AZN.US,AstraZeneca PLC,0.2799554053600429,72.00445946399572,0.4128715256498336,0.68
B.US,B.US,Barrick Mining Corporation,0.27195540536004287,72.80445946399571,0.43296258444882396,0.68
BAC.US,BAC.US,Bank of America Corp,0.31811052647770927,68.18894735222906,0.2576940136689386,0.68
BBVA.US,BBVA.US,Banco Bilbao Viscaya Argentaria SA ADR,0.24194115019254464,75.80588498074555,0.5196137260994113,0.68
BCS.US,BCS.US,Barclays PLC ADR,0.24694115019254465,75.30588498074553,0.5712867501492028,0.68
BDX.US,BDX.US,Becton Dickinson and Company,0.3363684681982433,66.36315318017567,0.4068509309781592,0.68
BHP.US,BHP.US,BHP Group Limited,0.27195540536004287,72.80445946399571,0.4553294351249519,0.68
BKR.US,BKR.US,Baker Hughes Co,0.27195540536004287,72.80445946399571,0.42077067620405384,0.68
BLK.US,BLK.US,BlackRock Inc,0.32388083415069396,67.6119165849306,0.33639074209625086,0.68
BMO.US,BMO.US,Bank of Montreal,0.4719411501925447,52.80588498074553,0.17805884980745534,0.78
BMY.US,BMY.US,Bristol-Myers Squibb Company,0.24832049185241606,75.1679508147584,0.5667120435071714,0.68
BNS.US,BNS.US,Bank of Nova Scotia,0.4813855946369891,51.86144053630108,0.16861440536301092,0.78
BNY.US,BNY.US,The Bank of New York Mellon Corporation,0.2869411501925447,71.30588498074553,0.4235399872589716,0.68
BP.US,BP.US,BP PLC ADR,0.4881418224167251,51.18581775832749,0.23371344574355962,0.78
BTI.US,BTI.US,British American Tobacco p.l.c.,0.4294897692501314,57.05102307498686,0.30205694182086323,0.78
BUD.US,BUD.US,Anheuser Busch Inbev NV ADR,0.2109976620523576,78.90023379476425,0.5740178960263386,0.68
BX.US,BX.US,Blackstone Group Inc,0.6161086357071364,38.38913642928637,0.10191148561947996,0.78
C.US,C.US,Citigroup Inc.,0.6713035565787487,32.86964434212513,0,0.78
CB.US,CB.US,Chubb Ltd,0.3029411501925447,69.70588498074552,0.49792775814775464,0.68
CBOE.US,CBOE.US,Cboe Global Markets Inc,0.2949411501925447,70.50588498074552,0.47785636992748737,0.68
CCEP.US,CCEP.US,Coca-Cola European Partners PLC,0.26751096091559845,73.24890390844016,0.4504382284531249,0.68
CCI.US,CCI.US,Crown Castle,0.6675943210125027,33.24056789874973,0.16276275443545934,0.78
CCL.US,CCL.US,Carnival Corporation,0.3268181731390437,67.31818268609562,0.3476145046215997,0.68
CI.US,CI.US,Cigna Corp,0.2523998498044873,74.76001501955128,0.48062797874362895,0.68
CL.US,CL.US,Colgate-Palmolive Company,0.4034754053600429,59.65245946399571,0.3476973375076684,0.78
CM.US,CM.US,Canadian Imperial Bank Of Commerce,0.5329411501925447,46.70588498074552,0.11705884980745529,0.78
CMCSA.US,CMCSA.US,Comcast Corp,0.27551096091559846,72.44890390844016,0.5495261913289134,0.68
CME.US,CME.US,CME Group Inc,0.431221131525878,56.8778868474122,0.3244122008467794,0.78
CMI.US,CMI.US,Cummins Inc,0.23747854140584862,76.25214585941514,0.4010149251653894,0.68
CNI.US,CNI.US,Canadian National Railway Company,0.4663998498044874,53.360015019551255,0.18360015019551262,0.78
CNQ.US,CNQ.US,Canadian Natural Resources Ltd,0.5099554053600429,49.00445946399571,0.1400445946399571,0.78
COF.US,COF.US,Capital One Financial Corporation,0.2949411501925447,70.50588498074552,0.5581871483779519,0.68
COP.US,COP.US,ConocoPhillips,0.26751096091559845,73.24890390844016,0.455387558471902,0.68
CRH.US,CRH.US,CRH PLC ADR,0.22695540536004288,77.30445946399571,0.46587597635782524,0.68
CSCO.US,CSCO.US,Cisco Systems Inc,0.2319554053600429,76.80445946399571,0.4963717411023212,0.68
CSX.US,CSX.US,CSX Corporation,0.22732462780011914,77.26753721998809,0.4614208353241296,0.68
CTAS.US,CTAS.US,Cintas Corporation,0.27195540536004287,72.80445946399571,0.41410865264827934,0.68
CTSH.US,CTSH.US,Cognizant Technology Solutions Corp Class A,0.27195540536004287,72.80445946399571,0.5077479952991006,0.68
CVE.US,CVE.US,Cenovus Energy Inc,0.4975109609155985,50.24890390844015,0.15248903908440153,0.78
CVS.US,CVS.US,CVS Health Corp,0.4256316916872152,57.436830831278485,0.2633607798152182,0.78
CVX.US,CVX.US,Chevron Corp,0.2505375636515368,74.94624363484633,0.4445777124829842,0.68
D.US,D.US,Dominion Energy Inc,0.95,5.000000000000004,0,0.78
DB.US,DB.US,Deutsche Bank AG,0.2869411501925447,71.30588498074553,0.5188662704002871,0.68
DE.US,DE.US,Deere & Company,0.4368076816613506,56.31923183386493,0.19555446269796511,0.78
DHI.US,DHI.US,DR Horton Inc,0.26751096091559845,73.24890390844016,0.4258003886769457,0.68
DIS.US,DIS.US,Walt Disney Company,0.23362207202670954,76.63779279732906,0.4758868765826072,0.68
DLR.US,DLR.US,Digital Realty Trust Inc,0.6435383271564514,35.64616728435486,0.11109627142087738,0.78
DTEGY.US,DTEGY.US,Deutsche Telekom AG ADR,0.5290377565887208,47.09622434112792,0.2916138979321322,0.78
DUK.US,DUK.US,Duke Energy Corporation,0.7534248594242596,24.657514057574037,0,0.78
DVN.US,DVN.US,Devon Energy Corporation,0.2452887386933762,75.47112613066238,0.4839777451665632,0.68
EADSY.US,EADSY.US,Airbus Group NV,0.2703921038338589,72.96078961661411,0.37360551508643175,0.68
EBAY.US,EBAY.US,eBay Inc,0.22695540536004288,77.30445946399571,0.45438555114419077,0.68
ECL.US,ECL.US,Ecolab Inc,0.2399554053600429,76.00445946399572,0.450044538397927,0.68
ED.US,ED.US,Consolidated Edison Inc,0.6454726430008522,35.45273569991478,0,0.78
ELV.US,ELV.US,Elevance Health Inc,0.3189810769221868,68.10189230778133,0.28304877399001344,0.68
EMR.US,EMR.US,Emerson Electric Company,0.26029390272865677,73.97060972713432,0.43662672603199454,0.68
ENB.US,ENB.US,Enbridge Inc,0.7855109609155986,21.448903908440144,0,0.78
EOG.US,EOG.US,EOG Resources Inc,0.22695540536004288,77.30445946399571,0.5179912872043839,0.68
EPD.US,EPD.US,Enterprise Products Partners LP,0.4386271536819302,56.137284631806985,0.2142186858229453,0.78
EQIX.US,EQIX.US,Equinix Inc,0.9334855442429898,6.65144557570102,0,0.78
EQNR.US,EQNR.US,Equinor ASA ADR,0.2799554053600429,72.00445946399572,0.40831901884414296,0.68
EQT.US,EQT.US,EQT Corporation,0.2799554053600429,72.00445946399572,0.49257175722792595,0.68
ET.US,ET.US,Energy Transfer LP,0.6400410575540616,35.99589424459384,0.01835724134116369,0.78
ETR.US,ETR.US,Entergy Corporation,0.731784128333074,26.821587166692595,0,0.78
EXC.US,EXC.US,Exelon Corporation,0.7590021676462859,24.099783235371408,0,0.78
F.US,F.US,Ford Motor Company,0.49602283005583386,50.39771699441662,0.1731131006947867,0.78
FANG.US,FANG.US,Diamondback Energy Inc,0.673766066954806,32.6233933045194,0,0.78
FAST.US,FAST.US,Fastenal Company,0.4032822856073137,59.671771439268625,0.2585981643663137,0.78
FDX.US,FDX.US,FedEx Corporation,0.27679042244298513,72.32095775570149,0.43498548254139474,0.68
FERG.US,FERG.US,Ferguson Plc,0.4569554053600429,54.30445946399571,0.1930445946399571,0.78
FITB.US,FITB.US,Fifth Third Bancorp,0.24694115019254465,75.30588498074553,0.5381059577208063,0.68
GD.US,GD.US,General Dynamics Corporation,0.2363998498044873,76.36001501955127,0.43627799716276083,0.68
GILD.US,GILD.US,Gilead Sciences Inc,0.27195540536004287,72.80445946399571,0.5032002057380318,0.68
GRMN.US,GRMN.US,Garmin Ltd,0.27195540536004287,72.80445946399571,0.4108547547389565,0.68
GS.US,GS.US,Goldman Sachs Group Inc,0.7057943518670269,29.42056481329731,0,0.78
GSK.US,GSK.US,GlaxoSmithKline PLC ADR,0.19929390272865677,80.07060972713433,0.5575476711515703,0.68
HBAN.US,HBAN.US,Huntington Bancshares Incorporated,0.24694115019254465,75.30588498074553,0.5112473969852417,0.68
HD.US,HD.US,The Home Depot Inc,0.257576846799449,74.2423153200551,0.41123863897406226,0.68
HDB.US,HDB.US,HDFC Bank Limited ADR,0.5249411501925447,47.50588498074553,0.1250588498074553,0.78
HESAY.US,HESAY.US,Hermes International SA,0.27195540536004287,72.80445946399571,0.4525805824502984,0.68
HIG.US,HIG.US,Hartford Financial Services Group,0.29360781685921133,70.63921831407886,0.5278998924219582,0.68
HON.US,HON.US,Honeywell International Inc,0.2568607969940976,74.31392030059024,0.5136856586619112,0.68
HPE.US,HPE.US,Hewlett Packard Enterprise Co,0.40692998880421033,59.30700111957896,0.2048451329948007,0.78
HPQ.US,HPQ.US,HP Inc,0.2523998498044873,74.76001501955128,0.49815782418548094,0.68
HSBC.US,HSBC.US,HSBC Holdings PLC ADR,0.316274483525878,68.37255164741221,0.4611782339344819,0.68
HSY.US,HSY.US,Hershey Co,0.3643241667642643,63.56758332357357,0.3816787024854399,0.78
IBM.US,IBM.US,International Business Machines,0.2968895827067948,70.31104172932052,0.4514458231179391,0.68
ICE.US,ICE.US,Intercontinental Exchange Inc,0.24194115019254464,75.80588498074555,0.5235129172889488,0.68
INFY.US,INFY.US,Infosys Ltd ADR,0.2319554053600429,76.80445946399571,0.48203582224166425,0.68
ING.US,ING.US,ING Group NV ADR,0.6577964132356414,34.22035867643586,0,0.78
INTU.US,INTU.US,Intuit Inc,0.2879554053600429,71.20445946399572,0.4996765361401631,0.68
ITUB.US,ITUB.US,Itau Unibanco Banco Holding SA,0.5885055946369893,41.14944053630107,0.06149440536301076,0.78
ITW.US,ITW.US,Illinois Tool Works Inc,0.27551096091559846,72.44890390844016,0.4261905885265525,0.68
JCI.US,JCI.US,Johnson Controls International PLC,0.3128348889077902,68.71651110922097,0.2682704065878745,0.68
JD.US,JD.US,JD.com Inc Adr,0.5081932609243307,49.18067390756693,0.07215011339076811,0.78
JNJ.US,JNJ.US,Johnson & Johnson,0.2087383471731012,79.12616528268987,0.5022899027908845,0.68
JPM.US,JPM.US,JPMorgan Chase & Co,0.7132305871305094,28.676941286949067,0,0.78
KDP.US,KDP.US,Keurig Dr Pepper Inc,0.3314514845900079,66.85485154099922,0.3244961768824924,0.68
KMB.US,KMB.US,Kimberly-Clark Corporation,0.5346583799563362,46.53416200436637,0.17576188536667223,0.78
KMI.US,KMI.US,Kinder Morgan Inc,0.39453891813282627,60.546108186717376,0.3428022620293102,0.78
KO.US,KO.US,The Coca-Cola Company,0.3542767696425106,64.57232303574894,0.2740807228396661,0.78
KR.US,KR.US,Kroger Company,0.43612209311661526,56.38779068833848,0.28092278982729124,0.78
LHX.US,LHX.US,L3Harris Technologies Inc,0.28359757677713393,71.64024232228661,0.43208154890657946,0.68
LIN.US,LIN.US,Linde plc Ordinary Shares,0.27195540536004287,72.80445946399571,0.44194648577087003,0.68
LMT.US,LMT.US,Lockheed Martin Corporation,0.28268558597398913,71.73144140260108,0.44507108577326704,0.68
LOW.US,LOW.US,Lowe's Companies Inc,0.24377446214541343,75.62255378545866,0.48063263719237137,0.68
LRLCY.US,LRLCY.US,L’Oreal Co ADR,0.2319554053600429,76.80445946399571,0.49079624460203436,0.68
LVMUY.US,LVMUY.US,LVMH Moet Hennessy Louis Vuitton SA ADR,0.2363998498044873,76.36001501955127,0.5187363703188366,0.68
LYG.US,LYG.US,Lloyds Banking Group PLC ADR,0.5732373696461992,42.67626303538008,0,0.78
MCD.US,MCD.US,McDonald’s Corporation,0.3080120888319055,69.19879111680945,0.4284600820437777,0.68
MCHP.US,MCHP.US,Microchip Technology Inc,0.7146346765958769,28.536532340412315,0,0.78
MDLZ.US,MDLZ.US,Mondelez International Inc,0.5667994487073463,43.32005512926537,0.13759710243596557,0.78
MDT.US,MDT.US,Medtronic PLC,0.31593762758226507,68.4062372417735,0.4325576182319348,0.68
MET.US,MET.US,MetLife Inc,0.26738559463698913,73.26144053630108,0.5818335103750284,0.68
MFC.US,MFC.US,Manulife Financial Corp,0.5329411501925447,46.70588498074552,0.11705884980745529,0.78
MFG.US,MFG.US,Mizuho Financial Group Inc.,0.4972796475611586,50.27203524388414,0.1527203524388414,0.78
MMM.US,MMM.US,3M Company,0.3310315931014562,66.89684068985437,0.2546478525088258,0.68
MO.US,MO.US,Altria Group,0.377906516471154,62.20934835288461,0.44299018979049387,0.78
MPC.US,MPC.US,Marathon Petroleum Corp,0.26368306155343557,73.63169384465644,0.3933479765606335,0.68
MRK.US,MRK.US,Merck & Company Inc,0.5323998498044873,46.76001501955127,0.17486323733711265,0.78
MRSH.US,MRSH.US,"Marsh & McLennan Companies, Inc.",0.3029411501925447,69.70588498074552,0.4502956901626253,0.68
MS.US,MS.US,Morgan Stanley,0.710896928283441,28.9103071716559,0,0.78
MSCI.US,MSCI.US,MSCI Inc,0.2910169249866943,70.89830750133058,0.45133205696726075,0.68
MSI.US,MSI.US,Motorola Solutions Inc,0.24746326293701498,75.2536737062985,0.4791698747424427,0.68
MTB.US,MTB.US,M&T Bank Corporation,0.24694115019254465,75.30588498074553,0.5436451777560014,0.68
MUFG.US,MUFG.US,Mitsubishi UFJ Financial Group Inc ADR,0.4813855946369891,51.86144053630108,0.16861440536301092,0.78
NDAQ.US,NDAQ.US,Nasdaq Inc,0.2949411501925447,70.50588498074552,0.4336699496549219,0.68
NEE.US,NEE.US,Nextera Energy Inc,0.5718055557627673,42.819444423723276,0.07245863377194767,0.78
NEM.US,NEM.US,Newmont Goldcorp Corp,0.26751096091559845,73.24890390844016,0.4756187342581606,0.68
NGG.US,NGG.US,National Grid PLC ADR,0.7748198342954031,22.518016570459686,0,0.78
NKE.US,NKE.US,Nike Inc,0.3739025527700024,62.609744722999764,0.24532455883129656,0.78
NOC.US,NOC.US,Northrop Grumman Corporation,0.2363998498044873,76.36001501955127,0.4385035035912424,0.68
NOK.US,NOK.US,Nokia Corp ADR,0.5660896869751022,43.39103130248978,0.06787713500265688,0.78
NSC.US,NSC.US,Norfolk Southern Corporation,0.2769277059515304,72.30722940484696,0.4401637525588906,0.68
NSRGY.US,NSRGY.US,Nestle SA ADR,0.5665974616374587,43.34025383625413,0.17521316805646436,0.78
NTAP.US,NTAP.US,NetApp Inc,0.19929390272865677,80.07060972713433,0.5694852691789566,0.68
NTES.US,NTES.US,NetEase Inc,0.2319554053600429,76.80445946399571,0.5895580565689732,0.68
NVO.US,NVO.US,Novo Nordisk A/S,0.3550355296159042,64.49644703840957,0.275720478749693,0.78
NVS.US,NVS.US,Novartis AG ADR,0.31302204713782067,68.69779528621794,0.46237809511109407,0.68
NWG.US,NWG.US,Natwest Group PLC,0.2869411501925447,71.30588498074553,0.4673771423567265,0.68
NXPI.US,NXPI.US,NXP Semiconductors NV,0.3831643129155984,61.68356870844016,0.34676216131874293,0.78
O.US,O.US,Realty Income Corporation,0.687638739752416,31.236126024758406,0.1273402167115465,0.78
OKE.US,OKE.US,ONEOK Inc,0.43793065162108863,56.20693483789114,0.20458726833499055,0.78
ORCL.US,ORCL.US,Oracle Corporation,0.7033427024641693,29.66572975358307,0,0.78
OXY.US,OXY.US,Occidental Petroleum Corporation,0.5815463846618657,41.84536153381343,0.16487768522759233,0.78
PAYX.US,PAYX.US,Paychex Inc,0.43918203469337624,56.08179653066237,0.3415221390553419,0.78
PBR.US,PBR.US,Petroleo Brasileiro Petrobras SA ADR,0.4975109609155985,50.24890390844015,0.15248903908440153,0.78
PCAR.US,PCAR.US,PACCAR Inc,0.22028873869337623,77.97112613066237,0.49819473198241254,0.68
PCG.US,PCG.US,PG&E Corp,0.8400224325334213,15.997756746657865,0,0.78
PEP.US,PEP.US,PepsiCo Inc,0.36727737506897334,63.27226249310267,0.33118850239525816,0.78
PFE.US,PFE.US,Pfizer Inc,0.6283853442203644,37.16146557796356,0.10997474837035022,0.78
PG.US,PG.US,Procter & Gamble Company,0.2879554053600429,71.20445946399572,0.44470110188116313,0.68
PGR.US,PGR.US,Progressive Corp,0.3199900390814336,68.00099609185663,0.4858850955630141,0.68
PLD.US,PLD.US,Prologis Inc,0.5091250393271378,49.08749606728622,0.26431270503131543,0.78
PM.US,PM.US,Philip Morris International Inc,0.3348479723469481,66.51520276530519,0.39767123237611957,0.68
PNC.US,PNC.US,PNC Financial Services Group Inc,0.223724092005603,77.6275907994397,0.4750699277956674,0.68
PRU.US,PRU.US,"Prudential Financial, Inc.",0.2949411501925447,70.50588498074552,0.49816004822464,0.68
PSA.US,PSA.US,Public Storage,0.5723779159198481,42.76220840801519,0.22347723905318148,0.78
PSX.US,PSX.US,Phillips 66,0.3125424231921294,68.74575768078705,0.28801933242421385,0.68
QCOM.US,QCOM.US,Qualcomm Incorporated,0.22695540536004288,77.30445946399571,0.5637123278647107,0.68
RACE.US,RACE.US,Ferrari NV,0.2319554053600429,76.80445946399571,0.477376885141926,0.68
RCL.US,RCL.US,Royal Caribbean Cruises Ltd,0.3525744867148029,64.74255132851971,0.22313830196014137,0.78
RELX.US,RELX.US,Relx PLC ADR,0.27775017483854947,72.22498251614505,0.4930644237434156,0.68
RHHBY.US,RHHBY.US,Roche Holding Ltd ADR,0.27195540536004287,72.80445946399571,0.48486101949247457,0.68
RIO.US,RIO.US,Rio Tinto ADR,0.36657009132351853,63.34299086764814,0.30400706914158393,0.78
ROK.US,ROK.US,Rockwell Automation Inc,0.22695540536004288,77.30445946399571,0.48499627712364884,0.68
RSG.US,RSG.US,Republic Services Inc,0.23898333555096551,76.10166644490344,0.47865073973181316,0.68
RTX.US,RTX.US,RTX Corporation,0.2363998498044873,76.36001501955127,0.43338636900295185,0.68
RY.US,RY.US,Royal Bank of Canada,0.5169411501925447,48.30588498074553,0.1330588498074553,0.78
SAN.US,SAN.US,Banco Santander SA ADR,0.7028226998173763,29.717730018262365,0,0.78
SAP.US,SAP.US,SAP SE ADR,0.26751096091559845,73.24890390844016,0.45900253523445755,0.68
SBGSY.US,SBGSY.US,Schneider Electric SA,0.22695540536004288,77.30445946399571,0.4708415218899245,0.68
SBUX.US,SBUX.US,Starbucks Corporation,0.6604563748542628,33.954362514573724,0,0.78
SCCO.US,SCCO.US,Southern Copper Corporation,0.28537350230965663,71.46264976903434,0.40514611813794316,0.68
SCHW.US,SCHW.US,Charles Schwab Corp,0.2949411501925447,70.50588498074552,0.4262892694122186,0.68
SHEL.US,SHEL.US,Shell PLC ADR,0.21762723606199008,78.237276393801,0.533997906825467,0.68
SIEGY.US,SIEGY.US,Siemens AG ADR,0.28386838092937833,71.61316190706218,0.46077063017089925,0.68
SLB.US,SLB.US,Schlumberger NV,0.22695540536004288,77.30445946399571,0.5151801292759058,0.68
SMFG.US,SMFG.US,Sumitomo Mitsui Financial Group Inc,0.4849411501925447,51.505884980745535,0.16505884980745533,0.78
SNY.US,SNY.US,Sanofi ADR,0.5412887386933763,45.87112613066237,0.2286911024145234,0.78
SO.US,SO.US,Southern Company,0.8266516935522847,17.334830644771525,0,0.78
SPG.US,SPG.US,Simon Property Group Inc,0.4179528594262655,58.20471405737345,0.32942627723332996,0.78
SRE.US,SRE.US,Sempra Energy,0.95,5.000000000000004,0,0.78
STT.US,STT.US,State Street Corp,0.24194115019254464,75.80588498074555,0.5649955616216755,0.68
SU.US,SU.US,Suncor Energy Inc,0.4619554053600429,53.8044594639957,0.1880445946399571,0.78
SYK.US,SYK.US,Stryker Corporation,0.2443998498044873,75.56001501955127,0.47038652695724925,0.68
SYY.US,SYY.US,Sysco Corporation,0.34111060131612925,65.88893986838707,0.30972947135258266,0.68
T.US,T.US,AT&T Inc.,0.298998043429201,70.1001956570799,0.5087867597301443,0.68
TCEHY.US,TCEHY.US,Tencent Holdings Ltd ADR,0.27551096091559846,72.44890390844016,0.4868172668199189,0.68
TD.US,TD.US,Toronto Dominion Bank,0.4719411501925447,52.80588498074553,0.17805884980745534,0.78
TEL.US,TEL.US,TE Connectivity Ltd,0.2319554053600429,76.80445946399571,0.5189171419043074,0.68
TFC.US,TFC.US,Truist Financial Corp,0.2513855946369891,74.86144053630109,0.528937747993143,0.68
TGT.US,TGT.US,Target Corporation,0.2747230828435506,72.52769171564493,0.36951092239914163,0.68
TJX.US,TJX.US,The TJX Companies Inc,0.27195540536004287,72.80445946399571,0.388501718591619,0.68
TM.US,TM.US,Toyota Motor Corporation ADR,0.4975109609155985,50.24890390844015,0.15248903908440153,0.78
TMUS.US,TMUS.US,T-Mobile US Inc,0.2663066703813964,73.36933296186037,0.4578307687877117,0.68
TOELY.US,TOELY.US,Tokyo Electron Ltd PK,0.4619554053600429,53.8044594639957,0.1880445946399571,0.78
TPR.US,TPR.US,Tapestry Inc,0.36497334124704167,63.502665875295826,0.34159568730941403,0.78
TRGP.US,TRGP.US,Targa Resources Inc,0.5126200706457775,48.73799293542225,0.056956334498567934,0.78
TRI.US,TRI.US,Thomson Reuters Corporation Common Shares,0.2792354053600428,72.07645946399572,0.4867879187870878,0.68
TRP.US,TRP.US,TC Energy Corp,0.7055198498044875,29.448015019551256,0,0.78
TRV.US,TRV.US,The Travelers Companies Inc,0.24194115019254464,75.80588498074555,0.5841650348154421,0.68
TTE.US,TTE.US,TotalEnergies SE ADR,0.2510258900406915,74.89741099593085,0.4302661744302668,0.68
TXN.US,TXN.US,Texas Instruments Incorporated,0.49035793428736163,50.96420657126384,0.17908760850661548,0.78
UBS.US,UBS.US,UBS Group AG,0.2883367057481002,71.16632942518997,0.49045807875034864,0.68
UL.US,UL.US,Unilever PLC ADR,0.35657762758226513,64.34223724177347,0.3628179340500859,0.78
UMC.US,UMC.US,United Microelectronics,0.4975109609155985,50.24890390844015,0.15248903908440153,0.78
UNH.US,UNH.US,UnitedHealth Group Incorporated,0.23672429424893177,76.32757057510682,0.43780379971121974,0.68
UNP.US,UNP.US,Union Pacific Corporation,0.24449116426911782,75.55088357308821,0.4858904117237921,0.68
UPS.US,UPS.US,United Parcel Service Inc,0.5838758548913937,41.61241451086063,0.10488647292138772,0.78
USB.US,USB.US,U.S. Bancorp,0.3029411501925447,69.70588498074552,0.4685045638367345,0.68
VALE.US,VALE.US,Vale SA ADR,0.6803374603826006,31.966253961739945,0,0.78
VLO.US,VLO.US,Valero Energy Corporation,0.27551096091559846,72.44890390844016,0.40378689306354315,0.68
VTR.US,VTR.US,Ventas Inc,0.7289321019275801,27.106789807241995,0,0.78
VZ.US,VZ.US,Verizon Communications Inc,0.3358170749403639,66.4182925059636,0.455109191592708,0.68
WELL.US,WELL.US,Welltower Inc,0.7149846068375841,28.501539316241587,0.002401561470620109,0.78
WFC.US,WFC.US,Wells Fargo & Company,0.7186885505588467,28.131144944115327,0,0.78
WM.US,WM.US,Waste Management Inc,0.5034510723069815,49.65489276930185,0.19620609301846428,0.78
WMB.US,WMB.US,Williams Companies Inc,0.6467046570756403,35.32953429243597,0,0.78
XEL.US,XEL.US,Xcel Energy Inc,0.7890240789742804,21.09759210257196,0,0.78
XOM.US,XOM.US,Exxon Mobil Corp,0.2530282902354277,74.69717097645723,0.39208838479270575,0.68
YUM.US,YUM.US,Yum! Brands Inc,0.29758195782271074,70.24180421772893,0.4361487530890868,0.68
ZTS.US,ZTS.US,Zoetis Inc,0.27195540536004287,72.80445946399571,0.5009924262773835,0.68
ELISA.HE,ELISA.HE,Elisa Oyj,0.4072230135624882,59.27769864375119,0.3856174604385909,0.78
FORTUM.HE,FORTUM.HE,Fortum Oyj,0.5256634663844011,47.43365336155989,0.025466195386434506,0.78
HIAB.HE,HIAB.HE,Hiab B,0.22695540536004288,77.30445946399571,0.4537292450653579,0.68
HUH1V.HE,HUH1V.HE,Huhtamaki Oyj,0.241405079750398,75.8594920249602,0.48572767264840633,0.68
KCR.HE,KCR.HE,Konecranes Plc,0.5519063814788431,44.80936185211569,0.19388808339991295,0.78
KEMIRA.HE,KEMIRA.HE,Kemira Oyj,0.3486131831378207,65.13868168621792,0.37691712509054764,0.68
KESKOB.HE,KESKOB.HE,Kesko Oyj,0.43911914677703856,56.088085322296145,0.23796559087208274,0.78
KNEBV.HE,KNEBV.HE,KONE Oyj,0.47844429424893176,52.15557057510682,0.2234079456428099,0.78
METSO.HE,METSO.HE,Metso Oyj,0.22695540536004288,77.30445946399571,0.44461981932817607,0.68
NDA-FI.HE,NDA-FI.HE,Nordea Bank Abp,0.7060413431212237,29.39586568787763,0,0.78
NOKIA.HE,NOKIA.HE,Nokia Oyj,0.5303065727144448,46.96934272855552,0.10413432989894303,0.78
ORNBV.HE,ORNBV.HE,Orion Oyj B,0.345775775515641,65.4224224484359,0.26693316787657984,0.68
OUT1V.HE,OUT1V.HE,Outokumpu Oyj,0.6856502137872869,31.434978621271313,0,0.78
SAMPO.HE,SAMPO.HE,Sampo Oyj A,0.28249670574810026,71.75032942518997,0.4160882926565254,0.68
STERV.HE,STERV.HE,Stora Enso Oyj R,0.5728523201050311,42.71476798949689,0,0.78
TIETO.HE,TIETO.HE,TietoEVRY Corp,0.2399554053600429,76.00445946399572,0.47924289519442975,0.68
TYRES.HE,TYRES.HE,Nokian Renkaat Oyj,0.95,5.000000000000004,0,0.78
UPM.HE,UPM.HE,UPM-Kymmene Oyj,0.5679554053600431,43.20445946399569,0.14775492040797464,0.78
VALMT.HE,VALMT.HE,Valmet Oyj,0.3908354053600429,60.91645946399571,0.34215240267082203,0.78
WRT1V.HE,WRT1V.HE,Wartsila Oyj Abp,0.23862207202670954,76.13779279732904,0.5285462165702202,0.68
ABBN.SW,ABBN.SW,ABB Ltd,0.22028873869337623,77.97112613066237,0.4483460090774492,0.68
ADEN.SW,ADEN.SW,Adecco Group AG Class N,0.29405758915189356,70.59424108481065,0.43544528010022054,0.68
ALLN.SW,ALLN.SW,Allreal Holding,0.40599883153811595,59.400116846188396,0.30418131958390054,0.78
ALSN.SW,ALSN.SW,Also Holding AG,0.2986217590320124,70.13782409679877,0.3697208096574067,0.68
AVOL.SW,AVOL.SW,Avolta AG,0.4972786919594866,50.27213080405134,0.3364182311669572,0.78
BAER.SW,BAER.SW,Julius Baer Gruppe AG,0.29049670574810027,70.95032942518998,0.44168806905749336,0.68
BANB.SW,BANB.SW,Bachem Holding AG,0.5157940879921716,48.42059120078284,0.044224062897382704,0.78
BARN.SW,BARN.SW,Barry Callebaut AG,0.8224458728361185,17.755412716388154,0,0.78
BCHN.SW,BCHN.SW,Burckhardt Compression,0.2363998498044873,76.36001501955127,0.4885399702174968,0.68
BCVN.SW,BCVN.SW,Banque Cantonale Vaudoise,0.43805226130365577,56.19477386963443,0.3924811997647079,0.78
BEAN.SW,BEAN.SW,Belimo Holding,0.3688371260831927,63.116287391680736,0.26360937481906105,0.78
BEKN.SW,BEKN.SW,Berner Kantonalbank AG,0.5967519981945781,40.324800180542184,0,0.78
BION.SW,BION.SW,BB Biotech AG,0.19929390272865677,80.07060972713433,0.5970777375711124,0.68
BKW.SW,BKW.SW,BKW AG,0.2319554053600429,76.80445946399571,0.45600184569329677,0.68
BOSN.SW,BOSN.SW,Bossard Holding AG,0.2620117146056384,73.79882853943616,0.33463023372529693,0.68
BRKN.SW,BRKN.SW,Burkhalter Holding AG,0.38961766491559846,61.03823350844016,0.3395480254942416,0.78
BUCN.SW,BUCN.SW,Bucher Industries AG,0.27195540536004287,72.80445946399571,0.48035152953762505,0.68
CFR.SW,CFR.SW,Compagnie Financière Richemont SA,0.26751096091559845,73.24890390844016,0.4386373905130654,0.68
CLN.SW,CLN.SW,Clariant AG,0.5917064953527136,40.82935046472864,0.07906665546383226,0.78
CMBN.SW,CMBN.SW,Cembra Money Bank AG,0.29827448352587804,70.17255164741219,0.5088973676685676,0.68
COPN.SW,COPN.SW,COSMO Pharmaceuticals SA,0.8925248325732531,10.74751674267469,0,0.78
DKSH.SW,DKSH.SW,DKSH Holding AG,0.3446931831378207,65.53068168621793,0.3563018173219935,0.68
DOKA.SW,DOKA.SW,Dorma Kaba Holding AG,0.27195540536004287,72.80445946399571,0.42483451005470085,0.68
EFGN.SW,EFGN.SW,EFG International AG,0.7740887239996002,22.591127600039982,0,0.78
EMMN.SW,EMMN.SW,Emmi AG,0.23362207202670954,76.63779279732906,0.4323715305868858,0.68
EMSN.SW,EMSN.SW,EMS-CHEMIE HOLDING AG,0.2705687386933762,72.94312613066238,0.44327272837660464,0.68
FHZN.SW,FHZN.SW,Flughafen Zurich,0.3613536126091875,63.86463873908125,0.2963735290053325,0.78
FORN.SW,FORN.SW,Forbo Holding AG,0.2932887386933762,70.67112613066237,0.3874768004757866,0.68
GEBN.SW,GEBN.SW,Geberit AG,0.2823109360267096,71.76890639732905,0.46554852757868936,0.68
GF.SW,GF.SW,Georg Fischer AG,0.5312184958664319,46.87815041335681,0.050002001997861284,0.78
GIVN.SW,GIVN.SW,Givaudan SA,0.2587509609155984,74.12490390844016,0.4599181888314439,0.68
HBAN.SW,HBAN.SW,Helvetia Holding AG,0.3142091984082884,68.57908015917116,0.3015944201512646,0.68
HOLN.SW,HOLN.SW,Holcim AG,0.5073903273030982,49.260967269690184,0.13708471409274137,0.78
HUBN.SW,HUBN.SW,Huber+suhner AG,0.2974432247107761,70.25567752892239,0.3679053197765131,0.68
IFCN.SW,IFCN.SW,Inficon Holding,0.31904771163384726,68.09522883661528,0.31249585646827277,0.68
IMPN.SW,IMPN.SW,Implenia AG,0.2997997602903187,70.02002397096814,0.3489123240056374,0.68
INRN.SW,INRN.SW,Interroll Holding AG,0.22944570318341478,77.05542968165852,0.4153661763512271,0.68
JFN.SW,JFN.SW,Jungfraubahn Holding AG,0.2319554053600429,76.80445946399571,0.5407851425843164,0.68
KARN.SW,KARN.SW,Kardex,0.6720596032352061,32.79403967647939,0,0.78
KNIN.SW,KNIN.SW,Kuehne & Nagel,0.3890309609155984,61.09690390844016,0.3049445546784273,0.78
LISN.SW,LISN.SW,Chocoladefabriken Lindt & Spruengli AG N,0.5306363511174306,46.936364888256946,0.03707982620036665,0.78
LLBN.SW,LLBN.SW,Liechtensteinische Landesbank AG,0.7092540237407847,29.074597625921527,0,0.78
LOGN.SW,LOGN.SW,Logitech International S.A.,0.22695540536004288,77.30445946399571,0.5363663097963859,0.68
LUKN.SW,LUKN.SW,Luzerner Kantonalbank AG,0.6672691533318728,33.27308466681272,0,0.78
MOBN.SW,MOBN.SW,Mobimo Hldg,0.577262282441668,42.2737717558332,0,0.78
NESN.SW,NESN.SW,Nestle S.A.,0.5670596838596811,43.294031614031894,0.17466353282108704,0.78
NOVN.SW,NOVN.SW,Novartis AG,0.30219540536004286,69.78045946399571,0.47311789389194514,0.68
OERL.SW,OERL.SW,OC Oerlikon Corp AG,0.722168333877155,27.783166612284504,0,0.78
PGHN.SW,PGHN.SW,Partners Group Holding AG,0.3769011501925446,62.309884980745544,0.4218834028565345,0.78
PSPN.SW,PSPN.SW,PSP Swiss Property AG,0.4240866028319334,57.59133971680666,0.27814138064061567,0.78
ROP.SW,ROP.SW,Roche Holding AG,0.2363998498044873,76.36001501955127,0.5142418058628395,0.68
SCHP.SW,SCHP.SW,Schindler Ps,0.27195540536004287,72.80445946399571,0.4517290683434416,0.68
SCMN.SW,SCMN.SW,Swisscom AG,0.5178850138397678,48.21149861602322,0.2827459906431623,0.78
SFSN.SW,SFSN.SW,SFS Group AG,0.26751096091559845,73.24890390844016,0.4435410523124157,0.68
SGKN.SW,SGKN.SW,St Galler Kantonalbank AG,0.24194115019254464,75.80588498074555,0.5990055055008039,0.68
SGSN.SW,SGSN.SW,SGS SA,0.4064798498044873,59.352015019551274,0.34113068063072816,0.78
SIKA.SW,SIKA.SW,Sika AG,0.2319554053600429,76.80445946399571,0.49109383155609615,0.68
SLHN.SW,SLHN.SW,Swiss Life Holding AG,0.39151003908143356,60.84899609185664,0.3003214548015489,0.78
SOON.SW,SOON.SW,Sonova H Ag,0.27195540536004287,72.80445946399571,0.47961814580855827,0.68
SPSN.SW,SPSN.SW,Swiss Prime Site AG,0.4713574745384501,52.86425254615499,0.2693295128562922,0.78
SQN.SW,SQN.SW,Swissquote Group Holding SA,0.24194115019254464,75.80588498074555,0.5984503637698035,0.68
SREN.SW,SREN.SW,Swiss Re AG,0.25494115019254465,74.50588498074553,0.40840929828547035,0.68
SUN.SW,SUN.SW,Sulzer AG,0.25702735605061894,74.29726439493811,0.3833320059366069,0.68
TECN.SW,TECN.SW,Tecan Group AG,0.3021341534118232,69.78658465881769,0.3461045659247456,0.68
TEMN.SW,TEMN.SW,Temenos Group AG,0.2879554053600429,71.20445946399572,0.47177760263757906,0.68
UBSG.SW,UBSG.SW,UBS Group AG,0.3185589279703225,68.14410720296775,0.4604853219593452,0.68
UHR.SW,UHR.SW,The Swatch Group AG,0.7338881417745449,26.611185822545515,0,0.78
VACN.SW,VACN.SW,VAT Group AG,0.48578481533675233,51.42151846632477,0.227852486797325,0.78
VATN.SW,VATN.SW,Valiant Holding AG,0.40009607831286936,59.99039216871307,0.18041120640526226,0.78
VONN.SW,VONN.SW,Vontobel Holding,0.3029411501925447,69.70588498074552,0.4796640925426764,0.68
VZN.SW,VZN.SW,VZ Holding AG,0.3029411501925447,69.70588498074552,0.3580206024458232,0.68
YPSN.SW,YPSN.SW,Ypsomed Holding AG,0.5562853103397913,44.37146896602086,0,0.78
ZURN.SW,ZURN.SW,Zurich Insurance Group AG,0.28782550724749395,71.2174492752506,0.3802512449559251,0.68
ALMB.CO,ALMB.CO,Alm. Brand,0.5512096926665052,44.87903073334948,0.06855884227470546,0.78
ALSYDB.CO,ALSYDB.CO,AL Sydbank A/S,0.34079895285921136,65.92010471407886,0.4688815191380352,0.68
CARL-B.CO,CARL-B.CO,Carlsberg A/S,0.3354803020807447,66.45196979192553,0.3845565335322307,0.68
COLO-B.CO,COLO-B.CO,Coloplast A/S,0.7439922535768491,25.600774642315095,0,0.78
DANSKE.CO,DANSKE.CO,Danske Bank A/S,0.28249670574810026,71.75032942518997,0.4369581453419821,0.68
ISS.CO,ISS.CO,ISS A/S,0.2318796994385105,76.81203005614896,0.4943464235266888,0.68
JYSK.CO,JYSK.CO,Jyske Bank A/S,0.24694115019254465,75.30588498074553,0.4577939335286661,0.68
MAERSK-B.CO,MAERSK-B.CO,A.P. Møller - Mærsk A/S,0.2722172846742268,72.77827153257732,0.4629044378753794,0.68
NOVO-B.CO,NOVO-B.CO,Novo Nordisk A/S,0.40488190173321026,59.51180982667898,0.24926518872898326,0.78
NSIS-B.CO,NSIS-B.CO,Novonesis (Novozymes) A/S,0.29049764624893176,70.95023537510683,0.3990007452733935,0.68
PNDORA.CO,PNDORA.CO,Pandora A/S,0.26751096091559845,73.24890390844016,0.523596256250991,0.68
RBREW.CO,RBREW.CO,Royal Unibrew A/S,0.22695540536004288,77.30445946399571,0.5132503259458812,0.68
ROCK-B.CO,ROCK-B.CO,ROCKWOOL International A/S,0.5338168277143732,46.61831722856268,0.08027691307224713,0.78
TRMD-A.CO,TRMD-A.CO,TORM plc,0.32663168964690387,67.33683103530961,0.43009917350742444,0.68
TRYG.CO,TRYG.CO,Tryg A/S,0.540274483525878,45.972551647412196,0.19333121730561076,0.78
601127.SHG,601127.SHG,Chongqing Sokon Ind Grp Co,0.27195540536004287,72.80445946399571,0.46633934673937094,0.68
CTEC.LSE,CTEC.LSE,ConvaTec Group PLC,0.5531691694533702,44.68308305466297,0.1719609211929957,0.78
1113.HK,1113.HK,CK Asset Holdings Ltd,0.22695540536004288,77.30445946399571,0.5404509536090015,0.68
1258.HK,1258.HK,China Nonferrous Mining Corp Ltd,0.24662207202670955,75.33779279732904,0.5010256185663674,0.68
1415.HK,1415.HK,Cowell e Holdings Inc,0.2247383471731012,77.52616528268987,0.4744225211161467,0.68
1508.HK,1508.HK,China Reinsurance(Group)Corp,0.3029411501925447,69.70588498074552,0.505114852915765,0.68
1530.HK,1530.HK,3SBio Inc,0.2932887386933762,70.67112613066237,0.47912431412797085,0.68
1585.HK,1585.HK,Yadea Group Holdings Ltd,0.23862207202670954,76.13779279732904,0.5310700437359988,0.68
1776.HK,1776.HK,GF Securities Co Ltd,0.6672164674962746,33.27835325037254,0,0.78
1816.HK,1816.HK,CGN Power,0.7741901089344424,22.58098910655576,0,0.78
1908.HK,1908.HK,C&D International Investment Group Ltd,0.3004024630774471,69.95975369225529,0.46997088658889086,0.68
2016.HK,2016.HK,China Zheshang Bank Co Ltd,0.7252010750550526,27.47989249449474,0,0.78
2588.HK,2588.HK,BOC Aviation Ltd,0.8489819170988735,15.10180829011265,0,0.78
3606.HK,3606.HK,Fuyao Glass Industry Group,0.36476644509201955,63.52335549079804,0.3453073355032611,0.78
3698.HK,3698.HK,Huishang Bank Corp Ltd,0.24194115019254464,75.80588498074555,0.6006183882989958,0.68
3908.HK,3908.HK,China Intl Capital Corp Ltd,0.3739156652972117,62.608433470278825,0.46436237498955973,0.78
3958.HK,3958.HK,Orient Securities Co Ltd H,0.5659470304224752,43.40529695775248,0,0.78
3996.HK,3996.HK,China Energy Engineering Corp,0.8506801114089384,14.93198885910616,0,0.78
6198.HK,6198.HK,Qingdao Port International Co Ltd,0.27195540536004287,72.80445946399571,0.4328298574596442,0.68
6886.HK,6886.HK,Zuoli Kechuang Micro-Fin Co,0.7006494653925106,29.93505346074894,0,0.78
0288.HK,0288.HK,WH Group Ltd,0.22695540536004288,77.30445946399571,0.47873990216596496,0.68
6178.HK,6178.HK,Everbright Securities Co Ltd,0.24694115019254465,75.30588498074553,0.6133037065632132,0.68
600919.SHG,600919.SHG,Bank of Jiangsu Co Ltd,0.2513855946369891,74.86144053630109,0.5483796212901013,0.68
1658.HK,1658.HK,Postal Savings Bank of China,0.2869411501925447,71.30588498074553,0.5909484996809171,0.68
6099.HK,6099.HK,China Merchants Securities Co Ltd,0.6766610188968198,32.33389811031802,0,0.78
3320.HK,3320.HK,China Resources Pharmaceutical Group Ltd,0.29012776088828957,70.98722391117104,0.47209617041292334,0.68
600926.SHG,600926.SHG,Bank of Hangzhou Co Ltd,0.24194115019254464,75.80588498074555,0.6098221613469039,0.68
PSH.LSE,PSH.LSE,Pershing Square Holdings Ltd,0.5738224227389807,42.617757726101935,0,0.78
6066.HK,6066.HK,China Securities Co Ltd HK,0.2600112230156417,73.99887769843583,0.55785611800376,0.68
601229.SHG,601229.SHG,Bank of Shanghai Co Ltd,0.7225276247074204,27.747237529257962,0,0.78
1357.HK,1357.HK,Meitu Inc,0.342515380471154,65.7484619528846,0.3720754469054026,0.68
600909.SHG,600909.SHG,Huaan Securities Co Ltd,0.300274483525878,69.9725516474122,0.4933678246782269,0.68
GALE.SW,GALE.SW,Galenica Sante AG,0.22695540536004288,77.30445946399571,0.48377330868990526,0.68
AYV.PA,AYV.PA,Ayvens SA,0.3107711947613195,68.92288052386806,0.38661959337631335,0.68
603929.SHG,603929.SHG,L&K Engineering Suzhou Co Ltd,0.2399554053600429,76.00445946399572,0.4675112193502865,0.68
UNI.MC,UNI.MC,Unicaja Banco SA,0.7636948961657739,23.63051038342261,0,0.78
601881.SHG,601881.SHG,China Galaxy Securities Co Ltd Class A,0.7199938795869161,28.000612041308393,0,0.78
002850.SHE,002850.SHE,Shenzhen Kedali Industry Co Ltd,0.301642419479898,69.8357580520102,0.27725037517781126,0.68
ESSITY-B.ST,ESSITY-B.ST,Essity AB (publ),0.22028873869337623,77.97112613066237,0.4498829613405045,0.68
2611.HK,2611.HK,Guotai Junan Securities Co Ltd,0.25494115019254465,74.50588498074553,0.5781224967093964,0.68
300628.SHE,300628.SHE,Yealink Network Technology Corp Ltd,0.44233229539830926,55.76677046016907,0.2500345641682385,0.78
SUPR.LSE,SUPR.LSE,Supermarket Income REIT PLC,0.6297262606508225,37.02737393491775,0.15902143741787425,0.78
LAND.SW,LAND.SW,Landis+Gyr Group AG,0.5711613876313377,42.883861236866224,0,0.78
603920.SHG,603920.SHG,Olympic Circuit Technology Co Ltd,0.7550032325195863,24.499676748041367,0,0.78
BG.VI,BG.VI,BAWAG Group AG,0.6428919876141349,35.71080123858651,0,0.78
603129.SHG,603129.SHG,Zhejiang CFMoto Power Co Ltd,0.2319554053600429,76.80445946399571,0.4937771410580517,0.68
BFSA.XETRA,BFSA.XETRA,Befesa SA,0.2363998498044873,76.36001501955127,0.5178499896285729,0.68
1651.HK,1651.HK,Precision Tsugami China Corporation Ltd,0.2799554053600429,72.00445946399572,0.4206331299349533,0.68
UNCRY.US,UNCRY.US,UniCredit SpA ADR,0.2949411501925447,70.50588498074552,0.38527027458513224,0.68
EDV.LSE,EDV.LSE,Endeavour Mining Corp,0.27551096091559846,72.44890390844016,0.4710251618531791,0.68
1997.HK,1997.HK,Wharf Real Estate Investment Co Ltd,0.5069554053600429,49.30445946399571,0.22977392523895507,0.78
601108.SHG,601108.SHG,Caitong Securities Co Ltd,0.24694115019254465,75.30588498074553,0.547367214666399,0.68
603260.SHG,603260.SHG,Hoshine Silicon Ind Co Ltd,0.7562768483782838,24.37231516217162,0,0.78
IHP.LSE,IHP.LSE,IntegraFin Holdings plc,0.2869411501925447,71.30588498074553,0.5605642459194734,0.68
DWS.XETRA,DWS.XETRA,DWS Group GmbH & Co. KGaA,0.3388661862145206,66.11338137854794,0.3261383504009541,0.68
ENOG.LSE,ENOG.LSE,Energean Oil & Gas PLC,0.6382499726708015,36.17500273291985,0.13564826990417556,0.78
SHL.XETRA,SHL.XETRA,Siemens Healthineers AG,0.4569554053600429,54.30445946399571,0.1930445946399571,0.78
600025.SHG,600025.SHG,Huaneng Lancang River Hydropower Inc Class A,0.48221283857597164,51.778716142402835,0.14298737949295212,0.78
002920.SHE,002920.SHE,Huizhou Desay SV Automotive Co Ltd Class A,0.29207858094726313,70.79214190527368,0.242867911552884,0.68
601838.SHG,601838.SHG,Bank of Chengdu Co Ltd,0.2869411501925447,71.30588498074553,0.5172407585254059,0.68
603156.SHG,603156.SHG,Hebei Yangyuan ZhiHui Beverage Co Ltd,0.6672185632941035,33.27814367058966,0.07508167836290042,0.78
QLT.LSE,QLT.LSE,Quilter PLC,0.32661222397032247,67.33877760296775,0.5297732490778617,0.68
EPI-A.ST,EPI-A.ST,Epiroc AB (publ),0.23362207202670954,76.63779279732906,0.4579183105322868,0.68
603259.SHG,603259.SHG,WuXi AppTec Co Ltd,0.23425041742843578,76.57495825715642,0.39707941854019013,0.68
601138.SHG,601138.SHG,Foxconn Industrial Internet Co Ltd,0.5427978884214729,45.72021115785271,0,0.78
KBX.XETRA,KBX.XETRA,Knorr-Bremse AG,0.2799554053600429,72.00445946399572,0.4217821847039298,0.68
601066.SHG,601066.SHG,China Securities Co Ltd,0.260274483525878,73.9725516474122,0.5582754967898484,0.68
SIGN.SW,SIGN.SW,SIG Combibloc Group AG,0.5233090228440129,47.66909771559871,0.08618484438645282,0.78
0788.HK,0788.HK,China Tower Corp,0.2336131831378206,76.63868168621795,0.5824756608167797,0.68
AJB.LSE,AJB.LSE,AJ Bell plc,0.25494115019254465,74.50588498074553,0.4536134344743414,0.68
6862.HK,6862.HK,Haidilao International Holding Ltd,0.5060722740620178,49.39277259379822,0.18545957422893777,0.78
1787.HK,1787.HK,Shandong Gold Mining Co Ltd,0.3016016409213216,69.83983590786784,0.36963198276212794,0.68
300748.SHE,300748.SHE,Jl Mag Rare-Earth Co Ltd Class A,0.6106591614527479,38.93408385472521,0,0.78
002938.SHE,002938.SHE,Avary Holding Shenzhen Co Ltd Class A,0.49917382368454033,50.082617631545965,0.06383582195205638,0.78
300760.SHE,300760.SHE,Shenzhen Mindray Bio-Medical Electronics Co Ltd Class A,0.2890844696302434,71.09155303697565,0.4430621459804701,0.68
0780.HK,0780.HK,Tongcheng-Elong Holdings Ltd,0.2319554053600429,76.80445946399571,0.5529464243377121,0.68
3668.HK,3668.HK,Yancoal Australia Ltd,0.7543998498044875,24.56001501955125,0,0.78
601319.SHG,601319.SHG,People's Insurance of China Ltd,0.3029411501925447,69.70588498074552,0.4960318156632689,0.68
CCEP.LSE,CCEP.LSE,Coca-Cola Europacific Partners PLC,0.2799554053600429,72.00445946399572,0.44858116212469057,0.68
SRAIL.SW,SRAIL.SW,Stadler Rail AG,0.7028022141451165,29.719778585488356,0,0.78
8TRA.XETRA,8TRA.XETRA,Traton SE,0.7096394269536029,29.036057304639705,0,0.78
AAF.LSE,AAF.LSE,Airtel Africa Plc,0.25679094279416403,74.3209057205836,0.5779529133372396,0.68
6806.HK,6806.HK,Shenwan Hongyuan Group Co Ltd,0.43364914715858,56.63508528414201,0.10952174430125412,0.78
603379.SHG,603379.SHG,Zhejiang Sanmei Chemical Industry Co Ltd,0.3695940643133853,63.04059356866147,0.25942937708533237,0.78
8TRA.ST,8TRA.ST,Traton SE,0.7270377960257093,27.29622039742907,0,0.78
600989.SHG,600989.SHG,Ningxia Baofeng Energy Group Co Ltd,0.28013094240013464,71.98690575998654,0.4224637722627333,0.68
6055.HK,6055.HK,China Tobacco International HK Co Ltd,0.22695540536004288,77.30445946399571,0.42930770163512616,0.68
3692.HK,3692.HK,Hansoh Pharmaceutical Group Co Ltd,0.2319554053600429,76.80445946399571,0.49030131011853834,0.68
EQT.ST,EQT.ST,EQT AB (publ),0.35627842354683137,64.37215764531686,0.2540176888633259,0.78
FDJU.PA,FDJU.PA,FDJ United,0.5534928875240301,44.65071124759699,0.256268319271705,0.78
MNG.LSE,MNG.LSE,M&G Plc,0.5669411501925448,43.305884980745525,0.10948231274610547,0.78
688188.SHG,688188.SHG,Shanghai Friendess Electronics Tech,0.2821209194072672,71.78790805927329,0.41085096917833497,0.68
SWON.SW,SWON.SW,SoftwareONE Holding AG,0.5140048753247073,48.59951246752927,0.22495194612864772,0.78
003816.SHE,003816.SHE,CGN Power,0.7464038437509689,25.35961562490311,0,0.78
1876.HK,1876.HK,Budweiser Brewing Company,0.5678620184455032,43.21379815544968,0.13153603416621357,0.78
688036.SHG,688036.SHG,Shenzhen Transsion Holdings Co Ltd,0.71033516988171,28.966483011829002,0,0.78
601077.SHG,601077.SHG,Chongqing Rural Commercial Bank Co,0.6404357679180337,35.95642320819663,0,0.78
6186.HK,6186.HK,China Feihe Ltd,0.7112578154823164,28.874218451768364,0,0.78
601916.SHG,601916.SHG,China Zheshang Bank Co Ltd,0.6679513490681441,33.20486509318559,0,0.78
601658.SHG,601658.SHG,Postal Savings Bank of China Co Ltd,0.25494115019254465,74.50588498074553,0.5984378708323808,0.68
N91.LSE,N91.LSE,Ninety One PLC,0.328674483525878,67.1325516474122,0.4315296184122878,0.68
CARR.US,CARR.US,Carrier Global Corp,0.32693174289410776,67.30682571058922,0.3574489482960872,0.68
601816.SHG,601816.SHG,Beijing-Shanghai High Speed Railway Co Ltd,0.2932887386933762,70.67112613066237,0.508856516344307,0.68
603195.SHG,603195.SHG,Gongniu Group Co Ltd,0.3328176275822651,66.7182372417735,0.40631495291489206,0.68
9999.HK,9999.HK,NetEase Inc,0.19929390272865677,80.07060972713433,0.6050189167402954,0.68
9618.HK,9618.HK,Jd Com Inc,0.44260500254614565,55.73949974538544,0.11667156161274078,0.78
603087.SHG,603087.SHG,Gan & Lee Pharmaceuticals Co Ltd,0.5560429618314977,44.39570381685023,0,0.78
6969.HK,6969.HK,Smoore International Holdings Ltd,0.883443667709779,11.6556332290221,0,0.78
688336.SHG,688336.SHG,Sunshine Guojian Pharmaceutical Shanghai Co Ltd,0.2879554053600429,71.20445946399572,0.4137082758433269,0.68
9987.HK,9987.HK,Yum China Holdings Inc,0.27551096091559846,72.44890390844016,0.43831029264572685,0.68
300866.SHE,300866.SHE,Anker Innovations Technology Co Ltd,0.5178855499684198,48.21144500315802,0,0.78
UNA.AS,UNA.AS,Unilever PLC,0.3170131831378206,68.29868168621793,0.4071661988372643,0.68
9633.HK,9633.HK,Nongfu Spring Co Ltd,0.2363998498044873,76.36001501955127,0.4750764368098496,0.68
1179.HK,1179.HK,Huazhu Group Ltd,0.27850224055980216,72.1497759440198,0.4810553018043293,0.68
2057.HK,2057.HK,Zto Express Cayman Inc,0.27195540536004287,72.80445946399571,0.4001032143299054,0.68
688301.SHG,688301.SHG,iRay Technology Co Ltd,0.5753993991257909,42.46006008742091,0,0.78
NA9.XETRA,NA9.XETRA,Nagarro SE,0.24065514813778038,75.93448518622196,0.5373418381433102,0.68
SAVE.ST,SAVE.ST,Nordnet AB,0.25509226130365575,74.49077386963442,0.5516727397955774,0.68
BYIT.LSE,BYIT.LSE,Bytes Technology Ltd,0.2363998498044873,76.36001501955127,0.5282122571354608,0.68
2096.HK,2096.HK,Simcere Pharmaceutical Group Ltd,0.27195540536004287,72.80445946399571,0.40647464596900057,0.68
9901.HK,9901.HK,New Oriental Education And Tech Inc,0.27195540536004287,72.80445946399571,0.4491187021027335,0.68
TE.PA,TE.PA,Technip Energies BV,0.2724265413600429,72.75734586399571,0.473176939115085,0.68
9992.HK,9992.HK,Pop Mart International Group Ltd,0.22695540536004288,77.30445946399571,0.4434185125107612,0.68
MOON.LSE,MOON.LSE,Moonpig Group PLC,0.2319554053600429,76.80445946399571,0.5624165982272459,0.68
1209.HK,1209.HK,China Resources Mixc Lifestyle Serv,0.22367168050643454,77.63283194935656,0.48498405680000467,0.68
CORD.LSE,CORD.LSE,Cordiant Digital Infrastructure Limited,0.5981298749338051,40.18701250661949,0,0.78
6690.HK,6690.HK,Haier Smart Home Co Ltd,0.2852887386933762,71.47112613066238,0.44402924376340097,0.68
CTPNV.AS,CTPNV.AS,CTP N.V.,0.4363938197813103,56.360618021868966,0.2851128863278834,0.78
300919.SHE,300919.SHE,Cngr Advanced Material Co Ltd,0.6820519483848339,31.794805161516614,0,0.78
VH2.XETRA,VH2.XETRA,Friedrich Vorwerk Group SE,0.24662207202670955,75.33779279732904,0.50202891601234,0.68
ALLFG.AS,ALLFG.AS,Allfunds Group Ltd,0.581680853274156,41.8319146725844,0.07827876597635208,0.78
1024.HK,1024.HK,Kuaishou Technology,0.2879554053600429,71.20445946399572,0.3929878689788181,0.68
HBR.LSE,HBR.LSE,Harbour Energy PLC,0.5599554053600431,44.004459463995694,0.16319013199704124,0.78
605117.SHG,605117.SHG,Ningbo Deye Technology Co Ltd,0.3559526740095921,64.4047325990408,0.3176338171737941,0.78
BCG.LSE,BCG.LSE,Baltic Classifieds Group PLC,0.22695540536004288,77.30445946399571,0.5680986618322368,0.68
BPT.LSE,BPT.LSE,Bridgepoint Group Plc,0.6810599347229315,31.894006527706853,0.015610926485090833,0.78
605499.SHG,605499.SHG,Eastroc Beverage Group Co Ltd,0.2523998498044873,74.76001501955128,0.44779595953571627,0.68
600905.SHG,600905.SHG,China Three Gorges New Energy Group Co Ltd,0.95,5.000000000000004,0,0.78
AZE.BR,AZE.BR,Azelis Group NV,0.3667501785311837,63.324982146881624,0.41854597629954066,0.78
UMG.AS,UMG.AS,Universal Music Group N.V.,0.5555109609155984,44.448903908440165,0.14157803169851987,0.78
605589.SHG,605589.SHG,Jinan Shengquan Group Share Holding Co Ltd,0.5667941126648971,43.32058873351029,0,0.78
601825.SHG,601825.SHG,Shanghai Rural Commercial Bank Co Ltd,0.6755658852481513,32.44341147518487,0,0.78
601728.SHG,601728.SHG,China Telecom Corp Ltd,0.3053420720267096,69.46579279732904,0.4492846367952137,0.68
688187.SHG,688187.SHG,Zhuzhou CRRC Times Electric Co Ltd,0.6040155203402997,39.59844796597003,0,0.78
601868.SHG,601868.SHG,China Energy Engineering Corp Ltd,0.8223363595993209,17.766364040067906,0,0.78
DTG.XETRA,DTG.XETRA,Daimler Truck Holding AG,0.6121144715531515,38.78855284468485,0.058297191297976295,0.78
6821.HK,6821.HK,Asymchem Laboratories Tianjin Co Ltd,0.4642726061350284,53.57273938649716,0.06327366171622031,0.78
2276.HK,2276.HK,Shanghai Conant Optical Co Ltd,0.25255674090448693,74.7443259095513,0.36540136869994466,0.68
600941.SHG,600941.SHG,China Mobile Limited,0.37948656969154143,62.05134303084585,0.28091111924728,0.78
6680.HK,6680.HK,Jl Mag Rare Earth Co Ltd,0.5939382075546744,40.606179244532555,0,0.78
001289.SHE,001289.SHE,China Longyuan Power Group Corporation Limited,0.7487881596956298,25.121184030437014,0,0.78
6655.HK,6655.HK,Huaxin Cement Co. Ltd.,0.26751096091559845,73.24890390844016,0.49075471563063633,0.68
600938.SHG,600938.SHG,CNOOC Limited,0.22695540536004288,77.30445946399571,0.5455956933173944,0.68
2423.HK,2423.HK,Ke Holdings Inc,0.8503929825265681,14.960701747343187,0,0.78
HLUN-B.CO,HLUN-B.CO,H Lundbeck A/S,0.2363998498044873,76.36001501955127,0.5778333549898851,0.68
688213.SHG,688213.SHG,SmartSens Technology (Shanghai) Co. Ltd. A,0.6242163727970615,37.578362720293846,0,0.78
HLN.LSE,HLN.LSE,Haleon PLC,0.27195540536004287,72.80445946399571,0.5203456859390581,0.68
9896.HK,9896.HK,MINISO Group Holding Limited,0.28891328018246965,71.10867198175303,0.41665068302076164,0.68
ALLEI.ST,ALLEI.ST,Alleima AB (publ),0.2659514899146324,73.40485100853675,0.3619362968929356,0.68
301308.SHE,301308.SHE,Shenzhen Longsys Electronics Co. Ltd. A,0.6256429307939302,37.43570692060698,0,0.78
P911.XETRA,P911.XETRA,Porsche AG,0.5527646887262494,44.72353112737506,0.20857378686289912,0.78
1880.HK,1880.HK,China Tourism Group Duty Free Corporation Limited,0.30479984980448727,69.52001501955127,0.36550984903944045,0.68
ACLN.SW,ACLN.SW,Accelleron Industries AG,0.2799554053600429,72.00445946399572,0.4087877848590993,0.68
1698.HK,1698.HK,Tencent Music Entertainment Group,0.26751096091559845,73.24890390844016,0.5140704872618421,0.68
ITH.LSE,ITH.LSE,Ithaca Energy PLC,0.47963265500747654,52.03673449925235,0.2750008627601494,0.78
BAM.US,BAM.US,Brookfield Asset Management Ltd.,0.6269724317724918,37.302756822750816,0.05341234706974762,0.78
2367.HK,2367.HK,Giant Biogene Holding Co Ltd,0.2523998498044873,74.76001501955128,0.4792087085419665,0.68
2245.HK,2245.HK,Lygend Resources & Tech Co,0.29595540536004283,70.40445946399572,0.374714535352239,0.68
6963.HK,6963.HK,Sunshine Ins Grp Co Ltd,0.3029411501925447,69.70588498074552,0.5561935562595546,0.68
URW.PA,URW.PA,Unibail-Rodamco-Westfield,0.4676475799278421,53.23524200721579,0.3448068325555946,0.78
DSFIR.AS,DSFIR.AS,DSM-Firmenich AG,0.5629288048557329,43.70711951442671,0.018249206155442163,0.78
9636.HK,9636.HK,JF Wealth Holdings Ltd,0.2319554053600429,76.80445946399571,0.4800667511388837,0.68
014.F,014.F,Rand Mining Limited,0.4743998498044874,52.56001501955125,0.17560015019551262,0.78
601061.SHG,601061.SHG,CITIC Metal Co. Ltd. A,0.5814539450803309,41.854605491966915,0,0.78
KVUE.US,KVUE.US,Kenvue Inc.,0.5059455580553904,49.405444194460955,0.2153459191153158,0.78
603296.SHG,603296.SHG,HUAQIN TECHNOLOGY LTD A,0.6508621249029041,34.91378750970959,0,0.78
MANTA.HE,MANTA.HE,Mandatum Oyj,0.6768241642923554,32.31758357076446,0,0.78
SDZ.SW,SDZ.SW,Sandoz Group AG,0.25057955055195974,74.94204494480402,0.36062014696488015,0.68
SYENS.BR,SYENS.BR,Syensqo,0.5705982907377845,42.940170926221555,0,0.78
2419.HK,2419.HK,Dekon Food & Agriculture Group,0.2961388736468911,70.3861126353109,0.3034789007555084,0.68
R3NK.XETRA,R3NK.XETRA,Renk Group AG,0.28153225189016573,71.84677481098343,0.3551654975047836,0.68
CVC.AS,CVC.AS,CVC Capital Partners PLC,0.38220937692263374,61.77906230773662,0.321769678316754,0.78
PUIG.MC,PUIG.MC,Puig Brands SA,0.22695540536004288,77.30445946399571,0.48630989430222915,0.68
6181.HK,6181.HK,Laopu Gold Co Ltd,0.6654472049781969,33.45527950218031,0,0.78
2507.HK,2507.HK,Cirrus Aircraft Ltd,0.34551087247502793,65.44891275249721,0.1791331892809089,0.68
0300.HK,0300.HK,"Midea Group Co., Ltd.",0.29572429424893176,70.42757057510683,0.42537365859539916,0.68
SUNN.SW,SUNN.SW,SUNRISE N,0.4281698788840018,57.183012111599815,0.34905832769542816,0.78
6936.HK,6936.HK,S.F. Holding Co Ltd,0.26751096091559845,73.24890390844016,0.47396471597038864,0.68
1318.HK,1318.HK,Mao Geping Cosmetics Co Ltd,0.22695540536004288,77.30445946399571,0.47485822743616163,0.68
1364.HK,1364.HK,Guming Holdings Ltd,0.22528873869337623,77.47112613066238,0.46915114561165044,0.68
PFSE.XETRA,PFSE.XETRA,PFISTERER Holding SE,0.3405459972421172,65.94540027578827,0.21615218987799498,0.68
3288.HK,3288.HK,Haitian Flav,0.3614441541140964,63.855584588590354,0.35684778879227974,0.78
2050.HK,2050.HK,Zhejiang Sanhua Intel Controls Co Ltd,0.35559750265605655,64.44024973439436,0.2509620301123957,0.78
2648.HK,2648.HK,"Anjoy Foods Group Co., Ltd.",0.2786220720267095,72.13779279732904,0.44283772187610815,0.68
6613.HK,6613.HK,"Lens Technology Co., Ltd.",0.36724455320238475,63.27554467976153,0.25910075019281203,0.78
MTLN.LSE,MTLN.LSE,Metlen Energy & Metals PLC,0.7131131839340666,28.688681606593335,0,0.78
9973.HK,9973.HK,Chery Automobile Co Ltd,0.3101366529372364,68.98633470627635,0.2862411145492149,0.68
SMG.SW,SMG.SW,SMG Swiss Marketplace Group AG,0.3012887386933762,69.87112613066238,0.4546304956522224,0.68
NOBA.ST,NOBA.ST,NOBA Bank,0.7250126033282889,27.49873966717111,0,0.78
2259.HK,2259.HK,Zijin Gold Intl Co Ltd,0.27551096091559846,72.44890390844016,0.4348547398199493,0.68
6031.HK,6031.HK,"Sany Heavy Industry Co.,Ltd",0.22695540536004288,77.30445946399571,0.5366296390053877,0.68
9927.HK,9927.HK,"Seres Group Co.,Ltd",0.2319554053600429,76.80445946399571,0.5445344657793583,0.68
2698.HK,2698.HK,Softcare Ltd,0.26402455754751036,73.59754424524895,0.35950639194993517,0.68
2579.HK,2579.HK,"CNGR Advanced Material Co., Ltd.",0.7380682244168091,26.193177558319093,0,0.78
2788.HK,2788.HK,Chuangxin Industries Holdings Limited,0.3067839757897612,69.32160242102387,0.33379654399583697,0.68
9980.HK,9980.HK,"Eastroc Beverage (Group) Co., Ltd.",0.27551096091559846,72.44890390844016,0.4677661555003139,0.68
OBCK.XETRA,OBCK.XETRA,Ottobock SE & Co. KGaA,0.2586938594403974,74.13061405596027,0.46023778478283456,0.68
