security_id,ticker,company_name,large_drawdown_probability_3m,expected_max_drawdown_3m,large_drawdown_probability_6m,expected_max_drawdown_6m,large_drawdown_probability_9m,expected_max_drawdown_9m,large_drawdown_probability_12m,expected_max_drawdown_12m,drawdown_risk_score,drawdown_model_confidence
0001.HK,0001.HK,CK Hutchison Holdings Limited,0.1859873948929856,-0.19328530285374598,0.25361917485407126,-0.2550849443501096,0.30434300982488555,-0.30229454321078514,0.33815889980542835,-0.3404837455109943,33.815889980542835,0.78
000001.SHE,000001.SHE,Ping An Bank Co Ltd,0.15097351827195393,-0.14185311680651846,0.20587297946175534,-0.18266761198297707,0.2470475753541064,-0.2138144520178752,0.2744973059490071,-0.23876528210595477,27.44973059490071,0.68
000009.SHE,000009.SHE,China Baoan Group Co Ltd,0.23843712301865613,-0.263553684214788,0.32514153138907653,-0.35398194541874195,0.39016983766689184,-0.4230995719930664,0.433522041852102,-0.47930397167623806,43.352204185210205,0.78
0700.HK,0700.HK,Tencent Holdings Ltd,0.20914211234231256,-0.2332575319857759,0.2851937895576989,-0.3114034147726082,0.3422325474692387,-0.37112966526494484,0.3802583860769319,-0.41967041302216695,38.02583860769319,0.78
AC.PA,AC.PA,Accor S. A.,0.18936452176942165,-0.2116898664385094,0.2582243478673931,-0.281082182770146,0.30986921744087176,-0.334114015841558,0.3442991304898575,-0.3771823485282013,34.42991304898575,0.78
ACA.PA,ACA.PA,Credit Agricole SA,0.16655916342407076,-0.17420009224627703,0.22712613194191467,-0.22827125326261927,0.2725513583302976,-0.269572614617437,0.30283484258921956,-0.30294915732594807,30.283484258921956,0.78
ADP.PA,ADP.PA,Aeroports de Paris SA,0.208478313777856,-0.23029051918050603,0.28428860969707637,-0.3072134681766057,0.3411463316364916,-0.3660020814007488,0.3790514795961018,-0.41375811172828214,37.90514795961018,0.78
AI.PA,AI.PA,Air Liquide SA,0.15182924741322965,-0.1514266029566988,0.2070398828362222,-0.19619877546684136,0.24844785940346667,-0.23038147762139213,0.27605317711496297,-0.2578842487253283,27.605317711496298,0.68
AIR.PA,AIR.PA,Airbus Group SE,0.18993042597469045,-0.21341869902799623,0.2589960354200324,-0.28352196933236884,0.3107952425040389,-0.3370986947652665,0.3453280472267099,-0.38062149320591165,34.53280472267099,0.78
AKE.PA,AKE.PA,Arkema SA,0.20895459529201238,-0.2369659965898551,0.28493808448910773,-0.31664968284695916,0.3419257013869293,-0.377556144112978,0.379917445985477,-0.42709347915197154,37.9917445985477,0.78
AM.PA,AM.PA,Dassault Aviation SA,0.19912344823774505,-0.22217187092658275,0.2715319748696523,-0.29581713142861477,0.32583836984358283,-0.35210129544787033,0.36204263315953644,-0.3978269744562938,36.204263315953646,0.78
AMUN.PA,AMUN.PA,Amundi SA,0.17161203483605092,-0.17726474204034282,0.23401641114006944,-0.232559321750624,0.2808196933680833,-0.2747937146732267,0.3120218815200926,-0.308913090213324,31.202188152009256,0.78
ATE.PA,ATE.PA,Alten SA,0.2486920502799372,-0.29464802981797766,0.3391255231090053,-0.39786263089494656,0.4069506277308063,-0.4767799307093982,0.45216736414534037,-0.5411570470813392,45.21673641453404,0.78
BIM.PA,BIM.PA,Biomerieux SA,0.226284342271386,-0.22258974885016095,0.30856955764279903,-0.2961608301071822,0.37028346917135885,-0.352357270401722,0.4114260768570654,-0.3977738283168947,41.14260768570654,0.78
BN.PA,BN.PA,Danone SA,0.16866429091844531,-0.17905726288249582,0.2299967603433345,-0.2351211649898234,0.2759961124120014,-0.27794922287530627,0.306662347124446,-0.3125946035167516,30.666234712444602,0.78
BNP.PA,BNP.PA,BNP Paribas SA,0.17903132591959522,-0.20527496367580925,0.24413362625399346,-0.27210421261984563,0.29296035150479216,-0.3231810541014157,0.3255115016719913,-0.3646907203215226,32.551150167199125,0.78
BOL.PA,BOL.PA,Bollore SA,0.16441349975090172,-0.16776782041135632,0.22420022693304775,-0.21919418109524752,0.2690402723196573,-0.25846854923896384,0.29893363591073036,-0.2901548353763195,29.893363591073037,0.68
BVI.PA,BVI.PA,Bureau Veritas SA,0.17214799797169938,-0.18189778029872175,0.2347472699614082,-0.239106547938092,0.2816967239536899,-0.28280914106681176,0.3129963599485443,-0.3181616261183697,31.29963599485443,0.78
CA.PA,CA.PA,Carrefour SA,0.17140356314759173,-0.17461872958775163,0.23373213156489778,-0.22881919295848469,0.28047855787787734,-0.270214277319785,0.31164284208653037,-0.30362788801794566,31.164284208653037,0.78
CAP.PA,CAP.PA,Capgemini SE,0.23490229885876945,-0.26143721366940964,0.32032131662559465,-0.35102098473983095,0.3843855799507136,-0.4194946201941703,0.4270950888341262,-0.475186715739805,42.709508883412624,0.78
CDI.PA,CDI.PA,Christian Dior SE,0.225443824050258,-0.22443511525946885,0.30742339643217,-0.2987782243010533,0.36890807571860396,-0.355568015607191,0.40989786190955996,-0.4014920690045656,40.989786190955996,0.78
COFA.PA,COFA.PA,Coface SA,0.17455653221368478,-0.15116095855757863,0.23803163483684286,-0.19561619072281933,0.28563796180421147,-0.22952992029885824,0.3173755131157905,-0.256609157879073,31.737551311579047,0.78
COV.PA,COV.PA,Covivio SA,0.17884220322583347,-0.17534565901104576,0.24387573167159105,-0.229779505803833,0.2926508780059093,-0.271345235177641,0.3251676422287881,-0.30483830046197335,32.516764222878805,0.78
CS.PA,CS.PA,AXA SA,0.15857352637741756,-0.15455334136819196,0.21623662687829664,-0.20055925212161646,0.259483952253956,-0.2356809860364131,0.2883155025043955,-0.2639170036913048,28.83155025043955,0.68
DEC.PA,DEC.PA,JC Decaux SA,0.18752951599478596,-0.21093765859259797,0.2557220672656172,-0.280035105934049,0.3068664807187406,-0.3328427592066971,0.34096275635415624,-0.3757379875708211,34.09627563541562,0.78
DG.PA,DG.PA,Vinci S.A.,0.17254283937627946,-0.1874047199727208,0.23528569005856287,-0.24689094211723783,0.28234282807027544,-0.2923406397501207,0.3137142534114172,-0.3291625833840361,31.371425341141716,0.78
DSY.PA,DSY.PA,Dassault Systemes SE,0.2473563846942891,-0.27455461924681673,0.33730416094675786,-0.36945841691115877,0.4047649931361094,-0.44200012779388814,0.4497388812623438,-0.5010139386309113,44.97388812623438,0.78
EDEN.PA,EDEN.PA,Edenred SA,0.2553783379783002,-0.31085255919282007,0.3482431881522275,-0.4207184248424104,0.417891825782673,-0.5047318363473379,0.46432425086963663,-0.5733472818699866,46.43242508696366,0.78
EL.PA,EL.PA,EssilorLuxottica S. A.,0.21033696001169985,-0.22275783092706597,0.2868231272886816,-0.29654371736587126,0.3441877527464179,-0.3529230698801436,0.38243083638490877,-0.3986319067992035,38.24308363849088,0.78
ELIS.PA,ELIS.PA,Elis SA,0.17739502025607548,-0.1805993334641237,0.2419023003491938,-0.2372224984705895,0.29028276041903256,-0.28046979208882533,0.32253640046559173,-0.3153930117198668,32.25364004655917,0.78
EN.PA,EN.PA,Bouygues SA,0.1669127786289648,-0.17772156100395606,0.2276083344940429,-0.23324814286323314,0.2731300013928515,-0.2756658868640463,0.30347777932539055,-0.3099805219800551,30.347777932539056,0.78
ENGI.PA,ENGI.PA,Engie S.A.,0.1621968862535287,-0.1717526610801832,0.22117757216390277,-0.22484977663124667,0.26541308659668333,-0.2654086740029782,0.2949034295518704,-0.29819706042843275,29.49034295518704,0.68
ENX.PA,ENX.PA,Euronext N.V.,0.17711280052802525,-0.17305054584663204,0.24151745526548896,-0.2265494699414478,0.28982094631858674,-0.26739976926512127,0.3220232736873186,-0.3003046727668923,32.20232736873186,0.78
ERF.PA,ERF.PA,Eurofins Scientific SE,0.19849748092919145,-0.20605561916716839,0.27067838308526104,-0.27303100835696587,0.32481405970231325,-0.3241979100403774,0.3609045107803481,-0.36561495714029046,36.09045107803481,0.78
FGR.PA,FGR.PA,Eiffage SA,0.18150046286246183,-0.19037082909960584,0.24750063117608428,-0.2510041046013688,0.29700075741130116,-0.29732380812129877,0.3300008415681124,-0.3348016430509857,33.00008415681124,0.78
FR.PA,FR.PA,Valeo SA,0.24141576742733628,-0.31119861986814046,0.3292033192190949,-0.4213349423298662,0.3950439830629139,-0.5055717180176741,0.4389377589587932,-0.5744963600750226,43.89377589587932,0.78
GET.PA,GET.PA,Getlink SE,0.15280921522327498,-0.14303040359594443,0.20837620257719314,-0.1843158349336711,0.2500514430926318,-0.21582195507551752,0.27783493676959087,-0.24105977833003628,27.783493676959086,0.68
GFC.PA,GFC.PA,Gecina SA,0.16816330692036494,-0.15583696538727995,0.22931360034595216,-0.20228726625585336,0.2751763204151426,-0.2377391166402152,0.3057514671279362,-0.26617040436625705,30.57514671279362,0.78
GLE.PA,GLE.PA,Societe Generale S.A.,0.20142581908439175,-0.24321453765797713,0.274671571478716,-0.325554995564432,0.3296058857744592,-0.3885086080297761,0.36622876197162135,-0.43983695760046504,36.622876197162135,0.78
GTT.PA,GTT.PA,Gaztransport & Technigaz SAS,0.17609292043010255,-0.19079297710443366,0.24012670967741256,-0.25165034173781525,0.2881520516128951,-0.29814812775290883,0.32016894623655007,-0.3358229131766094,32.016894623655006,0.78
HO.PA,HO.PA,Thales S.A.,0.20748254711835395,-0.22635636185449218,0.28293074607048263,-0.3016587948855295,0.3395168952845792,-0.35920507180419264,0.37724099476064354,-0.40592238580329276,37.72409947606435,0.78
IPN.PA,IPN.PA,Ipsen SA,0.18610906632233215,-0.20196474211403742,0.25378509043954384,-0.26735841738179594,0.3045421085274526,-0.3173256773597376,0.33838012058605843,-0.3578386420575258,33.83801205860584,0.78
KER.PA,KER.PA,Kering SA,0.23880538253700204,-0.2871382210761223,0.3256437034595482,-0.38733216471405685,0.39077244415145784,-0.4639428453217941,0.43419160461273093,-0.5264609932692154,43.419160461273094,0.78
LI.PA,LI.PA,Klepierre SA,0.15820000458784259,-0.1464271309289322,0.2157272789834217,-0.1890704556111586,0.25887273478010603,-0.22161241010643562,0.2876363719778956,-0.24767680716226226,28.76363719778956,0.68
LR.PA,LR.PA,Legrand SA,0.19133470225414262,-0.21470870282082338,0.2609109576192854,-0.28533352580681365,0.31309314914314246,-0.33930886005594085,0.34788127682571385,-0.3831555426587839,34.788127682571385,0.78
MC.PA,MC.PA,LVMH Moët Hennessy - Louis Vuitton,0.19662479957820914,-0.22039089233715062,0.2681247266975579,-0.2933211947901126,0.3217496720370695,-0.34905958599575354,0.35749963559674386,-0.3943467912335598,35.749963559674384,0.78
MF.PA,MF.PA,Wendel,0.18180416524195248,-0.17875126757473594,0.24791477078448063,-0.2345687982292604,0.2974977249413768,-0.2771929063226669,0.33055302771264083,-0.31155258065064434,33.05530277126408,0.78
NEX.PA,NEX.PA,Nexans S.A.,0.21982975135468036,-0.25231794118429157,0.29976784275638224,-0.33826160481390605,0.3597214113076587,-0.40395918181991497,0.3996904570085097,-0.45744145414242987,39.96904570085097,0.78
OR.PA,OR.PA,LOréal S.A.,0.1688871578357528,-0.19191362998364153,0.23030066977602653,-0.2533007847499246,0.27636080373123184,-0.3002132653043706,0.30706755970136873,-0.33830004389265844,30.70675597013687,0.78
ORA.PA,ORA.PA,Orange S.A.,0.16151614853527363,-0.17505436487601359,0.2202492934571913,-0.2295252882834842,0.2642991521486296,-0.2711391175448862,0.2936657246095884,-0.3048227467090546,29.36657246095884,0.68
PUB.PA,PUB.PA,Publicis Groupe SA,0.18992409115734532,-0.20799429648609288,0.2589873970327436,-0.27585076336135483,0.3107848764392923,-0.3277034630709194,0.3453165293769915,-0.36977289544339986,34.53165293769915,0.78
RCO.PA,RCO.PA,Remy Cointreau,0.23121428709317624,-0.2587938162125597,0.31529220967251304,-0.3473162314803333,0.37835065160701564,-0.4149796426686877,0.42038961289668403,-0.47002061939297907,42.0389612896684,0.78
RF.PA,RF.PA,Eurazeo,0.22237450171134004,-0.21602279093050533,0.30323795687910005,-0.286909343934618,0.3638855482549201,-0.3410503075186614,0.40431727583880006,-0.3847678708959122,40.431727583880004,0.78
RI.PA,RI.PA,Pernod Ricard S.A.,0.21420362484310537,-0.21925279135326434,0.29209585205878,-0.29155164115033383,0.350515022470536,-0.34678556501623076,0.38946113607837335,-0.39149528225711794,38.94611360783733,0.78
RMS.PA,RMS.PA,Hermes International SCA,0.2137127375315812,-0.23164002551199278,0.291426460270338,-0.3090743046848191,0.3497117523244056,-0.3682493388356808,0.388568613693784,-0.4162858159774974,38.8568613693784,0.78
RNO.PA,RNO.PA,Renault SA,0.2037577583417996,-0.22111218469017616,0.27785148864790854,-0.29427631850506325,0.33342178637749026,-0.3501860451219506,0.3704686515305447,-0.39555593365280245,37.04686515305447,0.78
RUI.PA,RUI.PA,Rubis SCA,0.1744250258588981,-0.17230278146791872,0.2378523079894065,-0.22551644063605994,0.2854227695872878,-0.2661508967689863,0.317136410652542,-0.29889710754409166,31.7136410652542,0.78
RXL.PA,RXL.PA,Rexel S.A,0.1868696877358884,-0.20473680949961384,0.25482230145802964,-0.2712717880562188,0.30578676174963554,-0.3221139382055047,0.33976306861070615,-0.3633578837642349,33.97630686107062,0.78
SAN.PA,SAN.PA,Sanofi SA,0.17556495949395934,-0.1905627993472187,0.23940676294630817,-0.2513296277331399,0.2872881155355698,-0.29775854161856785,0.3192090172617442,-0.335379836383726,31.92090172617442,0.78
SCR.PA,SCR.PA,SCOR SE,0.1872620391369315,-0.18867748967720566,0.2553573260958157,-0.24855690823462073,0.30642879131497885,-0.2942916225988726,0.3404764347944209,-0.33122640352811167,34.047643479442094,0.78
SESG.PA,SESG.PA,SES S. A.,0.2788917177064739,-0.3179483001987319,0.3803068877815553,-0.43053925464975074,0.45636826533786634,-0.5166170331044276,0.507075850375407,-0.5867692350907064,50.7075850375407,0.78
SGO.PA,SGO.PA,Compagnie de Saint-Gobain S.A.,0.20299536160173734,-0.21583707915620592,0.2768118567296418,-0.28682313349643207,0.3321742280755702,-0.34106242560755706,0.3690824756395224,-0.3850306737509004,36.90824756395224,0.78
SK.PA,SK.PA,SEB SA,0.26701895480129906,-0.289288935358442,0.3641167565472259,-0.3901168805996358,0.43694010785667114,-0.46718204988581424,0.4854890087296346,-0.5298390685597506,48.54890087296346,0.78
SOP.PA,SOP.PA,Sopra Steria Group SA,0.25970558661635446,-0.2920514188056383,0.35414398174957423,-0.39409020229819436,0.4249727780994891,-0.472092774763874,0.472191975666099,-0.5356033820492867,47.2191975666099,0.78
SPIE.PA,SPIE.PA,SPIE SA,0.18750804463594697,-0.19707439008999497,0.2556927881399277,-0.2604296790718611,0.3068313457679132,-0.30883124361726544,0.3409237175199036,-0.34801215326463164,34.092371751990356,0.78
SU.PA,SU.PA,Schneider Electric S.E.,0.18954720699977623,-0.22871653289582722,0.2584734640906039,-0.3051598622487916,0.31016815690872473,-0.36360192071523684,0.34463128545413857,-0.4112297026534799,34.46312854541386,0.78
SW.PA,SW.PA,Sodexo SA,0.20471828342665488,-0.21008414754180613,0.2791612955818021,-0.27867157428322453,0.3349935546981625,-0.33106838068613326,0.37221506077573613,-0.37346842398964897,37.221506077573615,0.78
TEP.PA,TEP.PA,Teleperformance SE,0.25459027499312104,-0.3003998273745139,0.34716855680880143,-0.4059432041843924,0.4166022681705617,-0.4866407471133409,0.46289140907840187,-0.5524676093856165,46.289140907840185,0.78
TTE.PA,TTE.PA,TotalEnergies SE,0.16670853070909394,-0.17724135475583702,0.2273298146033099,-0.23257088812618118,0.2727957775239719,-0.274837663147214,0.30310641947107986,-0.3090267939611946,30.310641947107985,0.78
VCT.PA,VCT.PA,Vicat S.A.,0.21631085483052662,-0.2366845649413704,0.29496934749617265,-0.3161847077726762,0.35396321699540717,-0.37694198825908415,0.3932924633282302,-0.42628986554283266,39.32924633282302,0.78
VIE.PA,VIE.PA,Veolia Environnement VE SA,0.15745033531297492,-0.15902100537913944,0.21470500269951123,-0.206887708572408,0.2576460032394135,-0.2434385525901434,0.28627333693268164,-0.2728890906934906,28.627333693268163,0.68
VK.PA,VK.PA,Vallourec,0.2047614286315681,-0.2261014598355624,0.2792201299521383,-0.3013230817723713,0.33506415594256594,-0.358810436259947,0.37229350660285104,-0.40550163655227345,37.22935066028511,0.78
AALB.AS,AALB.AS,Aalberts Industries NV,0.19326895255093215,-0.22046122651258734,0.263548571660362,-0.29345121361647863,0.31625828599243444,-0.3492392084327452,0.35139809554714935,-0.39459728730532595,35.13980955471494,0.78
ABI.BR,ABI.BR,Anheuser Busch Inbev SA NV,0.16163041884597315,-0.17780723555833708,0.22040511660814516,-0.23341739503288683,0.2644861399297742,-0.2759052612768362,0.29387348881086023,-0.31032474831807866,29.387348881086023,0.68
ABN.AS,ABN.AS,ABN Amro Group NV,0.18102097591851743,-0.204610354334682,0.24684678534343285,-0.27114619950972946,0.2962161424121194,-0.3219956478389831,0.32912904712457713,-0.36329638582112156,32.91290471245772,0.78
ACKB.BR,ACKB.BR,Ackermans & Van Haaren NV,0.1695395482986963,-0.17261452261826982,0.23119029313458583,-0.22600178607734378,0.27742835176150304,-0.2667749942351944,0.3082537241794478,-0.2996804782013096,30.82537241794478,0.78
AD.AS,AD.AS,Koninklijke Ahold Delhaize NV,0.16358510156789172,-0.16800279058743117,0.22307059304712504,-0.21953402075572212,0.26768471165655006,-0.2588897975963664,0.2974274573961667,-0.2906518869417313,29.742745739616673,0.68
AED.BR,AED.BR,Aedifica,0.16216065046135472,-0.15584533860380412,0.22112815972002917,-0.20235375533098415,0.265353791664035,-0.23785700737558813,0.2948375462933722,-0.2663836013743275,29.483754629337223,0.68
AGN.AS,AGN.AS,Aegon NV,0.17883696863151505,-0.18681170165511513,0.2438685935884296,-0.24599498647302526,0.29264231230611554,-0.2912050937579546,0.3251581247845728,-0.32777055706410796,32.51581247845728,0.78
AGS.BR,AGS.BR,ageas SA/NV,0.15173707261936306,-0.1433899656940749,0.20691418993549507,-0.18483409320388183,0.2482970279225941,-0.21646320115067696,0.2758855865806601,-0.2418139908296979,27.58855865806601,0.68
AKZA.AS,AKZA.AS,Akzo Nobel NV,0.23362057938246722,-0.2614791659020434,0.318573517339728,-0.35109198279671533,0.3822882208076736,-0.4195893595325567,0.424764689786304,-0.47531256738793326,42.4764689786304,0.78
APAM.AS,APAM.AS,Aperam SA,0.23883478399779837,-0.2843917769415544,0.3256837963606341,-0.3834478385028163,0.39082055563276097,-0.45918535813890254,0.4342450618141788,-0.5209671427704534,43.42450618141788,0.78
ARCAD.AS,ARCAD.AS,Arcadis N.V.,0.2605145795071706,-0.2904582198214813,0.35524715387341443,-0.39182971370028175,0.42629658464809733,-0.4693193393333225,0.47366287183121925,-0.5323905079500006,47.366287183121926,0.78
ASRNL.AS,ASRNL.AS,ASR Nederland NV,0.14848751640350213,-0.14155888178136622,0.20248297691386655,-0.1822741331217825,0.24297957229663986,-0.21334764013249774,0.26997730255182206,-0.23825817211679962,26.997730255182205,0.68
BAMNB.AS,BAMNB.AS,Koninklijke BAM Groep NV,0.21895737824286382,-0.2730306854242093,0.2985782430584506,-0.36756179062584765,0.35829389167014075,-0.439849732692387,0.39810432407793417,-0.4988954930150157,39.810432407793414,0.78
CMBT.BR,CMBT.BR,CMB.TECH NV,0.23189528240237003,-0.2970626419057183,0.31622083963959546,-0.4014303240813737,0.37946500756751456,-0.48125146386258233,0.4216277861861273,-0.5465359836600863,42.16277861861273,0.78
COLR.BR,COLR.BR,Etablissementen Franz Colruyt NV,0.18402309037642928,-0.16919581163738306,0.2509405777860399,-0.22103514198484597,0.3011286933432479,-0.2606041530692238,0.3345874370480532,-0.29236904940790115,33.45874370480532,0.78
DIE.BR,DIE.BR,D'Ieteren Group SA,0.20588887948603501,-0.21674991414016648,0.2807575629355023,-0.28808773482572286,0.33690907552260274,-0.3425936651212907,0.3743434172473364,-0.3867616467698809,37.43434172473364,0.78
ELI.BR,ELI.BR,Elia Group SA/NV,0.17782122268904108,-0.18269365798737866,0.242483485485056,-0.24018044051285944,0.2909801825820672,-0.2840899277917095,0.3233113139800747,-0.3195677123231159,32.331131398007464,0.78
GBLB.BR,GBLB.BR,Groep Brussel Lambert NV,0.1612478347404692,-0.1400745032671672,0.21988341100973072,-0.18005873628714192,0.26386009321167686,-0.21055684135047975,0.2931778813463076,-0.23487180467010083,29.317788134630764,0.68
HEIA.AS,HEIA.AS,Heineken,0.16707213100281895,-0.16919508972132538,0.2278256331856622,-0.22118844080874944,0.27339075982279465,-0.2608948607572348,0.3037675109142163,-0.2929223642461949,30.376751091421628,0.78
HEIJM.AS,HEIJM.AS,Koninklijke Heijmans N.V.,0.23168860375356012,-0.27846358966673834,0.31593900511849105,-0.3751291737385997,0.3791268061421893,-0.4490405201811869,0.42125200682465475,-0.5093446432106329,42.125200682465476,0.78
HEIO.AS,HEIO.AS,Heineken Holding NV,0.16886758874732352,-0.16463542179761348,0.23027398465544113,-0.21472375093094842,0.2763287815865294,-0.2529663598386575,0.3070319795405882,-0.2837442679634964,30.70319795405882,0.78
IMCD.AS,IMCD.AS,IMCD NV,0.21735957824964258,-0.2496779329365013,0.29639942488587623,-0.33455055754359286,0.35567930986305146,-0.39942909890016687,0.3951992331811683,-0.45224227967574154,39.51992331811683,0.78
INGA.AS,INGA.AS,ING Groep NV,0.16826304874859443,-0.18662671103671222,0.2294496119299015,-0.24582963409609013,0.2753395343158818,-0.29106680253474376,0.3059328159065353,-0.3277466313871068,30.593281590653532,0.78
KBC.BR,KBC.BR,KBC Groep NV,0.16704943653255072,-0.17431757312181667,0.227794686180751,-0.22843293291484723,0.27335362341690117,-0.26976765315035306,0.3037262482410013,-0.30316807377529537,30.372624824100132,0.78
KBCA.BR,KBCA.BR,KBC Ancora,0.17429080660393684,-0.1756763440208137,0.23766928173264112,-0.2302886004699859,0.28520313807916936,-0.2719963902640613,0.3168923756435215,-0.30564862528004405,31.68923756435215,0.78
KPN.AS,KPN.AS,Koninklijke KPN NV,0.15223955517766852,-0.15057569774183555,0.2075993934240934,-0.19499167837256562,0.2491192721089121,-0.2289005995427492,0.27679919123212454,-0.25616901004149284,27.679919123212454,0.68
LIGHT.AS,LIGHT.AS,Signify N.V.,0.23955789847129846,-0.25457013200252127,0.32666986155177063,-0.34126708061896227,0.39200383386212473,-0.4075202992391011,0.43555981540236083,-0.4613001873278,43.55598154023608,0.78
MELE.BR,MELE.BR,Melexis NV,0.23111928438564996,-0.2660778215316522,0.3151626605258863,-0.3576182354857391,0.37819519263106355,-0.427597546261219,0.42021688070118174,-0.4845917392106831,42.021688070118174,0.78
NN.AS,NN.AS,NN Group NV,0.16292374746695762,-0.14801420561725176,0.22216874654585128,-0.1912719136970511,0.26660249585502155,-0.22427994381516303,0.2962249953944684,-0.2506963613174031,29.62249953944684,0.68
PHIA.AS,PHIA.AS,Koninklijke Philips NV,0.19630195981741685,-0.2052139417863097,0.2676844906601139,-0.27186068458518103,0.3212213887921367,-0.32277789702995996,0.35691265421348517,-0.3640034557967766,35.69126542134852,0.78
RAND.AS,RAND.AS,Randstad NV,0.24005829776322818,-0.2586695946648249,0.32735222422258387,-0.34706004073143576,0.39282266906710067,-0.4146121581312534,0.4364696322967785,-0.4694827359483078,43.64696322967785,0.78
REN.AS,REN.AS,Relx PLC,0.23512320712305565,-0.2448639764740286,0.32062255516780314,-0.32758087679988346,0.3847470662013638,-0.3907851264702371,0.4274967402237375,-0.4420330116240299,42.74967402237375,0.78
SBMO.AS,SBMO.AS,SBM Offshore N.V.,0.18657417277497196,-0.20184315163687627,0.25441932651132537,-0.26718222819927123,0.30530319181359045,-0.3171070656258407,0.3392257686817672,-0.3575802394374807,33.92257686817672,0.78
SHELL.AS,SHELL.AS,Shell PLC,0.16689822728821502,-0.17578904671255238,0.22758849175665685,-0.2305152874167398,0.2731061901079882,-0.27231892455277623,0.3034513223422091,-0.306115969622945,30.345132234220912,0.78
SOF.BR,SOF.BR,Sofina Société Anonyme,0.18811457111090088,-0.18040135975050378,0.256519869696683,-0.23684493168608325,0.3078238436360196,-0.2799422613286524,0.3420264929289107,-0.3146462426282871,34.20264929289107,0.78
SOLB.BR,SOLB.BR,Solvay SA,0.18031418306152672,-0.19075147428856606,0.24588297690208186,-0.2515532179577133,0.29505957228249824,-0.2980035370447482,0.3278439692027758,-0.3356017571314821,32.78439692027758,0.78
UMI.BR,UMI.BR,Umicore S.A.,0.24271325212941763,-0.30452022516918575,0.33097261654011495,-0.41187845380622967,0.39716713984813795,-0.49398205161073755,0.4412968220534866,-0.5610971075414087,44.12968220534866,0.78
VLK.AS,VLK.AS,Van Lanschot NV,0.18322713729638446,-0.18676608426267483,0.2498551872223424,-0.24589050610000696,0.2998262246668109,-0.2910504672088213,0.3331402496297899,-0.3275356440320134,33.31402496297899,0.78
VPK.AS,VPK.AS,Koninklijke Vopak NV,0.1731684207098071,-0.1712458821144506,0.23613875551337327,-0.22403319923862663,0.28336650661604795,-0.2643419367688598,0.31485167401783104,-0.29682443409658027,31.485167401783105,0.78
WDP.BR,WDP.BR,Warehouses de Pauw Comm VA,0.1686263777026438,-0.16572534112911108,0.22994506050360516,-0.21626732559165487,0.27593407260432623,-0.25485831004141796,0.3065934140048069,-0.2859320008061357,30.659341400480688,0.78
WKL.AS,WKL.AS,Wolters Kluwer N.V.,0.23944946519646892,-0.2691568041415064,0.3265219979951849,-0.36189673735303707,0.39182639759422183,-0.4327870241183727,0.4353626639935798,-0.4904770803311283,43.536266399357984,0.78
ACS.MC,ACS.MC,ACS Actividades de Construccion y Servicios SA,0.20393765511094947,-0.23223813995977308,0.27809680242402196,-0.3100091575802474,0.3337161629088264,-0.36945366644530037,0.37079573656536263,-0.4178019566613696,37.07957365653626,0.78
ACX.MC,ACX.MC,Acerinox,0.19838754779435522,-0.22884580757530976,0.2705284742650298,-0.305262202712599,0.3246341691180358,-0.3636735677316705,0.3607046323533731,-0.4111989317682588,36.07046323533731,0.78
AENA.MC,AENA.MC,Aena SA,0.1732068068938748,-0.1779521802680064,0.23619110030982923,-0.23351698757688402,0.2834293203717951,-0.2759569247497577,0.3149214670797723,-0.31023577412857684,31.49214670797723,0.78
AMS.MC,AMS.MC,Amadeus IT Group S.A.,0.1970444140888861,-0.2078641302534989,0.2686969283030265,-0.27560185783202135,0.32243631396363176,-0.32735537030194717,0.358262571070702,-0.3692795342277251,35.8262571070702,0.78
ANA.MC,ANA.MC,Acciona,0.20334406437952784,-0.24347949923078024,0.27728736051753794,-0.3259122443089647,0.33274483262104554,-0.38893449567205,0.3697164806900506,-0.44030410180913954,36.971648069005056,0.78
BBVA.MC,BBVA.MC,Banco Bilbao Vizcaya Argentaria SA,0.18259839822473226,-0.21509969307526886,0.2489978157609985,-0.28596600392872773,0.29879737891319824,-0.34013654644139,0.33199708768133135,-0.3842234385722737,33.199708768133135,0.78
BKT.MC,BKT.MC,Bankinter,0.1667775787181033,-0.1796951242554262,0.22742397097923175,-0.2360404136255603,0.2729087651750781,-0.2790865273290065,0.30323196130564234,-0.3139320732073508,30.323196130564234,0.78
CABK.MC,CABK.MC,Caixabank SA,0.18817717861474267,-0.19350473042083943,0.2566052435655582,-0.2553753262286842,0.3079262922786698,-0.30263688674779265,0.3421403247540776,-0.34085093499610547,34.214032475407755,0.78
CIE.MC,CIE.MC,CIE Automotive S.A.,0.20360030521076433,-0.20130595611210272,0.27763677983286045,-0.2662675148673842,0.33316413579943255,-0.31588336284245183,0.3701823731104806,-0.35594862950821676,37.01823731104806,0.78
CLNX.MC,CLNX.MC,Cellnex Telecom SA,0.19858006683571708,-0.2029812254012632,0.27079100023052327,-0.26868240714366215,0.32494920027662794,-0.3188714814012368,0.36105466697403105,-0.3594634667969938,36.1054666974031,0.78
COL.MC,COL.MC,Inmobiliaria Colonial SA,0.17734057679538215,-0.15916270006725744,0.2418280592664302,-0.20690701643671278,0.2901936711197162,-0.2433413916195591,0.32243741235524026,-0.27252152671212054,32.24374123552403,0.78
ELE.MC,ELE.MC,Endesa SA,0.15885743311396489,-0.16310453939541364,0.2166237724281339,-0.21264988768891274,0.2599485269137607,-0.2504872055632926,0.28883169657084523,-0.281010108252552,28.883169657084522,0.68
ENG.MC,ENG.MC,Enagás S.A.,0.16348961307366633,-0.17744174099837326,0.22294038146409043,-0.23288358175874244,0.26752845775690853,-0.27524018394254235,0.29725384195212057,-0.3095329128416083,29.725384195212058,0.68
ENO.MC,ENO.MC,Elecnor S.A,0.21970361715145267,-0.24264597260876963,0.2995958415701627,-0.3245845239921961,0.35951500988419527,-0.38720901333441926,0.3994611220935503,-0.43810164501985527,39.94611220935503,0.78
FDR.MC,FDR.MC,Fluidra,0.19858359878617207,-0.20073987720216885,0.27079581652659823,-0.26551262996799363,0.3249549798319179,-0.31498929160972977,0.361061088702131,-0.35498065480769936,36.1061088702131,0.78
FER.MC,FER.MC,Ferrovial S.A.,0.16424444886187003,-0.1713009813120861,0.22396970299345914,-0.22419236418077998,0.26876364359215094,-0.26459107511058866,0.2986262706579455,-0.2972266897523292,29.862627065794552,0.68
IAG.MC,IAG.MC,International Consolidated Airlines Group S.A,0.21610663260842272,-0.25384823879401713,0.29469086264784916,-0.3404596673330621,0.353629035177419,-0.40667386087682117,0.3929211501971322,-0.46062389688448585,39.29211501971322,0.78
IBE.MC,IBE.MC,Iberdrola S.A.,0.13491863157778222,-0.13254827746846617,0.1839799521515212,-0.16965474401050568,0.22077594258182545,-0.19797452193262455,0.24530660286869493,-0.22068103608529582,24.530660286869495,0.68
ITX.MC,ITX.MC,Industria de Diseno Textil SA,0.17096298115549094,-0.19207002465281245,0.2331313379393058,-0.2535030621330037,0.279757605527167,-0.3004483954783578,0.3108417839190744,-0.3385448971950816,31.08417839190744,0.78
LOG.MC,LOG.MC,Cia de Distribucion Integral,0.15607435507262093,-0.14266271555996277,0.21282866600811945,-0.183766120033592,0.25539439920974333,-0.2151288629566228,0.2837715546774926,-0.24021754313573068,28.37715546774926,0.68
MAP.MC,MAP.MC,Mapfre,0.17771258192732467,-0.17291334247639972,0.24233533899180637,-0.22634997472711643,0.2908024067901676,-0.26715179560752994,0.3231137853224085,-0.30001063681699613,32.311378532240845,0.78
MRL.MC,MRL.MC,Merlin Properties SOCIMI SA,0.17591757463424057,-0.1796865360727833,0.2398876017739644,-0.2359450585310079,0.2878651221287573,-0.27891422769659663,0.3198501356986192,-0.3136157697029914,31.98501356986192,0.78
NTGY.MC,NTGY.MC,Naturgy Energy Group SA,0.17268625249181066,-0.17245204401217065,0.2354812533979236,-0.22574335936200152,0.28257750407750837,-0.2664393751741731,0.3139750045305648,-0.29925253794279116,31.39750045305648,0.78
RED.MC,RED.MC,Redeia Corporacion S.A.,0.1607999233245502,-0.14799172078461326,0.21927262271529568,-0.19125945041541786,0.26312714725835484,-0.22427757903301182,0.2923634969537276,-0.2507208986240594,29.23634969537276,0.68
REP.MC,REP.MC,Repsol S.A.,0.20024999383528352,-0.22712283702695546,0.27306817341175027,-0.3028085988809082,0.3276818080941003,-0.3606572170072039,0.3640908978823337,-0.4076920378920289,36.409089788233366,0.78
ROVI.MC,ROVI.MC,Laboratorios Farmaceuticos ROVI,0.21475526014930618,-0.21442241775746404,0.29284808202178114,-0.28471543926949205,0.3514176984261374,-0.3384096113328077,0.39046410936237486,-0.3818164815464053,39.046410936237486,0.78
SAB.MC,SAB.MC,Banco de Sabadell S.A,0.17954969389548292,-0.20519521940889898,0.24484049167565852,-0.2719867180280353,0.29380859001079024,-0.32303400476976873,0.326453988900878,-0.36451426701758216,32.645398890087804,0.78
SAN.MC,SAN.MC,Banco Santander S.A.,0.19687356047608362,-0.21873786181367197,0.26846394610375035,-0.2909811919115058,0.32215673532450045,-0.346192168561834,0.3579519281383338,-0.3910325889208539,35.79519281383338,0.78
SCYR.MC,SCYR.MC,Sacyr SA,0.18194780902964727,-0.19013819754137884,0.24811064867679172,-0.2506710413038079,0.29773277841215007,-0.29691317349093393,0.3308141982357223,-0.33432173951451466,33.081419823572226,0.78
TEF.MC,TEF.MC,Telefonica,0.20168603738687252,-0.20012176752599375,0.2750264146184625,-0.26461024660325105,0.330031697542155,-0.31386525880270744,0.36670188615795,-0.3536429011011443,36.670188615795,0.78
VID.MC,VID.MC,Vidrala SA,0.19028874022657616,-0.17407148714009588,0.25948464576351293,-0.22787334658332925,0.3113815749162155,-0.26894115314535516,0.3459795276846839,-0.3019153427818674,34.59795276846839,0.78
VIS.MC,VIS.MC,Viscofan,0.17879268423309852,-0.16849763605983523,0.24380820577240708,-0.22009538968653747,0.2925698469268885,-0.259484964394567,0.32507760769654276,-0.29114387518113266,32.507760769654276,0.78
A5G.IR,A5G.IR,AIB Group PLC,0.173032146488933,-0.19055851601743556,0.23595292703036316,-0.25134662865567775,0.2831435124364358,-0.2977947470618536,0.3146039027071509,-0.3354541617861424,31.460390270715088,0.78
BIRG.IR,BIRG.IR,Bank of Ireland Group PLC,0.17988405836990953,-0.19702518560001497,0.2452964432316948,-0.26042950139113963,0.29435573187803377,-0.3088773321228985,0.3270619243089264,-0.3481632565624693,32.70619243089264,0.78
GL9.IR,GL9.IR,Glanbia PLC,0.17878198656861696,-0.2090380673564906,0.243793618048114,-0.2774283148411446,0.2925523416577368,-0.329703235414395,0.32505815739748534,-0.37222508787982644,32.505815739748535,0.78
KRZ.IR,KRZ.IR,Kerry Group,0.18033245916166762,-0.1833695871954798,0.24590789885681946,-0.24111348673105304,0.29508947862818335,-0.2852174187618877,0.3278771984757593,-0.3208373848183959,32.78771984757593,0.78
RYA.IR,RYA.IR,Ryanair Holdings plc,0.20497088823519957,-0.24071993362194108,0.279505756684363,-0.32199481876386354,0.33540690802123563,-0.38412676791961714,0.37267434224581736,-0.43473172908345736,37.267434224581734,0.78
ACT.XETRA,ACT.XETRA,AlzChem Group AG,0.24860145069202716,-0.30594308276796794,0.33900197821640066,-0.41383707277375065,0.4068023738596808,-0.4963450967522526,0.45200263762186754,-0.5637501180587423,45.20026376218675,0.78
ADS.XETRA,ADS.XETRA,adidas AG,0.20961526979928716,-0.2362900051101588,0.2858390042717552,-0.3156876718164701,0.34300680512610626,-0.37637391327121644,0.38111867236234026,-0.42571987411779544,38.111867236234026,0.78
AFX.XETRA,AFX.XETRA,Carl Zeiss Meditec AG,0.2622480076159033,-0.3019079994244662,0.3576109194762317,-0.40800636635217463,0.4291331033714781,-0.48912108331135995,0.4768145593016423,-0.5552333367815028,47.681455930164226,0.78
AIR.XETRA,AIR.XETRA,Airbus SE,0.19389053760820735,-0.21614690261932926,0.26439618764755546,-0.2873441794085876,0.3172754251770666,-0.3417558742604709,0.3525282501967406,-0.38594829673511716,35.25282501967406,0.78
ALV.XETRA,ALV.XETRA,Allianz SE VNA O.N.,0.1581497458648485,-0.15765709101658207,0.215658744361157,-0.20495247502219743,0.25879049323338843,-0.24106413718592157,0.2875449924815427,-0.2701383721684964,28.754499248154268,0.68
AOF.XETRA,AOF.XETRA,ATOSS Software SE,0.2632418616742597,-0.2948482426181619,0.3589661750103541,-0.39801331458588285,0.43075941001242496,-0.47687610799874247,0.4786215666804722,-0.5410812970360753,47.86215666804722,0.78
AT1.XETRA,AT1.XETRA,Aroundtown SA,0.25089510478448174,-0.27087020088276603,0.3421296883424751,-0.36421564635239223,0.4105556260109701,-0.4355575781702912,0.45617291778996677,-0.4935292892453126,45.61729177899668,0.78
BAS.XETRA,BAS.XETRA,BASF SE,0.17576810141283178,-0.1921335446397504,0.2396837746538615,-0.2535491476460155,0.2876205295846338,-0.3004756534173798,0.3195783662051487,-0.33851467868780816,31.95783662051487,0.78
BC8.XETRA,BC8.XETRA,Bechtle AG,0.2595928212977604,-0.2975279447417117,0.35399021086058235,-0.4018362061553846,0.4247882530326988,-0.4815803381691042,0.47198694781410977,-0.5465601244227694,47.19869478141098,0.78
BEI.XETRA,BEI.XETRA,Beiersdorf Aktiengesellschaft,0.22277133459510795,-0.2284025476987016,0.3037790926296926,-0.30441335112986834,0.36453491115563114,-0.36248584029962605,0.4050387901729235,-0.40951439717429056,40.50387901729235,0.78
BMT.XETRA,BMT.XETRA,British American Tobacco p.l.c,0.19341465968898827,-0.18778609817859687,0.2637472632122567,-0.24724027747166977,0.31649671585470807,-0.2926417163997446,0.3516630176163423,-0.32924226204009954,35.16630176163423,0.78
BMW.XETRA,BMW.XETRA,Bayerische Motoren Werke Aktiengesellschaft,0.20692673417857563,-0.21060102940804298,0.2821728193344213,-0.2793824501231369,0.33860738320130557,-0.33192560866703097,0.3762304257792284,-0.3744299111520598,37.62304257792284,0.78
BNR.XETRA,BNR.XETRA,Brenntag SE,0.2022200963469554,-0.21826796900485337,0.27575467683675736,-0.2902679888231,0.3309056122041088,-0.3452862032620674,0.3676729024490098,-0.3899178257656245,36.76729024490098,0.78
BPE5.XETRA,BPE5.XETRA,BP PLC (Reg. Shares),0.20773121977069578,-0.217753317939761,0.2832698451418578,-0.28948998961371686,0.33992381417022943,-0.3442998795832534,0.37769312685581047,-0.3887081595961173,37.76931268558105,0.78
BSP.XETRA,BSP.XETRA,BAE Systems plc,0.21208119290631056,-0.23111898734943104,0.28920162669042343,-0.3083522988610271,0.3470419520285081,-0.36737497548562115,0.3856021689205646,-0.41529713565829185,38.56021689205646,0.78
CBK.XETRA,CBK.XETRA,Commerzbank AG,0.2099127357040874,-0.2557747004282039,0.2862446395964828,-0.3432404840953638,0.3434935675157793,-0.4101172720712971,0.381659519461977,-0.46467952950609215,38.1659519461977,0.78
CIS.XETRA,CIS.XETRA,Cisco Systems Inc,0.21229291780719425,-0.23739033946581845,0.2894903424643558,-0.31721940255700937,0.34738841095722695,-0.3782336292991278,0.3859871232858077,-0.42783291071249235,38.59871232858077,0.78
CON.XETRA,CON.XETRA,Continental Aktiengesellschaft,0.19951923417010844,-0.2259428262574131,0.2720716829592388,-0.30114646440670173,0.3264860195510865,-0.35862596477941255,0.3627622439456517,-0.40535593212380444,36.27622439456517,0.78
DB1.XETRA,DB1.XETRA,Deutsche Börse AG,0.17764867949941746,-0.17996153866650305,0.2422481993173874,-0.2363182111304702,0.2906978391808649,-0.279360730146163,0.3229975990898499,-0.3141091205493888,32.29975990898499,0.78
DBK.XETRA,DBK.XETRA,Deutsche Bank Aktiengesellschaft,0.2045033667055325,-0.2283413623286789,0.27886822732572614,-0.30449313162540753,0.3346418727908714,-0.36269450596085073,0.3718243031009682,-0.4099898872015404,37.18243031009682,0.78
DEZ.XETRA,DEZ.XETRA,Deutz AG,0.25139334719666045,-0.3055324753855603,0.3428091098136279,-0.41323096910995294,0.4113709317763535,-0.49558581714177086,0.45707881308483717,-0.5628375321355935,45.707881308483714,0.78
DHL.XETRA,DHL.XETRA,Deutsche Post AG,0.17731849527223534,-0.19904380082233156,0.24179794809850272,-0.2633076110347917,0.2901575377182033,-0.31241786471444843,0.32239726413133696,-0.35228445089029903,32.239726413133695,0.78
DRW3.XETRA,DRW3.XETRA,Drägerwerk AG & Co. KGaA (pref),0.21160011188472067,-0.2526752991218891,0.2885456071155281,-0.33884190703585887,0.34625472853863376,-0.40471988869008746,0.3847274761540375,-0.4584255036730055,38.472747615403755,0.78
DTE.XETRA,DTE.XETRA,Deutsche Telekom AG,0.18318634207412404,-0.194281514796648,0.2497995573738055,-0.25651930128367617,0.2997594688485666,-0.3040682773787123,0.3330660764984073,-0.3425678402163247,33.30660764984073,0.78
DUE.XETRA,DUE.XETRA,Dürr Aktiengesellschaft,0.22544437373619172,-0.2520382227490609,0.3074241460038978,-0.33781490827219324,0.36890897520467736,-0.4033779907583287,0.4098988613385304,-0.4566982659940282,40.989886133853034,0.78
ELG.XETRA,ELG.XETRA,Elmos Semiconductor SE,0.2494806476541248,-0.3107579926494994,0.34020088316471564,-0.42063837951231,0.40824105979765873,-0.5046696222842881,0.45360117755295415,-0.5733511641030455,45.36011775529541,0.78
EOAN.XETRA,EOAN.XETRA,E.ON SE,0.16108878562632278,-0.17260949545460189,0.21966652585407653,-0.22607161145687268,0.2635998310248918,-0.2669118402557399,0.2928887011387687,-0.29994699428870597,29.288870113876868,0.68
EVD.XETRA,EVD.XETRA,CTS Eventim AG & Co. KGaA,0.2625049137049537,-0.3008635808450657,0.35796124596130047,-0.406526996586134,0.42955349515356056,-0.4873076723964226,0.47728166128173394,-0.5531360917870601,47.72816612817339,0.78
EVK.XETRA,EVK.XETRA,Evonik Industries AG,0.1913616513927678,-0.20240522348497547,0.26094770644468335,-0.2679335331235312,0.31313724773362006,-0.317998144572747,0.3479302752595778,-0.35854770201527847,34.79302752595778,0.78
FIE.XETRA,FIE.XETRA,Fielmann Aktiengesellschaft,0.19551106162853607,-0.19042252753646632,0.2666059931298219,-0.2509496662010522,0.31992719175578627,-0.2971720382193059,0.3554746575064292,-0.3344465112378169,35.54746575064292,0.78
FME.XETRA,FME.XETRA,Fresenius Medical Care AG & Co. KGaA,0.21795708539691577,-0.21313929005032897,0.2972142073594306,-0.28287167358046855,0.3566570488313167,-0.3361320217033358,0.3962856098125741,-0.3791454391240316,39.62856098125741,0.78
FNTN.XETRA,FNTN.XETRA,freenet AG,0.20398025372243653,-0.19770979224487845,0.27815489143968614,-0.26117831214219034,0.33378586972762336,-0.3096480801963847,0.3708731885862482,-0.34874386709520444,37.08731885862482,0.78
FPE3.XETRA,FPE3.XETRA,Fuchs Petrolub SE Preference Shares,0.18889320730781747,-0.1842533204043944,0.25758164632884195,-0.2422853380617614,0.3090979755946104,-0.2866006419008327,0.34344219510512264,-0.3223246812968966,34.34421951051226,0.78
FRA.XETRA,FRA.XETRA,Fraport AG,0.2135573842372768,-0.23313897311841694,0.2912146148690138,-0.3111955510393101,0.3494575378428165,-0.37084826800499965,0.38828615315868503,-0.41928879547997755,38.828615315868504,0.78
FRE.XETRA,FRE.XETRA,Fresenius SE & Co. KGaA,0.18155264833302412,-0.18449961952525407,0.2475717931813965,-0.24270048530270094,0.29708615181767584,-0.28715367601022657,0.330095724241862,-0.32305751601415467,33.0095724241862,0.78
G1A.XETRA,G1A.XETRA,GEA GROUP,0.1711609688891816,-0.17904343038427548,0.23340132121252033,-0.23507887338721534,0.28008158545502443,-0.2778822622761556,0.3112017616166938,-0.3124852290594504,31.120176161669377,0.78
G24.XETRA,G24.XETRA,Scout24 AG,0.21530183686870552,-0.22518818744156155,0.29359341391187116,-0.2999355607886427,0.3523120966942454,-0.35704705733982667,0.3914578852158282,-0.40333013294923814,39.14578852158282,0.78
GBF.XETRA,GBF.XETRA,Bilfinger SE,0.2279314247512861,-0.25856433468622336,0.3108155792062992,-0.34702158243007075,0.3729786950475591,-0.414638712011646,0.41442077227506563,-0.46966909547149555,41.442077227506566,0.78
HBC1.XETRA,HBC1.XETRA,HSBC Holdings plc,0.1936138316216717,-0.19829086336267548,0.2640188613022796,-0.26209444562402245,0.3168226335627355,-0.3108330729443614,0.35202514840303945,-0.3502452740540962,35.20251484030395,0.78
HEI.XETRA,HEI.XETRA,Heidelberg Materials AG,0.232100014789845,-0.25968253456075746,0.3165000201679704,-0.348565005448851,0.3798000242015645,-0.41650369250138936,0.4220000268906272,-0.4717690686374836,42.20000268906272,0.78
HEN3.XETRA,HEN3.XETRA,Henkel AG & Co. KGaA vz. (Pref Shares),0.1755334508592467,-0.16434326706789137,0.2393637966262455,-0.2142498964359624,0.2872365559514946,-0.252345522255063,0.319151728834994,-0.28294180301675287,31.915172883499398,0.78
HLAG.XETRA,HLAG.XETRA,Hapag Lloyd AG,0.24448281489445506,-0.26319602119794827,0.3333856566742569,-0.35342109418085743,0.40006278800910827,-0.4223759523482684,0.44451420889900917,-0.4783907866357144,44.451420889900916,0.78
HNR1.XETRA,HNR1.XETRA,Hannover Rück SE,0.16600598098834649,-0.16708411442547452,0.22637179225683607,-0.2182127770341323,0.2716461507082033,-0.25725690732951206,0.3018290563424481,-0.288735305836785,30.18290563424481,0.78
HOT.XETRA,HOT.XETRA,HOCHTIEF Aktiengesellschaft,0.23106292901014674,-0.29024243563925284,0.31508581228656374,-0.391792673539685,0.3781029747438765,-0.4694528562884426,0.42011441638208497,-0.5329228117836281,42.011441638208495,0.78
IBM.XETRA,IBM.XETRA,International Business Machines,0.26257643026784633,-0.31789270169278394,0.35805876854706314,-0.4306091591649329,0.4296705222564758,-0.5168017431337335,0.4774116913960842,-0.5871919929404384,47.74116913960842,0.78
JEN.XETRA,JEN.XETRA,Jenoptik AG,0.24398233338672343,-0.31322516617208035,0.33270318189098647,-0.4241775458486873,0.39924381826918376,-0.5090375934414431,0.4436042425213153,-0.578465455978777,44.36042425213153,0.78
JUN3.XETRA,JUN3.XETRA,Jungheinrich AG O.N.VZO,0.23733201009422406,-0.24989318882023226,0.32363455921939643,-0.3346731483959071,0.38836147106327573,-0.3994579340364635,0.4315127456258619,-0.452019148219199,43.15127456258619,0.78
KGX.XETRA,KGX.XETRA,Kion Group AG,0.25002984748439905,-0.2816593208973402,0.34094979202418046,-0.37948164341535046,0.40913975042901657,-0.45425978512870563,0.4545997226989073,-0.5151358467861,45.45997226989073,0.78
KRN.XETRA,KRN.XETRA,Krones AG,0.19698116631745013,-0.20221217041773876,0.2686106813419774,-0.2676093553794203,0.3223328176103729,-0.317566978064132,0.35814757512263656,-0.35797768448327,35.814757512263654,0.78
KTN.XETRA,KTN.XETRA,Kontron AG,0.24704984587042175,-0.26881449658333734,0.336886153459666,-0.36134344828828374,0.40426338415159924,-0.43206322342898984,0.44918153794622134,-0.4895437254836426,44.918153794622135,0.78
LEG.XETRA,LEG.XETRA,LEG Immobilien SE,0.21229992156323407,-0.2068272104544958,0.2894998930407737,-0.2739965472391732,0.34739987164892844,-0.32529661638270596,0.38599985738769826,-0.366706423476013,38.599985738769824,0.78
LHA.XETRA,LHA.XETRA,Deutsche Lufthansa AG,0.2273232638649765,-0.2656652729342128,0.30998626890678616,-0.35706936223927327,0.3719835226881434,-0.4269483726136456,0.41331502520904817,-0.4838908754146628,41.33150252090482,0.78
MBG.XETRA,MBG.XETRA,Mercedes-Benz Group AG,0.18877725218375804,-0.19255232082101037,0.25742352570512456,-0.25402295264844343,0.3089082308461495,-0.30097692944965226,0.34323136760683276,-0.3389264770250977,34.323136760683276,0.78
MOH.XETRA,MOH.XETRA,LVMH Moët Hennessy - Louis Vuitton Société Européenne,0.2223988268023223,-0.22598242775549957,0.30327112745771223,-0.3009941759557424,0.3639253529492547,-0.3583004855566392,0.40436150327694964,-0.404686348452014,40.43615032769496,0.78
MRK.XETRA,MRK.XETRA,Merck KGaA,0.1918720710726914,-0.21506126604565365,0.2616437332809428,-0.2858272333512471,0.3139724799371314,-0.3399102619998418,0.3488583110412571,-0.3838430824925646,34.88583110412571,0.78
MUV2.XETRA,MUV2.XETRA,Münchener Rück AG,0.1745794031958477,-0.17448571316083608,0.2380628225397923,-0.22860216680673248,0.28567538704775075,-0.26992918642305075,0.31741709671972307,-0.30325791858071716,31.741709671972306,0.78
NEM.XETRA,NEM.XETRA,Nemetschek AG O.N.,0.2600120302509555,-0.302181702361893,0.3545618594331211,-0.40841379686322543,0.4254742313197453,-0.4896336624879716,0.4727491459108281,-0.5558539200973911,47.27491459108281,0.78
NKE.XETRA,NKE.XETRA,Nike Inc,0.23679698788396158,-0.24049191373621095,0.3229049834781294,-0.32138260845492217,0.3874859801737553,-0.38318366299213696,0.4305399779708392,-0.4332341078689468,43.05399779708392,0.78
NNGF.XETRA,NNGF.XETRA,National Grid PLC,0.17811751216979266,-0.1797754612032483,0.2428875165951718,-0.23605078965451748,0.29146501991420615,-0.27903035949670285,0.32385002212689573,-0.31372162200821246,32.38500221268957,0.78
NOA3.XETRA,NOA3.XETRA,Nokia Corporation,0.26159902292351594,-0.34768008545798923,0.356725940350249,-0.4727437794878886,0.4280711284202988,-0.5684118398015223,0.47563458713366535,-0.6467987483475726,47.563458713366536,0.78
NOV.XETRA,NOV.XETRA,Novo Nordisk A/S,0.2648729622010751,-0.3513965622055265,0.36119040300146604,-0.4779698657065513,0.43342848360175923,-0.5747925770355351,0.4815872040019547,-0.654124554739018,48.15872040019547,0.78
ORC.XETRA,ORC.XETRA,Oracle Corporation,0.27069136822108264,-0.4261161009631401,0.369124593028749,-0.5835862806298617,0.4429495116344988,-0.7041104000554977,0.492166124038332,-0.8033732116935903,49.216612403833196,0.78
PAH3.XETRA,PAH3.XETRA,Porsche Automobil Holding SE,0.18906230924624384,-0.1850511019572354,0.2578122398812416,-0.2434120320671778,0.3093746878574899,-0.2879795275241905,0.3437496531749888,-0.32391471015732093,34.37496531749888,0.78
PUM.XETRA,PUM.XETRA,PUMA SE,0.24897049470467242,-0.3605051935612218,0.339505220051826,-0.4909961901110469,0.4074062640621912,-0.5908430885143987,0.452673626735768,-0.6728622618411998,45.2673626735768,0.78
R6C0.XETRA,R6C0.XETRA,Shell PLC,0.18503260439356659,-0.17952157002042216,0.252317187809409,-0.23562877902153456,0.30278062537129075,-0.27847150365802126,0.33642291707921196,-0.3129875275334185,33.642291707921196,0.78
RAA.XETRA,RAA.XETRA,RATIONAL Aktiengesellschaft,0.20292510810710992,-0.22436334385040838,0.27671605650969533,-0.2988817322438488,0.3320592678116344,-0.3558315592811667,0.3689547420129271,-0.402085502344584,36.895474201292714,0.78
RIO1.XETRA,RIO1.XETRA,Rio Tinto Group,0.19475935566601074,-0.20083716415529718,0.2655809395445601,-0.26568503000732474,0.3186971274534721,-0.315223665136572,0.3541079193927468,-0.3553003857615249,35.410791939274674,0.78
RRTL.XETRA,RRTL.XETRA,RTL Group SA,0.18522674377266388,-0.18491334759007838,0.2525819233263598,-0.24325213656116876,0.3030983079916318,-0.28780699255513514,0.33677589776847977,-0.32376472902032416,33.677589776847974,0.78
RWE.XETRA,RWE.XETRA,RWE AG,0.1659746359533345,-0.19182602622096975,0.2263290490272743,-0.2532034096162923,0.27159485883272916,-0.3001116955128892,0.3017720653696991,-0.33822015526528487,30.17720653696991,0.78
SAP.XETRA,SAP.XETRA,SAP SE,0.2341983799141234,-0.2761847994624054,0.31936142715562277,-0.3718836289852506,0.3832337125867474,-0.4450503121588826,0.42581523620749706,-0.5047049246730757,42.58152362074971,0.78
SAX.XETRA,SAX.XETRA,Ströer SE & Co. KGaA,0.2435708988496296,-0.24635407347571153,0.3321421347949494,-0.329611285283917,0.39857056175393935,-0.3932205497549425,0.44285617972659924,-0.4447367357163442,44.28561797265992,0.78
SHA0.XETRA,SHA0.XETRA,Schaeffler AG,0.2640626266102547,-0.3412981676484535,0.36008539992307453,-0.4636959563765036,0.43210247990768946,-0.5573156015574818,0.4801138665640994,-0.6339542856987532,48.01138665640994,0.78
SIE.XETRA,SIE.XETRA,Siemens Aktiengesellschaft,0.2052758226549247,-0.233013784107344,0.27992157634762455,-0.31109390151547084,0.33590589161714945,-0.3707740733334479,0.3732287684634994,-0.41930945038234496,37.32287684634994,0.78
SIX2.XETRA,SIX2.XETRA,Sixt SE,0.22739030912285704,-0.2251342686115288,0.3100776942584414,-0.2997492558564912,0.37209323311012965,-0.3567454590781706,0.41343692567792184,-0.40282667256085497,41.34369256779218,0.78
SY1.XETRA,SY1.XETRA,Symrise AG,0.18874256990157762,-0.20024791961991217,0.25737623168396945,-0.26490648858431454,0.30885147802076335,-0.3143066949209213,0.34316830891195926,-0.35431880967940904,34.31683089119593,0.78
TEG.XETRA,TEG.XETRA,TAG Immobilien AG,0.21489731439684565,-0.22998786131536209,0.293041792359335,-0.3067270074063607,0.35165015083120194,-0.36536730371899395,0.3907223898124466,-0.4129427196141001,39.07223898124466,0.78
TKA.XETRA,TKA.XETRA,thyssenkrupp AG,0.25933347756790387,-0.34835335468929074,0.35363656031986884,-0.47371655125470924,0.42436387238384266,-0.5696169973700461,0.47151541375982514,-0.6482194319309047,47.15154137598251,0.78
TLX.XETRA,TLX.XETRA,Talanx AG,0.1767890827822252,-0.17921187838640018,0.2410760219757616,-0.23526585707409609,0.2892912263709139,-0.2780770858806927,0.32143469596768215,-0.312637932245382,32.14346959676821,0.78
TUI1.XETRA,TUI1.XETRA,TUI AG,0.2288036409058208,-0.2655330574724948,0.3120049648715738,-0.3568689041418722,0.3744059578458886,-0.4266938711599598,0.4160066198287651,-0.4835779957880718,41.60066198287651,0.78
UTDI.XETRA,UTDI.XETRA,United Internet AG NA,0.20954615970896948,-0.23384202144900007,0.2857447632395038,-0.3122263292934508,0.3428937158874046,-0.372135071524819,0.38099301765267174,-0.420826168580252,38.09930176526717,0.78
VNA.XETRA,VNA.XETRA,Vonovia SE,0.199643222303763,-0.21367523988926612,0.27224075768694955,-0.28379634861223907,0.32668890922433946,-0.3373757463702636,0.3629876769159327,-0.3808167015940454,36.29876769159327,0.78
VODI.XETRA,VODI.XETRA,Vodafone Group PLC,0.19625223765529684,-0.20955937479167552,0.2676166877117684,-0.27800650754113454,0.3211400252541221,-0.3303052641752874,0.35682225028235787,-0.3726959490782686,35.682225028235784,0.78
VOW3.XETRA,VOW3.XETRA,Volkswagen AG VZO O.N.,0.19419228860398635,-0.20732633005306925,0.2648076662781632,-0.27486725894787173,0.31776919953379584,-0.3264729971580054,0.35307688837088425,-0.36829727611546254,35.30768883708843,0.78
WCH.XETRA,WCH.XETRA,Wacker Chemie AG,0.23404095879101341,-0.28744002093459076,0.31914676198774555,-0.3878023489842253,0.38297611438529466,-0.4645476389719004,0.4255290159836607,-0.5272205195814755,42.55290159836607,0.78
013A.F,013A.F,JD.com Inc Adr,0.22893408833125029,-0.2599030015838578,0.31218284772443217,-0.34890561516747826,0.37461941726931863,-0.4169400815252647,0.4162437969659096,-0.47231361482232914,41.62437969659096,0.78
3IN.LSE,3IN.LSE,3I Infrastructure PLC,0.16131039244100145,-0.14299083646657376,0.21996871696500198,-0.18418248473135618,0.26396246035800236,-0.21560700114915962,0.29329162262000263,-0.24070242372598746,29.329162262000263,0.68
ABDN.LSE,ABDN.LSE,Abrdn PLC,0.20266679179880237,-0.21783757228405515,0.2763638069983669,-0.28965524927451053,0.33163656839804023,-0.3445330405298819,0.3684850759978225,-0.38904241320014943,36.84850759978225,0.78
ABF.LSE,ABF.LSE,Associated British Foods PLC,0.20831907129862556,-0.2079471042538264,0.2840714608617621,-0.2756165574844995,0.3408857530341145,-0.3273048942763741,0.3787619478156828,-0.36907649344697047,37.87619478156828,0.78
ADM.LSE,ADM.LSE,Admiral Group PLC,0.18884204068228772,-0.19087543160532142,0.25751187365766504,-0.25165088334928104,0.30901424838919805,-0.29807135623234754,0.3433491648768867,-0.33557057824285885,34.33491648768867,0.78
AIBG.LSE,AIBG.LSE,AIB Group PLC,0.20208382394418997,-0.23335614117648304,0.2755688508329863,-0.31160712714939043,0.33068262099958357,-0.3714220311704089,0.3674251344439817,-0.42009862993297437,36.74251344439817,0.78
ANTO.LSE,ANTO.LSE,Antofagasta PLC,0.2556260985786223,-0.3208439756150357,0.3485810435163031,-0.43484616586734315,0.4182972522195637,-0.522033209878217,0.46477472468840414,-0.5933220061856801,46.47747246884041,0.78
ASHM.LSE,ASHM.LSE,Ashmore Group Plc,0.2332406652641443,-0.267068084275526,0.318055452632924,-0.35899936565802637,0.3816665431595089,-0.4292761936380949,0.4240739368438987,-0.48650283768786173,42.407393684389874,0.78
AUTO.LSE,AUTO.LSE,Auto Trader Group plc,0.21577142785177025,-0.21093958955619146,0.29423376525241396,-0.2797807253069861,0.3530805183028968,-0.33235967377584447,0.3923116870032186,-0.37481756874632494,39.23116870032186,0.78
AV.LSE,AV.LSE,Aviva PLC,0.17342353794413298,-0.17256414754129992,0.2364866426510904,-0.2258951855233734,0.2837839711813085,-0.2666208454056581,0.3153155235347872,-0.2994526156589737,31.53155235347872,0.78
AZN.LSE,AZN.LSE,AstraZeneca PLC,0.1728911650174566,-0.19497437118886218,0.235760679569259,-0.2575928744092068,0.2829128154831108,-0.3054456607989058,0.314347572759012,-0.3442904860680621,31.434757275901198,0.78
BA.LSE,BA.LSE,BAE Systems plc,0.1937222939110044,-0.22174369757577045,0.2641667644240969,-0.29526077441489174,0.3170001173089163,-0.3514527052619948,0.3522223525654625,-0.39714739280536254,35.222235256546256,0.78
BATS.LSE,BATS.LSE,British American Tobacco PLC,0.16644693289549303,-0.185185905529266,0.22697309031203594,-0.24380856113615545,0.27236770837444313,-0.2886025344099634,0.30263078708271457,-0.3249244568910431,30.263078708271458,0.78
BBY.LSE,BBY.LSE,Balfour Beatty plc,0.17035533875227607,-0.17916867935576272,0.23230273466219464,-0.23526333655416357,0.27876328159463354,-0.2781130757827581,0.30973697954959284,-0.3127620930796328,30.973697954959285,0.78
BEZ.LSE,BEZ.LSE,Beazley plc,0.22739726627445137,-0.31045369327315253,0.3100871812833428,-0.42040908000964605,0.37210461754001134,-0.50452291763682,0.413449575044457,-0.5734652941955048,41.3449575044457,0.78
BGEO.LSE,BGEO.LSE,Lion Finance Group PLC,0.20160336660200542,-0.22448610633500174,0.2749136817300074,-0.29906737761141217,0.3298964180760089,-0.35606695540876965,0.36655157564000984,-0.40237428430848327,36.65515756400099,0.78
BHP.LSE,BHP.LSE,BHP Group Limited,0.19437337623031786,-0.21715565206859863,0.26505460395043345,-0.28876637084829,0.31806552474052013,-0.3434947632955708,0.3534061386005779,-0.3879499936423868,35.34061386005779,0.78
BKG.LSE,BKG.LSE,The Berkeley Group Holdings plc,0.2052176984031275,-0.21534836391729262,0.27984231600426474,-0.28611175385481097,0.3358107792051177,-0.3401776691413678,0.37312308800568633,-0.38398051225048285,37.31230880056863,0.78
BLND.LSE,BLND.LSE,British Land Company PLC,0.17834791212552076,-0.1906583366937304,0.24320169835298283,-0.25143940223359196,0.2918420380235794,-0.29787608444106217,0.3242689311373104,-0.3354798326269891,32.42689311373104,0.78
BNC.LSE,BNC.LSE,Banco Santander S.A.,0.19161770927445354,-0.22390816210046627,0.26129687628334575,-0.29834094942016776,0.3135562515400149,-0.3552379165050264,0.348395835044461,-0.4015451991701322,34.8395835044461,0.78
BNZL.LSE,BNZL.LSE,Bunzl PLC,0.1671680627989539,-0.17238112230851652,0.22795644927130077,-0.22569329795064447,0.2735477391255609,-0.2664115787732238,0.30394193236173433,-0.2992912898345218,30.394193236173432,0.78
BOY.LSE,BOY.LSE,Bodycote PLC,0.2227150223567622,-0.2585571149434616,0.3037023032137666,-0.347058861755648,0.3644427638565199,-0.414716052752385,0.40493640428502214,-0.4698253746097928,40.49364042850222,0.78
BREE.LSE,BREE.LSE,Breedon Group PLC,0.21278521021260058,-0.21897254500345598,0.29016165028990987,-0.29116822606058773,0.34819398034789184,-0.346324594434773,0.38688220038654647,-0.39098121039995404,38.68822003865465,0.78
BT-A.LSE,BT-A.LSE,BT Group Plc,0.18804155776927287,-0.19562134606507756,0.25642030604900845,-0.25836990745713856,0.3077043672588101,-0.3063053084752189,0.3418937413986779,-0.3450886047849789,34.18937413986779,0.78
BTRW.LSE,BTRW.LSE,Barratt Redrow plc,0.21997901728317482,-0.22751247194881302,0.29997138720432925,-0.30318001489860835,0.35996566464519514,-0.3609922778882775,0.39996184960577236,-0.4078256306047221,39.99618496057724,0.78
BVA.LSE,BVA.LSE,Banco Bilbao Vizcaya Argentaria S.A,0.24539328778590186,-0.3324053555427361,0.33462721061713885,-0.4512895846037629,0.4015526527405667,-0.5422343540878831,0.44616961415618517,-0.6167796580306608,44.61696141561852,0.78
BWY.LSE,BWY.LSE,Bellway PLC,0.2504028101536306,-0.26036193998140317,0.3414583774822235,-0.34935920306773866,0.40975005297866823,-0.41736521552045386,0.4552778366429647,-0.4725288789032329,45.527783664296464,0.78
BYG.LSE,BYG.LSE,Big Yellow Group PLC,0.20920598967714082,-0.21723244508906697,0.2852808950142829,-0.2887399380124766,0.3423370740171395,-0.34337230036067334,0.38037452668571053,-0.3876181486977911,38.037452668571056,0.78
CCC.LSE,CCC.LSE,Computacenter PLC,0.20414297196969927,-0.23693480290337826,0.2783767799586808,-0.3166493728297066,0.334052135950417,-0.3775849889755559,0.37116903994490774,-0.42718856308774816,37.11690399449078,0.78
CCH.LSE,CCH.LSE,Coca Cola HBC AG,0.1801433405833497,-0.1851121754773308,0.2456500098863859,-0.2435796004287048,0.2947800118636631,-0.28823892752264846,0.32753334651518123,-0.3243287507173883,32.753334651518124,0.78
CHG.LSE,CHG.LSE,Chemring Group PLC,0.20602742201426055,-0.23049706465655923,0.28094648456490073,-0.30752788025325273,0.33713578147788087,-0.36640204206130844,0.37459531275320096,-0.4142514136835608,37.459531275320096,0.78
CKN.LSE,CKN.LSE,Clarkson,0.17864342244316142,-0.17765040994352252,0.24360466696794736,-0.23304072550996074,0.2923256003615369,-0.2753406046302236,0.32480622262392983,-0.3094543078798143,32.480622262392984,0.78
CMCX.LSE,CMCX.LSE,CMC Markets PLC,0.22461245464813484,-0.36506506976168895,0.30628971088382023,-0.4976665819343898,0.3675476530605843,-0.5991605611206726,0.40838628117842696,-0.6827791864621663,40.838628117842696,0.78
CNA.LSE,CNA.LSE,Centrica PLC,0.1984317193791387,-0.2053378101576277,0.27058870824428,-0.27201647180677735,0.324706449893136,-0.322955761022328,0.3607849443257067,-0.36418149131739264,36.078494432570665,0.78
COA.LSE,COA.LSE,Coats Group PLC,0.19615365660212153,-0.20720892285000525,0.26748225900289296,-0.27468336399915155,0.32097871080347157,-0.32623585992114584,0.3566430120038573,-0.36799827148394104,35.66430120038573,0.78
CPG.LSE,CPG.LSE,Compass Group PLC,0.21978007682481296,-0.31167739380422577,0.29970010476110853,-0.4222089999958027,0.35964012571333026,-0.5067736252458624,0.39960013968147806,-0.576161985094185,39.960013968147805,0.78
CSN.LSE,CSN.LSE,Chesnara,0.1739592836081484,-0.16050698263467808,0.23721720492020237,-0.208838902015974,0.28466064590424284,-0.24572799567447912,0.31628960656026983,-0.2753207523512713,31.628960656026983,0.78
CURY.LSE,CURY.LSE,Currys PLC,0.2254482292996487,-0.25540536579722967,0.30742940359043003,-0.3425767325367159,0.368915284308516,-0.40920998718707646,0.40990587145390667,-0.4634324259082889,40.99058714539067,0.78
CWK.LSE,CWK.LSE,Cranswick PLC,0.15610053124493226,-0.15139636176779617,0.21286436078854395,-0.1961171226445339,0.25543723294625276,-0.23025553107362284,0.2838191477180586,-0.2576839788766673,28.38191477180586,0.68
DCC.LSE,DCC.LSE,DCC plc,0.17744213391636407,-0.19114552622877412,0.24196654624958736,-0.25213663839190636,0.2903598554995048,-0.298735522312497,0.32262206166611646,-0.3364838553475581,32.26220616661165,0.78
DLN.LSE,DLN.LSE,Derwent London PLC,0.1891488809570755,-0.19450751261159635,0.25793029221419383,-0.2567846281261123,0.3095163506570326,-0.3043570201503985,0.34390705628559176,-0.34282469821005207,34.390705628559175,0.78
DNLM.LSE,DNLM.LSE,Dunelm Group PLC,0.2383281759554703,-0.24003676287983763,0.32499296721200494,-0.320724988164302,0.38999156065440593,-0.38236894587386366,0.43332395628267323,-0.43227369454658715,43.33239562826732,0.78
DOM.LSE,DOM.LSE,Domino’s Pizza Group PLC,0.22389195487663677,-0.23488983175910788,0.3053072111954137,-0.3135775542208179,0.3663686534344965,-0.37370284467812914,0.407076281593885,-0.42245229044952576,40.7076281593885,0.78
DRX.LSE,DRX.LSE,Drax Group PLC,0.18437840477044962,-0.18736845764428572,0.25142509741424945,-0.2467319096868033,0.30171011689709937,-0.29207397943587754,0.3352334632189993,-0.3287027129506294,33.52334632189993,0.78
DSCV.LSE,DSCV.LSE,Discoverie Group PLC,0.2112577718288919,-0.23079108023823586,0.2880787797666708,-0.30789606451684215,0.3456945357200049,-0.3668212060589176,0.38410503968889437,-0.4146682697620716,38.41050396888944,0.78
ELM.LSE,ELM.LSE,Elementis PLC,0.18654687674032552,-0.187706268942097,0.25438210464589844,-0.24718990546289132,0.3052585255750781,-0.2926217366763031,0.3391761395278646,-0.32930736737269245,33.91761395278646,0.78
EMG.LSE,EMG.LSE,Man Group PLC,0.2058065303037814,-0.21675518862458587,0.28064526859606553,-0.2880959437714955,0.33677432231527865,-0.34260421915314293,0.37419369146142073,-0.3867748908028661,37.419369146142074,0.78
ENT.LSE,ENT.LSE,Entain PLC,0.24295069613361203,-0.26304398842537674,0.33129640381856185,-0.35322003562147164,0.39755568458227425,-0.4221390126015906,0.44172853842474913,-0.47813686315910797,44.172853842474915,0.78
EXPN.LSE,EXPN.LSE,Experian PLC,0.21214768686598307,-0.22121183255205837,0.28929230027179503,-0.29434086082797467,0.34715076032615405,-0.35021413474671936,0.38572306702906006,-0.3954806498975936,38.572306702906005,0.78
EZJ.LSE,EZJ.LSE,EasyJet PLC,0.23388685989571137,-0.27676429336625286,0.3189366271305155,-0.372705993169163,0.3827239525566186,-0.44605939056750327,0.42524883617402065,-0.5058741076813733,42.52488361740207,0.78
FAN.LSE,FAN.LSE,Volution Group plc,0.1917318182167738,-0.19537736890489274,0.26145247938650973,-0.25799127590180815,0.3137429752638117,-0.3058191677329108,0.3486033058486796,-0.34447987830450927,34.86033058486796,0.78
FEVR.LSE,FEVR.LSE,Fevertree Drinks Plc,0.21112697520487347,-0.23282857453990613,0.28790042073391836,-0.3107787073503546,0.34548050488070203,-0.37035250251015456,0.38386722764522446,-0.4187475389821982,38.386722764522446,0.78
FGP.LSE,FGP.LSE,FirstGroup PLC,0.19846166244703806,-0.19587788240769893,0.2706295397005064,-0.2586378410851893,0.3247554476406077,-0.30657016979337703,0.3608393862673419,-0.3452606558625857,36.08393862673419,0.78
FOUR.LSE,FOUR.LSE,4Imprint Group Plc,0.21838600874098066,-0.253440549081249,0.29779910282860994,-0.3398623558092881,0.35735892339433195,-0.4059284623108209,0.3970654704381466,-0.4597339196946113,39.70654704381466,0.78
FRES.LSE,FRES.LSE,Fresnillo PLC,0.2575293861752278,-0.35819661071400377,0.35117643569349244,-0.4876534416827723,0.4214117228321909,-0.5866970900291105,0.46823524759132323,-0.6679649869713638,46.823524759132326,0.78
GAMA.LSE,GAMA.LSE,Gamma Communications PLC,0.221566223480976,-0.2413085750576256,0.30213575929223996,-0.3226762012631943,0.36256291115068795,-0.3848604918703862,0.40284767905631996,-0.4353658918922374,40.284767905631995,0.78
GAW.LSE,GAW.LSE,Games Workshop Group PLC,0.1872854675482087,-0.20295964550959777,0.2553892739293755,-0.26875471342290125,0.3064671287152506,-0.31902863861847974,0.340519031905834,-0.35978994844489054,34.0519031905834,0.78
GDWN.LSE,GDWN.LSE,Goodwin PLC,0.2804967921895156,-0.4841271934969972,0.3824956257129758,-0.6655370869015081,0.458994750855571,-0.8044196741359565,0.5099941676173011,-0.919074491976883,50.99941676173011,0.78
GEN.LSE,GEN.LSE,Genuit Group plc,0.24296798944383208,-0.25564832305523044,0.3313199856052255,-0.34276082791574386,0.39758398272627066,-0.4093290465700911,0.4417599808069674,-0.4633449664559355,44.175998080696736,0.78
GLB.LSE,GLB.LSE,Glanbia plc,0.24690556978619607,-0.32737966646989464,0.33668941334481284,-0.44416841929897083,0.4040272960137754,-0.5335035581930769,0.44891921779308375,-0.6066787870195138,44.891921779308376,0.78
GNC.LSE,GNC.LSE,Greencore Group,0.2174427137205299,-0.22889558797812484,0.2965127914370862,-0.30515912658887884,0.35581534972450346,-0.3634315896321895,0.3953503885827816,-0.4106748689617596,39.535038858278156,0.78
GNS.LSE,GNS.LSE,Genus PLC,0.23710571112887371,-0.2620919581932309,0.32332596972119143,-0.35192687368965736,0.3879911636654297,-0.42059072008372367,0.43110129296158856,-0.47642409311315315,43.11012929615885,0.78
GPE.LSE,GPE.LSE,GREAT PORTLAND ESTATES PLC,0.1966163256988428,-0.1973094186966321,0.2681131714075129,-0.26067913887344873,0.32173580568901544,-0.3090814468882919,0.3574842285433505,-0.3481841212794839,35.74842285433505,0.78
GRG.LSE,GRG.LSE,Greggs PLC,0.2074762473005892,-0.24843920025796776,0.28292215540989435,-0.3328887018043024,0.3395065864918732,-0.3974537784004589,0.3772295405465258,-0.450088268786098,37.72295405465258,0.78
GRI.LSE,GRI.LSE,Grainger PLC,0.1920236837010305,-0.18975892342641976,0.2618504777741325,-0.2500429369937495,0.314220573328959,-0.2960827077037789,0.34913397036550997,-0.33323343538626027,34.913397036551,0.78
GSK.LSE,GSK.LSE,GSK plc,0.17062393734097317,-0.18832067974790723,0.2326690054649634,-0.24820377433802202,0.2792028065579561,-0.2939601791937971,0.3102253406199512,-0.3310573033646553,31.02253406199512,0.78
HIK.LSE,HIK.LSE,Hikma Pharmaceuticals PLC,0.24850640351007616,-0.24978503922726,0.3388723684228311,-0.33441847126178054,0.4066468421073973,-0.39907814914935613,0.4518298245637748,-0.45143714161237203,45.18298245637748,0.78
HILS.LSE,HILS.LSE,Hill & Smith Holdings PLC,0.19369131353481647,-0.19911144905816852,0.26412451845656787,-0.26325422365641654,0.31694942214788147,-0.31225303453640374,0.3521660246087572,-0.35188390967337935,35.21660246087572,0.78
HMSO.LSE,HMSO.LSE,Hammerson PLC,0.20205143910313408,-0.20415806512652218,0.2755246896860919,-0.2703151068325524,0.3306296276233103,-0.32085003775510623,0.3673662529147892,-0.3617035377005781,36.736625291478916,0.78
HOC.LSE,HOC.LSE,Hochschild Mining plc,0.2766776072864025,-0.3775859373398738,0.37728764629963973,-0.5148997669531323,0.45274517555956767,-0.6199505858295521,0.5030501950661863,-0.7061169711685562,50.305019506618635,0.78
HSX.LSE,HSX.LSE,Hiscox Ltd,0.17332342738826073,-0.19352492762377815,0.23635012825671914,-0.2555391163900004,0.283620153908063,-0.30292770574805006,0.3151335043422922,-0.341377452169395,31.51335043422922,0.78
HWDN.LSE,HWDN.LSE,Howden Joinery Group Plc,0.19673152067427352,-0.2038289827830776,0.2682702554649184,-0.26989814610221063,0.3219243065579021,-0.32037167904657643,0.35769367395322454,-0.3612194794349971,35.769367395322455,0.78
ICG.LSE,ICG.LSE,Intermediate Capital Group PLC,0.20939773178611099,-0.21551253260820233,0.28554236152651497,-0.2863058688557678,0.342650833831818,-0.3403900220524425,0.38072314870201995,-0.3841720485397683,38.07231487020199,0.78
IGG.LSE,IGG.LSE,IG Group Holdings PLC,0.20018570073701103,-0.21214087779138247,0.27298050100501503,-0.2816214942567056,0.327576601206018,-0.3347088097787119,0.36397400134002,-0.3777302235586445,36.397400134002,0.78
IHG.LSE,IHG.LSE,InterContinental Hotels Group PLC,0.1686906352812161,-0.18920602690172644,0.23003268447438557,-0.24947344487081055,0.27603922136926273,-0.29552694404348145,0.30671024596584745,-0.3328912693760676,30.671024596584743,0.78
III.LSE,III.LSE,3I Group PLC,0.2558692168172358,-0.3024459004666268,0.3489125683871397,-0.4088251451477991,0.4186950820645676,-0.49016262156632856,0.46521675784951955,-0.5565178992919622,46.52167578495195,0.78
IMI.LSE,IMI.LSE,IMI PLC,0.16820182275970536,-0.18016023225690958,0.22936612194505274,-0.23668520949991684,0.2752393463340633,-0.2798675872795622,0.30582149592673696,-0.31481567758713785,30.582149592673698,0.78
INCH.LSE,INCH.LSE,Inchcape PLC,0.17675737807625289,-0.17899002898170335,0.24103278828579938,-0.23495240327350816,0.28923934594295925,-0.27769337751218204,0.3213770510477325,-0.3121952710445476,32.137705104773254,0.78
INF.LSE,INF.LSE,Informa PLC,0.17915775463378253,-0.17956727007707646,0.24430602904606705,-0.23574689268134913,0.29316723485528046,-0.27865184507391383,0.32574137206142273,-0.31327119545704735,32.574137206142275,0.78
INPP.LSE,INPP.LSE,International Public Partnership,0.15045729005488023,-0.13643443318656417,0.2051690318930185,-0.1750091358053119,0.24620283827162218,-0.20443790803317496,0.2735587091906913,-0.2279448096076959,27.35587091906913,0.68
INVP.LSE,INVP.LSE,Investec PLC,0.17620330605941595,-0.18834549835744235,0.24027723553556718,-0.2481880791609362,0.28833268264268064,-0.29390706896472496,0.32036964738075624,-0.3309243430620311,32.036964738075625,0.78
IPC.LSE,IPC.LSE,International Paper Company,0.25832810749485885,-0.28944836943123214,0.35226560112935296,-0.3904214749957335,0.42271872135522354,-0.46760788626728766,0.4696874681724706,-0.5304423644353597,46.96874681724706,0.78
ITRK.LSE,ITRK.LSE,Intertek Group PLC,0.21224888652338805,-0.23162296199934043,0.28943029980462004,-0.3090634999808096,0.3473163597655441,-0.36824499688197854,0.38590706640616007,-0.4162995968033699,38.590706640616006,0.78
ITV.LSE,ITV.LSE,ITV PLC,0.201985213085057,-0.22104330681701786,0.2754343814796232,-0.29419504754996495,0.3305212577755478,-0.35009727491758436,0.3672458419728309,-0.3954761884785247,36.724584197283086,0.78
JD.LSE,JD.LSE,JD Sports Fashion PLC,0.22664693150233522,-0.25475241124470566,0.30906399750318436,-0.34164240249300754,0.37087679700382126,-0.40805839065095084,0.41208533000424585,-0.46208728654933484,41.20853300042459,0.78
JDW.LSE,JDW.LSE,J D Wetherspoon PLC,0.2192967971439653,-0.23139936554225884,0.2990410870144981,-0.3086831233950018,0.3588493044173977,-0.3677363254244865,0.3987214493526641,-0.41562174499616966,39.87214493526641,0.78
JET2.LSE,JET2.LSE,Jet2 PLC,0.23851980662691388,-0.24300349824008535,0.3252542817639734,-0.3249188409610765,0.39030513811676815,-0.38750418166298783,0.43367237568529793,-0.4382008937178353,43.367237568529795,0.78
JFJ.LSE,JFJ.LSE,JPMorgan Japanese Investment Trust,0.1755737406322979,-0.16881190282510217,0.23941873722586074,-0.22056913493522068,0.2873024846710329,-0.260084732488477,0.3192249829678143,-0.29187775595678367,31.92249829678143,0.78
JMAT.LSE,JMAT.LSE,Johnson Matthey PLC,0.20548210196369535,-0.2135727158403647,0.28020286631413,-0.2835982011599605,0.336243439576956,-0.33709760245058856,0.3736038217521733,-0.38042056288919024,37.36038217521733,0.78
JUP.LSE,JUP.LSE,Jupiter Fund Management Plc,0.20872498022801095,-0.22887104943341866,0.2846249730381967,-0.30520378918324365,0.34154996764583606,-0.3635392391723142,0.37949996405092895,-0.4109110995139206,37.9499964050929,0.78
KGF.LSE,KGF.LSE,Kingfisher PLC,0.20694506950385122,-0.22262493048361628,0.2821978220507062,-0.2963866471739549,0.33863738646084746,-0.35275130043313246,0.3762637627342749,-0.3984771132380156,37.62637627342749,0.78
KIE.LSE,KIE.LSE,Kier Group PLC,0.20707477243358738,-0.21576887166413067,0.28237468968216456,-0.28668953500505695,0.3388496276185975,-0.34087402425494284,0.3764995862428861,-0.38476075077588934,37.64995862428861,0.78
KLR.LSE,KLR.LSE,Keller Group PLC,0.20715537534861164,-0.24220719246018846,0.2824846027481068,-0.3240782330406752,0.3389815232977281,-0.3866651508608324,0.3766461369974757,-0.4376347544544223,37.66461369974757,0.78
KNOS.LSE,KNOS.LSE,Kainos Group PLC,0.2574921329855638,-0.2894129859696825,0.35112563588940515,-0.3903790458493275,0.4213507630672862,-0.46756099888061503,0.46816751451920685,-0.5303989566780193,46.81675145192069,0.78
KYGA.LSE,KYGA.LSE,Kerry Group,0.2211022283761952,-0.2583264331593274,0.30150303869481165,-0.3467473111562348,0.36180364643377394,-0.4143442784467567,0.40200405159308217,-0.4694167933899793,40.20040515930822,0.78
LAND.LSE,LAND.LSE,Land Securities Group PLC,0.18245654728875835,-0.1891779269007413,0.24880438266648863,-0.2493083820401831,0.2985652591997864,-0.29524117360185137,0.3317391768886515,-0.3323845486174869,33.17391768886515,0.78
LGEN.LSE,LGEN.LSE,Legal & General Group PLC,0.16797017211158977,-0.17249068128964543,0.22905023469762237,-0.22584093542805628,0.2748602816371469,-0.2665875252121623,0.3054003129301632,-0.2994841569465479,30.540031293016316,0.78
LLOY.LSE,LLOY.LSE,Lloyds Banking Group PLC,0.18133208821157257,-0.2071556448516777,0.24727102937941714,-0.2747429515451549,0.29672523525530053,-0.32639886183249794,0.32969470583922283,-0.36837678499824933,32.96947058392228,0.78
LMP.LSE,LMP.LSE,LondonMetric Property Plc,0.16238790118256408,-0.1563050957820825,0.22143804706713283,-0.2030018813010237,0.2657256564805594,-0.2386494160713508,0.29525072942284375,-0.2672956784345538,29.525072942284375,0.68
LRE.LSE,LRE.LSE,Lancashire Holdings Ltd,0.19369628778537057,-0.19640711073445036,0.2641313015255053,-0.2594296664367104,0.31695756183060636,-0.30756889748391464,0.3521750687006737,-0.3464750702322886,35.217506870067375,0.78
LSEG.LSE,LSEG.LSE,London Stock Exchange Group PLC,0.20727666730241412,-0.23590919211267364,0.2826500008669283,-0.31517041130408374,0.339180001040314,-0.3757546051777394,0.3768666678225711,-0.42503478420454094,37.68666678225711,0.78
MGNS.LSE,MGNS.LSE,Morgan Sindall Group PLC,0.2014830638034207,-0.21534017749758136,0.27474963245921,-0.2861341762331725,0.3296995589510521,-0.34022781403815544,0.3663328432789467,-0.38408636381614164,36.63328432789467,0.78
MKS.LSE,MKS.LSE,Marks and Spencer Group PLC,0.19816236859286296,-0.22046670423421585,0.2702214117175404,-0.2934144111350789,0.3242656940610485,-0.3491644134399706,0.3602952156233872,-0.39444809458721075,36.029521562338715,0.78
MNDI.LSE,MNDI.LSE,Mondi PLC,0.22998378703195885,-0.24191276114705793,0.3136142550435802,-0.3234540168038392,0.3763371060522963,-0.3857619913624753,0.418152340058107,-0.4362987801730699,41.815234005810694,0.78
MONY.LSE,MONY.LSE,MONY Group plc,0.20985257350587666,-0.2017426243135365,0.28616260023528634,-0.26682813696120783,0.3433951202823436,-0.31653200721736535,0.38155013364704843,-0.3566173462214261,38.15501336470484,0.78
MPE.LSE,MPE.LSE,M.P.Evans Group,0.25221387924427763,-0.28161522320184934,0.3439280171512876,-0.37939939665881184,0.41271362058154515,-0.45414578859185223,0.45857068953505015,-0.5149761739920677,45.857068953505014,0.78
MRO.LSE,MRO.LSE,Melrose Industries PLC,0.23509752366982503,-0.24473350080754108,0.3205875322770341,-0.3273965901622584,0.38470503873244094,-0.3905595783505868,0.4274500430360455,-0.4417729008404333,42.74500430360455,0.78
MTO.LSE,MTO.LSE,Mitie Group PLC,0.22523444396400644,-0.3019186196381527,0.307137878132736,-0.40835835322806513,0.36856545375928323,-0.48977698823742577,0.409517170843648,-0.5564659302011197,40.9517170843648,0.78
NG.LSE,NG.LSE,National Grid PLC,0.1671222686383236,-0.16792806307879135,0.2278940026886231,-0.21939613809918182,0.2734728032263477,-0.2586994426826902,0.30385867025149743,-0.29038667009305574,30.385867025149743,0.78
NWG.LSE,NWG.LSE,NatWest Group PLC,0.19886100772222062,-0.2206836232470952,0.27117410143939175,-0.2937148206072131,0.3254089217272701,-0.3495280950470486,0.36156546858585564,-0.394859068059645,36.156546858585564,0.78
NXT.LSE,NXT.LSE,Next PLC,0.1704506432706314,-0.18147050811125187,0.2324326953690428,-0.2385177463560349,0.2789192344428514,-0.2820983186420307,0.30991026049205705,-0.31736263153364663,30.991026049205704,0.78
OSB.LSE,OSB.LSE,OneSavings Bank PLC,0.18922469401115327,-0.18731962448568595,0.2580336736515726,-0.24661872905948676,0.30964040838188717,-0.29190592693659734,0.3440448982020968,-0.3284464408037342,34.40448982020968,0.78
PAF.LSE,PAF.LSE,Pan African Resources PLC,0.26884828237875863,-0.3576241394714121,0.36661129415285265,-0.4867407990361326,0.4399335529834232,-0.585510587582471,0.4888150588704702,-0.6664496078831558,48.88150588704702,0.78
PAG.LSE,PAG.LSE,Paragon Banking Group PLC,0.19038408376898516,-0.1870001448949326,0.25961465968497976,-0.24615636172582678,0.3115375916219757,-0.2913326030827059,0.346152879579973,-0.32776953795742564,34.615287957997296,0.78
PETS.LSE,PETS.LSE,Pets at Home Group Plc,0.21142392126575166,-0.2164073299558667,0.28830534718057044,-0.287552857182572,0.34596641661668454,-0.34190495805994126,0.3844071295740939,-0.3858953315793997,38.44071295740939,0.78
PFD.LSE,PFD.LSE,Premier Foods PLC,0.16803524537435993,-0.16374278550927554,0.22913897096503627,-0.21346895015302902,0.2749667651580435,-0.2514346044594859,0.3055186279533817,-0.2819862357153902,30.55186279533817,0.78
PHP.LSE,PHP.LSE,Primary Health Properties,0.16534925318622998,-0.1562488266965169,0.22547625434485905,-0.2028953449570871,0.2705715052138309,-0.23850094974494446,0.3006350057931454,-0.2670862232887572,30.06350057931454,0.78
PLUS.LSE,PLUS.LSE,Plus500 Ltd,0.21149064073297152,-0.2207332789731246,0.2883963282722339,-0.29367006554583713,0.3460755939266807,-0.3493965723933097,0.38452843769631184,-0.39454504606771557,38.45284376963119,0.78
PNN.LSE,PNN.LSE,Pennon Group Plc,0.1985008701922412,-0.2030125224927253,0.2706830048076016,-0.26872738891285847,0.32481960576912194,-0.31892705361227924,0.36091067307680214,-0.35952865287006813,36.09106730768021,0.78
POLR.LSE,POLR.LSE,Polar Capital Holdings plc,0.2094465756154325,-0.2372035709285549,0.28560896674831704,-0.31698118476123366,0.3427307600979805,-0.3779591612212021,0.3808119556644227,-0.42755252665515014,38.081195566442275,0.78
PRU.LSE,PRU.LSE,Prudential plc,0.1801410194478982,-0.19361781505907177,0.24564684470167936,-0.2556084124132355,0.29477621364201523,-0.3029711674076121,0.3275291262689058,-0.34134010584530317,32.75291262689058,0.78
PSN.LSE,PSN.LSE,Persimmon PLC,0.2128894528875134,-0.23670979440721976,0.29030379939206374,-0.31625153571213716,0.3483645592704765,-0.37704461614501006,0.3870717325227516,-0.42645229762903,38.70717325227516,0.78
PSON.LSE,PSON.LSE,Pearson PLC,0.18648561101839295,-0.19364368747888935,0.25429856047962673,-0.25558724103985536,0.3051582725755521,-0.30290670246968093,0.339064747306169,-0.3411842095062677,33.9064747306169,0.78
QQ.LSE,QQ.LSE,Qinetiq Group PLC,0.20252998550810994,-0.2267798925876858,0.2761772529656044,-0.3023028453972008,0.3314127035587253,-0.36002394994257764,0.36823633728747257,-0.40693153110419705,36.823633728747254,0.78
RAT.LSE,RAT.LSE,Rathbone Brothers PLC,0.21903054152703968,-0.21433320412895152,0.2986780111732359,-0.2845503504300396,0.35841361340788314,-0.33818145267089095,0.3982373482309812,-0.3814981359897453,39.82373482309812,0.78
REL.LSE,REL.LSE,Relx PLC,0.23200478149596063,-0.24758256073381585,0.3163701565854008,-0.3314539253524123,0.379644187902481,-0.39554756333168223,0.4218268754472011,-0.44757223770958204,42.18268754472011,0.78
RICA.LSE,RICA.LSE,Ruffer Investment Company Limited,0.1552546551654565,-0.11516094744390412,0.21171089340744068,-0.14488020903714155,0.2540530720889288,-0.1675085215393951,0.2822811912099209,-0.18524083344602968,28.22811912099209,0.68
RKT.LSE,RKT.LSE,Reckitt Benckiser Group PLC,0.1872055351829563,-0.17633818848730642,0.2552802752494858,-0.23110701554776653,0.306336330299383,-0.2729202992147053,0.3403737003326478,-0.3065496503686252,34.03737003326478,0.78
RMV.LSE,RMV.LSE,Rightmove PLC,0.22178939147167953,-0.2192607033619727,0.30244007927956296,-0.29149377039161295,0.3629280951354756,-0.34666861411828354,0.4032534390394173,-0.39126284482123586,40.32534390394173,0.78
ROR.LSE,ROR.LSE,Rotork PLC,0.2346316032425133,-0.41991042743696727,0.3199521862397908,-0.5751384173074382,0.38394262348774905,-0.6939829404559038,0.4266029149863878,-0.7921420024041796,42.66029149863878,0.78
RS1.LSE,RS1.LSE,RS GROUP PLC,0.19764075588141025,-0.219069237785735,0.2695101216564685,-0.2914428438384346,0.32341214598776225,-0.34675291464539726,0.35934682887529135,-0.39167023265171474,35.934682887529135,0.78
RSW.LSE,RSW.LSE,Renishaw PLC,0.20628294387235172,-0.23646130583347785,0.2812949234622978,-0.3159602647705515,0.33755390815475733,-0.3767280097788452,0.3750598979497304,-0.42617153350386056,37.50598979497304,0.78
RTO.LSE,RTO.LSE,Rentokil Initial PLC,0.22061927542319965,-0.24005210191279952,0.3008444664861813,-0.32090790081744375,0.3610133597834176,-0.38270052648576847,0.4011259553149084,-0.43288393662993063,40.11259553149084,0.78
S32.LSE,S32.LSE,South32 Ltd,0.23140999556338668,-0.27473377017535694,0.3155590848591636,-0.3698569488486093,0.3786709018309964,-0.4425850819803802,0.42074544647888484,-0.5018941223140939,42.07454464788849,0.78
SAFE.LSE,SAFE.LSE,Safestore Holdings Plc,0.2057622535438695,-0.21300849680275583,0.2805848911961857,-0.2827977244740385,0.33670186943542285,-0.3361155211666536,0.3741131882615809,-0.3792829562168032,37.411318826158094,0.78
SBRY.LSE,SBRY.LSE,J Sainsbury PLC,0.16918718812277247,-0.1714988942174002,0.23070980198559882,-0.22442725711258135,0.2768517623827186,-0.26484873810524767,0.30761306931413174,-0.29746075318714604,30.761306931413174,0.78
SCT.LSE,SCT.LSE,Softcat plc,0.21708152698551694,-0.23041985458783754,0.29602026407115944,-0.3073180533073969,0.35522431688539136,-0.36607791781314364,0.3946936854282126,-0.4137352228379672,39.46936854282126,0.78
SDLF.LSE,SDLF.LSE,Standard Life PLC,0.17726386053461993,-0.1795597853699749,0.2417234461835726,-0.23575354952153882,0.29006813542028714,-0.2786715010273382,0.3222979282447635,-0.3133182080315441,32.22979282447635,0.78
SDR.LSE,SDR.LSE,Schroders PLC,0.1921484376752332,-0.23174610272899798,0.26202059682986345,-0.3094206396620682,0.3144247161958362,-0.3688044867984689,0.34936079577315127,-0.41720371113407917,34.93607957731513,0.78
SEPL.LSE,SEPL.LSE,Seplat Petroleum Development Company PLC,0.22614542105070884,-0.2542613997728428,0.30838011961460293,-0.3409525731090988,0.37005614353752353,-0.40721657169554554,0.4111734928194706,-0.4611216766749351,41.11734928194706,0.78
SEQI.LSE,SEQI.LSE,Sequoia Econ Infrastructure,0.15475934032913968,-0.13320427291151743,0.21103546408519047,-0.17040183391839664,0.2532425569022286,-0.19876900913640055,0.28138061878025394,-0.2213436946849903,28.138061878025393,0.68
SGE.LSE,SGE.LSE,Sage Group PLC,0.2138278216005472,-0.22970567801683822,0.29158339309165526,-0.3063376765094601,0.3499000717099863,-0.36489696852215764,0.38877785745554033,-0.41241335459947664,38.877785745554036,0.78
SGRO.LSE,SGRO.LSE,Segro Plc,0.19386397000497574,-0.22391665974017558,0.26435995909769416,-0.2983325171739241,0.317231950917233,-0.3552139459484306,0.35247994546359224,-0.4014886804620065,35.24799454635922,0.78
SHC.LSE,SHC.LSE,Shaftesbury Capital PLC,0.182999594232562,-0.18262156654614392,0.2495449012262209,-0.24003134446413021,0.29945388147146507,-0.2838758710822992,0.3327265349682945,-0.31925405546285857,33.27265349682945,0.78
SHEL.LSE,SHEL.LSE,Shell plc,0.16677726181582092,-0.17756416913602371,0.2274235388397558,-0.2330267908799383,0.27290824660770696,-0.2753956102517794,0.3032313851196744,-0.30967017333989333,30.32313851196744,0.78
SMIN.LSE,SMIN.LSE,Smiths Group PLC,0.18365663862306156,-0.18534658092110368,0.25044087084962935,-0.24387911508721083,0.30052904501955524,-0.2885844177016501,0.33392116113283915,-0.32468258094181623,33.39211611328391,0.78
SNR.LSE,SNR.LSE,Senior PLC,0.21660708566813186,-0.2332041009342875,0.2953732986383616,-0.31125989151583794,0.35444795836603393,-0.3709085455765445,0.3938310648511488,-0.4193192427012543,39.38310648511488,0.78
SPX.LSE,SPX.LSE,Spirax Group plc,0.19826072664275712,-0.21435055889695215,0.2703555363310324,-0.28476398000824094,0.3244266435972389,-0.3385692448807137,0.36047404844137654,-0.38221258492195953,36.04740484413765,0.78
SQZ.LSE,SQZ.LSE,Serica Energy PLC,0.26296049412986633,-0.3404675028712681,0.35858249199527226,-0.4625312526820514,0.43029899039432673,-0.5558958307484203,0.4781099893270297,-0.6323290259346497,47.81099893270297,0.78
SRE.LSE,SRE.LSE,Sirius Real Estate Limited,0.18555178854379387,-0.1761881888418599,0.2530251661960825,-0.23090993955186212,0.303630199435299,-0.27268897582847706,0.33736688826144334,-0.3063037736950138,33.73668882614433,0.78
SRP.LSE,SRP.LSE,Serco Group,0.18926610375477965,-0.17710541311264577,0.2580901414837904,-0.2321732758167978,0.3097081697805485,-0.2742136806506228,0.3441201886450539,-0.3080166628296806,34.41201886450539,0.78
SSE.LSE,SSE.LSE,SSE PLC,0.18757795285795617,-0.21743367778190373,0.25578811753357655,-0.28922142340884727,0.30694574104029193,-0.34409336022796166,0.3410508233781021,-0.3887284407430016,34.10508233781021,0.78
SSPG.LSE,SSPG.LSE,SSP Group PLC,0.2176766434817459,-0.24639154633164556,0.2968317865660171,-0.3299000185069784,0.35619814387922055,-0.3937314492937164,0.39577571542135614,-0.44565912978570665,39.577571542135615,0.78
STAN.LSE,STAN.LSE,Standard Chartered PLC,0.19232127824632908,-0.2180457579595454,0.2622562885177214,-0.2900438527573765,0.31470754622126573,-0.34507181662400926,0.3496750513569619,-0.38979736499466544,34.96750513569619,0.78
STJ.LSE,STJ.LSE,St. James's Place plc,0.2205116507007603,-0.24831801340063844,0.30069770550103675,-0.3325986447531768,0.3608372466012441,-0.39701935884851625,0.4009302740013823,-0.44941928186925195,40.09302740013823,0.78
SVS.LSE,SVS.LSE,Savills,0.19480577846885,-0.19657921480308743,0.26564424336661363,-0.25966295765717345,0.31877309203993637,-0.3078478809504869,0.35419232448881816,-0.3467829677653762,35.419232448881814,0.78
SVT.LSE,SVT.LSE,Severn Trent PLC,0.16718216599264124,-0.17490176908087368,0.22797568089905623,-0.2292579024080586,0.2735708170788675,-0.2707772241418333,0.30396757453207496,-0.30433212182017,30.396757453207496,0.78
TATE.LSE,TATE.LSE,Tate & Lyle PLC,0.24364073758888372,-0.34702477401664944,0.33223736943938686,-0.47198051951790887,0.3986848433272642,-0.5675861150445467,0.4429831592525158,-0.6460758511667537,44.29831592525158,0.78
TCAP.LSE,TCAP.LSE,TP ICAP Group PLC,0.18979397101967568,-0.18342610643731577,0.25880996048137594,-0.2411072803915858,0.31057195257765113,-0.2851523508054497,0.3450799473085012,-0.32064077382307843,34.50799473085012,0.78
TFIF.LSE,TFIF.LSE,TwentyFour Income Fund Ltd,0.15434326527281444,-0.11959392265150827,0.21046808900838332,-0.15115767989598985,0.25256170681006,-0.17520235732538325,0.2806241186778444,-0.19413661116681535,28.06241186778444,0.68
TPK.LSE,TPK.LSE,Travis Perkins PLC,0.21832950461807518,-0.2309937644907019,0.2977220517519207,-0.30811832301731457,0.35726646210230484,-0.367050464142982,0.3969627356692276,-0.41484219973935765,39.696273566922756,0.78
TRIG.LSE,TRIG.LSE,Renewables Infrastructure Grp,0.18791667181069205,-0.17402718460410216,0.25625000701458006,-0.2278322883997031,0.3075000084174961,-0.2689052746751017,0.34166667601944006,-0.30190436903985435,34.166667601944006,0.78
TSCO.LSE,TSCO.LSE,Tesco PLC,0.1667517641214392,-0.1772704867265863,0.22738876925650797,-0.23261169336183357,0.27286652310780957,-0.2748873765617491,0.30318502567534394,-0.30908364299101637,30.318502567534395,0.78
TW.LSE,TW.LSE,Taylor Wimpey PLC,0.2091422785365312,-0.21503701129671293,0.2851940161861789,-0.285635705787621,0.34223281942341466,-0.33957079482865,0.3802586882482385,-0.3832293662049575,38.02586882482385,0.78
ULVR.LSE,ULVR.LSE,Unilever PLC,0.17173071681772198,-0.17561495059040635,0.23417825020598448,-0.23022508383864543,0.2810139002471814,-0.2719341479182862,0.31223766694131266,-0.3056096231758691,31.223766694131267,0.78
UTG.LSE,UTG.LSE,Unite Group PLC,0.21912572356519494,-0.2136108112667818,0.29880780486162944,-0.2835278661196429,0.3585693658339553,-0.3369285921445914,0.3984104064821726,-0.38005023521688447,39.84104064821726,0.78
UU.LSE,UU.LSE,United Utilities Group PLC,0.18488648623489345,-0.18471204285638812,0.2521179357748547,-0.2429705463457738,0.30254152292982567,-0.2874641830192082,0.33615724769980626,-0.32337325525417976,33.61572476998062,0.78
VALT.LSE,VALT.LSE,Valterra Platinum Limited,0.27327859491923007,-0.3958965750072239,0.3726526294353137,-0.5408258633323192,0.44718315532237646,-0.6517240841264822,0.49687017258041827,-0.7428494869080003,49.68701725804183,0.78
VSVS.LSE,VSVS.LSE,Vesuvius PLC,0.22699941233969845,-0.22888706096664152,0.30954465319049784,-0.30506006438543337,0.37145358382859744,-0.3632522187928164,0.41272620425399714,-0.41034505025671103,41.272620425399715,0.78
WEIR.LSE,WEIR.LSE,Weir Group PLC,0.22035456471872014,-0.22504831689326266,0.30048349734370927,-0.2996917544545479,0.3605801968124511,-0.3567177678214196,0.4006446631249457,-0.40288502985027624,40.06446631249457,0.78
WTB.LSE,WTB.LSE,Whitbread PLC,0.21058276335243445,-0.22213051876491213,0.2871583136624106,-0.2956543262303171,0.34458997639489275,-0.35183229970234475,0.3828777515498808,-0.39736923800192636,38.28777515498808,0.78
ZIG.LSE,ZIG.LSE,ZIGUP plc,0.1823648159420403,-0.19337382211695808,0.24867929446641857,-0.2552431090738729,0.2984151533597023,-0.3025102572519281,0.3315723926218914,-0.3407793411667221,33.157239262189144,0.78
BARC.LSE,BARC.LSE,Barclays PLC,0.1976716676995484,-0.2219466206722731,0.2695522741357478,-0.2955117963227466,0.32346272896289735,-0.35173615558211224,0.35940303218099706,-0.39742398676528823,35.94030321809971,0.78
BME.LSE,BME.LSE,B&M European Value Retail SA,0.26381724551686636,-0.31150049458275775,0.3597507893411813,-0.42155791692373606,0.43170094720941765,-0.505708744228455,0.47966771912157513,-0.5743669702213272,47.96677191215751,0.78
BP.LSE,BP.LSE,BP PLC,0.19336789404953847,-0.2161596514067592,0.26368349188573426,-0.28736696700915915,0.3164201902628811,-0.3417869576590964,0.351577989180979,-0.3859908990082607,35.157798918097896,0.78
CRDA.LSE,CRDA.LSE,Croda International PLC,0.1973447466733094,-0.22160135310388013,0.269106472736331,-0.29502649049982643,0.3229277672835972,-0.3511437653981273,0.35880863031510796,-0.39674415086208825,35.8808630315108,0.78
DGE.LSE,DGE.LSE,Diageo PLC,0.20762207510062705,-0.22525390746343918,0.28312101150085506,-0.3000984186855966,0.33974521380102607,-0.35729316159903446,0.37749468200114006,-0.4037129106508578,37.74946820011401,0.78
GFTU.LSE,GFTU.LSE,Grafton Group plc,0.18159524848101705,-0.18279610165649093,0.24762988429229593,-0.24029095940164397,0.29715586115075515,-0.2842023627781496,0.3301731790563946,-0.3196490860899668,33.01731790563946,0.78
HSBA.LSE,HSBA.LSE,HSBC Holdings PLC,0.17417304405597633,-0.19495847143928213,0.23750869643996772,-0.25755871867455266,0.28501043572796125,-0.3053960429365814,0.31667826191995696,-0.34421673416400506,31.667826191995697,0.78
IMB.LSE,IMB.LSE,Imperial Brands PLC,0.16574771068749455,-0.17065958706433326,0.2260196054829471,-0.2232716101978004,0.2712235265795365,-0.2634542559688969,0.3013594739772628,-0.2958947035970758,30.13594739772628,0.78
RIO.LSE,RIO.LSE,Rio Tinto PLC,0.18124831980765058,-0.20133400491663117,0.24715679973770532,-0.2665106720125776,0.2965881596852464,-0.31631692848271475,0.32954239965027377,-0.3567362466395574,32.95423996502738,0.78
SN.LSE,SN.LSE,Smith & Nephew PLC,0.19603660004034004,-0.21211614100390885,0.2673226364186455,-0.28162428413666346,0.3207871637023746,-0.3347374272335595,0.3564301818915273,-0.3778165387337702,35.643018189152734,0.78
TTE.LSE,TTE.LSE,TotalEnergies SE,0.23296243652298898,-0.30334857967424395,0.3176760498040759,-0.4103102672659684,0.38121125976489106,-0.4921206471182573,0.4235680664054345,-0.55907293415319,42.35680664054345,0.78
VOD.LSE,VOD.LSE,Vodafone Group PLC,0.18346888511788503,-0.20794581675469395,0.25018484334257046,-0.27584097019068426,0.30022181201108455,-0.32773067618598256,0.3335797911234273,-0.36988719726916613,33.357979112342726,0.78
WPP.LSE,WPP.LSE,WPP PLC,0.2617030215247003,-0.3108600781962573,0.3568677566245913,-0.4206714790592457,0.4282413079495096,-0.5046359252493953,0.4758236754994551,-0.5731553302335244,47.58236754994551,0.78
GLEN.LSE,GLEN.LSE,Glencore PLC,0.18870442084681405,-0.22172976405588699,0.2573242102456555,-0.2952867516354775,0.3087890522947866,-0.3515149979918446,0.34309894699420734,-0.3972837470658782,34.30989469942073,0.78
IAG.LSE,IAG.LSE,International Consolidated Airlines Group S.A,0.22625656632220983,-0.2536720818106744,0.3085316813484679,-0.34011813979948285,0.37023801761816155,-0.4061939287114648,0.4113755751312906,-0.4599394032689856,41.13755751312906,0.78
ANDR.VI,ANDR.VI,Andritz AG,0.20365650094198004,-0.21403489672610662,0.2777134103754273,-0.2842684437182703,0.3332560924505128,-0.33792956681453384,0.3702845471672364,-0.3814046716032029,37.028454716723644,0.78
DOC.VI,DOC.VI,DO & CO Aktiengesellschaft,0.24321576661536326,-0.28795956280482304,0.3316578635664044,-0.3884535656491619,0.3979894362796853,-0.4652894878345306,0.4422104847552059,-0.5279593368840524,44.22104847552059,0.78
MMK.VI,MMK.VI,Mayr-Melnhof Karton AG,0.21427260764935263,-0.23347910628713262,0.2921899195218445,-0.3116700606601231,0.35062790342621336,-0.37142507714764,0.3895865593624593,-0.4199456545057409,38.958655936245925,0.78
OMV.VI,OMV.VI,OMV Aktiengesellschaft,0.16670669895768073,-0.1777279781603545,0.22732731676047369,-0.2332590942206919,0.27279278011256847,-0.27568055115751033,0.30310308901396493,-0.3100001007184576,30.310308901396493,0.78
POS.VI,POS.VI,PORR AG,0.2252934885786451,-0.271138259116087,0.3072183935163342,-0.36482781238700884,0.368662072219601,-0.43646282297173367,0.40962452468844557,-0.49490327678778195,40.96245246884456,0.78
RBI.VI,RBI.VI,Raiffeisen Bank International AG,0.22366236294120972,-0.27346146471674054,0.30499413128346775,-0.36812817085342947,0.3659929575401613,-0.44051482711215695,0.40665884171129035,-0.4996030702826778,40.665884171129036,0.78
STR.VI,STR.VI,Strabag SE,0.23204743758213803,-0.2523393143931911,0.31642832397564274,-0.33818060255380605,0.3797139887707713,-0.40378576765356966,0.42190443196752364,-0.45708434901096684,42.19044319675236,0.78
UQA.VI,UQA.VI,UNIQA Insurance Group AG,0.18501622032854773,-0.186620366607969,0.25229484590256507,-0.24566814259099137,0.3027538150830781,-0.29076726221431914,0.33639312787008674,-0.32718565691427637,33.63931278700868,0.78
VER.VI,VER.VI,VERBUND AG,0.1899999377638502,-0.19501738648329942,0.2590908242234321,-0.257497950738109,0.31090898906811854,-0.30522548926233245,0.34545443229790945,-0.34381659318523644,34.54544322979095,0.78
VIG.VI,VIG.VI,Vienna Insurance Group AG,0.197505179527983,-0.220539643585015,0.2693252448108859,-0.2935235459349593,0.3231902937730631,-0.3493020673226876,0.3591003264145145,-0.3946154812945687,35.91003264145145,0.78
VOE.VI,VOE.VI,Voestalpine AG,0.22064955796663036,-0.2610805349262593,0.3008857608635868,-0.3506463202914136,0.3610629130363042,-0.41912231929147437,0.40118101448478244,-0.47493981159179255,40.11810144847824,0.78
WIE.VI,WIE.VI,Wienerberger AG,0.22647858750042177,-0.24670600216131044,0.3088344375005751,-0.3302645942251154,0.37060132500069015,-0.39412450080506645,0.4117792500007668,-0.44599997782260703,41.177925000076684,0.78
TBCG.LSE,TBCG.LSE,TBC Bank Group PLC,0.2221362344760304,-0.2418957252945661,0.30291304701276867,-0.3235013677707379,0.36349565641532244,-0.3858676482193022,0.4038840626836916,-0.4365215374608257,40.38840626836916,0.78
AAK.ST,AAK.ST,AAK AB,0.20914717775529834,-0.21800459461712152,0.28520069693904315,-0.289832457764838,0.3422408363268518,-0.3447107155326624,0.3802675959187242,-0.38916437250770597,38.02675959187242,0.78
ABB.ST,ABB.ST,ABB Ltd,0.17658120724216186,-0.19574514249315092,0.2407925553302207,-0.2586493158814097,0.28895106639626483,-0.3067171197125703,0.32105674044029425,-0.34571126365837646,32.10567404402943,0.78
ADDT-B.ST,ADDT-B.ST,Addtech AB (publ.),0.18403917888007565,-0.19970342599353336,0.2509625166546486,-0.26417927749490155,0.3011550199855783,-0.3134446140483813,0.3346166888728648,-0.35338375158735513,33.46166888728648,0.78
ALFA.ST,ALFA.ST,Alfa Laval AB,0.16404249686130778,-0.17264326844829425,0.22369431390178332,-0.22609248340336868,0.26843317668214,-0.2669194629876649,0.29825908520237776,-0.29991787336294573,29.825908520237775,0.68
ALIV-SDB.ST,ALIV-SDB.ST,Autoliv Inc,0.21035997681020474,-0.22633595950320093,0.28685451383209737,-0.3016037457836215,0.34422541659851685,-0.3591201739358024,0.38247268510946314,-0.40578741067443147,38.24726851094631,0.78
ASSA-B.ST,ASSA-B.ST,ASSA ABLOY AB (publ),0.16831046584716786,-0.17168336237841206,0.22951427160977433,-0.224696116075929,0.27541712593172923,-0.2651833467259064,0.30601902881303245,-0.2978583822381895,30.601902881303246,0.78
ATCO-A.ST,ATCO-A.ST,Atlas Copco AB Series A,0.19882855151129958,-0.21147620124698355,0.2711298429699539,-0.28069385501812416,0.3253558115639447,-0.33358093135186984,0.3615064572932719,-0.37644528626268814,36.15064572932719,0.78
AXFO.ST,AXFO.ST,Axfood AB,0.21933672048376346,-0.2060549022788818,0.2990955279324047,-0.27284027625894297,0.35891463351888564,-0.3238377397344936,0.3987940372432063,-0.3649315118873858,39.879403724320625,0.78
AZA.ST,AZA.ST,Avanza Bank Holding AB (publ),0.20297774609550198,-0.2194634793646414,0.27678783558477543,-0.2919517982235269,0.3321454027017305,-0.34734383842117866,0.3690504474463672,-0.3922840506752482,36.905044744636726,0.78
AZN.ST,AZN.ST,AstraZeneca PLC,0.1813845110470413,-0.1949511534704354,0.24734251506414723,-0.2574827170599063,0.2968110180769767,-0.30525915976493995,0.32979002008552966,-0.3439660865793313,32.97900200855297,0.78
BEIJ-B.ST,BEIJ-B.ST,Beijer Ref AB (publ),0.19713918243725242,-0.20416594324770299,0.26882615786898056,-0.27037096885106676,0.3225913894427767,-0.3209482902512862,0.35843487715864075,-0.36188005870655043,35.84348771586407,0.78
BOL.ST,BOL.ST,Boliden AB,0.24933209931094957,-0.29779462668683643,0.3399983172422039,-0.4023067639225397,0.4079979806906447,-0.482218972350581,0.4533310896562719,-0.5474292937598599,45.33310896562719,0.78
BRAV.ST,BRAV.ST,Bravida Holding AB,0.20077116539646134,-0.22676771207049917,0.2737788619042655,-0.302301631659578,0.32853463428511853,-0.36003314604175357,0.3650384825390206,-0.406964731455296,36.50384825390206,0.78
CAST.ST,CAST.ST,Castellum AB,0.1728804601518687,-0.18467608733121316,0.23574608202527547,-0.2430289991645322,0.28289529843033057,-0.28760869430398645,0.314328109367034,-0.3236942686938197,31.432810936703397,0.78
EKTA-B.ST,EKTA-B.ST,Elekta AB (publ),0.2497455410589326,-0.32140232770268123,0.34056210144399895,-0.4356893309450149,0.4086745217327988,-0.5231015889670816,0.45408280192533196,-0.5946311649707064,45.4082801925332,0.78
ERIC-B.ST,ERIC-B.ST,Telefonaktiebolaget LM Ericsson (publ),0.2109113411076329,-0.24499982936729056,0.2876063742376812,-0.327993424108687,0.3451276490852174,-0.39143744827807286,0.3834751656502416,-0.4430971057528767,38.34751656502416,0.78
EVO.ST,EVO.ST,Evolution AB (publ),0.2105151321541921,-0.21658849757757276,0.287066089301171,-0.2878173404116025,0.34447930716140523,-0.3422344022880978,0.3827547857348947,-0.3862874090119174,38.275478573489465,0.78
GETI-B.ST,GETI-B.ST,Getinge AB ser. B,0.1829203738315098,-0.1880682702043719,0.24943687340660425,-0.24773486786209759,0.2993242480879251,-0.2933112030198155,0.33258249787547234,-0.33015005544698534,33.258249787547236,0.78
HEXA-B.ST,HEXA-B.ST,Hexagon AB (publ),0.24170285752842083,-0.27127816659507364,0.32959480572057387,-0.364876282256656,0.39551376686468864,-0.4364225199364053,0.4394597409607651,-0.4946460578528534,43.94597409607651,0.78
HM-B.ST,HM-B.ST,H & M Hennes & Mauritz AB (publ),0.18182661409050122,-0.19793451119850744,0.24794538285068346,-0.26169779716032787,0.2975344594208202,-0.3104188722809842,0.3305938438009113,-0.34991833320859844,33.05938438009113,0.78
HOLM-B.ST,HOLM-B.ST,Holmen AB (publ),0.18128946172536978,-0.17521205506422632,0.24721290235277693,-0.22956828170394597,0.2966554828233323,-0.27107167552991285,0.3296172031370359,-0.304491000471986,32.961720313703594,0.78
HPOL-B.ST,HPOL-B.ST,HEXPOL AB (publ),0.2058394845161509,-0.21338479700752,0.2806902061583876,-0.28332919022441766,0.33682824739006506,-0.33676596203781567,0.3742536082111834,-0.3800330290672387,37.42536082111834,0.78
HUSQ-B.ST,HUSQ-B.ST,Husqvarna AB (publ),0.22809864082260914,-0.24730832747097337,0.3110436011217397,-0.33110166205041,0.37325232134608766,-0.39513985554655895,0.41472480149565294,-0.4471516085150249,41.47248014956529,0.78
INDT.ST,INDT.ST,Indutrade AB,0.22324911873204206,-0.25746350961463543,0.3044306164527846,-0.3455074079100054,0.3653167397433415,-0.41281267364859575,0.4059074886037128,-0.467620684434404,40.59074886037128,0.78
INDU-C.ST,INDU-C.ST,Industrivarden AB ser. C,0.15783470923690474,-0.16064353021718716,0.21522914895941553,-0.20917880590352117,0.2582749787512986,-0.2462422277085607,0.286972198612554,-0.27612156085934836,28.6972198612554,0.68
INVE-B.ST,INVE-B.ST,Investor AB ser. B,0.14469295560541426,-0.14755107720221886,0.19730857582556488,-0.19078292244035092,0.23677029099067787,-0.2237917833922685,0.2630781011007532,-0.2503667485846242,26.30781011007532,0.68
LAGR-B.ST,LAGR-B.ST,Lagercrantz Group AB (publ),0.22255033012952224,-0.23666594647546615,0.30347772290389396,-0.3161015737528859,0.36417326748467277,-0.37680227333676913,0.4046369638718586,-0.42604842760123884,40.46369638718586,0.78
LATO-B.ST,LATO-B.ST,Investment AB Latour (publ),0.2021961545696638,-0.19467096005072004,0.2757220289586324,-0.25689699669217037,0.33086643475035893,-0.3044153972126204,0.36762937194484324,-0.34272459140643285,36.76293719448432,0.78
LOOMIS.ST,LOOMIS.ST,Loomis AB ser. B,0.19453938698242862,-0.19638134668939328,0.2652809822487663,-0.2593855550875531,0.3183371786985196,-0.30750975156896915,0.3537079763316884,-0.3463959498048162,35.370797633168834,0.78
LUG.ST,LUG.ST,Lundin Gold Inc,0.2731565269761751,-0.3477516208218672,0.37248617314932964,-0.4727397274573872,0.4469834077791956,-0.5683366798098783,0.49664823086577287,-0.6465635734881506,49.664823086577286,0.78
SAGA-B.ST,SAGA-B.ST,AB Sagax (publ),0.20427607784168186,-0.20427508484337845,0.2785582879659298,-0.27046034482398806,0.33426994555911577,-0.32101440536037645,0.37141105062123975,-0.36186477077557455,37.14110506212398,0.78
SAND.ST,SAND.ST,Sandvik AB,0.1931897137725301,-0.21646739029569295,0.26344051878072283,-0.2878037976542295,0.31612862253686747,-0.3423230459721954,0.3512540250409638,-0.38661220814064856,35.12540250409638,0.78
SCA-B.ST,SCA-B.ST,Svenska Cellulosa Aktiebolaget SCA (publ),0.17942534956832484,-0.17254699009070731,0.24467093122953387,-0.2258162813565761,0.29360511747544066,-0.2664877544817468,0.32622790830604514,-0.2992218778319058,32.622790830604515,0.78
SEB-A.ST,SEB-A.ST,Skandinaviska Enskilda Banken AB (publ),0.15995190056359757,-0.15911106343053313,0.2181162280412694,-0.2069922959007798,0.26173947364952327,-0.2435514515243528,0.2908216373883592,-0.2729873373880758,29.08216373883592,0.68
SECU-B.ST,SECU-B.ST,Securitas AB,0.17738327799818154,-0.18662529876069595,0.24188628817933844,-0.24574460721968355,0.29026354581520614,-0.29090727239215475,0.3225150509057846,-0.3274453266050878,32.25150509057846,0.78
SHB-A.ST,SHB-A.ST,Svenska Handelsbanken AB (publ),0.14858256269056236,-0.14691548947582253,0.20261258548713046,-0.18984865508010373,0.24313510258455656,-0.22262391976764884,0.2701501139828406,-0.24896827689995393,27.01501139828406,0.68
SKA-B.ST,SKA-B.ST,Skanska AB (publ),0.17336596549279912,-0.1843641413554511,0.23640813476290784,-0.2425834209448609,0.28368976171548943,-0.28706002583086776,0.3152108463505438,-0.3230544874765923,31.52108463505438,0.78
SKF-B.ST,SKF-B.ST,AB SKF (publ),0.19161614601461555,-0.20830439139473061,0.2612947445653848,-0.2762738994957111,0.3135536934784618,-0.3282114197781415,0.34839299275384644,-0.37033770891989193,34.83929927538465,0.78
SSAB-B.ST,SSAB-B.ST,SSAB AB (publ),0.2395395422234003,-0.35687805155564306,0.32664483030463676,-0.48595249510253036,0.3919737963655641,-0.5847231300841159,0.4355264404061823,-0.6659166271839749,43.55264404061823,0.78
SWEC-B.ST,SWEC-B.ST,Sweco AB (publ),0.19901533137804622,-0.20041094006114554,0.2713845427882448,-0.26504351215347216,0.3256614513458938,-0.3144121197403029,0.3618460570509931,-0.35430865109537324,36.18460570509931,0.78
SWED-A.ST,SWED-A.ST,Swedbank AB (publ),0.15317379382619173,-0.14725378175448967,0.20887335521753417,-0.19028527451891414,0.250648026261041,-0.22313078123655936,0.2784978069567122,-0.2494946029837585,27.84978069567122,0.68
TEL2-B.ST,TEL2-B.ST,Tele2 AB (publ),0.2361714458670905,-0.2772150182551568,0.32205197163694155,-0.3733226157873831,0.38646236596432987,-0.44680071997290505,0.4294026288492554,-0.506700789191027,42.94026288492554,0.78
TELIA.ST,TELIA.ST,Telia Company AB,0.16244026158939015,-0.16092961612635498,0.22150944762189564,-0.2095414640076778,0.2658113371462748,-0.24665841842880845,0.2953459301625275,-0.2765430055097845,29.534593016252753,0.68
THULE.ST,THULE.ST,Thule Group AB,0.22650618533141567,-0.24895605531302578,0.3088720709064759,-0.3334463986605546,0.3706464850877711,-0.3980212318470597,0.4118294278753012,-0.45049918092429614,41.182942787530116,0.78
TREL-B.ST,TREL-B.ST,Trelleborg AB (publ),0.23420465662422052,-0.2891747293144761,0.31936998630575525,-0.3902541068138096,0.3832439835669063,-0.4675494225413106,0.42582664840767365,-0.5306845789576139,42.582664840767364,0.78
VOLV-B.ST,VOLV-B.ST,AB Volvo (publ),0.17690396334846528,-0.194227718183471,0.24123267729336173,-0.25650041550483393,0.2894792127520341,-0.3040833046601803,0.3216435697244823,-0.34266585211190126,32.16435697244823,0.78
A.US,A.US,Agilent Technologies Inc,0.21102200536984367,-0.2343667503291813,0.2877572800497868,-0.3129549720472989,0.34530873605974416,-0.3730185090961352,0.3836763733997157,-0.42182732593716765,38.36763733997157,0.78
AA.US,AA.US,Alcoa Corp,0.2579432741194803,-0.3508242573676041,0.35174082834474585,-0.47722359160098116,0.422088994013695,-0.5739206707838113,0.4689877711263278,-0.6532067348549344,46.89877711263278,0.78
ABBNY.US,ABBNY.US,ABB Ltd,0.20006110469768415,-0.22662867005041093,0.27281059731502383,-0.30211146086762336,0.3273727167780286,-0.3598045480645107,0.3637474630866984,-0.40670988576526124,36.37474630866984,0.78
ABBV.US,ABBV.US,AbbVie Inc,0.17532615775954968,-0.19571484741653045,0.23908112421756772,-0.2586178980128591,0.2868973490610813,-0.30668626368489293,0.3187748322900903,-0.3456917478518393,31.87748322900903,0.78
ABT.US,ABT.US,Abbott Laboratories,0.18993263151611584,-0.20028724600039594,0.25899904297652154,-0.264951270288052,0.3107988515718259,-0.31435431295669497,0.34533205730202876,-0.35435851496935533,34.53320573020287,0.78
ACN.US,ACN.US,Accenture plc,0.24419472940061857,-0.2917049964058796,0.3329928128190253,-0.3937414962695817,0.39959137538283035,-0.4717599077756017,0.44399041709203374,-0.5354181653041026,44.399041709203374,0.78
ADI.US,ADI.US,Analog Devices Inc,0.19931057860245988,-0.2438245909306116,0.271787152639718,-0.3264369981052434,0.3261445831676616,-0.3896016835413669,0.3623828701862907,-0.4411262901978699,36.238287018629066,0.78
ADM.US,ADM.US,Archer-Daniels-Midland Company,0.1722778809957886,-0.1991537375629736,0.2349243831760754,-0.2635089742914135,0.28190925981129045,-0.3126950987166839,0.31323251090143384,-0.35266928992972135,31.323251090143383,0.78
ADP.US,ADP.US,Automatic Data Processing Inc,0.1909853538498343,-0.2022276943268779,0.2604345734315922,-0.2676858947540433,0.3125214881179107,-0.3176971362836318,0.34724609790878963,-0.35820495889139753,34.724609790878965,0.78
AEM.US,AEM.US,Agnico Eagle Mines Limited,0.251128229457354,-0.29788300597349304,0.34244758562366456,-0.4024153993267155,0.4109371027483975,-0.4823411137750984,0.45659678083155275,-0.5475472698920182,45.65967808315528,0.78
AEP.US,AEP.US,American Electric Power Co Inc,0.14093824172366454,-0.15477639076040298,0.19218851144136073,-0.2010352413905685,0.23062621372963288,-0.23637106360666496,0.256251348588481,-0.2649402572462133,25.6251348588481,0.68
AFL.US,AFL.US,Aflac Incorporated,0.13857036367905218,-0.14519757818280782,0.18895958683507114,-0.18751031164682383,0.22675150420208537,-0.21982085714542296,0.25194611578009485,-0.24586012628157392,25.194611578009486,0.68
AIG.US,AIG.US,American International Group Inc,0.16756174862191464,-0.18628809178356417,0.22849329357533812,-0.24535713871906614,0.27419195229040577,-0.29049237576042214,0.3046577247671175,-0.32709234452132024,30.46577247671175,0.78
AJG.US,AJG.US,Arthur J Gallagher & Co,0.19901488069350992,-0.21797287270628338,0.2713839282184226,-0.28987983958469393,0.3256607138621071,-0.34483028712323516,0.36184523762456344,-0.38943253113532456,36.184523762456344,0.78
ALIZY.US,ALIZY.US,Allianz SE ADR,0.171861160641273,-0.16386684441681293,0.23435612814719042,-0.21360956520877675,0.2812273537766285,-0.251583584408823,0.3124748375295872,-0.28210914175809326,31.247483752958722,0.78
ALL.US,ALL.US,The Allstate Corporation,0.17007427946665185,-0.18883074919114015,0.23191947199997978,-0.24893012549039253,0.27830336639997577,-0.2948531125221473,0.3092259626666397,-0.3320954310542808,30.92259626666397,0.78
AMGN.US,AMGN.US,Amgen Inc,0.17574436184126915,-0.20150704183331009,0.23965140251082157,-0.26680549062659886,0.28758168301298587,-0.31671143568427007,0.3195352033477621,-0.3572624500063604,31.953520334776208,0.78
AMP.US,AMP.US,Ameriprise Financial Inc,0.18260971076695146,-0.19497251579635896,0.2490132419549338,-0.2575017738604005,0.29881589034592054,-0.3052750579376427,0.3320176559399117,-0.3439687137857996,33.20176559399117,0.78
AMT.US,AMT.US,American Tower Corp,0.17448587978784344,-0.193392922386941,0.2379352906197865,-0.2553418499482745,0.2855223487437438,-0.3026790442502631,0.3172470541597153,-0.3410753977990071,31.72470541597153,0.78
APD.US,APD.US,Air Products and Chemicals Inc,0.17937256780580008,-0.1996774790565703,0.24459895609881827,-0.26418506732557784,0.2935187473185819,-0.31348004890156667,0.326131941465091,-0.3534845831667689,32.6131941465091,0.78
APO.US,APO.US,Apollo Global Management LLC Class A,0.23090831280715837,-0.25272537076238794,0.3148749720097614,-0.3387369391801881,0.37784996641171364,-0.40447405683253024,0.41983329601301517,-0.4578937421965415,41.98332960130152,0.78
ARES.US,ARES.US,Ares Management LP,0.2511639822453348,-0.2895757033813674,0.34249633942545654,-0.3906667738445389,0.41099560731054785,-0.46795182781672207,0.4566617859006087,-0.5309314946165238,45.666178590060866,0.78
ASX.US,ASX.US,ASE Industrial Holding Co Ltd ADR,0.24736116696929986,-0.3460696863238625,0.3373106822308634,-0.4705959511482053,0.4047728186770361,-0.5658677751096015,0.44974757630781786,-0.6440439162741843,44.97475763078179,0.78
AU.US,AU.US,AngloGold Ashanti plc,0.2582198426446033,-0.3663960688189941,0.35211796724264083,-0.49924294069522696,0.422541560691169,-0.6008870758527353,0.4694906229901878,-0.6843413064241649,46.94906229901878,0.78
AXP.US,AXP.US,American Express Company,0.18040575894225638,-0.2001268239430952,0.24600785310307688,-0.2648111308938649,0.29520942372369224,-0.31424054171046,0.3280104708041025,-0.35434945941171647,32.80104708041025,0.78
AZN.US,AZN.US,AstraZeneca PLC,0.17720408437366397,-0.20262982648299693,0.2416419332368145,-0.26838005874401843,0.2899703198841774,-0.31863101393390963,0.32218924431575263,-0.35946024656831027,32.21892443157526,0.78
B.US,B.US,Barrick Mining Corporation,0.24105044544204793,-0.3049361184495209,0.3287051528755199,-0.41248175374255125,0.3944461834506239,-0.49473103957107617,0.43827353716735984,-0.5619833132300294,43.827353716735985,0.78
BAC.US,BAC.US,Bank of America Corp,0.16146114464070652,-0.17284643241324574,0.22017428814641793,-0.22640330099955733,0.26420914577570154,-0.2673158137097653,0.29356571752855726,-0.30040868191097747,29.356571752855725,0.68
BBVA.US,BBVA.US,Banco Bilbao Viscaya Argentaria SA ADR,0.2136138876296042,-0.24161191119549175,0.29129166494946024,-0.3231775805800622,0.3495499979393523,-0.38552285404691866,0.38838888659928034,-0.4362328224321964,38.83888865992803,0.78
BCS.US,BCS.US,Barclays PLC ADR,0.20144736990739204,-0.22371904292117267,0.2747009589646255,-0.2979840063060235,0.32964115075755057,-0.35474104944222695,0.3662679452861673,-0.4008452628271943,36.62679452861673,0.78
BDX.US,BDX.US,Becton Dickinson and Company,0.17578926085310737,-0.19985978689312772,0.2397126284360555,-0.26447551159358285,0.2876551541232666,-0.3138575331081575,0.31961683791474066,-0.35396647070379006,31.961683791474066,0.78
BHP.US,BHP.US,BHP Group Limited,0.19642308499644104,-0.23114995381586673,0.2678496613587832,-0.30853864184024704,0.32141959363053985,-0.3676983013882366,0.35713288181171093,-0.4158715157591226,35.713288181171094,0.78
BKR.US,BKR.US,Baker Hughes Co,0.19237831627303986,-0.22868503468074028,0.2623340676450543,-0.3050895429220804,0.3148008811740652,-0.3634986020555668,0.3497787568600724,-0.4110740517379992,34.977875686007245,0.78
BLK.US,BLK.US,BlackRock Inc,0.17639894060161185,-0.19931035339586325,0.24054400991128885,-0.2636929448292443,0.28865281189354663,-0.31289538544002965,0.32072534654838514,-0.35284765055385553,32.07253465483851,0.78
BMO.US,BMO.US,Bank of Montreal,0.15455291125908716,-0.16232161977724588,0.21075396989875522,-0.2115818600649697,0.25290476387850624,-0.24920528875992687,0.2810052931983403,-0.27958514427692166,28.100529319834028,0.68
BMY.US,BMY.US,Bristol-Myers Squibb Company,0.16818417138006245,-0.20258906521972625,0.22934205188190332,-0.26840452996045344,0.275210462258284,-0.31871576954754166,0.30578940250920444,-0.3596739211942868,30.578940250920443,0.78
BNS.US,BNS.US,Bank of Nova Scotia,0.14980294908619063,-0.15310952750383988,0.2042767487538963,-0.19859723739463242,0.24513209850467557,-0.23333128877823311,0.2723689983385284,-0.26131641303758624,27.23689983385284,0.68
BNY.US,BNY.US,The Bank of New York Mellon Corporation,0.15227964427051965,-0.16863959022133418,0.20765406036889045,-0.22053751513939904,0.24918487244266851,-0.2601874886175618,0.2768720804918539,-0.292295482993815,27.68720804918539,0.68
BP.US,BP.US,BP PLC ADR,0.18395912843222692,-0.20590996536286607,0.2508533569530367,-0.27295737841734813,0.30102402834364406,-0.3241960343394056,0.3344711426040489,-0.36579945015885923,33.447114260404895,0.78
BTI.US,BTI.US,British American Tobacco p.l.c.,0.16606265221812938,-0.18733829128342194,0.22644907120654006,-0.2468559927123756,0.2717388854478481,-0.2923371946252228,0.3019320949420534,-0.32924180485788695,30.19320949420534,0.78
BUD.US,BUD.US,Anheuser Busch Inbev NV ADR,0.19593379231369037,-0.20228982822560385,0.2671824440641232,-0.2677287152882925,0.32061893287694787,-0.31771952497896927,0.3562432587521643,-0.3581672777936687,35.62432587521643,0.78
BX.US,BX.US,Blackstone Group Inc,0.22464616123550732,-0.24745618278357487,0.30633567441205545,-0.33134219205307797,0.36760280929446654,-0.39545541290111386,0.40844756588274056,-0.44756030938126035,40.84475658827406,0.78
C.US,C.US,Citigroup Inc.,0.1803448839256414,-0.21120395805046477,0.24592484171678375,-0.28047711838053896,0.2951098100601405,-0.3334277492791429,0.32789978895571165,-0.3765057198997267,32.78997889557117,0.78
CB.US,CB.US,Chubb Ltd,0.15021762857780252,-0.15864495517822702,0.2048422207879125,-0.20642173908641542,0.245810664945495,-0.24291178844054284,0.27312296105055,-0.27237369705754416,27.312296105055,0.68
CBOE.US,CBOE.US,Cboe Global Markets Inc,0.20503104027952343,-0.2285837790375272,0.2795877821993501,-0.30483115673758693,0.33550533863922016,-0.3631052955306888,0.3727837095991335,-0.4104574513022699,37.278370959913346,0.78
CCEP.US,CCEP.US,Coca-Cola European Partners PLC,0.16702287226522544,-0.1819520106560932,0.22775846217985285,-0.2392298998552323,0.2733101546158234,-0.282991344381658,0.30367794957313715,-0.31843781821986994,30.367794957313716,0.78
CCI.US,CCI.US,Crown Castle,0.18823066461050533,-0.21269569685376838,0.25667817901432544,-0.28251496430224843,0.30801381481719053,-0.33587569442972043,0.3422375720191006,-0.3792311174111929,34.22375720191006,0.78
CCL.US,CCL.US,Carnival Corporation,0.22524747121752622,-0.30637016716438054,0.3071556425693539,-0.41465367351444676,0.3685867710832247,-0.49748707034777306,0.40954085675913854,-0.5653685989070966,40.95408567591385,0.78
CI.US,CI.US,Cigna Corp,0.20773068880141846,-0.23807044879473627,0.2832691210928433,-0.3182227564512207,0.339922945311412,-0.3794901916333465,0.3776921614571244,-0.42934243868324423,37.76921614571244,0.78
CL.US,CL.US,Colgate-Palmolive Company,0.16583613809328582,-0.17684777204852853,0.2261401883090261,-0.2320222202950371,0.2713682259708313,-0.2741709837218608,0.30152025107870145,-0.3082681795776404,30.152025107870145,0.78
CM.US,CM.US,Canadian Imperial Bank Of Commerce,0.16076094898785825,-0.1636573734858928,0.21921947589253396,-0.21341438374729318,0.2630633710710408,-0.2514119567272816,0.2922926345233786,-0.28205347955036475,29.22926345233786,0.68
CMCSA.US,CMCSA.US,Comcast Corp,0.20361345033304296,-0.2218420828632979,0.27765470499960404,-0.2953098641657142,0.3331856459995248,-0.35145275135867443,0.37020627333280537,-0.39702045280660525,37.02062733328054,0.78
CME.US,CME.US,CME Group Inc,0.17797461432664774,-0.18370551534734195,0.24269265589997419,-0.2416100264530254,0.29123118707996903,-0.2858398741790384,0.32359020786663223,-0.3215864069530845,32.35902078666322,0.78
CMI.US,CMI.US,Cummins Inc,0.20125571573531753,-0.2493717510340588,0.27443961236634207,-0.3342641588304723,0.32932753483961047,-0.3991761442376836,0.36591948315512274,-0.45215695137132533,36.591948315512276,0.78
CNI.US,CNI.US,Canadian National Railway Company,0.1624380909323631,-0.17219757797470947,0.2215064876350406,-0.22547678823535863,0.2658077851620487,-0.26617513823463157,0.2953419835133875,-0.29907900024617795,29.53419835133875,0.68
CNQ.US,CNQ.US,Canadian Natural Resources Ltd,0.19165136354332293,-0.2198814684257711,0.2613427684681676,-0.29264603822893587,0.31361132216180115,-0.3482628988232165,0.3484570246242235,-0.39349071040830613,34.84570246242235,0.78
COF.US,COF.US,Capital One Financial Corporation,0.20307528532000366,-0.22956949205972643,0.2769208436181868,-0.3062429704514971,0.33230501234182414,-0.3648462858855567,0.3692277914909157,-0.41249288387261634,36.922779149091575,0.78
COP.US,COP.US,ConocoPhillips,0.18429762413632572,-0.21531458209898252,0.2513149420040805,-0.28625443332487543,0.3015779304048966,-0.34047947820672153,0.335086589338774,-0.38459760558986705,33.5086589338774,0.78
CRH.US,CRH.US,CRH PLC ADR,0.194595677391722,-0.23103288589277693,0.2653577418978027,-0.30838971932406206,0.3184292902773633,-0.36752700850108877,0.3538103225304036,-0.41569718598000654,35.38103225304036,0.78
CSCO.US,CSCO.US,Cisco Systems Inc,0.18822180327976365,-0.22960918455953594,0.2566660953814959,-0.30643432867540693,0.30799931445779505,-0.3651708670941223,0.34222146050866115,-0.4130583828299159,34.222146050866115,0.78
CSX.US,CSX.US,CSX Corporation,0.17276658174673315,-0.18059835411636213,0.23559079329099974,-0.23726325028548176,0.2827089519491997,-0.2805478146025941,0.314121057721333,-0.31554252919374026,31.412105772133298,0.78
CTAS.US,CTAS.US,Cintas Corporation,0.18238247080232617,-0.1834018861293968,0.24870336927589928,-0.24114050122913946,0.29844404313107914,-0.28523805338979247,0.3316044923678657,-0.32083489139617205,33.16044923678657,0.78
CTSH.US,CTSH.US,Cognizant Technology Solutions Corp Class A,0.24106139432931695,-0.2713173794637349,0.32872008317634127,-0.36493757744144306,0.3944640998116095,-0.43650148698104907,0.4382934442351217,-0.4947454769312376,43.82934442351217,0.78
CVE.US,CVE.US,Cenovus Energy Inc,0.21299608764381714,-0.24941294250273127,0.290449210423387,-0.3342155292419363,0.3485390525080644,-0.39904527741843476,0.3872656138978493,-0.45185510395530115,38.72656138978493,0.78
CVS.US,CVS.US,CVS Health Corp,0.18697901405632128,-0.21836244308188746,0.25497138280407444,-0.29054034856877003,0.30596565936488934,-0.345712344852578,0.3399618437387659,-0.3906055729764771,33.996184373876595,0.78
CVX.US,CVX.US,Chevron Corp,0.16648520135121728,-0.17837930812929603,0.22702527456984173,-0.23418223038747216,0.2724303294838101,-0.27681250276249975,0.3027003660931223,-0.3113100096689158,30.27003660931223,0.78
D.US,D.US,Dominion Energy Inc,0.1494555523361633,-0.16478584179183894,0.20380302591294996,-0.21511320208305548,0.24456363109553994,-0.25356124182440326,0.27173736788393327,-0.2846804109617671,27.173736788393327,0.68
DB.US,DB.US,Deutsche Bank AG,0.20639567461811023,-0.23510073694286532,0.2814486472065139,-0.31403510350394453,0.3377383766478167,-0.3743694936935962,0.37526486294201855,-0.42344670635277426,37.52648629420185,0.78
DE.US,DE.US,Deere & Company,0.1862889726815992,-0.22343584160628624,0.2540304172930898,-0.2977214996340527,0.30483650075170776,-0.3545116139231708,0.33870722305745304,-0.4007749531975383,33.8707223057453,0.78
DHI.US,DHI.US,DR Horton Inc,0.20264973828830943,-0.24487706187272004,0.276340552211331,-0.3278950174238286,0.33160866265359723,-0.39136710403257124,0.368454069615108,-0.4431219504923681,36.845406961510804,0.78
DIS.US,DIS.US,Walt Disney Company,0.17358219007861325,-0.19280907802780387,0.23670298647083626,-0.25452439643419145,0.2840435837650035,-0.3016833610286713,0.315603981961115,-0.3399372843803076,31.5603981961115,0.78
DLR.US,DLR.US,Digital Realty Trust Inc,0.17062144557064762,-0.1980924857784529,0.23266560759633764,-0.26202321764011627,0.27919872911560517,-0.31088548663789184,0.3102208101284502,-0.3506009969745936,31.02208101284502,0.78
DTEGY.US,DTEGY.US,Deutsche Telekom AG ADR,0.19620398246671716,-0.19692318154479269,0.267550885181887,-0.2601366709848329,0.3210610622182644,-0.308419566589876,0.35673451357584934,-0.3474251418452201,35.67345135758494,0.78
DUK.US,DUK.US,Duke Energy Corporation,0.13838626159603268,-0.13926898935947254,0.18870853854004455,-0.17912769697330488,0.22645024624805346,-0.209555411003578,0.2516113847200594,-0.234008973793984,25.161138472005938,0.68
DVN.US,DVN.US,Devon Energy Corporation,0.1977551922550007,-0.23662170138756441,0.26966617125681913,-0.316264734100384,0.32359940550818295,-0.37715270238505216,0.35955489500909216,-0.4267714146649651,35.955489500909216,0.78
EADSY.US,EADSY.US,Airbus Group NV,0.2059850224282472,-0.2252738517611903,0.2808886669476098,-0.30014152773887187,0.33706640033713176,-0.35735590222514085,0.37451822259681306,-0.40380637551563797,37.45182225968131,0.78
EBAY.US,EBAY.US,eBay Inc,0.21452493828947208,-0.2650599944000178,0.292534006758371,-0.3563298837493047,0.35104080811004523,-0.42612043384237613,0.39004534234449467,-0.48309917263783475,39.004534234449466,0.78
ECL.US,ECL.US,Ecolab Inc,0.16449731841430978,-0.1730978180205011,0.22431452511042244,-0.22673117292514078,0.2691774301325069,-0.26769893223548,0.29908603348056323,-0.300812087438352,29.908603348056324,0.68
ED.US,ED.US,Consolidated Edison Inc,0.14015472283398933,-0.1469600023786741,0.19112007659180363,-0.1899883320066595,0.22934409191016436,-0.22284617688492447,0.2548267687890715,-0.2493331229191449,25.48267687890715,0.68
ELV.US,ELV.US,Elevance Health Inc,0.20591853927311662,-0.24615854643573162,0.28079800809970445,-0.32967755144934424,0.3369576097196454,-0.39353039958731806,0.3743973441329393,-0.4455779406770703,37.43973441329393,0.78
EMR.US,EMR.US,Emerson Electric Company,0.2070101045895284,-0.22788287573554433,0.2822865062584478,-0.30382191258680524,0.3387438075101374,-0.3618572086086794,0.37638200834459706,-0.4089908753208859,37.63820083445971,0.78
ENB.US,ENB.US,Enbridge Inc,0.14437465225657364,-0.14624123877705092,0.19687452580441858,-0.18893342897547288,0.2362494309653023,-0.22152855904863802,0.2624993677392248,-0.24775748893479577,26.249936773922478,0.68
EOG.US,EOG.US,EOG Resources Inc,0.18420211371334466,-0.20188082455004808,0.25118470051819725,-0.26725710072247644,0.3014216406218367,-0.3172131726374004,0.334912934024263,-0.3577332162876594,33.4912934024263,0.78
EPD.US,EPD.US,Enterprise Products Partners LP,0.15449165101821838,-0.14883311193659438,0.2106704332066614,-0.1925067870473924,0.2528045198479937,-0.2258435629890754,0.2808939109422152,-0.2526101334762289,28.089391094221522,0.68
EQIX.US,EQIX.US,Equinix Inc,0.16586831423718898,-0.18424846285155155,0.22618406486889403,-0.2424880846713416,0.2714208778426729,-0.2869888020118501,0.3015787531585254,-0.32306850814624966,30.15787531585254,0.78
EQNR.US,EQNR.US,Equinor ASA ADR,0.2215766102600944,-0.2591921619760762,0.3021499230819469,-0.3479673178669907,0.36257990769833626,-0.4158355941360446,0.4028665641092625,-0.47113272579818566,40.286656410926255,0.78
EQT.US,EQT.US,EQT Corporation,0.19339794680811648,-0.22012325714074943,0.2637244729201588,-0.2929720783968861,0.3164693675041906,-0.3486516065521169,0.35163263056021177,-0.393917126931415,35.16326305602118,0.78
ET.US,ET.US,Energy Transfer LP,0.14134141437542647,-0.14280611178506725,0.19273829233012696,-0.18410304007645917,0.23128595079615238,-0.21563098811951018,0.25698438977350263,-0.24098650455421142,25.698438977350264,0.68
ETR.US,ETR.US,Entergy Corporation,0.15430066694398878,-0.1649488745537062,0.21041000037816648,-0.21529965580760324,0.2524920004537998,-0.25376017209527774,0.28054666717088866,-0.2848479090983364,28.054666717088868,0.68
EXC.US,EXC.US,Exelon Corporation,0.15160787923524355,-0.1580406548738768,0.20673801713896844,-0.20555447270317403,0.24808562056676214,-0.24184116436289715,0.2756506895186246,-0.2711195973364184,27.565068951862457,0.68
F.US,F.US,Ford Motor Company,0.20068901165464922,-0.2536600666239216,0.27366683407452164,-0.3403339121122766,0.328400200889426,-0.4066134854540859,0.3648891120993622,-0.46075212923005465,36.48891120993622,0.78
FANG.US,FANG.US,Diamondback Energy Inc,0.18774758076749862,-0.22381834124813355,0.2560194283193163,-0.2982491567991689,0.30722331398317954,-0.35514900012203265,0.3413592377590884,-0.40149221621660347,34.135923775908836,0.78
FAST.US,FAST.US,Fastenal Company,0.17570806104892864,-0.19271407556181716,0.2396019014303572,-0.25437068895059434,0.2875222817164287,-0.3014821965864286,0.31946920190714295,-0.3396777054893057,31.946920190714295,0.78
FDX.US,FDX.US,FedEx Corporation,0.17383691893125913,-0.20735241442811717,0.23705034399717154,-0.27508946098874404,0.28446041279660583,-0.3268687712145797,0.31606712532956205,-0.3690156206003022,31.606712532956205,0.78
FERG.US,FERG.US,Ferguson Plc,0.18510574015694142,-0.2168548491028433,0.2524169183958292,-0.2884253428073873,0.302900302074995,-0.343133380174147,0.3365558911944389,-0.3876516921641867,33.65558911944389,0.78
FITB.US,FITB.US,Fifth Third Bancorp,0.17957270209900322,-0.19739667668084485,0.24487186649864073,-0.2609577036709883,0.2938462397983689,-0.3095261362535985,0.32649582199818766,-0.34891642856572225,32.64958219981877,0.78
GD.US,GD.US,General Dynamics Corporation,0.16275057454806396,-0.17290744669870628,0.22193260165645085,-0.22647784939407142,0.26631912198774105,-0.26739928481011593,0.29591013554193446,-0.3004885109576577,29.591013554193445,0.68
GILD.US,GILD.US,Gilead Sciences Inc,0.17814873080952098,-0.20059439280892993,0.2429300874675286,-0.26549292087414805,0.2915161049610343,-0.3150892690968465,0.32390678329003814,-0.35535846351863914,32.39067832900381,0.78
GRMN.US,GRMN.US,Garmin Ltd,0.20542016640862562,-0.2382421152510842,0.28011840873903493,-0.3184865642370368,0.3361420904868419,-0.3798273223810156,0.3734912116520466,-0.4297613886924315,37.34912116520466,0.78
GS.US,GS.US,Goldman Sachs Group Inc,0.18746565148214778,-0.2234246354766559,0.2556349792938378,-0.2976949394123897,0.30676197515260545,-0.3544719375854434,0.3408466390584505,-0.40071403145025963,34.08466390584505,0.78
GSK.US,GSK.US,GlaxoSmithKline PLC ADR,0.1915378729781123,-0.2024244885121751,0.2611880086065168,-0.26795917368333055,0.3134256103278201,-0.3180284773925647,0.3482506781420224,-0.35858046481779376,34.825067814202235,0.78
HBAN.US,HBAN.US,Huntington Bancshares Incorporated,0.18377674387357867,-0.1997947049120259,0.2506046507366982,-0.26431075456033865,0.30072558088403784,-0.3136072338722818,0.33413953431559756,-0.353574898206371,33.413953431559754,0.78
HD.US,HD.US,The Home Depot Inc,0.17985392399735328,-0.19245666802819444,0.24525535090548173,-0.25396891622131806,0.29430642108657806,-0.30096494659834994,0.3270071345406423,-0.33902720763465727,32.70071345406423,0.78
HDB.US,HDB.US,HDFC Bank Limited ADR,0.20625769955783144,-0.20838665374599488,0.28126049939704284,-0.27625694085113517,0.3375125992764514,-0.32810172075877325,0.3750139991960571,-0.3700230555064607,37.50139991960571,0.78
HESAY.US,HESAY.US,Hermes International SA,0.22208181881120884,-0.24101717992466032,0.3028388438334666,-0.32225941238799805,0.3634066126001599,-0.3843469002404574,0.4037851251112888,-0.4347662275973174,40.378512511128875,0.78
HIG.US,HIG.US,Hartford Financial Services Group,0.15086605181690763,-0.1587725292390633,0.20572643429578308,-0.20659625287587174,0.24687172115493972,-0.24312158495425026,0.27430191239437746,-0.2726076240550278,27.430191239437747,0.68
HON.US,HON.US,Honeywell International Inc,0.16818360265343624,-0.19295008296329516,0.22934127634559487,-0.25477295570356284,0.27520953161471384,-0.30202057234171964,0.30578836846079316,-0.340395975294296,30.578836846079316,0.78
HPE.US,HPE.US,Hewlett Packard Enterprise Co,0.2313731489390602,-0.3271100599575863,0.31550883946235475,-0.44392854365324885,0.3786106073548257,-0.533304111630017,0.420678452616473,-0.606647907768076,42.0678452616473,0.78
HPQ.US,HPQ.US,HP Inc,0.22713092962085685,-0.2796904282951082,0.309723994937532,-0.37690567815595316,0.37166879392503843,-0.4512439669883176,0.41296532658337604,-0.5119474807117156,41.296532658337604,0.78
HSBC.US,HSBC.US,HSBC Holdings PLC ADR,0.17779000760120936,-0.20019410996285514,0.24244091945619456,-0.2649301012231434,0.2909291033474335,-0.31440213740767553,0.3232545592749261,-0.35456963785876155,32.325455927492605,0.78
HSY.US,HSY.US,Hershey Co,0.1857519384534172,-0.20450624029077666,0.2532980978910234,-0.27095588982698315,0.3039577174692281,-0.32173383238918996,0.33773079718803123,-0.36293332623216873,33.773079718803125,0.78
IBM.US,IBM.US,International Business Machines,0.24318450251187662,-0.31265661487733976,0.3316152306980135,-0.4233807562658891,0.39793827683761623,-0.5080665753045559,0.4421536409306847,-0.5773544642179271,44.21536409306847,0.78
ICE.US,ICE.US,Intercontinental Exchange Inc,0.18027298558901675,-0.18896383640919978,0.24582679853047737,-0.24902549128159746,0.2949921582365729,-0.2949079669846801,0.32776906470730316,-0.33202782965366806,32.77690647073032,0.78
INFY.US,INFY.US,Infosys Ltd ADR,0.22798342046302209,-0.26529657168858756,0.31088648244957556,-0.3565419299403839,0.37306377893949066,-0.42629839299027317,0.4145153099327674,-0.48313186779838524,41.45153099327674,0.78
ING.US,ING.US,ING Group NV ADR,0.1775006091156742,-0.20308899171701014,0.24204628515773752,-0.2690267169149849,0.29045554218928504,-0.31942120419781384,0.3227283802103167,-0.36036887259023453,32.27283802103167,0.78
INTU.US,INTU.US,Intuit Inc,0.24639734461444485,-0.3091779532589727,0.3359963790196975,-0.41843193644665205,0.403195654823637,-0.5019860196401861,0.4479951720262633,-0.5702919934214726,44.79951720262633,0.78
ITUB.US,ITUB.US,Itau Unibanco Banco Holding SA,0.1965120180271794,-0.2223527331001007,0.26797093367342645,-0.2960966833557786,0.32156512040811175,-0.3524595363881076,0.3572945782312353,-0.39827416379203917,35.729457823123525,0.78
ITW.US,ITW.US,Illinois Tool Works Inc,0.1657442240494716,-0.1729125168302323,0.22601485097655216,-0.226457765769798,0.2712178211718626,-0.2673565048420935,0.30135313463540286,-0.30040067723702735,30.135313463540285,0.78
JCI.US,JCI.US,Johnson Controls International PLC,0.18014977389199546,-0.20895942510547105,0.2456587825799938,-0.27730464570994606,0.29479053909599257,-0.3295434646940464,0.32754504343999175,-0.3720230394290222,32.75450434399917,0.78
JD.US,JD.US,JD.com Inc Adr,0.20067576650529856,-0.22820552833257304,0.2736487725072253,-0.3043358794191654,0.3283785270086704,-0.36252515998061996,0.3648650300096337,-0.4098434861249726,36.486503000963374,0.78
JNJ.US,JNJ.US,Johnson & Johnson,0.15830951305130175,-0.1560772186586048,0.21587660870632058,-0.20271674360291425,0.2590519304475847,-0.23832496621180912,0.2878354782750941,-0.2669733987082579,28.78354782750941,0.68
JPM.US,JPM.US,JPMorgan Chase & Co,0.1641898233686181,-0.17644206967369427,0.22389521368447918,-0.23146345837192184,0.26867425642137505,-0.27349664221170156,0.2985269515793056,-0.30751065421896107,29.852695157930558,0.68
KDP.US,KDP.US,Keurig Dr Pepper Inc,0.19874962348383235,-0.21641518051846595,0.27102221384158953,-0.2876793450406697,0.32522665660990746,-0.3421368538195487,0.3613629517887861,-0.3863258279047337,36.136295178878605,0.78
KMB.US,KMB.US,Kimberly-Clark Corporation,0.19440526507063738,-0.204014051941772,0.2650980887326873,-0.27018105140496923,0.31811770647922477,-0.32073229493962735,0.35346411831024976,-0.3616657497539595,35.34641183102497,0.78
KMI.US,KMI.US,Kinder Morgan Inc,0.15301174053439962,-0.16324820564467066,0.20865237345599946,-0.21290628102303044,0.25038284814719936,-0.25083672720794,0.27820316460799926,-0.2814887543263973,27.820316460799926,0.68
KO.US,KO.US,The Coca-Cola Company,0.1399851078503558,-0.15383090677612107,0.19088878343230337,-0.19970680234843044,0.22906654011876404,-0.2347498537912871,0.2545183779097378,-0.26308048274986684,25.45183779097378,0.68
KR.US,KR.US,Kroger Company,0.18593714961475302,-0.20848051049948277,0.2535506585655723,-0.27657467051356194,0.30426079027868674,-0.3286142802938975,0.3380675447540964,-0.37087580519339175,33.80675447540964,0.78
LHX.US,LHX.US,L3Harris Technologies Inc,0.18628035848517166,-0.20530100211393354,0.25401867066159767,-0.2720750420952547,0.30482240479391726,-0.3231012989035652,0.33869156088213026,-0.36450555613198865,33.869156088213025,0.78
LIN.US,LIN.US,Linde plc Ordinary Shares,0.15445861107895945,-0.15748175701530298,0.21062537874403559,-0.2047381190060168,0.2527504544928427,-0.24082402475172765,0.2808338383253808,-0.2699085049407491,28.08338383253808,0.68
LMT.US,LMT.US,Lockheed Martin Corporation,0.1810562591401795,-0.20176987578700348,0.24689489882751747,-0.2671288350092001,0.296273878593021,-0.3170751869692935,0.32919319843669,-0.3576142740021465,32.919319843669,0.78
LOW.US,LOW.US,Lowe's Companies Inc,0.18774068162518986,-0.20383051495202162,0.25601002039798615,-0.2699821645779223,0.3072120244775834,-0.32052918827299953,0.34134669386398153,-0.3615167894144915,34.13466938639815,0.78
LRLCY.US,LRLCY.US,L’Oreal Co ADR,0.19276975613303882,-0.205455316988594,0.26286784927232565,-0.2722341974840623,0.31544141912679075,-0.32325680872816576,0.35049046569643416,-0.36460180559465216,35.049046569643416,0.78
LVMUY.US,LVMUY.US,LVMH Moet Hennessy Louis Vuitton SA ADR,0.2080319396419599,-0.22863322891913396,0.2836799176935817,-0.30487376955579326,0.34041590123229803,-0.36313925867526864,0.3782398902581089,-0.4104581398136219,37.82398902581089,0.78
LYG.US,LYG.US,Lloyds Banking Group PLC ADR,0.18872875846629622,-0.21328686016071802,0.25735739790858575,-0.28334646087396587,0.3088288774903029,-0.33689104029835765,0.34314319721144765,-0.3803971427716299,34.31431972114476,0.78
MCD.US,MCD.US,McDonald’s Corporation,0.15202656772250508,-0.15334789031613302,0.2073089559852342,-0.19891408972423974,0.24877074718228104,-0.23370584635987315,0.2764119413136456,-0.2617203656886204,27.64119413136456,0.68
MCHP.US,MCHP.US,Microchip Technology Inc,0.23092452200972716,-0.3084534643696661,0.31489707546780976,-0.4175482173979076,0.3778764905613717,-0.500997667186997,0.419862767290413,-0.5693493989281048,41.9862767290413,0.78
MDLZ.US,MDLZ.US,Mondelez International Inc,0.1628567001567174,-0.17890601604067624,0.2220773183955237,-0.2349601413558408,0.26649278207462845,-0.27778728380846174,0.2961030911940316,-0.3124821764398599,29.610309119403162,0.68
MDT.US,MDT.US,Medtronic PLC,0.17186599385523588,-0.18289692149946232,0.23436271889350346,-0.24052211431098874,0.28123526267220417,-0.2845445615421409,0.31248362519133793,-0.32016913774548056,31.248362519133792,0.78
MET.US,MET.US,MetLife Inc,0.16801023192719244,-0.18305737039756742,0.22910486171889877,-0.2407841257734737,0.2749258340626785,-0.2848888776369897,0.30547314895853167,-0.3206162241138812,30.547314895853166,0.78
MFC.US,MFC.US,Manulife Financial Corp,0.16005354581933648,-0.16505142803407602,0.21825483520818606,-0.21539231472073725,0.2619058022498233,-0.253838714126715,0.2910064469442481,-0.2848647400231556,29.10064469442481,0.68
MFG.US,MFG.US,Mizuho Financial Group Inc.,0.21655584775447653,-0.23113327798698544,0.2953034287561043,-0.3083317720831154,0.3543641145073252,-0.3673226575243206,0.3937379050081391,-0.4151792736838243,39.37379050081391,0.78
MMM.US,MMM.US,3M Company,0.17855105136261143,-0.20021205721457613,0.243478706403561,-0.2649485540068524,0.29217444768427325,-0.31442011497706795,0.32463827520474803,-0.3545806254754668,32.4638275204748,0.78
MO.US,MO.US,Altria Group,0.17617194210059953,-0.19030602548200803,0.2402344665008175,-0.25096096874410934,0.288281359800981,-0.29730334175721906,0.32031262200109,-0.3348464237679964,32.031262200109,0.78
MPC.US,MPC.US,Marathon Petroleum Corp,0.1952232110773483,-0.23022921603251278,0.2662134696509295,-0.30724744550673827,0.3194561635811154,-0.36612420302442106,0.354951292867906,-0.4140693087934032,35.4951292867906,0.78
MRK.US,MRK.US,Merck & Company Inc,0.16773168459444443,-0.20256204051592797,0.22872502444696965,-0.26837043065035754,0.2744700293363636,-0.3186767548799978,0.3049666992626262,-0.35963468044512864,30.49666992626262,0.78
MRSH.US,MRSH.US,"Marsh & McLennan Companies, Inc.",0.17996717124944964,-0.19565352247405537,0.24540977897652222,-0.2584889201444077,0.29449173477182666,-0.3065001103873275,0.32721303863536294,-0.34541721025267413,32.72130386353629,0.78
MS.US,MS.US,Morgan Stanley,0.1738571323856496,-0.20350116717239453,0.23707790779861304,-0.26964279086646686,0.2844934893583357,-0.3201978671448691,0.3161038770648174,-0.3613124645576223,31.610387706481742,0.78
MSCI.US,MSCI.US,MSCI Inc,0.1849864614950532,-0.2180757194274026,0.25225426567507253,-0.2901530000787836,0.30270511881008705,-0.3452500440245302,0.3363390209000967,-0.3900973364786034,33.63390209000967,0.78
MSI.US,MSI.US,Motorola Solutions Inc,0.17533202096930753,-0.18856769191278552,0.23908911950360118,-0.24851024038902292,0.2869069434043214,-0.2943069262366991,0.3187854926714682,-0.33139724495748457,31.878549267146823,0.78
MTB.US,MTB.US,M&T Bank Corporation,0.15918016541098023,-0.17288100309165386,0.21706386192406393,-0.2264729571189894,0.26047663430887674,-0.2674149787622329,0.2894184825654186,-0.30055247349713016,28.941848256541856,0.68
MUFG.US,MUFG.US,Mitsubishi UFJ Financial Group Inc ADR,0.18313001697370052,-0.19624560250303738,0.2497227504186825,-0.2592974535335859,0.299667300502419,-0.30747114720281504,0.33296366722491,-0.3464978589960263,33.296366722491,0.78
NDAQ.US,NDAQ.US,Nasdaq Inc,0.1912256140464585,-0.2044220514114789,0.2607622009724434,-0.27078699699998715,0.3129146411669321,-0.3214937360767671,0.3476829346299245,-0.36258580999961915,34.76829346299245,0.78
NEE.US,NEE.US,Nextera Energy Inc,0.16263911404575554,-0.1735034867667434,0.2217806100623939,-0.2273217920668031,0.2661367320748727,-0.26843357625253317,0.29570748008319186,-0.30168423889198936,29.570748008319185,0.68
NEM.US,NEM.US,Newmont Goldcorp Corp,0.24454400571849577,-0.30942144382108355,0.33346909870703967,-0.4187931567060391,0.4001629184484476,-0.5024396790010485,0.44462546494271954,-0.5708396292731981,44.462546494271955,0.78
NGG.US,NGG.US,National Grid PLC ADR,0.16641161662889198,-0.17191258774933788,0.2269249317666709,-0.22503757662970336,0.27230991812000505,-0.2656130819065773,0.3025665756888945,-0.29837897713627565,30.25665756888945,0.78
NKE.US,NKE.US,Nike Inc,0.22356866837619632,-0.24862980518841088,0.3048663659675404,-0.3330117541577889,0.3658396391610485,-0.39750674493905724,0.40648848795672055,-0.4499428175936008,40.64884879567205,0.78
NOC.US,NOC.US,Northrop Grumman Corporation,0.18903832910459895,-0.19823972920136881,0.2577795396880894,-0.26206378589762475,0.30933544762570736,-0.31082331301966204,0.3437060529174526,-0.35029274945022343,34.37060529174526,0.78
NOK.US,NOK.US,Nokia Corp ADR,0.2510608571371875,-0.36330062475747193,0.34235571427798295,-0.49493049637975217,0.4108268571335795,-0.5956489136191342,0.45647428570397725,-0.6783847123722723,45.64742857039772,0.78
NSC.US,NSC.US,Norfolk Southern Corporation,0.15314138207776026,-0.164283214297333,0.20882915737876398,-0.21436882405370047,0.2505949888545168,-0.25262718187476474,0.27843887650501864,-0.2835545288175757,27.843887650501863,0.68
NSRGY.US,NSRGY.US,Nestle SA ADR,0.16982453350241178,-0.18081271218664127,0.2315789093214706,-0.23759318247624897,0.2778946911857647,-0.28096976660065875,0.30877187909529413,-0.31606753054956727,30.877187909529415,0.78
NTAP.US,NTAP.US,NetApp Inc,0.23355460721369545,-0.28407631669050715,0.3184835552914029,-0.38304978051649907,0.38218026634968344,-0.45872990908870853,0.42464474038853717,-0.5205090280540206,42.464474038853716,0.78
NTES.US,NTES.US,NetEase Inc,0.21364480517466497,-0.2310779867292719,0.29133382523817947,-0.3082800802648125,0.34960059028581536,-0.367277029154096,0.3884451003175726,-0.4151639616528275,38.84451003175726,0.78
NVO.US,NVO.US,Novo Nordisk A/S,0.25797534127153277,-0.3086111305366697,0.3517845562793628,-0.4175249231904881,0.4221414675352354,-0.5008048380515715,0.4690460750391504,-0.5687794317226347,46.90460750391504,0.78
NVS.US,NVS.US,Novartis AG ADR,0.16748838245120784,-0.17340527300579509,0.2283932487971016,-0.22713874959992167,0.2740718985565219,-0.26817994272886436,0.3045243317294688,-0.30132910804045976,30.45243317294688,0.78
NWG.US,NWG.US,Natwest Group PLC,0.20301242118851512,-0.2274311306173878,0.27683511980252057,-0.3032194430069871,0.3322021437630247,-0.3611436179748441,0.36911349307002744,-0.40821821835951505,36.911349307002745,0.78
NXPI.US,NXPI.US,NXP Semiconductors NV,0.23616747077449193,-0.31635262394044306,0.32204655105612534,-0.42867158473515393,0.38645586126735043,-0.5145891099721832,0.4293954014081671,-0.584976130655539,42.93954014081671,0.78
O.US,O.US,Realty Income Corporation,0.1441246220043002,-0.14463036501847337,0.19653357546040937,-0.1866575857081783,0.23584029055249126,-0.21874275029796234,0.2620447672805458,-0.24454392422589694,26.204476728054583,0.68
OKE.US,OKE.US,ONEOK Inc,0.17916432855204553,-0.19838208334262036,0.24431499348006208,-0.26235499692673175,0.2931779921760745,-0.31123994435762103,0.3257533246400828,-0.35090060684171914,32.57533246400828,0.78
ORCL.US,ORCL.US,Oracle Corporation,0.2477076062688892,-0.3997990168627597,0.3377830994575762,-0.5465775451462657,0.4053397193490914,-0.6589237384962506,0.4503774659434349,-0.7514912393385377,45.03774659434349,0.78
OXY.US,OXY.US,Occidental Petroleum Corporation,0.20134639775116292,-0.24165073617552832,0.2745632696606767,-0.32334416934263366,0.329475923592812,-0.38580139233771105,0.3660843595475689,-0.43671195387920037,36.60843595475689,0.78
PAYX.US,PAYX.US,Paychex Inc,0.19435393605086482,-0.20644683864191554,0.26502809461481563,-0.2736219986447192,0.31803371353777876,-0.3249468891834203,0.3533707928197542,-0.36653300301307545,35.33707928197542,0.78
PBR.US,PBR.US,Petroleo Brasileiro Petrobras SA ADR,0.19960497493066662,-0.2292911532916506,0.27218860217818175,-0.30588093333483324,0.3266263226138181,-0.36442396055071796,0.36291813623757563,-0.4120497801310248,36.29181362375756,0.78
PCAR.US,PCAR.US,PACCAR Inc,0.17088720416466896,-0.20217846102444262,0.233028005679094,-0.267799239809975,0.27963360681491284,-0.3179580260185594,0.31070400757212535,-0.35876424991258693,31.070400757212536,0.78
PCG.US,PCG.US,PG&E Corp,0.17339292140198145,-0.19800853233852594,0.23644489282088377,-0.26187925831965886,0.28373387138506057,-0.31069233997164264,0.3152598570945117,-0.35034238724935063,31.52598570945117,0.78
PEP.US,PEP.US,PepsiCo Inc,0.15867559543938078,-0.1712426130893538,0.21637581196279193,-0.22416051730971162,0.25965097435535034,-0.26458589459282267,0.2885010826170559,-0.2972922066916006,28.850108261705593,0.68
PFE.US,PFE.US,Pfizer Inc,0.1614742788421118,-0.1828185451986572,0.22019219842106152,-0.24050587857379968,0.26423063810527386,-0.28458779349348096,0.2935895978947487,-0.3203524776352089,29.35895978947487,0.68
PG.US,PG.US,Procter & Gamble Company,0.15175047529466543,-0.16058596982879708,0.2069324663109074,-0.2091527934532708,0.2483189595730889,-0.24624732315564477,0.27590995508120986,-0.2762055604661324,27.590995508120987,0.68
PGR.US,PGR.US,Progressive Corp,0.17530815942473818,-0.19355651185690953,0.23905658103373387,-0.25556571444725523,0.2868678972404807,-0.3029482268336009,0.3187421080449785,-0.3413756657690094,31.87421080449785,0.78
PLD.US,PLD.US,Prologis Inc,0.1546167107144966,-0.1737339385020433,0.2108409691561317,-0.22772073516011027,0.25300916298735804,-0.2689709057613514,0.2811212922081756,-0.3024076937443394,28.11212922081756,0.68
PM.US,PM.US,Philip Morris International Inc,0.17699190603275244,-0.204399234580669,0.2413525991355715,-0.27088431132262,0.28962311896268583,-0.3216993731525434,0.32180346551409533,-0.3630060067820842,32.180346551409535,0.78
PNC.US,PNC.US,PNC Financial Services Group Inc,0.175945980730408,-0.17548566898658113,0.2399263373596473,-0.23000387671783531,0.28791160483157674,-0.27163762320963303,0.3199017831461964,-0.3052131058765307,31.990178314619637,0.78
PRU.US,PRU.US,"Prudential Financial, Inc.",0.17286184942719518,-0.18016116844606236,0.23572070376435703,-0.23664410907423525,0.28286484451722843,-0.27978894594822074,0.31429427168580937,-0.3146650400017802,31.429427168580936,0.78
PSA.US,PSA.US,Public Storage,0.16592058833880619,-0.18330601159007082,0.22625534773473568,-0.24115478141750724,0.27150641728168284,-0.2853555281903441,0.3016737969796476,-0.321181894834508,30.16737969796476,0.78
PSX.US,PSX.US,Phillips 66,0.18114716647845397,-0.21591460354515485,0.24701886337970994,-0.2871316732299204,0.29642263605565194,-0.34157300834575405,0.3293584845062799,-0.3859007543691966,32.935848450627994,0.78
QCOM.US,QCOM.US,Qualcomm Incorporated,0.2522636067126206,-0.3320712015038954,0.3439958273353917,-0.45075447276267916,0.41279499280247006,-0.5415372500660491,0.4586611031138556,-0.6158865031517414,45.86611031138556,0.78
RACE.US,RACE.US,Ferrari NV,0.2316075277117021,-0.257103059777593,0.3158284468795937,-0.34492156077772923,0.3789941362555125,-0.4120443935652712,0.4211045958394583,-0.46662623683007576,42.11045958394583,0.78
RCL.US,RCL.US,Royal Caribbean Cruises Ltd,0.2366778570816576,-0.30747168927027735,0.3227425323840785,-0.41610739997431206,0.3872910388608942,-0.4991980891688046,0.43032337651210467,-0.5671975577633369,43.03233765121047,0.78
RELX.US,RELX.US,Relx PLC ADR,0.22808103505226163,-0.23829862690105894,0.311019593253084,-0.31836018159261464,0.3732235119037008,-0.37953489963483,0.414692791004112,-0.42913278356404383,41.4692791004112,0.78
RHHBY.US,RHHBY.US,Roche Holding Ltd ADR,0.18456026674463646,-0.20924086183069157,0.25167309101541335,-0.2776625046764665,0.302007709218496,-0.32995496243599987,0.33556412135388447,-0.3724415694770132,33.55641213538845,0.78
RIO.US,RIO.US,Rio Tinto ADR,0.18709426559820164,-0.2127967861324523,0.2551285439975477,-0.2826682717893379,0.3061542527970572,-0.33607035918173406,0.34017139199673024,-0.3794704872089634,34.017139199673025,0.78
ROK.US,ROK.US,Rockwell Automation Inc,0.1864675791884014,-0.21870702303204495,0.2542739716205473,-0.2910323142573366,0.3051287659446568,-0.34631798362955846,0.3390319621607298,-0.3913114707451967,33.90319621607298,0.78
RSG.US,RSG.US,Republic Services Inc,0.15323804233263472,-0.15726901824113057,0.20896096681722914,-0.20444837287698936,0.250753160180675,-0.24047657308482862,0.2786146224229722,-0.26952297327864766,27.86146224229722,0.68
RTX.US,RTX.US,RTX Corporation,0.16905262828493745,-0.1923546865800815,0.23052631129764195,-0.2539230265446613,0.27663157355717033,-0.3009743477265619,0.3073684150635226,-0.33917674168901957,30.73684150635226,0.78
RY.US,RY.US,Royal Bank of Canada,0.13939938572586277,-0.14064924857777733,0.19009007144435833,-0.1810704549029393,0.22810808573323,-0.21192864036052578,0.25345342859247777,-0.23673633544089007,25.345342859247776,0.68
SAN.US,SAN.US,Banco Santander SA ADR,0.1973364193672146,-0.23509025084174673,0.269095117318929,-0.3141027484331078,0.3229141407827148,-0.37450736504515864,0.358793489758572,-0.4237222188678391,35.8793489758572,0.78
SAP.US,SAP.US,SAP SE ADR,0.22819597541251196,-0.2611891381123252,0.31117633010797086,-0.350731206592181,0.37341159612956504,-0.41918044836674073,0.41490177347729446,-0.474910044302059,41.49017734772944,0.78
SBGSY.US,SBGSY.US,Schneider Electric SA,0.21479975922398922,-0.2522165705775933,0.2929087625781671,-0.33816403765118225,0.3514905150938005,-0.4038702378079902,0.3905450167708895,-0.45740333085331053,39.05450167708895,0.78
SBUX.US,SBUX.US,Starbucks Corporation,0.17445225507585974,-0.20637690039875187,0.23788943873980872,-0.2737042738620048,0.28546732648777046,-0.3251685329927197,0.31718591831974496,-0.3670444542677483,31.718591831974496,0.78
SCCO.US,SCCO.US,Southern Copper Corporation,0.2458196383104533,-0.3263478151517555,0.3352085976960727,-0.44271904737747714,0.4022503172352872,-0.5317350430321894,0.4469447969280969,-0.6046506239588051,44.69447969280969,0.78
SCHW.US,SCHW.US,Charles Schwab Corp,0.17974625708414274,-0.19270655414873694,0.24510853238746733,-0.2543232887503941,0.2941302388649608,-0.3013996164768602,0.3268113765166231,-0.33953050352017466,32.68113765166231,0.78
SHEL.US,SHEL.US,Shell PLC ADR,0.1763057134433156,-0.17616766181409413,0.24041688196815764,-0.23096508525482107,0.28850025836178916,-0.27281267351225924,0.32055584262421016,-0.3065653184609525,32.055584262421014,0.78
SIEGY.US,SIEGY.US,Siemens AG ADR,0.21632558840083294,-0.2379984752289867,0.2949894387284085,-0.3180427233882762,0.3539873264740902,-0.3792174938673634,0.393319251637878,-0.42891720392849153,39.3319251637878,0.78
SLB.US,SLB.US,Schlumberger NV,0.201219159985245,-0.24237323536188965,0.2743897636162432,-0.32436709585014867,0.3292677163394918,-0.38705498914085645,0.3658530181549909,-0.4381611163969894,36.585301815499086,0.78
SMFG.US,SMFG.US,Sumitomo Mitsui Financial Group Inc,0.19256598233261155,-0.21070820110519584,0.2625899759081066,-0.2796647525787751,0.315107971089728,-0.3323585806413269,0.3501199678774755,-0.37511424278859706,35.01199678774755,0.78
SNY.US,SNY.US,Sanofi ADR,0.17901179447803164,-0.19924823222441967,0.24410699247004314,-0.2635813050767183,0.29292839096405177,-0.31274278542754635,0.3254759899600575,-0.35263789662955825,32.54759899600575,0.78
SO.US,SO.US,Southern Company,0.14405693868874309,-0.14663958966581989,0.1964412800301042,-0.18949967463616044,0.23572953603612504,-0.2222239952274868,0.2619217067068056,-0.2485645886109173,26.19217067068056,0.68
SPG.US,SPG.US,Simon Property Group Inc,0.14922787036363025,-0.15979204266798613,0.20349255049585943,-0.20805297642728318,0.24419106059503132,-0.24491564954299666,0.2713234006611459,-0.2747002641240716,27.13234006611459,0.68
SRE.US,SRE.US,Sempra Energy,0.15331441000166923,-0.16218313470751541,0.20906510454773075,-0.21139728778753247,0.2508781254572769,-0.24898675714579813,0.27875347273030765,-0.27934870690588526,27.875347273030766,0.68
STT.US,STT.US,State Street Corp,0.16508044736046532,-0.18744811227026423,0.22510970094608904,-0.24702024493205263,0.27013164113530685,-0.29254432734695823,0.3001462679281187,-0.3294935917178223,30.01462679281187,0.78
SU.US,SU.US,Suncor Energy Inc,0.17860262257609955,-0.1941943072993715,0.24354903078559026,-0.25643770096284796,0.2922588369427083,-0.30399617813005403,0.3247320410474537,-0.34254343785988883,32.47320410474537,0.78
SYK.US,SYK.US,Stryker Corporation,0.18496051028103658,-0.20284994323520933,0.25221887765595896,-0.2686207371472741,0.30266265318715074,-0.3188786730506655,0.33629183687461195,-0.3596466334066756,33.62918368746119,0.78
SYY.US,SYY.US,Sysco Corporation,0.18726545947721593,-0.2023828827043281,0.25536199019620354,-0.2679392297928095,0.3064343882354442,-0.3180300007486654,0.340482653594938,-0.3586370776439473,34.048265359493804,0.78
T.US,T.US,AT&T Inc.,0.17812902613210882,-0.18978516600328957,0.24290321745287563,-0.250206545116174,0.2914838609434508,-0.29636747846621336,0.3238709566038342,-0.3337406547877101,32.387095660383416,0.78
TCEHY.US,TCEHY.US,Tencent Holdings Ltd ADR,0.21110922720553027,-0.23788597262126662,0.2878762189166322,-0.3179311098832705,0.3454514626999586,-0.37911247862722564,0.38383495855550953,-0.42886291598853404,38.383495855550954,0.78
TD.US,TD.US,Toronto Dominion Bank,0.14084237101332922,-0.14971292393506536,0.19205777865453982,-0.19387529073050436,0.23046933438544778,-0.22760253305021394,0.2560770382060531,-0.25481646118242174,25.60770382060531,0.68
TEL.US,TEL.US,TE Connectivity Ltd,0.19507181073217397,-0.23374462331685414,0.26600701463478266,-0.31222036049848134,0.31920841756173923,-0.3722156747229328,0.35467601951304356,-0.42110507828247346,35.46760195130435,0.78
TFC.US,TFC.US,Truist Financial Corp,0.1688613566695687,-0.1853391787173747,0.23026548636759367,-0.24400334149513692,0.2763185836411124,-0.28882642607062003,0.3070206484901249,-0.3251519857619272,30.70206484901249,0.78
TGT.US,TGT.US,Target Corporation,0.18081826587839475,-0.21848998422453328,0.24657036256144738,-0.29077680579175347,0.29588443507373685,-0.34603936341351366,0.32876048341526315,-0.3910622797475918,32.876048341526314,0.78
TJX.US,TJX.US,The TJX Companies Inc,0.15347377496355433,-0.16126684747892062,0.2092824204048468,-0.21010001111982168,0.25113890448581616,-0.24739695625871497,0.2790432272064624,-0.27751091686812496,27.904322720646242,0.68
TM.US,TM.US,Toyota Motor Corporation ADR,0.19759215528721388,-0.20225722099190824,0.26944384811892796,-0.2676675041325046,0.3233326177427136,-0.317634484462396,0.35925846415857066,-0.3580477896289621,35.925846415857066,0.78
TMUS.US,TMUS.US,T-Mobile US Inc,0.20854319128697282,-0.21370447862610065,0.2843770790276902,-0.28375667404041455,0.3412524948332282,-0.3372730990339629,0.37916943870358694,-0.3805839073555367,37.91694387035869,0.78
TOELY.US,TOELY.US,Tokyo Electron Ltd PK,0.26574077142469943,-0.3776959851486083,0.3623737792154992,-0.5151549658705212,0.43484853505859905,-0.6203295669049396,0.4831650389539989,-0.7066949995960446,48.31650389539989,0.78
TPR.US,TPR.US,Tapestry Inc,0.2249332156890267,-0.2744433255542589,0.3067271123032182,-0.3695051620552524,0.36807253476386187,-0.4421935711938987,0.4089694830709576,-0.5015252004132406,40.89694830709576,0.78
TRGP.US,TRGP.US,Targa Resources Inc,0.18096691907430584,-0.20404585021842564,0.24677307146496252,-0.2703483622603798,0.296127685757955,-0.3210188290869165,0.32903076195328335,-0.36216914672169215,32.90307619532833,0.78
TRI.US,TRI.US,Thomson Reuters Corporation Common Shares,0.25307784184467286,-0.3073146955810202,0.34510614797000844,-0.41573607361780257,0.41412737756401014,-0.49864369985558266,0.4601415306266779,-0.5663468436107602,46.01415306266779,0.78
TRP.US,TRP.US,TC Energy Corp,0.148178597460122,-0.15294680484980805,0.20206172380925724,-0.1983819007382971,0.2424740685711087,-0.23307742220409294,0.26941563174567634,-0.26104412832819396,26.941563174567634,0.68
TRV.US,TRV.US,The Travelers Companies Inc,0.14743985020506872,-0.1648891703646955,0.20105434118873006,-0.21527768149428,0.24126520942647606,-0.2537749299927494,0.2680724549183067,-0.2849530365408615,26.807245491830674,0.68
TTE.US,TTE.US,TotalEnergies SE ADR,0.1749820214540307,-0.1863811777308304,0.23861184743731456,-0.2454212287376885,0.2863342169247775,-0.2905258008655202,0.3181491299164194,-0.32703567112316534,31.81491299164194,0.78
TXN.US,TXN.US,Texas Instruments Incorporated,0.21558514495565473,-0.2779854516550556,0.29397974312134734,-0.37459958868826654,0.3527756917456168,-0.448489721847341,0.3919729908284631,-0.5089153894751989,39.19729908284631,0.78
UBS.US,UBS.US,UBS Group AG,0.18297309991540692,-0.1973642795853291,0.2495087726119185,-0.2608809303918225,0.2994105271343022,-0.30941145543750315,0.332678363482558,-0.3487403486279721,33.267836348255805,0.78
UL.US,UL.US,Unilever PLC ADR,0.1769068361372898,-0.18736062831647998,0.2412365947326679,-0.2467888577273304,0.2894839136792015,-0.292189106630384,0.32164879297689053,-0.328931578359376,32.164879297689055,0.78
UMC.US,UMC.US,United Microelectronics,0.24924916266177757,-0.37106463107158094,0.3398852218115148,-0.5059269528851914,0.4078622661738178,-0.6091277710909557,0.45318029574868646,-0.6939720168196857,45.318029574868646,0.78
UNH.US,UNH.US,UnitedHealth Group Incorporated,0.22242711987344693,-0.2637693405673152,0.3033097089183367,-0.35443268295725106,0.36397165070200405,-0.4237488510967699,0.4044129452244489,-0.4802592481205903,40.44129452244489,0.78
UNP.US,UNP.US,Union Pacific Corporation,0.16105786418348356,-0.17465211695396224,0.21962436025020482,-0.22896059598965568,0.2635492323002458,-0.27045029705463564,0.2928324803336064,-0.30403324926191955,29.283248033360643,0.68
UPS.US,UPS.US,United Parcel Service Inc,0.185926786105903,-0.2109457168413461,0.2535365265080495,-0.28006109310457766,0.3042438318096594,-0.3328843214270181,0.33804870201073267,-0.375806557046499,33.804870201073264,0.78
USB.US,USB.US,U.S. Bancorp,0.1630959943176149,-0.17708484764549057,0.2224036286149294,-0.23238244180290418,0.2668843543379153,-0.2746288060902199,0.2965381714865725,-0.30883200820422285,29.653817148657254,0.68
VALE.US,VALE.US,Vale SA ADR,0.19090576360138184,-0.22238658756593416,0.26032604127461156,-0.2961955995564744,0.3123912495295339,-0.3526147344358653,0.3471013883661488,-0.3985253501412776,34.71013883661488,0.78
VLO.US,VLO.US,Valero Energy Corporation,0.1893308211802112,-0.24332392866452637,0.25817839251846975,-0.3258198094097853,0.30981407102216374,-0.3889063993153437,0.34423785669129303,-0.4404515759086094,34.4237856691293,0.78
VTR.US,VTR.US,Ventas Inc,0.1560008787223223,-0.16908442658944142,0.21272847098498493,-0.22113273103361836,0.2552741651819819,-0.2608938744165227,0.28363796131331326,-0.2930633698752432,28.363796131331327,0.68
VZ.US,VZ.US,Verizon Communications Inc,0.164664876622718,-0.1876421917402087,0.22454301357643364,-0.24729849806330895,0.2694516162917204,-0.29288764051150773,0.29939068476857816,-0.329895351154583,29.939068476857816,0.68
WELL.US,WELL.US,Welltower Inc,0.17152632751948949,-0.17681885181481183,0.23389953752657655,-0.23192951801682532,0.28067944503189185,-0.27402288634432986,0.3118660500354354,-0.3080241147289857,31.186605003543537,0.78
WFC.US,WFC.US,Wells Fargo & Company,0.18372383521412358,-0.2001016585875711,0.25053250256471393,-0.2647453342862361,0.3006390030776568,-0.31413980451628803,0.33404333675295195,-0.354190537113589,33.40433367529519,0.78
WM.US,WM.US,Waste Management Inc,0.1630387100009608,-0.16591257796529782,0.2223255136376738,-0.21658298800913414,0.26679061636520857,-0.2552788540156235,0.2964340181835651,-0.28648934360329154,29.64340181835651,0.68
WMB.US,WMB.US,Williams Companies Inc,0.16535417187042237,-0.17822848232797892,0.225482961641485,-0.23397922726820267,0.27057955396978206,-0.2765707453136083,0.30064394885531337,-0.3110453735765622,30.064394885531335,0.78
XEL.US,XEL.US,Xcel Energy Inc,0.15004452297470053,-0.1591883270846685,0.2046061676927734,-0.20719175894128578,0.2455274012313281,-0.24385591770729156,0.27280822359036455,-0.27346610614471045,27.280822359036456,0.68
XOM.US,XOM.US,Exxon Mobil Corp,0.17102185717712526,-0.1896167048959182,0.2332116234233526,-0.2500330080588016,0.27985394810802317,-0.2961981069498113,0.3109488312311368,-0.333636330829676,31.094883123113682,0.78
YUM.US,YUM.US,Yum! Brands Inc,0.1612640143654112,-0.1774606834031547,0.2199054741346516,-0.23293063198316,0.26388656896158197,-0.27531132617407494,0.29320729884620217,-0.3096436354270778,29.320729884620217,0.68
ZTS.US,ZTS.US,Zoetis Inc,0.23242130810830014,-0.2543080351164372,0.31693814742040927,-0.34096139042284296,0.38032577690449115,-0.40718925254179744,0.4225841965605457,-0.46100955469478455,42.25841965605457,0.78
ELISA.HE,ELISA.HE,Elisa Oyj,0.22416725224311707,-0.2442762471485647,0.3056826166951596,-0.3268494438881244,0.3668191400341915,-0.3899558513968917,0.4075768222602128,-0.44121611149644546,40.75768222602128,0.78
FORTUM.HE,FORTUM.HE,Fortum Oyj,0.19013552191339847,-0.21658044608561206,0.2592757117000888,-0.28799148772999295,0.31113085404010654,-0.34257146880070233,0.3457009489334517,-0.3869382750904219,34.57009489334517,0.78
HIAB.HE,HIAB.HE,Hiab B,0.2232132260864609,-0.2579321935724261,0.304381671936083,-0.346170553882484,0.36525800632329963,-0.4136250762800117,0.4058422292481107,-0.4685592270183861,40.58422292481107,0.78
HUH1V.HE,HUH1V.HE,Huhtamaki Oyj,0.16937825391132239,-0.17033274017279357,0.23097034624271234,-0.22277632680385778,0.2771644154912548,-0.26282560919246944,0.3079604616569498,-0.29512219203576207,30.796046165694978,0.78
KCR.HE,KCR.HE,Konecranes Plc,0.23688402036605763,-0.27419820219133595,0.3230236641355331,-0.3690497063907737,0.38762839696263973,-0.441563168110423,0.43069821884737747,-0.500643836443419,43.06982188473775,0.78
KEMIRA.HE,KEMIRA.HE,Kemira Oyj,0.19617631086632004,-0.1869246536031337,0.2675131511813455,-0.24599686908533833,0.3210157814176146,-0.29110208480111527,0.3566842015751273,-0.32742899157791516,35.668420157512735,0.78
KESKOB.HE,KESKOB.HE,Kesko Oyj,0.174637362311582,-0.1645384105363907,0.23814185769761181,-0.21453402887246364,0.2857702292371342,-0.25269895460935865,0.31752247693014907,-0.2833614164880387,31.75224769301491,0.78
KNEBV.HE,KNEBV.HE,KONE Oyj,0.24793113247775608,-0.29025191015301266,0.33808790792421284,-0.39165250615930064,0.4057054895090554,-0.4691787339064881,0.45078387723228375,-0.5323897105158442,45.078387723228374,0.78
METSO.HE,METSO.HE,Metso Oyj,0.21356607710983863,-0.2517713126928174,0.29122646878614356,-0.3375455792251624,0.3494717625433723,-0.40312027708838816,0.38830195838152476,-0.45655319013476725,38.83019583815248,0.78
NDA-FI.HE,NDA-FI.HE,Nordea Bank Abp,0.15898796781942845,-0.16425354833147032,0.2168017742992206,-0.2142736433352188,0.2601621291590647,-0.25247509912948574,0.2890690323989608,-0.28330385407975933,28.90690323989608,0.68
NOKIA.HE,NOKIA.HE,Nokia Oyj,0.25292106594536157,-0.3431044189063977,0.34489236265276574,-0.4663518130095792,0.41387083518331885,-0.5606360193035868,0.45985648353702097,-0.637931421109129,45.985648353702096,0.78
ORNBV.HE,ORNBV.HE,Orion Oyj B,0.2111715819393555,-0.23658865391123832,0.28796124809912116,-0.3160958564978304,0.3455534977189454,-0.37686438272919054,0.3839483307988282,-0.4262662378680977,38.394833079882815,0.78
OUT1V.HE,OUT1V.HE,Outokumpu Oyj,0.23938851864147417,-0.26642030753918855,0.32643888905655566,-0.3580273015957357,0.39172666686786684,-0.42804832269303816,0.43525185207540756,-0.4850060817410197,43.52518520754076,0.78
SAMPO.HE,SAMPO.HE,Sampo Oyj A,0.16196679621757662,-0.14768456312283706,0.22086381302396807,-0.1908144407951492,0.2650365756287617,-0.22372546849894925,0.29448508403195744,-0.25006839473309894,29.448508403195746,0.68
STERV.HE,STERV.HE,Stora Enso Oyj R,0.21827494562495223,-0.23447270753936222,0.2976476531249348,-0.31303878815884045,0.3571771837499218,-0.37307710996712906,0.3968635374999131,-0.421801871403726,39.68635374999131,0.78
TIETO.HE,TIETO.HE,TietoEVRY Corp,0.21413636097023228,-0.22922734547336615,0.2920041285957713,-0.30565840322889415,0.3504049543149255,-0.3640631580672421,0.38933883812769504,-0.41144659186043375,38.9338838127695,0.78
TYRES.HE,TYRES.HE,Nokian Renkaat Oyj,0.2134739632490632,-0.25623019752984405,0.29110085897599525,-0.34385223322973296,0.3493210307711943,-0.4108448787118748,0.38813447863466033,-0.4654739744442642,38.81344786346603,0.78
UPM.HE,UPM.HE,UPM-Kymmene Oyj,0.182915236534952,-0.19147411169261935,0.24942986800220726,-0.25255150185548253,0.29931584160264874,-0.2992103820031936,0.33257315733627635,-0.33696190655318575,33.257315733627635,0.78
VALMT.HE,VALMT.HE,Valmet Oyj,0.22712802704689503,-0.24805672551043823,0.30972003688212957,-0.3321688930745242,0.3716640442585555,-0.3964528365267726,0.41296004917617274,-0.44868017013570527,41.296004917617275,0.78
WRT1V.HE,WRT1V.HE,Wartsila Oyj Abp,0.22133367557942704,-0.24922862645829638,0.3018186485174005,-0.33387896246057275,0.3621823782208806,-0.3985824286280614,0.4024248646898673,-0.4512136053521751,40.24248646898673,0.78
ABBN.SW,ABBN.SW,ABB Ltd,0.1739364639939228,-0.2000495924320626,0.23718608726444015,-0.26476080483045195,0.2846233047173282,-0.31421819794539996,0.31624811635258687,-0.35440671876977864,31.624811635258688,0.78
ADEN.SW,ADEN.SW,Adecco Group AG Class N,0.25025405008767176,-0.2867088210732493,0.3412555228468251,-0.3866206739301942,0.4095066274161901,-0.463001914389889,0.4550073637957668,-0.5252275095981747,45.50073637957668,0.78
ALLN.SW,ALLN.SW,Allreal Holding,0.147090272737628,-0.12722051024596145,0.20057764464222,-0.16200933399477177,0.240693173570664,-0.18853691782827428,0.26743685952296,-0.2096271570205096,26.743685952295998,0.68
ALSN.SW,ALSN.SW,Also Holding AG,0.26272624679718953,-0.2926915645844305,0.3582630638143493,-0.39496800536500737,0.4299156765772192,-0.47314951285997514,0.47768408508579907,-0.5367848156373165,47.76840850857991,0.78
AVOL.SW,AVOL.SW,Avolta AG,0.19178872530047916,-0.21192482132060098,0.26153007995519884,-0.2813923894546674,0.3138360959462386,-0.3344792159027307,0.34870677327359845,-0.37757292072227716,34.87067732735984,0.78
BAER.SW,BAER.SW,Julius Baer Gruppe AG,0.18015490931756736,-0.19292101372105344,0.24566578543304637,-0.2546228600588045,0.29479894251965566,-0.3017640328525617,0.32755438057739517,-0.33994604859171373,32.75543805773952,0.78
BANB.SW,BANB.SW,Bachem Holding AG,0.238646379519077,-0.27335611297400336,0.3254268811623777,-0.3678427680648509,0.39051225739485323,-0.4400742724723371,0.4339025082165036,-0.4989019808001096,43.39025082165036,0.78
BARN.SW,BARN.SW,Barry Callebaut AG,0.22480276649827385,-0.2553675324726857,0.30654922704310067,-0.342529104362105,0.36785907245172084,-0.4091555751984718,0.40873230272413424,-0.4633778834963369,40.87323027241342,0.78
BCHN.SW,BCHN.SW,Burckhardt Compression,0.21885916649663784,-0.21428551077347235,0.2984443179499607,-0.28448446202030075,0.3581331815399528,-0.33810179706655497,0.3979257572666142,-0.3814083579161456,39.792575726661426,0.78
BCVN.SW,BCVN.SW,Banque Cantonale Vaudoise,0.16129641842336226,-0.1493909665624297,0.21994966148640305,-0.19323376273186796,0.2639395937836837,-0.22669259233439207,0.2932662153152041,-0.2535031412491857,29.32662153152041,0.68
BEAN.SW,BEAN.SW,Belimo Holding,0.232598825293577,-0.2647251638716409,0.31718021630942317,-0.3556918190914862,0.3806162595713078,-0.4252291913136831,0.4229069550792309,-0.48183800255185566,42.29069550792309,0.78
BEKN.SW,BEKN.SW,Berner Kantonalbank AG,0.1680269457748698,-0.15355381429307324,0.22912765332936788,-0.1990596444311353,0.2749531839952415,-0.23378693158590214,0.3055035377724905,-0.2616085649062416,30.55035377724905,0.78
BION.SW,BION.SW,BB Biotech AG,0.1952401340304293,-0.19509240782141607,0.26623654640513084,-0.25755634073130196,0.319483855686157,-0.30526517451128665,0.3549820618735078,-0.34379513852910903,35.498206187350775,0.78
BKW.SW,BKW.SW,BKW AG,0.19894411239439672,-0.1858715009726373,0.2712874259923591,-0.24448228857541052,0.32554491119083095,-0.2892302991792084,0.36171656798981217,-0.325232103721458,36.17165679898122,0.78
BOSN.SW,BOSN.SW,Bossard Holding AG,0.20648912892324833,-0.22698972370693607,0.2815760848953386,-0.3025635477828522,0.33789130187440636,-0.36031919704004584,0.3754347798604515,-0.40722162137638396,37.54347798604515,0.78
BRKN.SW,BRKN.SW,Burkhalter Holding AG,0.19621955696201424,-0.18756572579001698,0.2675721231300194,-0.246903088358541,0.3210865477560233,-0.29221170954273507,0.35676283084002586,-0.32870972062491344,35.676283084002584,0.78
BUCN.SW,BUCN.SW,Bucher Industries AG,0.1773621192851008,-0.1670558083776545,0.24185743538877377,-0.218069361137975,0.29022892246652854,-0.25701228520162855,0.32247658051836503,-0.2883070383059784,32.2476580518365,0.78
CFR.SW,CFR.SW,Compagnie Financière Richemont SA,0.1866319849243562,-0.21565458677689853,0.25449816126048574,-0.28671402077434466,0.3053977935125829,-0.34102817727521495,0.3393308816806476,-0.38520121768354537,33.933088168064764,0.78
CLN.SW,CLN.SW,Clariant AG,0.21771602344734672,-0.24723237478672463,0.2968854865191091,-0.3310887710006781,0.35626258382293097,-0.39518712863001104,0.3958473153588122,-0.44733949789699057,39.58473153588122,0.78
CMBN.SW,CMBN.SW,Cembra Money Bank AG,0.16883537338531213,-0.15589701146257565,0.2302300546163347,-0.20236606580685468,0.27627606553960166,-0.23783154402842177,0.3069734061551129,-0.2662685016143593,30.697340615511294,0.78
COPN.SW,COPN.SW,COSMO Pharmaceuticals SA,0.2669006016869252,-0.3171420629615337,0.3639553659367162,-0.42950822888485407,0.4367464391240594,-0.5154271205215173,0.4852738212489549,-0.5855491971405862,48.52738212489549,0.78
DKSH.SW,DKSH.SW,DKSH Holding AG,0.17624591994678568,-0.1694714152614757,0.24033534538198048,-0.22149570691687426,0.28840241445837655,-0.2612154641278132,0.32044712717597396,-0.29317478223378385,32.0447127175974,0.78
DOKA.SW,DOKA.SW,Dorma Kaba Holding AG,0.21054973480243988,-0.20474655863583818,0.28711327473059983,-0.2710699947365043,0.3445359296767198,-0.32172296639557024,0.38281769964079976,-0.3626023986781419,38.28176996407998,0.78
EFGN.SW,EFGN.SW,EFG International AG,0.18736838281001644,-0.18899804306354656,0.25550234019547696,-0.24900927103933285,0.30660280823457237,-0.2948450057200078,0.3406697869273026,-0.3318640299624017,34.06697869273026,0.78
EMMN.SW,EMMN.SW,Emmi AG,0.16480998198101604,-0.15882906528470153,0.2247408845195673,-0.20654926283150166,0.26968906142348076,-0.2429793423158351,0.2996545126927564,-0.2722643493409334,29.96545126927564,0.68
EMSN.SW,EMSN.SW,EMS-CHEMIE HOLDING AG,0.16568636138640802,-0.16511817575236198,0.2259359473451018,-0.21543542968336574,0.2711231368141222,-0.25385730669231943,0.3012479297934691,-0.2848138887684415,30.12479297934691,0.78
FHZN.SW,FHZN.SW,Flughafen Zurich,0.1677094127351279,-0.16440060357531683,0.22869465372971987,-0.2144022117299855,0.27443358447566385,-0.2525795908126423,0.3049262049729598,-0.2833125354611204,30.49262049729598,0.78
FORN.SW,FORN.SW,Forbo Holding AG,0.21860820908927914,-0.23379575446490064,0.2981021033035624,-0.31207839794400266,0.3577225239642749,-0.37189885282095153,0.39746947107141656,-0.4204370584505157,39.74694710714166,0.78
GEBN.SW,GEBN.SW,Geberit AG,0.16953232407067736,-0.1675264644497157,0.23118044191456005,-0.21880625097785025,0.27741653029747204,-0.2579623434032626,0.3082405892194134,-0.28950459829348196,30.82405892194134,0.78
GF.SW,GF.SW,Georg Fischer AG,0.21821550833119976,-0.22933157287226885,0.29756660226981785,-0.30576866689757787,0.3570799227237814,-0.3641734272447402,0.39675546969309045,-0.4115215472900621,39.675546969309046,0.78
GIVN.SW,GIVN.SW,Givaudan SA,0.18353161312430674,-0.18695578191430562,0.2502703815331455,-0.24615600717549083,0.3003244578397747,-0.2913737889820009,0.33369384204419406,-0.3279050746718157,33.369384204419404,0.78
HBAN.SW,HBAN.SW,Helvetia Holding AG,0.1584371220741635,-0.1519820358119609,0.21605062101022293,-0.196924118741549,0.25926074521226755,-0.23122970355678213,0.28806749468029724,-0.2587788567196765,28.806749468029725,0.68
HOLN.SW,HOLN.SW,Holcim AG,0.20617928422352394,-0.2098877015568606,0.28115356939571445,-0.2783804569080624,0.3373842832748573,-0.33070296243325614,0.37487142586095257,-0.373027717448224,37.48714258609526,0.78
HUBN.SW,HUBN.SW,Huber+suhner AG,0.2591548798691001,-0.30140919664060806,0.3533930180033183,-0.40732911220291124,0.42407162160398193,-0.48831040662272907,0.47119069067109104,-0.5543369608491364,47.1190690671091,0.78
IFCN.SW,IFCN.SW,Inficon Holding,0.24012555937764168,-0.28310402630027154,0.327443944605875,-0.3816149329964355,0.39293273352705,-0.45693267668466475,0.43659192614116665,-0.518349397930002,43.65919261411666,0.78
IMPN.SW,IMPN.SW,Implenia AG,0.22690102726473171,-0.25546996434870406,0.30941049172463414,-0.342654862563068,0.371292590069561,-0.4092968526173555,0.4125473222995122,-0.4635140768960169,41.254732229951216,0.78
INRN.SW,INRN.SW,Interroll Holding AG,0.23815794453394457,-0.2532024879691953,0.32476083345537893,-0.33934568491326617,0.3897130001464547,-0.40517558266048714,0.4330144446071719,-0.4586107159354615,43.30144446071719,0.78
JFN.SW,JFN.SW,Jungfraubahn Holding AG,0.18548147199961984,-0.18270902211164905,0.25292927999948156,-0.2401324305544609,0.3035151359993779,-0.28398460146985355,0.33723903999930877,-0.3193477415033106,33.723903999930876,0.78
KARN.SW,KARN.SW,Kardex,0.22194953201076184,-0.23412475184002318,0.3026584527419479,-0.3125132514382663,0.36319014329033755,-0.37241114307730133,0.4035446036559306,-0.4209857008142396,40.354460365593056,0.78
KNIN.SW,KNIN.SW,Kuehne & Nagel,0.18915050141359155,-0.2089529590112036,0.2579325019276248,-0.2772135595865032,0.30951900231314977,-0.3293772393422891,0.3439100025701664,-0.37171553797614415,34.39100025701664,0.78
LISN.SW,LISN.SW,Chocoladefabriken Lindt & Spruengli AG N,0.18430991418498519,-0.17803187313973645,0.2513317011613434,-0.2335286087853787,0.3015980413936121,-0.27590372036550576,0.3351089348817912,-0.31003178545160065,33.51089348817912,0.78
LLBN.SW,LLBN.SW,Liechtensteinische Landesbank AG,0.17152229981225098,-0.1604920238904919,0.23389404519852405,-0.20883993320354724,0.28067285423822885,-0.24574406022495768,0.3118587269313654,-0.2753705906962192,31.18587269313654,0.78
LOGN.SW,LOGN.SW,Logitech International S.A.,0.21240497868949487,-0.23122611919546623,0.2896431527584021,-0.3085008584586294,0.3475717833100825,-0.3675549564998423,0.3861908703445361,-0.4155008027247308,38.61908703445361,0.78
LUKN.SW,LUKN.SW,Luzerner Kantonalbank AG,0.1560414400216542,-0.14806425787143143,0.2127837818477103,-0.19140535408339643,0.25534053821725233,-0.2244851755979806,0.2837117091302804,-0.2510217049785178,28.37117091302804,0.68
MOBN.SW,MOBN.SW,Mobimo Hldg,0.15737928963062603,-0.13362694843244521,0.21460812222358094,-0.17097573562720553,0.25752974666829714,-0.19945597941703827,0.2861441629647746,-0.22210330193152447,28.614416296477458,0.68
NESN.SW,NESN.SW,Nestle S.A.,0.1617192922041678,-0.17562006092955723,0.2205263075511379,-0.2303234539157981,0.2646315690613655,-0.27211543296752044,0.2940350767348505,-0.30594749047788716,29.403507673485052,0.68
NOVN.SW,NOVN.SW,Novartis AG,0.15175036569402311,-0.15905529711478172,0.20693231685548608,-0.20698809633934867,0.24831878022658327,-0.2435961221329384,0.27590975580731475,-0.2731442186250318,27.590975580731474,0.68
OERL.SW,OERL.SW,OC Oerlikon Corp AG,0.2356626478579171,-0.2671196561766536,0.32135815616988694,-0.3590502498629416,0.38562978740386433,-0.4293238033117316,0.42847754155984924,-0.48652671660522984,42.84775415598492,0.78
PGHN.SW,PGHN.SW,Partners Group Holding AG,0.2160329241177247,-0.23121227532869387,0.2945903510696246,-0.30844825183743696,0.35350842128354953,-0.3674684916088628,0.39278713475949945,-0.4153543822317167,39.27871347594994,0.78
PSPN.SW,PSPN.SW,PSP Swiss Property AG,0.1472882350507348,-0.13245359576770308,0.200847593251002,-0.16940823228441168,0.24101711190120237,-0.1975974781906095,0.26779679100133597,-0.22008684929738212,26.779679100133595,0.68
ROP.SW,ROP.SW,Roche Holding AG,0.16163894788330885,-0.1850086023300332,0.22041674711360298,-0.24360158794157555,0.26450009653632356,-0.28837824750785,0.2938889961514706,-0.32472720272933997,29.388899615147064,0.68
SCHP.SW,SCHP.SW,Schindler Ps,0.16743920332174356,-0.1613202715343931,0.22832618634783208,-0.21004842433943496,0.27399142361739853,-0.247248953216972,0.3044349151304428,-0.2771607145964382,30.44349151304428,0.78
SCMN.SW,SCMN.SW,Swisscom AG,0.16424417444560346,-0.14537740698875043,0.22396932878945924,-0.1875308962857888,0.2687631945473511,-0.2196901319952443,0.298625771719279,-0.24537955008655385,29.8625771719279,0.68
SFSN.SW,SFSN.SW,SFS Group AG,0.18405313444838484,-0.17934748705658277,0.2509815469750702,-0.2353915055253881,0.30117785637008426,-0.2781868532074196,0.33464206263342694,-0.31267141698576384,33.464206263342696,0.78
SGKN.SW,SGKN.SW,St Galler Kantonalbank AG,0.16310363937435093,-0.1367611949419558,0.22241405369229672,-0.17535611566534307,0.26689686443075605,-0.20478605918484205,0.29655207158972896,-0.22818445259529646,29.655207158972896,0.68
SGSN.SW,SGSN.SW,SGS SA,0.16710463884657364,-0.15752757567787284,0.22786996206350948,-0.20468778826129896,0.2734439544762114,-0.24068557373090163,0.3038266160846793,-0.26958627226622145,30.38266160846793,0.78
SIKA.SW,SIKA.SW,Sika AG,0.21021070647869072,-0.22356827668405152,0.28665096338003276,-0.2976910101459734,0.34398115605603935,-0.3543289776598383,0.38220128450671037,-0.4002569302469822,38.220128450671034,0.78
SLHN.SW,SLHN.SW,Swiss Life Holding AG,0.15150633629133445,-0.1419263048204732,0.20659954948818332,-0.1827662647452008,0.24791945938582,-0.21393204028372237,0.27546606598424445,-0.23889422045323,27.546606598424443,0.68
SOON.SW,SOON.SW,Sonova H Ag,0.19816250280660608,-0.2066064476312629,0.270221594736281,-0.2738130470473436,0.3242659136835372,-0.3251577424860581,0.36029545964837467,-0.366727576988855,36.02954596483747,0.78
SPSN.SW,SPSN.SW,Swiss Prime Site AG,0.150412168135119,-0.13451615915423354,0.205107502002435,-0.17229669743769638,0.246129002402922,-0.2011161371123333,0.27347666933658,-0.22410973826040861,27.347666933657997,0.68
SQN.SW,SQN.SW,Swissquote Group Holding SA,0.20976262050338768,-0.218844067640746,0.2860399370500741,-0.2910140489734615,0.3432479244600889,-0.34615412526555484,0.3813865827334321,-0.3908231767922902,38.13865827334321,0.78
SREN.SW,SREN.SW,Swiss Re AG,0.17052475768259595,-0.17305061512021214,0.2325337604762672,-0.2266095447644946,0.2790405125715206,-0.2675133596635401,0.31004501396835626,-0.30052041998899387,31.004501396835625,0.78
SUN.SW,SUN.SW,Sulzer AG,0.1967848341175521,-0.21072915666497657,0.2683429556148438,-0.2796559802286939,0.3220115467378125,-0.3323222125368218,0.35779060748645836,-0.37501808239519685,35.77906074864583,0.78
TECN.SW,TECN.SW,Tecan Group AG,0.2227416595728715,-0.25521164312173855,0.3037386266902793,-0.34232740763039116,0.3644863520283352,-0.4089210667906963,0.40498483558703907,-0.4631335592029104,40.49848355870391,0.78
TEMN.SW,TEMN.SW,Temenos Group AG,0.23940800104061652,-0.2864574221826558,0.32646545596447707,-0.3863638835096205,0.39175854715737246,-0.46275328773378666,0.4352872746193027,-0.5250796734221641,43.52872746193027,0.78
UBSG.SW,UBSG.SW,UBS Group AG,0.17199131435157708,-0.18116102695202274,0.23453361047942328,-0.23806604779441332,0.2814403325753079,-0.2815357455079117,0.31271148063923104,-0.3166932472525393,31.271148063923103,0.78
UHR.SW,UHR.SW,The Swatch Group AG,0.21809992505602765,-0.25038792379682995,0.29740898871276494,-0.3355478962072697,0.35689078645531797,-0.4006460876386752,0.3965453182836866,-0.45363803186455354,39.65453182836866,0.78
VACN.SW,VACN.SW,VAT Group AG,0.23178857099803887,-0.29587107505253374,0.3160753240882348,-0.39974616556662856,0.37929038890588174,-0.4791894474964865,0.4214337654509797,-0.5441563423269498,42.14337654509797,0.78
VATN.SW,VATN.SW,Valiant Holding AG,0.1734322315003128,-0.16254054478916946,0.23649849750042656,-0.2117195914222409,0.28379819700051184,-0.24925930642895722,0.31533133000056873,-0.2794051256383287,31.533133000056875,0.78
VONN.SW,VONN.SW,Vontobel Holding,0.15437376951776094,-0.1469860922078376,0.21050968570603762,-0.18989577987790757,0.25261162284724514,-0.2226464613308035,0.2806795809413835,-0.24891995195873032,28.06795809413835,0.68
VZN.SW,VZN.SW,VZ Holding AG,0.17849590517870367,-0.16995687626882874,0.24340350706186864,-0.22216176882643493,0.2920842084742424,-0.26201755420766504,0.32453800941582484,-0.2940720683681726,32.453800941582486,0.78
YPSN.SW,YPSN.SW,Ypsomed Holding AG,0.2281719159167582,-0.2383698207911688,0.31114352170467025,-0.318460037587648,0.37337222604560427,-0.3796566457657775,0.4148580289395603,-0.4292721970614255,41.485802893956034,0.78
ZURN.SW,ZURN.SW,Zurich Insurance Group AG,0.16510266675992127,-0.15063387231863007,0.22514000012716534,-0.19495684522089743,0.27016800015259845,-0.22877981060862956,0.3001866668362205,-0.2558643846342082,30.018666683622047,0.78
ALMB.CO,ALMB.CO,Alm. Brand,0.181406017344448,-0.16785272717582767,0.24737184183333816,-0.21915955928401423,0.2968462102000058,-0.2583229381997018,0.3298291224444509,-0.28976853014765525,32.98291224444509,0.78
ALSYDB.CO,ALSYDB.CO,AL Sydbank A/S,0.18313219386234209,-0.19297962172661146,0.24972571890319373,-0.25467863940694724,0.2996708626838325,-0.30181426506744524,0.3329676252042583,-0.33996582619954624,33.29676252042583,0.78
CARL-B.CO,CARL-B.CO,Carlsberg A/S,0.18521497523671482,-0.18773878847397268,0.25256587532279295,-0.24724802051838016,0.3030790503873515,-0.2927010024174469,0.33675450043039057,-0.3294159959401983,33.675450043039056,0.78
COLO-B.CO,COLO-B.CO,Coloplast A/S,0.20475623465966208,-0.20526860304639793,0.27921304726317553,-0.2718610204435374,0.33505565671581067,-0.3227269592936742,0.3722840630175674,-0.36383609295847963,37.22840630175674,0.78
DANSKE.CO,DANSKE.CO,Danske Bank A/S,0.15670503012586706,-0.1640298450777219,0.21368867744436415,-0.21397806278663833,0.256426412933237,-0.25212695434116317,0.28491823659248555,-0.282931161896779,28.491823659248556,0.68
ISS.CO,ISS.CO,ISS A/S,0.17882390322254102,-0.17950111341694835,0.24385077712164682,-0.2356563723838061,0.2926209325459762,-0.27854300853079894,0.3251343694955291,-0.31314980818297716,32.51343694955291,0.78
JYSK.CO,JYSK.CO,Jyske Bank A/S,0.16373880727104545,-0.1630200637050414,0.2232801917332438,-0.21248598150034437,0.26793623007989253,-0.25025681409632017,0.2977069223109917,-0.28068140280848497,29.770692231099172,0.68
MAERSK-B.CO,MAERSK-B.CO,A.P. Møller - Mærsk A/S,0.21796282607575357,-0.2565300219714549,0.29722203555784577,-0.3442353828820782,0.3566664426694149,-0.41128687509264916,0.396296047410461,-0.4659267150895215,39.6296047410461,0.78
NOVO-B.CO,NOVO-B.CO,Novo Nordisk A/S,0.25614792357437144,-0.3406340183505933,0.34929262305596104,-0.46282876206353907,0.4191511476671533,-0.5563015816277749,0.46572349740794805,-0.6328850137478437,46.572349740794806,0.78
NSIS-B.CO,NSIS-B.CO,Novonesis (Novozymes) A/S,0.18109191274372205,-0.19595882559282518,0.2469435173778028,-0.2589104444262718,0.29633222085336336,-0.3070095387009998,0.3292580231704037,-0.3459910067685831,32.92580231704037,0.78
PNDORA.CO,PNDORA.CO,Pandora A/S,0.25626596998353307,-0.30284570922918314,0.3494535954320905,-0.40938694812268855,0.4193443145185086,-0.49084827710252055,0.4659381272427873,-0.5573045321679961,46.593812724278735,0.78
RBREW.CO,RBREW.CO,Royal Unibrew A/S,0.22960984532343226,-0.238321981239235,0.3131043345319531,-0.31837929148503863,0.3757252014383437,-0.3795490187796997,0.4174724460426041,-0.42912945844970307,41.74724460426041,0.78
ROCK-B.CO,ROCK-B.CO,ROCKWOOL International A/S,0.23911834461753545,-0.2627411079998361,0.32607046993300287,-0.35282658734466105,0.3912845639196035,-0.42168041555355085,0.43476062657733716,-0.47765652472128006,43.47606265773371,0.78
TRMD-A.CO,TRMD-A.CO,TORM plc,0.23594351418735168,-0.2772278286015075,0.321741155710025,-0.3733428074191865,0.38608938685203,-0.4468268339684262,0.42898820761336665,-0.5067338694659744,42.898820761336665,0.78
TRYG.CO,TRYG.CO,Tryg A/S,0.1552087366932307,-0.13795547634481495,0.21164827730895094,-0.17711695899370028,0.25397793277074115,-0.20699059461593822,0.28219770307860126,-0.2308313940342151,28.219770307860127,0.68
CTEC.LSE,CTEC.LSE,ConvaTec Group PLC,0.20300269353628822,-0.2160105711378582,0.2768218548222112,-0.28706842146067973,0.33218622578665347,-0.3413627962515109,0.3690958064296149,-0.3853774177599833,36.909580642961494,0.78
0384.HK,0384.HK,China Gas Holdings Ltd,0.20915021817145193,-0.19630084294864836,0.2852048429610708,-0.2591386901212738,0.34224581155328493,-0.3071186625608213,0.38027312394809437,-0.3457567696662309,38.027312394809435,0.78
0386.HK,0386.HK,China Petroleum & Chemical Corp Class H,0.1826701039801798,-0.1858395136325994,0.24909559633660883,-0.24458520852171028,0.29891471560393057,-0.2894551939703426,0.3321274617821451,-0.3257007329531202,33.21274617821451,0.78
0388.HK,0388.HK,Hong Kong Exchange and Clearing Ltd,0.1645470591539698,-0.1721665459755402,0.224382353391777,-0.2254137025343887,0.2692588240701324,-0.26608506501881835,0.299176471189036,-0.2989479154696778,29.917647118903602,0.68
0390.HK,0390.HK,China Railway,0.22622521977741183,-0.22503973395249333,0.308488936060107,-0.2996261705115356,0.3701867232721284,-0.35660178738430504,0.41131858141347605,-0.40267573343954405,41.13185814134761,0.78
0392.HK,0392.HK,Beijing Enterprises Holdings Ltd,0.1873616923284536,-0.17551029252199404,0.2554932168115276,-0.229934772207011,0.3065918601738331,-0.27148365173701,0.3406576224153701,-0.30488874784051145,34.065762241537016,0.78
0425.HK,0425.HK,Minth Group Ltd,0.2666252336556129,-0.3508957108940534,0.36357986407583576,-0.4772456024924462,0.43629583689100293,-0.5738948965352659,0.4847731521011144,-0.6530655050502868,48.477315210111435,0.78
0522.HK,0522.HK,ASM Pacific Technology Ltd,0.2640629461672869,-0.3869097628618508,0.36008583568266395,-0.5282004900195479,0.4321030028191967,-0.6363171963773999,0.48011444757688526,-0.7251774656673178,48.01144475768852,0.78
0551.HK,0551.HK,Yue Yuen Ind,0.21966896334205757,-0.23208412525792324,0.29954858637553305,-0.3096481317095837,0.35945830365063963,-0.36891595396746524,0.3993981151673774,-0.41697908444283366,39.93981151673774,0.78
0552.HK,0552.HK,China Communications Services Corp Ltd,0.18338675055233927,-0.18381214230489934,0.25007284166228083,-0.24171154821841176,0.300087409994737,-0.2859313405259738,0.33343045554970774,-0.3216225364099039,33.34304555497077,0.78
0564.HK,0564.HK,Zhengzhou Coal Mining Machinery Group Co Ltd,0.25783828731011194,-0.28615642293164484,0.35159766451378893,-0.3857704188813197,0.42191719741654676,-0.4619145041856219,0.46879688601838526,-0.5238745019149587,46.879688601838524,0.78
0576.HK,0576.HK,Zhejiang Expressway Co Ltd,0.18881335407755534,-0.18537676491775068,0.25747275556030275,-0.24387485550460888,0.3089673066723633,-0.288547880244799,0.343297007413737,-0.32457418370205404,34.3297007413737,0.78
0586.HK,0586.HK,China Conch Venture Hldgs Ltd,0.2534778135269363,-0.2899401677381472,0.34565156390036766,-0.3911611394020753,0.41478187668044125,-0.4685432458856156,0.4608687518671569,-0.5315846979426855,46.086875186715694,0.78
0598.HK,0598.HK,Sinotrans Ltd,0.20724230205293845,-0.20603641667467046,0.28260313916309787,-0.2729242399915832,0.33912376699571745,-0.3240140322524541,0.37680418555079714,-0.36529035800942655,37.68041855507971,0.78
0631.HK,0631.HK,Sany Heavy Equipment International Holdings Co Ltd,0.26741542449254585,-0.3197961580859788,0.36465739703528977,-0.4332569993125089,0.43758887644234773,-0.5200152809763474,0.4862098627137197,-0.5908405386431106,48.62098627137197,0.78
0669.HK,0669.HK,Techtronic Industries Co Ltd,0.2003505280855584,-0.24198727538802614,0.273205265571216,-0.3238291739548572,0.32784631868545916,-0.38640144790371084,0.364273687428288,-0.43741762440234305,36.4273687428288,0.78
0683.HK,0683.HK,Kerry Properties Ltd,0.1981807435987979,-0.20427087056151755,0.2702464685438153,-0.2705098762170712,0.32429576225257833,-0.32111209016250136,0.36032862472508703,-0.36205582587798346,36.032862472508704,0.78
0688.HK,0688.HK,China Overseas,0.19658489300691995,-0.22184737093656018,0.26807030864579995,-0.2953813298839694,0.3216843703749599,-0.35158296826851315,0.3574270781943999,-0.3972610544656211,35.74270781943999,0.78
0696.HK,0696.HK,TravelSky Technology Ltd,0.20685423488159735,-0.20362445056315115,0.28207395665672363,-0.26951673772776896,0.3384887479880684,-0.31984306835014376,0.3760986088756315,-0.3604791261665409,37.60986088756315,0.78
0697.HK,0697.HK,Shoucheng Holdings Ltd,0.24588099215101078,-0.29003109041755876,0.33529226202410556,-0.391358884158436,0.4023507144289267,-0.46883157388848723,0.4470563493654741,-0.5320151665465389,44.70563493654741,0.78
0728.HK,0728.HK,China Telecom,0.17941696992797013,-0.17670157473609172,0.244659504447232,-0.2316918275954781,0.2935914053366784,-0.27368385050023264,0.3262126725963093,-0.3075313213654498,32.62126725963093,0.78
0762.HK,0762.HK,China Unicom Hong Kong Ltd,0.18879438194116036,-0.17664727903567115,0.25744688446521863,-0.23152967089797988,0.30893626135826235,-0.27342829394329343,0.3432625126202915,-0.30711583284417704,34.32625126202915,0.78
0763.HK,0763.HK,ZTE Corp-H,0.26097433356961164,-0.3756887643864235,0.35587409123128855,-0.512359720199402,0.42704890947754626,-0.6169350542147426,0.4744987883083847,-0.7028365505832961,47.44987883083847,0.78
0817.HK,0817.HK,China Jinmao Holdings Group Ltd,0.2555965017391748,-0.31114554517895815,0.3485406841897838,-0.4211307834574518,0.4182488210277406,-0.50523554537607,0.46472091225304507,-0.5739261139373615,46.47209122530451,0.78
0823.HK,0823.HK,Link Real Estate Investment Trust,0.18453413184288336,-0.16694759992028188,0.2516374525130227,-0.21785103801518932,0.3019649430156273,-0.2567013341288201,0.335516603350697,-0.28785590098025127,33.5516603350697,0.78
0836.HK,0836.HK,China Resources Power Holding,0.17996786598433115,-0.180092541800601,0.24541072634226974,-0.23648236390738897,0.2944928716107237,-0.27954768927940843,0.32721430178969296,-0.3142952261689875,32.7214301789693,0.78
0857.HK,0857.HK,PetroChina Company Limited,0.19860260538293786,-0.21324267997506027,0.27082173461309705,-0.28319409018301667,0.3249860815357165,-0.3366444538856445,0.3610956461507961,-0.3799856383194062,36.109564615079606,0.78
0867.HK,0867.HK,China Medical System Holdings Ltd,0.23218999393223913,-0.2592632590181838,0.31662271899850786,-0.3479712411294379,0.37994726279820945,-0.4157759361863523,0.42216362533134383,-0.47092757278040337,42.21636253313438,0.78
0868.HK,0868.HK,Xinyi Glass Holdings Ltd,0.22298799490914745,-0.2648590321867171,0.30407453851247374,-0.355968633476347,0.3648894462149685,-0.4256265920079541,0.40543271801663167,-0.48242027544913474,40.54327180166317,0.78
0883.HK,0883.HK,CNOOC Ltd,0.19296963444847784,-0.21891168926768922,0.2631404106115607,-0.29126256199014916,0.3157684927338728,-0.34656048655881394,0.35085388081541424,-0.39150800868070096,35.085388081541424,0.78
0902.HK,0902.HK,Huaneng Power International,0.19531486958405714,-0.21931663072015167,0.26633845852371424,-0.29181388490795196,0.3196061502284571,-0.3472214721237014,0.35511794469828567,-0.39224113843573416,35.511794469828565,0.78
0914.HK,0914.HK,Anhui Conch Cement,0.20431753370805558,-0.21454660375369553,0.278614818692803,-0.2849860887632436,0.3343377824313637,-0.3388044839609252,0.3714864249237374,-0.38240645185876376,37.14864249237374,0.78
0916.HK,0916.HK,China Longyuan Power Group Corp Ltd,0.2212910170619606,-0.2254055963021736,0.30176047781176446,-0.30018849847565754,0.36211257337411734,-0.3573204647445268,0.4023473037490193,-0.4035689411368648,40.23473037490193,0.78
0921.HK,0921.HK,Hisense Home Appliances Group Co Ltd,0.22879542187125426,-0.2487299844069611,0.31199375709716487,-0.3331058451482824,0.3743925085165979,-0.39759023644927344,0.4159916761295532,-0.44997211864359016,41.59916761295532,0.78
0939.HK,0939.HK,China Construction Bank Corp,0.16208779775242155,-0.16895976313051028,0.22102881511693845,-0.2209010156028393,0.26523457814032614,-0.26057311176040454,0.2947050868225846,-0.2926148346982141,29.470508682258462,0.68
0941.HK,0941.HK,China Mobile Ltd,0.13916855405579948,-0.12042260427012581,0.18977530098518108,-0.15246776166922726,0.2277303611822173,-0.17689904052636551,0.2530337346469081,-0.1962906013166073,25.30337346469081,0.68
0960.HK,0960.HK,Longfor Properties Co Ltd,0.24989477005417782,-0.283290640573887,0.3407655955284243,-0.38178990755733494,0.40891871463410917,-0.45708764022376597,0.4543541273712324,-0.5184029068550917,45.43541273712324,0.78
0966.HK,0966.HK,China Taiping Insurance Holdings Co Ltd,0.2406511302772342,-0.2916576194525928,0.32816063219622843,-0.3937067556967788,0.39379275863547414,-0.4717388823410814,0.43754750959497124,-0.535439383732476,43.75475095949712,0.78
0991.HK,0991.HK,Datang Intl Power Gen Co-H,0.24294485056578524,-0.2927262164528391,0.3312884325897071,-0.39519709827679983,0.39754611910764853,-0.47355024030925325,0.4417179101196095,-0.5375015105235252,44.17179101196095,0.78
0992.HK,0992.HK,Lenovo Group,0.2342381872881228,-0.3482324660765439,0.3194157099383492,-0.47377405384611676,0.3832988519260191,-0.5698398456714525,0.42588761325113234,-0.6487989551145674,42.58876132511323,0.78
0998.HK,0998.HK,China Citic Bank Corp Ltd,0.17410601462611736,-0.1818610068314115,0.2374172926719782,-0.23903671682234345,0.28490075120637387,-0.28271172327958977,0.31655639022930426,-0.31802399863869546,31.655639022930426,0.78
1038.HK,1038.HK,CK Infrastructure Holdings Ltd,0.1657943748086782,-0.16576327413492944,0.22608323837547029,-0.21634675322211921,0.2712998860505643,-0.2549727894770175,0.30144431783396036,-0.2861005505488476,30.144431783396037,0.78
1044.HK,1044.HK,Hengan Intl Group Ltd-H,0.17786832286580795,-0.16905235911278255,0.242547712998829,-0.2208883018409206,0.2910572555985948,-0.2604616938207948,0.3233969506651053,-0.2922835731135932,32.33969506651053,0.78
1066.HK,1066.HK,Shandong Weigao Group Medical Polymer Co Ltd,0.24544601529525212,-0.26260190096473685,0.33469911176625283,-0.35257211241331254,0.4016389341195034,-0.4213303160526434,0.4462654823550038,-0.47717102324708355,44.62654823550038,0.78
1070.HK,1070.HK,TCL Multimedia Technology Holdings Ltd,0.24863148047034328,-0.32085535135278825,0.33904292791410445,-0.4349259318641818,0.40685151349692533,-0.5221733863736576,0.4520572372188059,-0.5935736724356381,45.205723721880595,0.78
1071.HK,1071.HK,Huadian Power International Corp Ltd,0.21035817382880304,-0.210170567572906,0.286852055221095,-0.2787424456888766,0.34422246626531405,-0.33112092484226185,0.38246940696146003,-0.3734566858205057,38.246940696146005,0.78
1072.HK,1072.HK,Dongfang Electric Corp Ltd,0.2710624333876914,-0.4006631309335136,0.36963059098321555,-0.5475869670726863,0.4435567091798586,-0.660018171648954,0.4928407879776207,-0.75245512768343,49.28407879776207,0.78
1088.HK,1088.HK,China Shenhua Energy Co Ltd H,0.18897527910061462,-0.2009545333046453,0.257693562409929,-0.2659036726803292,0.3092322748919148,-0.31552657761290803,0.343591416546572,-0.3557244211114523,34.3591416546572,0.78
1093.HK,1093.HK,CSPC Pharmaceutical Group Ltd,0.2478654796484069,-0.32653730460169117,0.33799838133873666,-0.4429684008011948,0.40559805760648404,-0.532028011448311,0.4506645084516489,-0.6049626480512527,45.06645084516489,0.78
1099.HK,1099.HK,Sinopharm Group Co Ltd,0.18142541998285516,-0.17429000365351713,0.24739829997662066,-0.2282630663439102,0.2968779599719448,-0.269472293936383,0.32986439996882755,-0.30264244810759533,32.98643999688275,0.78
1109.HK,1109.HK,China Resources Land Ltd,0.18972407536322425,-0.22435121926938392,0.2587146482225785,-0.29898476632311705,0.3104575778670942,-0.35603792939725687,0.34495286429677136,-0.40249328698142595,34.49528642967714,0.78
1113.HK,1113.HK,CK Asset Holdings Ltd,0.1687354995903209,-0.1765045270288606,0.2300938630777103,-0.2315104030481296,0.27611263569325234,-0.27352652820235945,0.30679181743694706,-0.30748680134385614,30.679181743694706,0.78
1128.HK,1128.HK,Wynn Macau Ltd,0.2030204677484996,-0.21473162083993588,0.2768460923843176,-0.28525955078918147,0.33221531086118117,-0.3391472832176184,0.36912812317909016,-0.3828189354626481,36.912812317909015,0.78
1133.HK,1133.HK,Harbin Electric,0.2661167473357751,-0.43429893201292236,0.3628864736396933,-0.5952001981508105,0.43546376836763195,-0.7183622710392061,0.48384863151959107,-0.8198885886584922,48.38486315195911,0.78
1138.HK,1138.HK,COSCO Shipping Energy Transportation Co Ltd,0.2610576269984039,-0.3995316826719887,0.3559876731796417,-0.5460779403107076,0.42718520781557,-0.6582307654657898,0.4746502309061889,-0.7505196611876661,47.46502309061889,0.78
1157.HK,1157.HK,Zoomlion Heavy Industry,0.2256896569889849,-0.252483920263911,0.3077586231667976,-0.338442986709242,0.3693103478001571,-0.40414573681594756,0.4103448308890634,-0.4575816335718188,41.03448308890634,0.78
1171.HK,1171.HK,Yankuang Energy Group Co Ltd HK,0.23373028692503214,-0.2783942317030432,0.3187231185341347,-0.37501249949488963,0.3824677422409617,-0.4488852233444658,0.42496415804551296,-0.5091391085612671,42.4964158045513,0.78
1177.HK,1177.HK,Sino Biopharmaceutical Ltd,0.24120867164571805,-0.2793846955371236,0.3289209158805246,-0.3763451444470416,0.39470509905662954,-0.4504719516419132,0.4385612211740328,-0.5108752890931145,43.85612211740328,0.78
1186.HK,1186.HK,China Railway Construction-H,0.174659622697946,-0.15516588275475054,0.23817221276992634,-0.20127907031371217,0.28580665532391164,-0.2364648768901949,0.3175629503599018,-0.2646156324030228,31.756295035990178,0.78
1193.HK,1193.HK,China Resources Gas Group Ltd,0.19251584630943822,-0.18060679577765368,0.2625216086037794,-0.23709539335120466,0.31502593032453524,-0.28022228076216127,0.35002881147170584,-0.31491307294881665,35.002881147170584,0.78
1258.HK,1258.HK,China Nonferrous Mining Corp Ltd,0.2637513259826851,-0.4106984994773726,0.3596608990672978,-0.5618456809306216,0.4315930788807574,-0.6775258640930697,0.4795478654230637,-0.77276513737713,47.95478654230637,0.78
1288.HK,1288.HK,Agricultural Bank Of China,0.17366927327379555,-0.1841469240893564,0.23682173628244846,-0.24227346805874303,0.28418608353893815,-0.28667857041026834,0.31576231504326463,-0.3226101265079341,31.57623150432646,0.78
1299.HK,1299.HK,AIA Group Ltd,0.18883718108370526,-0.22583812880732435,0.25750524693232535,-0.30109564815077644,0.3090062963187904,-0.3586286078560863,0.34334032924310043,-0.40549613168827287,34.334032924310044,0.78
1308.HK,1308.HK,SITC International Holdings Co Ltd,0.19477460099781058,-0.2285000962582222,0.26560172863337805,-0.3048061849703757,0.3187220743600537,-0.36313700644428504,0.3541356381778374,-0.4106257510292433,35.41356381778374,0.78
1336.HK,1336.HK,New China Life Insurance,0.24256902339097194,-0.27685262229479846,0.330775940987689,-0.3727518676263205,0.39693112918522677,-0.4460628418598579,0.4410345879835853,-0.5057666220058923,44.10345879835853,0.78
1339.HK,1339.HK,People’s Insurance Group of China Co Ltd,0.22701522549875466,-0.25486352932500506,0.3095662165892109,-0.3417961942790348,0.37147945990705306,-0.4082445094297449,0.4127549554522812,-0.46229746945186906,41.27549554522812,0.78
1359.HK,1359.HK,China Cinda Asset Mgmt Co Ltd,0.23981680569444302,-0.25006467611160244,0.32702291685605867,-0.3348930467289768,0.3924275002272704,-0.39971216138680754,0.4360305558080782,-0.45228080221865946,43.60305558080782,0.78
1378.HK,1378.HK,China Hongqiao Group Ltd,0.2591558998706361,-0.3182497243561589,0.35339440891450374,-0.43114520560977565,0.4240732906974045,-0.5174790386841439,0.47119254521933834,-0.5880179828983697,47.11925452193383,0.78
1398.HK,1398.HK,Industrial and Commercial Bank of China,0.16053084446576887,-0.1652528913654216,0.2189056969987757,-0.21567288161911746,0.26268683639853085,-0.2541794380081541,0.2918742626650343,-0.2852520460028726,29.18742626650343,0.68
1415.HK,1415.HK,Cowell e Holdings Inc,0.26474525455671083,-0.3294476775621645,0.3610162562136966,-0.44693061800202977,0.4332195074564359,-0.5367781932607452,0.4813550082849288,-0.6102309649752004,48.13550082849288,0.78
1508.HK,1508.HK,China Reinsurance(Group)Corp,0.23410722110832463,-0.25224105873075187,0.3192371196931699,-0.338022896008868,0.3830845436318039,-0.40358010677948875,0.42564949292422655,-0.4568204265888677,42.564949292422654,0.78
1530.HK,1530.HK,3SBio Inc,0.26089642339717795,-0.39155644903164954,0.3557678500870608,-0.5348007243142295,0.426921420104473,-0.644420032119476,0.47435713344941444,-0.7345744696612097,47.43571334494144,0.78
1585.HK,1585.HK,Yadea Group Holdings Ltd,0.21524799499820874,-0.22432038241147492,0.2935199931793755,-0.2987087893163758,0.3522239918152506,-0.3555449022923832,0.391359990905834,-0.4015962849866448,39.135999090583404,0.78
1766.HK,1766.HK,CRRC Corp Ltd,0.2042467349471083,-0.21058696198337684,0.2785182749278749,-0.2793869542140604,0.3342219299134499,-0.33194740265093003,0.3713576999038332,-0.37448948536848464,37.135769990383324,0.78
1776.HK,1776.HK,GF Securities Co Ltd,0.22417073231625514,-0.2646378829764797,0.3056873622494388,-0.3556451137458406,0.3668248346993266,-0.4252231792363516,0.4075831496659184,-0.48193926925897285,40.75831496659184,0.78
1788.HK,1788.HK,Guotai Junan International Holdings Ltd,0.26393347385184174,-0.3640673663791686,0.3599092825252387,-0.4958976418191005,0.4318911390302864,-0.5967552350938922,0.4798790433669849,-0.6794969099777315,47.98790433669849,0.78
1800.HK,1800.HK,China Communications Const-H,0.1869475396027404,-0.1593132897991639,0.254928463094646,-0.2070325216898395,0.3059141557135752,-0.24343675332923545,0.339904617459528,-0.2725082964840563,33.9904617459528,0.78
1816.HK,1816.HK,CGN Power,0.18881135861120857,-0.19829714981956675,0.25747003446982986,-0.2621470572303555,0.3089640413637958,-0.3109266777173857,0.34329337929310644,-0.35041501881185766,34.32933792931065,0.78
1882.HK,1882.HK,Haitian International Holdings Ltd,0.19470245984040913,-0.19890365891949502,0.2655033543278306,-0.26295115865360014,0.31860402519339676,-0.3118757157875713,0.3540044724371075,-0.3514352373351221,35.40044724371075,0.78
1888.HK,1888.HK,Kingboard Laminates Holdings Ltd,0.2594436441454146,-0.5070844108388309,0.3537867874710199,-0.6981951606861552,0.42454414496522386,-0.8445453538850488,0.4717157166280265,-0.9656779387783575,47.171571662802656,0.78
1898.HK,1898.HK,China Coal Energy,0.23363250935507893,-0.2644155486019198,0.31858978548419853,-0.35524454642597114,0.3823077425810382,-0.42467511808104924,0.42478638064559804,-0.48118494235221876,42.4786380645598,0.78
1908.HK,1908.HK,C&D International Investment Group Ltd,0.23425136540954353,-0.2630090948963869,0.319433680103923,-0.3532498865197385,0.3833204161247076,-0.4222284098192305,0.4259115734718973,-0.47835178147027957,42.59115734718973,0.78
1910.HK,1910.HK,Samsonite International SA,0.2316608185797848,-0.25610190154321294,0.31590111624516104,-0.3435052240700787,0.3790813394941933,-0.41030941877147364,0.4212014883268814,-0.46462217629654196,42.120148832688145,0.78
1913.HK,1913.HK,Prada SpA,0.22797444817855256,-0.2633360787126876,0.310874247516208,-0.35376945586767167,0.3730490970194496,-0.42290287408398614,0.41449899668827733,-0.47921117548498615,41.44989966882773,0.78
1919.HK,1919.HK,COSCO SHIPPING Holdings Co Ltd H,0.2003889883577892,-0.20382162165436046,0.2732577113969853,-0.26985443868956205,0.32790925367638235,-0.32029593410508345,0.36434361519598035,-0.3610850582351932,36.434361519598035,0.78
1928.HK,1928.HK,Sands China Ltd,0.22592891212816416,-0.24108965871124677,0.3080848801747693,-0.32232688933438786,0.3697018562097232,-0.38440617603546096,0.4107798402330257,-0.43478528029829905,41.07798402330257,0.78
1929.HK,1929.HK,Chow Tai Fook Jewellery Group Ltd,0.23966678099064323,-0.27182351172474756,0.32681833771451346,-0.36566605296380006,0.3921820052574162,-0.43740215416142714,0.4357577836193513,-0.49580338334434676,43.57577836193513,0.78
1963.HK,1963.HK,Bank Of Chongqing Co Ltd,0.1829210351915579,-0.17983378543554837,0.2494377752612153,-0.23608954180191974,0.29932533031345837,-0.2790486456350001,0.33258370034828705,-0.31368106426482756,33.25837003482871,0.78
1972.HK,1972.HK,Swire Properties Close Only,0.18329596717037933,-0.18836572130345933,0.24994904614142632,-0.24815210787795988,0.2999388553697116,-0.2938199343326605,0.3332653948552351,-0.3307326654995244,33.32653948552351,0.78
1988.HK,1988.HK,China Minsheng Banking,0.1962469952913291,-0.1899624157350256,0.2676095390336306,-0.2502922699878852,0.3211314468403567,-0.2963624257081788,0.35681271871150744,-0.33350220253324403,35.68127187115074,0.78
2016.HK,2016.HK,China Zheshang Bank Co Ltd,0.17961601029583546,-0.1630463558646274,0.24493092313068468,-0.21237861982751666,0.2939171077568216,-0.25002888941662693,0.32657456417424624,-0.2802143695741183,32.657456417424626,0.78
2020.HK,2020.HK,ANTA Sports Products Ltd,0.19197095718529866,-0.19954778798949835,0.26177857797995274,-0.26388696203579237,0.31413429357594325,-0.3130384266206464,0.3490381039732703,-0.35281289010747785,34.90381039732703,0.78
2039.HK,2039.HK,China International Marine Containers Group Co Ltd,0.26207103048646246,-0.33855999649765284,0.35736958702699423,-0.4598417288824747,0.4288435044323931,-0.5526072526403442,0.476492782702659,-0.6285431229066578,47.649278270265896,0.78
2099.HK,2099.HK,China Gold International Resources,0.2629542643562875,-0.3946894884584462,0.35857399684948293,-0.5392127767934467,0.43028879621937954,-0.6498111719723743,0.47809866246597726,-0.7407732009925049,47.80986624659773,0.78
2196.HK,2196.HK,Shanghai Fosun Pharmaceutical Group Co Ltd,0.23986628870970472,-0.26535853655950165,0.3270903936950519,-0.3565213811072238,0.3925084724340622,-0.42620105244628154,0.4361205249267358,-0.482866903670322,43.612052492673584,0.78
2208.HK,2208.HK,Xinjiang Goldwind Science & Technology Co Ltd,0.2644789606717754,-0.42284995208963383,0.36065312818878464,-0.5790238057070455,0.43278375382654155,-0.6985602648483592,0.4808708375850462,-0.797044229102737,48.08708375850462,0.78
2238.HK,2238.HK,Guangzhou Automobile Group Co Ltd,0.24369655603739096,-0.27925825541828003,0.3323134855055331,-0.3761436816759488,0.3987761826066397,-0.4502101003804106,0.4430846473407108,-0.5105409871844272,44.30846473407108,0.78
2282.HK,2282.HK,MGM China Holdings Ltd,0.24202791446518845,-0.26952537837926827,0.3300380651798024,-0.36239450610542384,0.3960456782157629,-0.43338100301154564,0.4400507535730699,-0.4911298431942212,44.005075357306985,0.78
2313.HK,2313.HK,Shenzhou International Group Holdings Ltd,0.21401369409165205,-0.23054231756491406,0.29183685557952554,-0.30751917134138074,0.3502042266954306,-0.3663428693167283,0.38911580743936736,-0.41408055059591947,38.91158074393674,0.78
2318.HK,2318.HK,Ping An Insurance,0.18545364507854112,-0.20677357400624394,0.2528913341980106,-0.27416509954961726,0.3034696010376127,-0.3256661072949547,0.33718844559734745,-0.3674777559917356,33.71884455973475,0.78
2319.HK,2319.HK,China Mengniu Dairy Co,0.19338595119815277,-0.2095470507551721,0.2637081152702083,-0.27801517309472856,0.31644973832425,-0.33033328634963977,0.35161082036027774,-0.3727651067438592,35.16108203602777,0.78
2328.HK,2328.HK,PICC Property & Casualty-H,0.19947720992066556,-0.21690067669168062,0.2720143771645439,-0.2883593164422236,0.3264172525974527,-0.34296522613460617,0.3626858362193919,-0.3872730083314121,36.268583621939186,0.78
2331.HK,2331.HK,Li Ning Co Ltd,0.22385211855858161,-0.24517573332619602,0.3052528889435203,-0.32812437838391617,0.3663034667322244,-0.3915192349224036,0.4070038519246938,-0.4430253973177475,40.700385192469376,0.78
2333.HK,2333.HK,Great Wall Motor Co Ltd,0.23647018934534658,-0.25344007496586124,0.32245934910729074,-0.3396970488135213,0.3869512189287489,-0.40561616478347334,0.429945798809721,-0.45914112555314746,42.9945798809721,0.78
2338.HK,2338.HK,Weichai Power Co Ltd,0.2593795904834908,-0.3425807949740289,0.3536994415683965,-0.4655524992086001,0.42443932988207583,-0.5596178364188865,0.4715992554245287,-0.6366728033504163,47.15992554245287,0.78
2343.HK,2343.HK,Pacific Basin Shipping Ltd,0.22801194025686256,-0.256371387982954,0.31092537307753987,-0.343919554455975,0.3731104476930478,-0.4108390301291187,0.41456716410338645,-0.465280567012047,41.45671641033864,0.78
2357.HK,2357.HK,AviChina Industry & Technology Co Ltd,0.2305445470614807,-0.23882079626547284,0.31437892781111,-0.31907621303305805,0.377254713373332,-0.38039689273498023,0.41917190374814667,-0.430096498263479,41.917190374814666,0.78
2378.HK,2378.HK,Prudential PLC,0.2139768294797317,-0.223579741030989,0.2917865856541796,-0.2976729367896278,0.3501439027850155,-0.35428396795306105,0.38904878087223943,-0.4001566040062776,38.90487808722394,0.78
2380.HK,2380.HK,China Power International Development Ltd,0.18405137290481438,-0.1798562456629389,0.2509791448702014,-0.23611101488338004,0.3011749738442417,-0.2790680793026981,0.3346388598269352,-0.3136889918489929,33.46388598269352,0.78
2382.HK,2382.HK,Sunny Optical Technology Group Co Ltd,0.24797183115757906,-0.306658983628269,0.3381434061239714,-0.4148552414703209,0.4057720873487657,-0.4975959177876699,0.4508578748319619,-0.5652025255095626,45.085787483196185,0.78
2388.HK,2388.HK,BOC Hong Kong Holdings Ltd,0.1634728853155588,-0.18016240288005372,0.22291757088485292,-0.23673133097821278,0.2675010850618235,-0.27995279666556255,0.29722342784647054,-0.3149747840588709,29.722342784647054,0.68
2588.HK,2588.HK,BOC Aviation Ltd,0.18475910178912797,-0.1924589723574888,0.25194422971244723,-0.2539275188076959,0.30233307565493667,-0.3008844525480775,0.33592563961659627,-0.3388712832018788,33.59256396165963,0.78
2600.HK,2600.HK,Aluminum Corp of China Ltd,0.2563312873348106,-0.3409787191494514,0.34954266454746896,-0.4633145732836814,0.41945119745696274,-0.5568954627240896,0.46605688606329193,-0.6335684143497635,46.605688606329196,0.78
2601.HK,2601.HK,China Pacific Insurance,0.2109898010735236,-0.2373809450274837,0.2877133651002594,-0.31721798025382836,0.3452560381203113,-0.3782398021343425,0.38361782013367923,-0.4278567692925611,38.36178201336792,0.78
2607.HK,2607.HK,Shanghai Pharmaceuticals Holding Co Ltd,0.17072211767634488,-0.15522822700573072,0.23280288774047025,-0.2014030850343051,0.2793634652885643,-0.2366406786695346,0.310403850320627,-0.2648691847056901,31.0403850320627,0.78
2628.HK,2628.HK,China Life Insurance Co Ltd,0.23199907138179945,-0.27907780617740136,0.31636237006609014,-0.3759949805932845,0.37963484407930814,-0.4500990269860654,0.4218164934214535,-0.5105629154732164,42.18164934214535,0.78
2638.HK,2638.HK,HK Electric Investments Ltd,0.147916106815823,-0.11884235477180084,0.2017037820215768,-0.15015331458817013,0.2420445384258922,-0.17401130296248787,0.2689383760287691,-0.19284381877508383,26.893837602876907,0.68
2688.HK,2688.HK,ENN Energy Holdings Ltd,0.20095172574623657,-0.19203563766959691,0.27402508056304986,-0.25318141718986564,0.3288300966756598,-0.2998723186114902,0.3653667740840665,-0.3374946734056806,36.536677408406646,0.78
2883.HK,2883.HK,China Oilfield Services Ltd,0.2232276356045603,-0.23567866381535557,0.3044013212789458,-0.3146991791066108,0.365281585534735,-0.3750805839079352,0.40586842837192777,-0.4240516959200164,40.586842837192776,0.78
2888.HK,2888.HK,Standard Chartered PLC,0.2034461063442192,-0.23022954868841938,0.277426508651208,-0.3071730555717742,0.33291181038144957,-0.36598315059565595,0.36990201153494395,-0.4138008611692097,36.9902011534944,0.78
2899.HK,2899.HK,Zijin Mining Group Co Ltd-H,0.24452007168699938,-0.31824051064025594,0.3334364613913628,-0.4312654185021154,0.4001237536696353,-0.5177151630395583,0.44458194852181704,-0.5884785462071191,44.458194852181705,0.78
3311.HK,3311.HK,China State Construction International Holdings Ltd,0.20900090603029098,-0.205486968693805,0.2850012354958513,-0.27213119305790967,0.34200148259502156,-0.3230320707823036,0.38000164732780173,-0.3641339077357095,38.00016473278017,0.78
3323.HK,3323.HK,China National Building Material Co Ltd,0.2610825112904891,-0.3944601636754784,0.35602160630521235,-0.5389055028200084,0.4272259275662548,-0.6494462082929303,0.4746954750736165,-0.7403758087996318,47.469547507361646,0.78
3328.HK,3328.HK,Bank of Communications Co Ltd,0.15986820907483215,-0.15734057399309867,0.218002103283862,-0.2044892076449125,0.26160252394063443,-0.24048631534077874,0.29066947104514934,-0.2694490975073846,29.066947104514934,0.68
3330.HK,3330.HK,Lingbao Gold Co Ltd,0.27643790920519545,-0.46282193483672207,0.3769607852798119,-0.6354438528019226,0.45235294233577433,-0.7675877926135471,0.5026143803730826,-0.8765968108267287,50.26143803730826,0.78
3360.HK,3360.HK,Far East Horizon Ltd,0.21977083174822523,-0.22228048402519915,0.2996874978384889,-0.2957827619182729,0.3596249974061867,-0.35193379470327807,0.39958333045131855,-0.3973684681022745,39.95833304513185,0.78
3393.HK,3393.HK,Wasion Group Holdings Ltd,0.2698019778467359,-0.38237844260371623,0.3679117879728216,-0.5217399879087927,0.4414941455673859,-0.6283698721577091,0.4905490506304288,-0.7159270022960849,49.05490506304288,0.78
3606.HK,3606.HK,Fuyao Glass Industry Group,0.21725486499047045,-0.2316460034913269,0.29625663407791425,-0.30905051166506997,0.35550796089349707,-0.368198684491428,0.395008845437219,-0.41618184776478384,39.500884543721895,0.78
3618.HK,3618.HK,Chongqing Rural Commercial Bank Co Ltd,0.19355981221412963,-0.20720851632465254,0.2639451984738131,-0.27470640317444295,0.3167342381685757,-0.32627983137234634,0.35192693129841746,-0.36808234788593347,35.19269312984174,0.78
3698.HK,3698.HK,Huishang Bank Corp Ltd,0.1926254168636615,-0.20744718495221998,0.262671022995902,-0.2750524382223429,0.3152052275950824,-0.3267093112980832,0.35022803066120267,-0.36859026535253825,35.02280306612027,0.78
3808.HK,3808.HK,Sinotruk Hong Kong Ltd,0.23074585453537294,-0.31487470907656495,0.3146534380027812,-0.4266308553197848,0.3775841256033375,-0.5121226665805158,0.41953791733704165,-0.5821977356410631,41.953791733704165,0.78
3898.HK,3898.HK,Zhuzhou CRRC Times Electric Co Ltd,0.23082119626154193,-0.28265580818848557,0.31475617672028444,-0.38106576281588606,0.37770741206434133,-0.45631659561573923,0.41967490229371257,-0.5177574681356844,41.96749022937126,0.78
3900.HK,3900.HK,Greentown China Holdings Ltd,0.24102332161239332,-0.2706602203366599,0.32866816583508174,-0.3640085607013428,0.3944017990020981,-0.43536390973700223,0.43822422111344234,-0.4934324046932777,43.82242211134423,0.78
3908.HK,3908.HK,China Intl Capital Corp Ltd,0.21572490518102172,-0.2628136037947691,0.2941703252468478,-0.3531420833154632,0.35300439029621733,-0.4222089033217093,0.3922271003291304,-0.4785671197836138,39.222710032913035,0.78
3933.HK,3933.HK,United Laboratories International Holdings Ltd,0.2592438032162289,-0.2858350865442235,0.3535142771130394,-0.3853031849338284,0.42421713253564725,-0.4613337250648822,0.4713523694840525,-0.5231858304377339,47.13523694840525,0.78
3939.HK,3939.HK,Wanguo International Mining Group Ltd,0.2694087757449578,-0.45983965414013517,0.3673756032885788,-0.6312902634923999,0.4408507239462946,-0.762543398546057,0.4898341377181051,-0.8708622938013445,48.98341377181051,0.78
3958.HK,3958.HK,Orient Securities Co Ltd H,0.23485829969847824,-0.2540036432167451,0.32026131777065214,-0.3405087291525862,0.38431358132478255,-0.4066200563164456,0.4270150903608695,-0.4603210148069945,42.70150903608695,0.78
3968.HK,3968.HK,China Merchants Bank Co Ltd Class H,0.16670091791520622,-0.16657907546290576,0.22731943352073575,-0.21749221745039005,0.2727833202248829,-0.25637018480777557,0.30309257802764766,-0.28770248452131386,30.309257802764765,0.78
3988.HK,3988.HK,Bank of China Ltd H,0.1543142510871822,-0.15734110887875924,0.21042852420979388,-0.20454052674211298,0.2525142290517527,-0.2405829014451087,0.2805713656130585,-0.2696319331764834,28.05713656130585,0.68
3993.HK,3993.HK,CMOC Group Ltd,0.2550819108323325,-0.3651333672021207,0.347838969316817,-0.49748577834757457,0.4174067631801804,-0.5987540592648503,0.46378529242242267,-0.6819185991406378,46.378529242242266,0.78
3996.HK,3996.HK,China Energy Engineering Corp,0.21747747354629887,-0.23190563358018468,0.29656019119949845,-0.30941565745284244,0.35587222943939817,-0.36864454285556447,0.39541358826599793,-0.4166938225715814,39.54135882659979,0.78
3998.HK,3998.HK,Bosideng International Holdings Ltd,0.20807580761846003,-0.22030060630219547,0.2837397376615364,-0.29308926227129634,0.34048768519384365,-0.3487059773739697,0.37831965021538183,-0.39379145890051404,37.83196502153818,0.78
6030.HK,6030.HK,CITIC Securities Co Ltd,0.20942358866135738,-0.2473732043536634,0.28557762090185096,-0.33136342754621884,0.34269314508222115,-0.3955738789280305,0.3807701612024679,-0.4478925458056823,38.077016120246796,0.78
6198.HK,6198.HK,Qingdao Port International Co Ltd,0.18399654438591082,-0.18647118318225891,0.2509043787080602,-0.24546644839057455,0.3010852544496722,-0.2905264315245116,0.3345391716107469,-0.3269206612755244,33.45391716107469,0.78
6818.HK,6818.HK,China Everbright Bank Co Ltd,0.2063976091927554,-0.19571351256113573,0.28145128526284824,-0.25833313898690435,0.3377415423154179,-0.30614878657480926,0.37526838035046434,-0.344672194275963,37.52683803504643,0.78
6823.HK,6823.HK,HKT Trust,0.15876702361453618,-0.13615349114056782,0.21650048674709477,-0.17453617280539774,0.25980058409651374,-0.20380817785392424,0.288667315662793,-0.22711097059920535,28.866731566279302,0.68
6881.HK,6881.HK,China Galaxy Securities Co Ltd,0.2486941749553692,-0.2689389956585618,0.33912842039368524,-0.36150454676836385,0.4069541044724223,-0.4322505407370134,0.4521712271915803,-0.48973890922767505,45.217122719158034,0.78
6886.HK,6886.HK,Zuoli Kechuang Micro-Fin Co,0.22411179714099477,-0.24235133198409228,0.30560699610135644,-0.3241277076135797,0.36672839532162776,-0.386622755673299,0.4074759948018086,-0.437368096061752,40.74759948018086,0.78
0002.HK,0002.HK,CLP Holdings,0.1395735536394947,-0.11814772985662902,0.1903275731447655,-0.14924691634696663,0.22839308777371858,-0.17295186687374003,0.253770097526354,-0.19172759795778366,25.3770097526354,0.68
0003.HK,0003.HK,Hong Kong and China Gas Co Ltd,0.15791420078337193,-0.14031974319537532,0.2153375465227799,-0.1804359069757387,0.25840505582733586,-0.21103902684675468,0.28711672869703986,-0.23547138527420391,28.711672869703985,0.68
0004.HK,0004.HK,Wharf Holdings,0.23103075832216527,-0.25225769016343425,0.31504194316658896,-0.33807442420308254,0.37805033179990677,-0.40366190130973584,0.4200559242221186,-0.4569543736908703,42.00559242221186,0.78
0005.HK,0005.HK,HSBC Holdings PLC,0.1797423839005809,-0.19978614241007586,0.2451032507735194,-0.26433537374665644,0.29412390092822327,-0.31366188975268355,0.32680433436469253,-0.3536898068015872,32.68043343646925,0.78
0006.HK,0006.HK,Power Assets,0.1530736405253327,-0.14637582775496746,0.20873678253454458,-0.18904457185086246,0.2504841390414535,-0.22161184531216693,0.27831571004605943,-0.2477419727291059,27.831571004605944,0.68
0008.HK,0008.HK,PCCW Limited,0.1669385376488534,-0.16240611831908836,0.22764346043025463,-0.21158860159711312,0.27317215251630556,-0.249138318328052,0.3035246139070062,-0.2793487935878506,30.35246139070062,0.78
0012.HK,0012.HK,Henderson Land,0.18735945258041867,-0.1945764399502657,0.2554901626096618,-0.2568983968727104,0.3065881951315942,-0.3045072263641029,0.34065355014621573,-0.3430211159978995,34.065355014621574,0.78
0016.HK,0016.HK,Sun Hung Kai Properties Ltd,0.18973803926774085,-0.21551751288186807,0.2587336899105557,-0.28649189181793905,0.31048042789266683,-0.3407372606049598,0.34497825321407427,-0.38482541720588276,34.497825321407426,0.78
0019.HK,0019.HK,Swire Pacific A,0.1681887173380489,-0.17460009802712512,0.22934825091552122,-0.22882211157393362,0.2752179010986255,-0.27023737802040326,0.3057976678873616,-0.30369583803227773,30.579766788736162,0.78
0023.HK,0023.HK,Bank Of E Asia,0.19381001052665575,-0.19761221646069485,0.2642863779908942,-0.26113290797887523,0.31714365358907304,-0.3096542431049275,0.35238183732119227,-0.3488815598496082,35.238183732119225,0.78
0027.HK,0027.HK,Galaxy Entertainment Group Ltd,0.19819427961472047,-0.2151320190355246,0.2702649267473461,-0.28586973646148167,0.3243179120968153,-0.3399239180078775,0.3603532356631281,-0.38377767982911287,36.03532356631281,0.78
0066.HK,0066.HK,MTR Corp Ltd,0.16662142387582063,-0.16132812779400327,0.22721103255793723,-0.21006697974716587,0.27265323906952466,-0.2472766458381073,0.30294804341058296,-0.27720319080661604,30.294804341058295,0.78
0083.HK,0083.HK,Sino Land,0.18354708459830607,-0.18148916661373732,0.2502914789976901,-0.2384249048264641,0.30034977479722813,-0.28190506706009855,0.3337219719969201,-0.31697133773153,33.37219719969201,0.78
0101.HK,0101.HK,Hang Lung Ppt,0.20250897178869223,-0.20847572440213102,0.2761485978936712,-0.2764170338079425,0.3313783174724054,-0.3283205625887171,0.3681981305248949,-0.37032388245481385,36.81981305248949,0.78
0135.HK,0135.HK,Kunlun Energy,0.18298677404280111,-0.1712714779945393,0.24952741914927423,-0.22398001201398668,0.2994329029791291,-0.2642171618514988,0.33270322553236564,-0.296554297929496,33.27032255323657,0.78
0144.HK,0144.HK,China Merchants Port Holdings Co Ltd,0.1942341105359537,-0.18922592525294085,0.2648646961853914,-0.2492690402525774,0.3178376354224697,-0.2951214560785938,0.3531529282471885,-0.33209509779743224,35.31529282471885,0.78
0148.HK,0148.HK,Kingboard Holdings Ltd,0.2735064324270415,-0.4338988387826418,0.37296331694596563,-0.5945671059554708,0.44755598033515875,-0.7175420115853492,0.49728442259462086,-0.8188465579585805,49.728442259462085,0.78
0151.HK,0151.HK,Want Want China,0.22527627539914633,-0.21560287432807465,0.3071949209988359,-0.2862890747351854,0.36863390519860306,-0.34027301137549026,0.40959322799844783,-0.3838330705521772,40.959322799844784,0.78
0168.HK,0168.HK,Tsingtao Brew,0.18036000886772727,-0.18705432611029044,0.24594546663780986,-0.24632424366852962,0.29513455996537186,-0.2915990992673467,0.32792728885041317,-0.3282059610212735,32.79272888504131,0.78
0175.HK,0175.HK,Geely Automobile Holdings Ltd,0.21700129449273034,-0.2595885986343202,0.2959108561264504,-0.3485696171635741,0.35509302735174053,-0.4166010463942731,0.3945478081686006,-0.4720753367216056,39.45478081686006,0.78
0177.HK,0177.HK,Jiangsu Expressway Co Ltd,0.1782073707780582,-0.17295708639587437,0.24301005106098844,-0.2264073334651823,0.2916120612731861,-0.26721904020839754,0.32401340141465124,-0.30008193156628504,32.40134014146513,0.78
0179.HK,0179.HK,Johnson Electric Holdings Ltd,0.26936878387066293,-0.42663719858879245,0.3673210689145403,-0.5843352646294564,0.4407852826974484,-0.7050357474027621,0.4897614252193871,-0.804458691523636,48.97614252193871,0.78
0189.HK,0189.HK,Dongyue Group Ltd,0.2616044267508799,-0.36408894704487227,0.3567333092057453,-0.4959493648912804,0.4280799710468944,-0.5968327286905173,0.4756444122743271,-0.6796162946688067,47.56444122743271,0.78
0220.HK,0220.HK,Uni-President China Holdings Ltd,0.21092260034604707,-0.21963324306856152,0.2876217277446096,-0.2921195512309838,0.34514607329353153,-0.34750103806845234,0.3834956369928128,-0.3923635646712524,38.34956369928128,0.78
0241.HK,0241.HK,Alibaba Health Information Technology Ltd,0.24828103254817596,-0.3035065334024567,0.33856504438387625,-0.41039418866903826,0.40627805326065153,-0.4921303882390792,0.4514200591785017,-0.5588875057397004,45.14200591785017,0.78
0257.HK,0257.HK,China Everbright Environment Group Ltd,0.1895987079187795,-0.19972302293929498,0.2585436926165175,-0.2641563783884655,0.310252431139821,-0.31338280134486307,0.34472492348869,-0.3532409972557935,34.472492348869,0.78
0267.HK,0267.HK,Citic Pacific,0.18597961144619168,-0.1991770559870045,0.2536085610629887,-0.2634172123970063,0.30433027327558637,-0.312499493042923,0.33814474808398487,-0.35226750650849725,33.81447480839849,0.78
0270.HK,0270.HK,Guangdong Investment Ltd,0.16833410140332017,-0.16933405969776077,0.2295465019136184,-0.22137348518719274,0.2754558022963421,-0.2611138280291492,0.3060620025514912,-0.2931590033495947,30.60620025514912,0.78
0288.HK,0288.HK,WH Group Ltd,0.19149382917145139,-0.20526777860173517,0.26112794887016094,-0.27198059405997266,0.31335353864419313,-0.3229539588852481,0.3481705984935479,-0.3642684864305864,34.81705984935479,0.78
0291.HK,0291.HK,China Resources Beer Holdings Co Ltd,0.1909790055784222,-0.2066561425197699,0.2604259166978484,-0.2739487240426991,0.3125111000374181,-0.3253675428930713,0.34723455559713123,-0.3670620630387914,34.72345555971312,0.78
0293.HK,0293.HK,Cathay Pacific Airways Limited,0.19190332219144088,-0.2146305115685352,0.2616863484428739,-0.28521777002072535,0.3140236181314487,-0.33916363510027786,0.3489151312571652,-0.3829805507744414,34.89151312571652,0.78
0316.HK,0316.HK,Orient Overseas International Ltd,0.19712234318408395,-0.2124741622137599,0.2688031952510236,-0.2821207180948356,0.32256383430122826,-0.3353388376549942,0.3584042603346981,-0.3784970477414952,35.84042603346981,0.78
0322.HK,0322.HK,Tingyi,0.19933175777647927,-0.22009411965937647,0.2718160333315626,-0.2928768509789647,0.3261792399978752,-0.3484989368284891,0.36242137777541683,-0.39366465451879545,36.242137777541686,0.78
0354.HK,0354.HK,ChinaSoft International Ltd,0.25521498049455327,-0.3247316904515945,0.34802042794711807,-0.44034796769203133,0.41762451353654173,-0.5287740104712454,0.46402723726282413,-0.6011108906324583,46.40272372628241,0.78
0358.HK,0358.HK,Jiangxi Copper,0.26211941707577363,-0.36673034155148887,0.3574355687396913,-0.4996801724078737,0.42892268248762955,-0.6013988881446809,0.4765807583195884,-0.6848822294532253,47.65807583195884,0.78
0371.HK,0371.HK,Beijing Enterprises Water Group Ltd,0.187084976902266,-0.181484441541216,0.25511587759399906,-0.23838601396203132,0.3061390531127989,-0.28183594743123513,0.34015450345866544,-0.316846102020176,34.01545034586654,0.78
5.HK,5.HK,HSBC Holdings PLC (HK Reg),0.19328168217284156,-0.20248770344555506,0.263565930235693,-0.26803269764230486,0.3162791162828316,-0.3181079340385621,0.35142124031425737,-0.3586498245654534,35.14212403142574,0.78
6178.HK,6178.HK,Everbright Securities Co Ltd,0.224956041831002,-0.22666497072380498,0.3067582388604573,-0.30193615685933306,0.36810988663254873,-0.3594386399750867,0.40901098514727635,-0.4059677437149589,40.901098514727636,0.78
000039.SHE,000039.SHE,China International Marine Containers Group Ltd,0.25391703233297463,-0.3067343787198738,0.34625049863587454,-0.4149077417395568,0.4155005983630494,-0.4976241076100812,0.46166733151449935,-0.5651587454724867,46.16673315144993,0.78
000062.SHE,000062.SHE,Shenzhen Huaqiang Industry Co Ltd,0.2592365939299583,-0.3452845066657016,0.35350444626812494,-0.46937742677742955,0.42420533552174994,-0.5643032653663076,0.47133926169083323,-0.6420849066209683,47.133926169083324,0.78
000063.SHE,000063.SHE,ZTE Corp,0.2439852993692562,-0.3322896844213214,0.33270722641262207,-0.4511388191148775,0.39924867169514644,-0.5420582565857865,0.4436096352168294,-0.61659439540874,44.36096352168294,0.78
000100.SHE,000100.SHE,TCL Corp,0.2089908450974713,-0.27048448479731974,0.2849875160420063,-0.3640516534457476,0.34198501925040753,-0.4356112443257637,0.379983354722675,-0.4941292692096313,37.998335472267506,0.78
000157.SHE,000157.SHE,Zoomlion Heavy Industry Science and Technology Co Ltd,0.2045982178055878,-0.2293121412832542,0.2789975697348924,-0.30586515687450544,0.33479708368187094,-0.3643743107470727,0.37199675964652323,-0.41192834089287095,37.19967596465232,0.78
000166.SHE,000166.SHE,Shenwan Hongyuan Group Co Ltd,0.1728149511986144,-0.17145748709758435,0.23565675163447414,-0.22433567182522882,0.282788101961369,-0.26471453540035617,0.31420900217929887,-0.29725921215594137,31.420900217929887,0.78
000333.SHE,000333.SHE,Midea Group Co Ltd,0.1479565610861161,-0.1567923210930822,0.20175894693561286,-0.2038223033598681,0.24211073632273541,-0.23974187600463115,0.2690119292474838,-0.26874242745970967,26.90119292474838,0.68
000338.SHE,000338.SHE,Weichai Power Co Ltd Class A,0.2355430936325919,-0.3199271365759688,0.3211951276808071,-0.4337323932476111,0.38543415321696856,-0.520791101548056,0.42826017024107615,-0.5921455900875983,42.826017024107614,0.78
000408.SHE,000408.SHE,Zangge Holding Co Ltd,0.23514475504822657,-0.29424286241101644,0.3206519387021271,-0.39741297081678095,0.38478232644255256,-0.4763114945994475,0.4275359182695028,-0.5407900782931818,42.753591826950284,0.78
000425.SHE,000425.SHE,XCMG Construction Machinery Co Ltd,0.23197714700321118,-0.2782841995584844,0.31633247318619706,-0.3748728509468806,0.37959896782343644,-0.44872483761959636,0.4217766309149294,-0.5089764197605,42.17766309149294,0.78
000538.SHE,000538.SHE,Yunnan Baiyao Group Co Ltd,0.1502070262071691,-0.13572298993438076,0.204827763009776,-0.17400528148520053,0.24579331561173123,-0.20320996264082689,0.2731036840130347,-0.22653011355652689,27.31036840130347,0.68
000559.SHE,000559.SHE,Wanxiang Qianchao Co Ltd,0.2562008940587531,-0.3748793280159224,0.34936485553466334,-0.511258461202145,0.41923782664159603,-0.615615285541809,0.46581980737955114,-0.7013738994990129,46.581980737955114,0.78
000568.SHE,000568.SHE,Luzhou Lao Jiao Co Ltd,0.20590961192000173,-0.22549019759749395,0.280785834436366,-0.30044817348414266,0.3369430013236392,-0.3577319230529031,0.37438111258182133,-0.40424153516851513,37.43811125818213,0.78
000596.SHE,000596.SHE,Anhui Gujing Distillery Co Ltd,0.22571000012618672,-0.25974551764899373,0.3077863638084364,-0.34871225101391823,0.3693436365701237,-0.41672284204711474,0.41038181841124854,-0.4721041625665849,41.03818184112485,0.78
000617.SHE,000617.SHE,CNPC Capital Co Ltd,0.24829625010466072,-0.31689307562842234,0.3385857955972646,-0.4293254796992308,0.4063029547167175,-0.5153162974096299,0.4514477274630195,-0.5856600921625102,45.144772746301946,0.78
000625.SHE,000625.SHE,Chongqing Changan Automobile Co Ltd,0.18719022221980747,-0.17797555265453915,0.2552593939361011,-0.23342273756723125,0.3063112727233213,-0.2757565608885878,0.3403458585814681,-0.3098248798546119,34.03458585814681,0.78
000630.SHE,000630.SHE,Tongling Nonferrous Metals Group Co Ltd,0.2532922595708514,-0.36412445463993276,0.3453985357784337,-0.4960752533174337,0.41447824293412044,-0.5970373958467443,0.4605313810379116,-0.6799593444211832,46.053138103791156,0.78
000651.SHE,000651.SHE,Gree Electric Appliances Inc of Zhuhai,0.15671945316547703,-0.14732864200870613,0.21370834522565046,-0.19035886359263973,0.25645001427078057,-0.22319937366012776,0.2849444603008673,-0.24952828373199665,28.494446030086728,0.68
000708.SHE,000708.SHE,CITIC Pacific Special Steel Group Co Ltd,0.2173504725415661,-0.2215115961952302,0.2963870080112264,-0.29471742501913695,0.35566440961347173,-0.3506437294350919,0.3951826773483019,-0.39590990419819094,39.51826773483019,0.78
000776.SHE,000776.SHE,GF Securities Co Ltd,0.21414374083257284,-0.2526743933685284,0.2920141920444175,-0.3388174691743466,0.35041703045330097,-0.4046745092006968,0.3893522560592233,-0.45834044612799074,38.93522560592233,0.78
000783.SHE,000783.SHE,Changjiang Securities Co Ltd,0.22186231769182105,-0.2793871054501489,0.3025395241252105,-0.3765246797687024,0.3630474289502526,-0.45080934135265194,0.40338603216694735,-0.5115132623212927,40.338603216694736,0.78
000807.SHE,000807.SHE,Yunnan Aluminium Co Ltd,0.24791375015484585,-0.3261123516264441,0.3380642047566079,-0.4423669870905701,0.40567704570792956,-0.5312911399080771,0.4507522730088106,-0.6041111623387296,45.07522730088106,0.78
000858.SHE,000858.SHE,Wuliangye Yibin Co Ltd,0.18657262567752142,-0.18195132743019338,0.25441721683298374,-0.23905095471045273,0.3053006601995805,-0.28265344209136556,0.33922295577731165,-0.3177966416563951,33.92229557773116,0.78
000878.SHE,000878.SHE,Yunnan Copper Co Ltd,0.25589355979418077,-0.34074942610729825,0.348945763355701,-0.4629942889796174,0.4187349160268412,-0.5565058548090803,0.4652610178076013,-0.6331241538940597,46.52610178076013,0.78
000895.SHE,000895.SHE,Henan Shuanghui Investment & Development Co Ltd,0.1620926998990618,-0.15204142777991153,0.221035499862357,-0.19697483166861424,0.2652425998348284,-0.23126961092062076,0.294713999816476,-0.25877800356312647,29.4713999816476,0.68
000933.SHE,000933.SHE,Henan Shenhuo Coal & Power Co Ltd,0.24567834616502957,-0.3175848256812154,0.3350159265886767,-0.43032759513027224,0.402019111906412,-0.5165595336152506,0.44668790211823556,-0.5871292691243026,44.668790211823556,0.78
000958.SHE,000958.SHE,SPIC Dongfang New Energy Corp,0.1985643517920994,-0.214659556236387,0.27076957062559004,-0.2851982040646933,0.3249234847507081,-0.33909921442632185,0.3610260941674534,-0.38282064277775973,36.10260941674534,0.78
000960.SHE,000960.SHE,Yunnan Tin Co Ltd,0.2488007091597675,-0.4124919019399368,0.33927369430877385,-0.5645180438732653,0.4071284331705286,-0.6808896330783305,0.4523649257450318,-0.7768412352164631,45.23649257450318,0.78
000963.SHE,000963.SHE,Huadong Medicine Co Ltd,0.21170314431850962,-0.22456822477147448,0.2886861058888767,-0.29909156329433517,0.3464233270666521,-0.35603523326426967,0.3849148078518356,-0.40220798300161587,38.49148078518356,0.78
000967.SHE,000967.SHE,Infore Environment Technology Group Co Ltd,0.25478883631716837,-0.351414765839353,0.34743932225068413,-0.47808741436339813,0.41692718670082096,-0.5749977925205885,0.46325242966757885,-0.6544909879446897,46.325242966757884,0.78
000975.SHE,000975.SHE,Yintai Resources Co Ltd,0.2598667276378527,-0.34646182348474863,0.35436371950616274,-0.4710366675185364,0.4252364634073953,-0.5663315846853443,0.4724849593415503,-0.6444189177013494,47.24849593415503,0.78
000983.SHE,000983.SHE,Shanxi Xishan Coal and Electricity Power Co Ltd,0.22326608570946946,-0.2664329050461083,0.3044537532401856,-0.35819189410988755,0.3653445038882227,-0.4283478300151097,0.4059383376535808,-0.4855589200144521,40.59383376535808,0.78
002001.SHE,002001.SHE,Zhejiang Nhu Co Ltd,0.21388412058861564,-0.2509903403911442,0.2916601644390213,-0.33643822216961655,0.34999219732682557,-0.40176211550004143,0.3888802192520284,-0.45498083683575186,38.88802192520284,0.78
002027.SHE,002027.SHE,Focus Media Information Technology Co Ltd,0.19908151587672687,-0.20247881878469845,0.2714747943773548,-0.26796733175288573,0.32576975325282576,-0.31799265081204503,0.3619663925031397,-0.3584422425043403,36.19663925031397,0.78
002050.SHE,002050.SHE,Zhejiang Sanhua Co Ltd,0.24271040502782906,-0.3372685472026085,0.3309687341288578,-0.45819160089057387,0.39716248095462936,-0.5507038582728506,0.4412916455051437,-0.6265938447861245,44.129164550514375,0.78
002056.SHE,002056.SHE,Hengdian Group DMEGC Magnetics Co Ltd,0.24923127871492887,-0.339740454988231,0.3398608346112666,-0.4616280410515431,0.40783300153352,-0.5548730146369308,0.45314777948168883,-0.6313242499457916,45.31477794816888,0.78
002064.SHE,002064.SHE,Zhejiang Huafon Spandex Co Ltd,0.24252641937447256,-0.30623752886210215,0.33071784460155346,-0.4143087888853933,0.39686141352186416,-0.49695972680850004,0.4409571261354046,-0.5645378294537671,44.095712613540464,0.78
002128.SHE,002128.SHE,Huolinhe Opencut Coal Industry Corp Ltd of Inner Mongolia,0.22966980878882143,-0.28134154337290723,0.3131861028938474,-0.3792175938006909,0.3758233234726169,-0.45406005332239807,0.41758147052512984,-0.5151666202763621,41.75814705251298,0.78
002131.SHE,002131.SHE,Leo Group Co Ltd,0.2672726091107248,-0.39793309748442185,0.364462648787352,-0.5437606189084626,0.4373551785448224,-0.6553548897703618,0.485950198383136,-0.7471190913979474,48.595019838313604,0.78
002138.SHE,002138.SHE,Shenzhen Sunlord Electronics Co Ltd,0.2598894893031578,-0.36539738290027746,0.3543947581406697,-0.49781538523527025,0.42527370976880363,-0.5991285436228939,0.47252634418755957,-0.6822892916051789,47.25263441875596,0.78
002142.SHE,002142.SHE,Bank of Ningbo Co Ltd,0.167199037134337,-0.17964703364587115,0.22799868700136863,-0.2359685663198109,0.2735984244016424,-0.2789959728804368,0.3039982493351582,-0.3138220988037094,30.399824933515816,0.78
002155.SHE,002155.SHE,Hunan Gold Corp Ltd,0.2591106270300518,-0.3614492275008126,0.3533326732227978,-0.49223894100394605,0.4239992078673574,-0.5923035527578243,0.47111023096373045,-0.6744184708442782,47.111023096373046,0.78
002179.SHE,002179.SHE,AVIC Jonhon Optronic Technology Co Ltd,0.21936897244308792,-0.26255282878259173,0.29913950787693805,-0.35274011654797177,0.35896740945232564,-0.4216944634634357,0.3988526771692507,-0.47792630937613695,39.88526771692507,0.78
002203.SHE,002203.SHE,Zhejiang Hailiang Co Ltd,0.2441088582580683,-0.35006769018320455,0.33287571580645675,-0.47627959110803414,0.3994508589677481,-0.5728485376825219,0.44383428774194233,-0.6521463631870542,44.383428774194236,0.78
002236.SHE,002236.SHE,Zhejiang Dahua Technology Co Ltd,0.19427888260459378,-0.22024554044521882,0.2649257490062642,-0.293136993156845,0.3179108988075171,-0.34884823448258717,0.3532343320083523,-0.3941328629142873,35.32343320083523,0.78
002241.SHE,002241.SHE,Goertek Inc,0.24381336577707524,-0.292359976160789,0.33247277151419347,-0.3946712494167346,0.39896732581703215,-0.4729009344781745,0.4432970286855913,-0.5367406058052373,44.32970286855913,0.78
002273.SHE,002273.SHE,Zhejiang Crystal Optech Co Ltd,0.24836416789381024,-0.3550200595197753,0.3386784107642867,-0.48324455909428915,0.40641409291714403,-0.5813530008538121,0.45157121435238223,-0.6619118371812077,45.157121435238224,0.78
002294.SHE,002294.SHE,Shenzhen Salubris Pharmaceuticals Co Ltd,0.2500612637330403,-0.34450756309195496,0.3409926323632367,-0.4683621938880305,0.40919115883588403,-0.5631155926724194,0.45465684315098226,-0.6408313030071924,45.46568431509822,0.78
002304.SHE,002304.SHE,Jiangsu Yanghe Brewery Joint-Stock Co Ltd,0.20438053307699153,-0.20478322199751786,0.2787007269231702,-0.2711780083293426,0.3344408723078043,-0.32189272562388216,0.37160096923089364,-0.3628776265488796,37.16009692308936,0.78
002311.SHE,002311.SHE,Guangdong Haid Group Co Ltd,0.19943739367261537,-0.2159113588499159,0.2719600822808391,-0.2869605722158747,0.32635209873700693,-0.3412523631505813,0.3626134430411188,-0.38529567572509166,36.26134430411188,0.78
002340.SHE,002340.SHE,GEM Co Ltd,0.23806040029840847,-0.28083626078202656,0.3246278185887388,-0.37842662923726256,0.38955338230648656,-0.45304036124888014,0.4328370914516517,-0.5138814539179233,43.283709145165176,0.78
002352.SHE,002352.SHE,S.F. Holding Co. Ltd,0.18544684479240758,-0.16996691563767413,0.2528820610805558,-0.2221126860082489,0.3034584732966669,-0.2619152220697875,0.337176081440741,-0.29386466180941495,33.7176081440741,0.78
002379.SHE,002379.SHE,Shandong Hongchuang Aluminum Industry Holding Co Ltd,0.25715684955357165,-0.337721491514805,0.3506684312094159,-0.45870064195463467,0.4208021174512991,-0.5512395597406587,0.46755790827922117,-0.6270269406805841,46.75579082792212,0.78
002415.SHE,002415.SHE,Hangzhou Hikvision Digital Technology Co Ltd,0.17777172266158714,-0.20533949558833736,0.2424159854476188,-0.2722069418225245,0.2908991825371426,-0.32331452166969193,0.3232213139301584,-0.36486100752593187,32.32213139301584,0.78
002422.SHE,002422.SHE,Sichuan Kelun Pharmaceutical Co Ltd,0.23305564669931894,-0.29802957875761954,0.3178031545899803,-0.402787215455673,0.3813637855079764,-0.4829062618619002,0.4237375394533071,-0.5484318818050795,42.37375394533071,0.78
002429.SHE,002429.SHE,Shenzhen MTC Co Ltd,0.2588901382177538,-0.3868900374929407,0.3530320066605734,-0.5282196868397369,0.42363840799268804,-0.6363721258810278,0.4707093422140978,-0.7253073068260277,47.070934221409786,0.78
002432.SHE,002432.SHE,Andon Health Co Ltd,0.2510119746332082,-0.3798241818849528,0.3422890563180111,-0.5182987799893036,0.41074686758161333,-0.6242693960228327,0.4563854084240148,-0.7114334264182735,45.63854084240148,0.78
002472.SHE,002472.SHE,Zhejiang Shuanghuan Driveline Co Ltd,0.23790974436143636,-0.30059675417472154,0.32442237867468593,-0.40637355854834345,0.38930685440962315,-0.4872691346389351,0.4325631715662479,-0.5534073712612505,43.25631715662479,0.78
002532.SHE,002532.SHE,Tianshan Aluminum Group Co Ltd,0.26340318388776995,-0.33365112683265397,0.359186159846959,-0.4528874110405928,0.43102339181635085,-0.5440818963745276,0.4789148797959454,-0.6186817858289809,47.89148797959454,0.78
002555.SHE,002555.SHE,37 Interactive Entertainment Network Technology Group Co Ltd,0.23848489093682823,-0.2844999866022994,0.3252066694593112,-0.38360405546258036,0.39024800335117343,-0.459378809219084,0.4336088926124149,-0.5211950131375753,43.36088926124149,0.78
002558.SHE,002558.SHE,Giant Network Group Co Ltd,0.25563842283821225,-0.34330316364867675,0.34859784932483484,-0.46660814198563105,0.41831741918980186,-0.5609334523799895,0.46479713243311316,-0.6382399789135575,46.479713243311316,0.78
002595.SHE,002595.SHE,Shandong Himile Mechanical Science & Technology Co Ltd,0.23189640678128312,-0.26764360807576326,0.31622237288356786,-0.35982551721090983,0.3794668474602815,-0.4302961831935578,0.42162983051142383,-0.4876978792023209,42.16298305114238,0.78
002601.SHE,002601.SHE,LB Group Co Ltd,0.23084051253551194,-0.2627925808778908,0.3147825170938799,-0.3529747415073983,0.37773902051265584,-0.42191214401396876,0.41971002279183983,-0.47803038134552844,41.971002279183985,0.78
002648.SHE,002648.SHE,Zhejiang Satellite Petrochemical Co Ltd,0.2293291855077977,-0.2892421932029521,0.3127216166015423,-0.3903939009407492,0.37526593992185076,-0.4677502470309235,0.41696215546872306,-0.5309790676074672,41.69621554687231,0.78
002714.SHE,002714.SHE,Muyuan Foodstuff Co Ltd,0.21685290096083576,-0.23412257699224104,0.2957085013102306,-0.3125565749369067,0.3548502015722767,-0.3724951589278559,0.3942780017469741,-0.4211481499530365,39.42780017469741,0.78
002736.SHE,002736.SHE,Guosen Securities Co Ltd,0.20775454524978454,-0.2159445889619029,0.2833016526133425,-0.2869318482098423,0.33996198313601106,-0.3411666673456411,0.37773553681779004,-0.38508993826108556,37.773553681779006,0.78
200725.SHE,200725.SHE,BOE Tech Group,0.21462833502579315,-0.23860134713731881,0.2926750023078997,-0.3189107646352393,0.35121000276947967,-0.3802909316104203,0.390233336410533,-0.43017849421924803,39.0233336410533,0.78
300014.SHE,300014.SHE,EVE Energy,0.2501013079886444,-0.3503778315499605,0.3410472381663332,-0.47666364259738364,0.40925668579959984,-0.5732825061858765,0.45472965088844425,-0.6525705293839291,45.472965088844425,0.78
300015.SHE,300015.SHE,Aier Eye Hospital Group,0.20029677026865617,-0.2102772349668529,0.2731319594572584,-0.27898489413339705,0.32775835134871006,-0.3314789726921934,0.36417594594301117,-0.3739993029067316,36.417594594301114,0.78
300017.SHE,300017.SHE,Wangsu Science Tech,0.24973324124940577,-0.4103616854466461,0.3405453289764624,-0.561496973142714,0.40865439477175486,-0.677183928236441,0.45406043863528317,-0.7725502829978571,45.40604386352832,0.78
300033.SHE,300033.SHE,Hithink RoyalFlush Info Network,0.22987550052182434,-0.3237506295209916,0.31346659162066953,-0.4391912260030622,0.3761599099448034,-0.5275112024626327,0.417955455494226,-0.599978060843087,41.795545549422606,0.78
300251.SHE,300251.SHE,Beijing Enlight Media,0.2561365994500452,-0.3492933537737656,0.3492771810682434,-0.4750750147537746,0.41913261728189205,-0.5713001855837062,0.4657029080909912,-0.6502040552018934,46.57029080909912,0.78
300274.SHE,300274.SHE,Sungrow Power Supply Co Ltd,0.25184806026512163,-0.3957299104842329,0.3434291730888022,-0.5407852654573811,0.4121150077065627,-0.6518045256077666,0.45790556411840294,-0.7432175208143346,45.79055641184029,0.78
300346.SHE,300346.SHE,Jiangsu Nata Opto Electr Material,0.25311565829258464,-0.3960015036490257,0.3451577158535245,-0.5411578161141554,0.41418925902422943,-0.652253106051671,0.46021028780469936,-0.7437192221175668,46.02102878046993,0.78
300433.SHE,300433.SHE,Lens Technology Co Ltd,0.2518308383839472,-0.39115147712821047,0.3434056887053825,-0.5343105396970841,0.41208682644645905,-0.6438747430404244,0.4578742516071767,-0.7340612177274918,45.78742516071767,0.78
300487.SHE,300487.SHE,Xian Sunresin New Materials Co Ltd,0.24815970744512744,-0.3420868924053427,0.3383996010615374,-0.4649561601432353,0.4060795212738449,-0.5589556198723883,0.45119946808204986,-0.6360521943852085,45.119946808204986,0.78
300498.SHE,300498.SHE,Guangdong Wens Foodstuff Group Co Ltd,0.19564496474365464,-0.19945284734406862,0.26678858828680174,-0.26371924790552614,0.32014630594416216,-0.3128107046288145,0.3557181177157357,-0.352502768569254,35.57181177157357,0.78
600000.SHG,600000.SHG,Shanghai Pudong Development Bank Co Ltd,0.18973645921442503,-0.18456701547464477,0.25873153529239773,-0.24272129300709125,0.3104778423508773,-0.28712945379047,0.34497538038986364,-0.32292447410227193,34.49753803898636,0.78
600009.SHG,600009.SHG,Shanghai International Airport Co Ltd,0.19213393857703326,-0.1682454088800869,0.26200082533231805,-0.2196172291991152,0.31440099039878167,-0.25881830846426296,0.3493344337764241,-0.29020279795219817,34.93344337764241,0.78
600011.SHG,600011.SHG,Huaneng Power International Inc,0.2037986653260707,-0.2303393030967646,0.27790727089918726,-0.30732506208436183,0.3334887250790247,-0.3661671784403664,0.370543027865583,-0.41400883169194863,37.0543027865583,0.78
600015.SHG,600015.SHG,Hua Xia Bank Co Ltd,0.16227830029878698,-0.1542893317634709,0.22128859131652767,-0.20015215828238192,0.2655463095798332,-0.23515989810678167,0.29505145508870356,-0.2632677373353451,29.505145508870356,0.68
600016.SHG,600016.SHG,China Minsheng Banking Corp Ltd,0.17080665732512884,-0.1521195189152844,0.23291816907972113,-0.1970059382511858,0.27950180289566534,-0.23125478222620877,0.3105575587729615,-0.25864900177265554,31.05575587729615,0.78
600018.SHG,600018.SHG,Shanghai International Port Group Co Ltd,0.15052465327037937,-0.13781134207670728,0.20526089082324456,-0.17695576576421157,0.24631306898789349,-0.20682162394509992,0.2736811877643261,-0.2306964227736567,27.36811877643261,0.68
600019.SHG,600019.SHG,Baoshan Iron & Steel Co Ltd,0.17407424913175337,-0.17876095137210024,0.2373739760887546,-0.23465286553742656,0.2848487713065055,-0.27734281683683504,0.3164986347850061,-0.3118249273180703,31.649863478500613,0.78
600021.SHG,600021.SHG,Shanghai Electric Power Co Ltd,0.25654883015260815,-0.37402791701653526,0.3498393138444656,-0.5100512166457242,0.41980717661335876,-0.6141346056890428,0.4664524184592875,-0.6996596905008035,46.645241845928744,0.78
600023.SHG,600023.SHG,Zhejiang Zheneng Electric Power Co Ltd,0.20163704876945165,-0.20743760912082265,0.2749596119583432,-0.27495685499409833,0.3299515343500118,-0.3265375119098769,0.36661281594445755,-0.36827618755464503,36.661281594445754,0.78
600026.SHG,600026.SHG,COSCO Shipping Energy Transportation Co Ltd,0.25874677102327726,-0.3586986055129646,0.3528365059408326,-0.4883522865909317,0.4234038071289991,-0.5875456026658181,0.4704486745877768,-0.6689291348833494,47.04486745877768,0.78
600027.SHG,600027.SHG,Huadian Power International Corp Ltd Class A,0.18484112444757178,-0.1871419072638596,0.2520560787921433,-0.24640730651453147,0.302467294550572,-0.2916736129258517,0.33607477172285777,-0.3282344686367077,33.607477172285776,0.78
600028.SHG,600028.SHG,China Petroleum & Chemical Corp Class A,0.19920331302500044,-0.20626765284237025,0.27164088139772785,-0.27332444343428297,0.3259690576772734,-0.3245530061049557,0.3621878418636371,-0.36601592453119497,36.21878418636371,0.78
600030.SHG,600030.SHG,CITIC Securities Co Ltd,0.17420001696793067,-0.19282524132020268,0.23754547768354178,-0.2545416301499086,0.2850545732202502,-0.3017007154130037,0.31672730357805573,-0.3399493911760004,31.672730357805573,0.78
600031.SHG,600031.SHG,Sany Heavy Industry Co Ltd,0.20504887127588528,-0.2415672031681877,0.27961209719438895,-0.32319232889767685,0.3355345166332668,-0.3855929386656404,0.37281612959251864,-0.43642371600371005,37.281612959251866,0.78
600036.SHG,600036.SHG,China Merchants Bank Co Ltd,0.14980762181680904,-0.14607390784725416,0.20428312065928506,-0.1886473261165377,0.24513974479114206,-0.22114515758862896,0.27237749421238006,-0.24724502079868552,27.237749421238007,0.68
600039.SHG,600039.SHG,Sichuan Road & Bridge Group Co Ltd,0.19883810686704767,-0.21342217830007867,0.27114287300051954,-0.2834457951677153,0.3253714476006235,-0.33695129789970063,0.3615238306673594,-0.3803369276481448,36.152383066735936,0.78
600050.SHG,600050.SHG,China United Network Communications Ltd,0.17875844238224878,-0.17841559485469424,0.24376151233943014,-0.2341218132595258,0.2925138148073162,-0.2766639627056895,0.32501534978590685,-0.31098091341324213,32.50153497859068,0.78
600066.SHG,600066.SHG,Zhengzhou Yutong Bus Co Ltd,0.2076479821301562,-0.24373363831332,0.2831563392683948,-0.32623246882760587,0.3397876071220738,-0.38930054812655945,0.37754178569119307,-0.4406715244841985,37.754178569119304,0.78
600089.SHG,600089.SHG,Tbea Co Ltd,0.23995184631795724,-0.3211384447354116,0.32720706316085074,-0.4354053048499735,0.3926484757930209,-0.5228132138306926,0.4362760842144677,-0.5944239199549627,43.627608421446766,0.78
600096.SHG,600096.SHG,Yunnan Yuntianhua Co Ltd,0.2380568380545697,-0.2900137357937843,0.3246229609835041,-0.39140557129752723,0.38954755318020495,-0.4689362756094249,0.43283061464467215,-0.5322365205239645,43.28306146446722,0.78
600104.SHG,600104.SHG,SAIC Motor Corp Ltd,0.19690623527919268,-0.1907458104208595,0.26850850265344456,-0.25139415572514384,0.32221020318413346,-0.29770795056069743,0.3580113368712594,-0.3350474167780363,35.80113368712594,0.78
600141.SHG,600141.SHG,Hubei Xingfa Chemicals Group Co Ltd,0.26766115439400784,-0.34036225070369963,0.36499248326455613,-0.4623396093180998,0.4379909799174673,-0.5556325659275599,0.4866566443527415,-0.63196468180905,48.665664435274145,0.78
600143.SHG,600143.SHG,Kingfa Sci&Tech Co Ltd,0.25432062939680344,-0.3291206954175422,0.34680085826836826,-0.44656310011937544,0.41616102992204196,-0.5363913940937284,0.46240114435782437,-0.6099181702366435,46.24011443578244,0.78
600150.SHG,600150.SHG,China CSSC Holdings Ltd,0.2020830381940963,-0.241043275281234,0.27556777935558585,-0.322478383609497,0.330681335226703,-0.3847365515379497,0.36742370580744776,-0.4354729238579339,36.742370580744776,0.78
600160.SHG,600160.SHG,Zhejiang Juhua Co Ltd,0.23890995032559878,-0.3055757181363534,0.32578629589854374,-0.4134057711386012,0.3909435550782525,-0.49587572595125595,0.434381727864725,-0.5633325651711417,43.4381727864725,0.78
600188.SHG,600188.SHG,Yankuang Energy Group Co Ltd,0.23840341051248629,-0.3060649450555213,0.325095559789754,-0.41410225396842976,0.3901146717477048,-0.4967318163168127,0.4334607463863387,-0.5643275966760884,43.346074638633866,0.78
600196.SHG,600196.SHG,Shanghai Fosun Pharmaceutical Group Co Ltd,0.1938904191319755,-0.2051536312713711,0.26439602608905743,-0.2717973470520528,0.31727523130686897,-0.3227149717850141,0.35252803478540995,-0.36396175791660473,35.252803478541,0.78
600219.SHG,600219.SHG,Shandong Nanshan Aluminium Co Ltd,0.251028551760506,-0.32314419622812907,0.34231166149159903,-0.43814102464187177,0.4107739937899188,-0.5260964955736236,0.45641554865546535,-0.5980729125804598,45.64155486554654,0.78
600233.SHG,600233.SHG,YTO Express Group Co Ltd,0.21423711448321806,-0.25638261773427706,0.2921415197498428,-0.34406084030072737,0.3505698236998114,-0.41109573396914917,0.3895220263331237,-0.4657538389945579,38.952202633312375,0.78
600236.SHG,600236.SHG,Guangxi Guiguan Electric Power Co Ltd,0.23804439428419263,-0.301980561508388,0.32460599220571723,-0.4083293318084634,0.38952719064686064,-0.48966364008009383,0.43280798960762296,-0.5561705792038388,43.2807989607623,0.78
600256.SHG,600256.SHG,Guanghui Energy Co Ltd,0.24424751292279556,-0.29344326190814823,0.33306479034926667,-0.3961992943822109,0.39967774841912,-0.4747697628155089,0.44408638713235554,-0.538892968847914,44.408638713235554,0.78
600309.SHG,600309.SHG,Wanhua Chemical Group Co Ltd,0.20788844329883596,-0.2530975335370983,0.28348424086204904,-0.3394728273162967,0.3401810890344588,-0.40551514878207207,0.37797898781606537,-0.4593914452935073,37.797898781606534,0.78
600346.SHG,600346.SHG,Hengli Petrochemical Co Ltd,0.25256332411313337,-0.3147179958361112,0.34440453288154543,-0.42621060536067357,0.41328543945785456,-0.5114754539354157,0.4592060438420606,-0.5811702828830653,45.92060438420606,0.78
600352.SHG,600352.SHG,Zhejiang Longsheng Group Co Ltd,0.23315095974049466,-0.2778643411253457,0.31793312691885633,-0.37426839518764243,0.38151975230262763,-0.4479774040937499,0.42391083589180845,-0.5080982872046388,42.391083589180845,0.78
600362.SHG,600362.SHG,Jiangxi Copper Co Ltd Class A,0.25247818651097376,-0.3691054681389708,0.3442884361513278,-0.5031268813984252,0.41314612338159334,-0.6056787856429503,0.4590512482017704,-0.6899480138103098,45.90512482017704,0.78
600372.SHG,600372.SHG,China Avionics Systems Co Ltd,0.21772882546008282,-0.24019445956553948,0.2969029438092038,-0.32113553929585636,0.35628353257104456,-0.3829968813896469,0.39587059174560507,-0.433263248479658,39.58705917456051,0.78
600392.SHG,600392.SHG,Shenghe Resources Holding Co Ltd,0.2529952156609905,-0.3948898060358351,0.34499347590135065,-0.539586734769488,0.4139921710816208,-0.6503296637696196,0.4599913012018009,-0.7414997686500379,45.999130120180084,0.78
600406.SHG,600406.SHG,NARI Technology Co Ltd,0.18343838631266252,-0.20635198692783263,0.2501432540627216,-0.2735872320913662,0.3001719048752659,-0.32497060724923144,0.33352433875029547,-0.3667005357581599,33.35243387502955,0.78
600415.SHG,600415.SHG,Zhejiang China Commodities City Group Co Ltd,0.230882299812534,-0.2735789862868035,0.31483949974436454,-0.3682286418989225,0.37780739969323746,-0.4405940264821018,0.4197859996591527,-0.49960182457974217,41.97859996591527,0.78
600426.SHG,600426.SHG,Shandong Hualu Hengsheng Chemical Co Ltd,0.23452461501840122,-0.28139011590243557,0.31980629320691073,-0.3792420880807983,0.38376755184829286,-0.4540605657299188,0.4264083909425476,-0.5151048807679053,42.640839094254765,0.78
600436.SHG,600436.SHG,Zhangzhou Pientzehuang Pharmaceutical Co Ltd,0.20025815983926798,-0.21050679566548025,0.27307930887172904,-0.27930989349210855,0.32769517064607484,-0.331877248499735,0.36410574516230537,-0.37445968791803896,36.41057451623054,0.78
600489.SHG,600489.SHG,Zhongjin Gold Corp Ltd,0.2657904232597114,-0.3480702091274759,0.36244148626324285,-0.47325733960047744,0.4349297835158914,-0.5690153624348279,0.4832553150176571,-0.6474418225846341,48.32553150176571,0.78
600497.SHG,600497.SHG,Yunnan Chihong Zinc&Germanium Co Ltd,0.25237450955376367,-0.3522162942360832,0.344147058482405,-0.4792429264718962,0.412976470178886,-0.5764276640451383,0.45886274464320664,-0.6561730590685887,45.886274464320664,0.78
600519.SHG,600519.SHG,Kweichow Moutai Co Ltd,0.16971353453252613,-0.17385713414164455,0.23142754708980834,-0.22775752019392273,0.27771305650777,-0.26892426384265206,0.30857006278641114,-0.3021600071531337,30.857006278641112,0.78
600547.SHG,600547.SHG,Shandong Gold Mining Co Ltd,0.25578833592687117,-0.33165147931132194,0.3488022762639152,-0.45012880717811965,0.41856273151669826,-0.5407495610572479,0.46506970168522027,-0.61493170399231,46.506970168522024,0.78
600549.SHG,600549.SHG,Xiamen Tungsten Co Ltd,0.25303232505988016,-0.3908712904004252,0.34504407962710926,-0.5339033576171833,0.41405289555253116,-0.6433687513572668,0.4600587728361457,-0.7334615228897998,46.00587728361457,0.78
600563.SHG,600563.SHG,Xiamen Faratronic Co Ltd,0.24610214695120428,-0.3366538493028041,0.33559383675164217,-0.45729140871895024,0.40271260410197063,-0.5495807519648644,0.44745844900218956,-0.625253446523569,44.745844900218955,0.78
600578.SHG,600578.SHG,Beijing Jingneng Power Co Ltd,0.2548403697560804,-0.33944008318951746,0.3475095951219278,-0.46115218659983026,0.4170115141463133,-0.5542561461705412,0.46334612682923704,-0.6305399360961087,46.334612682923705,0.78
600585.SHG,600585.SHG,Anhui Conch Cement Co Ltd,0.20029339349111525,-0.2107287548056762,0.2731273547606117,-0.2796234703549722,0.327752825712734,-0.3322610861542329,0.36416980634748225,-0.3749024530970977,36.41698063474823,0.78
600600.SHG,600600.SHG,Tsingtao Brewery Co Ltd,0.16605730299800286,-0.15382351260919414,0.22644177681545846,-0.19945898687009253,0.27173013217855013,-0.23428798729034792,0.30192236908727793,-0.26221242257481725,30.192236908727793,0.78
600660.SHG,600660.SHG,Fuyao Glass Industry Group Co Ltd Class A,0.18869744408266984,-0.20092163787977615,0.25731469647636795,-0.2658596809053846,0.3087776357716415,-0.3154743864101453,0.34308626196849057,-0.3556677230441194,34.308626196849055,0.78
600674.SHG,600674.SHG,Sichuan Chuantou Energy Co Ltd,0.15671359488654937,-0.15710388293297978,0.21370035666347642,-0.2041831952163728,0.25644042799617167,-0.24013068849838126,0.2849338088846352,-0.2690789573060361,28.49338088846352,0.68
600690.SHG,600690.SHG,Qingdao Haier Co Ltd,0.17546207848835035,-0.17585097822171625,0.23926647066593226,-0.23052490738819936,0.2871197647991187,-0.272278691947964,0.3190219608879097,-0.3059595611474501,31.90219608879097,0.78
600741.SHG,600741.SHG,HUAYU Automotive Systems Co Ltd,0.1856059657211228,-0.19102597539706337,0.25309904416516743,-0.2518932453104524,0.30371885299820095,-0.2983878428830002,0.33746539222022326,-0.33597757373416276,33.74653922202233,0.78
600795.SHG,600795.SHG,GD Power Development Co Ltd,0.17862781910609893,-0.18625055077474198,0.24358338969013488,-0.24520330336294427,0.29230006762816185,-0.2902367542491966,0.32477785292017985,-0.3266551001969207,32.477785292017984,0.78
600801.SHG,600801.SHG,Huaxin Cement Co Ltd A,0.2550305742712906,-0.3094280256652977,0.3477689649153962,-0.4187069962122752,0.4173227578984755,-0.5022704616751508,0.4636919532205283,-0.5705095961726259,46.36919532205283,0.78
600809.SHG,600809.SHG,Shanxi Xinghuacun Fen Wine Factory Co Ltd,0.21390834510618523,-0.225435018354886,0.2916931978720707,-0.3002973186176451,0.35003183744648486,-0.3574985820938569,0.38892426382942763,-0.4038693999608422,38.892426382942766,0.78
600845.SHG,600845.SHG,Shanghai Baosight Software Co Ltd A,0.226492236828919,-0.26181962367594686,0.30885305022125314,-0.3516383584856239,0.3706236602655038,-0.4203018260629689,0.4118040669616709,-0.4762267741465836,41.18040669616709,0.78
600863.SHG,600863.SHG,Inner Mongolia MengDian HuaNeng Thermal Power Corp Ltd,0.23577898728025123,-0.26941850952947366,0.3215168008367062,-0.3623002603104315,0.3858201610040475,-0.4333035303237259,0.42868906778227495,-0.49112061583886635,42.8689067782275,0.78
600875.SHG,600875.SHG,Dongfang Electric Corp Ltd Class A,0.24653743318227234,-0.3577507790685041,0.3361874088849168,-0.48712301011755693,0.4034248906619002,-0.5861142089673081,0.4482498785132224,-0.6674330603237704,44.82498785132224,0.78
600886.SHG,600886.SHG,SDIC Power Holdings Co Ltd,0.15730716679341802,-0.1593998521727476,0.21450977290011547,-0.2074247822372702,0.2574117274801386,-0.24409720037527288,0.2860130305334873,-0.27365146979589244,28.60130305334873,0.68
600887.SHG,600887.SHG,Inner Mongolia Yili Industrial Group Co Ltd,0.16582217882182954,-0.15514991843587173,0.22612115293885843,-0.20133694852538417,0.2713453835266301,-0.23658943927972287,0.30149487058514457,-0.2648729292012108,30.149487058514456,0.78
600900.SHG,600900.SHG,China Yangtze Power Co Ltd,0.1388207670906684,-0.1283479037358924,0.18930104603272963,-0.1636789938758642,0.22716125523927555,-0.19063205204142925,0.25240139471030615,-0.21215258236699924,25.240139471030616,0.68
600958.SHG,600958.SHG,Orient Sec Co Ltd,0.1901158588719012,-0.19862073824624815,0.2592488984616834,-0.2625928043375865,0.3110986781540201,-0.31146468100397834,0.3456651979489112,-0.3510195029294159,34.56651979489112,0.78
600985.SHG,600985.SHG,Huaibei Mining Holdings Co Ltd,0.22030523846432024,-0.27060033344627776,0.30041623426952757,-0.3641124831183445,0.3604994811234331,-0.4356170244586153,0.40055497902603676,-0.49399067727008683,40.055497902603676,0.78
600999.SHG,600999.SHG,China Merchants Securities Co Ltd,0.18058398402170436,-0.1995012196360353,0.24625088730232408,-0.26392477025559435,0.2955010647627889,-0.31315389357153406,0.3283345164030988,-0.3530924179768148,32.83345164030988,0.78
601006.SHG,601006.SHG,Daqin Railway Co Ltd,0.1600358021896242,-0.13839189713897004,0.21823063934948755,-0.17769020609852934,0.2618767672193851,-0.20766335772123137,0.2909741857993167,-0.23154625893355238,29.097418579931674,0.68
601009.SHG,601009.SHG,Bank of Nanjing Co Ltd,0.16353080210457266,-0.16855220975681312,0.22299654832441723,-0.2203115111331444,0.2675958579893007,-0.25984235474955597,0.297328731099223,-0.2917525023538402,29.7328731099223,0.68
601058.SHG,601058.SHG,Sailun Jinyu Group Co Ltd,0.21439465418842218,-0.2427398543638512,0.2923563466205757,-0.32476562508896795,0.35082761594469086,-0.38746306124075813,0.3898084621607676,-0.43846315640880856,38.980846216076756,0.78
601088.SHG,601088.SHG,China Shenhua Energy Co,0.18076870118345958,-0.20072025558592868,0.24650277434108125,-0.26564706578316594,0.29580332920929747,-0.3152621442617198,0.3286703657881083,-0.35552444458767135,32.86703657881083,0.78
601117.SHG,601117.SHG,China Natl Chem Engineering Co,0.20402976354884367,-0.2333398663626511,0.27822240483933225,-0.3115663954556037,0.3338668858071987,-0.37136032610386926,0.370963206452443,-0.42000239500915826,37.096320645244305,0.78
601126.SHG,601126.SHG,Beijing Sifang Automation Co Ltd,0.2536606310428714,-0.3951271418531126,0.3459008605130064,-0.5399163204288366,0.4150810326156077,-0.6507292805547977,0.4612011473506752,-0.741952663053913,46.12011473506752,0.78
601127.SHG,601127.SHG,Chongqing Sokon Ind Grp Co,0.21834945172022685,-0.24430427074409092,0.2977492523457639,-0.3269420398865703,0.35729910281491667,-0.39010459368559486,0.39699900312768516,-0.44146255943188345,39.69990031276851,0.78
601166.SHG,601166.SHG,Industrial Bank Co Ltd,0.1579649721839056,-0.15322971416419218,0.21540678025078033,-0.19869290079214375,0.2584881363009364,-0.23339887801807957,0.2872090403343738,-0.26128966560236566,28.720904033437378,0.68
601168.SHG,601168.SHG,Western Mining Co Ltd,0.2414648797009619,-0.32849898191358984,0.3292702905013116,-0.4458009018554852,0.39512434860157397,-0.5355359781751123,0.43902705400174885,-0.6090954768551482,43.90270540017489,0.78
601169.SHG,601169.SHG,Bank of Beijing Co Ltd,0.16592642016684347,-0.14366232588992175,0.22626330022751381,-0.18509009034554547,0.2715159602730166,-0.21669054991279119,0.30168440030335175,-0.2418943325743832,30.168440030335177,0.78
601186.SHG,601186.SHG,China Railway Construction Corp Ltd,0.1754618060377381,-0.15179314299611213,0.2392660991423701,-0.19650199301117482,0.28711931897084414,-0.23060930370970256,0.31902146552316013,-0.2578438996128074,31.90214655231601,0.78
601211.SHG,601211.SHG,Guotai Junan Securities Co Ltd,0.18811381687618883,-0.19447365676681697,0.25651884119480295,-0.25674617184677,0.30782260943376355,-0.3043162077308123,0.3420251215930706,-0.3427908613449587,34.202512159307055,0.78
601225.SHG,601225.SHG,Shaanxi Coal Industry Co Ltd,0.20667225408591477,-0.2394122382107306,0.2818258010262474,-0.3201299691205007,0.3381909612314969,-0.38183246922719666,0.3757677347016632,-0.43206065719683123,37.576773470166316,0.78
601231.SHG,601231.SHG,Universal Scientific Industrial Shanghai Co Ltd,0.2585616855858109,-0.42448754834261204,0.3525841167079239,-0.581393586793339,0.42310094004950866,-0.7014985820773612,0.4701121556105652,-0.800513077884234,47.01121556105652,0.78
601288.SHG,601288.SHG,Agricultural Bank of China Ltd Class A,0.1764450296062643,-0.18715660452284752,0.24060685855399677,-0.24650452874985412,0.2887282302647961,-0.2918436810667672,0.32080914473866234,-0.32853864444039915,32.08091447386624,0.78
601318.SHG,601318.SHG,Ping An Insurance Group Co of China Ltd,0.20034747969167208,-0.20390864364792866,0.2732011086704619,-0.2699778842636609,0.3278413304045543,-0.32044737555175096,0.3642681448939492,-0.36126046068776624,36.42681448939492,0.78
601328.SHG,601328.SHG,Bank of Communications Co,0.1587487665433783,-0.15409182337759642,0.2164755907409704,-0.19990497175183106,0.2597707088891645,-0.23487859514565734,0.28863412098796054,-0.2629882325774096,28.863412098796054,0.68
601336.SHG,601336.SHG,New China Life Insurance Co Ltd,0.21741693416192764,-0.25165801636126045,0.29647763749353767,-0.33735029621527,0.3557731649922452,-0.40285771611457494,0.39530351665805025,-0.45620056942267595,39.53035166580502,0.78
601360.SHG,601360.SHG,360 Security Technology Inc,0.24485851174674675,-0.29856132611823794,0.33389797056374554,-0.4034317677316056,0.4006775646764946,-0.4836239864089509,0.44519729408499403,-0.549109100942946,44.5197294084994,0.78
601377.SHG,601377.SHG,Industrial Securities Co Ltd,0.18847473797151293,-0.20435810791202885,0.25701100632479035,-0.270721610924909,0.3084132075897484,-0.32143036292589644,0.3426813417663871,-0.36254795167226267,34.26813417663871,0.78
601390.SHG,601390.SHG,China Railway Group Limited,0.1951350126009174,-0.20668203300846916,0.26609319900125095,-0.273947502868191,0.31931183880150116,-0.32534080475494265,0.35479093200166795,-0.36697782924090827,35.479093200166794,0.78
601398.SHG,601398.SHG,Industrial and Commercial Bank of China Ltd,0.15037723713568885,-0.15428777246147818,0.20505986882139388,-0.20025829913497614,0.24607184258567263,-0.23536217754882005,0.27341315842852515,-0.2636541080712429,27.341315842852516,0.68
601600.SHG,601600.SHG,Aluminum Corp of China Ltd,0.25121423454726466,-0.33802923793410045,0.3425648652917245,-0.4591899620622083,0.4110778383500694,-0.5518749459382386,0.4567531537222993,-0.6278369191011997,45.67531537222993,0.78
601601.SHG,601601.SHG,China Pacific Insurance Group Co Ltd,0.21522278039445633,-0.2365429868233601,0.2934856096288041,-0.31599439179430955,0.3521827315545649,-0.37671550842312296,0.39131414617173876,-0.42604231901562883,39.131414617173874,0.78
601628.SHG,601628.SHG,China Life Insurance Co Ltd A,0.20812003421898,-0.22861853061899803,0.28380004666224545,-0.30485218101655,0.3405600559946946,-0.36311228315889116,0.37840006221632727,-0.4104258601181021,37.84000622163273,0.78
601633.SHG,601633.SHG,Great Wall Motor Co Ltd,0.19562258946821875,-0.18799706123041574,0.266758076547571,-0.24751852351812828,0.3201096918570852,-0.2929690864241517,0.35567743539676133,-0.3295919286236898,35.56774353967613,0.78
601668.SHG,601668.SHG,China State Construction Engineering Corp Ltd,0.15946980492025792,-0.14255896307186955,0.21745882489126078,-0.18358848003628658,0.26095058986951297,-0.21489067619747348,0.2899450998550144,-0.2398989143463488,28.994509985501438,0.68
601669.SHG,601669.SHG,Power Construction Corp of China Ltd,0.22026749381596603,-0.26158735167425456,0.3003647642944991,-0.35136654568227244,0.3604377171533989,-0.4200067322039322,0.40048635239266545,-0.4759659490054411,40.048635239266545,0.78
601688.SHG,601688.SHG,Huatai Securities Co Ltd,0.20010009997269226,-0.23717733451642833,0.27286377269003487,-0.317029170211469,0.32743652722804184,-0.3780746992290892,0.36381836358671316,-0.4278059384882958,36.381836358671315,0.78
601699.SHG,601699.SHG,Shanxi LuAn Environmental Energy Development Co Ltd,0.23185537976750312,-0.30631618743240824,0.31616642695568603,-0.4145171769346843,0.37939971234682324,-0.4972797621356067,0.4215552359409147,-0.56504438061788,42.15552359409147,0.78
601766.SHG,601766.SHG,CRRC Corp Ltd Class A,0.17771526555488767,-0.1766939754945729,0.24233899848393772,-0.23169657278430683,0.2908067981807253,-0.27369999785780696,0.3231186646452503,-0.3075718150255313,32.31186646452503,0.78
601788.SHG,601788.SHG,Everbright Securities Co Ltd,0.18623224933086616,-0.18857712701898968,0.25395306726936295,-0.24842434910127803,0.30474368072323554,-0.294135526156886,0.3386040896924839,-0.3310593804235147,33.86040896924839,0.78
601800.SHG,601800.SHG,China Communications Construction Co Ltd,0.19177634215028985,-0.17885790931789156,0.26151319384130434,-0.2346288267695467,0.3138158326095652,-0.27720585754817906,0.34868425845507245,-0.3114395019835918,34.86842584550725,0.78
601808.SHG,601808.SHG,China Oilfield Services Ltd Class A,0.2229405841518773,-0.2405071861251175,0.30400988747983265,-0.32153035412980374,0.3648118649757992,-0.38344877395939214,0.4053465166397769,-0.433718134950719,40.53465166397769,0.78
601818.SHG,601818.SHG,China Everbright Bank Co Ltd,0.16230213634627466,-0.14620519258956371,0.22132109501764724,-0.18871924202163884,0.2655853140211767,-0.22115734777740434,0.295094793356863,-0.2470986788987039,29.5094793356863,0.68
601857.SHG,601857.SHG,PetroChina Co Ltd Class A,0.21990922379519764,-0.24022663906665304,0.2998762142661786,-0.3211611978635759,0.3598514571194143,-0.3830150634137559,0.3998349523549048,-0.43325624899091775,39.98349523549048,0.78
601872.SHG,601872.SHG,China Merchants Energy Shipping Co Ltd,0.25066244053286774,-0.3842625820757276,0.34181241890845604,-0.524578807856355,0.4101749026901472,-0.6319629509248523,0.45574989187794135,-0.7203216660976524,45.57498918779414,0.78
601877.SHG,601877.SHG,Zhejiang Chint Electrics Co,0.23589256375259587,-0.2729926071727024,0.3216716778444489,-0.36735376368236483,0.3860060134133387,-0.43949209282696655,0.4288955704592652,-0.498265094077138,42.889557045926516,0.78
601888.SHG,601888.SHG,China International Travel Service Corp Ltd,0.23611239959839317,-0.27720750789059634,0.32197145399780885,-0.37331253207903925,0.3863657447973706,-0.44678872863457886,0.42929527199707845,-0.5066877008852453,42.92952719970785,0.78
601898.SHG,601898.SHG,China Coal Energy Co Ltd,0.238028387468839,-0.2985308187728522,0.324584164730235,-0.40345080456954924,0.389500997676282,-0.4836887860855428,0.43277888630697997,-0.5492716175921788,43.277888630697994,0.78
601899.SHG,601899.SHG,Zijin Mining Group Co Ltd Class A,0.23828619281803398,-0.3045139119200361,0.32493571747913724,-0.4119098290102095,0.3899228609749647,-0.494047367043257,0.4332476233055163,-0.5612293666205729,43.32476233055163,0.78
601901.SHG,601901.SHG,Founder Securities Co Ltd,0.17127407514987256,-0.17267569688822393,0.23355555702255346,-0.22607250860791325,0.28026666842706416,-0.2668510762246725,0.3114074093634046,-0.2997460604079066,31.14074093634046,0.78
601919.SHG,601919.SHG,COSCO SHIPPING Holdings Co Ltd,0.16507459334950383,-0.18088884315957895,0.22510171820386882,-0.23774409089077228,0.2701220618446426,-0.2811834408144091,0.3001356242718251,-0.316375245082265,30.01356242718251,0.78
601939.SHG,601939.SHG,China Construction Bank Co,0.15680410257282304,-0.16023113221510377,0.21382377623566778,-0.20860496959153163,0.2565885314828013,-0.24554568426654838,0.2850983683142237,-0.2753304938005515,28.50983683142237,0.68
601958.SHG,601958.SHG,Jinduicheng Molybdenum Co Ltd,0.25157552273098494,-0.3721625765432928,0.3430575309967976,-0.5074585033224328,0.41166903719615716,-0.61098939992534,0.4574100413290635,-0.6960917723426626,45.74100413290635,0.78
601985.SHG,601985.SHG,China National Nuclear Power,0.15299895689777027,-0.14982105865348605,0.20863494122423215,-0.19391754402501554,0.2503619294690786,-0.22758044659991752,0.27817992163230953,-0.2546348787175905,27.817992163230954,0.68
601988.SHG,601988.SHG,Bank of China Limited,0.15923886456064054,-0.16150778147742373,0.21714390621905527,-0.2103882584733299,0.2605726874628663,-0.24771497006464083,0.2895252082920737,-0.2778041092055901,28.95252082920737,0.68
601991.SHG,601991.SHG,Datang International Power Generation Co Ltd Class A,0.24577619297749562,-0.35934842973310255,0.3351493540602213,-0.4893893596068486,0.40217922487226554,-0.5888945324570632,0.44686580541362836,-0.6706532749687598,44.68658054136284,0.78
601998.SHG,601998.SHG,China Citic Bank Corp Ltd Class A,0.1648835483520094,-0.17047345318733287,0.22484120229819465,-0.2230162443883622,0.2698094427578336,-0.2631467467018045,0.2997882697309262,-0.29555071751950907,29.97882697309262,0.68
603288.SHG,603288.SHG,Foshan Haitian Flavouring and Food Co Ltd,0.16824698690048612,-0.17333366836952893,0.22942770940975377,-0.2270305790963464,0.27531325129170453,-0.26804285389230714,0.30590361254633835,-0.30116107171322376,30.590361254633834,0.78
603799.SHG,603799.SHG,Zhejiang Huayou Cobalt Co Ltd,0.2512150346376849,-0.33941607395824464,0.3425659563241158,-0.46115123709240075,0.41107914758893893,-0.554277002613313,0.4567546084321544,-0.6306105649647106,45.67546084321544,0.78
603806.SHG,603806.SHG,Hangzhou First PV Material Co Ltd,0.23875511971335198,-0.31724931635786024,0.32557516324547997,-0.429916141626907,0.39069019589457593,-0.516097657932646,0.43410021766063994,-0.586684828797829,43.41002176606399,0.78
603993.SHG,603993.SHG,China Molybdenum Co Ltd Class A,0.2463092243651033,-0.3639393014757687,0.33587621504332266,-0.4958769800262462,0.40305145805198717,-0.5968369747985774,0.44783495339109686,-0.6798175737904977,44.783495339109685,0.78
600919.SHG,600919.SHG,Bank of Jiangsu Co Ltd,0.15420507574754427,-0.15701414142882225,0.21027964874665128,-0.20407911886087055,0.25233557849598154,-0.24001845761169135,0.28037286499553504,-0.2689815712877249,28.037286499553502,0.68
1658.HK,1658.HK,Postal Savings Bank of China,0.17202857518138476,-0.16827729680247808,0.23458442070188829,-0.21984536266426113,0.28150130484226593,-0.2592198285288812,0.3127792276025177,-0.2909245675081108,31.27792276025177,0.78
6099.HK,6099.HK,China Merchants Securities Co Ltd,0.24115496408360973,-0.2633571409641532,0.3288476782958314,-0.3536792483463196,0.3946172139549977,-0.42271233784288986,0.43846357106110856,-0.4788219376492064,43.84635710611086,0.78
3320.HK,3320.HK,China Resources Pharmaceutical Group Ltd,0.21509427944068302,-0.21138650388490632,0.2933103810554768,-0.2804189223004307,0.3519724572665722,-0.33314541509467893,0.3910805080739691,-0.37573355862448116,39.10805080739691,0.78
PSH.LSE,PSH.LSE,Pershing Square Holdings Ltd,0.20056828074057506,-0.19335484615929754,0.27350220100987505,-0.255050550570964,0.32820264121185005,-0.30216385907965065,0.36466960134650006,-0.340145639494358,36.46696013465001,0.78
600926.SHG,600926.SHG,Bank of Hangzhou Co Ltd,0.16588324253808262,-0.15913252968951788,0.22620442164283994,-0.20696865545624205,0.2714453059714079,-0.2434864725752647,0.3016058955237866,-0.2728361532596076,30.16058955237866,0.78
6066.HK,6066.HK,China Securities Co Ltd HK,0.22434738524372932,-0.2540388572254696,0.30592825260508544,-0.3406542195509807,0.36711390312610254,-0.40686208550946645,0.40790433680678057,-0.4607354363884171,40.790433680678056,0.78
1357.HK,1357.HK,Meitu Inc,0.26219694833388413,-0.4117960409066022,0.3575412931825692,-0.5634119897972104,0.42904955181908305,-0.6794536337319428,0.4767217242434256,-0.7750110907768228,47.67217242434256,0.78
601229.SHG,601229.SHG,Bank of Shanghai Co Ltd,0.15970841654653525,-0.1601809730510449,0.21778420438163895,-0.20850759324973464,0.26134104525796675,-0.24540878304001465,0.2903789391755186,-0.27513512519693045,29.03789391755186,0.68
600909.SHG,600909.SHG,Huaan Securities Co Ltd,0.2443813091631431,-0.3123900696458205,0.33324723976792237,-0.4229929087814756,0.3998966877215068,-0.5075842919933202,0.4443296530238965,-0.5767822055372107,44.43296530238965,0.78
GALE.SW,GALE.SW,Galenica Sante AG,0.16411989765699145,-0.14670412992545592,0.22379986044135194,-0.18940829725931968,0.26855983252962234,-0.22199022403416796,0.2983998139218026,-0.24803706320031943,29.83998139218026,0.68
AYV.PA,AYV.PA,Ayvens SA,0.19972214030494218,-0.21590301240341678,0.27234837314310295,-0.28694617625437563,0.3268180477717236,-0.34123300229322573,0.36313116419080393,-0.38526966385139905,36.313116419080394,0.78
603929.SHG,603929.SHG,L&K Engineering Suzhou Co Ltd,0.2579583069170851,-0.4547759851117087,0.3517613276142069,-0.6242333979517869,0.42211359313704827,-0.7539700858509096,0.4690151034856092,-0.8611096983606765,46.90151034856092,0.78
UNI.MC,UNI.MC,Unicaja Banco SA,0.18203509714928234,-0.19055801702373626,0.24822967793083955,-0.2512639610475629,0.2978756135170075,-0.29763881874079967,0.33097290390778605,-0.3351585217771324,33.0972903907786,0.78
601881.SHG,601881.SHG,China Galaxy Securities Co Ltd Class A,0.19332323202816767,-0.1985472669265651,0.2636225891293195,-0.2624597006099268,0.3163471069551834,-0.31128218214181,0.35149678550575936,-0.35076759171402655,35.149678550575935,0.78
ESSITY-B.ST,ESSITY-B.ST,Essity AB (publ),0.1614574985757677,-0.15640679840855995,0.22016931623968322,-0.2031541808230759,0.26420317948761984,-0.23884159515450765,0.2935590883195776,-0.2675295332273675,29.355908831957763,0.68
2611.HK,2611.HK,Guotai Junan Securities Co Ltd,0.2068709014844027,-0.229018232437466,0.2820966838423673,-0.3054288167233542,0.33851602061084074,-0.3638261016923649,0.37612891178982305,-0.4112661444627151,37.6128911789823,0.78
002850.SHE,002850.SHE,Shenzhen Kedali Industry Co Ltd,0.23539478411029358,-0.33425490279690606,0.3209928874231276,-0.4539962647502048,0.3851914649077531,-0.5456100750390458,0.4279905165641701,-0.6208059762956571,42.79905165641701,0.78
SUPR.LSE,SUPR.LSE,Supermarket Income REIT PLC,0.16134269359853312,-0.14637426692348174,0.2200127639979997,-0.18896708390449019,0.26401531679759965,-0.22146671825924996,0.29335035199733295,-0.24746822751101152,29.335035199733294,0.68
300628.SHE,300628.SHE,Yealink Network Technology Corp Ltd,0.20655617832551573,-0.24243330554274128,0.28166751589843053,-0.32440346025589684,0.33800101907811664,-0.3870671105923342,0.375556687864574,-0.43810659070392016,37.5556687864574,0.78
LAND.SW,LAND.SW,Landis+Gyr Group AG,0.2297337138557893,-0.24607620334598002,0.3132732461669854,-0.32934428986784264,0.3759278954003825,-0.3929775919684526,0.41769766155598054,-0.44463384878395235,41.769766155598056,0.78
603920.SHG,603920.SHG,Olympic Circuit Technology Co Ltd,0.2523013044708082,-0.3878330025686447,0.34404723336928383,-0.5296132248943367,0.41285668004314063,-0.6381188733372117,0.45872964449237846,-0.7274088715364266,45.87296444923785,0.78
BG.VI,BG.VI,BAWAG Group AG,0.19541635421287315,-0.19932632183850182,0.2664768466539179,-0.2635423950660122,0.3197722159847015,-0.31259549354181904,0.3553024622052239,-0.3522571993573096,35.530246220522386,0.78
BFSA.XETRA,BFSA.XETRA,Befesa SA,0.20691000671881213,-0.22853862752617943,0.2821500091620165,-0.3047501969432538,0.3385800109944198,-0.3629947280819902,0.376200012216022,-0.4103056548324704,37.6200012216022,0.78
1651.HK,1651.HK,Precision Tsugami China Corporation Ltd,0.26842044817044575,-0.4115642139836314,0.3660278838687896,-0.5630274789247689,0.43923346064254754,-0.6789449060858107,0.48803717849171946,-0.7743437587544119,48.803717849171946,0.78
603129.SHG,603129.SHG,Zhejiang CFMoto Power Co Ltd,0.23626749629771263,-0.28465473875525965,0.32218294949688087,-0.3838430949857844,0.38661953939625704,-0.459685039530275,0.4295772659958411,-0.5215770867225941,42.95772659958411,0.78
UNCRY.US,UNCRY.US,UniCredit SpA ADR,0.21888433817131112,-0.240448184172233,0.2984786429608788,-0.3214838404084632,0.35817437155305454,-0.3834164431058972,0.39797152394783836,-0.43373288091340484,39.797152394783836,0.78
EDV.LSE,EDV.LSE,Endeavour Mining Corp,0.25321459087665404,-0.3205233503464498,0.34529262392271004,-0.434414687378843,0.41435114870725204,-0.5215194056858972,0.46039016523028004,-0.5927596777187546,46.039016523028,0.78
1997.HK,1997.HK,Wharf Real Estate Investment Co Ltd,0.19959293576652765,-0.21694006331986943,0.272172185136174,-0.2884139639899455,0.32660662216340886,-0.34303145254957934,0.3628962468482321,-0.3873479941964706,36.28962468482321,0.78
601108.SHG,601108.SHG,Caitong Securities Co Ltd,0.19241695840559797,-0.2157754976433505,0.262386761462179,-0.28683234876589875,0.3148641137546148,-0.3411379624444718,0.34984901528290535,-0.38525371301160866,34.984901528290536,0.78
IHP.LSE,IHP.LSE,IntegraFin Holdings plc,0.19013265105638422,-0.19071609664171643,0.2592717968950694,-0.2514138001004618,0.31112615627408324,-0.29777315090591294,0.34569572919342584,-0.3352096701579512,34.56957291934258,0.78
603260.SHG,603260.SHG,Hoshine Silicon Ind Co Ltd,0.253531992762971,-0.3213267101897926,0.3457254446767786,-0.43554792017107324,0.4148705336121344,-0.5229053989193728,0.46096725956903817,-0.5943560097073426,46.09672595690382,0.78
DWS.XETRA,DWS.XETRA,DWS Group GmbH & Co. KGaA,0.18909143635582126,-0.21052647236868782,0.257851958667029,-0.27943938123936235,0.3094223504004348,-0.3321036617421332,0.34380261155603864,-0.3748644977293669,34.38026115560386,0.78
ENOG.LSE,ENOG.LSE,Energean Oil & Gas PLC,0.2154270051682874,-0.22042770234367592,0.2937640979567555,-0.2932020786805844,0.3525169175481066,-0.34879949942152216,0.39168546394234066,-0.3938050663363897,39.16854639423406,0.78
SHL.XETRA,SHL.XETRA,Siemens Healthineers AG,0.1903528038896739,-0.18876781442803736,0.25957200530410074,-0.24865650872209827,0.3114864063649209,-0.294394835280005,0.34609600707213434,-0.3313059007287763,34.60960070721343,0.78
600025.SHG,600025.SHG,Huaneng Lancang River Hydropower Inc Class A,0.15731562072098212,-0.15324466180327345,0.21452130098315744,-0.1987199515740962,0.25742556117978893,-0.23343595231725045,0.2860284013108766,-0.26134081238295115,28.60284013108766,0.68
002920.SHE,002920.SHE,Huizhou Desay SV Automotive Co Ltd Class A,0.2433616452241532,-0.2837377718495496,0.3318567889420271,-0.3824817235590603,0.3982281467304325,-0.4579746188330077,0.44247571858936946,-0.5195109807644906,44.247571858936944,0.78
601838.SHG,601838.SHG,Bank of Chengdu Co Ltd,0.16667437333929405,-0.1627288497564643,0.22728323637176462,-0.21204741769719543,0.2727398836461175,-0.24970185545917958,0.3030443151623528,-0.2800029018400062,30.30443151623528,0.78
QLT.LSE,QLT.LSE,Quilter PLC,0.18791131560249988,-0.1960921589940908,0.25624270309431796,-0.2590369231978012,0.3074912437131816,-0.307123023639942,0.34165693745909065,-0.34603449311391793,34.16569374590907,0.78
603156.SHG,603156.SHG,Hebei Yangyuan ZhiHui Beverage Co Ltd,0.2502962420583039,-0.33033658097036567,0.3413130573522326,-0.44831925956135027,0.40957566882267915,-0.5385666844506536,0.4550840764696435,-0.6124816485642778,45.50840764696435,0.78
EPI-A.ST,EPI-A.ST,Epiroc AB (publ),0.19534508748995374,-0.21855686769509688,0.2663796647590278,-0.29073914263306416,0.3196555977108334,-0.345905003498726,0.3551728863453704,-0.3907206234359771,35.51728863453704,0.78
603259.SHG,603259.SHG,WuXi AppTec Co Ltd,0.22338103977109708,-0.28981034831881997,0.3046105087787687,-0.3912515449099684,0.36553261053452246,-0.4688367695812899,0.4061473450383583,-0.5323100444269495,40.614734503835834,0.78
KBX.XETRA,KBX.XETRA,Knorr-Bremse AG,0.20455318883232898,-0.21250393849573596,0.2789361665895395,-0.28209517847235915,0.3347233999074474,-0.3352624251002835,0.37191488878605267,-0.3783134089933229,37.19148887860527,0.78
601138.SHG,601138.SHG,Foxconn Industrial Internet Co Ltd,0.2514748909864744,-0.38943380248682496,0.3429203058906469,-0.5318846214314995,0.4115043670687763,-0.6409057740185932,0.45722707452086253,-0.7306375176322745,45.722707452086254,0.78
SIGN.SW,SIGN.SW,SIG Combibloc Group AG,0.2661960297590046,-0.30212297367258184,0.36299458603500623,-0.40827444346732195,0.4355935032420075,-0.4894254301186839,0.48399278138000834,-0.5555340772803234,48.39927813800083,0.78
601066.SHG,601066.SHG,China Securities Co Ltd,0.19526183523585192,-0.2159008783634853,0.26626613895797985,-0.28698376441862494,0.3195193667495758,-0.3413061289430983,0.3550215186106398,-0.385411369391979,35.50215186106398,0.78
0788.HK,0788.HK,China Tower Corp,0.17519226447735486,-0.1661470912202711,0.23889854246912026,-0.21680399514165374,0.2866782509629443,-0.25547571382365725,0.318531389958827,-0.28656061742128336,31.853138995882702,0.78
AJB.LSE,AJB.LSE,AJ Bell plc,0.20509666713626945,-0.22364840309332973,0.27967727336764014,-0.2978508836818293,0.3356127280411682,-0.35455584330419576,0.3729030311568535,-0.40058455162583606,37.290303115685354,0.78
6862.HK,6862.HK,Haidilao International Holding Ltd,0.2217875095187834,-0.24491359110998706,0.30243751298015914,-0.32777244929199245,0.362925015576191,-0.39110075147288026,0.40325001730687887,-0.4425686819084502,40.32500173068789,0.78
1787.HK,1787.HK,Shandong Gold Mining Co Ltd,0.26216062314323807,-0.3662741180879467,0.35749175883168827,-0.49903459986251597,0.42899011059802594,-0.6006079762056549,0.47665567844225104,-0.6839684339639329,47.6655678442251,0.78
300748.SHE,300748.SHE,Jl Mag Rare-Earth Co Ltd Class A,0.25565137556021916,-0.3719322657494889,0.3486155121275715,-0.5070956885349325,0.41833861455308585,-0.6105202886999939,0.46482068283676203,-0.6954977592079161,46.482068283676206,0.78
002938.SHE,002938.SHE,Avary Holding Shenzhen Co Ltd Class A,0.24753891798079522,-0.413513545230427,0.3375530699738116,-0.5659743528859641,0.40506368396857395,-0.6826809038658134,0.45007075996508217,-0.7789258167814825,45.00707599650822,0.78
300760.SHE,300760.SHE,Shenzhen Mindray Bio-Medical Electronics Co Ltd Class A,0.19872347718404668,-0.20452074223975347,0.2709865597964273,-0.270858307143293,0.32518387175571273,-0.3215355327291102,0.361315413061903,-0.36253780704439265,36.1315413061903,0.78
0780.HK,0780.HK,Tongcheng-Elong Holdings Ltd,0.240188746065251,-0.2647144294922342,0.3275301082707968,-0.3556075405389179,0.3930361299249562,-0.42507987237446654,0.43670681102772907,-0.4815681363859693,43.67068110277291,0.78
3668.HK,3668.HK,Yancoal Australia Ltd,0.2561472759550061,-0.30222629567764414,0.34929173993864465,-0.40851204565544885,0.4191500879263736,-0.48977746570960734,0.46572231991819285,-0.5560695895967608,46.57223199181929,0.78
601319.SHG,601319.SHG,People's Insurance of China Ltd,0.19837164412698174,-0.2205047491914947,0.2705067874458842,-0.29346630960699216,0.324608144935061,-0.34922670474185424,0.36067571659451225,-0.3945173354842882,36.067571659451225,0.78
CCEP.LSE,CCEP.LSE,Coca-Cola Europacific Partners PLC,0.1805859706771256,-0.19046923543876826,0.2462535963778985,-0.25115159762237593,0.29550431565347823,-0.29751000383116966,0.3283381285038647,-0.3350283845644669,32.833812850386465,0.78
SRAIL.SW,SRAIL.SW,Stadler Rail AG,0.2124353143981141,-0.24450891786941098,0.28968451963379194,-0.32728529631646397,0.34762142356055037,-0.39056091617695715,0.38624602617838927,-0.4420654072676109,38.624602617838924,0.78
8TRA.XETRA,8TRA.XETRA,Traton SE,0.20984513808012023,-0.23476409323498937,0.28615246101834574,-0.31352761385074923,0.3433829532220149,-0.37372699719535263,0.38153661469112765,-0.4226605274055384,38.15366146911276,0.78
AAF.LSE,AAF.LSE,Airtel Africa Plc,0.24369203245894397,-0.28946224483943384,0.332307316989469,-0.3905743430878429,0.39876878038736285,-0.4678840064104609,0.44307642265262537,-0.5309491140711204,44.30764226526254,0.78
6806.HK,6806.HK,Shenwan Hongyuan Group Co Ltd,0.2260313841286178,-0.23766472310789719,0.30822461472084245,-0.31748236605946467,0.36986953766501096,-0.37847224861175466,0.41096615296112327,-0.42793205546249413,41.096615296112326,0.78
8TRA.ST,8TRA.ST,Traton SE,0.2070002676541793,-0.22473552291290846,0.282273092255699,-0.29937097309389443,0.3387277107068388,-0.3564060030388618,0.3763641230075987,-0.4026964916116801,37.63641230075987,0.78
603379.SHG,603379.SHG,Zhejiang Sanmei Chemical Industry Co Ltd,0.2520855705131376,-0.30439303591675687,0.3437530506997331,-0.4116132564307434,0.41250366083967976,-0.4936003274492748,0.4583374009329775,-0.5605359986167201,45.83374009329775,0.78
6055.HK,6055.HK,China Tobacco International HK Co Ltd,0.25935558096196326,-0.29607605576852347,0.35366670131176803,-0.39978508488973213,0.42440004157412164,-0.47906967885478635,0.47155560174902406,-0.5436641107055645,47.155560174902405,0.78
3692.HK,3692.HK,Hansoh Pharmaceutical Group Co Ltd,0.23771408329971416,-0.27319747904236136,0.3241555681359738,-0.36762691333488046,0.3889866817631686,-0.4398155680247609,0.4322074241812984,-0.4986152244494593,43.220742418129845,0.78
600989.SHG,600989.SHG,Ningxia Baofeng Energy Group Co Ltd,0.24148867591795056,-0.28815541747591783,0.32930273988811437,-0.38874626923497735,0.3951632878657373,-0.4656584649519515,0.4390703198508192,-0.5284075691945209,43.907031985081915,0.78
EQT.ST,EQT.ST,EQT AB (publ),0.2168808469974532,-0.24553214292382325,0.2957466095419816,-0.3286918834003356,0.35489593145037795,-0.3922566254797689,0.39432881272264214,-0.4439663672186389,39.43288127226421,0.78
FDJU.PA,FDJU.PA,FDJ United,0.17896024796294396,-0.17262647922996827,0.24403670176765085,-0.2259329302119194,0.29284404212118104,-0.26663344447584625,0.32538226902353445,-0.29939607761751297,32.53822690235344,0.78
MNG.LSE,MNG.LSE,M&G Plc,0.16691084857052063,-0.16363302929237916,0.22760570259616447,-0.21332396781384855,0.27312684311539737,-0.25126386737827966,0.3034742701282193,-0.2818035217224504,30.34742701282193,0.78
SWON.SW,SWON.SW,SoftwareONE Holding AG,0.2484085778262578,-0.29254581352857406,0.33873896976307877,-0.3948922288111031,0.40648676371569453,-0.47314366772954963,0.45165195968410504,-0.5369618917828342,45.1651959684105,0.78
688188.SHG,688188.SHG,Shanghai Friendess Electronics Tech,0.22131443143948393,-0.2589217195952247,0.3017924065083871,-0.34758724143280667,0.3621508878100646,-0.4153716898788349,0.4023898753445162,-0.4706004214342481,40.23898753445162,0.78
1876.HK,1876.HK,Budweiser Brewing Company,0.19552185755370313,-0.1987911548372433,0.2666207148459588,-0.26278459414327926,0.3199448578151506,-0.31166673994818245,0.3554942864612784,-0.35118341251818364,35.549428646127836,0.78
003816.SHE,003816.SHE,CGN Power,0.17999522414530708,-0.17869514836905034,0.24544803292541872,-0.23450590209867292,0.2945376395105025,-0.27712686164929373,0.3272640439005583,-0.3114995439478906,32.72640439005583,0.78
688036.SHG,688036.SHG,Shenzhen Transsion Holdings Co Ltd,0.2545447601155023,-0.31394721594584923,0.347106491066594,-0.425102519199415,0.4165277892799128,-0.5101062963629512,0.4628086547554587,-0.5795638761061002,46.280865475545866,0.78
6186.HK,6186.HK,China Feihe Ltd,0.1995405756027166,-0.18988356926265132,0.2721007849127953,-0.2501507798254346,0.3265209418953544,-0.29616913200306483,0.3628010465503938,-0.33323671968739554,36.28010465503938,0.78
601077.SHG,601077.SHG,Chongqing Rural Commercial Bank Co,0.17560076263485655,-0.1897745886703489,0.23945558541116801,-0.25021460355584035,0.2873467024934016,-0.296392704016932,0.31927411388155735,-0.3338022432908298,31.927411388155736,0.78
601916.SHG,601916.SHG,China Zheshang Bank Co Ltd,0.16175770450872104,-0.1515670866277211,0.22057868796643776,-0.19630706174111284,0.26469442555972533,-0.23045379780193448,0.2941049172885837,-0.2578402847442477,29.410491728858368,0.68
601658.SHG,601658.SHG,Postal Savings Bank of China Co Ltd,0.16125498601391208,-0.15822262964978426,0.2198931627462437,-0.20572399764465188,0.2638717952954925,-0.24199019513603096,0.2931908836616583,-0.27116782339365864,29.31908836616583,0.68
N91.LSE,N91.LSE,Ninety One PLC,0.1963882122997981,-0.20494154098992112,0.2678021076815429,-0.2714746664509174,0.32136252921785147,-0.322304599424504,0.3570694769087238,-0.3634558313954852,35.70694769087238,0.78
CARR.US,CARR.US,Carrier Global Corp,0.20781816867233338,-0.24757664870958274,0.2833884118259091,-0.33166575688979955,0.34006609419109096,-0.3959539061465182,0.37785121576787883,-0.4483519755353436,37.78512157678789,0.78
601816.SHG,601816.SHG,Beijing-Shanghai High Speed Railway Co Ltd,0.14945437842601805,-0.13876695195746086,0.2038014251263882,-0.1783169458885421,0.2445617101516659,-0.2084952228937884,0.27173523350185097,-0.2326426697118884,27.173523350185096,0.68
603195.SHG,603195.SHG,Gongniu Group Co Ltd,0.1713512069960435,-0.172004818946853,0.2336607368127866,-0.22512304172424122,0.2803928841753439,-0.26568775304947023,0.31154764908371546,-0.29840178021019914,31.154764908371547,0.78
9999.HK,9999.HK,NetEase Inc,0.22050900071797597,-0.2446586694966454,0.300694091888149,-0.32742357509992953,0.36083291026577885,-0.390681234926917,0.40092545585086536,-0.44210068078797515,40.09254558508653,0.78
9618.HK,9618.HK,Jd Com Inc,0.2114370396605171,-0.2408849021264131,0.28832323590070513,-0.32216925229162624,0.34598788308084616,-0.38430113075808603,0.38443098120094016,-0.4348500465912092,38.443098120094014,0.78
6969.HK,6969.HK,Smoore International Holdings Ltd,0.26724194643711996,-0.32369783871949337,0.3644208360506181,-0.43877638830660914,0.4373050032607417,-0.5267761780008925,0.48589444806749077,-0.598649577373772,48.58944480674908,0.78
603087.SHG,603087.SHG,Gan & Lee Pharmaceuticals Co Ltd,0.2317309752480982,-0.27726511975553536,0.31599678442922474,-0.3734338955904103,0.37919614131506973,-0.4469639796101193,0.421329045905633,-0.5069463166847693,42.1329045905633,0.78
688336.SHG,688336.SHG,Sunshine Guojian Pharmaceutical Shanghai Co Ltd,0.25702971020026616,-0.414116494860201,0.3504950593639993,-0.5667406492466529,0.42059407123679915,-0.683561776788191,0.46732674581866573,-0.7798211082956661,46.732674581866576,0.78
UNA.AS,UNA.AS,Unilever PLC,0.1724303197228722,-0.17098283610338652,0.23513225416755298,-0.22366791559670637,0.2821587050010636,-0.2638990405361591,0.313509672223404,-0.29632249810675176,31.350967222340397,0.78
9633.HK,9633.HK,Nongfu Spring Co Ltd,0.20361471315922688,-0.23563126839917223,0.27765642703530935,-0.31481070586798865,0.3331877124423712,-0.3753362995512749,0.37020856938041247,-0.424598782549497,37.02085693804125,0.78
9987.HK,9987.HK,Yum China Holdings Inc,0.1942783607003862,-0.21312626310266936,0.2649250373187084,-0.2830688193360776,0.3179100447824501,-0.33651729340123426,0.35323338309161123,-0.37989432530968964,35.32333830916112,0.78
300866.SHE,300866.SHE,Anker Innovations Technology Co Ltd,0.23571215953038357,-0.30038795719261285,0.32142567208688666,-0.40609828160771616,0.38571080650426404,-0.4869453381791299,0.42856756278251557,-0.5530616982551404,42.85675627825156,0.78
1179.HK,1179.HK,Huazhu Group Ltd,0.20272893189468766,-0.22484810909663216,0.2764485434927559,-0.2995690797974166,0.3317382521913071,-0.3566745761957984,0.3685980579903412,-0.40306145314943814,36.85980579903412,0.78
2057.HK,2057.HK,Zto Express Cayman Inc,0.19179825236916737,-0.2142166851505142,0.26154307141250094,-0.28463348763260266,0.31385168569500116,-0.3384486764088844,0.3487240952166679,-0.38215633658712833,34.87240952166679,0.78
NA9.XETRA,NA9.XETRA,Nagarro SE,0.26911058950621036,-0.5785722059388172,0.36696898569028685,-0.7992061631977005,0.44036278282834423,-0.9681993466412598,0.48929198092038245,-1.1083371562210675,48.92919809203825,0.78
SAVE.ST,SAVE.ST,Nordnet AB,0.18412649016796967,-0.19394028353935924,0.25108157750177684,-0.2560281684014556,0.30129789300213217,-0.303461054683867,0.33477543666903575,-0.34185460921867583,33.47754366690358,0.78
688301.SHG,688301.SHG,iRay Technology Co Ltd,0.2601950489315027,-0.34480190538759997,0.35481143036114005,-0.4686861998302828,0.42577371643336803,-0.5634508673002293,0.4730819071481867,-0.6410883364465326,47.30819071481867,0.78
BYIT.LSE,BYIT.LSE,Bytes Technology Ltd,0.23847765532385462,-0.24646414631725794,0.32519680271434714,-0.3298133201474841,0.3902361632572166,-0.39349892596077773,0.4335957369524629,-0.4451235693693715,43.35957369524629,0.78
2096.HK,2096.HK,Simcere Pharmaceutical Group Ltd,0.2524338384045788,-0.31109895594788306,0.3442279614607892,-0.4210936888923668,0.413073553752947,-0.5052093231961955,0.45897061528105226,-0.573936440820707,45.897061528105226,0.78
9901.HK,9901.HK,New Oriental Education And Tech Inc,0.23377815437633734,-0.2846238237076164,0.3187883923313691,-0.38382203721552044,0.3825460707976429,-0.4596743687526299,0.42505118977515877,-0.5215967259992799,42.50511897751588,0.78
TE.PA,TE.PA,Technip Energies BV,0.2184243862721983,-0.23635792645575068,0.29785143582572493,-0.31570352982636257,0.3574217229908699,-0.3763398309942002,0.3971352477676332,-0.42556741845168394,39.71352477676332,0.78
MOON.LSE,MOON.LSE,Moonpig Group PLC,0.17922746084305555,-0.1856667749998972,0.244401082967803,-0.2443722606688997,0.2932812995613636,-0.28921529690305925,0.32586811062373733,-0.32546792400856706,32.586811062373734,0.78
1209.HK,1209.HK,China Resources Mixc Lifestyle Serv,0.2118665826148516,-0.24126247876945556,0.28890897629297946,-0.32269931578676614,0.34669077155157535,-0.3849477143725488,0.38521196839063926,-0.4355911421078795,38.521196839063926,0.78
9992.HK,9992.HK,Pop Mart International Group Ltd,0.26980146798683446,-0.34892034440309655,0.3679110927093197,-0.4744230963039768,0.4414933112511837,-0.5704187549312763,0.4905481236124263,-0.6490108225811695,49.054812361242625,0.78
CORD.LSE,CORD.LSE,Cordiant Digital Infrastructure Limited,0.16421182395799994,-0.1458397715771794,0.2239252144881817,-0.18818507307297344,0.26871025738581805,-0.22049152814882014,0.29856695265090893,-0.24630533800664245,29.85669526509089,0.68
6690.HK,6690.HK,Haier Smart Home Co Ltd,0.20446831834958668,-0.2086877976994489,0.2788204341130727,-0.2766991130543538,0.3345845209356873,-0.32865413713523217,0.3717605788174303,-0.37068390498018405,37.17605788174303,0.78
CTPNV.AS,CTPNV.AS,CTP N.V.,0.20572304822493628,-0.19296737671739064,0.28053142939764036,-0.25445565756530447,0.33663771527716846,-0.30140395819850363,0.3740419058635205,-0.3392019991292379,37.40419058635205,0.78
VH2.XETRA,VH2.XETRA,Friedrich Vorwerk Group SE,0.2700840915006309,-0.3389617236151055,0.36829648840995116,-0.46033690674805683,0.4419557860919414,-0.5531650499331451,0.49106198454660155,-0.6290843315083723,49.10619845466015,0.78
300919.SHE,300919.SHE,Cngr Advanced Material Co Ltd,0.2550587369063295,-0.326871777582111,0.34780736850863114,-0.4433759303620103,0.41736884221035736,-0.53248344120518,0.46374315801150817,-0.6053961783200149,46.374315801150814,0.78
ALLFG.AS,ALLFG.AS,Allfunds Group Ltd,0.18311041045409795,-0.2107263038227947,0.24969601425558807,-0.27977643622837156,0.2996352171067057,-0.33255279531449605,0.3329280190074508,-0.37545990330345524,33.292801900745076,0.78
1024.HK,1024.HK,Kuaishou Technology,0.2510100841069877,-0.3355155220664527,0.34228647832771053,-0.4556368895545585,0.4107437739932526,-0.547524578563744,0.456381971103614,-0.6228161686530403,45.6381971103614,0.78
HBR.LSE,HBR.LSE,Harbour Energy PLC,0.2345517610791236,-0.2786592501438229,0.31984331056244125,-0.3753798135530405,0.3838119726749295,-0.44933009993199474,0.4264577474165883,-0.5096422608341472,42.64577474165883,0.78
BCG.LSE,BCG.LSE,Baltic Classifieds Group PLC,0.24866289352517196,-0.2668365187173598,0.33908576389796174,-0.3585314801464194,0.4069029166775541,-0.4286094826347917,0.452114351863949,-0.4855349791011685,45.2114351863949,0.78
605117.SHG,605117.SHG,Ningbo Deye Technology Co Ltd,0.23940491018707258,-0.33810815699903485,0.32646124116418984,-0.4594090813322885,0.3917534893970278,-0.5522150379199278,0.43528165488558646,-0.6283812442101292,43.52816548855864,0.78
BPT.LSE,BPT.LSE,Bridgepoint Group Plc,0.23329220929582595,-0.26685172399745993,0.3181257399488535,-0.35869291676693443,0.3817508879386243,-0.42890055886527956,0.42416765326513806,-0.4860684302361474,42.416765326513804,0.78
605499.SHG,605499.SHG,Eastroc Beverage Group Co Ltd,0.22938293880032648,-0.2598208227950564,0.31279491654589975,-0.34878531052192807,0.37535389985507966,-0.4167900128260539,0.4170598887278663,-0.4721345675930112,41.705988872786634,0.78
600905.SHG,600905.SHG,China Three Gorges New Energy Group Co Ltd,0.15320243118603755,-0.14150457340889527,0.20891240616277845,-0.18215440539212674,0.25069488739533413,-0.21317236703765913,0.2785498748837046,-0.2379952490698839,27.85498748837046,0.68
AZE.BR,AZE.BR,Azelis Group NV,0.2427315569124983,-0.26536764770008964,0.3309975776079522,-0.35650818110273325,0.39719709312954266,-0.42616748291106227,0.4413301034772696,-0.4827913535375884,44.13301034772696,0.78
UMG.AS,UMG.AS,Universal Music Group N.V.,0.21374680826196912,-0.22655126347975685,0.2914729203572306,-0.30187739822676346,0.3497675044286767,-0.3594347576244946,0.38863056047630745,-0.4061071768709401,38.86305604763074,0.78
605589.SHG,605589.SHG,Jinan Shengquan Group Share Holding Co Ltd,0.2541425262659328,-0.3635976367128762,0.34655799036263557,-0.495322479520718,0.41586958843516275,-0.596110275700076,0.46207732048351413,-0.6788778816570492,46.20773204835141,0.78
601825.SHG,601825.SHG,Shanghai Rural Commercial Bank Co Ltd,0.17141333231143244,-0.1709873268521112,0.23374545315195328,-0.22368352502185385,0.28049454378234395,-0.2639243350178536,0.3116606042026044,-0.29636476282857555,31.16606042026044,0.78
601728.SHG,601728.SHG,China Telecom Corp Ltd,0.1808756437517656,-0.18318364824106256,0.24664860511604397,-0.24084558424404914,0.2959783261392528,-0.28488600740229447,0.32886480682139196,-0.3204477299593401,32.886480682139194,0.78
688187.SHG,688187.SHG,Zhuzhou CRRC Times Electric Co Ltd,0.23931928356382567,-0.305668249601996,0.326344477587035,-0.4135329038651222,0.391613373104442,-0.4960289449219115,0.43512597011604665,-0.5635042317419031,43.51259701160466,0.78
DTG.XETRA,DTG.XETRA,Daimler Truck Holding AG,0.20465260393431858,-0.22248665640490176,0.2790717326377071,-0.2962119684641195,0.3348860791652486,-0.35255128742160724,0.37209564351694285,-0.3982755912264985,37.20956435169428,0.78
601868.SHG,601868.SHG,China Energy Engineering Corp Ltd,0.22455347376444404,-0.26891235815325787,0.30620928240606005,-0.36168665007461526,0.36745113888727204,-0.432620195197857,0.40827904320808006,-0.4904756935287703,40.827904320808,0.78
6821.HK,6821.HK,Asymchem Laboratories Tianjin Co Ltd,0.2584290357813737,-0.384818185019066,0.3524032306109641,-0.5252938428004682,0.42288387673315697,-0.6327915140162886,0.4698709741479522,-0.721178692503469,46.98709741479522,0.78
2276.HK,2276.HK,Shanghai Conant Optical Co Ltd,0.26637699152816513,-0.3509491832344216,0.3632413520838615,-0.4773234837718614,0.4358896225006338,-0.573991788991234,0.48432180277848197,-0.6531805740188306,48.4321802778482,0.78
6680.HK,6680.HK,Jl Mag Rare Earth Co Ltd,0.2667698517140172,-0.36587015309274923,0.36377707051911434,-0.4984213451510833,0.4365324846229372,-0.599828900381686,0.48503609402548575,-0.6830096564930398,48.50360940254858,0.78
600941.SHG,600941.SHG,China Mobile Limited,0.15405013817311514,-0.1382406237038471,0.2100683702360661,-0.17753076601628792,0.2520820442832793,-0.20750443967211746,0.2800911603147548,-0.23143960652202863,28.00911603147548,0.68
001289.SHE,001289.SHE,China Longyuan Power Group Corporation Limited,0.20119207747294127,-0.21505968061285838,0.2743528329176471,-0.2857401428438178,0.3292233995011766,-0.3397469910410386,0.3658037772235295,-0.3835348932356932,36.58037772235295,0.78
6655.HK,6655.HK,Huaxin Cement Co. Ltd.,0.2627242857587568,-0.29973706127396815,0.35826038967103196,-0.4049318601900958,0.4299124676052384,-0.4853527048671324,0.47768051956137597,-0.5508758731958315,47.7680519561376,0.78
2423.HK,2423.HK,Ke Holdings Inc,0.22343268760902407,-0.26214300104174193,0.30468093764866916,-0.35212353695930493,0.365617125178403,-0.4209146288203464,0.40624125019822555,-0.4769736595799157,40.62412501982256,0.78
600938.SHG,600938.SHG,CNOOC Limited,0.2227842840196946,-0.25869961452576073,0.30379675093594716,-0.3472597560466076,0.36455610112313663,-0.41496167632751674,0.4050623345812629,-0.47010810702905875,40.50623345812629,0.78
HLUN-B.CO,HLUN-B.CO,H Lundbeck A/S,0.20618786284200014,-0.21486661213246125,0.28116526751181836,-0.2854216216710712,0.33739832101418205,-0.33932654076106616,0.37488702334909113,-0.3829852578446388,37.488702334909114,0.78
HLN.LSE,HLN.LSE,Haleon PLC,0.17329990455256994,-0.17914410722213925,0.23631805166259534,-0.23520177928939534,0.2835816619951144,-0.27801979930793747,0.3150907355501271,-0.3126165812043762,31.509073555012712,0.78
688213.SHG,688213.SHG,SmartSens Technology (Shanghai) Co. Ltd. A,0.24141440583241688,-0.30589792475871624,0.32920146249875026,-0.4138386398119321,0.39504175499850036,-0.49639066822440947,0.43893528333166704,-0.5638950144174626,43.89352833316671,0.78
9896.HK,9896.HK,MINISO Group Holding Limited,0.2476990543419705,-0.28798741448128273,0.33777143773905066,-0.3884521384835643,0.40532572528686084,-0.4652605095915882,0.4503619169854009,-0.5278683144568282,45.03619169854009,0.78
ALLEI.ST,ALLEI.ST,Alleima AB (publ),0.2112167014820895,-0.23709861316942027,0.2880227747483038,-0.3168166370333947,0.34562732969796456,-0.37774688094909786,0.38403036633107174,-0.42728467974488116,38.40303663310717,0.78
P911.XETRA,P911.XETRA,Porsche AG,0.1985576134995857,-0.21776800332213206,0.27076038204488956,-0.2895942734359858,0.3249124584538675,-0.34448331876973864,0.36101384272651943,-0.38903775747518676,36.10138427265194,0.78
301308.SHE,301308.SHE,Shenzhen Longsys Electronics Co. Ltd. A,0.2553333415915984,-0.5019916823213298,0.3481818294430886,-0.6910303747132647,0.4178181953317064,-0.835795283923933,0.4642424392574515,-0.9556270007360257,46.42424392574515,0.78
1880.HK,1880.HK,China Tourism Group Duty Free Corporation Limited,0.25844920850056763,-0.3329009179880319,0.35243073886441034,-0.45187155599350126,0.42291688663729243,-0.5428678222797386,0.4699076518192138,-0.617343498243318,46.990765181921375,0.78
ACLN.SW,ACLN.SW,Accelleron Industries AG,0.2106621280000831,-0.23404008866088763,0.2872665381819315,-0.3124962789717558,0.34471984581831777,-0.3724589129063141,0.38302205090924196,-0.4211857804054089,38.3022050909242,0.78
1698.HK,1698.HK,Tencent Music Entertainment Group,0.273643617696921,-0.31410930581540597,0.3731503877685286,-0.4251578748824682,0.44778046532223437,-0.5100580914344766,0.49753385035803815,-0.5792630023243672,49.75338503580382,0.78
ITH.LSE,ITH.LSE,Ithaca Energy PLC,0.2748071043311419,-0.3273597845537048,0.37473696045155713,-0.443886289361056,0.44968435254186856,-0.5329885542997639,0.49964928060207614,-0.6057258820565723,49.96492806020761,0.78
BAM.US,BAM.US,Brookfield Asset Management Ltd.,0.20409555364820642,-0.21846067185074616,0.27831211861119054,-0.2905234378334729,0.33397454233342866,-0.3455876720852197,0.3710828248149207,-0.3902418528548237,37.10828248149207,0.78
2367.HK,2367.HK,Giant Biogene Holding Co Ltd,0.26471730165534935,-0.3025298637025527,0.36097813862093087,-0.40886333505263284,0.43317376634511706,-0.4901556534793464,0.4813041848279078,-0.5563962520782031,48.13041848279078,0.78
2245.HK,2245.HK,Lygend Resources & Tech Co,0.2762412239047582,-0.48652668861434034,0.3766925780519429,-0.6689692276894205,0.4520310936623315,-0.8086490181840952,0.5022567707359239,-0.924012755355434,50.22567707359239,0.78
6963.HK,6963.HK,Sunshine Ins Grp Co Ltd,0.22222394830725997,-0.26136006091009056,0.3030326567826272,-0.35102729664321686,0.36363918813915264,-0.4195793556850534,0.40404354237683626,-0.475447338057398,40.40435423768363,0.78
URW.PA,URW.PA,Unibail-Rodamco-Westfield,0.15535847753410245,-0.1511148185898003,0.21185246936468513,-0.19572571604345962,0.25422296323762217,-0.2297806648884945,0.2824699591529135,-0.2571451779148482,28.24699591529135,0.68
DSFIR.AS,DSFIR.AS,DSM-Firmenich AG,0.202045321214059,-0.2207882032959149,0.27551634711008044,-0.2938337294724705,0.33061961653209654,-0.3496543873740148,0.36735512948010723,-0.3949640142611878,36.73551294801072,0.78
9636.HK,9636.HK,JF Wealth Holdings Ltd,0.26881342381217416,-0.41995026487417625,0.36656375974387384,-0.574883568219645,0.43987651169264863,-0.6934632038121411,0.4887516796584985,-0.7911029995144996,48.87516796584985,0.78
014.F,014.F,Rand Mining Limited,0.26165819181849287,-0.38814387687854274,0.3568066252070357,-0.5299676834324185,0.42816795024844284,-0.6384961633020375,0.47574216694271426,-0.7277243947521166,47.57421669427143,0.78
KVUE.US,KVUE.US,Kenvue Inc.,0.20994894534793368,-0.23269132479403296,0.2862940163835459,-0.31059533155934316,0.3435528196602551,-0.37013506899900545,0.3817253551780612,-0.41851159319486075,38.172535517806125,0.78
601061.SHG,601061.SHG,CITIC Metal Co. Ltd. A,0.24990783199197977,-0.3091263816043623,0.34078340726179057,-0.4183270440020719,0.40894008871414866,-0.501836231364963,0.4543778763490541,-0.5700739614344417,45.437787634905405,0.78
603296.SHG,603296.SHG,HUAQIN TECHNOLOGY LTD A,0.23382550455711595,-0.3323970994448436,0.31885296075970354,-0.45138322061098607,0.3826235529116443,-0.542419294028631,0.4251372810129381,-0.6171417278314544,42.51372810129381,0.78
MANTA.HE,MANTA.HE,Mandatum Oyj,0.18282948929477574,-0.1810666284072669,0.24931293994742143,-0.23783387847710313,0.2991755279369057,-0.28118556905799247,0.3324172532632286,-0.31614974625579567,33.24172532632286,0.78
SDZ.SW,SDZ.SW,Sandoz Group AG,0.19271473448876983,-0.2228229544320995,0.26279281975741337,-0.2967962468143612,0.31535138370889604,-0.353339386863542,0.3503904263432178,-0.39933888119002103,35.03904263432178,0.78
SYENS.BR,SYENS.BR,Syensqo,0.2596925778480546,-0.3079096059589338,0.35412624252007446,-0.4165171840755065,0.42495149102408936,-0.49956018468832114,0.4721683233600993,-0.5673201820973859,47.21683233600993,0.78
2419.HK,2419.HK,Dekon Food & Agriculture Group,0.2625525467795869,-0.32893041825412395,0.3580262001539821,-0.44621906505639786,0.42963144018477856,-0.5359200403793362,0.47736826687197614,-0.6092682077045523,47.73682668719761,0.78
R3NK.XETRA,R3NK.XETRA,Renk Group AG,0.2601146022133182,-0.3380001026267423,0.3547017302908884,-0.4590677304958287,0.42564207634906615,-0.5516711849247629,0.47293564038785124,-0.6274873637265033,47.29356403878512,0.78
CVC.AS,CVC.AS,CVC Capital Partners PLC,0.22059510581969613,-0.23941538830751646,0.30081150793594924,-0.3200076718390561,0.36097380952313907,-0.38159812246132574,0.40108201058126564,-0.4316113004245701,40.10820105812656,0.78
PUIG.MC,PUIG.MC,Puig Brands SA,0.21569268137828523,-0.24027911199311291,0.29412638369766164,-0.3212737927505172,0.352951660437194,-0.3831785736113117,0.3921685115968822,-0.4334991907774819,39.21685115968822,0.78
6181.HK,6181.HK,Laopu Gold Co Ltd,0.2678836773942126,-0.3852842933836758,0.3652959237193808,-0.5258669454994243,0.4383551084632569,-0.6334359935617011,0.48706123162584103,-0.7218014845980866,48.706123162584106,0.78
2507.HK,2507.HK,Cirrus Aircraft Ltd,0.2851030284692111,-0.4067690464765054,0.38877685700346964,-0.5560942115300824,0.4665322284041636,-0.6703520967275705,0.5183691426712929,-0.7642074483849276,51.83691426712929,0.78
0300.HK,0300.HK,"Midea Group Co., Ltd.",0.1840288220656992,-0.1964642313199415,0.25094839372595346,-0.2595984587436999,0.30113807247114416,-0.30783434268068244,0.33459785830127126,-0.3469057011904601,33.459785830127124,0.78
SUNN.SW,SUNN.SW,SUNRISE N,0.17809348621579285,-0.16864100306580532,0.2428547539306266,-0.22030450667665116,0.29142570471675194,-0.2597453261035061,0.3238063385741688,-0.29145349203727555,32.38063385741688,0.78
6936.HK,6936.HK,S.F. Holding Co Ltd,0.20932260276369005,-0.19837377910069826,0.2854399128595773,-0.2620686951700757,0.34252789543149276,-0.3107061241980997,0.3805865504794364,-0.3498970002927666,38.05865504794364,0.78
1318.HK,1318.HK,Mao Geping Cosmetics Co Ltd,0.25624178500210865,-0.3097320128675931,0.3494206159119663,-0.4191258723002972,0.4193047390943596,-0.5027761214352354,0.46589415454928845,-0.571077930953299,46.58941545492885,0.78
1364.HK,1364.HK,Guming Holdings Ltd,0.24550522272736697,-0.2878823499101855,0.3347798491736822,-0.38832352715655577,0.40173581900841865,-0.46511631829380684,0.44637313223157626,-0.5277299834402027,44.637313223157626,0.78
PFSE.XETRA,PFSE.XETRA,PFISTERER Holding SE,0.2587638632343952,-0.31185130108594933,0.35285981350144796,-0.4221000377039169,0.42343177620173755,-0.5064033968096214,0.47047975133526393,-0.5752339666478639,47.04797513352639,0.78
3288.HK,3288.HK,Haitian Flav,0.19208567835735926,-0.20601803908453725,0.26193501594185353,-0.27303623447676234,0.31432201913022423,-0.3242432543329842,0.3492466879224714,-0.36574963778647,34.92466879224714,0.78
2050.HK,2050.HK,Zhejiang Sanhua Intel Controls Co Ltd,0.25647292779961367,-0.3613479221802879,0.34973581063583675,-0.49211968698459285,0.41968297276300415,-0.5921735177116115,0.4663144141811157,-0.6743021849053158,46.63144141811157,0.78
2648.HK,2648.HK,"Anjoy Foods Group Co., Ltd.",0.23153495116111278,-0.26445958358648924,0.31572947885606284,-0.355325917249543,0.37887537462727544,-0.4247875166054375,0.42097263847475047,-0.48134165968043297,42.09726384747505,0.78
6613.HK,6613.HK,"Lens Technology Co., Ltd.",0.26159470242542276,-0.38673853570854755,0.3567200487619401,-0.5279808088908673,0.4280640585143281,-0.636063134515314,0.4756267316825868,-0.7249157902468086,47.56267316825868,0.78
MTLN.LSE,MTLN.LSE,Metlen Energy & Metals PLC,0.265608672040428,-0.6124675423252227,0.3621936436914927,-0.8471732887081659,0.43463237242979125,-1.026968107345849,0.4829248582553236,-1.1762424372018496,48.29248582553236,0.78
SMG.SW,SMG.SW,SMG Swiss Marketplace Group AG,0.2724533746695554,-0.6623028168249602,0.3715273290948482,-0.9175886963309505,0.44583279491381783,-1.1131674437467178,0.49536977212646427,-1.2756889777516438,49.53697721264643,0.78
NOBA.ST,NOBA.ST,NOBA Bank,0.25597259019916035,-0.6381674213036866,0.3490535320897641,-0.883606131995596,0.41886423850771687,-1.0716475723792407,0.46540470945301876,-1.2279575578372188,46.54047094530188,0.78
9973.HK,9973.HK,Chery Automobile Co Ltd,0.2370544511350735,-0.6381464809484876,0.3232560697296457,-0.883748746627524,0.3879072836755748,-1.0719371427981794,0.4310080929728609,-1.2285348162234637,43.10080929728609,0.78
2259.HK,2259.HK,Zijin Gold Intl Co Ltd,0.25917281921588453,-0.7119334341794158,0.3534174807489334,-0.9878978932952238,0.4241009768987201,-1.1993589347966562,0.47122330766524456,-1.375384848820857,47.122330766524456,0.78
6031.HK,6031.HK,"Sany Heavy Industry Co.,Ltd",0.23848448508477524,-0.6819413186915221,0.32520611602469346,-0.9456709812456231,0.3902473392296322,-1.1477673964157427,0.4336081546995913,-1.3160776905984515,43.36081546995913,0.78
9927.HK,9927.HK,"Seres Group Co.,Ltd",0.26285619823882234,-0.6935263582537373,0.35844027032566683,-0.9618328237787822,0.4301283243908002,-1.1674135026931505,0.4779203604342224,-1.3384501500196586,47.79203604342224,0.78
2698.HK,2698.HK,Softcare Ltd,0.2402729975040848,-0.6922328991582225,0.3276449965964792,-0.9602091914892315,0.39317399591577507,-1.165562131889319,0.4368599954619723,-1.3366023183981295,43.68599954619723,0.78
2579.HK,2579.HK,"CNGR Advanced Material Co., Ltd.",0.26727037884622695,-0.7364420172694002,0.3644596075175822,-1.0224845445567405,0.43735152902109864,-1.2416695760665877,0.4859461433567763,-1.4241370039583783,48.594614335677626,0.78
2788.HK,2788.HK,Chuangxin Industries Holdings Limited,0.2813767994744608,-0.7784047980979184,0.38369563564699194,-1.0817004549361968,0.4604347627763904,-1.314108279861024,0.511594180862656,-1.507600900940309,51.159418086265596,0.78
OBCK.XETRA,OBCK.XETRA,Ottobock SE & Co. KGaA,0.25560824028251133,-0.7852795069493582,0.34855669129433364,-1.0916573557083629,0.41826802955320036,-1.3264594545752812,0.4647422550591115,-1.5221936533076523,46.47422550591115,0.78
