ticker,feature_group,attribution_score,rank,attribution_description
000333.SHE,liquidity,22218.481811697595,1,liquidity had high attribution in the model allocation for 000333.SHE.
000333.SHE,portfolio state,98.35025000000007,2,portfolio state had high attribution in the model allocation for 000333.SHE.
000333.SHE,fundamentals,0.3956180811241736,3,fundamentals had high attribution in the model allocation for 000333.SHE.
000333.SHE,narrative,0.2101885453455683,4,narrative had high attribution in the model allocation for 000333.SHE.
000333.SHE,regime,0.17917997637908664,5,regime had high attribution in the model allocation for 000333.SHE.
000333.SHE,dividend quality,0.1666693602679424,6,dividend quality had high attribution in the model allocation for 000333.SHE.
000333.SHE,temporal returns,0.004821658640856498,7,temporal returns had high attribution in the model allocation for 000333.SHE.
000333.SHE,distributional forecast,0.004021046601603095,8,distributional forecast had high attribution in the model allocation for 000333.SHE.
000333.SHE,volatility,0.0033113176328629147,9,volatility had high attribution in the model allocation for 000333.SHE.
000333.SHE,sentiment,0.0,10,sentiment had high attribution in the model allocation for 000333.SHE.
000333.SHE,risk contribution,0.0,11,risk contribution had high attribution in the model allocation for 000333.SHE.
000333.SHE,stress tests,0.0,12,stress tests had high attribution in the model allocation for 000333.SHE.
HIG.US,liquidity,19668.52763908698,1,liquidity had high attribution in the model allocation for HIG.US.
HIG.US,portfolio state,98.3502499999998,2,portfolio state had high attribution in the model allocation for HIG.US.
HIG.US,fundamentals,0.31736247754095237,3,fundamentals had high attribution in the model allocation for HIG.US.
HIG.US,narrative,0.21018854534556772,4,narrative had high attribution in the model allocation for HIG.US.
HIG.US,regime,0.19419538933676816,5,regime had high attribution in the model allocation for HIG.US.
HIG.US,dividend quality,0.17018019681098293,6,dividend quality had high attribution in the model allocation for HIG.US.
HIG.US,temporal returns,0.004748372279669503,7,temporal returns had high attribution in the model allocation for HIG.US.
HIG.US,distributional forecast,0.0040569284245191625,8,distributional forecast had high attribution in the model allocation for HIG.US.
HIG.US,volatility,0.003360304032521941,9,volatility had high attribution in the model allocation for HIG.US.
HIG.US,sentiment,0.0,10,sentiment had high attribution in the model allocation for HIG.US.
HIG.US,risk contribution,0.0,11,risk contribution had high attribution in the model allocation for HIG.US.
HIG.US,stress tests,0.0,12,stress tests had high attribution in the model allocation for HIG.US.
601398.SHG,portfolio state,0.0,1,portfolio state had high attribution in the model allocation for 601398.SHG.
601398.SHG,temporal returns,0.0,2,temporal returns had high attribution in the model allocation for 601398.SHG.
601398.SHG,volatility,0.0,3,volatility had high attribution in the model allocation for 601398.SHG.
601398.SHG,fundamentals,0.0,4,fundamentals had high attribution in the model allocation for 601398.SHG.
601398.SHG,dividend quality,0.0,5,dividend quality had high attribution in the model allocation for 601398.SHG.
601398.SHG,distributional forecast,0.0,6,distributional forecast had high attribution in the model allocation for 601398.SHG.
601398.SHG,regime,0.0,7,regime had high attribution in the model allocation for 601398.SHG.
601398.SHG,sentiment,0.0,8,sentiment had high attribution in the model allocation for 601398.SHG.
601398.SHG,narrative,0.0,9,narrative had high attribution in the model allocation for 601398.SHG.
601398.SHG,liquidity,0.0,10,liquidity had high attribution in the model allocation for 601398.SHG.
601398.SHG,risk contribution,0.0,11,risk contribution had high attribution in the model allocation for 601398.SHG.
601398.SHG,stress tests,0.0,12,stress tests had high attribution in the model allocation for 601398.SHG.
600036.SHG,liquidity,22717.773537803158,1,liquidity had high attribution in the model allocation for 600036.SHG.
600036.SHG,portfolio state,98.35025000000007,2,portfolio state had high attribution in the model allocation for 600036.SHG.
600036.SHG,fundamentals,0.32889847444798137,3,fundamentals had high attribution in the model allocation for 600036.SHG.
600036.SHG,regime,0.2185815027945612,4,regime had high attribution in the model allocation for 600036.SHG.
600036.SHG,narrative,0.2082434401051914,5,narrative had high attribution in the model allocation for 600036.SHG.
600036.SHG,dividend quality,0.18950528804355954,6,dividend quality had high attribution in the model allocation for 600036.SHG.
600036.SHG,temporal returns,0.005465663374629696,7,temporal returns had high attribution in the model allocation for 600036.SHG.
600036.SHG,distributional forecast,0.003736075217327957,8,distributional forecast had high attribution in the model allocation for 600036.SHG.
600036.SHG,volatility,0.003253392609885152,9,volatility had high attribution in the model allocation for 600036.SHG.
600036.SHG,sentiment,0.0,10,sentiment had high attribution in the model allocation for 600036.SHG.
600036.SHG,risk contribution,0.0,11,risk contribution had high attribution in the model allocation for 600036.SHG.
600036.SHG,stress tests,0.0,12,stress tests had high attribution in the model allocation for 600036.SHG.
AD.AS,liquidity,15406.716119828829,1,liquidity had high attribution in the model allocation for AD.AS.
AD.AS,portfolio state,98.35025000000007,2,portfolio state had high attribution in the model allocation for AD.AS.
AD.AS,fundamentals,0.2980128527232305,3,fundamentals had high attribution in the model allocation for AD.AS.
AD.AS,narrative,0.2101885453455683,4,narrative had high attribution in the model allocation for AD.AS.
AD.AS,regime,0.18634579138693083,5,regime had high attribution in the model allocation for AD.AS.
AD.AS,dividend quality,0.1822066715395902,6,dividend quality had high attribution in the model allocation for AD.AS.
AD.AS,temporal returns,0.004428888139744625,7,temporal returns had high attribution in the model allocation for AD.AS.
AD.AS,distributional forecast,0.004231545921481958,8,distributional forecast had high attribution in the model allocation for AD.AS.
AD.AS,volatility,0.003542557787659135,9,volatility had high attribution in the model allocation for AD.AS.
AD.AS,sentiment,0.0,10,sentiment had high attribution in the model allocation for AD.AS.
AD.AS,risk contribution,0.0,11,risk contribution had high attribution in the model allocation for AD.AS.
AD.AS,stress tests,0.0,12,stress tests had high attribution in the model allocation for AD.AS.
3988.HK,liquidity,17564.369650499302,1,liquidity had high attribution in the model allocation for 3988.HK.
3988.HK,portfolio state,98.35025000000007,2,portfolio state had high attribution in the model allocation for 3988.HK.
3988.HK,fundamentals,0.33106077913642795,3,fundamentals had high attribution in the model allocation for 3988.HK.
3988.HK,regime,0.20881820551601205,4,regime had high attribution in the model allocation for 3988.HK.
3988.HK,dividend quality,0.20421846104228392,5,dividend quality had high attribution in the model allocation for 3988.HK.
3988.HK,narrative,0.20271562144513802,6,narrative had high attribution in the model allocation for 3988.HK.
3988.HK,temporal returns,0.004852313762360397,7,temporal returns had high attribution in the model allocation for 3988.HK.
3988.HK,distributional forecast,0.004017405604326291,8,distributional forecast had high attribution in the model allocation for 3988.HK.
3988.HK,volatility,0.0033034808379350873,9,volatility had high attribution in the model allocation for 3988.HK.
3988.HK,sentiment,0.0,10,sentiment had high attribution in the model allocation for 3988.HK.
3988.HK,risk contribution,0.0,11,risk contribution had high attribution in the model allocation for 3988.HK.
3988.HK,stress tests,0.0,12,stress tests had high attribution in the model allocation for 3988.HK.
601728.SHG,portfolio state,0.0,1,portfolio state had high attribution in the model allocation for 601728.SHG.
601728.SHG,temporal returns,0.0,2,temporal returns had high attribution in the model allocation for 601728.SHG.
601728.SHG,volatility,0.0,3,volatility had high attribution in the model allocation for 601728.SHG.
601728.SHG,fundamentals,0.0,4,fundamentals had high attribution in the model allocation for 601728.SHG.
601728.SHG,dividend quality,0.0,5,dividend quality had high attribution in the model allocation for 601728.SHG.
601728.SHG,distributional forecast,0.0,6,distributional forecast had high attribution in the model allocation for 601728.SHG.
601728.SHG,regime,0.0,7,regime had high attribution in the model allocation for 601728.SHG.
601728.SHG,sentiment,0.0,8,sentiment had high attribution in the model allocation for 601728.SHG.
601728.SHG,narrative,0.0,9,narrative had high attribution in the model allocation for 601728.SHG.
601728.SHG,liquidity,0.0,10,liquidity had high attribution in the model allocation for 601728.SHG.
601728.SHG,risk contribution,0.0,11,risk contribution had high attribution in the model allocation for 601728.SHG.
601728.SHG,stress tests,0.0,12,stress tests had high attribution in the model allocation for 601728.SHG.
002352.SHE,portfolio state,0.0,1,portfolio state had high attribution in the model allocation for 002352.SHE.
002352.SHE,temporal returns,0.0,2,temporal returns had high attribution in the model allocation for 002352.SHE.
002352.SHE,volatility,0.0,3,volatility had high attribution in the model allocation for 002352.SHE.
002352.SHE,fundamentals,0.0,4,fundamentals had high attribution in the model allocation for 002352.SHE.
002352.SHE,dividend quality,0.0,5,dividend quality had high attribution in the model allocation for 002352.SHE.
002352.SHE,distributional forecast,0.0,6,distributional forecast had high attribution in the model allocation for 002352.SHE.
002352.SHE,regime,0.0,7,regime had high attribution in the model allocation for 002352.SHE.
002352.SHE,sentiment,0.0,8,sentiment had high attribution in the model allocation for 002352.SHE.
002352.SHE,narrative,0.0,9,narrative had high attribution in the model allocation for 002352.SHE.
002352.SHE,liquidity,0.0,10,liquidity had high attribution in the model allocation for 002352.SHE.
002352.SHE,risk contribution,0.0,11,risk contribution had high attribution in the model allocation for 002352.SHE.
002352.SHE,stress tests,0.0,12,stress tests had high attribution in the model allocation for 002352.SHE.
002415.SHE,portfolio state,0.0,1,portfolio state had high attribution in the model allocation for 002415.SHE.
002415.SHE,temporal returns,0.0,2,temporal returns had high attribution in the model allocation for 002415.SHE.
002415.SHE,volatility,0.0,3,volatility had high attribution in the model allocation for 002415.SHE.
002415.SHE,fundamentals,0.0,4,fundamentals had high attribution in the model allocation for 002415.SHE.
002415.SHE,dividend quality,0.0,5,dividend quality had high attribution in the model allocation for 002415.SHE.
002415.SHE,distributional forecast,0.0,6,distributional forecast had high attribution in the model allocation for 002415.SHE.
002415.SHE,regime,0.0,7,regime had high attribution in the model allocation for 002415.SHE.
002415.SHE,sentiment,0.0,8,sentiment had high attribution in the model allocation for 002415.SHE.
002415.SHE,narrative,0.0,9,narrative had high attribution in the model allocation for 002415.SHE.
002415.SHE,liquidity,0.0,10,liquidity had high attribution in the model allocation for 002415.SHE.
002415.SHE,risk contribution,0.0,11,risk contribution had high attribution in the model allocation for 002415.SHE.
002415.SHE,stress tests,0.0,12,stress tests had high attribution in the model allocation for 002415.SHE.
0728.HK,liquidity,12036.496968616275,1,liquidity had high attribution in the model allocation for 0728.HK.
0728.HK,portfolio state,98.35025000000007,2,portfolio state had high attribution in the model allocation for 0728.HK.
0728.HK,fundamentals,0.40980592932025495,3,fundamentals had high attribution in the model allocation for 0728.HK.
0728.HK,narrative,0.2138737577856039,4,narrative had high attribution in the model allocation for 0728.HK.
0728.HK,regime,0.16827292652539416,5,regime had high attribution in the model allocation for 0728.HK.
0728.HK,dividend quality,0.1609442521675208,6,dividend quality had high attribution in the model allocation for 0728.HK.
0728.HK,distributional forecast,0.0044470770575068845,7,distributional forecast had high attribution in the model allocation for 0728.HK.
0728.HK,temporal returns,0.004192639313893915,8,temporal returns had high attribution in the model allocation for 0728.HK.
0728.HK,volatility,0.0036207503219926607,9,volatility had high attribution in the model allocation for 0728.HK.
0728.HK,sentiment,0.0,10,sentiment had high attribution in the model allocation for 0728.HK.
0728.HK,risk contribution,0.0,11,risk contribution had high attribution in the model allocation for 0728.HK.
0728.HK,stress tests,0.0,12,stress tests had high attribution in the model allocation for 0728.HK.
600050.SHG,portfolio state,0.0,1,portfolio state had high attribution in the model allocation for 600050.SHG.
600050.SHG,temporal returns,0.0,2,temporal returns had high attribution in the model allocation for 600050.SHG.
600050.SHG,volatility,0.0,3,volatility had high attribution in the model allocation for 600050.SHG.
600050.SHG,fundamentals,0.0,4,fundamentals had high attribution in the model allocation for 600050.SHG.
600050.SHG,dividend quality,0.0,5,dividend quality had high attribution in the model allocation for 600050.SHG.
600050.SHG,distributional forecast,0.0,6,distributional forecast had high attribution in the model allocation for 600050.SHG.
600050.SHG,regime,0.0,7,regime had high attribution in the model allocation for 600050.SHG.
600050.SHG,sentiment,0.0,8,sentiment had high attribution in the model allocation for 600050.SHG.
600050.SHG,narrative,0.0,9,narrative had high attribution in the model allocation for 600050.SHG.
600050.SHG,liquidity,0.0,10,liquidity had high attribution in the model allocation for 600050.SHG.
600050.SHG,risk contribution,0.0,11,risk contribution had high attribution in the model allocation for 600050.SHG.
600050.SHG,stress tests,0.0,12,stress tests had high attribution in the model allocation for 600050.SHG.
AIG.US,portfolio state,0.0,1,portfolio state had high attribution in the model allocation for AIG.US.
AIG.US,temporal returns,0.0,2,temporal returns had high attribution in the model allocation for AIG.US.
AIG.US,volatility,0.0,3,volatility had high attribution in the model allocation for AIG.US.
AIG.US,fundamentals,0.0,4,fundamentals had high attribution in the model allocation for AIG.US.
AIG.US,dividend quality,0.0,5,dividend quality had high attribution in the model allocation for AIG.US.
AIG.US,distributional forecast,0.0,6,distributional forecast had high attribution in the model allocation for AIG.US.
AIG.US,regime,0.0,7,regime had high attribution in the model allocation for AIG.US.
AIG.US,sentiment,0.0,8,sentiment had high attribution in the model allocation for AIG.US.
AIG.US,narrative,0.0,9,narrative had high attribution in the model allocation for AIG.US.
AIG.US,liquidity,0.0,10,liquidity had high attribution in the model allocation for AIG.US.
AIG.US,risk contribution,0.0,11,risk contribution had high attribution in the model allocation for AIG.US.
AIG.US,stress tests,0.0,12,stress tests had high attribution in the model allocation for AIG.US.
ALL.US,portfolio state,0.0,1,portfolio state had high attribution in the model allocation for ALL.US.
ALL.US,temporal returns,0.0,2,temporal returns had high attribution in the model allocation for ALL.US.
ALL.US,volatility,0.0,3,volatility had high attribution in the model allocation for ALL.US.
ALL.US,fundamentals,0.0,4,fundamentals had high attribution in the model allocation for ALL.US.
ALL.US,dividend quality,0.0,5,dividend quality had high attribution in the model allocation for ALL.US.
ALL.US,distributional forecast,0.0,6,distributional forecast had high attribution in the model allocation for ALL.US.
ALL.US,regime,0.0,7,regime had high attribution in the model allocation for ALL.US.
ALL.US,sentiment,0.0,8,sentiment had high attribution in the model allocation for ALL.US.
ALL.US,narrative,0.0,9,narrative had high attribution in the model allocation for ALL.US.
ALL.US,liquidity,0.0,10,liquidity had high attribution in the model allocation for ALL.US.
ALL.US,risk contribution,0.0,11,risk contribution had high attribution in the model allocation for ALL.US.
ALL.US,stress tests,0.0,12,stress tests had high attribution in the model allocation for ALL.US.
600406.SHG,portfolio state,0.0,1,portfolio state had high attribution in the model allocation for 600406.SHG.
600406.SHG,temporal returns,0.0,2,temporal returns had high attribution in the model allocation for 600406.SHG.
600406.SHG,volatility,0.0,3,volatility had high attribution in the model allocation for 600406.SHG.
600406.SHG,fundamentals,0.0,4,fundamentals had high attribution in the model allocation for 600406.SHG.
600406.SHG,dividend quality,0.0,5,dividend quality had high attribution in the model allocation for 600406.SHG.
600406.SHG,distributional forecast,0.0,6,distributional forecast had high attribution in the model allocation for 600406.SHG.
600406.SHG,regime,0.0,7,regime had high attribution in the model allocation for 600406.SHG.
600406.SHG,sentiment,0.0,8,sentiment had high attribution in the model allocation for 600406.SHG.
600406.SHG,narrative,0.0,9,narrative had high attribution in the model allocation for 600406.SHG.
600406.SHG,liquidity,0.0,10,liquidity had high attribution in the model allocation for 600406.SHG.
600406.SHG,risk contribution,0.0,11,risk contribution had high attribution in the model allocation for 600406.SHG.
600406.SHG,stress tests,0.0,12,stress tests had high attribution in the model allocation for 600406.SHG.
VZ.US,portfolio state,0.0,1,portfolio state had high attribution in the model allocation for VZ.US.
VZ.US,temporal returns,0.0,2,temporal returns had high attribution in the model allocation for VZ.US.
VZ.US,volatility,0.0,3,volatility had high attribution in the model allocation for VZ.US.
VZ.US,fundamentals,0.0,4,fundamentals had high attribution in the model allocation for VZ.US.
VZ.US,dividend quality,0.0,5,dividend quality had high attribution in the model allocation for VZ.US.
VZ.US,distributional forecast,0.0,6,distributional forecast had high attribution in the model allocation for VZ.US.
VZ.US,regime,0.0,7,regime had high attribution in the model allocation for VZ.US.
VZ.US,sentiment,0.0,8,sentiment had high attribution in the model allocation for VZ.US.
VZ.US,narrative,0.0,9,narrative had high attribution in the model allocation for VZ.US.
VZ.US,liquidity,0.0,10,liquidity had high attribution in the model allocation for VZ.US.
VZ.US,risk contribution,0.0,11,risk contribution had high attribution in the model allocation for VZ.US.
VZ.US,stress tests,0.0,12,stress tests had high attribution in the model allocation for VZ.US.
HNR1.XETRA,portfolio state,0.0,1,portfolio state had high attribution in the model allocation for HNR1.XETRA.
HNR1.XETRA,temporal returns,0.0,2,temporal returns had high attribution in the model allocation for HNR1.XETRA.
HNR1.XETRA,volatility,0.0,3,volatility had high attribution in the model allocation for HNR1.XETRA.
HNR1.XETRA,fundamentals,0.0,4,fundamentals had high attribution in the model allocation for HNR1.XETRA.
HNR1.XETRA,dividend quality,0.0,5,dividend quality had high attribution in the model allocation for HNR1.XETRA.
HNR1.XETRA,distributional forecast,0.0,6,distributional forecast had high attribution in the model allocation for HNR1.XETRA.
HNR1.XETRA,regime,0.0,7,regime had high attribution in the model allocation for HNR1.XETRA.
HNR1.XETRA,sentiment,0.0,8,sentiment had high attribution in the model allocation for HNR1.XETRA.
HNR1.XETRA,narrative,0.0,9,narrative had high attribution in the model allocation for HNR1.XETRA.
HNR1.XETRA,liquidity,0.0,10,liquidity had high attribution in the model allocation for HNR1.XETRA.
HNR1.XETRA,risk contribution,0.0,11,risk contribution had high attribution in the model allocation for HNR1.XETRA.
HNR1.XETRA,stress tests,0.0,12,stress tests had high attribution in the model allocation for HNR1.XETRA.
VLO.US,portfolio state,0.0,1,portfolio state had high attribution in the model allocation for VLO.US.
VLO.US,temporal returns,0.0,2,temporal returns had high attribution in the model allocation for VLO.US.
VLO.US,volatility,0.0,3,volatility had high attribution in the model allocation for VLO.US.
VLO.US,fundamentals,0.0,4,fundamentals had high attribution in the model allocation for VLO.US.
VLO.US,dividend quality,0.0,5,dividend quality had high attribution in the model allocation for VLO.US.
VLO.US,distributional forecast,0.0,6,distributional forecast had high attribution in the model allocation for VLO.US.
VLO.US,regime,0.0,7,regime had high attribution in the model allocation for VLO.US.
VLO.US,sentiment,0.0,8,sentiment had high attribution in the model allocation for VLO.US.
VLO.US,narrative,0.0,9,narrative had high attribution in the model allocation for VLO.US.
VLO.US,liquidity,0.0,10,liquidity had high attribution in the model allocation for VLO.US.
VLO.US,risk contribution,0.0,11,risk contribution had high attribution in the model allocation for VLO.US.
VLO.US,stress tests,0.0,12,stress tests had high attribution in the model allocation for VLO.US.
ABT.US,portfolio state,0.0,1,portfolio state had high attribution in the model allocation for ABT.US.
ABT.US,temporal returns,0.0,2,temporal returns had high attribution in the model allocation for ABT.US.
ABT.US,volatility,0.0,3,volatility had high attribution in the model allocation for ABT.US.
ABT.US,fundamentals,0.0,4,fundamentals had high attribution in the model allocation for ABT.US.
ABT.US,dividend quality,0.0,5,dividend quality had high attribution in the model allocation for ABT.US.
ABT.US,distributional forecast,0.0,6,distributional forecast had high attribution in the model allocation for ABT.US.
ABT.US,regime,0.0,7,regime had high attribution in the model allocation for ABT.US.
ABT.US,sentiment,0.0,8,sentiment had high attribution in the model allocation for ABT.US.
ABT.US,narrative,0.0,9,narrative had high attribution in the model allocation for ABT.US.
ABT.US,liquidity,0.0,10,liquidity had high attribution in the model allocation for ABT.US.
ABT.US,risk contribution,0.0,11,risk contribution had high attribution in the model allocation for ABT.US.
ABT.US,stress tests,0.0,12,stress tests had high attribution in the model allocation for ABT.US.
600019.SHG,portfolio state,0.0,1,portfolio state had high attribution in the model allocation for 600019.SHG.
600019.SHG,temporal returns,0.0,2,temporal returns had high attribution in the model allocation for 600019.SHG.
600019.SHG,volatility,0.0,3,volatility had high attribution in the model allocation for 600019.SHG.
600019.SHG,fundamentals,0.0,4,fundamentals had high attribution in the model allocation for 600019.SHG.
600019.SHG,dividend quality,0.0,5,dividend quality had high attribution in the model allocation for 600019.SHG.
600019.SHG,distributional forecast,0.0,6,distributional forecast had high attribution in the model allocation for 600019.SHG.
600019.SHG,regime,0.0,7,regime had high attribution in the model allocation for 600019.SHG.
600019.SHG,sentiment,0.0,8,sentiment had high attribution in the model allocation for 600019.SHG.
600019.SHG,narrative,0.0,9,narrative had high attribution in the model allocation for 600019.SHG.
600019.SHG,liquidity,0.0,10,liquidity had high attribution in the model allocation for 600019.SHG.
600019.SHG,risk contribution,0.0,11,risk contribution had high attribution in the model allocation for 600019.SHG.
600019.SHG,stress tests,0.0,12,stress tests had high attribution in the model allocation for 600019.SHG.
ALV.XETRA,liquidity,20149.987517831683,1,liquidity had high attribution in the model allocation for ALV.XETRA.
ALV.XETRA,portfolio state,98.35025000000007,2,portfolio state had high attribution in the model allocation for ALV.XETRA.
ALV.XETRA,fundamentals,0.32260703765417625,3,fundamentals had high attribution in the model allocation for ALV.XETRA.
ALV.XETRA,regime,0.20130115223597111,4,regime had high attribution in the model allocation for ALV.XETRA.
ALV.XETRA,narrative,0.1849623163217074,5,narrative had high attribution in the model allocation for ALV.XETRA.
ALV.XETRA,dividend quality,0.17731771761734533,6,dividend quality had high attribution in the model allocation for ALV.XETRA.
ALV.XETRA,temporal returns,0.0048717939252803395,7,temporal returns had high attribution in the model allocation for ALV.XETRA.
ALV.XETRA,distributional forecast,0.003985311679065318,8,distributional forecast had high attribution in the model allocation for ALV.XETRA.
ALV.XETRA,volatility,0.003417331301961633,9,volatility had high attribution in the model allocation for ALV.XETRA.
ALV.XETRA,sentiment,0.0,10,sentiment had high attribution in the model allocation for ALV.XETRA.
ALV.XETRA,risk contribution,0.0,11,risk contribution had high attribution in the model allocation for ALV.XETRA.
ALV.XETRA,stress tests,0.0,12,stress tests had high attribution in the model allocation for ALV.XETRA.
1398.HK,portfolio state,0.0,1,portfolio state had high attribution in the model allocation for 1398.HK.
1398.HK,temporal returns,0.0,2,temporal returns had high attribution in the model allocation for 1398.HK.
1398.HK,volatility,0.0,3,volatility had high attribution in the model allocation for 1398.HK.
1398.HK,fundamentals,0.0,4,fundamentals had high attribution in the model allocation for 1398.HK.
1398.HK,dividend quality,0.0,5,dividend quality had high attribution in the model allocation for 1398.HK.
1398.HK,distributional forecast,0.0,6,distributional forecast had high attribution in the model allocation for 1398.HK.
1398.HK,regime,0.0,7,regime had high attribution in the model allocation for 1398.HK.
1398.HK,sentiment,0.0,8,sentiment had high attribution in the model allocation for 1398.HK.
1398.HK,narrative,0.0,9,narrative had high attribution in the model allocation for 1398.HK.
1398.HK,liquidity,0.0,10,liquidity had high attribution in the model allocation for 1398.HK.
1398.HK,risk contribution,0.0,11,risk contribution had high attribution in the model allocation for 1398.HK.
1398.HK,stress tests,0.0,12,stress tests had high attribution in the model allocation for 1398.HK.
2020.HK,portfolio state,0.0,1,portfolio state had high attribution in the model allocation for 2020.HK.
2020.HK,temporal returns,0.0,2,temporal returns had high attribution in the model allocation for 2020.HK.
2020.HK,volatility,0.0,3,volatility had high attribution in the model allocation for 2020.HK.
2020.HK,fundamentals,0.0,4,fundamentals had high attribution in the model allocation for 2020.HK.
2020.HK,dividend quality,0.0,5,dividend quality had high attribution in the model allocation for 2020.HK.
2020.HK,distributional forecast,0.0,6,distributional forecast had high attribution in the model allocation for 2020.HK.
2020.HK,regime,0.0,7,regime had high attribution in the model allocation for 2020.HK.
2020.HK,sentiment,0.0,8,sentiment had high attribution in the model allocation for 2020.HK.
2020.HK,narrative,0.0,9,narrative had high attribution in the model allocation for 2020.HK.
2020.HK,liquidity,0.0,10,liquidity had high attribution in the model allocation for 2020.HK.
2020.HK,risk contribution,0.0,11,risk contribution had high attribution in the model allocation for 2020.HK.
2020.HK,stress tests,0.0,12,stress tests had high attribution in the model allocation for 2020.HK.
2318.HK,portfolio state,0.0,1,portfolio state had high attribution in the model allocation for 2318.HK.
2318.HK,temporal returns,0.0,2,temporal returns had high attribution in the model allocation for 2318.HK.
2318.HK,volatility,0.0,3,volatility had high attribution in the model allocation for 2318.HK.
2318.HK,fundamentals,0.0,4,fundamentals had high attribution in the model allocation for 2318.HK.
2318.HK,dividend quality,0.0,5,dividend quality had high attribution in the model allocation for 2318.HK.
2318.HK,distributional forecast,0.0,6,distributional forecast had high attribution in the model allocation for 2318.HK.
2318.HK,regime,0.0,7,regime had high attribution in the model allocation for 2318.HK.
2318.HK,sentiment,0.0,8,sentiment had high attribution in the model allocation for 2318.HK.
2318.HK,narrative,0.0,9,narrative had high attribution in the model allocation for 2318.HK.
2318.HK,liquidity,0.0,10,liquidity had high attribution in the model allocation for 2318.HK.
2318.HK,risk contribution,0.0,11,risk contribution had high attribution in the model allocation for 2318.HK.
2318.HK,stress tests,0.0,12,stress tests had high attribution in the model allocation for 2318.HK.
NXT.LSE,portfolio state,0.0,1,portfolio state had high attribution in the model allocation for NXT.LSE.
NXT.LSE,temporal returns,0.0,2,temporal returns had high attribution in the model allocation for NXT.LSE.
NXT.LSE,volatility,0.0,3,volatility had high attribution in the model allocation for NXT.LSE.
NXT.LSE,fundamentals,0.0,4,fundamentals had high attribution in the model allocation for NXT.LSE.
NXT.LSE,dividend quality,0.0,5,dividend quality had high attribution in the model allocation for NXT.LSE.
NXT.LSE,distributional forecast,0.0,6,distributional forecast had high attribution in the model allocation for NXT.LSE.
NXT.LSE,regime,0.0,7,regime had high attribution in the model allocation for NXT.LSE.
NXT.LSE,sentiment,0.0,8,sentiment had high attribution in the model allocation for NXT.LSE.
NXT.LSE,narrative,0.0,9,narrative had high attribution in the model allocation for NXT.LSE.
NXT.LSE,liquidity,0.0,10,liquidity had high attribution in the model allocation for NXT.LSE.
NXT.LSE,risk contribution,0.0,11,risk contribution had high attribution in the model allocation for NXT.LSE.
NXT.LSE,stress tests,0.0,12,stress tests had high attribution in the model allocation for NXT.LSE.
1288.HK,portfolio state,0.0,1,portfolio state had high attribution in the model allocation for 1288.HK.
1288.HK,temporal returns,0.0,2,temporal returns had high attribution in the model allocation for 1288.HK.
1288.HK,volatility,0.0,3,volatility had high attribution in the model allocation for 1288.HK.
1288.HK,fundamentals,0.0,4,fundamentals had high attribution in the model allocation for 1288.HK.
1288.HK,dividend quality,0.0,5,dividend quality had high attribution in the model allocation for 1288.HK.
1288.HK,distributional forecast,0.0,6,distributional forecast had high attribution in the model allocation for 1288.HK.
1288.HK,regime,0.0,7,regime had high attribution in the model allocation for 1288.HK.
1288.HK,sentiment,0.0,8,sentiment had high attribution in the model allocation for 1288.HK.
1288.HK,narrative,0.0,9,narrative had high attribution in the model allocation for 1288.HK.
1288.HK,liquidity,0.0,10,liquidity had high attribution in the model allocation for 1288.HK.
1288.HK,risk contribution,0.0,11,risk contribution had high attribution in the model allocation for 1288.HK.
1288.HK,stress tests,0.0,12,stress tests had high attribution in the model allocation for 1288.HK.
0939.HK,portfolio state,0.0,1,portfolio state had high attribution in the model allocation for 0939.HK.
0939.HK,temporal returns,0.0,2,temporal returns had high attribution in the model allocation for 0939.HK.
0939.HK,volatility,0.0,3,volatility had high attribution in the model allocation for 0939.HK.
0939.HK,fundamentals,0.0,4,fundamentals had high attribution in the model allocation for 0939.HK.
0939.HK,dividend quality,0.0,5,dividend quality had high attribution in the model allocation for 0939.HK.
0939.HK,distributional forecast,0.0,6,distributional forecast had high attribution in the model allocation for 0939.HK.
0939.HK,regime,0.0,7,regime had high attribution in the model allocation for 0939.HK.
0939.HK,sentiment,0.0,8,sentiment had high attribution in the model allocation for 0939.HK.
0939.HK,narrative,0.0,9,narrative had high attribution in the model allocation for 0939.HK.
0939.HK,liquidity,0.0,10,liquidity had high attribution in the model allocation for 0939.HK.
0939.HK,risk contribution,0.0,11,risk contribution had high attribution in the model allocation for 0939.HK.
0939.HK,stress tests,0.0,12,stress tests had high attribution in the model allocation for 0939.HK.
0288.HK,portfolio state,0.0,1,portfolio state had high attribution in the model allocation for 0288.HK.
0288.HK,temporal returns,0.0,2,temporal returns had high attribution in the model allocation for 0288.HK.
0288.HK,volatility,0.0,3,volatility had high attribution in the model allocation for 0288.HK.
0288.HK,fundamentals,0.0,4,fundamentals had high attribution in the model allocation for 0288.HK.
0288.HK,dividend quality,0.0,5,dividend quality had high attribution in the model allocation for 0288.HK.
0288.HK,distributional forecast,0.0,6,distributional forecast had high attribution in the model allocation for 0288.HK.
0288.HK,regime,0.0,7,regime had high attribution in the model allocation for 0288.HK.
0288.HK,sentiment,0.0,8,sentiment had high attribution in the model allocation for 0288.HK.
0288.HK,narrative,0.0,9,narrative had high attribution in the model allocation for 0288.HK.
0288.HK,liquidity,0.0,10,liquidity had high attribution in the model allocation for 0288.HK.
0288.HK,risk contribution,0.0,11,risk contribution had high attribution in the model allocation for 0288.HK.
0288.HK,stress tests,0.0,12,stress tests had high attribution in the model allocation for 0288.HK.
0291.HK,portfolio state,0.0,1,portfolio state had high attribution in the model allocation for 0291.HK.
0291.HK,temporal returns,0.0,2,temporal returns had high attribution in the model allocation for 0291.HK.
0291.HK,volatility,0.0,3,volatility had high attribution in the model allocation for 0291.HK.
0291.HK,fundamentals,0.0,4,fundamentals had high attribution in the model allocation for 0291.HK.
0291.HK,dividend quality,0.0,5,dividend quality had high attribution in the model allocation for 0291.HK.
0291.HK,distributional forecast,0.0,6,distributional forecast had high attribution in the model allocation for 0291.HK.
0291.HK,regime,0.0,7,regime had high attribution in the model allocation for 0291.HK.
0291.HK,sentiment,0.0,8,sentiment had high attribution in the model allocation for 0291.HK.
0291.HK,narrative,0.0,9,narrative had high attribution in the model allocation for 0291.HK.
0291.HK,liquidity,0.0,10,liquidity had high attribution in the model allocation for 0291.HK.
0291.HK,risk contribution,0.0,11,risk contribution had high attribution in the model allocation for 0291.HK.
0291.HK,stress tests,0.0,12,stress tests had high attribution in the model allocation for 0291.HK.
IMB.LSE,liquidity,16048.662624821696,1,liquidity had high attribution in the model allocation for IMB.LSE.
IMB.LSE,portfolio state,98.35025000000007,2,portfolio state had high attribution in the model allocation for IMB.LSE.
IMB.LSE,fundamentals,0.32500690741497124,3,fundamentals had high attribution in the model allocation for IMB.LSE.
IMB.LSE,narrative,0.2167967106360843,4,narrative had high attribution in the model allocation for IMB.LSE.
IMB.LSE,regime,0.1812518080865954,5,regime had high attribution in the model allocation for IMB.LSE.
IMB.LSE,dividend quality,0.16201752325740096,6,dividend quality had high attribution in the model allocation for IMB.LSE.
IMB.LSE,temporal returns,0.004334047098255478,7,temporal returns had high attribution in the model allocation for IMB.LSE.
IMB.LSE,distributional forecast,0.004333142368744202,8,distributional forecast had high attribution in the model allocation for IMB.LSE.
IMB.LSE,volatility,0.0035425644622404146,9,volatility had high attribution in the model allocation for IMB.LSE.
IMB.LSE,sentiment,0.0,10,sentiment had high attribution in the model allocation for IMB.LSE.
IMB.LSE,risk contribution,0.0,11,risk contribution had high attribution in the model allocation for IMB.LSE.
IMB.LSE,stress tests,0.0,12,stress tests had high attribution in the model allocation for IMB.LSE.
1113.HK,liquidity,10199.816690442234,1,liquidity had high attribution in the model allocation for 1113.HK.
1113.HK,portfolio state,98.35025000000007,2,portfolio state had high attribution in the model allocation for 1113.HK.
1113.HK,fundamentals,0.353225564641918,3,fundamentals had high attribution in the model allocation for 1113.HK.
1113.HK,narrative,0.2167967106360843,4,narrative had high attribution in the model allocation for 1113.HK.
1113.HK,dividend quality,0.1530092226806624,5,dividend quality had high attribution in the model allocation for 1113.HK.
1113.HK,regime,0.15289586952168413,6,regime had high attribution in the model allocation for 1113.HK.
1113.HK,distributional forecast,0.004441557606784082,7,distributional forecast had high attribution in the model allocation for 1113.HK.
1113.HK,temporal returns,0.0041279143925819555,8,temporal returns had high attribution in the model allocation for 1113.HK.
1113.HK,volatility,0.00364381909600322,9,volatility had high attribution in the model allocation for 1113.HK.
1113.HK,sentiment,0.0,10,sentiment had high attribution in the model allocation for 1113.HK.
1113.HK,risk contribution,0.0,11,risk contribution had high attribution in the model allocation for 1113.HK.
1113.HK,stress tests,0.0,12,stress tests had high attribution in the model allocation for 1113.HK.
1109.HK,portfolio state,0.0,1,portfolio state had high attribution in the model allocation for 1109.HK.
1109.HK,temporal returns,0.0,2,temporal returns had high attribution in the model allocation for 1109.HK.
1109.HK,volatility,0.0,3,volatility had high attribution in the model allocation for 1109.HK.
1109.HK,fundamentals,0.0,4,fundamentals had high attribution in the model allocation for 1109.HK.
1109.HK,dividend quality,0.0,5,dividend quality had high attribution in the model allocation for 1109.HK.
1109.HK,distributional forecast,0.0,6,distributional forecast had high attribution in the model allocation for 1109.HK.
1109.HK,regime,0.0,7,regime had high attribution in the model allocation for 1109.HK.
1109.HK,sentiment,0.0,8,sentiment had high attribution in the model allocation for 1109.HK.
1109.HK,narrative,0.0,9,narrative had high attribution in the model allocation for 1109.HK.
1109.HK,liquidity,0.0,10,liquidity had high attribution in the model allocation for 1109.HK.
1109.HK,risk contribution,0.0,11,risk contribution had high attribution in the model allocation for 1109.HK.
1109.HK,stress tests,0.0,12,stress tests had high attribution in the model allocation for 1109.HK.
3968.HK,portfolio state,0.0,1,portfolio state had high attribution in the model allocation for 3968.HK.
3968.HK,temporal returns,0.0,2,temporal returns had high attribution in the model allocation for 3968.HK.
3968.HK,volatility,0.0,3,volatility had high attribution in the model allocation for 3968.HK.
3968.HK,fundamentals,0.0,4,fundamentals had high attribution in the model allocation for 3968.HK.
3968.HK,dividend quality,0.0,5,dividend quality had high attribution in the model allocation for 3968.HK.
3968.HK,distributional forecast,0.0,6,distributional forecast had high attribution in the model allocation for 3968.HK.
3968.HK,regime,0.0,7,regime had high attribution in the model allocation for 3968.HK.
3968.HK,sentiment,0.0,8,sentiment had high attribution in the model allocation for 3968.HK.
3968.HK,narrative,0.0,9,narrative had high attribution in the model allocation for 3968.HK.
3968.HK,liquidity,0.0,10,liquidity had high attribution in the model allocation for 3968.HK.
3968.HK,risk contribution,0.0,11,risk contribution had high attribution in the model allocation for 3968.HK.
3968.HK,stress tests,0.0,12,stress tests had high attribution in the model allocation for 3968.HK.
600690.SHG,portfolio state,0.0,1,portfolio state had high attribution in the model allocation for 600690.SHG.
600690.SHG,temporal returns,0.0,2,temporal returns had high attribution in the model allocation for 600690.SHG.
600690.SHG,volatility,0.0,3,volatility had high attribution in the model allocation for 600690.SHG.
600690.SHG,fundamentals,0.0,4,fundamentals had high attribution in the model allocation for 600690.SHG.
600690.SHG,dividend quality,0.0,5,dividend quality had high attribution in the model allocation for 600690.SHG.
600690.SHG,distributional forecast,0.0,6,distributional forecast had high attribution in the model allocation for 600690.SHG.
600690.SHG,regime,0.0,7,regime had high attribution in the model allocation for 600690.SHG.
600690.SHG,sentiment,0.0,8,sentiment had high attribution in the model allocation for 600690.SHG.
600690.SHG,narrative,0.0,9,narrative had high attribution in the model allocation for 600690.SHG.
600690.SHG,liquidity,0.0,10,liquidity had high attribution in the model allocation for 600690.SHG.
600690.SHG,risk contribution,0.0,11,risk contribution had high attribution in the model allocation for 600690.SHG.
600690.SHG,stress tests,0.0,12,stress tests had high attribution in the model allocation for 600690.SHG.
PGR.US,portfolio state,0.0,1,portfolio state had high attribution in the model allocation for PGR.US.
PGR.US,temporal returns,0.0,2,temporal returns had high attribution in the model allocation for PGR.US.
PGR.US,volatility,0.0,3,volatility had high attribution in the model allocation for PGR.US.
PGR.US,fundamentals,0.0,4,fundamentals had high attribution in the model allocation for PGR.US.
PGR.US,dividend quality,0.0,5,dividend quality had high attribution in the model allocation for PGR.US.
PGR.US,distributional forecast,0.0,6,distributional forecast had high attribution in the model allocation for PGR.US.
PGR.US,regime,0.0,7,regime had high attribution in the model allocation for PGR.US.
PGR.US,sentiment,0.0,8,sentiment had high attribution in the model allocation for PGR.US.
PGR.US,narrative,0.0,9,narrative had high attribution in the model allocation for PGR.US.
PGR.US,liquidity,0.0,10,liquidity had high attribution in the model allocation for PGR.US.
PGR.US,risk contribution,0.0,11,risk contribution had high attribution in the model allocation for PGR.US.
PGR.US,stress tests,0.0,12,stress tests had high attribution in the model allocation for PGR.US.
CVX.US,portfolio state,0.0,1,portfolio state had high attribution in the model allocation for CVX.US.
CVX.US,temporal returns,0.0,2,temporal returns had high attribution in the model allocation for CVX.US.
CVX.US,volatility,0.0,3,volatility had high attribution in the model allocation for CVX.US.
CVX.US,fundamentals,0.0,4,fundamentals had high attribution in the model allocation for CVX.US.
CVX.US,dividend quality,0.0,5,dividend quality had high attribution in the model allocation for CVX.US.
CVX.US,distributional forecast,0.0,6,distributional forecast had high attribution in the model allocation for CVX.US.
CVX.US,regime,0.0,7,regime had high attribution in the model allocation for CVX.US.
CVX.US,sentiment,0.0,8,sentiment had high attribution in the model allocation for CVX.US.
CVX.US,narrative,0.0,9,narrative had high attribution in the model allocation for CVX.US.
CVX.US,liquidity,0.0,10,liquidity had high attribution in the model allocation for CVX.US.
CVX.US,risk contribution,0.0,11,risk contribution had high attribution in the model allocation for CVX.US.
CVX.US,stress tests,0.0,12,stress tests had high attribution in the model allocation for CVX.US.
COP.US,portfolio state,0.0,1,portfolio state had high attribution in the model allocation for COP.US.
COP.US,temporal returns,0.0,2,temporal returns had high attribution in the model allocation for COP.US.
COP.US,volatility,0.0,3,volatility had high attribution in the model allocation for COP.US.
COP.US,fundamentals,0.0,4,fundamentals had high attribution in the model allocation for COP.US.
COP.US,dividend quality,0.0,5,dividend quality had high attribution in the model allocation for COP.US.
COP.US,distributional forecast,0.0,6,distributional forecast had high attribution in the model allocation for COP.US.
COP.US,regime,0.0,7,regime had high attribution in the model allocation for COP.US.
COP.US,sentiment,0.0,8,sentiment had high attribution in the model allocation for COP.US.
COP.US,narrative,0.0,9,narrative had high attribution in the model allocation for COP.US.
COP.US,liquidity,0.0,10,liquidity had high attribution in the model allocation for COP.US.
COP.US,risk contribution,0.0,11,risk contribution had high attribution in the model allocation for COP.US.
COP.US,stress tests,0.0,12,stress tests had high attribution in the model allocation for COP.US.
SHELL.AS,liquidity,18402.46647646221,1,liquidity had high attribution in the model allocation for SHELL.AS.
SHELL.AS,portfolio state,98.35025000000007,2,portfolio state had high attribution in the model allocation for SHELL.AS.
SHELL.AS,fundamentals,0.3512167882279781,3,fundamentals had high attribution in the model allocation for SHELL.AS.
SHELL.AS,narrative,0.2167967106360843,4,narrative had high attribution in the model allocation for SHELL.AS.
SHELL.AS,regime,0.18257435403948927,5,regime had high attribution in the model allocation for SHELL.AS.
SHELL.AS,dividend quality,0.16865056921411,6,dividend quality had high attribution in the model allocation for SHELL.AS.
SHELL.AS,distributional forecast,0.004448632665279169,7,distributional forecast had high attribution in the model allocation for SHELL.AS.
SHELL.AS,temporal returns,0.004142163506820499,8,temporal returns had high attribution in the model allocation for SHELL.AS.
SHELL.AS,volatility,0.003546978358735219,9,volatility had high attribution in the model allocation for SHELL.AS.
SHELL.AS,sentiment,0.0,10,sentiment had high attribution in the model allocation for SHELL.AS.
SHELL.AS,risk contribution,0.0,11,risk contribution had high attribution in the model allocation for SHELL.AS.
SHELL.AS,stress tests,0.0,12,stress tests had high attribution in the model allocation for SHELL.AS.
601766.SHG,portfolio state,0.0,1,portfolio state had high attribution in the model allocation for 601766.SHG.
601766.SHG,temporal returns,0.0,2,temporal returns had high attribution in the model allocation for 601766.SHG.
601766.SHG,volatility,0.0,3,volatility had high attribution in the model allocation for 601766.SHG.
601766.SHG,fundamentals,0.0,4,fundamentals had high attribution in the model allocation for 601766.SHG.
601766.SHG,dividend quality,0.0,5,dividend quality had high attribution in the model allocation for 601766.SHG.
601766.SHG,distributional forecast,0.0,6,distributional forecast had high attribution in the model allocation for 601766.SHG.
601766.SHG,regime,0.0,7,regime had high attribution in the model allocation for 601766.SHG.
601766.SHG,sentiment,0.0,8,sentiment had high attribution in the model allocation for 601766.SHG.
601766.SHG,narrative,0.0,9,narrative had high attribution in the model allocation for 601766.SHG.
601766.SHG,liquidity,0.0,10,liquidity had high attribution in the model allocation for 601766.SHG.
601766.SHG,risk contribution,0.0,11,risk contribution had high attribution in the model allocation for 601766.SHG.
601766.SHG,stress tests,0.0,12,stress tests had high attribution in the model allocation for 601766.SHG.
PUB.PA,portfolio state,0.0,1,portfolio state had high attribution in the model allocation for PUB.PA.
PUB.PA,temporal returns,0.0,2,temporal returns had high attribution in the model allocation for PUB.PA.
PUB.PA,volatility,0.0,3,volatility had high attribution in the model allocation for PUB.PA.
PUB.PA,fundamentals,0.0,4,fundamentals had high attribution in the model allocation for PUB.PA.
PUB.PA,dividend quality,0.0,5,dividend quality had high attribution in the model allocation for PUB.PA.
PUB.PA,distributional forecast,0.0,6,distributional forecast had high attribution in the model allocation for PUB.PA.
PUB.PA,regime,0.0,7,regime had high attribution in the model allocation for PUB.PA.
PUB.PA,sentiment,0.0,8,sentiment had high attribution in the model allocation for PUB.PA.
PUB.PA,narrative,0.0,9,narrative had high attribution in the model allocation for PUB.PA.
PUB.PA,liquidity,0.0,10,liquidity had high attribution in the model allocation for PUB.PA.
PUB.PA,risk contribution,0.0,11,risk contribution had high attribution in the model allocation for PUB.PA.
PUB.PA,stress tests,0.0,12,stress tests had high attribution in the model allocation for PUB.PA.
LOW.US,portfolio state,0.0,1,portfolio state had high attribution in the model allocation for LOW.US.
LOW.US,temporal returns,0.0,2,temporal returns had high attribution in the model allocation for LOW.US.
LOW.US,volatility,0.0,3,volatility had high attribution in the model allocation for LOW.US.
LOW.US,fundamentals,0.0,4,fundamentals had high attribution in the model allocation for LOW.US.
LOW.US,dividend quality,0.0,5,dividend quality had high attribution in the model allocation for LOW.US.
LOW.US,distributional forecast,0.0,6,distributional forecast had high attribution in the model allocation for LOW.US.
LOW.US,regime,0.0,7,regime had high attribution in the model allocation for LOW.US.
LOW.US,sentiment,0.0,8,sentiment had high attribution in the model allocation for LOW.US.
LOW.US,narrative,0.0,9,narrative had high attribution in the model allocation for LOW.US.
LOW.US,liquidity,0.0,10,liquidity had high attribution in the model allocation for LOW.US.
LOW.US,risk contribution,0.0,11,risk contribution had high attribution in the model allocation for LOW.US.
LOW.US,stress tests,0.0,12,stress tests had high attribution in the model allocation for LOW.US.
MET.US,portfolio state,0.0,1,portfolio state had high attribution in the model allocation for MET.US.
MET.US,temporal returns,0.0,2,temporal returns had high attribution in the model allocation for MET.US.
MET.US,volatility,0.0,3,volatility had high attribution in the model allocation for MET.US.
MET.US,fundamentals,0.0,4,fundamentals had high attribution in the model allocation for MET.US.
MET.US,dividend quality,0.0,5,dividend quality had high attribution in the model allocation for MET.US.
MET.US,distributional forecast,0.0,6,distributional forecast had high attribution in the model allocation for MET.US.
MET.US,regime,0.0,7,regime had high attribution in the model allocation for MET.US.
MET.US,sentiment,0.0,8,sentiment had high attribution in the model allocation for MET.US.
MET.US,narrative,0.0,9,narrative had high attribution in the model allocation for MET.US.
MET.US,liquidity,0.0,10,liquidity had high attribution in the model allocation for MET.US.
MET.US,risk contribution,0.0,11,risk contribution had high attribution in the model allocation for MET.US.
MET.US,stress tests,0.0,12,stress tests had high attribution in the model allocation for MET.US.
603195.SHG,portfolio state,0.0,1,portfolio state had high attribution in the model allocation for 603195.SHG.
603195.SHG,temporal returns,0.0,2,temporal returns had high attribution in the model allocation for 603195.SHG.
603195.SHG,volatility,0.0,3,volatility had high attribution in the model allocation for 603195.SHG.
603195.SHG,fundamentals,0.0,4,fundamentals had high attribution in the model allocation for 603195.SHG.
603195.SHG,dividend quality,0.0,5,dividend quality had high attribution in the model allocation for 603195.SHG.
603195.SHG,distributional forecast,0.0,6,distributional forecast had high attribution in the model allocation for 603195.SHG.
603195.SHG,regime,0.0,7,regime had high attribution in the model allocation for 603195.SHG.
603195.SHG,sentiment,0.0,8,sentiment had high attribution in the model allocation for 603195.SHG.
603195.SHG,narrative,0.0,9,narrative had high attribution in the model allocation for 603195.SHG.
603195.SHG,liquidity,0.0,10,liquidity had high attribution in the model allocation for 603195.SHG.
603195.SHG,risk contribution,0.0,11,risk contribution had high attribution in the model allocation for 603195.SHG.
603195.SHG,stress tests,0.0,12,stress tests had high attribution in the model allocation for 603195.SHG.
CA.PA,liquidity,11840.346647646229,1,liquidity had high attribution in the model allocation for CA.PA.
CA.PA,portfolio state,98.35025000000007,2,portfolio state had high attribution in the model allocation for CA.PA.
CA.PA,fundamentals,0.353417085314512,3,fundamentals had high attribution in the model allocation for CA.PA.
CA.PA,dividend quality,0.1918901111480718,4,dividend quality had high attribution in the model allocation for CA.PA.
CA.PA,narrative,0.1849623163217074,5,narrative had high attribution in the model allocation for CA.PA.
CA.PA,regime,0.1833884777392004,6,regime had high attribution in the model allocation for CA.PA.
CA.PA,distributional forecast,0.0044264352683069386,7,distributional forecast had high attribution in the model allocation for CA.PA.
CA.PA,temporal returns,0.004217208545346063,8,temporal returns had high attribution in the model allocation for CA.PA.
CA.PA,volatility,0.003551266012196774,9,volatility had high attribution in the model allocation for CA.PA.
CA.PA,sentiment,0.0,10,sentiment had high attribution in the model allocation for CA.PA.
CA.PA,risk contribution,0.0,11,risk contribution had high attribution in the model allocation for CA.PA.
CA.PA,stress tests,0.0,12,stress tests had high attribution in the model allocation for CA.PA.
DG.PA,portfolio state,0.0,1,portfolio state had high attribution in the model allocation for DG.PA.
DG.PA,temporal returns,0.0,2,temporal returns had high attribution in the model allocation for DG.PA.
DG.PA,volatility,0.0,3,volatility had high attribution in the model allocation for DG.PA.
DG.PA,fundamentals,0.0,4,fundamentals had high attribution in the model allocation for DG.PA.
DG.PA,dividend quality,0.0,5,dividend quality had high attribution in the model allocation for DG.PA.
DG.PA,distributional forecast,0.0,6,distributional forecast had high attribution in the model allocation for DG.PA.
DG.PA,regime,0.0,7,regime had high attribution in the model allocation for DG.PA.
DG.PA,sentiment,0.0,8,sentiment had high attribution in the model allocation for DG.PA.
DG.PA,narrative,0.0,9,narrative had high attribution in the model allocation for DG.PA.
DG.PA,liquidity,0.0,10,liquidity had high attribution in the model allocation for DG.PA.
DG.PA,risk contribution,0.0,11,risk contribution had high attribution in the model allocation for DG.PA.
DG.PA,stress tests,0.0,12,stress tests had high attribution in the model allocation for DG.PA.
FGR.PA,portfolio state,0.0,1,portfolio state had high attribution in the model allocation for FGR.PA.
FGR.PA,temporal returns,0.0,2,temporal returns had high attribution in the model allocation for FGR.PA.
FGR.PA,volatility,0.0,3,volatility had high attribution in the model allocation for FGR.PA.
FGR.PA,fundamentals,0.0,4,fundamentals had high attribution in the model allocation for FGR.PA.
FGR.PA,dividend quality,0.0,5,dividend quality had high attribution in the model allocation for FGR.PA.
FGR.PA,distributional forecast,0.0,6,distributional forecast had high attribution in the model allocation for FGR.PA.
FGR.PA,regime,0.0,7,regime had high attribution in the model allocation for FGR.PA.
FGR.PA,sentiment,0.0,8,sentiment had high attribution in the model allocation for FGR.PA.
FGR.PA,narrative,0.0,9,narrative had high attribution in the model allocation for FGR.PA.
FGR.PA,liquidity,0.0,10,liquidity had high attribution in the model allocation for FGR.PA.
FGR.PA,risk contribution,0.0,11,risk contribution had high attribution in the model allocation for FGR.PA.
FGR.PA,stress tests,0.0,12,stress tests had high attribution in the model allocation for FGR.PA.
ORA.PA,liquidity,14764.769614835963,1,liquidity had high attribution in the model allocation for ORA.PA.
ORA.PA,portfolio state,98.35025000000007,2,portfolio state had high attribution in the model allocation for ORA.PA.
ORA.PA,fundamentals,0.36249960761975847,3,fundamentals had high attribution in the model allocation for ORA.PA.
ORA.PA,narrative,0.22556556918752543,4,narrative had high attribution in the model allocation for ORA.PA.
ORA.PA,regime,0.16017731572319427,5,regime had high attribution in the model allocation for ORA.PA.
ORA.PA,dividend quality,0.158603014558627,6,dividend quality had high attribution in the model allocation for ORA.PA.
ORA.PA,distributional forecast,0.0044510619710215835,7,distributional forecast had high attribution in the model allocation for ORA.PA.
ORA.PA,temporal returns,0.004133482113848252,8,temporal returns had high attribution in the model allocation for ORA.PA.
ORA.PA,volatility,0.0035194928702587443,9,volatility had high attribution in the model allocation for ORA.PA.
ORA.PA,sentiment,0.0,10,sentiment had high attribution in the model allocation for ORA.PA.
ORA.PA,risk contribution,0.0,11,risk contribution had high attribution in the model allocation for ORA.PA.
ORA.PA,stress tests,0.0,12,stress tests had high attribution in the model allocation for ORA.PA.
BMY.US,portfolio state,0.0,1,portfolio state had high attribution in the model allocation for BMY.US.
BMY.US,temporal returns,0.0,2,temporal returns had high attribution in the model allocation for BMY.US.
BMY.US,volatility,0.0,3,volatility had high attribution in the model allocation for BMY.US.
BMY.US,fundamentals,0.0,4,fundamentals had high attribution in the model allocation for BMY.US.
BMY.US,dividend quality,0.0,5,dividend quality had high attribution in the model allocation for BMY.US.
BMY.US,distributional forecast,0.0,6,distributional forecast had high attribution in the model allocation for BMY.US.
BMY.US,regime,0.0,7,regime had high attribution in the model allocation for BMY.US.
BMY.US,sentiment,0.0,8,sentiment had high attribution in the model allocation for BMY.US.
BMY.US,narrative,0.0,9,narrative had high attribution in the model allocation for BMY.US.
BMY.US,liquidity,0.0,10,liquidity had high attribution in the model allocation for BMY.US.
BMY.US,risk contribution,0.0,11,risk contribution had high attribution in the model allocation for BMY.US.
BMY.US,stress tests,0.0,12,stress tests had high attribution in the model allocation for BMY.US.
601288.SHG,portfolio state,0.0,1,portfolio state had high attribution in the model allocation for 601288.SHG.
601288.SHG,temporal returns,0.0,2,temporal returns had high attribution in the model allocation for 601288.SHG.
601288.SHG,volatility,0.0,3,volatility had high attribution in the model allocation for 601288.SHG.
601288.SHG,fundamentals,0.0,4,fundamentals had high attribution in the model allocation for 601288.SHG.
601288.SHG,dividend quality,0.0,5,dividend quality had high attribution in the model allocation for 601288.SHG.
601288.SHG,distributional forecast,0.0,6,distributional forecast had high attribution in the model allocation for 601288.SHG.
601288.SHG,regime,0.0,7,regime had high attribution in the model allocation for 601288.SHG.
601288.SHG,sentiment,0.0,8,sentiment had high attribution in the model allocation for 601288.SHG.
601288.SHG,narrative,0.0,9,narrative had high attribution in the model allocation for 601288.SHG.
601288.SHG,liquidity,0.0,10,liquidity had high attribution in the model allocation for 601288.SHG.
601288.SHG,risk contribution,0.0,11,risk contribution had high attribution in the model allocation for 601288.SHG.
601288.SHG,stress tests,0.0,12,stress tests had high attribution in the model allocation for 601288.SHG.
T.US,portfolio state,0.0,1,portfolio state had high attribution in the model allocation for T.US.
T.US,temporal returns,0.0,2,temporal returns had high attribution in the model allocation for T.US.
T.US,volatility,0.0,3,volatility had high attribution in the model allocation for T.US.
T.US,fundamentals,0.0,4,fundamentals had high attribution in the model allocation for T.US.
T.US,dividend quality,0.0,5,dividend quality had high attribution in the model allocation for T.US.
T.US,distributional forecast,0.0,6,distributional forecast had high attribution in the model allocation for T.US.
T.US,regime,0.0,7,regime had high attribution in the model allocation for T.US.
T.US,sentiment,0.0,8,sentiment had high attribution in the model allocation for T.US.
T.US,narrative,0.0,9,narrative had high attribution in the model allocation for T.US.
T.US,liquidity,0.0,10,liquidity had high attribution in the model allocation for T.US.
T.US,risk contribution,0.0,11,risk contribution had high attribution in the model allocation for T.US.
T.US,stress tests,0.0,12,stress tests had high attribution in the model allocation for T.US.
600741.SHG,portfolio state,0.0,1,portfolio state had high attribution in the model allocation for 600741.SHG.
600741.SHG,temporal returns,0.0,2,temporal returns had high attribution in the model allocation for 600741.SHG.
600741.SHG,volatility,0.0,3,volatility had high attribution in the model allocation for 600741.SHG.
600741.SHG,fundamentals,0.0,4,fundamentals had high attribution in the model allocation for 600741.SHG.
600741.SHG,dividend quality,0.0,5,dividend quality had high attribution in the model allocation for 600741.SHG.
600741.SHG,distributional forecast,0.0,6,distributional forecast had high attribution in the model allocation for 600741.SHG.
600741.SHG,regime,0.0,7,regime had high attribution in the model allocation for 600741.SHG.
600741.SHG,sentiment,0.0,8,sentiment had high attribution in the model allocation for 600741.SHG.
600741.SHG,narrative,0.0,9,narrative had high attribution in the model allocation for 600741.SHG.
600741.SHG,liquidity,0.0,10,liquidity had high attribution in the model allocation for 600741.SHG.
600741.SHG,risk contribution,0.0,11,risk contribution had high attribution in the model allocation for 600741.SHG.
600741.SHG,stress tests,0.0,12,stress tests had high attribution in the model allocation for 600741.SHG.
HEN3.XETRA,liquidity,11430.214158345232,1,liquidity had high attribution in the model allocation for HEN3.XETRA.
HEN3.XETRA,portfolio state,98.35025000000007,2,portfolio state had high attribution in the model allocation for HEN3.XETRA.
HEN3.XETRA,fundamentals,0.3792904217040248,3,fundamentals had high attribution in the model allocation for HEN3.XETRA.
HEN3.XETRA,narrative,0.17943449766165398,4,narrative had high attribution in the model allocation for HEN3.XETRA.
HEN3.XETRA,dividend quality,0.1548737494508407,5,dividend quality had high attribution in the model allocation for HEN3.XETRA.
HEN3.XETRA,regime,0.13727776505387135,6,regime had high attribution in the model allocation for HEN3.XETRA.
HEN3.XETRA,temporal returns,0.004693070696181439,7,temporal returns had high attribution in the model allocation for HEN3.XETRA.
HEN3.XETRA,distributional forecast,0.004096008719787488,8,distributional forecast had high attribution in the model allocation for HEN3.XETRA.
HEN3.XETRA,volatility,0.003345358498858252,9,volatility had high attribution in the model allocation for HEN3.XETRA.
HEN3.XETRA,sentiment,0.0,10,sentiment had high attribution in the model allocation for HEN3.XETRA.
HEN3.XETRA,risk contribution,0.0,11,risk contribution had high attribution in the model allocation for HEN3.XETRA.
HEN3.XETRA,stress tests,0.0,12,stress tests had high attribution in the model allocation for HEN3.XETRA.
601169.SHG,portfolio state,0.0,1,portfolio state had high attribution in the model allocation for 601169.SHG.
601169.SHG,temporal returns,0.0,2,temporal returns had high attribution in the model allocation for 601169.SHG.
601169.SHG,volatility,0.0,3,volatility had high attribution in the model allocation for 601169.SHG.
601169.SHG,fundamentals,0.0,4,fundamentals had high attribution in the model allocation for 601169.SHG.
601169.SHG,dividend quality,0.0,5,dividend quality had high attribution in the model allocation for 601169.SHG.
601169.SHG,distributional forecast,0.0,6,distributional forecast had high attribution in the model allocation for 601169.SHG.
601169.SHG,regime,0.0,7,regime had high attribution in the model allocation for 601169.SHG.
601169.SHG,sentiment,0.0,8,sentiment had high attribution in the model allocation for 601169.SHG.
601169.SHG,narrative,0.0,9,narrative had high attribution in the model allocation for 601169.SHG.
601169.SHG,liquidity,0.0,10,liquidity had high attribution in the model allocation for 601169.SHG.
601169.SHG,risk contribution,0.0,11,risk contribution had high attribution in the model allocation for 601169.SHG.
601169.SHG,stress tests,0.0,12,stress tests had high attribution in the model allocation for 601169.SHG.
PG.US,portfolio state,0.0,1,portfolio state had high attribution in the model allocation for PG.US.
PG.US,temporal returns,0.0,2,temporal returns had high attribution in the model allocation for PG.US.
PG.US,volatility,0.0,3,volatility had high attribution in the model allocation for PG.US.
PG.US,fundamentals,0.0,4,fundamentals had high attribution in the model allocation for PG.US.
PG.US,dividend quality,0.0,5,dividend quality had high attribution in the model allocation for PG.US.
PG.US,distributional forecast,0.0,6,distributional forecast had high attribution in the model allocation for PG.US.
PG.US,regime,0.0,7,regime had high attribution in the model allocation for PG.US.
PG.US,sentiment,0.0,8,sentiment had high attribution in the model allocation for PG.US.
PG.US,narrative,0.0,9,narrative had high attribution in the model allocation for PG.US.
PG.US,liquidity,0.0,10,liquidity had high attribution in the model allocation for PG.US.
PG.US,risk contribution,0.0,11,risk contribution had high attribution in the model allocation for PG.US.
PG.US,stress tests,0.0,12,stress tests had high attribution in the model allocation for PG.US.
1299.HK,portfolio state,0.0,1,portfolio state had high attribution in the model allocation for 1299.HK.
1299.HK,temporal returns,0.0,2,temporal returns had high attribution in the model allocation for 1299.HK.
1299.HK,volatility,0.0,3,volatility had high attribution in the model allocation for 1299.HK.
1299.HK,fundamentals,0.0,4,fundamentals had high attribution in the model allocation for 1299.HK.
1299.HK,dividend quality,0.0,5,dividend quality had high attribution in the model allocation for 1299.HK.
1299.HK,distributional forecast,0.0,6,distributional forecast had high attribution in the model allocation for 1299.HK.
1299.HK,regime,0.0,7,regime had high attribution in the model allocation for 1299.HK.
1299.HK,sentiment,0.0,8,sentiment had high attribution in the model allocation for 1299.HK.
1299.HK,narrative,0.0,9,narrative had high attribution in the model allocation for 1299.HK.
1299.HK,liquidity,0.0,10,liquidity had high attribution in the model allocation for 1299.HK.
1299.HK,risk contribution,0.0,11,risk contribution had high attribution in the model allocation for 1299.HK.
1299.HK,stress tests,0.0,12,stress tests had high attribution in the model allocation for 1299.HK.
601988.SHG,portfolio state,0.0,1,portfolio state had high attribution in the model allocation for 601988.SHG.
601988.SHG,temporal returns,0.0,2,temporal returns had high attribution in the model allocation for 601988.SHG.
601988.SHG,volatility,0.0,3,volatility had high attribution in the model allocation for 601988.SHG.
601988.SHG,fundamentals,0.0,4,fundamentals had high attribution in the model allocation for 601988.SHG.
601988.SHG,dividend quality,0.0,5,dividend quality had high attribution in the model allocation for 601988.SHG.
601988.SHG,distributional forecast,0.0,6,distributional forecast had high attribution in the model allocation for 601988.SHG.
601988.SHG,regime,0.0,7,regime had high attribution in the model allocation for 601988.SHG.
601988.SHG,sentiment,0.0,8,sentiment had high attribution in the model allocation for 601988.SHG.
601988.SHG,narrative,0.0,9,narrative had high attribution in the model allocation for 601988.SHG.
601988.SHG,liquidity,0.0,10,liquidity had high attribution in the model allocation for 601988.SHG.
601988.SHG,risk contribution,0.0,11,risk contribution had high attribution in the model allocation for 601988.SHG.
601988.SHG,stress tests,0.0,12,stress tests had high attribution in the model allocation for 601988.SHG.
ADP.US,portfolio state,0.0,1,portfolio state had high attribution in the model allocation for ADP.US.
ADP.US,temporal returns,0.0,2,temporal returns had high attribution in the model allocation for ADP.US.
ADP.US,volatility,0.0,3,volatility had high attribution in the model allocation for ADP.US.
ADP.US,fundamentals,0.0,4,fundamentals had high attribution in the model allocation for ADP.US.
ADP.US,dividend quality,0.0,5,dividend quality had high attribution in the model allocation for ADP.US.
ADP.US,distributional forecast,0.0,6,distributional forecast had high attribution in the model allocation for ADP.US.
ADP.US,regime,0.0,7,regime had high attribution in the model allocation for ADP.US.
ADP.US,sentiment,0.0,8,sentiment had high attribution in the model allocation for ADP.US.
ADP.US,narrative,0.0,9,narrative had high attribution in the model allocation for ADP.US.
ADP.US,liquidity,0.0,10,liquidity had high attribution in the model allocation for ADP.US.
ADP.US,risk contribution,0.0,11,risk contribution had high attribution in the model allocation for ADP.US.
ADP.US,stress tests,0.0,12,stress tests had high attribution in the model allocation for ADP.US.
601816.SHG,liquidity,17207.732703281043,1,liquidity had high attribution in the model allocation for 601816.SHG.
601816.SHG,portfolio state,98.35025000000007,2,portfolio state had high attribution in the model allocation for 601816.SHG.
601816.SHG,fundamentals,0.3763020849075859,3,fundamentals had high attribution in the model allocation for 601816.SHG.
601816.SHG,narrative,0.2138737577856039,4,narrative had high attribution in the model allocation for 601816.SHG.
601816.SHG,regime,0.15230744126210913,5,regime had high attribution in the model allocation for 601816.SHG.
601816.SHG,dividend quality,0.10817183380777841,6,dividend quality had high attribution in the model allocation for 601816.SHG.
601816.SHG,temporal returns,0.005995205714787742,7,temporal returns had high attribution in the model allocation for 601816.SHG.
601816.SHG,distributional forecast,0.003550717425734882,8,distributional forecast had high attribution in the model allocation for 601816.SHG.
601816.SHG,volatility,0.003099376638107117,9,volatility had high attribution in the model allocation for 601816.SHG.
601816.SHG,sentiment,0.0,10,sentiment had high attribution in the model allocation for 601816.SHG.
601816.SHG,risk contribution,0.0,11,risk contribution had high attribution in the model allocation for 601816.SHG.
601816.SHG,stress tests,0.0,12,stress tests had high attribution in the model allocation for 601816.SHG.
601658.SHG,portfolio state,0.0,1,portfolio state had high attribution in the model allocation for 601658.SHG.
601658.SHG,temporal returns,0.0,2,temporal returns had high attribution in the model allocation for 601658.SHG.
601658.SHG,volatility,0.0,3,volatility had high attribution in the model allocation for 601658.SHG.
601658.SHG,fundamentals,0.0,4,fundamentals had high attribution in the model allocation for 601658.SHG.
601658.SHG,dividend quality,0.0,5,dividend quality had high attribution in the model allocation for 601658.SHG.
601658.SHG,distributional forecast,0.0,6,distributional forecast had high attribution in the model allocation for 601658.SHG.
601658.SHG,regime,0.0,7,regime had high attribution in the model allocation for 601658.SHG.
601658.SHG,sentiment,0.0,8,sentiment had high attribution in the model allocation for 601658.SHG.
601658.SHG,narrative,0.0,9,narrative had high attribution in the model allocation for 601658.SHG.
601658.SHG,liquidity,0.0,10,liquidity had high attribution in the model allocation for 601658.SHG.
601658.SHG,risk contribution,0.0,11,risk contribution had high attribution in the model allocation for 601658.SHG.
601658.SHG,stress tests,0.0,12,stress tests had high attribution in the model allocation for 601658.SHG.
FDX.US,portfolio state,0.0,1,portfolio state had high attribution in the model allocation for FDX.US.
FDX.US,temporal returns,0.0,2,temporal returns had high attribution in the model allocation for FDX.US.
FDX.US,volatility,0.0,3,volatility had high attribution in the model allocation for FDX.US.
FDX.US,fundamentals,0.0,4,fundamentals had high attribution in the model allocation for FDX.US.
FDX.US,dividend quality,0.0,5,dividend quality had high attribution in the model allocation for FDX.US.
FDX.US,distributional forecast,0.0,6,distributional forecast had high attribution in the model allocation for FDX.US.
FDX.US,regime,0.0,7,regime had high attribution in the model allocation for FDX.US.
FDX.US,sentiment,0.0,8,sentiment had high attribution in the model allocation for FDX.US.
FDX.US,narrative,0.0,9,narrative had high attribution in the model allocation for FDX.US.
FDX.US,liquidity,0.0,10,liquidity had high attribution in the model allocation for FDX.US.
FDX.US,risk contribution,0.0,11,risk contribution had high attribution in the model allocation for FDX.US.
FDX.US,stress tests,0.0,12,stress tests had high attribution in the model allocation for FDX.US.
STT.US,portfolio state,0.0,1,portfolio state had high attribution in the model allocation for STT.US.
STT.US,temporal returns,0.0,2,temporal returns had high attribution in the model allocation for STT.US.
STT.US,volatility,0.0,3,volatility had high attribution in the model allocation for STT.US.
STT.US,fundamentals,0.0,4,fundamentals had high attribution in the model allocation for STT.US.
STT.US,dividend quality,0.0,5,dividend quality had high attribution in the model allocation for STT.US.
STT.US,distributional forecast,0.0,6,distributional forecast had high attribution in the model allocation for STT.US.
STT.US,regime,0.0,7,regime had high attribution in the model allocation for STT.US.
STT.US,sentiment,0.0,8,sentiment had high attribution in the model allocation for STT.US.
STT.US,narrative,0.0,9,narrative had high attribution in the model allocation for STT.US.
STT.US,liquidity,0.0,10,liquidity had high attribution in the model allocation for STT.US.
STT.US,risk contribution,0.0,11,risk contribution had high attribution in the model allocation for STT.US.
STT.US,stress tests,0.0,12,stress tests had high attribution in the model allocation for STT.US.
600919.SHG,portfolio state,0.0,1,portfolio state had high attribution in the model allocation for 600919.SHG.
600919.SHG,temporal returns,0.0,2,temporal returns had high attribution in the model allocation for 600919.SHG.
600919.SHG,volatility,0.0,3,volatility had high attribution in the model allocation for 600919.SHG.
600919.SHG,fundamentals,0.0,4,fundamentals had high attribution in the model allocation for 600919.SHG.
600919.SHG,dividend quality,0.0,5,dividend quality had high attribution in the model allocation for 600919.SHG.
600919.SHG,distributional forecast,0.0,6,distributional forecast had high attribution in the model allocation for 600919.SHG.
600919.SHG,regime,0.0,7,regime had high attribution in the model allocation for 600919.SHG.
600919.SHG,sentiment,0.0,8,sentiment had high attribution in the model allocation for 600919.SHG.
600919.SHG,narrative,0.0,9,narrative had high attribution in the model allocation for 600919.SHG.
600919.SHG,liquidity,0.0,10,liquidity had high attribution in the model allocation for 600919.SHG.
600919.SHG,risk contribution,0.0,11,risk contribution had high attribution in the model allocation for 600919.SHG.
600919.SHG,stress tests,0.0,12,stress tests had high attribution in the model allocation for 600919.SHG.
601838.SHG,portfolio state,0.0,1,portfolio state had high attribution in the model allocation for 601838.SHG.
601838.SHG,temporal returns,0.0,2,temporal returns had high attribution in the model allocation for 601838.SHG.
601838.SHG,volatility,0.0,3,volatility had high attribution in the model allocation for 601838.SHG.
601838.SHG,fundamentals,0.0,4,fundamentals had high attribution in the model allocation for 601838.SHG.
601838.SHG,dividend quality,0.0,5,dividend quality had high attribution in the model allocation for 601838.SHG.
601838.SHG,distributional forecast,0.0,6,distributional forecast had high attribution in the model allocation for 601838.SHG.
601838.SHG,regime,0.0,7,regime had high attribution in the model allocation for 601838.SHG.
601838.SHG,sentiment,0.0,8,sentiment had high attribution in the model allocation for 601838.SHG.
601838.SHG,narrative,0.0,9,narrative had high attribution in the model allocation for 601838.SHG.
601838.SHG,liquidity,0.0,10,liquidity had high attribution in the model allocation for 601838.SHG.
601838.SHG,risk contribution,0.0,11,risk contribution had high attribution in the model allocation for 601838.SHG.
601838.SHG,stress tests,0.0,12,stress tests had high attribution in the model allocation for 601838.SHG.
MRSH.US,portfolio state,0.0,1,portfolio state had high attribution in the model allocation for MRSH.US.
MRSH.US,temporal returns,0.0,2,temporal returns had high attribution in the model allocation for MRSH.US.
MRSH.US,volatility,0.0,3,volatility had high attribution in the model allocation for MRSH.US.
MRSH.US,fundamentals,0.0,4,fundamentals had high attribution in the model allocation for MRSH.US.
MRSH.US,dividend quality,0.0,5,dividend quality had high attribution in the model allocation for MRSH.US.
MRSH.US,distributional forecast,0.0,6,distributional forecast had high attribution in the model allocation for MRSH.US.
MRSH.US,regime,0.0,7,regime had high attribution in the model allocation for MRSH.US.
MRSH.US,sentiment,0.0,8,sentiment had high attribution in the model allocation for MRSH.US.
MRSH.US,narrative,0.0,9,narrative had high attribution in the model allocation for MRSH.US.
MRSH.US,liquidity,0.0,10,liquidity had high attribution in the model allocation for MRSH.US.
MRSH.US,risk contribution,0.0,11,risk contribution had high attribution in the model allocation for MRSH.US.
MRSH.US,stress tests,0.0,12,stress tests had high attribution in the model allocation for MRSH.US.
MDT.US,portfolio state,0.0,1,portfolio state had high attribution in the model allocation for MDT.US.
MDT.US,temporal returns,0.0,2,temporal returns had high attribution in the model allocation for MDT.US.
MDT.US,volatility,0.0,3,volatility had high attribution in the model allocation for MDT.US.
MDT.US,fundamentals,0.0,4,fundamentals had high attribution in the model allocation for MDT.US.
MDT.US,dividend quality,0.0,5,dividend quality had high attribution in the model allocation for MDT.US.
MDT.US,distributional forecast,0.0,6,distributional forecast had high attribution in the model allocation for MDT.US.
MDT.US,regime,0.0,7,regime had high attribution in the model allocation for MDT.US.
MDT.US,sentiment,0.0,8,sentiment had high attribution in the model allocation for MDT.US.
MDT.US,narrative,0.0,9,narrative had high attribution in the model allocation for MDT.US.
MDT.US,liquidity,0.0,10,liquidity had high attribution in the model allocation for MDT.US.
MDT.US,risk contribution,0.0,11,risk contribution had high attribution in the model allocation for MDT.US.
MDT.US,stress tests,0.0,12,stress tests had high attribution in the model allocation for MDT.US.
XOM.US,portfolio state,0.0,1,portfolio state had high attribution in the model allocation for XOM.US.
XOM.US,temporal returns,0.0,2,temporal returns had high attribution in the model allocation for XOM.US.
XOM.US,volatility,0.0,3,volatility had high attribution in the model allocation for XOM.US.
XOM.US,fundamentals,0.0,4,fundamentals had high attribution in the model allocation for XOM.US.
XOM.US,dividend quality,0.0,5,dividend quality had high attribution in the model allocation for XOM.US.
XOM.US,distributional forecast,0.0,6,distributional forecast had high attribution in the model allocation for XOM.US.
XOM.US,regime,0.0,7,regime had high attribution in the model allocation for XOM.US.
XOM.US,sentiment,0.0,8,sentiment had high attribution in the model allocation for XOM.US.
XOM.US,narrative,0.0,9,narrative had high attribution in the model allocation for XOM.US.
XOM.US,liquidity,0.0,10,liquidity had high attribution in the model allocation for XOM.US.
XOM.US,risk contribution,0.0,11,risk contribution had high attribution in the model allocation for XOM.US.
XOM.US,stress tests,0.0,12,stress tests had high attribution in the model allocation for XOM.US.
GSK.LSE,portfolio state,0.0,1,portfolio state had high attribution in the model allocation for GSK.LSE.
GSK.LSE,temporal returns,0.0,2,temporal returns had high attribution in the model allocation for GSK.LSE.
GSK.LSE,volatility,0.0,3,volatility had high attribution in the model allocation for GSK.LSE.
GSK.LSE,fundamentals,0.0,4,fundamentals had high attribution in the model allocation for GSK.LSE.
GSK.LSE,dividend quality,0.0,5,dividend quality had high attribution in the model allocation for GSK.LSE.
GSK.LSE,distributional forecast,0.0,6,distributional forecast had high attribution in the model allocation for GSK.LSE.
GSK.LSE,regime,0.0,7,regime had high attribution in the model allocation for GSK.LSE.
GSK.LSE,sentiment,0.0,8,sentiment had high attribution in the model allocation for GSK.LSE.
GSK.LSE,narrative,0.0,9,narrative had high attribution in the model allocation for GSK.LSE.
GSK.LSE,liquidity,0.0,10,liquidity had high attribution in the model allocation for GSK.LSE.
GSK.LSE,risk contribution,0.0,11,risk contribution had high attribution in the model allocation for GSK.LSE.
GSK.LSE,stress tests,0.0,12,stress tests had high attribution in the model allocation for GSK.LSE.
TTE.US,portfolio state,0.0,1,portfolio state had high attribution in the model allocation for TTE.US.
TTE.US,temporal returns,0.0,2,temporal returns had high attribution in the model allocation for TTE.US.
TTE.US,volatility,0.0,3,volatility had high attribution in the model allocation for TTE.US.
TTE.US,fundamentals,0.0,4,fundamentals had high attribution in the model allocation for TTE.US.
TTE.US,dividend quality,0.0,5,dividend quality had high attribution in the model allocation for TTE.US.
TTE.US,distributional forecast,0.0,6,distributional forecast had high attribution in the model allocation for TTE.US.
TTE.US,regime,0.0,7,regime had high attribution in the model allocation for TTE.US.
TTE.US,sentiment,0.0,8,sentiment had high attribution in the model allocation for TTE.US.
TTE.US,narrative,0.0,9,narrative had high attribution in the model allocation for TTE.US.
TTE.US,liquidity,0.0,10,liquidity had high attribution in the model allocation for TTE.US.
TTE.US,risk contribution,0.0,11,risk contribution had high attribution in the model allocation for TTE.US.
TTE.US,stress tests,0.0,12,stress tests had high attribution in the model allocation for TTE.US.
NOVN.SW,liquidity,21719.190085592036,1,liquidity had high attribution in the model allocation for NOVN.SW.
NOVN.SW,portfolio state,98.3505237770053,2,portfolio state had high attribution in the model allocation for NOVN.SW.
NOVN.SW,fundamentals,0.3812038818359448,3,fundamentals had high attribution in the model allocation for NOVN.SW.
NOVN.SW,narrative,0.20250003342458972,4,narrative had high attribution in the model allocation for NOVN.SW.
NOVN.SW,regime,0.15677558412134762,5,regime had high attribution in the model allocation for NOVN.SW.
NOVN.SW,dividend quality,0.13256226495441048,6,dividend quality had high attribution in the model allocation for NOVN.SW.
NOVN.SW,temporal returns,0.004103118837741613,7,temporal returns had high attribution in the model allocation for NOVN.SW.
NOVN.SW,distributional forecast,0.0038432407832866096,8,distributional forecast had high attribution in the model allocation for NOVN.SW.
NOVN.SW,volatility,0.0033917651728970614,9,volatility had high attribution in the model allocation for NOVN.SW.
NOVN.SW,sentiment,0.0,10,sentiment had high attribution in the model allocation for NOVN.SW.
NOVN.SW,risk contribution,0.0,11,risk contribution had high attribution in the model allocation for NOVN.SW.
NOVN.SW,stress tests,0.0,12,stress tests had high attribution in the model allocation for NOVN.SW.
601166.SHG,portfolio state,0.0,1,portfolio state had high attribution in the model allocation for 601166.SHG.
601166.SHG,temporal returns,0.0,2,temporal returns had high attribution in the model allocation for 601166.SHG.
601166.SHG,volatility,0.0,3,volatility had high attribution in the model allocation for 601166.SHG.
601166.SHG,fundamentals,0.0,4,fundamentals had high attribution in the model allocation for 601166.SHG.
601166.SHG,dividend quality,0.0,5,dividend quality had high attribution in the model allocation for 601166.SHG.
601166.SHG,distributional forecast,0.0,6,distributional forecast had high attribution in the model allocation for 601166.SHG.
601166.SHG,regime,0.0,7,regime had high attribution in the model allocation for 601166.SHG.
601166.SHG,sentiment,0.0,8,sentiment had high attribution in the model allocation for 601166.SHG.
601166.SHG,narrative,0.0,9,narrative had high attribution in the model allocation for 601166.SHG.
601166.SHG,liquidity,0.0,10,liquidity had high attribution in the model allocation for 601166.SHG.
601166.SHG,risk contribution,0.0,11,risk contribution had high attribution in the model allocation for 601166.SHG.
601166.SHG,stress tests,0.0,12,stress tests had high attribution in the model allocation for 601166.SHG.
DCC.LSE,portfolio state,0.0,1,portfolio state had high attribution in the model allocation for DCC.LSE.
DCC.LSE,temporal returns,0.0,2,temporal returns had high attribution in the model allocation for DCC.LSE.
DCC.LSE,volatility,0.0,3,volatility had high attribution in the model allocation for DCC.LSE.
DCC.LSE,fundamentals,0.0,4,fundamentals had high attribution in the model allocation for DCC.LSE.
DCC.LSE,dividend quality,0.0,5,dividend quality had high attribution in the model allocation for DCC.LSE.
DCC.LSE,distributional forecast,0.0,6,distributional forecast had high attribution in the model allocation for DCC.LSE.
DCC.LSE,regime,0.0,7,regime had high attribution in the model allocation for DCC.LSE.
DCC.LSE,sentiment,0.0,8,sentiment had high attribution in the model allocation for DCC.LSE.
DCC.LSE,narrative,0.0,9,narrative had high attribution in the model allocation for DCC.LSE.
DCC.LSE,liquidity,0.0,10,liquidity had high attribution in the model allocation for DCC.LSE.
DCC.LSE,risk contribution,0.0,11,risk contribution had high attribution in the model allocation for DCC.LSE.
DCC.LSE,stress tests,0.0,12,stress tests had high attribution in the model allocation for DCC.LSE.
2057.HK,portfolio state,0.0,1,portfolio state had high attribution in the model allocation for 2057.HK.
2057.HK,temporal returns,0.0,2,temporal returns had high attribution in the model allocation for 2057.HK.
2057.HK,volatility,0.0,3,volatility had high attribution in the model allocation for 2057.HK.
2057.HK,fundamentals,0.0,4,fundamentals had high attribution in the model allocation for 2057.HK.
2057.HK,dividend quality,0.0,5,dividend quality had high attribution in the model allocation for 2057.HK.
2057.HK,distributional forecast,0.0,6,distributional forecast had high attribution in the model allocation for 2057.HK.
2057.HK,regime,0.0,7,regime had high attribution in the model allocation for 2057.HK.
2057.HK,sentiment,0.0,8,sentiment had high attribution in the model allocation for 2057.HK.
2057.HK,narrative,0.0,9,narrative had high attribution in the model allocation for 2057.HK.
2057.HK,liquidity,0.0,10,liquidity had high attribution in the model allocation for 2057.HK.
2057.HK,risk contribution,0.0,11,risk contribution had high attribution in the model allocation for 2057.HK.
2057.HK,stress tests,0.0,12,stress tests had high attribution in the model allocation for 2057.HK.
BT-A.LSE,portfolio state,0.0,1,portfolio state had high attribution in the model allocation for BT-A.LSE.
BT-A.LSE,temporal returns,0.0,2,temporal returns had high attribution in the model allocation for BT-A.LSE.
BT-A.LSE,volatility,0.0,3,volatility had high attribution in the model allocation for BT-A.LSE.
BT-A.LSE,fundamentals,0.0,4,fundamentals had high attribution in the model allocation for BT-A.LSE.
BT-A.LSE,dividend quality,0.0,5,dividend quality had high attribution in the model allocation for BT-A.LSE.
BT-A.LSE,distributional forecast,0.0,6,distributional forecast had high attribution in the model allocation for BT-A.LSE.
BT-A.LSE,regime,0.0,7,regime had high attribution in the model allocation for BT-A.LSE.
BT-A.LSE,sentiment,0.0,8,sentiment had high attribution in the model allocation for BT-A.LSE.
BT-A.LSE,narrative,0.0,9,narrative had high attribution in the model allocation for BT-A.LSE.
BT-A.LSE,liquidity,0.0,10,liquidity had high attribution in the model allocation for BT-A.LSE.
BT-A.LSE,risk contribution,0.0,11,risk contribution had high attribution in the model allocation for BT-A.LSE.
BT-A.LSE,stress tests,0.0,12,stress tests had high attribution in the model allocation for BT-A.LSE.
STAN.LSE,portfolio state,0.0,1,portfolio state had high attribution in the model allocation for STAN.LSE.
STAN.LSE,temporal returns,0.0,2,temporal returns had high attribution in the model allocation for STAN.LSE.
STAN.LSE,volatility,0.0,3,volatility had high attribution in the model allocation for STAN.LSE.
STAN.LSE,fundamentals,0.0,4,fundamentals had high attribution in the model allocation for STAN.LSE.
STAN.LSE,dividend quality,0.0,5,dividend quality had high attribution in the model allocation for STAN.LSE.
STAN.LSE,distributional forecast,0.0,6,distributional forecast had high attribution in the model allocation for STAN.LSE.
STAN.LSE,regime,0.0,7,regime had high attribution in the model allocation for STAN.LSE.
STAN.LSE,sentiment,0.0,8,sentiment had high attribution in the model allocation for STAN.LSE.
STAN.LSE,narrative,0.0,9,narrative had high attribution in the model allocation for STAN.LSE.
STAN.LSE,liquidity,0.0,10,liquidity had high attribution in the model allocation for STAN.LSE.
STAN.LSE,risk contribution,0.0,11,risk contribution had high attribution in the model allocation for STAN.LSE.
STAN.LSE,stress tests,0.0,12,stress tests had high attribution in the model allocation for STAN.LSE.
DHL.XETRA,portfolio state,0.0,1,portfolio state had high attribution in the model allocation for DHL.XETRA.
DHL.XETRA,temporal returns,0.0,2,temporal returns had high attribution in the model allocation for DHL.XETRA.
DHL.XETRA,volatility,0.0,3,volatility had high attribution in the model allocation for DHL.XETRA.
DHL.XETRA,fundamentals,0.0,4,fundamentals had high attribution in the model allocation for DHL.XETRA.
DHL.XETRA,dividend quality,0.0,5,dividend quality had high attribution in the model allocation for DHL.XETRA.
DHL.XETRA,distributional forecast,0.0,6,distributional forecast had high attribution in the model allocation for DHL.XETRA.
DHL.XETRA,regime,0.0,7,regime had high attribution in the model allocation for DHL.XETRA.
DHL.XETRA,sentiment,0.0,8,sentiment had high attribution in the model allocation for DHL.XETRA.
DHL.XETRA,narrative,0.0,9,narrative had high attribution in the model allocation for DHL.XETRA.
DHL.XETRA,liquidity,0.0,10,liquidity had high attribution in the model allocation for DHL.XETRA.
DHL.XETRA,risk contribution,0.0,11,risk contribution had high attribution in the model allocation for DHL.XETRA.
DHL.XETRA,stress tests,0.0,12,stress tests had high attribution in the model allocation for DHL.XETRA.
601211.SHG,portfolio state,0.0,1,portfolio state had high attribution in the model allocation for 601211.SHG.
601211.SHG,temporal returns,0.0,2,temporal returns had high attribution in the model allocation for 601211.SHG.
601211.SHG,volatility,0.0,3,volatility had high attribution in the model allocation for 601211.SHG.
601211.SHG,fundamentals,0.0,4,fundamentals had high attribution in the model allocation for 601211.SHG.
601211.SHG,dividend quality,0.0,5,dividend quality had high attribution in the model allocation for 601211.SHG.
601211.SHG,distributional forecast,0.0,6,distributional forecast had high attribution in the model allocation for 601211.SHG.
601211.SHG,regime,0.0,7,regime had high attribution in the model allocation for 601211.SHG.
601211.SHG,sentiment,0.0,8,sentiment had high attribution in the model allocation for 601211.SHG.
601211.SHG,narrative,0.0,9,narrative had high attribution in the model allocation for 601211.SHG.
601211.SHG,liquidity,0.0,10,liquidity had high attribution in the model allocation for 601211.SHG.
601211.SHG,risk contribution,0.0,11,risk contribution had high attribution in the model allocation for 601211.SHG.
601211.SHG,stress tests,0.0,12,stress tests had high attribution in the model allocation for 601211.SHG.
601939.SHG,portfolio state,0.0,1,portfolio state had high attribution in the model allocation for 601939.SHG.
601939.SHG,temporal returns,0.0,2,temporal returns had high attribution in the model allocation for 601939.SHG.
601939.SHG,volatility,0.0,3,volatility had high attribution in the model allocation for 601939.SHG.
601939.SHG,fundamentals,0.0,4,fundamentals had high attribution in the model allocation for 601939.SHG.
601939.SHG,dividend quality,0.0,5,dividend quality had high attribution in the model allocation for 601939.SHG.
601939.SHG,distributional forecast,0.0,6,distributional forecast had high attribution in the model allocation for 601939.SHG.
601939.SHG,regime,0.0,7,regime had high attribution in the model allocation for 601939.SHG.
601939.SHG,sentiment,0.0,8,sentiment had high attribution in the model allocation for 601939.SHG.
601939.SHG,narrative,0.0,9,narrative had high attribution in the model allocation for 601939.SHG.
601939.SHG,liquidity,0.0,10,liquidity had high attribution in the model allocation for 601939.SHG.
601939.SHG,risk contribution,0.0,11,risk contribution had high attribution in the model allocation for 601939.SHG.
601939.SHG,stress tests,0.0,12,stress tests had high attribution in the model allocation for 601939.SHG.
MCD.US,portfolio state,0.0,1,portfolio state had high attribution in the model allocation for MCD.US.
MCD.US,temporal returns,0.0,2,temporal returns had high attribution in the model allocation for MCD.US.
MCD.US,volatility,0.0,3,volatility had high attribution in the model allocation for MCD.US.
MCD.US,fundamentals,0.0,4,fundamentals had high attribution in the model allocation for MCD.US.
MCD.US,dividend quality,0.0,5,dividend quality had high attribution in the model allocation for MCD.US.
MCD.US,distributional forecast,0.0,6,distributional forecast had high attribution in the model allocation for MCD.US.
MCD.US,regime,0.0,7,regime had high attribution in the model allocation for MCD.US.
MCD.US,sentiment,0.0,8,sentiment had high attribution in the model allocation for MCD.US.
MCD.US,narrative,0.0,9,narrative had high attribution in the model allocation for MCD.US.
MCD.US,liquidity,0.0,10,liquidity had high attribution in the model allocation for MCD.US.
MCD.US,risk contribution,0.0,11,risk contribution had high attribution in the model allocation for MCD.US.
MCD.US,stress tests,0.0,12,stress tests had high attribution in the model allocation for MCD.US.
AFL.US,portfolio state,0.0,1,portfolio state had high attribution in the model allocation for AFL.US.
AFL.US,temporal returns,0.0,2,temporal returns had high attribution in the model allocation for AFL.US.
AFL.US,volatility,0.0,3,volatility had high attribution in the model allocation for AFL.US.
AFL.US,fundamentals,0.0,4,fundamentals had high attribution in the model allocation for AFL.US.
AFL.US,dividend quality,0.0,5,dividend quality had high attribution in the model allocation for AFL.US.
AFL.US,distributional forecast,0.0,6,distributional forecast had high attribution in the model allocation for AFL.US.
AFL.US,regime,0.0,7,regime had high attribution in the model allocation for AFL.US.
AFL.US,sentiment,0.0,8,sentiment had high attribution in the model allocation for AFL.US.
AFL.US,narrative,0.0,9,narrative had high attribution in the model allocation for AFL.US.
AFL.US,liquidity,0.0,10,liquidity had high attribution in the model allocation for AFL.US.
AFL.US,risk contribution,0.0,11,risk contribution had high attribution in the model allocation for AFL.US.
AFL.US,stress tests,0.0,12,stress tests had high attribution in the model allocation for AFL.US.
A5G.IR,portfolio state,0.0,1,portfolio state had high attribution in the model allocation for A5G.IR.
A5G.IR,temporal returns,0.0,2,temporal returns had high attribution in the model allocation for A5G.IR.
A5G.IR,volatility,0.0,3,volatility had high attribution in the model allocation for A5G.IR.
A5G.IR,fundamentals,0.0,4,fundamentals had high attribution in the model allocation for A5G.IR.
A5G.IR,dividend quality,0.0,5,dividend quality had high attribution in the model allocation for A5G.IR.
A5G.IR,distributional forecast,0.0,6,distributional forecast had high attribution in the model allocation for A5G.IR.
A5G.IR,regime,0.0,7,regime had high attribution in the model allocation for A5G.IR.
A5G.IR,sentiment,0.0,8,sentiment had high attribution in the model allocation for A5G.IR.
A5G.IR,narrative,0.0,9,narrative had high attribution in the model allocation for A5G.IR.
A5G.IR,liquidity,0.0,10,liquidity had high attribution in the model allocation for A5G.IR.
A5G.IR,risk contribution,0.0,11,risk contribution had high attribution in the model allocation for A5G.IR.
A5G.IR,stress tests,0.0,12,stress tests had high attribution in the model allocation for A5G.IR.
FITB.US,portfolio state,0.0,1,portfolio state had high attribution in the model allocation for FITB.US.
FITB.US,temporal returns,0.0,2,temporal returns had high attribution in the model allocation for FITB.US.
FITB.US,volatility,0.0,3,volatility had high attribution in the model allocation for FITB.US.
FITB.US,fundamentals,0.0,4,fundamentals had high attribution in the model allocation for FITB.US.
FITB.US,dividend quality,0.0,5,dividend quality had high attribution in the model allocation for FITB.US.
FITB.US,distributional forecast,0.0,6,distributional forecast had high attribution in the model allocation for FITB.US.
FITB.US,regime,0.0,7,regime had high attribution in the model allocation for FITB.US.
FITB.US,sentiment,0.0,8,sentiment had high attribution in the model allocation for FITB.US.
FITB.US,narrative,0.0,9,narrative had high attribution in the model allocation for FITB.US.
FITB.US,liquidity,0.0,10,liquidity had high attribution in the model allocation for FITB.US.
FITB.US,risk contribution,0.0,11,risk contribution had high attribution in the model allocation for FITB.US.
FITB.US,stress tests,0.0,12,stress tests had high attribution in the model allocation for FITB.US.
601818.SHG,liquidity,15210.565798858786,1,liquidity had high attribution in the model allocation for 601818.SHG.
601818.SHG,portfolio state,98.35025000000007,2,portfolio state had high attribution in the model allocation for 601818.SHG.
601818.SHG,fundamentals,0.3126434494945994,3,fundamentals had high attribution in the model allocation for 601818.SHG.
601818.SHG,narrative,0.2101885453455683,4,narrative had high attribution in the model allocation for 601818.SHG.
601818.SHG,regime,0.20031010164118007,5,regime had high attribution in the model allocation for 601818.SHG.
601818.SHG,dividend quality,0.1956489354003145,6,dividend quality had high attribution in the model allocation for 601818.SHG.
601818.SHG,temporal returns,0.005610177264357628,7,temporal returns had high attribution in the model allocation for 601818.SHG.
601818.SHG,distributional forecast,0.003685373088380411,8,distributional forecast had high attribution in the model allocation for 601818.SHG.
601818.SHG,volatility,0.0031380369479899273,9,volatility had high attribution in the model allocation for 601818.SHG.
601818.SHG,sentiment,0.0,10,sentiment had high attribution in the model allocation for 601818.SHG.
601818.SHG,risk contribution,0.0,11,risk contribution had high attribution in the model allocation for 601818.SHG.
601818.SHG,stress tests,0.0,12,stress tests had high attribution in the model allocation for 601818.SHG.
GD.US,portfolio state,0.0,1,portfolio state had high attribution in the model allocation for GD.US.
GD.US,temporal returns,0.0,2,temporal returns had high attribution in the model allocation for GD.US.
GD.US,volatility,0.0,3,volatility had high attribution in the model allocation for GD.US.
GD.US,fundamentals,0.0,4,fundamentals had high attribution in the model allocation for GD.US.
GD.US,dividend quality,0.0,5,dividend quality had high attribution in the model allocation for GD.US.
GD.US,distributional forecast,0.0,6,distributional forecast had high attribution in the model allocation for GD.US.
GD.US,regime,0.0,7,regime had high attribution in the model allocation for GD.US.
GD.US,sentiment,0.0,8,sentiment had high attribution in the model allocation for GD.US.
GD.US,narrative,0.0,9,narrative had high attribution in the model allocation for GD.US.
GD.US,liquidity,0.0,10,liquidity had high attribution in the model allocation for GD.US.
GD.US,risk contribution,0.0,11,risk contribution had high attribution in the model allocation for GD.US.
GD.US,stress tests,0.0,12,stress tests had high attribution in the model allocation for GD.US.
TTE.PA,portfolio state,0.0,1,portfolio state had high attribution in the model allocation for TTE.PA.
TTE.PA,temporal returns,0.0,2,temporal returns had high attribution in the model allocation for TTE.PA.
TTE.PA,volatility,0.0,3,volatility had high attribution in the model allocation for TTE.PA.
TTE.PA,fundamentals,0.0,4,fundamentals had high attribution in the model allocation for TTE.PA.
TTE.PA,dividend quality,0.0,5,dividend quality had high attribution in the model allocation for TTE.PA.
TTE.PA,distributional forecast,0.0,6,distributional forecast had high attribution in the model allocation for TTE.PA.
TTE.PA,regime,0.0,7,regime had high attribution in the model allocation for TTE.PA.
TTE.PA,sentiment,0.0,8,sentiment had high attribution in the model allocation for TTE.PA.
TTE.PA,narrative,0.0,9,narrative had high attribution in the model allocation for TTE.PA.
TTE.PA,liquidity,0.0,10,liquidity had high attribution in the model allocation for TTE.PA.
TTE.PA,risk contribution,0.0,11,risk contribution had high attribution in the model allocation for TTE.PA.
TTE.PA,stress tests,0.0,12,stress tests had high attribution in the model allocation for TTE.PA.
000538.SHE,liquidity,14461.628209700442,1,liquidity had high attribution in the model allocation for 000538.SHE.
000538.SHE,portfolio state,98.35025000000007,2,portfolio state had high attribution in the model allocation for 000538.SHE.
000538.SHE,fundamentals,0.3770316169627964,3,fundamentals had high attribution in the model allocation for 000538.SHE.
000538.SHE,narrative,0.20250003342458972,4,narrative had high attribution in the model allocation for 000538.SHE.
000538.SHE,regime,0.12606019715314895,5,regime had high attribution in the model allocation for 000538.SHE.
000538.SHE,dividend quality,0.12110183617019504,6,dividend quality had high attribution in the model allocation for 000538.SHE.
000538.SHE,temporal returns,0.005468456177540883,7,temporal returns had high attribution in the model allocation for 000538.SHE.
000538.SHE,distributional forecast,0.003227359953124176,8,distributional forecast had high attribution in the model allocation for 000538.SHE.
000538.SHE,volatility,0.0031146046568381,9,volatility had high attribution in the model allocation for 000538.SHE.
000538.SHE,sentiment,0.0,10,sentiment had high attribution in the model allocation for 000538.SHE.
000538.SHE,risk contribution,0.0,11,risk contribution had high attribution in the model allocation for 000538.SHE.
000538.SHE,stress tests,0.0,12,stress tests had high attribution in the model allocation for 000538.SHE.
ROP.SW,portfolio state,0.0,1,portfolio state had high attribution in the model allocation for ROP.SW.
ROP.SW,temporal returns,0.0,2,temporal returns had high attribution in the model allocation for ROP.SW.
ROP.SW,volatility,0.0,3,volatility had high attribution in the model allocation for ROP.SW.
ROP.SW,fundamentals,0.0,4,fundamentals had high attribution in the model allocation for ROP.SW.
ROP.SW,dividend quality,0.0,5,dividend quality had high attribution in the model allocation for ROP.SW.
ROP.SW,distributional forecast,0.0,6,distributional forecast had high attribution in the model allocation for ROP.SW.
ROP.SW,regime,0.0,7,regime had high attribution in the model allocation for ROP.SW.
ROP.SW,sentiment,0.0,8,sentiment had high attribution in the model allocation for ROP.SW.
ROP.SW,narrative,0.0,9,narrative had high attribution in the model allocation for ROP.SW.
ROP.SW,liquidity,0.0,10,liquidity had high attribution in the model allocation for ROP.SW.
ROP.SW,risk contribution,0.0,11,risk contribution had high attribution in the model allocation for ROP.SW.
ROP.SW,stress tests,0.0,12,stress tests had high attribution in the model allocation for ROP.SW.
BBVA.MC,portfolio state,0.0,1,portfolio state had high attribution in the model allocation for BBVA.MC.
BBVA.MC,temporal returns,0.0,2,temporal returns had high attribution in the model allocation for BBVA.MC.
BBVA.MC,volatility,0.0,3,volatility had high attribution in the model allocation for BBVA.MC.
BBVA.MC,fundamentals,0.0,4,fundamentals had high attribution in the model allocation for BBVA.MC.
BBVA.MC,dividend quality,0.0,5,dividend quality had high attribution in the model allocation for BBVA.MC.
BBVA.MC,distributional forecast,0.0,6,distributional forecast had high attribution in the model allocation for BBVA.MC.
BBVA.MC,regime,0.0,7,regime had high attribution in the model allocation for BBVA.MC.
BBVA.MC,sentiment,0.0,8,sentiment had high attribution in the model allocation for BBVA.MC.
BBVA.MC,narrative,0.0,9,narrative had high attribution in the model allocation for BBVA.MC.
BBVA.MC,liquidity,0.0,10,liquidity had high attribution in the model allocation for BBVA.MC.
BBVA.MC,risk contribution,0.0,11,risk contribution had high attribution in the model allocation for BBVA.MC.
BBVA.MC,stress tests,0.0,12,stress tests had high attribution in the model allocation for BBVA.MC.
GILD.US,portfolio state,0.0,1,portfolio state had high attribution in the model allocation for GILD.US.
GILD.US,temporal returns,0.0,2,temporal returns had high attribution in the model allocation for GILD.US.
GILD.US,volatility,0.0,3,volatility had high attribution in the model allocation for GILD.US.
GILD.US,fundamentals,0.0,4,fundamentals had high attribution in the model allocation for GILD.US.
GILD.US,dividend quality,0.0,5,dividend quality had high attribution in the model allocation for GILD.US.
GILD.US,distributional forecast,0.0,6,distributional forecast had high attribution in the model allocation for GILD.US.
GILD.US,regime,0.0,7,regime had high attribution in the model allocation for GILD.US.
GILD.US,sentiment,0.0,8,sentiment had high attribution in the model allocation for GILD.US.
GILD.US,narrative,0.0,9,narrative had high attribution in the model allocation for GILD.US.
GILD.US,liquidity,0.0,10,liquidity had high attribution in the model allocation for GILD.US.
GILD.US,risk contribution,0.0,11,risk contribution had high attribution in the model allocation for GILD.US.
GILD.US,stress tests,0.0,12,stress tests had high attribution in the model allocation for GILD.US.
USB.US,portfolio state,0.0,1,portfolio state had high attribution in the model allocation for USB.US.
USB.US,temporal returns,0.0,2,temporal returns had high attribution in the model allocation for USB.US.
USB.US,volatility,0.0,3,volatility had high attribution in the model allocation for USB.US.
USB.US,fundamentals,0.0,4,fundamentals had high attribution in the model allocation for USB.US.
USB.US,dividend quality,0.0,5,dividend quality had high attribution in the model allocation for USB.US.
USB.US,distributional forecast,0.0,6,distributional forecast had high attribution in the model allocation for USB.US.
USB.US,regime,0.0,7,regime had high attribution in the model allocation for USB.US.
USB.US,sentiment,0.0,8,sentiment had high attribution in the model allocation for USB.US.
USB.US,narrative,0.0,9,narrative had high attribution in the model allocation for USB.US.
USB.US,liquidity,0.0,10,liquidity had high attribution in the model allocation for USB.US.
USB.US,risk contribution,0.0,11,risk contribution had high attribution in the model allocation for USB.US.
USB.US,stress tests,0.0,12,stress tests had high attribution in the model allocation for USB.US.
601009.SHG,portfolio state,0.0,1,portfolio state had high attribution in the model allocation for 601009.SHG.
601009.SHG,temporal returns,0.0,2,temporal returns had high attribution in the model allocation for 601009.SHG.
601009.SHG,volatility,0.0,3,volatility had high attribution in the model allocation for 601009.SHG.
601009.SHG,fundamentals,0.0,4,fundamentals had high attribution in the model allocation for 601009.SHG.
601009.SHG,dividend quality,0.0,5,dividend quality had high attribution in the model allocation for 601009.SHG.
601009.SHG,distributional forecast,0.0,6,distributional forecast had high attribution in the model allocation for 601009.SHG.
601009.SHG,regime,0.0,7,regime had high attribution in the model allocation for 601009.SHG.
601009.SHG,sentiment,0.0,8,sentiment had high attribution in the model allocation for 601009.SHG.
601009.SHG,narrative,0.0,9,narrative had high attribution in the model allocation for 601009.SHG.
601009.SHG,liquidity,0.0,10,liquidity had high attribution in the model allocation for 601009.SHG.
601009.SHG,risk contribution,0.0,11,risk contribution had high attribution in the model allocation for 601009.SHG.
601009.SHG,stress tests,0.0,12,stress tests had high attribution in the model allocation for 601009.SHG.
EN.PA,portfolio state,0.0,1,portfolio state had high attribution in the model allocation for EN.PA.
EN.PA,temporal returns,0.0,2,temporal returns had high attribution in the model allocation for EN.PA.
EN.PA,volatility,0.0,3,volatility had high attribution in the model allocation for EN.PA.
EN.PA,fundamentals,0.0,4,fundamentals had high attribution in the model allocation for EN.PA.
EN.PA,dividend quality,0.0,5,dividend quality had high attribution in the model allocation for EN.PA.
EN.PA,distributional forecast,0.0,6,distributional forecast had high attribution in the model allocation for EN.PA.
EN.PA,regime,0.0,7,regime had high attribution in the model allocation for EN.PA.
EN.PA,sentiment,0.0,8,sentiment had high attribution in the model allocation for EN.PA.
EN.PA,narrative,0.0,9,narrative had high attribution in the model allocation for EN.PA.
EN.PA,liquidity,0.0,10,liquidity had high attribution in the model allocation for EN.PA.
EN.PA,risk contribution,0.0,11,risk contribution had high attribution in the model allocation for EN.PA.
EN.PA,stress tests,0.0,12,stress tests had high attribution in the model allocation for EN.PA.
TSCO.LSE,portfolio state,0.0,1,portfolio state had high attribution in the model allocation for TSCO.LSE.
TSCO.LSE,temporal returns,0.0,2,temporal returns had high attribution in the model allocation for TSCO.LSE.
TSCO.LSE,volatility,0.0,3,volatility had high attribution in the model allocation for TSCO.LSE.
TSCO.LSE,fundamentals,0.0,4,fundamentals had high attribution in the model allocation for TSCO.LSE.
TSCO.LSE,dividend quality,0.0,5,dividend quality had high attribution in the model allocation for TSCO.LSE.
TSCO.LSE,distributional forecast,0.0,6,distributional forecast had high attribution in the model allocation for TSCO.LSE.
TSCO.LSE,regime,0.0,7,regime had high attribution in the model allocation for TSCO.LSE.
TSCO.LSE,sentiment,0.0,8,sentiment had high attribution in the model allocation for TSCO.LSE.
TSCO.LSE,narrative,0.0,9,narrative had high attribution in the model allocation for TSCO.LSE.
TSCO.LSE,liquidity,0.0,10,liquidity had high attribution in the model allocation for TSCO.LSE.
TSCO.LSE,risk contribution,0.0,11,risk contribution had high attribution in the model allocation for TSCO.LSE.
TSCO.LSE,stress tests,0.0,12,stress tests had high attribution in the model allocation for TSCO.LSE.
NOC.US,portfolio state,0.0,1,portfolio state had high attribution in the model allocation for NOC.US.
NOC.US,temporal returns,0.0,2,temporal returns had high attribution in the model allocation for NOC.US.
NOC.US,volatility,0.0,3,volatility had high attribution in the model allocation for NOC.US.
NOC.US,fundamentals,0.0,4,fundamentals had high attribution in the model allocation for NOC.US.
NOC.US,dividend quality,0.0,5,dividend quality had high attribution in the model allocation for NOC.US.
NOC.US,distributional forecast,0.0,6,distributional forecast had high attribution in the model allocation for NOC.US.
NOC.US,regime,0.0,7,regime had high attribution in the model allocation for NOC.US.
NOC.US,sentiment,0.0,8,sentiment had high attribution in the model allocation for NOC.US.
NOC.US,narrative,0.0,9,narrative had high attribution in the model allocation for NOC.US.
NOC.US,liquidity,0.0,10,liquidity had high attribution in the model allocation for NOC.US.
NOC.US,risk contribution,0.0,11,risk contribution had high attribution in the model allocation for NOC.US.
NOC.US,stress tests,0.0,12,stress tests had high attribution in the model allocation for NOC.US.
601998.SHG,portfolio state,0.0,1,portfolio state had high attribution in the model allocation for 601998.SHG.
601998.SHG,temporal returns,0.0,2,temporal returns had high attribution in the model allocation for 601998.SHG.
601998.SHG,volatility,0.0,3,volatility had high attribution in the model allocation for 601998.SHG.
601998.SHG,fundamentals,0.0,4,fundamentals had high attribution in the model allocation for 601998.SHG.
601998.SHG,dividend quality,0.0,5,dividend quality had high attribution in the model allocation for 601998.SHG.
601998.SHG,distributional forecast,0.0,6,distributional forecast had high attribution in the model allocation for 601998.SHG.
601998.SHG,regime,0.0,7,regime had high attribution in the model allocation for 601998.SHG.
601998.SHG,sentiment,0.0,8,sentiment had high attribution in the model allocation for 601998.SHG.
601998.SHG,narrative,0.0,9,narrative had high attribution in the model allocation for 601998.SHG.
601998.SHG,liquidity,0.0,10,liquidity had high attribution in the model allocation for 601998.SHG.
601998.SHG,risk contribution,0.0,11,risk contribution had high attribution in the model allocation for 601998.SHG.
601998.SHG,stress tests,0.0,12,stress tests had high attribution in the model allocation for 601998.SHG.
AZN.LSE,portfolio state,0.0,1,portfolio state had high attribution in the model allocation for AZN.LSE.
AZN.LSE,temporal returns,0.0,2,temporal returns had high attribution in the model allocation for AZN.LSE.
AZN.LSE,volatility,0.0,3,volatility had high attribution in the model allocation for AZN.LSE.
AZN.LSE,fundamentals,0.0,4,fundamentals had high attribution in the model allocation for AZN.LSE.
AZN.LSE,dividend quality,0.0,5,dividend quality had high attribution in the model allocation for AZN.LSE.
AZN.LSE,distributional forecast,0.0,6,distributional forecast had high attribution in the model allocation for AZN.LSE.
AZN.LSE,regime,0.0,7,regime had high attribution in the model allocation for AZN.LSE.
AZN.LSE,sentiment,0.0,8,sentiment had high attribution in the model allocation for AZN.LSE.
AZN.LSE,narrative,0.0,9,narrative had high attribution in the model allocation for AZN.LSE.
AZN.LSE,liquidity,0.0,10,liquidity had high attribution in the model allocation for AZN.LSE.
AZN.LSE,risk contribution,0.0,11,risk contribution had high attribution in the model allocation for AZN.LSE.
AZN.LSE,stress tests,0.0,12,stress tests had high attribution in the model allocation for AZN.LSE.
OR.PA,portfolio state,0.0,1,portfolio state had high attribution in the model allocation for OR.PA.
OR.PA,temporal returns,0.0,2,temporal returns had high attribution in the model allocation for OR.PA.
OR.PA,volatility,0.0,3,volatility had high attribution in the model allocation for OR.PA.
OR.PA,fundamentals,0.0,4,fundamentals had high attribution in the model allocation for OR.PA.
OR.PA,dividend quality,0.0,5,dividend quality had high attribution in the model allocation for OR.PA.
OR.PA,distributional forecast,0.0,6,distributional forecast had high attribution in the model allocation for OR.PA.
OR.PA,regime,0.0,7,regime had high attribution in the model allocation for OR.PA.
OR.PA,sentiment,0.0,8,sentiment had high attribution in the model allocation for OR.PA.
OR.PA,narrative,0.0,9,narrative had high attribution in the model allocation for OR.PA.
OR.PA,liquidity,0.0,10,liquidity had high attribution in the model allocation for OR.PA.
OR.PA,risk contribution,0.0,11,risk contribution had high attribution in the model allocation for OR.PA.
OR.PA,stress tests,0.0,12,stress tests had high attribution in the model allocation for OR.PA.
ESSITY-B.ST,liquidity,11501.541547788882,1,liquidity had high attribution in the model allocation for ESSITY-B.ST.
ESSITY-B.ST,portfolio state,98.35025000000007,2,portfolio state had high attribution in the model allocation for ESSITY-B.ST.
ESSITY-B.ST,fundamentals,0.32029442480820414,3,fundamentals had high attribution in the model allocation for ESSITY-B.ST.
ESSITY-B.ST,narrative,0.2101885453455683,4,narrative had high attribution in the model allocation for ESSITY-B.ST.
ESSITY-B.ST,dividend quality,0.14822954519636253,5,dividend quality had high attribution in the model allocation for ESSITY-B.ST.
ESSITY-B.ST,regime,0.12573873650346304,6,regime had high attribution in the model allocation for ESSITY-B.ST.
ESSITY-B.ST,temporal returns,0.004970264809153417,7,temporal returns had high attribution in the model allocation for ESSITY-B.ST.
ESSITY-B.ST,distributional forecast,0.003954461989456667,8,distributional forecast had high attribution in the model allocation for ESSITY-B.ST.
ESSITY-B.ST,volatility,0.0032742690613805523,9,volatility had high attribution in the model allocation for ESSITY-B.ST.
ESSITY-B.ST,sentiment,0.0,10,sentiment had high attribution in the model allocation for ESSITY-B.ST.
ESSITY-B.ST,risk contribution,0.0,11,risk contribution had high attribution in the model allocation for ESSITY-B.ST.
ESSITY-B.ST,stress tests,0.0,12,stress tests had high attribution in the model allocation for ESSITY-B.ST.
ELE.MC,liquidity,11323.223074179754,1,liquidity had high attribution in the model allocation for ELE.MC.
ELE.MC,portfolio state,98.35025000000007,2,portfolio state had high attribution in the model allocation for ELE.MC.
ELE.MC,fundamentals,0.29607082646305916,3,fundamentals had high attribution in the model allocation for ELE.MC.
ELE.MC,narrative,0.20271562144513802,4,narrative had high attribution in the model allocation for ELE.MC.
ELE.MC,dividend quality,0.13554992781025568,5,dividend quality had high attribution in the model allocation for ELE.MC.
ELE.MC,regime,0.12631436025427425,6,regime had high attribution in the model allocation for ELE.MC.
ELE.MC,temporal returns,0.004609478967417758,7,temporal returns had high attribution in the model allocation for ELE.MC.
ELE.MC,distributional forecast,0.004116189019369344,8,distributional forecast had high attribution in the model allocation for ELE.MC.
ELE.MC,volatility,0.0033985295031663124,9,volatility had high attribution in the model allocation for ELE.MC.
ELE.MC,sentiment,0.0,10,sentiment had high attribution in the model allocation for ELE.MC.
ELE.MC,risk contribution,0.0,11,risk contribution had high attribution in the model allocation for ELE.MC.
ELE.MC,stress tests,0.0,12,stress tests had high attribution in the model allocation for ELE.MC.
600018.SHG,liquidity,11876.010342368056,1,liquidity had high attribution in the model allocation for 600018.SHG.
600018.SHG,portfolio state,98.35025000000007,2,portfolio state had high attribution in the model allocation for 600018.SHG.
600018.SHG,fundamentals,0.32144378642404714,3,fundamentals had high attribution in the model allocation for 600018.SHG.
600018.SHG,narrative,0.22556556918752543,4,narrative had high attribution in the model allocation for 600018.SHG.
600018.SHG,dividend quality,0.11765403531561178,5,dividend quality had high attribution in the model allocation for 600018.SHG.
600018.SHG,regime,0.11272241940397348,6,regime had high attribution in the model allocation for 600018.SHG.
600018.SHG,temporal returns,0.005061874688594259,7,temporal returns had high attribution in the model allocation for 600018.SHG.
600018.SHG,distributional forecast,0.0032135517913842674,8,distributional forecast had high attribution in the model allocation for 600018.SHG.
600018.SHG,volatility,0.003112929470051888,9,volatility had high attribution in the model allocation for 600018.SHG.
600018.SHG,sentiment,0.0,10,sentiment had high attribution in the model allocation for 600018.SHG.
600018.SHG,risk contribution,0.0,11,risk contribution had high attribution in the model allocation for 600018.SHG.
600018.SHG,stress tests,0.0,12,stress tests had high attribution in the model allocation for 600018.SHG.
0002.HK,portfolio state,0.0,1,portfolio state had high attribution in the model allocation for 0002.HK.
0002.HK,temporal returns,0.0,2,temporal returns had high attribution in the model allocation for 0002.HK.
0002.HK,volatility,0.0,3,volatility had high attribution in the model allocation for 0002.HK.
0002.HK,fundamentals,0.0,4,fundamentals had high attribution in the model allocation for 0002.HK.
0002.HK,dividend quality,0.0,5,dividend quality had high attribution in the model allocation for 0002.HK.
0002.HK,distributional forecast,0.0,6,distributional forecast had high attribution in the model allocation for 0002.HK.
0002.HK,regime,0.0,7,regime had high attribution in the model allocation for 0002.HK.
0002.HK,sentiment,0.0,8,sentiment had high attribution in the model allocation for 0002.HK.
0002.HK,narrative,0.0,9,narrative had high attribution in the model allocation for 0002.HK.
0002.HK,liquidity,0.0,10,liquidity had high attribution in the model allocation for 0002.HK.
0002.HK,risk contribution,0.0,11,risk contribution had high attribution in the model allocation for 0002.HK.
0002.HK,stress tests,0.0,12,stress tests had high attribution in the model allocation for 0002.HK.
NESN.SW,portfolio state,0.0,1,portfolio state had high attribution in the model allocation for NESN.SW.
NESN.SW,temporal returns,0.0,2,temporal returns had high attribution in the model allocation for NESN.SW.
NESN.SW,volatility,0.0,3,volatility had high attribution in the model allocation for NESN.SW.
NESN.SW,fundamentals,0.0,4,fundamentals had high attribution in the model allocation for NESN.SW.
NESN.SW,dividend quality,0.0,5,dividend quality had high attribution in the model allocation for NESN.SW.
NESN.SW,distributional forecast,0.0,6,distributional forecast had high attribution in the model allocation for NESN.SW.
NESN.SW,regime,0.0,7,regime had high attribution in the model allocation for NESN.SW.
NESN.SW,sentiment,0.0,8,sentiment had high attribution in the model allocation for NESN.SW.
NESN.SW,narrative,0.0,9,narrative had high attribution in the model allocation for NESN.SW.
NESN.SW,liquidity,0.0,10,liquidity had high attribution in the model allocation for NESN.SW.
NESN.SW,risk contribution,0.0,11,risk contribution had high attribution in the model allocation for NESN.SW.
NESN.SW,stress tests,0.0,12,stress tests had high attribution in the model allocation for NESN.SW.
