security_id,ticker,issuer_id,company_name,country,region,sector,currency,industry,current_weight,current_market_value_usd,final_recommendation,final_recommendation_score,scorecard_score,portfolio_fit_score,regime_suitability_score,sentiment_alt_data_score,narrative_reframing_score,expected_total_return_12m,expected_dividend_return_12m,expected_volatility_12m,p5_return_12m,p50_return_12m,p95_return_12m,var_5_12m,cvar_5_12m,expected_shortfall_5_12m,dividend_cut_probability,large_drawdown_probability_12m,tail_risk_score,skewness_risk_score,forecast_uncertainty_score,liquidity_score,average_daily_value_usd,liquidity_observation_count,market_cap_usd,dividend_yield,free_cash_flow_yield,balance_sheet_strength_score,cashflow_quality_score,dividend_safety_score,regime_review_required_flag,regime_exclusion_flag,reframing_review_required_flag,reframing_exclusion_flag,alt_data_review_required_flag,alt_data_exclusion_flag,price_data_quality_score,price_data_exclusion_flag,sector_data_source,liquidity_data_source,market_cap_data_source,fundamentals_data_source,is_synthetic_data,is_synthetic_fundamentals,instrument_type,listing_status,risk_management_flags,target_weight,portfolio_method,eligible_for_optimisation,fallback_eligibility_used,optimisation_feasible,optimisation_status,eligible_security_count,candidate_security_count,unconstrained_turnover,projected_turnover,turnover_constraint_applied,no_trade_band_applied,retention_eligible,turnover_constraint_skipped_for_hard_exit,turnover_constraint_skipped_for_infeasible_current,baseline_weight,eligible_for_drl,accepted_target_weight,acceptance_selected_weights_source,raw_drl_weight,projected_drl_weight,selected_weight,selected_weights_source
000333.SHE,000333.SHE,NAME:mideagroupcoltd,Midea Group Co Ltd,China,Mainland China,Consumer Discretionary,CNY,"Furnishings, Fixtures & Appliances",0.0,0.0,Hold,71.40586758194387,71.40586758194387,91.53531397386956,71.23198834071337,74.32916666666668,85.54950311424149,0.35,0.0504,0.1915301483543236,-0.1378542493842931,0.35,0.7706931082049648,0.0047392303358715,-0.0622963215881416,-0.0622963215881416,0.2501642942489318,0.2702724814172771,8.899474512591667,44.65567139232062,32.19595488278628,87.38417676407698,427706026.9678665,60,94144678368.21568,0.0504,0.0665038546665923,94.77432546976944,63.39903187461339,66.60926512986634,False,False,True,False,False,False,100.0,False,yahoo_finance,observed_price_volume_fx,yahoo_finance,"bloomberg_database_as_of,eastmoney_china_financials,yahoo_finance_timeseries",False,False,Equity,Active,narrative_review;,0.047500000000000014,constrained_regime_gated_drl,True,False,True,optimal,143,140,0.95,0.95,False,False,True,True,True,0.049999999999999996,True,0.049999999999999996,baseline_optimiser,0.047500000000000014,0.047500000000000014,0.049999999999999996,baseline_optimiser
ALV.XETRA,ALV.XETRA,NAME:allianzsevnaon,Allianz SE VNA O.N.,Germany,DACH,Financials,EUR,Insurance - Diversified,0.0,0.0,Hold,70.44968496151667,70.44968496151667,79.36413806768674,80.67579392605944,82.20416666666668,86.71868425443364,0.35,0.0392,0.1877687089703354,-0.1281566215539368,0.35,0.7621295888882553,0.0114769073100308,-0.0542421408295866,-0.0542421408295866,0.2419411501925446,0.275480545374204,7.748877261369515,44.8138171689298,31.54883939150921,81.11190306486101,292144519.087274,60,188344719773.0716,0.0392,0.1896376699093648,42.50712758374911,86.35334186323452,70.885121430122,False,False,True,False,False,False,100.0,False,yahoo_finance,yahoo_finance_3m_average_volume,yahoo_finance,"bloomberg_database_as_of,yahoo_finance_timeseries",False,False,Equity,Active,narrative_review;,0.047500000000000014,constrained_regime_gated_drl,True,False,True,optimal,143,140,0.95,0.95,False,False,True,True,True,0.049999999999999996,True,0.049999999999999996,baseline_optimiser,0.047500000000000014,0.047500000000000014,0.049999999999999996,baseline_optimiser
HIG.US,HIG.US,NAME:hartfordfinancialservicesgroup,Hartford Financial Services Group,United States,US,Financials,USD,Insurance - Diversified,0.0,0.0,Hold,69.36066289659607,69.36066289659607,82.32430506058446,77.59616236052904,50.4375,86.28947834408092,0.35,0.0167,0.192877136656884,-0.1487126425950238,0.35,0.776329460372317,0.0016278274819715,-0.0658791703479378,-0.0658791703479378,0.2936078168592113,0.274576393070455,9.411310049705412,47.49154318516387,32.78047485696234,78.40342124019958,258442551.06,60,39614644224.0,0.0167,0.1452240733873516,42.50712758374911,84.30154185623391,68.04279766179056,False,False,True,False,False,False,100.0,False,yahoo_finance,yahoo_finance_3m_average_volume,yahoo_finance,"bloomberg_database_as_of,finnhub_reported,yahoo_finance_timeseries",False,False,Equity,Active,narrative_review;,0.047500000000000014,constrained_regime_gated_drl,True,False,True,optimal,143,140,0.95,0.95,False,False,True,True,True,0.049999999999999996,True,0.049999999999999996,baseline_optimiser,0.047500000000000014,0.047500000000000014,0.049999999999999996,baseline_optimiser
HNR1.XETRA,HNR1.XETRA,NAME:hannoverrckse,Hannover Rück SE,Germany,DACH,Financials,EUR,Insurance - Reinsurance,0.0,0.0,Hold,68.21668181964769,68.21668181964769,81.77041034138594,74.01223893294907,56.77083333333333,84.07541813822725,0.35,0.0501999999999999,0.2046379744159414,-0.1803559527867497,0.35,0.8026047885442332,-0.0197973753310371,-0.0914206663766166,-0.0914206663766166,0.2513855946369891,0.2991376210829424,13.06009519665952,48.0520267592543,34.832922483441784,49.67925873129009,47025647.69141386,60,34428456928.03682,0.0501999999999999,0.190660022850229,42.50712758374911,83.85728587730242,78.57483193753703,False,False,True,False,False,False,100.0,False,yahoo_finance,yahoo_finance_3m_average_volume,yahoo_finance,"bloomberg_database_as_of,yahoo_finance_timeseries",False,False,Equity,Active,narrative_review;,0.0,constrained_regime_gated_drl,True,False,True,optimal,143,140,0.95,0.95,False,False,True,True,True,0.0,True,0.0,baseline_optimiser,0.0,0.0,0.0,baseline_optimiser
1398.HK,1398.HK,NAME:industrialandcommercialbankofchina,Industrial and Commercial Bank of China,Hong Kong,Hong Kong,Financials,HKD,Banks - Diversified,0.0,0.0,Hold,66.44143676231792,66.44143676231792,92.47455172064686,84.5982036355734,56.77083333333333,81.44223886264008,0.35,0.0486,0.2041449313806655,-0.1754597261659215,0.35,0.8004995249397531,-0.0184976146042748,-0.0899483405875078,-0.0899483405875078,0.2513855946369891,0.2860649501857284,12.849762941072544,46.54364165572961,34.584812507089616,71.56094084105489,163330853.2496424,60,324459788835.064,0.0486,0.8469092837197859,42.50712758374911,94.1609955444621,81.86799653947558,False,False,True,False,False,False,100.0,False,yahoo_finance,observed_price_volume_fx,yahoo_finance,"bloomberg_database_as_of,yahoo_finance_timeseries",False,False,Equity,Active,narrative_review;,0.0,constrained_regime_gated_drl,True,False,True,optimal,143,140,0.95,0.95,False,False,True,True,True,0.0,True,0.0,baseline_optimiser,0.0,0.0,0.0,baseline_optimiser
AD.AS,AD.AS,NAME:koninklijkeaholddelhaizenv,Koninklijke Ahold Delhaize NV,Netherlands,EU ex-DACH,Consumer Staples,EUR,Grocery Stores,0.0,0.0,Hold,65.87109137315406,65.87109137315406,68.30013331254234,74.5911802487548,82.20416666666668,86.28947834408092,0.35,0.0424,0.2074894153793908,-0.1847026491474016,0.35,0.8079459654637821,-0.0246403610172,-0.0972616563999868,-0.0972616563999868,0.2331496387897098,0.2975260158839033,13.894522342855268,46.884136229127066,35.17622911290259,61.79615110477548,94561549.74311069,60,33767453676.763763,0.0424,0.1512573786572916,48.816613540330586,70.23098987484578,72.83662740862027,False,False,True,False,False,False,100.0,False,yahoo_finance,yahoo_finance_3m_average_volume,yahoo_finance,"bloomberg_database_as_of,yahoo_finance_timeseries",False,False,Equity,Active,narrative_review;,0.047500000000000014,constrained_regime_gated_drl,True,False,True,optimal,143,140,0.95,0.95,False,False,True,True,True,0.049999999999999996,True,0.049999999999999996,baseline_optimiser,0.047500000000000014,0.047500000000000014,0.049999999999999996,baseline_optimiser
601398.SHG,601398.SHG,NAME:industrialandcommercialbankofchinaltd,Industrial and Commercial Bank of China Ltd,China,Mainland China,Financials,CNY,Banks - Diversified,0.0,0.0,Hold,64.92772628401909,64.92772628401909,90.19290220448892,87.76253558003042,36.35416666666667,81.00001336983581,0.35,0.0409999999999999,0.1877645626588777,-0.1301093769737614,0.35,0.7628283001242551,0.0113059788559624,-0.0544116180746447,-0.0544116180746447,0.2549411501925446,0.2761206310282359,7.773088296377819,45.58767320593347,31.642798721324056,88.8096935138988,455500068.8520872,60,396674250329.9042,0.0409999999999999,0.692729631756139,42.50712758374911,92.68947721794964,76.83705817896889,False,False,True,False,False,False,100.0,False,yahoo_finance,observed_price_volume_fx,yahoo_finance,"bloomberg_database_as_of,eastmoney_china_financials,yahoo_finance_timeseries",False,False,Equity,Active,narrative_review;,0.0,constrained_regime_gated_drl,True,False,True,optimal,143,140,0.95,0.95,False,False,True,True,True,0.0,True,0.0,baseline_optimiser,0.0,0.0,0.0,baseline_optimiser
600036.SHG,600036.SHG,NAME:chinamerchantsbankcoltd,China Merchants Bank Co Ltd,China,Mainland China,Financials,CNY,Banks - Regional,0.0,0.0,Hold,64.90018227828114,64.90018227828114,95.90405687305628,87.3262572039032,48.77083333333333,86.71868425443364,0.35,0.1031,0.1694032552025628,-0.0846298598009072,0.35,0.7225347977557612,0.0442161262450512,-0.0150750130758457,-0.0150750130758457,0.2869411501925447,0.2701731170347259,2.153573296549389,46.62449851437463,28.60328268041995,90.52031361368496,520194234.70064,60,144633145484.21426,0.1031,0.4341955924667797,42.50712758374911,88.6196429069224,75.69237115787838,False,False,True,False,True,False,100.0,False,yahoo_finance,observed_price_volume_fx,yahoo_finance,"bloomberg_database_as_of,eastmoney_china_financials,yahoo_finance_timeseries",False,False,Equity,Active,alt_data_review;narrative_review;,0.047500000000000014,constrained_regime_gated_drl,True,False,True,optimal,143,140,0.95,0.95,False,False,True,True,True,0.049999999999999996,True,0.049999999999999996,baseline_optimiser,0.047500000000000014,0.047500000000000014,0.049999999999999996,baseline_optimiser
T.US,T.US,NAME:attinc,AT&T Inc.,United States,US,Communication Services,USD,Telecom Services,0.0,0.0,Hold,64.0,64.0,89.54151817533857,82.69438933487615,28.77083333333333,73.98492652868289,0.35,0.0481,0.2478356658937052,-0.316648148754539,0.35,0.908089776634864,-0.1000494975388396,-0.1867919806016365,-0.1867919806016365,0.298998043429201,0.3320257809709653,26.684568657376644,54.41056168129913,43.40071726552859,98.5744832501782,1516564935.03,60,162470068224.0,0.0481,0.1196651187047882,42.92136174143506,81.55696063186905,68.59836724739077,False,False,True,False,False,False,100.0,False,yahoo_finance,yahoo_finance_3m_average_volume,yahoo_finance,"finnhub_reported,yahoo_finance_timeseries",False,False,Equity,Active,narrative_review;ml_drawdown_risk;ml_downside_tail_risk;ml_asymmetric_downside;ml_downside_skew;,0.0,constrained_regime_gated_drl,True,False,True,optimal,143,140,0.95,0.95,False,False,True,True,True,0.0,True,0.0,baseline_optimiser,0.0,0.0,0.0,baseline_optimiser
601919.SHG,601919.SHG,NAME:coscoshippingholdingscoltd,COSCO SHIPPING Holdings Co Ltd,China,Mainland China,Industrials,CNY,Marine Shipping,0.0,0.0,Hold,64.0,64.0,88.91922852003431,68.59392237647492,61.10416666666667,86.28947834408092,0.35,0.0573,0.2328656748908922,-0.2715277906411784,0.35,0.8727053729499564,-0.0723164915290097,-0.153819477740822,-0.153819477740822,0.3271554240267095,0.3056535351166865,21.974211105831717,52.88377688413279,40.54789109520773,74.12687099073413,197078761.48005372,60,34751496596.90198,0.0573,0.0876412587800347,85.65099859047102,55.01531406074479,58.6748255660204,False,False,True,False,False,False,100.0,False,yahoo_finance,observed_price_volume_fx,yahoo_finance,"bloomberg_database_as_of,eastmoney_china_financials,yahoo_finance_timeseries",False,False,Equity,Active,narrative_review;ml_drawdown_risk;ml_downside_tail_risk;ml_asymmetric_downside;,0.0,constrained_regime_gated_drl,True,False,True,optimal,143,140,0.95,0.95,False,False,True,True,True,0.0,True,0.0,baseline_optimiser,0.0,0.0,0.0,baseline_optimiser
002142.SHE,002142.SHE,NAME:bankofningbocoltd,Bank of Ningbo Co Ltd,China,Mainland China,Financials,CNY,Banks - Regional,0.0,0.0,Hold,64.0,64.0,88.54072829144545,83.23127957967218,52.77083333333333,73.98492652868289,0.35,0.0378,0.2201130935175102,-0.2276577067036005,0.35,0.8401235936948788,-0.0483069381046988,-0.1253465208358274,-0.1253465208358274,0.2869411501925447,0.2990541282739036,17.906645833689634,49.95692288812592,37.83868643185713,70.49180327868852,154275204.48733258,60,30726177661.10914,0.0378,1.1205151599185366,42.50712758374911,88.52071674496327,78.30869616185737,False,False,True,False,False,False,100.0,False,yahoo_finance,observed_price_volume_fx,yahoo_finance,"bloomberg_database_as_of,eastmoney_china_financials,yahoo_finance_timeseries",False,False,Equity,Active,narrative_review;ml_downside_tail_risk;ml_asymmetric_downside;,0.0,constrained_regime_gated_drl,True,False,True,optimal,143,140,0.95,0.95,False,False,True,True,True,0.0,True,0.0,baseline_optimiser,0.0,0.0,0.0,baseline_optimiser
600406.SHG,600406.SHG,NAME:naritechnologycoltd,NARI Technology Co Ltd,China,Mainland China,Industrials,CNY,Specialty Industrial Machinery,0.0,0.0,Hold,64.0,64.0,77.13465973885113,62.55089534455399,82.20416666666668,81.00001336983581,0.35,0.0256999999999999,0.2744782424103692,-0.3792555376813878,0.35,0.9658506902515804,-0.1473416516303218,-0.2434090364739511,-0.2434090364739511,0.2269554053600428,0.3404957491882848,34.77271949627873,51.50864673341979,47.666177294264045,77.4768353528154,242736465.60805893,60,28633967789.99645,0.0256999999999999,0.0552200619720515,98.6682467434414,64.18794685493985,57.92466381918187,False,False,True,False,False,False,100.0,False,yahoo_finance,observed_price_volume_fx,yahoo_finance,"bloomberg_database_as_of,eastmoney_china_financials,yahoo_finance_timeseries",False,False,Equity,Active,narrative_review;ml_drawdown_risk;ml_downside_tail_risk;ml_asymmetric_downside;,0.0,constrained_regime_gated_drl,True,False,True,optimal,143,140,0.95,0.95,False,False,True,True,True,0.0,True,0.0,baseline_optimiser,0.0,0.0,0.0,baseline_optimiser
PGR.US,PGR.US,NAME:progressivecorp,Progressive Corp,United States,US,Financials,USD,Insurance - Property & Casualty,0.0,0.0,Hold,64.0,64.0,92.71543121881682,83.67661724649037,52.60416666666667,81.00001336983581,0.35,0.0653,0.256844301390435,-0.3413047619589102,0.35,0.9293789052139698,-0.1162450603646983,-0.2061405658513506,-0.2061405658513506,0.3199900390814336,0.3189924911839871,29.44865226447866,54.03705877946032,45.02888449001105,93.9415538132573,708739067.04,60,125192593408.0,0.0653,0.1373883193228977,42.50712758374911,81.17502692888954,72.88116077146114,False,False,True,False,False,False,100.0,False,yahoo_finance,yahoo_finance_3m_average_volume,yahoo_finance,"bloomberg_database_as_of,finnhub_reported,yahoo_finance_timeseries",False,False,Equity,Active,narrative_review;ml_drawdown_risk;ml_downside_tail_risk;ml_asymmetric_downside;ml_downside_skew;,0.0,constrained_regime_gated_drl,True,False,True,optimal,143,140,0.95,0.95,False,False,True,True,True,0.0,True,0.0,baseline_optimiser,0.0,0.0,0.0,baseline_optimiser
2318.HK,2318.HK,NAME:pinganinsurance,Ping An Insurance,Hong Kong,Hong Kong,Financials,HKD,Insurance - Life,0.0,0.0,Hold,64.0,64.0,88.2922637662634,86.03845212375646,52.77083333333333,85.54950311424149,0.35,0.0533,0.2761560905405868,-0.3978973716475736,0.35,0.9747856304121624,-0.151783679286105,-0.2484383109753104,-0.2484383109753104,0.2869411501925447,0.3437823024571905,35.491187282187205,55.11786606312055,48.64340822029311,77.90449037776193,249761401.5069037,60,131507367459.25974,0.0533,0.7335620704865862,42.50712758374911,92.57846794956195,81.1871465830981,False,False,True,False,False,False,100.0,False,yahoo_finance,observed_price_volume_fx,yahoo_finance,"bloomberg_database_as_of,yahoo_finance_timeseries",False,False,Equity,Active,narrative_review;ml_drawdown_risk;ml_downside_tail_risk;ml_asymmetric_downside;ml_downside_skew;,0.0,constrained_regime_gated_drl,True,False,True,optimal,143,140,0.95,0.95,False,False,True,True,True,0.0,True,0.0,baseline_optimiser,0.0,0.0,0.0,baseline_optimiser
0939.HK,0939.HK,NAME:chinaconstructionbankcorp,China Construction Bank Corp,Hong Kong,Hong Kong,Financials,HKD,Banks - Diversified,0.0,0.0,Hold,64.0,64.0,92.13919890525128,86.84711034227146,42.77083333333333,81.08624857805513,0.35,0.0495,0.2154921834252409,-0.2095554840686494,0.35,0.8276744608078184,-0.0393699956132266,-0.1147922598120609,-0.1147922598120609,0.2673855946369891,0.2907738830044636,16.39889425886585,47.94851851942983,36.75604604357334,80.4704205274412,283347912.7372569,60,292648429897.1778,0.0495,1.0532236461632354,42.50712758374911,90.32773978407292,80.15781653641561,False,False,True,False,False,False,100.0,False,yahoo_finance,observed_price_volume_fx,yahoo_finance,"bloomberg_database_as_of,yahoo_finance_timeseries",False,False,Equity,Active,narrative_review;ml_downside_tail_risk;ml_asymmetric_downside;,0.0,constrained_regime_gated_drl,True,False,True,optimal,143,140,0.95,0.95,False,False,True,True,True,0.0,True,0.0,baseline_optimiser,0.0,0.0,0.0,baseline_optimiser
VZ.US,VZ.US,NAME:verizoncommunicationsinc,Verizon Communications Inc,United States,US,Communication Services,USD,Telecom Services,0.0,0.0,Hold,64.0,64.0,94.0090876692801,78.72287488658529,56.60416666666667,83.2973760420765,0.35,0.0608999999999999,0.2484263451539357,-0.3155358868684863,0.35,0.9093315664513096,-0.1006114422604904,-0.1875606630643679,-0.1875606630643679,0.3358170749403639,0.3035937664052945,26.794380437766858,53.11250785124589,43.405307312891736,97.93300071275836,1305861263.05,60,195232890880.0,0.0608999999999999,0.1007821986926058,33.09853123729418,78.18525330661437,61.9350238588314,False,False,True,False,False,False,100.0,False,yahoo_finance,yahoo_finance_3m_average_volume,yahoo_finance,"bloomberg_database_as_of,finnhub_reported,yahoo_finance_timeseries",False,False,Equity,Active,narrative_review;ml_drawdown_risk;ml_downside_tail_risk;ml_asymmetric_downside;,0.0,constrained_regime_gated_drl,True,False,True,optimal,143,140,0.95,0.95,False,False,True,True,True,0.0,True,0.0,baseline_optimiser,0.0,0.0,0.0,baseline_optimiser
VLO.US,VLO.US,NAME:valeroenergycorporation,Valero Energy Corporation,United States,US,Energy,USD,Oil & Gas Refining & Marketing,0.0,0.0,Hold,64.0,64.0,75.72968638631504,69.93481848502114,53.35416666666667,81.08624857805513,0.35,0.0159,0.356303959688607,-0.625509130749648,0.35,1.1651220748019089,-0.2973879879184573,-0.4220943738094698,-0.4220943738094698,0.2755109609155984,0.3484329729227183,60.29919625849569,55.03901015576895,63.45412930220685,96.00855310049892,915270677.05,60,87239139328.0,0.0159,0.0576576068808783,69.23928866833991,55.85957079582832,61.7830166673143,False,False,True,False,False,False,100.0,False,yahoo_finance,yahoo_finance_3m_average_volume,yahoo_finance,"bloomberg_database_as_of,finnhub_reported,yahoo_finance_timeseries",False,False,Equity,Active,narrative_review;ml_drawdown_risk;ml_downside_tail_risk;ml_asymmetric_downside;ml_cvar_risk;ml_expected_shortfall_risk;ml_downside_skew;,0.0,constrained_regime_gated_drl,True,False,True,optimal,143,140,0.95,0.95,False,False,True,True,True,0.0,True,0.0,baseline_optimiser,0.0,0.0,0.0,baseline_optimiser
IMB.LSE,IMB.LSE,NAME:imperialbrandsplc,Imperial Brands PLC,United Kingdom,UK,Consumer Staples,GBX,Tobacco,0.0,0.0,Hold,64.0,64.0,80.66346096493005,72.70300415285553,61.10416666666667,83.2973760420765,0.35,0.0607,0.2122631560854405,-0.2097719778171546,0.35,0.8231627312643504,-0.0344641656410394,-0.1087562702709436,-0.1087562702709436,0.2967287386933762,0.3052678132491873,15.53661003870623,51.20091053531878,36.60383689706007,64.86101211689237,108609305.10956678,60,28247281433.55433,0.0607,0.1513981742032219,50.68453399515016,79.15185350173415,64.74353900103108,False,False,True,False,False,False,100.0,False,yahoo_finance,yahoo_finance_3m_average_volume,yahoo_finance,"bloomberg_database_as_of,yahoo_finance_timeseries",False,False,Equity,Active,narrative_review;ml_drawdown_risk;ml_downside_tail_risk;ml_asymmetric_downside;,0.047500000000000014,constrained_regime_gated_drl,True,False,True,optimal,143,140,0.95,0.95,False,False,True,True,True,0.049999999999999996,True,0.049999999999999996,baseline_optimiser,0.047500000000000014,0.047500000000000014,0.049999999999999996,baseline_optimiser
DG.PA,DG.PA,NAME:vincisa,Vinci S.A.,France,EU ex-DACH,Industrials,EUR,Engineering & Construction,0.0,0.0,Hold,64.0,64.0,73.03162575459554,73.60283208798015,22.14583333333333,81.00001336983581,0.35,0.0401,0.244941071336822,-0.3003116415500858,0.35,0.8988582079765411,-0.0938355600540558,-0.1795649350219436,-0.1795649350219436,0.2879554053600429,0.3137287450483155,25.65213357456337,51.70476164034639,42.49466805406884,67.14183891660727,125737933.49358062,60,79609943910.41342,0.0401,0.116179481034489,59.50069355664969,74.6431740038718,70.06368683318632,False,False,True,False,True,False,100.0,False,yahoo_finance,yahoo_finance_3m_average_volume,yahoo_finance,"bloomberg_database_as_of,yahoo_finance_timeseries",False,False,Equity,Active,alt_data_review;narrative_review;ml_drawdown_risk;ml_downside_tail_risk;ml_asymmetric_downside;,0.0,constrained_regime_gated_drl,True,False,True,optimal,143,140,0.95,0.95,False,False,True,True,True,0.0,True,0.0,baseline_optimiser,0.0,0.0,0.0,baseline_optimiser
CVX.US,CVX.US,NAME:chevroncorp,Chevron Corp,United States,US,Energy,USD,Oil & Gas Integrated,0.0,0.0,Hold,64.0,64.0,88.59069850320742,64.92370778957698,61.10416666666667,71.77379906466153,0.35,0.0382,0.2282357302864777,-0.2470975341335685,0.35,0.8575339956051802,-0.0628472802087551,-0.1427297858090223,-0.1427297858090223,0.2505375636515368,0.3108838228080958,20.389969401288912,49.361694520632255,39.144538362798535,98.93086243763364,1731860019.89,60,371269238784.0,0.0382,0.0446899399862562,76.93929150683886,59.0230552269042,55.65209658645048,False,False,True,False,False,False,100.0,False,yahoo_finance,yahoo_finance_3m_average_volume,yahoo_finance,"bloomberg_database_as_of,finnhub_reported,yahoo_finance_timeseries",False,False,Equity,Active,narrative_review;ml_drawdown_risk;ml_downside_tail_risk;ml_asymmetric_downside;,0.0,constrained_regime_gated_drl,True,False,True,optimal,143,140,0.95,0.95,False,False,True,True,True,0.0,True,0.0,baseline_optimiser,0.0,0.0,0.0,baseline_optimiser
BMY.US,BMY.US,NAME:bristolmyerssquibbcompany,Bristol-Myers Squibb Company,United States,US,Healthcare,USD,Drug Manufacturers - General,0.0,0.0,Hold,64.0,64.0,86.33525077784824,78.82100131699276,61.10416666666667,83.2973760420765,0.35,0.0395999999999999,0.2785598197290843,-0.3834331990428948,0.35,0.9738472732233904,-0.1537926800623029,-0.2512886169674824,-0.2512886169674824,0.248320491852416,0.3099630790500544,35.89837385249749,49.13607406705944,48.0975928038832,94.86813970064148,798278045.35,60,131040149504.0,0.0395999999999999,0.0980233924382687,41.8174567538134,83.00650707191748,65.84027053811394,False,False,True,False,False,False,100.0,False,yahoo_finance,yahoo_finance_3m_average_volume,yahoo_finance,"bloomberg_database_as_of,finnhub_reported,yahoo_finance_timeseries",False,False,Equity,Active,narrative_review;ml_drawdown_risk;ml_downside_tail_risk;ml_asymmetric_downside;ml_cvar_risk;ml_expected_shortfall_risk;,0.0,constrained_regime_gated_drl,True,False,True,optimal,143,140,0.95,0.95,False,False,True,True,True,0.0,True,0.0,baseline_optimiser,0.0,0.0,0.0,baseline_optimiser
ALL.US,ALL.US,NAME:theallstatecorporation,The Allstate Corporation,United States,US,Financials,USD,Insurance - Property & Casualty,0.0,0.0,Hold,64.0,64.0,79.46578759800428,82.18585864841124,53.35416666666667,86.71868425443364,0.35,0.0165,0.2488786923939849,-0.3060487580918091,0.35,0.906647447156143,-0.1003543805880893,-0.187461922925984,-0.187461922925984,0.2904967057481002,0.2973352211809412,26.780274703712003,49.950040445775535,42.9739979810061,89.95010691375623,485300642.6400001,60,69563744256.0,0.0165,0.1420567582393706,42.50712758374911,74.56277126053216,71.4016081533876,False,False,True,False,False,False,100.0,False,yahoo_finance,yahoo_finance_3m_average_volume,yahoo_finance,"bloomberg_database_as_of,finnhub_reported,yahoo_finance_timeseries",False,False,Equity,Active,narrative_review;ml_downside_tail_risk;ml_asymmetric_downside;,0.0,constrained_regime_gated_drl,True,False,True,optimal,143,140,0.95,0.95,False,False,True,True,True,0.0,True,0.0,baseline_optimiser,0.0,0.0,0.0,baseline_optimiser
AIG.US,AIG.US,NAME:americaninternationalgroupinc,American International Group Inc,United States,US,Financials,USD,Insurance - Diversified,0.0,0.0,Hold,64.0,64.0,83.27263007840341,71.85881236629126,30.14583333333333,86.71868425443364,0.35,0.025,0.2444778463823569,-0.2935574613728796,0.35,0.895924536349064,-0.0924364196436567,-0.1780036658774817,-0.1780036658774817,0.2673855946369891,0.308770598239751,25.42909512535453,50.025062585039926,42.15136218563031,81.75338560228083,311011646.88,60,42400591872.0,0.025,0.0781592863138417,42.50712758374911,68.53322398435702,65.81389624255503,False,False,True,False,False,False,100.0,False,yahoo_finance,yahoo_finance_3m_average_volume,yahoo_finance,"bloomberg_database_as_of,finnhub_reported,yahoo_finance_timeseries",False,False,Equity,Active,narrative_review;ml_drawdown_risk;ml_downside_tail_risk;ml_asymmetric_downside;,0.0,constrained_regime_gated_drl,True,False,True,optimal,143,140,0.95,0.95,False,False,True,True,True,0.0,True,0.0,baseline_optimiser,0.0,0.0,0.0,baseline_optimiser
CA.PA,CA.PA,NAME:carrefoursa,Carrefour SA,France,EU ex-DACH,Consumer Staples,EUR,Grocery Stores,0.0,0.0,Hold,64.0,64.0,70.7405943151723,73.45005951332816,30.14583333333333,86.71868425443364,0.35,0.061,0.218454922570916,-0.230593768239538,0.35,0.8390221177769676,-0.0460192782249617,-0.1224785011247823,-0.1224785011247823,0.3306345909330504,0.2996544496531479,17.49692873211177,52.37891447175825,37.903698162168375,47.68353528153956,43057179.121905655,60,12780123334.206718,0.061,0.2190172417824456,75.88260523145446,65.25613188173676,76.68350167437004,False,False,True,False,False,False,100.0,False,yahoo_finance,yahoo_finance_3m_average_volume,yahoo_finance,"bloomberg_database_as_of,yahoo_finance_timeseries",False,False,Equity,Active,narrative_review;ml_downside_tail_risk;ml_asymmetric_downside;,0.047500000000000014,constrained_regime_gated_drl,True,False,True,optimal,143,140,0.95,0.95,False,False,True,True,True,0.049999999999999996,True,0.049999999999999996,baseline_optimiser,0.047500000000000014,0.047500000000000014,0.049999999999999996,baseline_optimiser
ORA.PA,ORA.PA,NAME:orangesa,Orange S.A.,France,EU ex-DACH,Communication Services,EUR,Telecom Services,0.0,0.0,Hold,64.0,64.0,79.74435859799524,64.30126369479322,23.27083333333333,81.44223886264008,0.35,0.0472,0.2231188592413986,-0.2390175260281446,0.35,0.848148127224192,-0.054067484228589,-0.1321590849630786,-0.1321590849630786,0.3014229668812957,0.3015527104444527,18.8798692804398,51.02501096027586,38.525604669747096,59.80042765502495,84265599.93620488,60,49246074407.90148,0.0472,0.0776517819427815,76.94590644842381,67.96944858377495,63.39410032337828,False,False,True,False,True,False,100.0,False,yahoo_finance,yahoo_finance_3m_average_volume,yahoo_finance,"bloomberg_database_as_of,yahoo_finance_timeseries",False,False,Equity,Active,alt_data_review;narrative_review;ml_drawdown_risk;ml_downside_tail_risk;ml_asymmetric_downside;,0.047500000000000014,constrained_regime_gated_drl,True,False,True,optimal,143,140,0.95,0.95,False,False,True,True,True,0.049999999999999996,True,0.049999999999999996,baseline_optimiser,0.047500000000000014,0.047500000000000014,0.049999999999999996,baseline_optimiser
PUB.PA,PUB.PA,NAME:publicisgroupesa,Publicis Groupe SA,France,EU ex-DACH,Communication Services,EUR,Advertising Agencies,0.0,0.0,Hold,64.0,64.0,71.91898439984843,71.60364604127663,48.27083333333333,86.71868425443364,0.35,0.0385999999999999,0.2817009685847804,-0.4142013495071801,0.35,0.9879013687214084,-0.1619797196631806,-0.2605750586678537,-0.2605750586678537,0.2799554053600429,0.3493370797962129,37.22500838112197,55.38264641894995,49.685947001045335,58.16108339272986,77337208.43918388,60,28317330009.91103,0.0385999999999999,0.1097705041149781,80.82025742770183,80.79075315920832,72.97610303616969,False,False,True,False,False,False,100.0,False,yahoo_finance,yahoo_finance_3m_average_volume,yahoo_finance,"bloomberg_database_as_of,yahoo_finance_timeseries",False,False,Equity,Active,narrative_review;ml_drawdown_risk;ml_downside_tail_risk;ml_asymmetric_downside;ml_cvar_risk;ml_expected_shortfall_risk;ml_downside_skew;,0.0,constrained_regime_gated_drl,True,False,True,optimal,143,140,0.95,0.95,False,False,True,True,True,0.0,True,0.0,baseline_optimiser,0.0,0.0,0.0,baseline_optimiser
002352.SHE,002352.SHE,NAME:sfholdingcoltd,S.F. Holding Co. Ltd,China,Mainland China,Industrials,CNY,Integrated Freight & Logistics,0.0,0.0,Hold,64.0,64.0,78.69595695909346,69.03056567244255,76.95416666666668,90.2262276750101,0.35,0.0264,0.2004492452388724,-0.1708814737859907,0.35,0.7931902339456727,-0.0125121635996507,-0.0826693994332561,-0.0826693994332561,0.2269554053600428,0.3190571297766337,11.80991420475088,49.03495987822927,34.16355674431642,65.00356379187456,110662326.33785596,60,25915624963.9352,0.0264,0.1033232796898019,77.64637740703228,59.52570313307799,61.47008174002018,False,False,True,False,False,False,100.0,False,yahoo_finance,observed_price_volume_fx,yahoo_finance,"bloomberg_database_as_of,eastmoney_china_financials,yahoo_finance_timeseries",False,False,Equity,Active,narrative_review;ml_drawdown_risk;,0.047500000000000014,constrained_regime_gated_drl,True,False,True,optimal,143,140,0.95,0.95,False,False,True,True,True,0.049999999999999996,True,0.049999999999999996,baseline_optimiser,0.047500000000000014,0.047500000000000014,0.049999999999999996,baseline_optimiser
600050.SHG,600050.SHG,NAME:chinaunitednetworkcommunicationsltd,China United Network Communications Ltd,China,Mainland China,Communication Services,CNY,Telecom Services,0.0,0.0,Buy,64.0,64.0,85.05052871910047,74.82638804742214,66.45416666666668,81.00001336983581,0.35,0.0373,0.2246409087269628,-0.2391314487496595,0.35,0.8493870266781751,-0.0566456069082261,-0.1352699249626631,-0.1352699249626631,0.2269554053600428,0.3297460423035674,19.324274994666165,50.26829593902932,38.57354427505543,64.07697790449038,103490840.32174309,60,19870674593.8276,0.0373,0.1774616432032365,92.04600846640236,71.56370612539399,69.41538016603863,False,False,True,False,False,False,100.0,False,yahoo_finance,observed_price_volume_fx,yahoo_finance,"bloomberg_database_as_of,eastmoney_china_financials,yahoo_finance_timeseries",False,False,Equity,Active,narrative_review;ml_drawdown_risk;ml_downside_tail_risk;ml_asymmetric_downside;,0.0,constrained_regime_gated_drl,True,False,True,optimal,143,140,0.95,0.95,False,False,True,True,True,0.0,True,0.0,baseline_optimiser,0.0,0.0,0.0,baseline_optimiser
MET.US,MET.US,NAME:metlifeinc,MetLife Inc,United States,US,Financials,USD,Insurance - Life,0.0,0.0,Hold,64.0,64.0,83.25908766928012,80.37136735900665,30.14583333333333,86.28947834408092,0.35,0.0246,0.2375063761066795,-0.2735697095851122,0.35,0.8795341436913731,-0.0797043501374296,-0.1628315817747674,-0.1628315817747674,0.2673855946369891,0.3057211121760962,23.2616545392525,49.67319880846436,40.86223940352988,85.45972915181753,385322342.45,60,63748108288.0,0.0246,0.2681177600248479,42.50712758374911,89.8438210024035,62.72483128945389,False,False,True,False,False,False,100.0,False,yahoo_finance,yahoo_finance_3m_average_volume,yahoo_finance,"bloomberg_database_as_of,finnhub_reported,yahoo_finance_timeseries",False,False,Equity,Active,narrative_review;ml_drawdown_risk;ml_downside_tail_risk;ml_asymmetric_downside;,0.0,constrained_regime_gated_drl,True,False,True,optimal,143,140,0.95,0.95,False,False,True,True,True,0.0,True,0.0,baseline_optimiser,0.0,0.0,0.0,baseline_optimiser
002415.SHE,002415.SHE,NAME:hangzhouhikvisiondigitaltechnologycoltd,Hangzhou Hikvision Digital Technology Co Ltd,China,Mainland China,Technology,CNY,Computer Hardware,0.0,0.0,Hold,64.0,64.0,79.61478728490033,67.07704064572502,48.77083333333333,81.44223886264008,0.35,0.0306999999999999,0.2826090524063581,-0.4021800663752558,0.35,0.9858548053059324,-0.1618932029935114,-0.2608063713357367,-0.2608063713357367,0.2719554053600428,0.3165859468695732,37.2580530479624,51.17290031202998,49.18742840544909,89.73627940128297,478001772.8654955,60,50446349561.31016,0.0306999999999999,0.0638654434665203,98.1812496553188,72.94676809481824,54.36124228887528,False,False,True,False,True,False,100.0,False,yahoo_finance,observed_price_volume_fx,yahoo_finance,"bloomberg_database_as_of,eastmoney_china_financials,yahoo_finance_timeseries",False,False,Equity,Active,alt_data_review;narrative_review;ml_drawdown_risk;ml_downside_tail_risk;ml_asymmetric_downside;ml_cvar_risk;ml_expected_shortfall_risk;,0.0,constrained_regime_gated_drl,True,False,True,optimal,143,140,0.95,0.95,False,False,True,True,True,0.0,True,0.0,baseline_optimiser,0.0,0.0,0.0,baseline_optimiser
FGR.PA,FGR.PA,NAME:eiffagesa,Eiffage SA,France,EU ex-DACH,Industrials,EUR,Engineering & Construction,0.0,0.0,Hold,64.0,64.0,71.76808334547223,70.9611215746078,66.45416666666668,71.77379906466153,0.35,0.0385,0.2477910437565531,-0.307499257673012,0.35,0.9044880163111992,-0.0991353369429778,-0.1858622022577714,-0.1858622022577714,0.2406139620997114,0.3380824988986406,26.55174317968164,51.96565552444299,42.94887576938802,42.1240199572345,31266394.89183309,60,13893781223.72723,0.0385,0.1913264834418233,43.17072163016573,75.9146329370668,76.26199688254711,False,False,True,False,False,False,100.0,False,yahoo_finance,yahoo_finance_3m_average_volume,yahoo_finance,"bloomberg_database_as_of,yahoo_finance_timeseries",False,False,Equity,Active,narrative_review;ml_drawdown_risk;ml_downside_tail_risk;ml_asymmetric_downside;,0.0,constrained_regime_gated_drl,True,False,True,optimal,143,140,0.95,0.95,False,False,True,True,True,0.0,True,0.0,baseline_optimiser,0.0,0.0,0.0,baseline_optimiser
601288.SHG,601288.SHG,NAME:agriculturalbankofchinaltdclassa,Agricultural Bank of China Ltd Class A,China,Mainland China,Financials,CNY,Banks - Diversified,0.0,0.0,Hold,64.0,64.0,85.93969479180183,88.22915293411323,66.45416666666668,86.28947834408092,0.35,0.0384,0.2461682928138692,-0.297322857493931,0.35,0.8991697454576801,-0.0955074761289407,-0.1816663786137949,-0.1816663786137949,0.2419411501925446,0.3203789935389558,25.95233980197072,49.99440734178576,42.39979516800594,85.81610833927299,395000248.39259577,60,334691701057.1124,0.0384,0.9244131075418628,42.50712758374911,88.67052888504136,79.88087071899169,False,False,True,False,False,False,100.0,False,yahoo_finance,observed_price_volume_fx,yahoo_finance,"bloomberg_database_as_of,eastmoney_china_financials,yahoo_finance_timeseries",False,False,Equity,Active,narrative_review;ml_drawdown_risk;ml_downside_tail_risk;ml_asymmetric_downside;,0.0,constrained_regime_gated_drl,True,False,True,optimal,143,140,0.95,0.95,False,False,True,True,True,0.0,True,0.0,baseline_optimiser,0.0,0.0,0.0,baseline_optimiser
ABT.US,ABT.US,NAME:abbottlaboratories,Abbott Laboratories,United States,US,Healthcare,USD,Medical Devices,0.0,0.0,Hold,64.0,64.0,77.44394643002215,62.22936828965458,66.45416666666668,86.28947834408092,0.2681871140311048,0.0237999999999999,0.2654723627947264,-0.4558540372664161,0.2681871140311048,0.8700744145396193,-0.2148288870177884,-0.3077442139959426,-0.3077442139959426,0.313817627582265,0.3455550892280772,43.96345914227752,56.76961331920778,46.98657946177104,98.07555238774056,1383356363.96,60,186812186624.0,0.0237999999999999,0.0395852119373991,85.53203464842977,66.3032848284084,54.03279444126948,False,False,True,False,False,False,100.0,False,yahoo_finance,yahoo_finance_3m_average_volume,yahoo_finance,"bloomberg_database_as_of,finnhub_reported,yahoo_finance_timeseries",False,False,Equity,Active,narrative_review;ml_drawdown_risk;ml_downside_tail_risk;ml_asymmetric_downside;ml_cvar_risk;ml_expected_shortfall_risk;ml_downside_skew;,0.0,constrained_regime_gated_drl,True,False,True,optimal,143,140,0.95,0.95,False,False,True,True,True,0.0,True,0.0,baseline_optimiser,0.0,0.0,0.0,baseline_optimiser
LOW.US,LOW.US,NAME:lowescompaniesinc,Lowe's Companies Inc,United States,US,Consumer Discretionary,USD,Home Improvement Retail,0.0,0.0,Hold,64.0,64.0,79.29519152704279,71.22270191429386,66.45416666666668,73.98492652868289,0.35,0.0227,0.2737625100199735,-0.3812018534902825,0.35,0.9655812144357724,-0.1464330311854687,-0.2422499096924594,-0.2422499096924594,0.2437744621454134,0.3415683633132505,34.60712995606563,52.538051420897325,47.72559903415697,93.3000712758375,673101374.4,60,122458423296.0,0.0227,0.0624783481125378,53.56385396839355,64.88141986755696,64.14917174575766,False,False,True,False,False,False,100.0,False,yahoo_finance,yahoo_finance_3m_average_volume,yahoo_finance,"bloomberg_database_as_of,finnhub_reported,yahoo_finance_timeseries",False,False,Equity,Active,narrative_review;ml_drawdown_risk;ml_downside_tail_risk;ml_asymmetric_downside;,0.0,constrained_regime_gated_drl,True,False,True,optimal,143,140,0.95,0.95,False,False,True,True,True,0.0,True,0.0,baseline_optimiser,0.0,0.0,0.0,baseline_optimiser
0728.HK,0728.HK,NAME:chinatelecom,China Telecom,Hong Kong,Hong Kong,Communication Services,HKD,Telecom Services,0.0,0.0,Hold,64.0,64.0,92.28032506348364,67.04208447058394,57.10416666666667,81.00001336983581,0.35,0.0666,0.2282420466245434,-0.2713957046217231,0.35,0.8656481947439113,-0.0654680903058236,-0.1453528066244138,-0.1453528066244138,0.3368887386933762,0.3399412665199083,20.764686660630545,57.3641551434789,40.29312702076388,47.25588025659302,41945712.846054085,60,52524642799.00618,0.0666,0.1466425940091768,91.7585651238904,72.00657726172587,64.30107832650296,False,False,True,False,False,False,100.0,False,yahoo_finance,observed_price_volume_fx,yahoo_finance,"bloomberg_database_as_of,eastmoney_hk_financials,yahoo_finance_timeseries",False,False,Equity,Active,narrative_review;ml_drawdown_risk;ml_downside_tail_risk;ml_asymmetric_downside;ml_downside_skew;,0.0,constrained_regime_gated_drl,True,False,True,optimal,143,140,0.95,0.95,False,False,True,True,True,0.0,True,0.0,baseline_optimiser,0.0,0.0,0.0,baseline_optimiser
603195.SHG,603195.SHG,NAME:gongniugroupcoltd,Gongniu Group Co Ltd,China,Mainland China,Industrials,CNY,Electrical Equipment & Parts,0.0,0.0,Hold,64.0,64.0,86.96341953927877,55.095216836404944,53.35416666666667,84.07541813822725,0.35,0.0466,0.2146697886513106,-0.2244030153266679,0.35,0.8314734378413515,-0.0396606467547219,-0.1147950727826807,-0.1147950727826807,0.3328176275822651,0.3125900973118892,16.39929611181153,53.98903732887841,37.41681747685256,42.55167498218104,31715301.25845385,60,10846372188.719404,0.0466,0.0580408428692581,99.53989685274,67.82651609943142,64.99050854592431,False,False,True,False,False,False,100.0,False,yahoo_finance,observed_price_volume_fx,yahoo_finance,"bloomberg_database_as_of,eastmoney_china_financials,yahoo_finance_timeseries",False,False,Equity,Active,narrative_review;ml_drawdown_risk;ml_downside_tail_risk;ml_asymmetric_downside;ml_downside_skew;,0.0,constrained_regime_gated_drl,True,False,True,optimal,143,140,0.95,0.95,False,False,True,True,True,0.0,True,0.0,baseline_optimiser,0.0,0.0,0.0,baseline_optimiser
SHELL.AS,SHELL.AS,NAME:shellplc,Shell PLC,Netherlands,EU ex-DACH,Energy,EUR,Oil & Gas Integrated,0.0,0.0,Hold,64.0,64.0,82.23618554974875,73.01895791990638,57.10416666666667,81.08624857805513,0.35,0.0713999999999999,0.2226260332645762,-0.233804859056962,0.35,0.8454214567576818,-0.0528527370513847,-0.1307718486939864,-0.1307718486939864,0.2675109609155984,0.3076474492467081,18.681692670569493,49.90221896238318,38.24426044722751,73.55666429080541,187611526.013602,60,243689233815.97385,0.0713999999999999,0.0981413894471045,69.22610197471238,71.15411093261659,67.38743093703016,False,False,True,False,False,False,100.0,False,yahoo_finance,yahoo_finance_3m_average_volume,yahoo_finance,"bloomberg_database_as_of,yahoo_finance_timeseries",False,False,Equity,Active,narrative_review;ml_drawdown_risk;ml_downside_tail_risk;ml_asymmetric_downside;,0.047500000000000014,constrained_regime_gated_drl,True,False,True,optimal,143,140,0.95,0.95,False,False,True,True,True,0.049999999999999996,True,0.049999999999999996,baseline_optimiser,0.047500000000000014,0.047500000000000014,0.049999999999999996,baseline_optimiser
600741.SHG,600741.SHG,NAME:huayuautomotivesystemscoltd,HUAYU Automotive Systems Co Ltd,China,Mainland China,Consumer Discretionary,CNY,Auto Parts,0.0,0.0,Hold,64.0,64.0,89.82095189261508,64.53896165387134,61.10416666666667,90.2262276750101,0.35,0.0625,0.2456027001055964,-0.2968900538874039,0.35,0.8979969868127453,-0.094658707016333,-0.1806196520532917,-0.1806196520532917,0.2319554053600429,0.3292397041867593,25.802807436184544,50.47910307939761,42.34289927878479,48.25374198146829,43845026.00153793,60,7455892084.663592,0.0625,0.094929778280814,81.44904824003842,62.05468925283557,66.2726060490408,False,False,True,False,False,False,100.0,False,yahoo_finance,observed_price_volume_fx,yahoo_finance,"eastmoney_china_financials,yahoo_finance_timeseries",False,False,Equity,Active,narrative_review;ml_drawdown_risk;ml_downside_tail_risk;ml_asymmetric_downside;,0.0,constrained_regime_gated_drl,True,False,True,optimal,143,140,0.95,0.95,False,False,True,True,True,0.0,True,0.0,baseline_optimiser,0.0,0.0,0.0,baseline_optimiser
601728.SHG,601728.SHG,NAME:chinatelecomcorpltd,China Telecom Corp Ltd,China,Mainland China,Communication Services,CNY,Telecom Services,0.0,0.0,Hold,64.0,64.0,86.72604546892228,66.65552112591337,72.52083333333334,81.00001336983581,0.35,0.0432,0.2378819241914307,-0.2902389850939961,0.35,0.8853536120867672,-0.0821081760860619,-0.1653668495530627,-0.1653668495530627,0.3053420720267096,0.3324595974639201,23.62383565043753,54.80221897035207,41.65916713444516,68.92373485388454,137425196.184908,60,83586685018.32802,0.0432,0.0921480480744368,91.7585651238904,70.92534176438465,55.743195478375846,False,False,True,False,False,False,100.0,False,yahoo_finance,observed_price_volume_fx,yahoo_finance,"bloomberg_database_as_of,eastmoney_china_financials,yahoo_finance_timeseries",False,False,Equity,Active,narrative_review;ml_drawdown_risk;ml_downside_tail_risk;ml_asymmetric_downside;ml_downside_skew;,0.0,constrained_regime_gated_drl,True,False,True,optimal,143,140,0.95,0.95,False,False,True,True,True,0.0,True,0.0,baseline_optimiser,0.0,0.0,0.0,baseline_optimiser
600019.SHG,600019.SHG,NAME:baoshanironsteelcoltd,Baoshan Iron & Steel Co Ltd,China,Mainland China,Materials,CNY,Steel,0.0,0.0,Hold,64.0,64.0,91.93025074333426,67.43915641083096,55.47916666666667,81.08624857805513,0.35,0.0615,0.2189310049127049,-0.22345239126474,0.35,0.8364153810874957,-0.0462333486388378,-0.1228592003582846,-0.1228592003582846,0.2399554053600429,0.3218039944129719,17.551314336897804,50.05190579780676,37.55825680998627,60.9408410548824,89493789.25599979,60,18544522549.36739,0.0615,0.1207141072704995,74.81508947861255,65.08189310407644,57.19811922288128,False,False,True,False,False,False,100.0,False,yahoo_finance,observed_price_volume_fx,yahoo_finance,"bloomberg_database_as_of,eastmoney_china_financials,yahoo_finance_timeseries",False,False,Equity,Active,narrative_review;ml_drawdown_risk;ml_downside_tail_risk;ml_asymmetric_downside;,0.0,constrained_regime_gated_drl,True,False,True,optimal,143,140,0.95,0.95,False,False,True,True,True,0.0,True,0.0,baseline_optimiser,0.0,0.0,0.0,baseline_optimiser
1113.HK,1113.HK,NAME:ckassetholdingsltd,CK Asset Holdings Ltd,Hong Kong,Hong Kong,Real Estate,HKD,Real Estate - Development,0.0,0.0,Hold,64.0,64.0,86.80936996726126,61.41270294802455,82.20416666666668,84.07541813822725,0.35,0.038,0.2409975847388223,-0.2816246078468848,0.35,0.8865246998081716,-0.0860245378071355,-0.1703736924657233,-0.1703736924657233,0.2269554053600428,0.3237885363528433,24.33909892367477,49.58089140625345,41.39540123193342,41.62508909479686,30254539.44534968,60,20868907332.61133,0.038,0.0988591174863866,67.71860943344672,73.48127179380887,61.16896901757144,False,False,True,False,False,False,100.0,False,yahoo_finance,observed_price_volume_fx,yahoo_finance,"eastmoney_hk_financials,yahoo_finance_timeseries",False,False,Equity,Active,narrative_review;ml_drawdown_risk;ml_downside_tail_risk;ml_asymmetric_downside;,0.0,constrained_regime_gated_drl,True,False,True,optimal,143,140,0.95,0.95,False,False,True,True,True,0.0,True,0.0,baseline_optimiser,0.0,0.0,0.0,baseline_optimiser
600585.SHG,600585.SHG,NAME:anhuiconchcementcoltd,Anhui Conch Cement Co Ltd,China,Mainland China,Materials,CNY,Building Materials,0.0,0.0,Hold,64.0,64.0,88.33135551881537,57.66298726418971,56.77083333333333,86.71868425443364,0.35,0.0478,0.2308591289839467,-0.2592549752596796,0.35,0.8647383532526386,-0.068249853011724,-0.1490505481561054,-0.1490505481561054,0.2363998498044873,0.3348211858011352,21.292935450872204,51.36243642806491,39.83065735764927,58.945117605131855,81800961.514427,60,13910903781.482796,0.0478,0.0747311315024906,84.54858383691624,59.95791060874878,46.44368421068764,False,False,True,False,False,False,100.0,False,yahoo_finance,observed_price_volume_fx,yahoo_finance,"bloomberg_database_as_of,eastmoney_china_financials,yahoo_finance_timeseries",False,False,Equity,Active,narrative_review;ml_drawdown_risk;ml_downside_tail_risk;ml_asymmetric_downside;,0.0,constrained_regime_gated_drl,True,False,True,optimal,143,140,0.95,0.95,False,False,True,True,True,0.0,True,0.0,baseline_optimiser,0.0,0.0,0.0,baseline_optimiser
1288.HK,1288.HK,NAME:agriculturalbankofchina,Agricultural Bank Of China,Hong Kong,Hong Kong,Financials,HKD,Banks - Diversified,0.0,0.0,Hold,63.43579515698524,63.43579515698524,90.07166504922849,80.10191418847374,22.14583333333333,90.2262276750101,0.35,0.0474,0.2407012871581761,-0.2911504644692275,0.35,0.8899569743315225,-0.0863876768438149,-0.1706331273491766,-0.1706331273491766,0.3029411501925447,0.3129554254902666,24.376161049882377,52.42245718232165,41.85459513332672,53.81325730577334,59380342.05936784,60,261534106461.10724,0.0474,1.182994446227943,42.50712758374911,96.77439039531194,83.44972122274444,False,False,True,False,True,False,100.0,False,yahoo_finance,observed_price_volume_fx,yahoo_finance,"bloomberg_database_as_of,yahoo_finance_timeseries",False,False,Equity,Active,alt_data_review;narrative_review;ml_drawdown_risk;ml_downside_tail_risk;ml_asymmetric_downside;,0.0,constrained_regime_gated_drl,True,False,True,optimal,143,140,0.95,0.95,False,False,True,True,True,0.0,True,0.0,baseline_optimiser,0.0,0.0,0.0,baseline_optimiser
EN.PA,EN.PA,NAME:bouyguessa,Bouygues SA,France,EU ex-DACH,Industrials,EUR,Engineering & Construction,0.0,0.0,Watchlist,63.39984553028668,63.39984553028668,75.90172554076803,67.71180836634076,72.52083333333334,90.2262276750101,0.35,0.043,0.2266889702120892,-0.2357986662719533,0.35,0.851802749557553,-0.0592857482598793,-0.1386268878341105,-0.1386268878341105,0.2363998498044873,0.2954699246540598,19.803841119158648,46.82190629571005,38.54104667412581,49.25160370634355,46561566.62603525,60,21478469117.462776,0.043,0.1596617685147126,58.80314293264592,62.7793077429615,63.220989996896655,False,False,True,False,False,False,100.0,False,yahoo_finance,yahoo_finance_3m_average_volume,yahoo_finance,"bloomberg_database_as_of,yahoo_finance_timeseries",False,False,Equity,Active,narrative_review;ml_downside_tail_risk;ml_asymmetric_downside;,0.04749999999999972,constrained_regime_gated_drl,True,False,True,optimal,143,140,0.95,0.95,False,False,True,True,True,0.04999999999999969,True,0.04999999999999969,baseline_optimiser,0.04749999999999972,0.04749999999999972,0.04999999999999969,baseline_optimiser
0001.HK,0001.HK,NAME:ckhutchisonholdingslimited,CK Hutchison Holdings Limited,Hong Kong,Hong Kong,Industrials,HKD,Conglomerates,0.0,0.0,Hold,63.38270201705477,63.38270201705477,82.92165494282092,65.33055333370721,68.52083333333333,86.28947834408092,0.35,0.032,0.2522264668905444,-0.3285239653813131,0.35,0.9188590719091696,-0.107806299399852,-0.1960855628115426,-0.1960855628115426,0.3346764417852555,0.3111641446003131,28.012223258791806,53.9245943192422,44.20318616821448,54.882394868139706,64501943.3013298,60,35550580820.284134,0.032,0.1494756016317614,47.28385463574536,81.7979315585415,52.4463218148686,False,False,True,False,False,False,100.0,False,yahoo_finance,observed_price_volume_fx,yahoo_finance,"bloomberg_database_as_of,eastmoney_hk_financials,yahoo_finance_timeseries",False,False,Equity,Active,narrative_review;ml_drawdown_risk;ml_downside_tail_risk;ml_asymmetric_downside;ml_downside_skew;,0.0,constrained_regime_gated_drl,True,False,True,optimal,143,140,0.95,0.95,False,False,True,True,True,0.0,True,0.0,baseline_optimiser,0.0,0.0,0.0,baseline_optimiser
DCC.LSE,DCC.LSE,NAME:dccplc,DCC plc,United Kingdom,UK,Energy,GBX,Oil & Gas Refining & Marketing,0.0,0.0,Hold,63.21626875920669,63.21626875920669,83.65920671603526,63.24141769769995,74.3125,71.77379906466153,0.35,0.0339,0.2509598781554286,-0.3227008331550095,0.35,0.9144514913422638,-0.1054481062858167,-0.1932840636402167,-0.1932840636402167,0.2876531831378206,0.3306780556280531,27.612009091459537,53.64417781835031,43.84064307702888,52.17391304347826,54851106.31839604,60,7250031514.764225,0.0339,0.0862689837360106,59.39185512489205,63.93082952564872,62.768982852811405,False,False,True,False,False,False,100.0,False,yahoo_finance,yahoo_finance_3m_average_volume,yahoo_finance,"bloomberg_database_as_of,yahoo_finance_timeseries",False,False,Equity,Active,narrative_review;ml_drawdown_risk;ml_downside_tail_risk;ml_asymmetric_downside;,0.0,constrained_regime_gated_drl,True,False,True,optimal,143,140,0.95,0.95,False,False,True,True,True,0.0,True,0.0,baseline_optimiser,0.0,0.0,0.0,baseline_optimiser
HEN3.XETRA,HEN3.XETRA,NAME:henkelagcokgaavzprefshares,Henkel AG & Co. KGaA vz. (Pref Shares),Germany,DACH,Consumer Staples,EUR,Household & Personal Products,0.0,0.0,Watchlist,63.09054839423957,63.09054839423957,63.02145717759365,54.9783623442181,66.45416666666668,85.54950311424149,0.35,0.027,0.1952573598173199,-0.1542341564784446,0.35,0.7806129843159341,-0.0028023176079206,-0.0711423935439826,-0.0711423935439826,0.2269554053600428,0.3085560963730575,10.163199077711804,47.82330217781664,33.12793341579956,45.90163934426229,39388221.14124925,60,36711967245.75933,0.027,0.0579140018983659,90.40797772042104,61.24730540338719,61.92779221858873,False,False,True,False,False,False,100.0,False,yahoo_finance,yahoo_finance_3m_average_volume,yahoo_finance,"bloomberg_database_as_of,yahoo_finance_timeseries",False,False,Equity,Active,narrative_review;ml_drawdown_risk;,0.047500000000000014,constrained_regime_gated_drl,True,False,True,optimal,143,140,0.95,0.95,False,False,True,True,True,0.049999999999999996,True,0.049999999999999996,baseline_optimiser,0.047500000000000014,0.047500000000000014,0.049999999999999996,baseline_optimiser
601658.SHG,601658.SHG,NAME:postalsavingsbankofchinacoltd,Postal Savings Bank of China Co Ltd,China,Mainland China,Financials,CNY,Banks - Regional,0.0,0.0,Hold,63.0770186984642,63.0770186984642,89.88213955302776,79.18607449682399,55.47916666666667,86.71868425443364,0.35,0.0438999999999999,0.1868601444557398,-0.1319479240691185,0.35,0.7619390877721647,0.0124593495459796,-0.0529417010135293,-0.0529417010135293,0.2549411501925446,0.2930262175757851,7.563100144789906,47.53831780757377,31.676440048116287,65.64504632929436,115255439.00010993,60,88044142367.26971,0.0438999999999999,0.6711172429568862,42.50712758374911,90.67580420498508,72.33084720302222,False,False,True,False,False,False,100.0,False,yahoo_finance,observed_price_volume_fx,yahoo_finance,"eastmoney_china_financials,yahoo_finance_timeseries",False,False,Equity,Active,narrative_review;,0.0,constrained_regime_gated_drl,True,False,True,optimal,143,140,0.95,0.95,False,False,True,True,True,0.0,True,0.0,baseline_optimiser,0.0,0.0,0.0,baseline_optimiser
COP.US,COP.US,NAME:conocophillips,ConocoPhillips,United States,US,Energy,USD,Oil & Gas E&P,0.0,0.0,Hold,63.01323623368173,63.01323623368173,82.58428367783323,60.91918791496228,57.10416666666667,81.00001336983581,0.35,0.0292,0.2992442310619871,-0.4562134587757369,0.35,1.02699585612969,-0.1929864627362013,-0.2977219436078968,-0.2977219436078968,0.2675109609155984,0.3378745674016354,42.53170622969955,53.38996336487479,52.560100236417306,95.08196721311477,826704468.24,60,140268158976.0,0.0292,0.0516368080459321,75.1593480449634,64.57970387750008,41.30866641827123,False,False,True,False,False,False,100.0,False,yahoo_finance,yahoo_finance_3m_average_volume,yahoo_finance,"bloomberg_database_as_of,finnhub_reported,yahoo_finance_timeseries",False,False,Equity,Active,narrative_review;ml_drawdown_risk;ml_downside_tail_risk;ml_asymmetric_downside;ml_cvar_risk;ml_expected_shortfall_risk;,0.0,constrained_regime_gated_drl,True,False,True,optimal,143,140,0.95,0.95,False,False,True,True,True,0.0,True,0.0,baseline_optimiser,0.0,0.0,0.0,baseline_optimiser
NOVN.SW,NOVN.SW,NAME:novartisag,Novartis AG,Switzerland,DACH,Healthcare,CHF,Drug Manufacturers - General,0.10951080208592,8820.0,Watchlist,63.01225669597396,63.01225669597396,75.69039750571737,62.72320454419196,52.77083333333333,73.98492652868289,0.35,0.0297,0.1931373290312791,-0.1531144623060309,0.35,0.7780557847055121,0.000758775089866,-0.0668392900710816,-0.0668392900710816,0.3021954053600428,0.2840612654921317,9.54847001015452,49.04836015309444,32.99763629330824,86.95652173913044,415891681.521646,60,293874366051.8231,0.0297,0.0518725066252012,77.35106648571,75.0626598503976,53.00001216882463,False,False,True,False,False,False,100.0,False,yahoo_finance,yahoo_finance_3m_average_volume,yahoo_finance,"bloomberg_database_as_of,yahoo_finance_timeseries",False,False,Equity,Active,narrative_review;,0.047500000000000014,constrained_regime_gated_drl,True,False,True,optimal,143,140,0.95,0.95,False,False,True,True,True,0.049999999999999996,True,0.049999999999999996,baseline_optimiser,0.047500000000000014,0.047500000000000014,0.049999999999999996,baseline_optimiser
601816.SHG,601816.SHG,NAME:beijingshanghaihighspeedrailwaycoltd,Beijing-Shanghai High Speed Railway Co Ltd,China,Mainland China,Industrials,CNY,Railroads,0.0,0.0,Hold,62.996390303472936,62.996390303472936,82.1621009362852,60.68314900429411,46.9375,85.54950311424149,0.35,0.0264,0.1534460617408346,-0.0432837634195001,0.35,0.686845476659074,0.0729743057771769,0.0192681841678848,0.0192681841678848,0.2932887386933762,0.269312496113787,0.0,46.86698932738798,25.87339875661176,67.99714896650035,130035306.2602284,60,36446941279.41351,0.0264,0.0832374698448965,70.01524705775586,80.42905100753663,43.251110992820784,False,False,True,False,False,False,100.0,False,yahoo_finance,observed_price_volume_fx,yahoo_finance,"eastmoney_china_financials,yahoo_finance_timeseries",False,False,Equity,Active,narrative_review;,0.047500000000000014,constrained_regime_gated_drl,True,False,True,optimal,143,140,0.95,0.95,False,False,True,True,True,0.049999999999999996,True,0.049999999999999996,baseline_optimiser,0.047500000000000014,0.047500000000000014,0.049999999999999996,baseline_optimiser
STT.US,STT.US,NAME:statestreetcorp,State Street Corp,United States,US,Financials,USD,Asset Management,0.0,0.0,Hold,62.91879752893394,62.91879752893394,81.24126870990735,80.91113266275562,74.32916666666668,86.28947834408092,0.35,0.0197,0.2478602773586957,-0.2951937501464754,0.35,0.9012350851572138,-0.0977875848609143,-0.1845386819364578,-0.1845386819364578,0.2419411501925446,0.300309086514706,26.3626688480654,47.678648838987705,42.397535450558834,87.02779757662152,419063484.96,60,50797850624.0,0.0197,0.2134539132424848,42.50712758374911,81.38734236284402,64.84740683402126,False,False,True,False,False,False,100.0,False,yahoo_finance,yahoo_finance_3m_average_volume,yahoo_finance,"bloomberg_database_as_of,finnhub_reported,yahoo_finance_timeseries",False,False,Equity,Active,narrative_review;ml_drawdown_risk;ml_downside_tail_risk;ml_asymmetric_downside;,0.0,constrained_regime_gated_drl,True,False,True,optimal,143,140,0.95,0.95,False,False,True,True,True,0.0,True,0.0,baseline_optimiser,0.0,0.0,0.0,baseline_optimiser
FDX.US,FDX.US,NAME:fedexcorporation,FedEx Corporation,United States,US,Industrials,USD,Integrated Freight & Logistics,0.0,0.0,Hold,62.90371377126812,62.90371377126812,74.15772332196023,71.66703607540813,57.10416666666667,90.2262276750101,0.35,0.0157,0.2864458295168222,-0.4116491969437188,0.35,0.994627042895518,-0.1686786618635273,-0.268934702194415,-0.268934702194415,0.2767904224429851,0.3109151716777442,38.41924317063072,50.77892717128507,49.83384299386985,92.37348538845332,609553607.07,60,74728898560.0,0.0157,0.0684607976108781,45.36026923630666,62.35518099687597,61.86508830831404,False,False,True,False,False,False,100.0,False,yahoo_finance,yahoo_finance_3m_average_volume,yahoo_finance,"bloomberg_database_as_of,finnhub_reported,yahoo_finance_timeseries",False,False,Equity,Active,narrative_review;ml_drawdown_risk;ml_downside_tail_risk;ml_asymmetric_downside;ml_cvar_risk;ml_expected_shortfall_risk;,0.0,constrained_regime_gated_drl,True,False,True,optimal,143,140,0.95,0.95,False,False,True,True,True,0.0,True,0.0,baseline_optimiser,0.0,0.0,0.0,baseline_optimiser
TTE.PA,TTE.PA,NAME:totalenergiesse,TotalEnergies SE,France,EU ex-DACH,Energy,EUR,Oil & Gas Integrated,0.0,0.0,Watchlist,62.65886831485445,62.65886831485445,78.69802930362603,63.1522065074157,52.77083333333333,71.77379906466153,0.35,0.0487999999999999,0.2257554089014739,-0.2462854125275418,0.35,0.8539845753184758,-0.0589212484668046,-0.1379356415823205,-0.1379356415823205,0.2842250814866638,0.311342687412862,19.705091654617217,51.22858370461212,38.98997954445543,84.03421240199572,349160863.3303335,60,189020995358.9045,0.0487999999999999,0.0549674388301253,70.65682264127493,57.058828439960806,54.164638488757234,False,False,True,False,False,False,100.0,False,yahoo_finance,yahoo_finance_3m_average_volume,yahoo_finance,"bloomberg_database_as_of,yahoo_finance_timeseries",False,False,Equity,Active,narrative_review;ml_drawdown_risk;ml_downside_tail_risk;ml_asymmetric_downside;,0.0,constrained_regime_gated_drl,True,False,True,optimal,143,140,0.95,0.95,False,False,True,True,True,0.0,True,0.0,baseline_optimiser,0.0,0.0,0.0,baseline_optimiser
XOM.US,XOM.US,NAME:exxonmobilcorp,Exxon Mobil Corp,United States,US,Energy,USD,Oil & Gas Integrated,0.0,0.0,Hold,62.63109272447626,62.63109272447626,83.99982181040626,60.48146804792414,61.10416666666667,81.00001336983581,0.2896333704929426,0.0272,0.250174253903233,-0.3675603038288912,0.2896333704929426,0.8479763424410278,-0.1629508466389828,-0.2505118355051144,-0.2505118355051144,0.2530282902354277,0.3111152288612044,35.7874050721592,49.52251126589277,43.0746539459666,99.57234497505348,2570130630.48,60,641803616256.0,0.0272,0.0367900700493743,88.32835797217203,49.02333500562669,50.46431050043287,False,False,True,False,False,False,100.0,False,yahoo_finance,yahoo_finance_3m_average_volume,yahoo_finance,"bloomberg_database_as_of,finnhub_reported,yahoo_finance_timeseries",False,False,Equity,Active,narrative_review;ml_drawdown_risk;ml_downside_tail_risk;ml_asymmetric_downside;ml_cvar_risk;ml_expected_shortfall_risk;,0.0,constrained_regime_gated_drl,True,False,True,optimal,143,140,0.95,0.95,False,False,True,True,True,0.0,True,0.0,baseline_optimiser,0.0,0.0,0.0,baseline_optimiser
PG.US,PG.US,NAME:proctergamblecompany,Procter & Gamble Company,United States,US,Consumer Staples,USD,Household & Personal Products,0.0,0.0,Hold,62.579553481814415,62.579553481814415,77.29684156179573,64.29330094413915,39.52083333333333,81.00001336983581,0.2033376953707457,0.0297,0.1963597563700154,-0.3042203277584555,0.2033376953707457,0.6373985847266779,-0.1512951243054186,-0.2200210390349239,-0.2200210390349239,0.2879554053600429,0.2761043953303645,31.43157700498914,47.36349051904435,33.36790291657558,97.86172487526729,1304269098.3,60,341621932032.0,0.0297,0.0443384881933785,83.06681090693932,66.5313014482412,55.26626865823691,False,False,True,False,False,False,100.0,False,yahoo_finance,yahoo_finance_3m_average_volume,yahoo_finance,"bloomberg_database_as_of,finnhub_reported,yahoo_finance_timeseries",False,False,Equity,Active,narrative_review;ml_downside_tail_risk;ml_asymmetric_downside;,0.0,constrained_regime_gated_drl,True,False,True,optimal,143,140,0.95,0.95,False,False,True,True,True,0.0,True,0.0,baseline_optimiser,0.0,0.0,0.0,baseline_optimiser
600919.SHG,600919.SHG,NAME:bankofjiangsucoltd,Bank of Jiangsu Co Ltd,China,Mainland China,Financials,CNY,Banks - Regional,0.0,0.0,Hold,62.44921702824754,62.44921702824754,91.84382879037628,82.91626398921386,56.77083333333333,86.28947834408092,0.35,0.048,0.1871767972311349,-0.1289974519189483,0.35,0.7615711609767548,0.0123063941630549,-0.0532054848678422,-0.0532054848678422,0.2513855946369891,0.2798420397593091,7.600783552548894,45.825613529604304,31.55884681333052,72.05987170349252,171350730.62383467,60,31518623133.498875,0.048,2.6347874842792445,42.50712758374911,79.9530431854181,75.20928291796571,False,False,True,False,False,False,100.0,False,yahoo_finance,observed_price_volume_fx,yahoo_finance,"bloomberg_database_as_of,eastmoney_china_financials,yahoo_finance_timeseries",False,False,Equity,Active,narrative_review;,0.0,constrained_regime_gated_drl,True,False,True,optimal,143,140,0.95,0.95,False,False,True,True,True,0.0,True,0.0,baseline_optimiser,0.0,0.0,0.0,baseline_optimiser
601838.SHG,601838.SHG,NAME:bankofchengducoltd,Bank of Chengdu Co Ltd,China,Mainland China,Financials,CNY,Banks - Regional,0.0,0.0,Hold,62.38703114756896,62.38703114756896,91.9345272935837,80.02055615873272,48.77083333333333,81.00001336983581,0.35,0.0513,0.193273610265575,-0.1554691055500972,0.35,0.7787102380380007,0.0002268651042309,-0.0674188984887202,-0.0674188984887202,0.2869411501925447,0.30014511948118,9.631271212674326,50.08280648896549,33.104268861008144,53.59942979330007,58466879.24203597,60,11201255934.728626,0.0513,0.985118791267438,42.50712758374911,80.83638174359011,83.82820545912232,False,False,True,False,True,False,100.0,False,yahoo_finance,observed_price_volume_fx,yahoo_finance,"bloomberg_database_as_of,eastmoney_china_financials,yahoo_finance_timeseries",False,False,Equity,Active,alt_data_review;narrative_review;ml_drawdown_risk;,0.0,constrained_regime_gated_drl,True,False,True,optimal,143,140,0.95,0.95,False,False,True,True,True,0.0,True,0.0,baseline_optimiser,0.0,0.0,0.0,baseline_optimiser
GILD.US,GILD.US,NAME:gileadsciencesinc,Gilead Sciences Inc,United States,US,Healthcare,USD,Drug Manufacturers - General,0.0,0.0,Hold,62.23565821383043,62.23565821383043,81.00435270229585,70.2304116478995,48.77083333333333,71.77379906466153,0.35,0.0249,0.2705844658172971,-0.3716801458781471,0.35,0.9584832423778362,-0.1404460939947432,-0.2351506570307972,-0.2351506570307972,0.2719554053600428,0.3240723471656587,33.59295100439961,52.036715730809085,47.13665179617943,96.65003563791872,1015085207.52,60,162471837696.0,0.0249,0.0582008558165819,69.07265953624048,75.03112221961493,61.65007136137461,False,False,True,False,True,False,100.0,False,yahoo_finance,yahoo_finance_3m_average_volume,yahoo_finance,"bloomberg_database_as_of,finnhub_reported,yahoo_finance_timeseries",False,False,Equity,Active,alt_data_review;narrative_review;ml_drawdown_risk;ml_downside_tail_risk;ml_asymmetric_downside;,0.0,constrained_regime_gated_drl,True,False,True,optimal,143,140,0.95,0.95,False,False,True,True,True,0.0,True,0.0,baseline_optimiser,0.0,0.0,0.0,baseline_optimiser
TTE.US,TTE.US,NAME:totalenergiesseadr,TotalEnergies SE ADR,United States,US,Energy,USD,Oil & Gas Integrated,0.0,0.0,Hold,62.20919763399128,62.20919763399128,91.18460441910192,55.95364559487729,61.10416666666667,81.00001336983581,0.35,0.05,0.2418619239349577,-0.287395108412946,0.35,0.8898653446728464,-0.0878878246524159,-0.1725394980296511,-0.1725394980296511,0.2510258900406915,0.3208078506206353,24.64849971852159,50.53306915072592,41.71827050756132,68.3535281539558,131417420.29,60,191418925056.0,0.05,0.0542788545958054,70.65682264127493,56.25841289419165,47.60811479403898,False,False,True,False,False,False,100.0,False,yahoo_finance,yahoo_finance_3m_average_volume,yahoo_finance,"bloomberg_database_as_of,yahoo_finance_timeseries",False,False,Equity,Active,narrative_review;ml_drawdown_risk;ml_downside_tail_risk;ml_asymmetric_downside;,0.0,constrained_regime_gated_drl,True,False,True,optimal,143,140,0.95,0.95,False,False,True,True,True,0.0,True,0.0,baseline_optimiser,0.0,0.0,0.0,baseline_optimiser
0823.HK,0823.HK,NAME:linkrealestateinvestmenttrust,Link Real Estate Investment Trust,Hong Kong,Hong Kong,Real Estate,HKD,REIT - Retail,0.0,0.0,Hold,62.14816391107803,62.14816391107803,92.79351109341948,63.832342187140384,74.32916666666668,86.28947834408092,0.35,0.0654,0.2007173153291026,-0.1705202045521576,0.35,0.7935034222169197,-0.0128711723175817,-0.0831222326827677,-0.0831222326827677,0.2269554053600428,0.315070364580877,11.874604668966816,48.57494850948811,34.16185291183129,51.033499643620814,51149523.46024388,60,12840771339.236795,0.0654,0.0835164328832465,72.87237941726544,72.32394912894821,66.64652497415327,False,False,True,False,False,False,100.0,False,yahoo_finance,observed_price_volume_fx,yahoo_finance,yahoo_finance_timeseries,False,False,Equity,Active,narrative_review;ml_drawdown_risk;,0.047500000000000014,constrained_regime_gated_drl,True,False,True,optimal,143,140,0.95,0.95,False,False,True,True,True,0.049999999999999996,True,0.049999999999999996,baseline_optimiser,0.047500000000000014,0.047500000000000014,0.049999999999999996,baseline_optimiser
601998.SHG,601998.SHG,NAME:chinaciticbankcorpltdclassa,China Citic Bank Corp Ltd Class A,China,Mainland China,Financials,CNY,Banks - Regional,0.0,0.0,Hold,62.08638589413254,62.08638589413254,91.92846884739696,78.57487926836178,51.14583333333333,83.2973760420765,0.35,0.0504999999999999,0.2139899607710293,-0.207071068607352,0.35,0.8245411521458177,-0.0368633654555859,-0.1117598517254462,-0.1117598517254462,0.2593855946369891,0.3005659803019774,15.965693103635177,48.64760666914296,36.55697222435322,57.377049180327866,73461832.71090469,60,61356409052.85562,0.0504999999999999,0.9798610790335772,42.50712758374911,85.29352337202795,76.53101642095834,False,False,True,False,False,False,100.0,False,yahoo_finance,observed_price_volume_fx,yahoo_finance,"bloomberg_database_as_of,eastmoney_china_financials,yahoo_finance_timeseries",False,False,Equity,Active,narrative_review;ml_drawdown_risk;ml_downside_tail_risk;ml_asymmetric_downside;,0.0,constrained_regime_gated_drl,True,False,True,optimal,143,140,0.95,0.95,False,False,True,True,True,0.0,True,0.0,baseline_optimiser,0.0,0.0,0.0,baseline_optimiser
000538.SHE,000538.SHE,NAME:yunnanbaiyaogroupcoltd,Yunnan Baiyao Group Co Ltd,China,Mainland China,Healthcare,CNY,Drug Manufacturers - Specialty & Generic,0.0,0.0,Hold,62.0683123848469,62.0683123848469,84.73806032374841,50.61551909263403,74.32916666666668,86.71868425443364,0.35,0.0312,0.1412062390766573,-0.003940734064541,0.35,0.6567410126664244,0.0957310128507364,0.0463088291739063,0.0463088291739063,0.2269554053600428,0.267117370146783,0.0,43.041910690169566,23.412406113944204,58.51746258018532,79516452.49197762,60,13386716764.810217,0.0312,0.0456578125967289,95.68847056978876,55.05068725013675,48.41375274812248,False,False,True,False,False,False,100.0,False,yahoo_finance,observed_price_volume_fx,yahoo_finance,"bloomberg_database_as_of,eastmoney_china_financials,yahoo_finance_timeseries",False,False,Equity,Active,narrative_review;,0.047500000000000014,constrained_regime_gated_drl,True,False,True,optimal,143,140,0.95,0.95,False,False,True,True,True,0.049999999999999996,True,0.049999999999999996,baseline_optimiser,0.047500000000000014,0.047500000000000014,0.049999999999999996,baseline_optimiser
2057.HK,2057.HK,NAME:ztoexpresscaymaninc,Zto Express Cayman Inc,Hong Kong,Hong Kong,Industrials,HKD,Integrated Freight & Logistics,0.0,0.0,Hold,61.97949252437815,61.97949252437815,80.34342971117444,49.61837149112631,52.77083333333333,73.98492652868289,0.35,0.0283999999999999,0.2749802959414247,-0.3902347495628241,0.35,0.9705276659873004,-0.1491863752990793,-0.245429478878578,-0.245429478878578,0.2719554053600428,0.3407523478866451,35.061354125511144,53.96133119861521,48.22098151657326,46.18674269422666,40284219.44580027,60,18033019278.588264,0.0283999999999999,0.0484879698132546,95.38146311606472,54.41172393798965,53.425466249974974,False,False,True,False,False,False,100.0,False,yahoo_finance,observed_price_volume_fx,yahoo_finance,"bloomberg_database_as_of,eastmoney_hk_financials,yahoo_finance_timeseries",False,False,Equity,Active,narrative_review;ml_drawdown_risk;ml_downside_tail_risk;ml_asymmetric_downside;ml_downside_skew;,0.0,constrained_regime_gated_drl,True,False,True,optimal,143,140,0.95,0.95,False,False,True,True,True,0.0,True,0.0,baseline_optimiser,0.0,0.0,0.0,baseline_optimiser
000001.SHE,000001.SHE,NAME:pinganbankcoltd,Ping An Bank Co Ltd,China,Mainland China,Financials,CNY,Banks - Regional,0.0,0.0,Hold,61.96789745592957,61.96789745592957,93.63962351596432,83.5181618380037,34.60416666666667,86.71868425443364,0.35,0.0529,0.1572165968790878,-0.051499998705753,0.35,0.6948289549722788,0.0663497250596954,0.0113239161520146,0.0113239161520146,0.2904967057481002,0.2628478996722762,0.0,45.97073411785266,26.447463766878396,72.77263007840342,179759218.654418,60,32096518992.55055,0.0529,1.446526505719069,42.50712758374911,83.83061238612993,76.74571033238814,False,False,True,False,False,False,100.0,False,yahoo_finance,observed_price_volume_fx,yahoo_finance,"bloomberg_database_as_of,eastmoney_china_financials,yahoo_finance_timeseries",False,False,Equity,Active,narrative_review;,0.047500000000000014,constrained_regime_gated_drl,True,False,True,optimal,143,140,0.95,0.95,False,False,True,True,True,0.049999999999999996,True,0.049999999999999996,baseline_optimiser,0.047500000000000014,0.047500000000000014,0.049999999999999996,baseline_optimiser
DHL.XETRA,DHL.XETRA,NAME:deutschepostag,Deutsche Post AG,Germany,DACH,Industrials,EUR,Integrated Freight & Logistics,0.0,0.0,Watchlist,61.66460502842402,61.66460502842402,71.44203245165694,70.61089788039551,57.10416666666667,71.77379906466153,0.35,0.0342,0.2676346772070088,-0.3649367283706203,0.35,0.951901094743582,-0.1352945846912765,-0.2289667217137296,-0.2289667217137296,0.2675109609155984,0.3304286725048209,32.70953167338995,52.53082164601157,46.66443723244904,66.00142551674982,116921871.84014766,60,69573369726.93408,0.0342,0.1049181031145723,50.92677787369319,68.13195260212939,64.4885240325729,False,False,True,False,False,False,100.0,False,yahoo_finance,yahoo_finance_3m_average_volume,yahoo_finance,"bloomberg_database_as_of,yahoo_finance_timeseries",False,False,Equity,Active,narrative_review;ml_drawdown_risk;ml_downside_tail_risk;ml_asymmetric_downside;,0.0,constrained_regime_gated_drl,True,False,True,optimal,143,140,0.95,0.95,False,False,True,True,True,0.0,True,0.0,baseline_optimiser,0.0,0.0,0.0,baseline_optimiser
PSON.LSE,PSON.LSE,NAME:pearsonplc,Pearson PLC,United Kingdom,UK,Communication Services,GBX,Publishing,0.0,0.0,Hold,61.50825941644048,61.50825941644048,75.42773843378296,55.83557620047088,52.77083333333333,86.71868425443364,0.35,0.0207,0.2527921631485866,-0.3291124041132407,0.35,0.9188205177250868,-0.1090106044163428,-0.1974878615183481,-0.1974878615183481,0.2719554053600428,0.3431378039200842,28.212551645478307,54.23657612555048,44.22267228299459,42.19529579472559,31278848.683334667,60,9868237313.949465,0.0207,0.0714524792062677,69.50515106714931,73.06942572006949,57.93160250333091,False,False,True,False,False,False,100.0,False,yahoo_finance,yahoo_finance_3m_average_volume,yahoo_finance,"bloomberg_database_as_of,yahoo_finance_timeseries",False,False,Equity,Active,narrative_review;ml_drawdown_risk;ml_downside_tail_risk;ml_asymmetric_downside;ml_downside_skew;,0.0,constrained_regime_gated_drl,True,False,True,optimal,143,140,0.95,0.95,False,False,True,True,True,0.0,True,0.0,baseline_optimiser,0.0,0.0,0.0,baseline_optimiser
CRH.US,CRH.US,NAME:crhplcadr,CRH PLC ADR,United States,US,Materials,USD,Building Materials,0.0,0.0,Hold,61.39320945727231,61.39320945727231,75.09426229508198,61.723075840893614,66.45416666666668,90.2262276750101,0.221207757029178,0.0156,0.3284329767626673,-0.662055038094066,0.221207757029178,0.9650300220152884,-0.3743358885585111,-0.4892874304254446,-0.4892874304254446,0.2269554053600428,0.3485477225460378,69.8982043464921,52.43772058239127,57.65858735722523,88.95224518888098,458729333.28,60,64971685888.0,0.0156,0.0448195234616473,56.44667180834898,58.56627634357362,54.775431024893045,False,False,True,False,False,False,100.0,False,yahoo_finance,yahoo_finance_3m_average_volume,yahoo_finance,"bloomberg_database_as_of,yahoo_finance_timeseries",False,False,Equity,Active,narrative_review;ml_drawdown_risk;ml_downside_tail_risk;ml_asymmetric_downside;ml_cvar_risk;ml_expected_shortfall_risk;,0.0,constrained_regime_gated_drl,True,False,True,optimal,143,140,0.95,0.95,False,False,True,True,True,0.0,True,0.0,baseline_optimiser,0.0,0.0,0.0,baseline_optimiser
GD.US,GD.US,NAME:generaldynamicscorporation,General Dynamics Corporation,United States,US,Industrials,USD,Aerospace & Defense,0.0,0.0,Hold,61.29096490649445,61.29096490649445,78.19977606607998,61.02606611725541,56.77083333333333,73.98492652868289,0.130371613738052,0.0166,0.2181312490106416,-0.4327627051499536,0.130371613738052,0.6126568941924032,-0.2634832543705268,-0.3398291915242513,-0.3398291915242513,0.2363998498044873,0.2960737065410716,48.54702736060734,46.89157343651912,37.04626068509627,89.66500356379188,476054760.4,60,104683986944.0,0.0166,0.0378185825318044,75.53672100473898,54.53556939344962,59.30062267082646,False,False,True,False,False,False,100.0,False,yahoo_finance,yahoo_finance_3m_average_volume,yahoo_finance,"bloomberg_database_as_of,finnhub_reported,yahoo_finance_timeseries",False,False,Equity,Active,narrative_review;ml_downside_tail_risk;ml_asymmetric_downside;ml_cvar_risk;ml_expected_shortfall_risk;,0.0,constrained_regime_gated_drl,True,False,True,optimal,143,140,0.95,0.95,False,False,True,True,True,0.0,True,0.0,baseline_optimiser,0.0,0.0,0.0,baseline_optimiser
BT-A.LSE,BT-A.LSE,NAME:btgroupplc,BT Group Plc,United Kingdom,UK,Communication Services,GBX,Telecom Services,0.0,0.0,Hold,61.266061131179896,61.266061131179896,85.42488740028331,63.53611035552534,61.10416666666667,86.71868425443364,0.35,0.0414,0.2563660329823335,-0.3495996041672802,0.35,0.9314436193239966,-0.1164406831028424,-0.2061687946466592,-0.2061687946466592,0.3487627639734645,0.3298777943975921,29.452684949522745,56.8423558752164,45.39599337547168,51.10477548111191,51412378.14521927,60,26033110802.24725,0.0414,0.0965620974245603,34.315198947360834,72.90689685028448,60.322091088080754,False,False,True,False,False,False,100.0,False,yahoo_finance,yahoo_finance_3m_average_volume,yahoo_finance,yahoo_finance_timeseries,False,False,Equity,Active,narrative_review;ml_drawdown_risk;ml_downside_tail_risk;ml_asymmetric_downside;ml_downside_skew;,0.0,constrained_regime_gated_drl,True,False,True,optimal,143,140,0.95,0.95,False,False,True,True,True,0.0,True,0.0,baseline_optimiser,0.0,0.0,0.0,baseline_optimiser
TFC.US,TFC.US,NAME:truistfinancialcorp,Truist Financial Corp,United States,US,Financials,USD,Banks - Regional,0.0,0.0,Hold,61.2521151104196,61.2521151104196,87.94458303635066,77.11886952888747,56.77083333333333,86.71868425443364,0.35,0.0394,0.241987651614426,-0.2846360201770942,0.35,0.8893085132566908,-0.0877489552730827,-0.1724446333381318,-0.1724446333381318,0.2513855946369891,0.3111928202058751,24.63494761973312,49.443011273438856,41.600765130852885,89.59372772630078,473968426.8,60,64245325824.0,0.0394,0.0893294559003714,42.50712758374911,76.06466852602641,69.13302911929361,False,False,True,False,False,False,100.0,False,yahoo_finance,yahoo_finance_3m_average_volume,yahoo_finance,"bloomberg_database_as_of,finnhub_reported,yahoo_finance_timeseries",False,False,Equity,Active,narrative_review;ml_drawdown_risk;ml_downside_tail_risk;ml_asymmetric_downside;,0.0,constrained_regime_gated_drl,True,False,True,optimal,143,140,0.95,0.95,False,False,True,True,True,0.0,True,0.0,baseline_optimiser,0.0,0.0,0.0,baseline_optimiser
NOC.US,NOC.US,NAME:northropgrummancorporation,Northrop Grumman Corporation,United States,US,Industrials,USD,Aerospace & Defense,0.0,0.0,Hold,61.13060049518394,61.13060049518394,73.36085945880984,64.20332782227564,56.77083333333333,81.00001336983581,0.0839061988868414,0.0169,0.261500694657981,-0.6126295586881408,0.0839061988868414,0.6705350592993542,-0.3902489515908852,-0.4817741947211785,-0.4817741947211785,0.2363998498044873,0.3438700712970248,68.82488496016836,52.40653860066755,45.47116867692218,91.23307198859588,550806586.76,60,80654860288.0,0.0169,0.0410018688048241,57.47648301108034,54.98067067914594,64.32597278210514,False,False,True,False,False,False,100.0,False,yahoo_finance,yahoo_finance_3m_average_volume,yahoo_finance,"bloomberg_database_as_of,finnhub_reported,yahoo_finance_timeseries",False,False,Equity,Active,narrative_review;ml_drawdown_risk;ml_downside_tail_risk;ml_cvar_risk;ml_expected_shortfall_risk;,0.0,constrained_regime_gated_drl,True,False,True,optimal,143,140,0.95,0.95,False,False,True,True,True,0.0,True,0.0,baseline_optimiser,0.0,0.0,0.0,baseline_optimiser
ROP.SW,ROP.SW,NAME:rocheholdingag,Roche Holding AG,Switzerland,DACH,Healthcare,CHF,Drug Manufacturers - General,0.0,0.0,Watchlist,61.125470393838064,61.125470393838064,73.20750370671523,60.60476837533655,56.77083333333333,86.71868425443364,0.2529817866245293,0.0269,0.2440286141285002,-0.3801122434728256,0.2529817866245293,0.7948077833920612,-0.1877059207880732,-0.2731159357330482,-0.2731159357330482,0.2363998498044873,0.2980322711582123,39.01656224757832,47.117561661573816,41.63533343621844,88.31076265146115,445588429.51738656,60,362392398036.7437,0.0269,0.0444098932364485,72.56527594201349,70.12833113346537,52.70031571244718,False,False,True,False,False,False,100.0,False,yahoo_finance,yahoo_finance_3m_average_volume,yahoo_finance,"bloomberg_database_as_of,yahoo_finance_timeseries",False,False,Equity,Active,narrative_review;ml_downside_tail_risk;ml_asymmetric_downside;ml_cvar_risk;ml_expected_shortfall_risk;,0.0,constrained_regime_gated_drl,True,False,True,optimal,143,140,0.95,0.95,False,False,True,True,True,0.0,True,0.0,baseline_optimiser,0.0,0.0,0.0,baseline_optimiser
BBVA.MC,BBVA.MC,NAME:bancobilbaovizcayaargentariasa,Banco Bilbao Vizcaya Argentaria SA,Spain,EU ex-DACH,Financials,EUR,Banks - Diversified,0.0,0.0,Hold,61.1205974658853,61.1205974658853,76.06484110019308,77.58005601946591,74.32916666666668,86.71868425443364,0.35,0.0379,0.299435750304878,-0.4502077691507273,0.35,1.0251157285138135,-0.1926842731412057,-0.297486785747913,-0.297486785747913,0.2419411501925446,0.3362814603766414,42.49811224970186,51.82930736151872,52.28065259510212,78.54597291518175,261278659.5618642,60,154583714726.42145,0.0379,0.0982787794970075,42.50712758374911,72.44818124556153,76.03567578721248,False,False,True,False,False,False,100.0,False,yahoo_finance,yahoo_finance_3m_average_volume,yahoo_finance,"bloomberg_database_as_of,yahoo_finance_timeseries",False,False,Equity,Active,narrative_review;ml_drawdown_risk;ml_downside_tail_risk;ml_asymmetric_downside;ml_cvar_risk;ml_expected_shortfall_risk;,0.0,constrained_regime_gated_drl,True,False,True,optimal,143,140,0.95,0.95,False,False,True,True,True,0.0,True,0.0,baseline_optimiser,0.0,0.0,0.0,baseline_optimiser
MCD.US,MCD.US,NAME:mcdonaldscorporation,McDonald’s Corporation,United States,US,Consumer Discretionary,USD,Restaurants,0.0,0.0,Hold,60.94944044484538,60.94944044484538,85.4341794101504,61.44297027945134,45.4375,81.08624857805513,0.1595065480469825,0.0272,0.1810170697391202,-0.3111240945113155,0.1595065480469825,0.5600275826603845,-0.1677936734651469,-0.231149647873839,-0.231149647873839,0.3080120888319055,0.2806149822794133,33.0213782676913,48.96391812318874,30.870773944800334,97.7904490377762,1293195713.32,60,196284350464.0,0.0272,0.0366101524803831,52.19459398434194,67.29443417513664,54.95262662065011,False,False,True,False,True,False,100.0,False,yahoo_finance,yahoo_finance_3m_average_volume,yahoo_finance,"bloomberg_database_as_of,finnhub_reported,yahoo_finance_timeseries",False,False,Equity,Active,alt_data_review;narrative_review;ml_downside_tail_risk;ml_asymmetric_downside;,0.0,constrained_regime_gated_drl,True,False,True,optimal,143,140,0.95,0.95,False,False,True,True,True,0.0,True,0.0,baseline_optimiser,0.0,0.0,0.0,baseline_optimiser
BNZL.LSE,BNZL.LSE,NAME:bunzlplc,Bunzl PLC,United Kingdom,UK,Consumer Staples,GBX,Food Distribution,0.0,0.0,Watchlist,60.87367997637883,60.87367997637883,71.33042461425293,64.4871437081108,52.77083333333333,86.71868425443364,0.35,0.0262,0.215349202115168,-0.2149464292156233,0.35,0.8290034713508632,-0.0397668450068344,-0.1151390657471432,-0.1151390657471432,0.2719554053600428,0.3080458378901928,16.448437963877613,50.18750312210148,36.99417935429502,50.32074126870991,49048902.30849109,60,12106075522.539074,0.0262,0.093893845349203,53.36759851850991,72.34365289880957,64.49539277564293,False,False,True,False,False,False,100.0,False,yahoo_finance,yahoo_finance_3m_average_volume,yahoo_finance,"bloomberg_database_as_of,yahoo_finance_timeseries",False,False,Equity,Active,narrative_review;ml_drawdown_risk;ml_downside_tail_risk;ml_asymmetric_downside;,0.0,constrained_regime_gated_drl,True,False,True,optimal,143,140,0.95,0.95,False,False,True,True,True,0.0,True,0.0,baseline_optimiser,0.0,0.0,0.0,baseline_optimiser
PM.US,PM.US,NAME:philipmorrisinternationalinc,Philip Morris International Inc,United States,US,Consumer Staples,USD,Tobacco,0.0,0.0,Watchlist,60.854786757729535,60.854786757729535,73.7093504712754,57.95871222295934,68.97916666666667,73.98492652868289,0.3471235484938444,0.0311,0.279033034725839,-0.4138903401957087,0.3471235484938444,0.9809905127226164,-0.1602571111187563,-0.2579186732728,-0.2579186732728,0.3348479723469481,0.3300146801515154,36.84552475325715,56.10889237462591,49.43002765049462,96.2223806129722,964955068.75,60,293097242624.0,0.0311,0.0363838291501101,65.98013782708922,66.50384094461353,46.62676560189789,False,False,True,False,False,False,100.0,False,yahoo_finance,yahoo_finance_3m_average_volume,yahoo_finance,"bloomberg_database_as_of,finnhub_reported,yahoo_finance_timeseries",False,False,Equity,Active,narrative_review;ml_drawdown_risk;ml_downside_tail_risk;ml_asymmetric_downside;ml_cvar_risk;ml_expected_shortfall_risk;ml_downside_skew;,0.0,constrained_regime_gated_drl,True,False,True,optimal,143,140,0.95,0.95,False,False,True,True,True,0.0,True,0.0,baseline_optimiser,0.0,0.0,0.0,baseline_optimiser
AZN.LSE,AZN.LSE,NAME:astrazenecaplc,AstraZeneca PLC,United Kingdom,UK,Healthcare,GBX,Drug Manufacturers - General,0.0,0.0,Watchlist,60.79496963374515,60.79496963374515,74.87845606836676,56.43817336660047,76.95416666666668,86.28947834408092,0.2255925422006339,0.0199,0.2607451820752,-0.4565033484305591,0.2255925422006339,0.8068907319419014,-0.2457761472432258,-0.3370369609695459,-0.3370369609695459,0.2269554053600428,0.3144535943658239,48.1481372813637,48.50378271544351,44.77056531074097,87.9543834640057,437624013.1799665,60,249375608573.63477,0.0199,0.0347668324484106,68.9095914086054,59.84600635581247,51.43622285579973,False,False,True,False,False,False,100.0,False,yahoo_finance,yahoo_finance_3m_average_volume,yahoo_finance,"bloomberg_database_as_of,yahoo_finance_timeseries",False,False,Equity,Active,narrative_review;ml_drawdown_risk;ml_downside_tail_risk;ml_asymmetric_downside;ml_cvar_risk;ml_expected_shortfall_risk;,0.0,constrained_regime_gated_drl,True,False,True,optimal,143,140,0.95,0.95,False,False,True,True,True,0.0,True,0.0,baseline_optimiser,0.0,0.0,0.0,baseline_optimiser
NXT.LSE,NXT.LSE,NAME:nextplc,Next PLC,United Kingdom,UK,Consumer Discretionary,GBX,Apparel Retail,0.0,0.0,Hold,60.70233449694844,60.70233449694844,75.74769831435388,59.04840522822532,28.77083333333333,83.2973760420765,0.137122032306776,0.0171,0.2332408259421857,-0.479683091984646,0.137122032306776,0.6583469812719659,-0.2853831291445891,-0.3670174182243541,-0.3670174182243541,0.2799554053600429,0.3139021582279618,52.4310597463363,51.294001622613294,40.32807380679024,57.733428367783326,75468025.26825891,60,23897556716.45765,0.0171,0.0600510969739018,73.54492501676239,69.54958457713653,61.704332624376605,False,False,True,False,False,False,100.0,False,yahoo_finance,yahoo_finance_3m_average_volume,yahoo_finance,"bloomberg_database_as_of,yahoo_finance_timeseries",False,False,Equity,Active,narrative_review;ml_drawdown_risk;ml_downside_tail_risk;ml_asymmetric_downside;ml_cvar_risk;ml_expected_shortfall_risk;,0.0,constrained_regime_gated_drl,True,False,True,optimal,143,140,0.95,0.95,False,False,True,True,True,0.0,True,0.0,baseline_optimiser,0.0,0.0,0.0,baseline_optimiser
SCHP.SW,SCHP.SW,NAME:schindlerps,Schindler Ps,Switzerland,DACH,Industrials,CHF,Specialty Industrial Machinery,0.0,0.0,Watchlist,60.66273525643732,60.66273525643732,69.78318366351434,50.89522222218526,48.77083333333333,86.71868425443364,0.1880194910129687,0.0229,0.191960452497851,-0.3139393260251056,0.1880194910129687,0.6135400011642299,-0.1594314063329595,-0.2266175647072074,-0.2266175647072074,0.2719554053600428,0.3085658668397467,32.37393781531535,50.24750646243462,32.866842133731254,45.1176051318603,37976402.736808605,60,34473767596.47984,0.0229,0.0493874925700169,97.93098979046884,64.7368947406969,57.41980812081441,False,False,True,False,True,False,100.0,False,yahoo_finance,yahoo_finance_3m_average_volume,yahoo_finance,"bloomberg_database_as_of,yahoo_finance_timeseries",False,False,Equity,Active,alt_data_review;narrative_review;ml_drawdown_risk;ml_downside_tail_risk;ml_asymmetric_downside;,0.0,constrained_regime_gated_drl,True,False,True,optimal,143,140,0.95,0.95,False,False,True,True,True,0.0,True,0.0,baseline_optimiser,0.0,0.0,0.0,baseline_optimiser
MDT.US,MDT.US,NAME:medtronicplc,Medtronic PLC,United States,US,Healthcare,USD,Medical Devices,0.0,0.0,Hold,60.48802727215834,60.48802727215834,84.04230708575986,64.76631943904417,35.6875,83.2973760420765,0.1178461562124806,0.0335,0.2357074581168839,-0.5130983780807779,0.1178461562124806,0.6474059701848243,-0.309864544881532,-0.3923621552224413,-0.3923621552224413,0.315937627582265,0.3166859137445559,56.05173646034877,53.55270845572456,41.12448880725068,95.15324305060584,833246832.96,60,109981483008.0,0.0335,0.0493355776954318,53.97941837293476,69.69904916283997,54.23510064754909,False,False,True,False,False,False,100.0,False,yahoo_finance,yahoo_finance_3m_average_volume,yahoo_finance,"bloomberg_database_as_of,finnhub_reported,yahoo_finance_timeseries",False,False,Equity,Active,narrative_review;ml_drawdown_risk;ml_downside_tail_risk;ml_cvar_risk;ml_expected_shortfall_risk;,0.0,constrained_regime_gated_drl,True,False,True,optimal,143,140,0.95,0.95,False,False,True,True,True,0.0,True,0.0,baseline_optimiser,0.0,0.0,0.0,baseline_optimiser
FITB.US,FITB.US,NAME:fifththirdbancorp,Fifth Third Bancorp,United States,US,Financials,USD,Banks - Regional,0.0,0.0,Hold,60.480443510259214,60.480443510259214,83.04419101924447,72.2719900827976,61.10416666666667,90.2262276750101,0.35,0.0278,0.2633128216905774,-0.344583954698636,0.35,0.9391242966185098,-0.1265591516522648,-0.2187186392439669,-0.2187186392439669,0.2469411501925446,0.3187265634470517,31.24551989199528,50.072973100412206,45.49043326891952,85.53100498930863,391907640.96,60,51656597504.0,0.0278,0.0736595165739548,42.50712758374911,77.00942158267019,66.03727132912138,False,False,True,False,False,False,100.0,False,yahoo_finance,yahoo_finance_3m_average_volume,yahoo_finance,"bloomberg_database_as_of,finnhub_reported,yahoo_finance_timeseries",False,False,Equity,Active,narrative_review;ml_drawdown_risk;ml_downside_tail_risk;ml_asymmetric_downside;,0.0,constrained_regime_gated_drl,True,False,True,optimal,143,140,0.95,0.95,False,False,True,True,True,0.0,True,0.0,baseline_optimiser,0.0,0.0,0.0,baseline_optimiser
GSK.LSE,GSK.LSE,NAME:gskplc,GSK plc,United Kingdom,UK,Healthcare,GBX,Drug Manufacturers - General,0.0,0.0,Watchlist,60.46127395301501,60.46127395301501,82.27350239766112,59.411219501485895,36.35416666666667,81.00001336983581,0.3281582176007984,0.0355,0.2475965705821727,-0.3202332441974749,0.3281582176007984,0.8798214389752111,-0.1196122518590562,-0.2062710515628166,-0.2062710515628166,0.2399554053600429,0.3130857688939457,29.467293080402385,49.04595669945759,42.526023672363614,75.33856022808268,213389490.74074075,60,104334456703.14456,0.0355,0.0615744400674654,68.588393068316,70.78274592112979,46.43914257323025,False,False,True,False,False,False,100.0,False,yahoo_finance,yahoo_finance_3m_average_volume,yahoo_finance,"bloomberg_database_as_of,yahoo_finance_timeseries",False,False,Equity,Active,narrative_review;ml_drawdown_risk;ml_downside_tail_risk;ml_asymmetric_downside;,0.0,constrained_regime_gated_drl,True,False,True,optimal,143,140,0.95,0.95,False,False,True,True,True,0.0,True,0.0,baseline_optimiser,0.0,0.0,0.0,baseline_optimiser
600009.SHG,600009.SHG,NAME:shanghaiinternationalairportcoltd,Shanghai International Airport Co Ltd,China,Mainland China,Industrials,CNY,Airports & Air Services,0.0,0.0,Watchlist,60.41230719670239,60.41230719670239,76.33743949651328,56.6970072945949,51.14583333333333,86.71868425443364,0.2671577933523996,0.0196,0.1958784191443771,-0.2444416300098622,0.2671577933523996,0.7010007151543787,-0.0873725433204747,-0.1559299900210067,-0.1559299900210067,0.2448435111651677,0.3202301529032458,22.275712860143827,50.13351439772969,33.503392899574976,49.53670705630791,46985098.0702444,60,8775445098.734776,0.0196,0.0790330837619942,68.55533818438165,73.44971136004068,49.89492156464037,False,False,True,False,False,False,100.0,False,yahoo_finance,observed_price_volume_fx,yahoo_finance,"bloomberg_database_as_of,eastmoney_china_financials,yahoo_finance_timeseries",False,False,Equity,Active,narrative_review;ml_drawdown_risk;ml_downside_tail_risk;ml_asymmetric_downside;,0.0,constrained_regime_gated_drl,True,False,True,optimal,143,140,0.95,0.95,False,False,True,True,True,0.0,True,0.0,baseline_optimiser,0.0,0.0,0.0,baseline_optimiser
MTB.US,MTB.US,NAME:mtbankcorporation,M&T Bank Corporation,United States,US,Financials,USD,Banks - Regional,0.0,0.0,Hold,60.39441947678533,60.39441947678533,84.62562366357804,71.68466615707193,61.10416666666667,86.71868425443364,0.35,0.0237999999999999,0.2194285754056366,-0.2175636016852847,0.35,0.8356757923939707,-0.0462680603469037,-0.1230680617388766,-0.1230680617388766,0.2469411501925446,0.2935023983226206,17.581151676982373,47.16249250913171,37.3233687042202,80.25659301496792,280242598.02,60,36124282880.0,0.0237999999999999,0.0791711218047022,42.50712758374911,78.11726558970922,66.24292153216967,False,False,True,False,False,False,100.0,False,yahoo_finance,yahoo_finance_3m_average_volume,yahoo_finance,"bloomberg_database_as_of,finnhub_reported,yahoo_finance_timeseries",False,False,Equity,Active,narrative_review;ml_downside_tail_risk;ml_asymmetric_downside;,0.0,constrained_regime_gated_drl,True,False,True,optimal,143,140,0.95,0.95,False,False,True,True,True,0.0,True,0.0,baseline_optimiser,0.0,0.0,0.0,baseline_optimiser
CFR.SW,CFR.SW,NAME:compagniefinancirerichemontsa,Compagnie Financière Richemont SA,Switzerland,DACH,Consumer Discretionary,CHF,Luxury Goods,0.0,0.0,Watchlist,60.11309673927071,60.11309673927071,65.26954709311576,54.30349091641837,57.10416666666667,86.71868425443364,0.1400496889509897,0.0167,0.2990754305063461,-0.6680554831540555,0.1400496889509897,0.8173011116442921,-0.4029203634075581,-0.5075967640847793,-0.5075967640847793,0.2675109609155984,0.343556596700282,72.51382344068276,54.04558213010323,52.6361928318948,77.26300784034213,240683234.66053048,60,141442162969.8535,0.0167,0.0310103247927528,87.85275808968493,61.22967028573276,56.924544864545325,False,False,True,False,False,False,100.0,False,yahoo_finance,yahoo_finance_3m_average_volume,yahoo_finance,"bloomberg_database_as_of,yahoo_finance_timeseries",False,False,Equity,Active,narrative_review;ml_drawdown_risk;ml_downside_tail_risk;ml_asymmetric_downside;ml_cvar_risk;ml_expected_shortfall_risk;ml_downside_skew;,0.0,constrained_regime_gated_drl,True,False,True,optimal,143,140,0.95,0.95,False,False,True,True,True,0.0,True,0.0,baseline_optimiser,0.0,0.0,0.0,baseline_optimiser
BN.PA,BN.PA,NAME:danonesa,Danone SA,France,EU ex-DACH,Consumer Staples,EUR,Packaged Foods,0.0,0.0,Watchlist,59.97413501253245,59.97413501253245,62.94123579770973,64.01339788833889,68.52083333333333,81.44223886264008,0.3401701179369665,0.0331,0.228837243194054,-0.2740475680029346,0.3401701179369665,0.8546666709690997,-0.0752841467859506,-0.1553771819038695,-0.1553771819038695,0.3325263204707041,0.3146943655621596,22.19674027198137,54.21615174405633,39.99795102582964,68.13970064148253,130740248.39088184,60,49975894154.77154,0.0331,0.0629141216102093,49.27009800022493,69.25589731303864,64.83208886536902,False,False,True,False,False,False,100.0,False,yahoo_finance,yahoo_finance_3m_average_volume,yahoo_finance,"bloomberg_database_as_of,yahoo_finance_timeseries",False,False,Equity,Active,narrative_review;ml_drawdown_risk;ml_downside_tail_risk;ml_asymmetric_downside;ml_downside_skew;,0.0,constrained_regime_gated_drl,True,False,True,optimal,143,140,0.95,0.95,False,False,True,True,True,0.0,True,0.0,baseline_optimiser,0.0,0.0,0.0,baseline_optimiser
ADM.US,ADM.US,NAME:archerdanielsmidlandcompany,Archer-Daniels-Midland Company,United States,US,Consumer Staples,USD,Farm Products,0.0,0.0,Hold,59.951823465579984,59.951823465579984,73.47503115552345,74.46333051574642,55.4375,81.00001336983581,0.3111074618922137,0.0268,0.2697762504920666,-0.4063913758865889,0.3111074618922137,0.917354521476823,-0.1775921366591598,-0.2720138243313831,-0.2720138243313831,0.2820415783958841,0.3132508459429786,38.859117761626166,51.331182599352815,46.90923685130944,80.61297220242338,285909354.27000004,60,37356687360.0,0.0268,0.112536745013999,44.17259975658919,57.83788473646987,61.61705063352456,False,False,True,False,True,False,100.0,False,yahoo_finance,yahoo_finance_3m_average_volume,yahoo_finance,"bloomberg_database_as_of,finnhub_reported,yahoo_finance_timeseries",False,False,Equity,Active,alt_data_review;narrative_review;ml_drawdown_risk;ml_downside_tail_risk;ml_asymmetric_downside;ml_cvar_risk;ml_expected_shortfall_risk;,0.0,constrained_regime_gated_drl,True,False,True,optimal,143,140,0.95,0.95,False,False,True,True,True,0.0,True,0.0,baseline_optimiser,0.0,0.0,0.0,baseline_optimiser
LMT.US,LMT.US,NAME:lockheedmartincorporation,Lockheed Martin Corporation,United States,US,Industrials,USD,Aerospace & Defense,0.0,0.0,Hold,59.94467760952064,59.94467760952064,78.41075254505361,67.32223468600837,57.10416666666667,90.2262276750101,0.0655409669357535,0.0239,0.271957366614255,-0.6611578810202451,0.0655409669357535,0.677771087565081,-0.4274855640016659,-0.5226706423166552,-0.5226706423166552,0.2826855859739891,0.3213409101439061,74.66723461666503,52.29932887674241,47.447275371766935,94.51176051318603,747649671.8000001,60,134516383744.0,0.0239,0.0513543392093167,42.41268747080467,65.55133434945122,60.66204106398483,False,False,True,False,False,False,100.0,False,yahoo_finance,yahoo_finance_3m_average_volume,yahoo_finance,"bloomberg_database_as_of,finnhub_reported,yahoo_finance_timeseries",False,False,Equity,Active,narrative_review;ml_drawdown_risk;ml_downside_tail_risk;ml_cvar_risk;ml_expected_shortfall_risk;,0.0,constrained_regime_gated_drl,True,False,True,optimal,143,140,0.95,0.95,False,False,True,True,True,0.0,True,0.0,baseline_optimiser,0.0,0.0,0.0,baseline_optimiser
CCEP.US,CCEP.US,NAME:cocacolaeuropeanpartnersplc,Coca-Cola European Partners PLC,United States,US,Consumer Staples,USD,Beverages - Non-Alcoholic,0.0,0.0,Watchlist,59.94113933663644,59.94113933663644,71.36722645131817,62.57267938475485,64.97916666666667,81.44223886264008,0.1853720370882305,0.0222,0.2355534603123213,-0.4348793567675857,0.1853720370882305,0.7109482490239641,-0.2410325669790552,-0.3234762780883676,-0.3234762780883676,0.2675109609155984,0.311854817594431,46.21089686976681,50.38768454096657,40.60439292609081,75.83749109052032,219162408.75,60,47866884096.0,0.0222,0.0483000298054027,51.184484094881626,63.58983787374467,65.09412315815305,False,False,True,False,False,False,100.0,False,yahoo_finance,yahoo_finance_3m_average_volume,yahoo_finance,"bloomberg_database_as_of,yahoo_finance_timeseries",False,False,Equity,Active,narrative_review;ml_drawdown_risk;ml_downside_tail_risk;ml_asymmetric_downside;ml_cvar_risk;ml_expected_shortfall_risk;,0.0,constrained_regime_gated_drl,True,False,True,optimal,143,140,0.95,0.95,False,False,True,True,True,0.0,True,0.0,baseline_optimiser,0.0,0.0,0.0,baseline_optimiser
AFL.US,AFL.US,NAME:aflacincorporated,Aflac Incorporated,United States,US,Financials,USD,Insurance - Life,0.0,0.0,Hold,59.70517968588461,59.70517968588461,84.56539558089807,62.48896758466043,35.6875,81.44223886264008,0.0883000771125663,0.0194,0.1689577109906914,-0.3397049536037766,0.0883000771125663,0.4580380001250735,-0.2161414972833995,-0.2752766961301415,-0.2752766961301415,0.2616078168592113,0.2599534266165098,39.32524230430593,44.08120090201636,28.26940822816873,81.53955808980756,302171242.08,60,64468029440.0,0.0194,0.0396320474224812,42.50712758374911,57.93284406081847,68.87694027345196,False,False,True,False,False,False,100.0,False,yahoo_finance,yahoo_finance_3m_average_volume,yahoo_finance,"bloomberg_database_as_of,finnhub_reported,yahoo_finance_timeseries",False,False,Equity,Active,narrative_review;ml_downside_tail_risk;ml_cvar_risk;ml_expected_shortfall_risk;,0.0,constrained_regime_gated_drl,True,False,True,optimal,143,140,0.95,0.95,False,False,True,True,True,0.0,True,0.0,baseline_optimiser,0.0,0.0,0.0,baseline_optimiser
ESSITY-B.ST,ESSITY-B.ST,NAME:essityabpubl,Essity AB (publ),Sweden,EU ex-DACH,Consumer Staples,SEK,Household & Personal Products,0.0,0.0,Watchlist,59.651235370231646,59.651235370231646,74.28733224646679,50.31778943781364,71.6625,81.00001336983581,0.35,0.031,0.1838830498208879,-0.1201370757042863,0.35,0.7536718390275114,0.0181745961351966,-0.0461844713021141,-0.0461844713021141,0.2202887386933762,0.2963541177081595,6.597781614587735,46.05640720366174,30.964937776639275,46.115466856735566,39872604.4658575,60,19620400402.730167,0.031,0.0446803921070031,74.01502346979734,54.03434000677613,59.26251620253037,False,False,True,False,False,False,100.0,False,yahoo_finance,yahoo_finance_3m_average_volume,yahoo_finance,yahoo_finance_timeseries,False,False,Equity,Active,narrative_review;,0.047500000000000014,constrained_regime_gated_drl,True,False,True,optimal,143,140,0.95,0.95,False,False,True,True,True,0.049999999999999996,True,0.049999999999999996,baseline_optimiser,0.047500000000000014,0.047500000000000014,0.049999999999999996,baseline_optimiser
601009.SHG,601009.SHG,NAME:bankofnanjingcoltd,Bank of Nanjing Co Ltd,China,Mainland China,Financials,CNY,Banks - Regional,0.0,0.0,Hold,59.650218560038695,59.650218560038695,91.12946670912186,74.50393634226668,57.10416666666667,73.98492652868289,0.35,0.0469,0.2073443828702086,-0.1941012500390029,0.35,0.811019302135966,-0.0253350074481176,-0.0979055414526906,-0.0979055414526906,0.2824967057481002,0.3050496574549899,13.986505921812956,50.40939847739656,35.61819389960344,59.37277263007841,83024657.45245959,60,20485334922.54937,0.0469,1.5163774330301862,42.50712758374911,85.27531792453831,62.40509660564128,False,False,True,False,False,False,100.0,False,yahoo_finance,observed_price_volume_fx,yahoo_finance,"bloomberg_database_as_of,eastmoney_china_financials,yahoo_finance_timeseries",False,False,Equity,Active,narrative_review;ml_drawdown_risk;,0.0,constrained_regime_gated_drl,True,False,True,optimal,143,140,0.95,0.95,False,False,True,True,True,0.0,True,0.0,baseline_optimiser,0.0,0.0,0.0,baseline_optimiser
PRU.LSE,PRU.LSE,NAME:prudentialplc,Prudential plc,United Kingdom,UK,Financials,GBX,Insurance - Life,0.0,0.0,Hold,59.553234604089575,59.553234604089575,75.45749609593548,63.08310896912462,56.77083333333333,81.44223886264008,0.35,0.0192,0.2551419611756844,-0.328939887086637,0.35,0.9220823294822698,-0.1125528777103808,-0.2018525641218704,-0.2018525641218704,0.2513855946369891,0.3355037579980887,28.83608058883863,52.24811948023272,44.33214681168538,66.9992872416251,123750054.51713397,60,34004011651.622864,0.0192,0.0689918596674765,42.50712758374911,50.99210406031835,58.80379163767815,False,False,True,False,False,False,100.0,False,yahoo_finance,yahoo_finance_3m_average_volume,yahoo_finance,"bloomberg_database_as_of,yahoo_finance_timeseries",False,False,Equity,Active,narrative_review;ml_drawdown_risk;ml_downside_tail_risk;ml_asymmetric_downside;,0.0,constrained_regime_gated_drl,True,False,True,optimal,143,140,0.95,0.95,False,False,True,True,True,0.0,True,0.0,baseline_optimiser,0.0,0.0,0.0,baseline_optimiser
600030.SHG,600030.SHG,NAME:citicsecuritiescoltd,CITIC Securities Co Ltd,China,Mainland China,Financials,CNY,Capital Markets,0.0,0.0,Hold,59.5438594838064,59.5438594838064,81.4587610783307,78.15135432548252,57.10416666666667,90.2262276750101,0.35,0.0250999999999999,0.2527064653881454,-0.318486212775258,0.35,0.9159311778562664,-0.1075485267898804,-0.1959957896757313,-0.1959957896757313,0.2824967057481002,0.3074765089481589,27.99939852510448,50.68941980353143,43.74372594154495,94.6543121881682,760795522.8401995,60,61226540134.799576,0.0250999999999999,0.1759316291506301,42.50712758374911,82.48534381089287,52.77741598340695,False,False,True,False,False,False,100.0,False,yahoo_finance,observed_price_volume_fx,yahoo_finance,"bloomberg_database_as_of,eastmoney_china_financials,yahoo_finance_timeseries",False,False,Equity,Active,narrative_review;ml_drawdown_risk;ml_downside_tail_risk;ml_asymmetric_downside;,0.0,constrained_regime_gated_drl,True,False,True,optimal,143,140,0.95,0.95,False,False,True,True,True,0.0,True,0.0,baseline_optimiser,0.0,0.0,0.0,baseline_optimiser
SEB-A.ST,SEB-A.ST,NAME:skandinaviskaenskildabankenabpubl,Skandinaviska Enskilda Banken AB (publ),Sweden,EU ex-DACH,Financials,SEK,Banks - Regional,0.0,0.0,Hold,58.469988708689925,58.469988708689925,88.08902953000249,65.78576638432688,68.97916666666667,81.00001336983581,0.35,0.0381,0.1901467817454433,-0.1389839311943552,0.35,0.7688241534797349,0.0066887991650118,-0.0598625744458933,-0.0598625744458933,0.2469411501925446,0.2908603689106467,8.551796349413337,46.85764296159625,32.16975746200905,52.102637205987165,54827271.472250536,60,44936874150.117874,0.0381,0.0777842389004779,42.50712758374911,70.94543980408986,74.16236684087283,False,False,True,False,False,False,100.0,False,yahoo_finance,yahoo_finance_3m_average_volume,yahoo_finance,yahoo_finance_timeseries,False,False,Equity,Active,narrative_review;,0.047500000000000014,constrained_regime_gated_drl,True,False,True,optimal,143,140,0.95,0.95,False,False,True,True,True,0.049999999999999996,True,0.049999999999999996,baseline_optimiser,0.047500000000000014,0.047500000000000014,0.049999999999999996,baseline_optimiser
ELE.MC,ELE.MC,NAME:endesasa,Endesa SA,Spain,EU ex-DACH,Utilities,EUR,Utilities - Regulated Electric,0.0,0.0,Watchlist,58.09042782844931,58.09042782844931,80.4841783393314,50.58984491870093,82.20416666666668,84.07541813822725,0.35,0.038,0.1989688451261051,-0.1581736653525887,0.35,0.7874183612946759,-0.0088355466755251,-0.0784746424696619,-0.0784746424696619,0.2269554053600428,0.2862246738652412,11.210663209951704,45.2465995807609,33.508697123107154,45.54526015680685,38649938.813638486,60,49320200991.10286,0.038,0.0516510438348741,58.02579895454964,60.32082874731664,54.18501663972593,False,False,True,False,False,False,100.0,False,yahoo_finance,yahoo_finance_3m_average_volume,yahoo_finance,"bloomberg_database_as_of,yahoo_finance_timeseries",False,False,Equity,Active,narrative_review;,0.047500000000000014,constrained_regime_gated_drl,True,False,True,optimal,143,140,0.95,0.95,False,False,True,True,True,0.049999999999999996,True,0.049999999999999996,baseline_optimiser,0.047500000000000014,0.047500000000000014,0.049999999999999996,baseline_optimiser
OR.PA,OR.PA,NAME:loralsa,LOréal S.A.,France,EU ex-DACH,Consumer Staples,EUR,Household & Personal Products,0.208592003973181,16800.0,Watchlist,57.54818541262425,57.54818541262425,56.10659574068906,53.864554250290674,30.14583333333333,81.44223886264008,-0.0175057217686665,0.0185,0.2558188243646443,-0.6913810463554518,-0.0175057217686665,0.5542584385276642,-0.4804549558484733,-0.5699915443760988,-0.5699915443760988,0.2523998498044873,0.3151580222922775,81.42736348229982,49.95514833088903,44.14140035795985,72.9864575908767,181661815.82574815,60,237468834813.9119,0.0185,0.0348100820207709,92.99507023890962,63.67870175124576,56.841400291534086,False,False,True,False,False,False,100.0,False,yahoo_finance,yahoo_finance_3m_average_volume,yahoo_finance,"bloomberg_database_as_of,yahoo_finance_timeseries",False,False,Equity,Active,narrative_review;ml_drawdown_risk;ml_downside_tail_risk;ml_cvar_risk;ml_expected_shortfall_risk;,0.0,constrained_regime_gated_drl,False,False,True,optimal,143,140,0.95,0.95,False,False,True,True,True,0.0,False,0.0,baseline_optimiser,0.0,0.0,0.0,baseline_optimiser
0002.HK,0002.HK,NAME:clpholdings,CLP Holdings,Hong Kong,Hong Kong,Utilities,HKD,Utilities - Regulated Electric,0.0397318102806059,3200.0,Watchlist,54.35932099106415,54.35932099106415,91.42988325771816,43.57056276387559,56.77083333333333,90.2262276750101,0.1043257070237366,0.0419,0.1148170319128918,-0.1888410201904006,0.1043257070237366,0.3555235985511248,-0.102918431609249,-0.1431043927787612,-0.1431043927787612,0.3506154569075914,0.2414092542477358,20.44348468268017,46.7342077851475,19.29050649741775,43.83464005702067,33285494.16986065,60,24947432596.801937,0.0419,0.0389139074505463,56.269421413071306,54.54845889192912,47.85561461708066,False,False,True,False,False,False,100.0,False,yahoo_finance,observed_price_volume_fx,yahoo_finance,"bloomberg_database_as_of,eastmoney_hk_financials,yahoo_finance_timeseries",False,False,Equity,Active,narrative_review;ml_dividend_cut_risk;,0.0,constrained_regime_gated_drl,False,False,True,optimal,143,140,0.95,0.95,False,False,True,True,True,0.0,False,0.0,baseline_optimiser,0.0,0.0,0.0,baseline_optimiser
NESN.SW,NESN.SW,NAME:nestlesa,Nestle S.A.,Switzerland,DACH,Consumer Staples,CHF,Packaged Foods,0.1303700024832381,10500.0,Avoid,53.01926693444415,53.01926693444415,69.3096860801139,60.30047240164076,48.77083333333333,81.00001336983581,0.0153639444076871,0.0381,0.2242328175427516,-0.6210353657833363,0.0153639444076871,0.5325450871784324,-0.3952478774392849,-0.473729363579248,-0.473729363579248,0.5670596838596811,0.2941971225734137,67.67562336846402,64.47980481245362,40.879128541819,84.31931575196009,356457271.46546555,60,255392811779.5376,0.0381,0.0529896566125575,39.046977181352666,68.34464333615362,47.19796920782402,False,False,True,False,True,False,100.0,False,yahoo_finance,yahoo_finance_3m_average_volume,yahoo_finance,"bloomberg_database_as_of,yahoo_finance_timeseries",False,False,Equity,Active,alt_data_review;narrative_review;ml_dividend_cut_risk;ml_downside_tail_risk;ml_cvar_risk;ml_expected_shortfall_risk;ml_downside_skew;,0.0,constrained_regime_gated_drl,False,False,True,optimal,143,140,0.95,0.95,False,False,False,True,True,0.0,False,0.0,baseline_optimiser,0.0,0.0,0.0,baseline_optimiser
CASH,CASH,,Cash,Cash,Cash,Cash,USD,Cash,,,,,,,,,,,,,,,,,,,,,,,,,,,,,,,,,,,,,,,,,,,,,,,Cash,,,0.050000000000000044,constrained_regime_gated_drl,,,,,,,,,,,,,,3.3306690738754696e-16,True,3.3306690738754696e-16,baseline_optimiser,0.050000000000000044,0.050000000000000044,3.3306690738754696e-16,baseline_optimiser
