security_id,ticker,as_of_date,new_risk_concept_count_30d,recurring_risk_concept_count_90d,concept_reoccurrence_intensity,concept_acceleration_score,semantic_drift_30d,semantic_drift_90d,narrative_instability_score,risk_reframing_score,positive_reframing_score,distress_similarity_score,dividend_risk_similarity_score,credit_stress_similarity_score,governance_risk_similarity_score,regulatory_risk_similarity_score,markov_neutral_to_negative_prob,markov_negative_to_distress_prob,markov_positive_to_dividend_risk_prob,markov_credit_stress_to_distress_prob,reframing_review_required_flag,reframing_exclusion_flag,narrative_reframing_score
000001.SHE,000001.SHE,2026-08-19,0,0,29,9.230769230769232,22.461416552643733,26.592468742937577,21.273974994350063,55.02155263021845,92.0,78.03519050934928,72.66150263138611,71.73173308506553,85.08621052087383,80.40900325671183,0.0,0.0,0.0,0.0,True,False,86.71868425443364
000009.SHE,000009.SHE,2026-08-19,0,0,29,0.0,0.0,29.86116885103812,21.273974994350063,65.04310526043692,83.15549014391456,78.03519050934928,72.66150263138611,71.73173308506553,85.08621052087383,80.40900325671183,0.0,0.0,0.0,0.0,True,False,81.00001336983581
000039.SHE,000039.SHE,2026-08-19,0,0,29,0.0,0.0,29.86116885103812,21.273974994350063,65.04310526043692,83.15549014391456,78.03519050934928,72.66150263138611,71.73173308506553,85.08621052087383,80.40900325671183,0.0,0.0,0.0,0.0,True,False,81.00001336983581
000062.SHE,000062.SHE,2026-08-19,1,0,25,8.88888888888889,29.86116885103812,29.86116885103812,21.10307003324167,65.04310526043692,83.15549014391456,92.0,72.66150263138611,71.73173308506553,85.08621052087383,80.40900325671183,0.0,0.0,0.0,0.0,True,True,78.9480181865153
000063.SHE,000063.SHE,2026-08-19,0,0,29,10.769230769230768,29.86116885103812,21.273974994350063,21.273974994350063,65.04310526043692,84.92439211513165,78.03519050934928,72.66150263138611,71.73173308506553,85.08621052087383,80.40900325671183,0.0,0.0,0.0,0.0,True,False,81.44223886264008
000100.SHE,000100.SHE,2026-08-19,0,0,29,1.5384615384615385,22.461416552643733,26.592468742937577,21.273974994350063,55.02155263021845,92.0,78.03519050934928,72.66150263138611,71.73173308506553,85.08621052087383,80.40900325671183,0.0,0.0,0.0,0.0,True,False,86.71868425443364
000157.SHE,000157.SHE,2026-08-19,0,0,25,3.333333333333333,22.461416552643733,22.461416552643733,15.292909497672094,85.08621052087383,74.31098028782912,92.0,72.66150263138611,71.73173308506553,85.08621052087383,80.40900325671183,0.0,0.0,0.0,0.0,True,True,71.17434401523342
000166.SHE,000166.SHE,2026-08-19,0,0,29,0.0,0.0,27.969486139702195,21.273974994350063,58.36207017362461,86.10366009594304,78.03519050934928,72.66150263138611,71.73173308506553,85.08621052087383,80.40900325671183,0.0,0.0,0.0,0.0,True,False,84.07541813822725
000333.SHE,000333.SHE,2026-08-19,0,0,29,9.230769230769232,22.461416552643733,27.969486139702195,21.273974994350063,58.36207017362461,92.0,78.03519050934928,72.66150263138611,71.73173308506553,85.08621052087383,80.40900325671183,0.0,0.0,0.0,0.0,True,False,85.54950311424149
000338.SHE,000338.SHE,2026-08-19,0,0,29,9.230769230769232,22.461416552643733,22.461416552643733,20.929034161472742,65.04310526043692,92.0,78.03519050934928,72.66150263138611,71.73173308506553,85.08621052087383,80.40900325671183,0.0,0.0,0.0,0.0,True,False,83.2973760420765
000408.SHE,000408.SHE,2026-08-19,0,0,29,0.0,0.0,22.461416552643733,21.273974994350063,44.99999999999999,92.0,78.03519050934928,72.66150263138611,71.73173308506553,85.08621052087383,80.40900325671183,0.0,0.0,0.0,0.0,True,False,90.2262276750101
000425.SHE,000425.SHE,2026-08-19,0,0,29,4.615384615384616,22.461416552643733,22.461416552643733,21.273974994350063,85.08621052087383,83.15549014391456,78.03519050934928,72.66150263138611,71.73173308506553,85.08621052087383,80.40900325671183,0.0,0.0,0.0,0.0,True,False,73.98492652868289
000538.SHE,000538.SHE,2026-08-19,0,0,29,9.230769230769232,22.461416552643733,26.592468742937577,21.273974994350063,55.02155263021845,92.0,78.03519050934928,72.66150263138611,71.73173308506553,85.08621052087383,80.40900325671183,0.0,0.0,0.0,0.0,True,False,86.71868425443364
000559.SHE,000559.SHE,2026-08-19,0,0,29,0.0,0.0,27.969486139702195,21.273974994350063,58.36207017362461,86.10366009594304,78.03519050934928,72.66150263138611,71.73173308506553,85.08621052087383,80.40900325671183,0.0,0.0,0.0,0.0,True,False,84.07541813822725
000568.SHE,000568.SHE,2026-08-19,0,0,29,0.0,0.0,29.86116885103812,21.273974994350063,65.04310526043692,83.15549014391456,78.03519050934928,72.66150263138611,71.73173308506553,85.08621052087383,80.40900325671183,0.0,0.0,0.0,0.0,True,False,81.00001336983581
000596.SHE,000596.SHE,2026-08-19,0,0,29,4.615384615384616,22.461416552643733,22.461416552643733,21.273974994350063,85.08621052087383,74.31098028782912,78.03519050934928,72.66150263138611,71.73173308506553,85.08621052087383,80.40900325671183,0.0,0.0,0.0,0.0,True,False,71.77379906466153
000617.SHE,000617.SHE,2026-08-19,0,9,24,7.142857142857143,0.0,0.0,9.380002538020522,92.0,44.99999999999999,92.0,44.99999999999999,92.0,92.0,44.99999999999999,0.0,0.0,0.0,0.5,True,True,62.90499936549489
000625.SHE,000625.SHE,2026-08-19,1,0,29,0.0,24.186120717030335,23.0363179407726,18.31407407499231,58.36207017362461,92.0,78.03519050934928,72.66150263138611,71.73173308506553,85.08621052087383,80.40900325671183,0.0,0.0,0.0,0.0,True,False,86.28947834408092
000630.SHE,000630.SHE,2026-08-19,1,0,25,8.88888888888889,29.86116885103812,29.86116885103812,21.10307003324167,65.04310526043692,83.15549014391456,92.0,72.66150263138611,71.73173308506553,85.08621052087383,80.40900325671183,0.0,0.0,0.0,0.0,True,True,78.9480181865153
000651.SHE,000651.SHE,2026-08-19,0,0,25,3.333333333333333,22.461416552643733,22.461416552643733,15.292909497672094,85.08621052087383,74.31098028782912,92.0,72.66150263138611,71.73173308506553,85.08621052087383,80.40900325671183,0.0,0.0,0.0,0.0,True,True,71.17434401523342
000708.SHE,000708.SHE,2026-08-19,0,0,29,9.230769230769232,22.461416552643733,22.461416552643733,20.929034161472742,65.04310526043692,92.0,78.03519050934928,72.66150263138611,71.73173308506553,85.08621052087383,80.40900325671183,0.0,0.0,0.0,0.0,True,False,83.2973760420765
000776.SHE,000776.SHE,2026-08-19,1,0,29,0.0,30.72352093323142,26.592468742937577,21.273974994350063,65.04310526043692,83.15549014391456,78.03519050934928,72.66150263138611,71.73173308506553,85.08621052087383,80.40900325671183,0.0,0.0,0.0,0.0,True,False,81.00001336983581
000783.SHE,000783.SHE,2026-08-19,0,0,29,0.0,37.260921149432505,26.592468742937577,21.273974994350063,85.08621052087383,83.15549014391456,78.03519050934928,72.66150263138611,71.73173308506553,85.08621052087383,80.40900325671183,0.0,0.0,0.0,0.0,True,False,73.98492652868289
000807.SHE,000807.SHE,2026-08-19,0,0,29,1.5384615384615385,22.461416552643733,26.592468742937577,21.273974994350063,55.02155263021845,92.0,78.03519050934928,72.66150263138611,71.73173308506553,85.08621052087383,80.40900325671183,0.0,0.0,0.0,0.0,True,False,86.71868425443364
000858.SHE,000858.SHE,2026-08-19,0,0,29,9.230769230769232,22.461416552643733,26.592468742937577,21.273974994350063,55.02155263021845,92.0,78.03519050934928,72.66150263138611,71.73173308506553,85.08621052087383,80.40900325671183,0.0,0.0,0.0,0.0,True,False,86.71868425443364
000878.SHE,000878.SHE,2026-08-19,0,0,25,0.0,0.0,18.001043645238912,18.25281041702985,74.02873684029127,70.43699342927637,92.0,72.66150263138611,71.73173308506553,85.08621052087383,80.40900325671183,0.0,0.0,0.0,0.0,True,True,73.3359878589597
000895.SHE,000895.SHE,2026-08-19,1,0,29,0.0,30.72352093323142,26.592468742937577,21.273974994350063,65.04310526043692,83.15549014391456,78.03519050934928,72.66150263138611,71.73173308506553,85.08621052087383,80.40900325671183,0.0,0.0,0.0,0.0,True,False,81.00001336983581
000933.SHE,000933.SHE,2026-08-19,0,0,29,1.5384615384615385,22.461416552643733,26.592468742937577,21.273974994350063,55.02155263021845,92.0,78.03519050934928,72.66150263138611,71.73173308506553,85.08621052087383,80.40900325671183,0.0,0.0,0.0,0.0,True,False,86.71868425443364
000958.SHE,000958.SHE,2026-08-19,0,0,29,9.230769230769232,22.461416552643733,26.592468742937577,21.273974994350063,55.02155263021845,92.0,78.03519050934928,72.66150263138611,71.73173308506553,85.08621052087383,80.40900325671183,0.0,0.0,0.0,0.0,True,False,86.71868425443364
000960.SHE,000960.SHE,2026-08-19,0,0,29,0.0,0.0,27.969486139702195,21.273974994350063,58.36207017362461,86.10366009594304,78.03519050934928,72.66150263138611,71.73173308506553,85.08621052087383,80.40900325671183,0.0,0.0,0.0,0.0,True,False,84.07541813822725
000963.SHE,000963.SHE,2026-08-19,0,0,29,0.0,0.0,27.969486139702195,21.273974994350063,58.36207017362461,86.10366009594304,78.03519050934928,72.66150263138611,71.73173308506553,85.08621052087383,80.40900325671183,0.0,0.0,0.0,0.0,True,False,84.07541813822725
000967.SHE,000967.SHE,2026-08-19,0,0,29,0.0,0.0,29.86116885103812,21.273974994350063,65.04310526043692,83.15549014391456,78.03519050934928,72.66150263138611,71.73173308506553,85.08621052087383,80.40900325671183,0.0,0.0,0.0,0.0,True,False,81.00001336983581
000975.SHE,000975.SHE,2026-08-19,0,0,29,0.0,0.0,22.461416552643733,21.273974994350063,44.99999999999999,92.0,78.03519050934928,72.66150263138611,71.73173308506553,85.08621052087383,80.40900325671183,0.0,0.0,0.0,0.0,True,False,90.2262276750101
000983.SHE,000983.SHE,2026-08-19,0,0,25,3.333333333333333,22.461416552643733,22.461416552643733,15.292909497672094,85.08621052087383,74.31098028782912,92.0,72.66150263138611,71.73173308506553,85.08621052087383,80.40900325671183,0.0,0.0,0.0,0.0,True,True,71.17434401523342
001289.SHE,001289.SHE,2026-08-19,0,0,29,4.615384615384616,22.461416552643733,22.461416552643733,21.273974994350063,85.08621052087383,74.31098028782912,78.03519050934928,72.66150263138611,71.73173308506553,85.08621052087383,80.40900325671183,0.0,0.0,0.0,0.0,True,False,71.77379906466153
002001.SHE,002001.SHE,2026-08-19,0,0,25,0.0,0.0,22.89650623206606,18.25281041702985,65.04310526043692,83.15549014391456,92.0,72.66150263138611,71.73173308506553,85.08621052087383,80.40900325671183,0.0,0.0,0.0,0.0,True,True,79.66058309056827
002027.SHE,002027.SHE,2026-08-19,0,0,29,0.0,0.0,22.461416552643733,21.273974994350063,44.99999999999999,92.0,78.03519050934928,72.66150263138611,71.73173308506553,85.08621052087383,80.40900325671183,0.0,0.0,0.0,0.0,True,False,90.2262276750101
002050.SHE,002050.SHE,2026-08-19,0,0,29,4.615384615384616,22.461416552643733,22.461416552643733,21.273974994350063,85.08621052087383,74.31098028782912,78.03519050934928,72.66150263138611,71.73173308506553,85.08621052087383,80.40900325671183,0.0,0.0,0.0,0.0,True,False,71.77379906466153
002056.SHE,002056.SHE,2026-08-19,0,0,29,1.5384615384615385,22.461416552643733,26.592468742937577,21.273974994350063,55.02155263021845,92.0,78.03519050934928,72.66150263138611,71.73173308506553,85.08621052087383,80.40900325671183,0.0,0.0,0.0,0.0,True,False,86.71868425443364
002064.SHE,002064.SHE,2026-08-19,0,0,29,1.5384615384615385,22.461416552643733,26.592468742937577,21.273974994350063,55.02155263021845,92.0,78.03519050934928,72.66150263138611,71.73173308506553,85.08621052087383,80.40900325671183,0.0,0.0,0.0,0.0,True,False,86.71868425443364
002128.SHE,002128.SHE,2026-08-19,0,0,29,18.461538461538463,22.461416552643733,22.461416552643733,20.929034161472742,65.04310526043692,83.15549014391456,78.03519050934928,72.66150263138611,71.73173308506553,85.08621052087383,80.40900325671183,0.0,0.0,0.0,0.0,True,False,81.08624857805513
002131.SHE,002131.SHE,2026-08-19,0,0,29,18.461538461538463,22.461416552643733,22.461416552643733,20.929034161472742,65.04310526043692,83.15549014391456,78.03519050934928,72.66150263138611,71.73173308506553,85.08621052087383,80.40900325671183,0.0,0.0,0.0,0.0,True,False,81.08624857805513
002138.SHE,002138.SHE,2026-08-19,1,0,29,0.0,24.186120717030335,23.0363179407726,18.31407407499231,58.36207017362461,92.0,78.03519050934928,72.66150263138611,71.73173308506553,85.08621052087383,80.40900325671183,0.0,0.0,0.0,0.0,True,False,86.28947834408092
002142.SHE,002142.SHE,2026-08-19,0,0,29,0.0,37.260921149432505,26.592468742937577,21.273974994350063,85.08621052087383,83.15549014391456,78.03519050934928,72.66150263138611,71.73173308506553,85.08621052087383,80.40900325671183,0.0,0.0,0.0,0.0,True,False,73.98492652868289
002155.SHE,002155.SHE,2026-08-19,0,0,29,10.769230769230768,29.86116885103812,21.273974994350063,21.273974994350063,65.04310526043692,84.92439211513165,78.03519050934928,72.66150263138611,71.73173308506553,85.08621052087383,80.40900325671183,0.0,0.0,0.0,0.0,True,False,81.44223886264008
002179.SHE,002179.SHE,2026-08-19,0,0,29,0.0,0.0,27.969486139702195,21.273974994350063,58.36207017362461,86.10366009594304,78.03519050934928,72.66150263138611,71.73173308506553,85.08621052087383,80.40900325671183,0.0,0.0,0.0,0.0,True,False,84.07541813822725
002203.SHE,002203.SHE,2026-08-19,0,0,29,0.0,0.0,22.461416552643733,21.273974994350063,44.99999999999999,92.0,78.03519050934928,72.66150263138611,71.73173308506553,85.08621052087383,80.40900325671183,0.0,0.0,0.0,0.0,True,False,90.2262276750101
002236.SHE,002236.SHE,2026-08-19,0,0,29,4.615384615384616,22.461416552643733,22.461416552643733,21.273974994350063,85.08621052087383,74.31098028782912,78.03519050934928,72.66150263138611,71.73173308506553,85.08621052087383,80.40900325671183,0.0,0.0,0.0,0.0,True,False,71.77379906466153
002241.SHE,002241.SHE,2026-08-19,0,0,29,4.615384615384616,22.461416552643733,22.461416552643733,21.273974994350063,85.08621052087383,74.31098028782912,78.03519050934928,72.66150263138611,71.73173308506553,85.08621052087383,80.40900325671183,0.0,0.0,0.0,0.0,True,False,71.77379906466153
002273.SHE,002273.SHE,2026-08-19,1,0,25,8.88888888888889,29.86116885103812,29.86116885103812,21.10307003324167,65.04310526043692,83.15549014391456,92.0,72.66150263138611,71.73173308506553,85.08621052087383,80.40900325671183,0.0,0.0,0.0,0.0,True,True,78.9480181865153
002294.SHE,002294.SHE,2026-08-19,0,0,29,10.769230769230768,29.86116885103812,21.273974994350063,21.273974994350063,65.04310526043692,84.92439211513165,78.03519050934928,72.66150263138611,71.73173308506553,85.08621052087383,80.40900325671183,0.0,0.0,0.0,0.0,True,False,81.44223886264008
002304.SHE,002304.SHE,2026-08-19,0,0,29,0.0,0.0,27.969486139702195,21.273974994350063,58.36207017362461,86.10366009594304,78.03519050934928,72.66150263138611,71.73173308506553,85.08621052087383,80.40900325671183,0.0,0.0,0.0,0.0,True,False,84.07541813822725
002311.SHE,002311.SHE,2026-08-19,0,0,25,0.0,0.0,18.001043645238912,18.25281041702985,74.02873684029127,70.43699342927637,92.0,72.66150263138611,71.73173308506553,85.08621052087383,80.40900325671183,0.0,0.0,0.0,0.0,True,True,73.3359878589597
002340.SHE,002340.SHE,2026-08-19,0,0,29,0.0,0.0,29.86116885103812,21.273974994350063,65.04310526043692,83.15549014391456,78.03519050934928,72.66150263138611,71.73173308506553,85.08621052087383,80.40900325671183,0.0,0.0,0.0,0.0,True,False,81.00001336983581
002352.SHE,002352.SHE,2026-08-19,0,0,29,0.0,0.0,22.461416552643733,21.273974994350063,44.99999999999999,92.0,78.03519050934928,72.66150263138611,71.73173308506553,85.08621052087383,80.40900325671183,0.0,0.0,0.0,0.0,True,False,90.2262276750101
002379.SHE,002379.SHE,2026-08-19,0,0,29,0.0,0.0,22.461416552643733,21.273974994350063,44.99999999999999,92.0,78.03519050934928,72.66150263138611,71.73173308506553,85.08621052087383,80.40900325671183,0.0,0.0,0.0,0.0,True,False,90.2262276750101
002415.SHE,002415.SHE,2026-08-19,0,0,29,10.769230769230768,29.86116885103812,21.273974994350063,21.273974994350063,65.04310526043692,84.92439211513165,78.03519050934928,72.66150263138611,71.73173308506553,85.08621052087383,80.40900325671183,0.0,0.0,0.0,0.0,True,False,81.44223886264008
002422.SHE,002422.SHE,2026-08-19,0,0,29,4.615384615384616,22.461416552643733,22.461416552643733,21.273974994350063,85.08621052087383,74.31098028782912,78.03519050934928,72.66150263138611,71.73173308506553,85.08621052087383,80.40900325671183,0.0,0.0,0.0,0.0,True,False,71.77379906466153
002429.SHE,002429.SHE,2026-08-19,0,0,29,18.461538461538463,22.461416552643733,22.461416552643733,20.929034161472742,65.04310526043692,83.15549014391456,78.03519050934928,72.66150263138611,71.73173308506553,85.08621052087383,80.40900325671183,0.0,0.0,0.0,0.0,True,False,81.08624857805513
002432.SHE,002432.SHE,2026-08-19,0,0,29,18.461538461538463,22.461416552643733,22.461416552643733,20.929034161472742,65.04310526043692,83.15549014391456,78.03519050934928,72.66150263138611,71.73173308506553,85.08621052087383,80.40900325671183,0.0,0.0,0.0,0.0,True,False,81.08624857805513
002472.SHE,002472.SHE,2026-08-19,5,0,25,3.333333333333333,15.770857191536502,22.81601302128731,18.25281041702985,88.54310526043692,71.40549014391456,92.0,72.66150263138611,71.73173308506553,85.08621052087383,80.40900325671183,0.0,0.0,0.0,0.0,True,True,68.49808309056827
002532.SHE,002532.SHE,2026-08-19,0,0,29,1.5384615384615385,22.461416552643733,26.592468742937577,21.273974994350063,55.02155263021845,92.0,78.03519050934928,72.66150263138611,71.73173308506553,85.08621052087383,80.40900325671183,0.0,0.0,0.0,0.0,True,False,86.71868425443364
002555.SHE,002555.SHE,2026-08-19,0,0,29,9.230769230769232,22.461416552643733,27.969486139702195,21.273974994350063,58.36207017362461,92.0,78.03519050934928,72.66150263138611,71.73173308506553,85.08621052087383,80.40900325671183,0.0,0.0,0.0,0.0,True,False,85.54950311424149
002558.SHE,002558.SHE,2026-08-19,0,0,29,0.0,0.0,27.969486139702195,21.273974994350063,58.36207017362461,86.10366009594304,78.03519050934928,72.66150263138611,71.73173308506553,85.08621052087383,80.40900325671183,0.0,0.0,0.0,0.0,True,False,84.07541813822725
002595.SHE,002595.SHE,2026-08-19,0,0,29,0.0,0.0,29.86116885103812,21.273974994350063,65.04310526043692,83.15549014391456,78.03519050934928,72.66150263138611,71.73173308506553,85.08621052087383,80.40900325671183,0.0,0.0,0.0,0.0,True,False,81.00001336983581
002601.SHE,002601.SHE,2026-08-19,0,9,24,0.0,0.0,11.795885322140586,11.739179602448639,92.0,44.99999999999999,92.0,44.99999999999999,92.0,92.0,44.99999999999999,0.0,0.0,0.0,0.5,True,True,62.31520509938785
002648.SHE,002648.SHE,2026-08-19,1,0,29,16.923076923076923,23.323768634837034,23.0363179407726,18.31407407499231,58.36207017362461,92.0,78.03519050934928,72.66150263138611,71.73173308506553,85.08621052087383,80.40900325671183,0.0,0.0,0.0,0.0,True,False,86.28947834408092
002714.SHE,002714.SHE,2026-08-19,0,0,29,0.0,0.0,29.86116885103812,21.273974994350063,65.04310526043692,83.15549014391456,78.03519050934928,72.66150263138611,71.73173308506553,85.08621052087383,80.40900325671183,0.0,0.0,0.0,0.0,True,False,81.00001336983581
002736.SHE,002736.SHE,2026-08-19,0,0,29,0.0,0.0,22.461416552643733,21.273974994350063,44.99999999999999,92.0,78.03519050934928,72.66150263138611,71.73173308506553,85.08621052087383,80.40900325671183,0.0,0.0,0.0,0.0,True,False,90.2262276750101
002850.SHE,002850.SHE,2026-08-19,0,0,29,0.0,0.0,27.969486139702195,21.273974994350063,58.36207017362461,86.10366009594304,78.03519050934928,72.66150263138611,71.73173308506553,85.08621052087383,80.40900325671183,0.0,0.0,0.0,0.0,True,False,84.07541813822725
002920.SHE,002920.SHE,2026-08-19,1,0,29,0.0,30.72352093323142,26.592468742937577,21.273974994350063,65.04310526043692,83.15549014391456,78.03519050934928,72.66150263138611,71.73173308506553,85.08621052087383,80.40900325671183,0.0,0.0,0.0,0.0,True,False,81.00001336983581
002938.SHE,002938.SHE,2026-08-19,0,0,29,0.0,0.0,29.86116885103812,21.273974994350063,65.04310526043692,83.15549014391456,78.03519050934928,72.66150263138611,71.73173308506553,85.08621052087383,80.40900325671183,0.0,0.0,0.0,0.0,True,False,81.00001336983581
003816.SHE,003816.SHE,2026-08-19,1,0,29,0.0,30.72352093323142,26.592468742937577,21.273974994350063,65.04310526043692,83.15549014391456,78.03519050934928,72.66150263138611,71.73173308506553,85.08621052087383,80.40900325671183,0.0,0.0,0.0,0.0,True,False,81.00001336983581
200725.SHE,200725.SHE,2026-08-19,1,0,29,0.0,24.186120717030335,23.0363179407726,18.31407407499231,58.36207017362461,92.0,78.03519050934928,72.66150263138611,71.73173308506553,85.08621052087383,80.40900325671183,0.0,0.0,0.0,0.0,True,False,86.28947834408092
300014.SHE,300014.SHE,2026-08-19,0,0,29,9.230769230769232,22.461416552643733,26.592468742937577,21.273974994350063,55.02155263021845,92.0,78.03519050934928,72.66150263138611,71.73173308506553,85.08621052087383,80.40900325671183,0.0,0.0,0.0,0.0,True,False,86.71868425443364
300015.SHE,300015.SHE,2026-08-19,0,0,29,9.230769230769232,22.461416552643733,26.592468742937577,21.273974994350063,55.02155263021845,92.0,78.03519050934928,72.66150263138611,71.73173308506553,85.08621052087383,80.40900325671183,0.0,0.0,0.0,0.0,True,False,86.71868425443364
300017.SHE,300017.SHE,2026-08-19,0,0,29,9.230769230769232,22.461416552643733,27.969486139702195,21.273974994350063,58.36207017362461,92.0,78.03519050934928,72.66150263138611,71.73173308506553,85.08621052087383,80.40900325671183,0.0,0.0,0.0,0.0,True,False,85.54950311424149
300033.SHE,300033.SHE,2026-08-19,0,0,25,0.0,0.0,22.89650623206606,18.25281041702985,65.04310526043692,83.15549014391456,92.0,72.66150263138611,71.73173308506553,85.08621052087383,80.40900325671183,0.0,0.0,0.0,0.0,True,True,79.66058309056827
300251.SHE,300251.SHE,2026-08-19,0,0,25,0.0,0.0,22.461416552643733,18.25281041702985,44.99999999999999,92.0,92.0,72.66150263138611,71.73173308506553,85.08621052087383,80.40900325671183,0.0,0.0,0.0,0.0,True,True,88.88679739574253
300274.SHE,300274.SHE,2026-08-19,0,0,29,9.230769230769232,22.461416552643733,22.461416552643733,20.929034161472742,65.04310526043692,92.0,78.03519050934928,72.66150263138611,71.73173308506553,85.08621052087383,80.40900325671183,0.0,0.0,0.0,0.0,True,False,83.2973760420765
300346.SHE,300346.SHE,2026-08-19,1,0,29,0.0,30.72352093323142,26.592468742937577,21.273974994350063,65.04310526043692,83.15549014391456,78.03519050934928,72.66150263138611,71.73173308506553,85.08621052087383,80.40900325671183,0.0,0.0,0.0,0.0,True,False,81.00001336983581
300433.SHE,300433.SHE,2026-08-19,0,0,29,4.615384615384616,22.461416552643733,22.461416552643733,21.273974994350063,85.08621052087383,83.15549014391456,78.03519050934928,72.66150263138611,71.73173308506553,85.08621052087383,80.40900325671183,0.0,0.0,0.0,0.0,True,False,73.98492652868289
300487.SHE,300487.SHE,2026-08-19,1,0,25,8.88888888888889,29.86116885103812,29.86116885103812,21.10307003324167,65.04310526043692,83.15549014391456,92.0,72.66150263138611,71.73173308506553,85.08621052087383,80.40900325671183,0.0,0.0,0.0,0.0,True,True,78.9480181865153
300498.SHE,300498.SHE,2026-08-19,1,0,25,8.88888888888889,29.86116885103812,29.86116885103812,21.10307003324167,65.04310526043692,83.15549014391456,92.0,72.66150263138611,71.73173308506553,85.08621052087383,80.40900325671183,0.0,0.0,0.0,0.0,True,True,78.9480181865153
300628.SHE,300628.SHE,2026-08-19,0,0,29,0.0,0.0,29.86116885103812,21.273974994350063,65.04310526043692,83.15549014391456,78.03519050934928,72.66150263138611,71.73173308506553,85.08621052087383,80.40900325671183,0.0,0.0,0.0,0.0,True,False,81.00001336983581
300748.SHE,300748.SHE,2026-08-19,0,0,29,0.0,0.0,29.86116885103812,21.273974994350063,65.04310526043692,83.15549014391456,78.03519050934928,72.66150263138611,71.73173308506553,85.08621052087383,80.40900325671183,0.0,0.0,0.0,0.0,True,False,81.00001336983581
300760.SHE,300760.SHE,2026-08-19,0,0,29,0.0,0.0,29.86116885103812,21.273974994350063,65.04310526043692,83.15549014391456,78.03519050934928,72.66150263138611,71.73173308506553,85.08621052087383,80.40900325671183,0.0,0.0,0.0,0.0,True,False,81.00001336983581
300866.SHE,300866.SHE,2026-08-19,0,0,29,0.0,0.0,22.461416552643733,21.273974994350063,44.99999999999999,92.0,78.03519050934928,72.66150263138611,71.73173308506553,85.08621052087383,80.40900325671183,0.0,0.0,0.0,0.0,True,False,90.2262276750101
300919.SHE,300919.SHE,2026-08-19,0,0,29,0.0,37.260921149432505,26.592468742937577,21.273974994350063,85.08621052087383,83.15549014391456,78.03519050934928,72.66150263138611,71.73173308506553,85.08621052087383,80.40900325671183,0.0,0.0,0.0,0.0,True,False,73.98492652868289
301308.SHE,301308.SHE,2026-08-19,1,0,29,0.0,24.186120717030335,23.0363179407726,18.31407407499231,58.36207017362461,92.0,78.03519050934928,72.66150263138611,71.73173308506553,85.08621052087383,80.40900325671183,0.0,0.0,0.0,0.0,True,False,86.28947834408092
600000.SHG,600000.SHG,2026-08-19,0,0,29,1.5384615384615385,22.461416552643733,26.592468742937577,21.273974994350063,55.02155263021845,92.0,78.03519050934928,72.66150263138611,71.73173308506553,85.08621052087383,80.40900325671183,0.0,0.0,0.0,0.0,True,False,86.71868425443364
600009.SHG,600009.SHG,2026-08-19,0,0,29,1.5384615384615385,22.461416552643733,26.592468742937577,21.273974994350063,55.02155263021845,92.0,78.03519050934928,72.66150263138611,71.73173308506553,85.08621052087383,80.40900325671183,0.0,0.0,0.0,0.0,True,False,86.71868425443364
600011.SHG,600011.SHG,2026-08-19,0,0,29,10.769230769230768,29.86116885103812,21.273974994350063,21.273974994350063,65.04310526043692,84.92439211513165,78.03519050934928,72.66150263138611,71.73173308506553,85.08621052087383,80.40900325671183,0.0,0.0,0.0,0.0,True,False,81.44223886264008
600015.SHG,600015.SHG,2026-08-19,6,0,25,7.777777777777778,22.73551981050856,22.644152057886952,18.078774545260917,74.02873684029127,70.43699342927637,92.0,72.66150263138611,71.73173308506553,85.08621052087383,80.40900325671183,0.0,0.0,0.0,0.0,True,True,73.37949682690193
600016.SHG,600016.SHG,2026-08-19,0,0,29,9.230769230769232,22.461416552643733,22.461416552643733,20.929034161472742,65.04310526043692,92.0,78.03519050934928,72.66150263138611,71.73173308506553,85.08621052087383,80.40900325671183,0.0,0.0,0.0,0.0,True,False,83.2973760420765
600018.SHG,600018.SHG,2026-08-19,0,0,25,3.333333333333333,22.461416552643733,22.461416552643733,15.292909497672094,85.08621052087383,74.31098028782912,92.0,72.66150263138611,71.73173308506553,85.08621052087383,80.40900325671183,0.0,0.0,0.0,0.0,True,True,71.17434401523342
600019.SHG,600019.SHG,2026-08-19,0,0,29,18.461538461538463,22.461416552643733,22.461416552643733,20.929034161472742,65.04310526043692,83.15549014391456,78.03519050934928,72.66150263138611,71.73173308506553,85.08621052087383,80.40900325671183,0.0,0.0,0.0,0.0,True,False,81.08624857805513
600021.SHG,600021.SHG,2026-08-19,0,0,29,0.0,37.260921149432505,26.592468742937577,21.273974994350063,85.08621052087383,83.15549014391456,78.03519050934928,72.66150263138611,71.73173308506553,85.08621052087383,80.40900325671183,0.0,0.0,0.0,0.0,True,False,73.98492652868289
600023.SHG,600023.SHG,2026-08-19,0,0,29,0.0,0.0,29.86116885103812,21.273974994350063,65.04310526043692,83.15549014391456,78.03519050934928,72.66150263138611,71.73173308506553,85.08621052087383,80.40900325671183,0.0,0.0,0.0,0.0,True,False,81.00001336983581
600025.SHG,600025.SHG,2026-08-19,1,0,29,0.0,24.186120717030335,23.0363179407726,18.31407407499231,58.36207017362461,92.0,78.03519050934928,72.66150263138611,71.73173308506553,85.08621052087383,80.40900325671183,0.0,0.0,0.0,0.0,True,False,86.28947834408092
600026.SHG,600026.SHG,2026-08-19,0,0,25,0.0,0.0,18.001043645238912,18.25281041702985,74.02873684029127,70.43699342927637,92.0,72.66150263138611,71.73173308506553,85.08621052087383,80.40900325671183,0.0,0.0,0.0,0.0,True,True,73.3359878589597
600027.SHG,600027.SHG,2026-08-19,0,0,29,0.0,0.0,22.461416552643733,21.273974994350063,44.99999999999999,92.0,78.03519050934928,72.66150263138611,71.73173308506553,85.08621052087383,80.40900325671183,0.0,0.0,0.0,0.0,True,False,90.2262276750101
600028.SHG,600028.SHG,2026-08-19,1,0,29,0.0,30.72352093323142,26.592468742937577,21.273974994350063,65.04310526043692,83.15549014391456,78.03519050934928,72.66150263138611,71.73173308506553,85.08621052087383,80.40900325671183,0.0,0.0,0.0,0.0,True,False,81.00001336983581
600030.SHG,600030.SHG,2026-08-19,0,0,29,0.0,0.0,22.461416552643733,21.273974994350063,44.99999999999999,92.0,78.03519050934928,72.66150263138611,71.73173308506553,85.08621052087383,80.40900325671183,0.0,0.0,0.0,0.0,True,False,90.2262276750101
600031.SHG,600031.SHG,2026-08-19,0,0,29,4.615384615384616,22.461416552643733,22.461416552643733,21.273974994350063,85.08621052087383,74.31098028782912,78.03519050934928,72.66150263138611,71.73173308506553,85.08621052087383,80.40900325671183,0.0,0.0,0.0,0.0,True,False,71.77379906466153
600036.SHG,600036.SHG,2026-08-19,0,0,29,1.5384615384615385,22.461416552643733,26.592468742937577,21.273974994350063,55.02155263021845,92.0,78.03519050934928,72.66150263138611,71.73173308506553,85.08621052087383,80.40900325671183,0.0,0.0,0.0,0.0,True,False,86.71868425443364
600039.SHG,600039.SHG,2026-08-19,0,0,29,4.615384615384616,22.461416552643733,22.461416552643733,21.273974994350063,85.08621052087383,83.15549014391456,78.03519050934928,72.66150263138611,71.73173308506553,85.08621052087383,80.40900325671183,0.0,0.0,0.0,0.0,True,False,73.98492652868289
600050.SHG,600050.SHG,2026-08-19,0,0,29,0.0,0.0,29.86116885103812,21.273974994350063,65.04310526043692,83.15549014391456,78.03519050934928,72.66150263138611,71.73173308506553,85.08621052087383,80.40900325671183,0.0,0.0,0.0,0.0,True,False,81.00001336983581
600066.SHG,600066.SHG,2026-08-19,1,0,29,16.923076923076923,23.323768634837034,23.0363179407726,18.31407407499231,58.36207017362461,92.0,78.03519050934928,72.66150263138611,71.73173308506553,85.08621052087383,80.40900325671183,0.0,0.0,0.0,0.0,True,False,86.28947834408092
600089.SHG,600089.SHG,2026-08-19,1,0,29,0.0,30.72352093323142,26.592468742937577,21.273974994350063,65.04310526043692,83.15549014391456,78.03519050934928,72.66150263138611,71.73173308506553,85.08621052087383,80.40900325671183,0.0,0.0,0.0,0.0,True,False,81.00001336983581
600096.SHG,600096.SHG,2026-08-19,0,0,29,0.0,37.260921149432505,26.592468742937577,21.273974994350063,85.08621052087383,83.15549014391456,78.03519050934928,72.66150263138611,71.73173308506553,85.08621052087383,80.40900325671183,0.0,0.0,0.0,0.0,True,False,73.98492652868289
600104.SHG,600104.SHG,2026-08-19,0,0,29,10.769230769230768,29.86116885103812,21.273974994350063,21.273974994350063,65.04310526043692,84.92439211513165,78.03519050934928,72.66150263138611,71.73173308506553,85.08621052087383,80.40900325671183,0.0,0.0,0.0,0.0,True,False,81.44223886264008
600141.SHG,600141.SHG,2026-08-19,6,0,25,7.777777777777778,22.89650623206606,18.25281041702985,18.25281041702985,70.43448420834953,83.15549014391456,92.0,72.66150263138611,71.73173308506553,85.08621052087383,80.40900325671183,0.0,0.0,0.0,0.0,True,True,77.77360045879884
600143.SHG,600143.SHG,2026-08-19,0,0,25,0.0,0.0,22.89650623206606,18.25281041702985,65.04310526043692,83.15549014391456,92.0,72.66150263138611,71.73173308506553,85.08621052087383,80.40900325671183,0.0,0.0,0.0,0.0,True,True,79.66058309056827
600150.SHG,600150.SHG,2026-08-19,0,9,24,0.0,11.795885322140586,15.633337563367535,11.739179602448639,92.0,44.99999999999999,92.0,44.99999999999999,92.0,92.0,44.99999999999999,0.0,0.0,0.0,0.5,True,True,62.31520509938785
600160.SHG,600160.SHG,2026-08-19,0,0,25,0.0,0.0,18.001043645238912,18.25281041702985,74.02873684029127,70.43699342927637,92.0,72.66150263138611,71.73173308506553,85.08621052087383,80.40900325671183,0.0,0.0,0.0,0.0,True,True,73.3359878589597
600188.SHG,600188.SHG,2026-08-19,0,0,25,0.0,0.0,18.001043645238912,18.25281041702985,74.02873684029127,70.43699342927637,92.0,72.66150263138611,71.73173308506553,85.08621052087383,80.40900325671183,0.0,0.0,0.0,0.0,True,True,73.3359878589597
600196.SHG,600196.SHG,2026-08-19,0,0,29,0.0,0.0,29.86116885103812,21.273974994350063,65.04310526043692,83.15549014391456,78.03519050934928,72.66150263138611,71.73173308506553,85.08621052087383,80.40900325671183,0.0,0.0,0.0,0.0,True,False,81.00001336983581
600219.SHG,600219.SHG,2026-08-19,0,0,29,9.230769230769232,22.461416552643733,26.592468742937577,21.273974994350063,55.02155263021845,92.0,78.03519050934928,72.66150263138611,71.73173308506553,85.08621052087383,80.40900325671183,0.0,0.0,0.0,0.0,True,False,86.71868425443364
600233.SHG,600233.SHG,2026-08-19,0,0,29,0.0,0.0,22.461416552643733,21.273974994350063,44.99999999999999,92.0,78.03519050934928,72.66150263138611,71.73173308506553,85.08621052087383,80.40900325671183,0.0,0.0,0.0,0.0,True,False,90.2262276750101
600236.SHG,600236.SHG,2026-08-19,0,0,29,0.0,0.0,29.86116885103812,21.273974994350063,65.04310526043692,83.15549014391456,78.03519050934928,72.66150263138611,71.73173308506553,85.08621052087383,80.40900325671183,0.0,0.0,0.0,0.0,True,False,81.00001336983581
600256.SHG,600256.SHG,2026-08-19,0,0,29,0.0,0.0,29.86116885103812,21.273974994350063,65.04310526043692,83.15549014391456,78.03519050934928,72.66150263138611,71.73173308506553,85.08621052087383,80.40900325671183,0.0,0.0,0.0,0.0,True,False,81.00001336983581
600309.SHG,600309.SHG,2026-08-19,0,0,29,9.230769230769232,22.461416552643733,22.461416552643733,20.929034161472742,65.04310526043692,92.0,78.03519050934928,72.66150263138611,71.73173308506553,85.08621052087383,80.40900325671183,0.0,0.0,0.0,0.0,True,False,83.2973760420765
600346.SHG,600346.SHG,2026-08-19,1,0,29,0.0,30.72352093323142,26.592468742937577,21.273974994350063,65.04310526043692,83.15549014391456,78.03519050934928,72.66150263138611,71.73173308506553,85.08621052087383,80.40900325671183,0.0,0.0,0.0,0.0,True,False,81.00001336983581
600352.SHG,600352.SHG,2026-08-19,0,0,29,18.461538461538463,22.461416552643733,22.461416552643733,20.929034161472742,65.04310526043692,83.15549014391456,78.03519050934928,72.66150263138611,71.73173308506553,85.08621052087383,80.40900325671183,0.0,0.0,0.0,0.0,True,False,81.08624857805513
600362.SHG,600362.SHG,2026-08-19,0,0,29,10.769230769230768,29.86116885103812,21.273974994350063,21.273974994350063,65.04310526043692,84.92439211513165,78.03519050934928,72.66150263138611,71.73173308506553,85.08621052087383,80.40900325671183,0.0,0.0,0.0,0.0,True,False,81.44223886264008
600372.SHG,600372.SHG,2026-08-19,1,0,29,0.0,24.186120717030335,23.0363179407726,18.31407407499231,58.36207017362461,92.0,78.03519050934928,72.66150263138611,71.73173308506553,85.08621052087383,80.40900325671183,0.0,0.0,0.0,0.0,True,False,86.28947834408092
600392.SHG,600392.SHG,2026-08-19,0,0,29,4.615384615384616,22.461416552643733,22.461416552643733,21.273974994350063,85.08621052087383,74.31098028782912,78.03519050934928,72.66150263138611,71.73173308506553,85.08621052087383,80.40900325671183,0.0,0.0,0.0,0.0,True,False,71.77379906466153
600406.SHG,600406.SHG,2026-08-19,1,0,29,0.0,30.72352093323142,26.592468742937577,21.273974994350063,65.04310526043692,83.15549014391456,78.03519050934928,72.66150263138611,71.73173308506553,85.08621052087383,80.40900325671183,0.0,0.0,0.0,0.0,True,False,81.00001336983581
600415.SHG,600415.SHG,2026-08-19,6,0,25,6.666666666666666,22.461416552643733,22.81601302128731,18.25281041702985,66.77155263021845,92.0,92.0,72.66150263138611,71.73173308506553,85.08621052087383,80.40900325671183,0.0,0.0,0.0,0.0,True,True,81.26675397516608
600426.SHG,600426.SHG,2026-08-19,0,0,29,0.0,0.0,27.969486139702195,21.273974994350063,58.36207017362461,86.10366009594304,78.03519050934928,72.66150263138611,71.73173308506553,85.08621052087383,80.40900325671183,0.0,0.0,0.0,0.0,True,False,84.07541813822725
600436.SHG,600436.SHG,2026-08-19,0,0,29,4.615384615384616,22.461416552643733,22.461416552643733,21.273974994350063,85.08621052087383,74.31098028782912,78.03519050934928,72.66150263138611,71.73173308506553,85.08621052087383,80.40900325671183,0.0,0.0,0.0,0.0,True,False,71.77379906466153
600489.SHG,600489.SHG,2026-08-19,0,0,29,18.461538461538463,22.461416552643733,22.461416552643733,20.929034161472742,65.04310526043692,83.15549014391456,78.03519050934928,72.66150263138611,71.73173308506553,85.08621052087383,80.40900325671183,0.0,0.0,0.0,0.0,True,False,81.08624857805513
600497.SHG,600497.SHG,2026-08-19,0,0,29,0.0,0.0,27.969486139702195,21.273974994350063,58.36207017362461,86.10366009594304,78.03519050934928,72.66150263138611,71.73173308506553,85.08621052087383,80.40900325671183,0.0,0.0,0.0,0.0,True,False,84.07541813822725
600519.SHG,600519.SHG,2026-08-19,0,0,29,0.0,37.260921149432505,26.592468742937577,21.273974994350063,85.08621052087383,83.15549014391456,78.03519050934928,72.66150263138611,71.73173308506553,85.08621052087383,80.40900325671183,0.0,0.0,0.0,0.0,True,False,73.98492652868289
600547.SHG,600547.SHG,2026-08-19,0,9,24,0.0,11.795885322140586,5.897942661070293,8.228766865652435,92.0,44.99999999999999,92.0,44.99999999999999,92.0,92.0,44.99999999999999,0.0,0.0,0.0,1.0,True,True,63.1928082835869
600549.SHG,600549.SHG,2026-08-19,0,0,29,0.0,0.0,22.461416552643733,21.273974994350063,44.99999999999999,92.0,78.03519050934928,72.66150263138611,71.73173308506553,85.08621052087383,80.40900325671183,0.0,0.0,0.0,0.0,True,False,90.2262276750101
600563.SHG,600563.SHG,2026-08-19,0,0,29,0.0,0.0,22.461416552643733,21.273974994350063,44.99999999999999,92.0,78.03519050934928,72.66150263138611,71.73173308506553,85.08621052087383,80.40900325671183,0.0,0.0,0.0,0.0,True,False,90.2262276750101
600578.SHG,600578.SHG,2026-08-19,6,0,25,6.666666666666666,22.461416552643733,18.001043645238912,18.25281041702985,74.02873684029127,92.0,92.0,72.66150263138611,71.73173308506553,85.08621052087383,80.40900325671183,0.0,0.0,0.0,0.0,True,True,78.72673950164061
600585.SHG,600585.SHG,2026-08-19,0,0,29,1.5384615384615385,22.461416552643733,26.592468742937577,21.273974994350063,55.02155263021845,92.0,78.03519050934928,72.66150263138611,71.73173308506553,85.08621052087383,80.40900325671183,0.0,0.0,0.0,0.0,True,False,86.71868425443364
600600.SHG,600600.SHG,2026-08-19,0,9,24,8.571428571428571,14.673974503060798,11.739179602448639,11.739179602448639,92.0,44.99999999999999,92.0,44.99999999999999,92.0,92.0,44.99999999999999,0.0,0.0,0.0,0.5,True,True,62.31520509938785
600660.SHG,600660.SHG,2026-08-19,6,0,25,7.777777777777778,22.89650623206606,18.25281041702985,18.25281041702985,70.43448420834953,83.15549014391456,92.0,72.66150263138611,71.73173308506553,85.08621052087383,80.40900325671183,0.0,0.0,0.0,0.0,True,True,77.77360045879884
600674.SHG,600674.SHG,2026-08-19,6,0,25,1.1111111111111112,22.461416552643733,22.81601302128731,18.25281041702985,66.77155263021845,92.0,92.0,72.66150263138611,71.73173308506553,85.08621052087383,80.40900325671183,0.0,0.0,0.0,0.0,True,True,81.26675397516608
600690.SHG,600690.SHG,2026-08-19,6,0,25,1.1111111111111112,22.461416552643733,22.81601302128731,18.25281041702985,66.77155263021845,92.0,92.0,72.66150263138611,71.73173308506553,85.08621052087383,80.40900325671183,0.0,0.0,0.0,0.0,True,True,81.26675397516608
600741.SHG,600741.SHG,2026-08-19,0,0,29,0.0,0.0,22.461416552643733,21.273974994350063,44.99999999999999,92.0,78.03519050934928,72.66150263138611,71.73173308506553,85.08621052087383,80.40900325671183,0.0,0.0,0.0,0.0,True,False,90.2262276750101
600795.SHG,600795.SHG,2026-08-19,0,0,29,9.230769230769232,22.461416552643733,22.461416552643733,20.929034161472742,65.04310526043692,92.0,78.03519050934928,72.66150263138611,71.73173308506553,85.08621052087383,80.40900325671183,0.0,0.0,0.0,0.0,True,False,83.2973760420765
600801.SHG,600801.SHG,2026-08-19,0,0,29,9.230769230769232,22.461416552643733,26.592468742937577,21.273974994350063,55.02155263021845,92.0,78.03519050934928,72.66150263138611,71.73173308506553,85.08621052087383,80.40900325671183,0.0,0.0,0.0,0.0,True,False,86.71868425443364
600809.SHG,600809.SHG,2026-08-19,0,0,29,9.230769230769232,22.461416552643733,27.969486139702195,21.273974994350063,58.36207017362461,92.0,78.03519050934928,72.66150263138611,71.73173308506553,85.08621052087383,80.40900325671183,0.0,0.0,0.0,0.0,True,False,85.54950311424149
600845.SHG,600845.SHG,2026-08-19,0,0,29,0.0,0.0,27.969486139702195,21.273974994350063,58.36207017362461,86.10366009594304,78.03519050934928,72.66150263138611,71.73173308506553,85.08621052087383,80.40900325671183,0.0,0.0,0.0,0.0,True,False,84.07541813822725
600863.SHG,600863.SHG,2026-08-19,0,0,29,0.0,0.0,29.86116885103812,21.273974994350063,65.04310526043692,83.15549014391456,78.03519050934928,72.66150263138611,71.73173308506553,85.08621052087383,80.40900325671183,0.0,0.0,0.0,0.0,True,False,81.00001336983581
600875.SHG,600875.SHG,2026-08-19,0,0,29,0.0,0.0,29.86116885103812,21.273974994350063,65.04310526043692,83.15549014391456,78.03519050934928,72.66150263138611,71.73173308506553,85.08621052087383,80.40900325671183,0.0,0.0,0.0,0.0,True,False,81.00001336983581
600886.SHG,600886.SHG,2026-08-19,0,0,29,0.0,0.0,22.461416552643733,21.273974994350063,44.99999999999999,92.0,78.03519050934928,72.66150263138611,71.73173308506553,85.08621052087383,80.40900325671183,0.0,0.0,0.0,0.0,True,False,90.2262276750101
600887.SHG,600887.SHG,2026-08-19,0,0,29,0.0,0.0,22.461416552643733,21.273974994350063,44.99999999999999,92.0,78.03519050934928,72.66150263138611,71.73173308506553,85.08621052087383,80.40900325671183,0.0,0.0,0.0,0.0,True,False,90.2262276750101
600900.SHG,600900.SHG,2026-08-19,0,0,29,10.769230769230768,29.86116885103812,21.273974994350063,21.273974994350063,65.04310526043692,84.92439211513165,78.03519050934928,72.66150263138611,71.73173308506553,85.08621052087383,80.40900325671183,0.0,0.0,0.0,0.0,True,False,81.44223886264008
600905.SHG,600905.SHG,2026-08-19,0,0,29,0.0,0.0,27.969486139702195,21.273974994350063,58.36207017362461,86.10366009594304,78.03519050934928,72.66150263138611,71.73173308506553,85.08621052087383,80.40900325671183,0.0,0.0,0.0,0.0,True,False,84.07541813822725
600909.SHG,600909.SHG,2026-08-19,0,0,29,1.5384615384615385,22.461416552643733,26.592468742937577,21.273974994350063,55.02155263021845,92.0,78.03519050934928,72.66150263138611,71.73173308506553,85.08621052087383,80.40900325671183,0.0,0.0,0.0,0.0,True,False,86.71868425443364
600919.SHG,600919.SHG,2026-08-19,1,0,29,0.0,24.186120717030335,23.0363179407726,18.31407407499231,58.36207017362461,92.0,78.03519050934928,72.66150263138611,71.73173308506553,85.08621052087383,80.40900325671183,0.0,0.0,0.0,0.0,True,False,86.28947834408092
600926.SHG,600926.SHG,2026-08-19,0,0,25,0.0,23.33159591148839,22.81601302128731,18.25281041702985,85.08621052087383,74.31098028782912,92.0,72.66150263138611,71.73173308506553,85.08621052087383,80.40900325671183,0.0,0.0,0.0,0.0,True,True,70.43436878539397
600938.SHG,600938.SHG,2026-08-19,0,0,29,18.461538461538463,22.461416552643733,22.461416552643733,20.929034161472742,65.04310526043692,83.15549014391456,78.03519050934928,72.66150263138611,71.73173308506553,85.08621052087383,80.40900325671183,0.0,0.0,0.0,0.0,True,False,81.08624857805513
600941.SHG,600941.SHG,2026-08-19,0,0,29,4.615384615384616,22.461416552643733,22.461416552643733,21.273974994350063,85.08621052087383,83.15549014391456,78.03519050934928,72.66150263138611,71.73173308506553,85.08621052087383,80.40900325671183,0.0,0.0,0.0,0.0,True,False,73.98492652868289
600958.SHG,600958.SHG,2026-08-19,0,0,29,4.615384615384616,22.461416552643733,22.461416552643733,21.273974994350063,85.08621052087383,74.31098028782912,78.03519050934928,72.66150263138611,71.73173308506553,85.08621052087383,80.40900325671183,0.0,0.0,0.0,0.0,True,False,71.77379906466153
600985.SHG,600985.SHG,2026-08-19,0,0,29,0.0,0.0,27.969486139702195,21.273974994350063,58.36207017362461,86.10366009594304,78.03519050934928,72.66150263138611,71.73173308506553,85.08621052087383,80.40900325671183,0.0,0.0,0.0,0.0,True,False,84.07541813822725
600989.SHG,600989.SHG,2026-08-19,1,0,25,8.88888888888889,29.86116885103812,29.86116885103812,21.10307003324167,65.04310526043692,83.15549014391456,92.0,72.66150263138611,71.73173308506553,85.08621052087383,80.40900325671183,0.0,0.0,0.0,0.0,True,True,78.9480181865153
600999.SHG,600999.SHG,2026-08-19,0,9,24,0.0,0.0,15.633337563367535,11.739179602448639,92.0,44.99999999999999,92.0,44.99999999999999,92.0,92.0,44.99999999999999,0.0,0.0,0.0,0.5,True,True,62.31520509938785
601006.SHG,601006.SHG,2026-08-19,0,0,29,10.769230769230768,29.86116885103812,21.273974994350063,21.273974994350063,65.04310526043692,84.92439211513165,78.03519050934928,72.66150263138611,71.73173308506553,85.08621052087383,80.40900325671183,0.0,0.0,0.0,0.0,True,False,81.44223886264008
601009.SHG,601009.SHG,2026-08-19,0,0,29,0.0,37.260921149432505,26.592468742937577,21.273974994350063,85.08621052087383,83.15549014391456,78.03519050934928,72.66150263138611,71.73173308506553,85.08621052087383,80.40900325671183,0.0,0.0,0.0,0.0,True,False,73.98492652868289
601058.SHG,601058.SHG,2026-08-19,0,0,29,0.0,0.0,29.86116885103812,21.273974994350063,65.04310526043692,83.15549014391456,78.03519050934928,72.66150263138611,71.73173308506553,85.08621052087383,80.40900325671183,0.0,0.0,0.0,0.0,True,False,81.00001336983581
601061.SHG,601061.SHG,2026-08-19,0,0,29,0.0,0.0,27.969486139702195,21.273974994350063,58.36207017362461,86.10366009594304,78.03519050934928,72.66150263138611,71.73173308506553,85.08621052087383,80.40900325671183,0.0,0.0,0.0,0.0,True,False,84.07541813822725
601066.SHG,601066.SHG,2026-08-19,6,0,25,6.666666666666666,22.461416552643733,22.81601302128731,18.25281041702985,66.77155263021845,92.0,92.0,72.66150263138611,71.73173308506553,85.08621052087383,80.40900325671183,0.0,0.0,0.0,0.0,True,True,81.26675397516608
601077.SHG,601077.SHG,2026-08-19,0,0,29,10.769230769230768,29.86116885103812,21.273974994350063,21.273974994350063,65.04310526043692,84.92439211513165,78.03519050934928,72.66150263138611,71.73173308506553,85.08621052087383,80.40900325671183,0.0,0.0,0.0,0.0,True,False,81.44223886264008
601088.SHG,601088.SHG,2026-08-19,0,0,29,0.0,0.0,27.969486139702195,21.273974994350063,58.36207017362461,86.10366009594304,78.03519050934928,72.66150263138611,71.73173308506553,85.08621052087383,80.40900325671183,0.0,0.0,0.0,0.0,True,False,84.07541813822725
601108.SHG,601108.SHG,2026-08-19,0,0,29,18.461538461538463,22.461416552643733,22.461416552643733,20.929034161472742,65.04310526043692,83.15549014391456,78.03519050934928,72.66150263138611,71.73173308506553,85.08621052087383,80.40900325671183,0.0,0.0,0.0,0.0,True,False,81.08624857805513
601117.SHG,601117.SHG,2026-08-19,0,0,25,0.0,0.0,22.89650623206606,18.25281041702985,65.04310526043692,83.15549014391456,92.0,72.66150263138611,71.73173308506553,85.08621052087383,80.40900325671183,0.0,0.0,0.0,0.0,True,True,79.66058309056827
601126.SHG,601126.SHG,2026-08-19,0,0,29,1.5384615384615385,22.461416552643733,26.592468742937577,21.273974994350063,55.02155263021845,92.0,78.03519050934928,72.66150263138611,71.73173308506553,85.08621052087383,80.40900325671183,0.0,0.0,0.0,0.0,True,False,86.71868425443364
601127.SHG,601127.SHG,2026-08-19,0,0,29,9.230769230769232,22.461416552643733,27.969486139702195,21.273974994350063,58.36207017362461,92.0,78.03519050934928,72.66150263138611,71.73173308506553,85.08621052087383,80.40900325671183,0.0,0.0,0.0,0.0,True,False,85.54950311424149
601138.SHG,601138.SHG,2026-08-19,0,9,24,0.0,11.795885322140586,14.673974503060798,11.739179602448639,92.0,44.99999999999999,92.0,44.99999999999999,92.0,92.0,44.99999999999999,0.0,0.0,0.0,0.5,True,True,62.31520509938785
601166.SHG,601166.SHG,2026-08-19,0,0,25,0.0,0.0,22.461416552643733,18.25281041702985,44.99999999999999,92.0,92.0,72.66150263138611,71.73173308506553,85.08621052087383,80.40900325671183,0.0,0.0,0.0,0.0,True,True,88.88679739574253
601168.SHG,601168.SHG,2026-08-19,1,0,29,0.0,30.72352093323142,26.592468742937577,21.273974994350063,65.04310526043692,83.15549014391456,78.03519050934928,72.66150263138611,71.73173308506553,85.08621052087383,80.40900325671183,0.0,0.0,0.0,0.0,True,False,81.00001336983581
601169.SHG,601169.SHG,2026-08-19,6,0,25,6.666666666666666,22.461416552643733,22.81601302128731,18.25281041702985,66.77155263021845,92.0,92.0,72.66150263138611,71.73173308506553,85.08621052087383,80.40900325671183,0.0,0.0,0.0,0.0,True,True,81.26675397516608
601186.SHG,601186.SHG,2026-08-19,0,0,29,0.0,0.0,22.461416552643733,21.273974994350063,44.99999999999999,92.0,78.03519050934928,72.66150263138611,71.73173308506553,85.08621052087383,80.40900325671183,0.0,0.0,0.0,0.0,True,False,90.2262276750101
601211.SHG,601211.SHG,2026-08-19,0,0,25,3.333333333333333,22.461416552643733,22.461416552643733,15.292909497672094,85.08621052087383,74.31098028782912,92.0,72.66150263138611,71.73173308506553,85.08621052087383,80.40900325671183,0.0,0.0,0.0,0.0,True,True,71.17434401523342
601225.SHG,601225.SHG,2026-08-19,0,0,29,0.0,0.0,29.86116885103812,21.273974994350063,65.04310526043692,83.15549014391456,78.03519050934928,72.66150263138611,71.73173308506553,85.08621052087383,80.40900325671183,0.0,0.0,0.0,0.0,True,False,81.00001336983581
601229.SHG,601229.SHG,2026-08-19,0,0,29,10.769230769230768,29.86116885103812,21.273974994350063,21.273974994350063,65.04310526043692,84.92439211513165,78.03519050934928,72.66150263138611,71.73173308506553,85.08621052087383,80.40900325671183,0.0,0.0,0.0,0.0,True,False,81.44223886264008
601231.SHG,601231.SHG,2026-08-19,1,0,29,0.0,24.186120717030335,23.0363179407726,18.31407407499231,58.36207017362461,92.0,78.03519050934928,72.66150263138611,71.73173308506553,85.08621052087383,80.40900325671183,0.0,0.0,0.0,0.0,True,False,86.28947834408092
601288.SHG,601288.SHG,2026-08-19,1,0,29,16.923076923076923,23.323768634837034,23.0363179407726,18.31407407499231,58.36207017362461,92.0,78.03519050934928,72.66150263138611,71.73173308506553,85.08621052087383,80.40900325671183,0.0,0.0,0.0,0.0,True,False,86.28947834408092
601318.SHG,601318.SHG,2026-08-19,0,0,25,3.333333333333333,22.461416552643733,22.461416552643733,15.292909497672094,85.08621052087383,83.15549014391456,92.0,72.66150263138611,71.73173308506553,85.08621052087383,80.40900325671183,0.0,0.0,0.0,0.0,True,True,73.38547147925478
601319.SHG,601319.SHG,2026-08-19,0,0,29,0.0,0.0,22.461416552643733,21.273974994350063,44.99999999999999,92.0,78.03519050934928,72.66150263138611,71.73173308506553,85.08621052087383,80.40900325671183,0.0,0.0,0.0,0.0,True,False,90.2262276750101
601328.SHG,601328.SHG,2026-08-19,1,0,29,16.923076923076923,23.323768634837034,23.0363179407726,18.31407407499231,58.36207017362461,92.0,78.03519050934928,72.66150263138611,71.73173308506553,85.08621052087383,80.40900325671183,0.0,0.0,0.0,0.0,True,False,86.28947834408092
601336.SHG,601336.SHG,2026-08-19,1,0,29,16.923076923076923,23.323768634837034,23.0363179407726,18.31407407499231,58.36207017362461,92.0,78.03519050934928,72.66150263138611,71.73173308506553,85.08621052087383,80.40900325671183,0.0,0.0,0.0,0.0,True,False,86.28947834408092
601360.SHG,601360.SHG,2026-08-19,1,0,29,0.0,24.186120717030335,23.0363179407726,18.31407407499231,58.36207017362461,92.0,78.03519050934928,72.66150263138611,71.73173308506553,85.08621052087383,80.40900325671183,0.0,0.0,0.0,0.0,True,False,86.28947834408092
601377.SHG,601377.SHG,2026-08-19,0,0,29,0.0,37.260921149432505,26.592468742937577,21.273974994350063,85.08621052087383,83.15549014391456,78.03519050934928,72.66150263138611,71.73173308506553,85.08621052087383,80.40900325671183,0.0,0.0,0.0,0.0,True,False,73.98492652868289
601390.SHG,601390.SHG,2026-08-19,0,0,29,0.0,0.0,29.86116885103812,21.273974994350063,65.04310526043692,83.15549014391456,78.03519050934928,72.66150263138611,71.73173308506553,85.08621052087383,80.40900325671183,0.0,0.0,0.0,0.0,True,False,81.00001336983581
601398.SHG,601398.SHG,2026-08-19,0,0,29,0.0,0.0,29.86116885103812,21.273974994350063,65.04310526043692,83.15549014391456,78.03519050934928,72.66150263138611,71.73173308506553,85.08621052087383,80.40900325671183,0.0,0.0,0.0,0.0,True,False,81.00001336983581
601600.SHG,601600.SHG,2026-08-19,0,0,29,9.230769230769232,22.461416552643733,27.969486139702195,21.273974994350063,58.36207017362461,92.0,78.03519050934928,72.66150263138611,71.73173308506553,85.08621052087383,80.40900325671183,0.0,0.0,0.0,0.0,True,False,85.54950311424149
601601.SHG,601601.SHG,2026-08-19,0,0,29,0.0,0.0,29.86116885103812,21.273974994350063,65.04310526043692,83.15549014391456,78.03519050934928,72.66150263138611,71.73173308506553,85.08621052087383,80.40900325671183,0.0,0.0,0.0,0.0,True,False,81.00001336983581
601628.SHG,601628.SHG,2026-08-19,0,0,29,0.0,0.0,22.461416552643733,21.273974994350063,44.99999999999999,92.0,78.03519050934928,72.66150263138611,71.73173308506553,85.08621052087383,80.40900325671183,0.0,0.0,0.0,0.0,True,False,90.2262276750101
601633.SHG,601633.SHG,2026-08-19,0,0,29,4.615384615384616,22.461416552643733,22.461416552643733,21.273974994350063,85.08621052087383,74.31098028782912,78.03519050934928,72.66150263138611,71.73173308506553,85.08621052087383,80.40900325671183,0.0,0.0,0.0,0.0,True,False,71.77379906466153
601658.SHG,601658.SHG,2026-08-19,0,0,29,1.5384615384615385,22.461416552643733,26.592468742937577,21.273974994350063,55.02155263021845,92.0,78.03519050934928,72.66150263138611,71.73173308506553,85.08621052087383,80.40900325671183,0.0,0.0,0.0,0.0,True,False,86.71868425443364
601668.SHG,601668.SHG,2026-08-19,1,0,29,0.0,24.186120717030335,23.0363179407726,18.31407407499231,58.36207017362461,92.0,78.03519050934928,72.66150263138611,71.73173308506553,85.08621052087383,80.40900325671183,0.0,0.0,0.0,0.0,True,False,86.28947834408092
601669.SHG,601669.SHG,2026-08-19,0,0,29,18.461538461538463,22.461416552643733,22.461416552643733,20.929034161472742,65.04310526043692,83.15549014391456,78.03519050934928,72.66150263138611,71.73173308506553,85.08621052087383,80.40900325671183,0.0,0.0,0.0,0.0,True,False,81.08624857805513
601688.SHG,601688.SHG,2026-08-19,0,0,29,0.0,0.0,22.461416552643733,21.273974994350063,44.99999999999999,92.0,78.03519050934928,72.66150263138611,71.73173308506553,85.08621052087383,80.40900325671183,0.0,0.0,0.0,0.0,True,False,90.2262276750101
601699.SHG,601699.SHG,2026-08-19,0,0,29,0.0,0.0,29.86116885103812,21.273974994350063,65.04310526043692,83.15549014391456,78.03519050934928,72.66150263138611,71.73173308506553,85.08621052087383,80.40900325671183,0.0,0.0,0.0,0.0,True,False,81.00001336983581
601728.SHG,601728.SHG,2026-08-19,0,0,29,0.0,0.0,29.86116885103812,21.273974994350063,65.04310526043692,83.15549014391456,78.03519050934928,72.66150263138611,71.73173308506553,85.08621052087383,80.40900325671183,0.0,0.0,0.0,0.0,True,False,81.00001336983581
601766.SHG,601766.SHG,2026-08-19,0,9,24,14.285714285714286,5.897942661070293,5.897942661070293,8.228766865652435,92.0,44.99999999999999,92.0,44.99999999999999,92.0,92.0,44.99999999999999,0.0,0.0,0.0,1.0,True,True,63.1928082835869
601788.SHG,601788.SHG,2026-08-19,1,0,29,0.0,24.186120717030335,23.0363179407726,18.31407407499231,58.36207017362461,92.0,78.03519050934928,72.66150263138611,71.73173308506553,85.08621052087383,80.40900325671183,0.0,0.0,0.0,0.0,True,False,86.28947834408092
601800.SHG,601800.SHG,2026-08-19,1,0,29,0.0,30.72352093323142,26.592468742937577,21.273974994350063,65.04310526043692,83.15549014391456,78.03519050934928,72.66150263138611,71.73173308506553,85.08621052087383,80.40900325671183,0.0,0.0,0.0,0.0,True,False,81.00001336983581
601808.SHG,601808.SHG,2026-08-19,0,0,29,9.230769230769232,22.461416552643733,27.969486139702195,21.273974994350063,58.36207017362461,92.0,78.03519050934928,72.66150263138611,71.73173308506553,85.08621052087383,80.40900325671183,0.0,0.0,0.0,0.0,True,False,85.54950311424149
601816.SHG,601816.SHG,2026-08-19,0,0,29,9.230769230769232,22.461416552643733,27.969486139702195,21.273974994350063,58.36207017362461,92.0,78.03519050934928,72.66150263138611,71.73173308506553,85.08621052087383,80.40900325671183,0.0,0.0,0.0,0.0,True,False,85.54950311424149
601818.SHG,601818.SHG,2026-08-19,5,0,25,0.0,8.210118471584614,22.644152057886952,18.078774545260917,92.0,70.43699342927637,92.0,72.66150263138611,71.73173308506553,85.08621052087383,80.40900325671183,0.0,0.0,0.0,0.0,True,True,67.08955472100388
601825.SHG,601825.SHG,2026-08-19,0,0,29,0.0,0.0,29.86116885103812,21.273974994350063,65.04310526043692,83.15549014391456,78.03519050934928,72.66150263138611,71.73173308506553,85.08621052087383,80.40900325671183,0.0,0.0,0.0,0.0,True,False,81.00001336983581
601838.SHG,601838.SHG,2026-08-19,1,0,29,0.0,30.72352093323142,26.592468742937577,21.273974994350063,65.04310526043692,83.15549014391456,78.03519050934928,72.66150263138611,71.73173308506553,85.08621052087383,80.40900325671183,0.0,0.0,0.0,0.0,True,False,81.00001336983581
601857.SHG,601857.SHG,2026-08-19,0,0,29,0.0,0.0,27.969486139702195,21.273974994350063,58.36207017362461,86.10366009594304,78.03519050934928,72.66150263138611,71.73173308506553,85.08621052087383,80.40900325671183,0.0,0.0,0.0,0.0,True,False,84.07541813822725
601868.SHG,601868.SHG,2026-08-19,0,9,24,0.0,0.0,11.795885322140586,11.739179602448639,92.0,44.99999999999999,92.0,44.99999999999999,92.0,92.0,44.99999999999999,0.0,0.0,0.0,0.5,True,True,62.31520509938785
601872.SHG,601872.SHG,2026-08-19,0,0,29,0.0,0.0,29.86116885103812,21.273974994350063,65.04310526043692,83.15549014391456,78.03519050934928,72.66150263138611,71.73173308506553,85.08621052087383,80.40900325671183,0.0,0.0,0.0,0.0,True,False,81.00001336983581
601877.SHG,601877.SHG,2026-08-19,0,0,29,0.0,0.0,29.86116885103812,21.273974994350063,65.04310526043692,83.15549014391456,78.03519050934928,72.66150263138611,71.73173308506553,85.08621052087383,80.40900325671183,0.0,0.0,0.0,0.0,True,False,81.00001336983581
601881.SHG,601881.SHG,2026-08-19,0,0,29,0.0,0.0,27.969486139702195,21.273974994350063,58.36207017362461,86.10366009594304,78.03519050934928,72.66150263138611,71.73173308506553,85.08621052087383,80.40900325671183,0.0,0.0,0.0,0.0,True,False,84.07541813822725
601888.SHG,601888.SHG,2026-08-19,0,0,29,1.5384615384615385,22.461416552643733,26.592468742937577,21.273974994350063,55.02155263021845,92.0,78.03519050934928,72.66150263138611,71.73173308506553,85.08621052087383,80.40900325671183,0.0,0.0,0.0,0.0,True,False,86.71868425443364
601898.SHG,601898.SHG,2026-08-19,0,0,29,0.0,0.0,22.461416552643733,21.273974994350063,44.99999999999999,92.0,78.03519050934928,72.66150263138611,71.73173308506553,85.08621052087383,80.40900325671183,0.0,0.0,0.0,0.0,True,False,90.2262276750101
601899.SHG,601899.SHG,2026-08-19,0,0,29,4.615384615384616,22.461416552643733,22.461416552643733,21.273974994350063,85.08621052087383,83.15549014391456,78.03519050934928,72.66150263138611,71.73173308506553,85.08621052087383,80.40900325671183,0.0,0.0,0.0,0.0,True,False,73.98492652868289
601901.SHG,601901.SHG,2026-08-19,0,0,25,0.0,0.0,22.461416552643733,18.25281041702985,44.99999999999999,92.0,92.0,72.66150263138611,71.73173308506553,85.08621052087383,80.40900325671183,0.0,0.0,0.0,0.0,True,True,88.88679739574253
601916.SHG,601916.SHG,2026-08-19,0,0,29,1.5384615384615385,22.461416552643733,26.592468742937577,21.273974994350063,55.02155263021845,92.0,78.03519050934928,72.66150263138611,71.73173308506553,85.08621052087383,80.40900325671183,0.0,0.0,0.0,0.0,True,False,86.71868425443364
601919.SHG,601919.SHG,2026-08-19,1,0,29,0.0,24.186120717030335,23.0363179407726,18.31407407499231,58.36207017362461,92.0,78.03519050934928,72.66150263138611,71.73173308506553,85.08621052087383,80.40900325671183,0.0,0.0,0.0,0.0,True,False,86.28947834408092
601939.SHG,601939.SHG,2026-08-19,6,0,25,6.666666666666666,22.461416552643733,22.81601302128731,18.25281041702985,66.77155263021845,92.0,92.0,72.66150263138611,71.73173308506553,85.08621052087383,80.40900325671183,0.0,0.0,0.0,0.0,True,True,81.26675397516608
601958.SHG,601958.SHG,2026-08-19,0,0,29,0.0,0.0,22.461416552643733,21.273974994350063,44.99999999999999,92.0,78.03519050934928,72.66150263138611,71.73173308506553,85.08621052087383,80.40900325671183,0.0,0.0,0.0,0.0,True,False,90.2262276750101
601985.SHG,601985.SHG,2026-08-19,0,9,24,7.142857142857143,0.0,0.0,9.380002538020522,92.0,44.99999999999999,92.0,44.99999999999999,92.0,92.0,44.99999999999999,0.0,0.0,0.0,0.5,True,True,62.90499936549489
601988.SHG,601988.SHG,2026-08-19,0,0,25,0.0,23.33159591148839,22.81601302128731,18.25281041702985,85.08621052087383,74.31098028782912,92.0,72.66150263138611,71.73173308506553,85.08621052087383,80.40900325671183,0.0,0.0,0.0,0.0,True,True,70.43436878539397
601991.SHG,601991.SHG,2026-08-19,0,0,29,0.0,0.0,29.86116885103812,21.273974994350063,65.04310526043692,83.15549014391456,78.03519050934928,72.66150263138611,71.73173308506553,85.08621052087383,80.40900325671183,0.0,0.0,0.0,0.0,True,False,81.00001336983581
601998.SHG,601998.SHG,2026-08-19,0,0,29,9.230769230769232,22.461416552643733,22.461416552643733,20.929034161472742,65.04310526043692,92.0,78.03519050934928,72.66150263138611,71.73173308506553,85.08621052087383,80.40900325671183,0.0,0.0,0.0,0.0,True,False,83.2973760420765
603087.SHG,603087.SHG,2026-08-19,0,0,25,0.0,0.0,22.89650623206606,18.25281041702985,65.04310526043692,83.15549014391456,92.0,72.66150263138611,71.73173308506553,85.08621052087383,80.40900325671183,0.0,0.0,0.0,0.0,True,True,79.66058309056827
603129.SHG,603129.SHG,2026-08-19,0,0,25,0.0,0.0,22.461416552643733,18.25281041702985,44.99999999999999,92.0,92.0,72.66150263138611,71.73173308506553,85.08621052087383,80.40900325671183,0.0,0.0,0.0,0.0,True,True,88.88679739574253
603156.SHG,603156.SHG,2026-08-19,0,0,29,0.0,37.260921149432505,26.592468742937577,21.273974994350063,85.08621052087383,83.15549014391456,78.03519050934928,72.66150263138611,71.73173308506553,85.08621052087383,80.40900325671183,0.0,0.0,0.0,0.0,True,False,73.98492652868289
603195.SHG,603195.SHG,2026-08-19,0,0,29,0.0,0.0,27.969486139702195,21.273974994350063,58.36207017362461,86.10366009594304,78.03519050934928,72.66150263138611,71.73173308506553,85.08621052087383,80.40900325671183,0.0,0.0,0.0,0.0,True,False,84.07541813822725
603259.SHG,603259.SHG,2026-08-19,0,0,29,10.769230769230768,29.86116885103812,21.273974994350063,21.273974994350063,65.04310526043692,84.92439211513165,78.03519050934928,72.66150263138611,71.73173308506553,85.08621052087383,80.40900325671183,0.0,0.0,0.0,0.0,True,False,81.44223886264008
603260.SHG,603260.SHG,2026-08-19,0,0,29,9.230769230769232,22.461416552643733,22.461416552643733,20.929034161472742,65.04310526043692,92.0,78.03519050934928,72.66150263138611,71.73173308506553,85.08621052087383,80.40900325671183,0.0,0.0,0.0,0.0,True,False,83.2973760420765
603288.SHG,603288.SHG,2026-08-19,0,0,29,0.0,0.0,22.461416552643733,21.273974994350063,44.99999999999999,92.0,78.03519050934928,72.66150263138611,71.73173308506553,85.08621052087383,80.40900325671183,0.0,0.0,0.0,0.0,True,False,90.2262276750101
603296.SHG,603296.SHG,2026-08-19,0,0,29,0.0,0.0,29.86116885103812,21.273974994350063,65.04310526043692,83.15549014391456,78.03519050934928,72.66150263138611,71.73173308506553,85.08621052087383,80.40900325671183,0.0,0.0,0.0,0.0,True,False,81.00001336983581
603379.SHG,603379.SHG,2026-08-19,0,0,29,4.615384615384616,22.461416552643733,22.461416552643733,21.273974994350063,85.08621052087383,74.31098028782912,78.03519050934928,72.66150263138611,71.73173308506553,85.08621052087383,80.40900325671183,0.0,0.0,0.0,0.0,True,False,71.77379906466153
603799.SHG,603799.SHG,2026-08-19,0,0,29,0.0,0.0,22.461416552643733,21.273974994350063,44.99999999999999,92.0,78.03519050934928,72.66150263138611,71.73173308506553,85.08621052087383,80.40900325671183,0.0,0.0,0.0,0.0,True,False,90.2262276750101
603806.SHG,603806.SHG,2026-08-19,0,0,29,0.0,0.0,22.461416552643733,21.273974994350063,44.99999999999999,92.0,78.03519050934928,72.66150263138611,71.73173308506553,85.08621052087383,80.40900325671183,0.0,0.0,0.0,0.0,True,False,90.2262276750101
603920.SHG,603920.SHG,2026-08-19,0,0,29,0.0,0.0,22.461416552643733,21.273974994350063,44.99999999999999,92.0,78.03519050934928,72.66150263138611,71.73173308506553,85.08621052087383,80.40900325671183,0.0,0.0,0.0,0.0,True,False,90.2262276750101
603929.SHG,603929.SHG,2026-08-19,0,0,29,9.230769230769232,22.461416552643733,27.969486139702195,21.273974994350063,58.36207017362461,92.0,78.03519050934928,72.66150263138611,71.73173308506553,85.08621052087383,80.40900325671183,0.0,0.0,0.0,0.0,True,False,85.54950311424149
603993.SHG,603993.SHG,2026-08-19,6,0,25,7.777777777777778,22.89650623206606,18.25281041702985,18.25281041702985,70.43448420834953,83.15549014391456,92.0,72.66150263138611,71.73173308506553,85.08621052087383,80.40900325671183,0.0,0.0,0.0,0.0,True,True,77.77360045879884
605117.SHG,605117.SHG,2026-08-19,0,0,29,1.5384615384615385,22.461416552643733,26.592468742937577,21.273974994350063,55.02155263021845,92.0,78.03519050934928,72.66150263138611,71.73173308506553,85.08621052087383,80.40900325671183,0.0,0.0,0.0,0.0,True,False,86.71868425443364
605499.SHG,605499.SHG,2026-08-19,0,0,29,9.230769230769232,22.461416552643733,27.969486139702195,21.273974994350063,58.36207017362461,92.0,78.03519050934928,72.66150263138611,71.73173308506553,85.08621052087383,80.40900325671183,0.0,0.0,0.0,0.0,True,False,85.54950311424149
605589.SHG,605589.SHG,2026-08-19,0,0,29,0.0,0.0,29.86116885103812,21.273974994350063,65.04310526043692,83.15549014391456,78.03519050934928,72.66150263138611,71.73173308506553,85.08621052087383,80.40900325671183,0.0,0.0,0.0,0.0,True,False,81.00001336983581
688036.SHG,688036.SHG,2026-08-19,0,0,29,0.0,37.260921149432505,26.592468742937577,21.273974994350063,85.08621052087383,83.15549014391456,78.03519050934928,72.66150263138611,71.73173308506553,85.08621052087383,80.40900325671183,0.0,0.0,0.0,0.0,True,False,73.98492652868289
688187.SHG,688187.SHG,2026-08-19,0,0,29,0.0,0.0,29.86116885103812,21.273974994350063,65.04310526043692,83.15549014391456,78.03519050934928,72.66150263138611,71.73173308506553,85.08621052087383,80.40900325671183,0.0,0.0,0.0,0.0,True,False,81.00001336983581
688188.SHG,688188.SHG,2026-08-19,1,0,29,0.0,24.186120717030335,23.0363179407726,18.31407407499231,58.36207017362461,92.0,78.03519050934928,72.66150263138611,71.73173308506553,85.08621052087383,80.40900325671183,0.0,0.0,0.0,0.0,True,False,86.28947834408092
688213.SHG,688213.SHG,2026-08-19,0,0,29,9.230769230769232,22.461416552643733,22.461416552643733,20.929034161472742,65.04310526043692,92.0,78.03519050934928,72.66150263138611,71.73173308506553,85.08621052087383,80.40900325671183,0.0,0.0,0.0,0.0,True,False,83.2973760420765
688301.SHG,688301.SHG,2026-08-19,0,0,29,4.615384615384616,22.461416552643733,22.461416552643733,21.273974994350063,85.08621052087383,74.31098028782912,78.03519050934928,72.66150263138611,71.73173308506553,85.08621052087383,80.40900325671183,0.0,0.0,0.0,0.0,True,False,71.77379906466153
688336.SHG,688336.SHG,2026-08-19,0,0,29,0.0,0.0,29.86116885103812,21.273974994350063,65.04310526043692,83.15549014391456,78.03519050934928,72.66150263138611,71.73173308506553,85.08621052087383,80.40900325671183,0.0,0.0,0.0,0.0,True,False,81.00001336983581
0001.HK,0001.HK,2026-08-19,1,0,29,16.923076923076923,23.323768634837034,23.0363179407726,18.31407407499231,58.36207017362461,92.0,78.03519050934928,72.66150263138611,71.73173308506553,85.08621052087383,80.40900325671183,0.0,0.0,0.0,0.0,True,False,86.28947834408092
0002.HK,0002.HK,2026-08-19,0,0,29,0.0,0.0,22.461416552643733,21.273974994350063,44.99999999999999,92.0,78.03519050934928,72.66150263138611,71.73173308506553,85.08621052087383,80.40900325671183,0.0,0.0,0.0,0.0,True,False,90.2262276750101
0003.HK,0003.HK,2026-08-19,0,0,29,0.0,0.0,22.461416552643733,21.273974994350063,44.99999999999999,92.0,78.03519050934928,72.66150263138611,71.73173308506553,85.08621052087383,80.40900325671183,0.0,0.0,0.0,0.0,True,False,90.2262276750101
0004.HK,0004.HK,2026-08-19,0,0,29,1.5384615384615385,22.461416552643733,26.592468742937577,21.273974994350063,55.02155263021845,92.0,78.03519050934928,72.66150263138611,71.73173308506553,85.08621052087383,80.40900325671183,0.0,0.0,0.0,0.0,True,False,86.71868425443364
0005.HK,0005.HK,2026-08-19,0,0,29,4.615384615384616,22.461416552643733,22.461416552643733,21.273974994350063,85.08621052087383,74.31098028782912,78.03519050934928,72.66150263138611,71.73173308506553,85.08621052087383,80.40900325671183,0.0,0.0,0.0,0.0,True,False,71.77379906466153
0006.HK,0006.HK,2026-08-19,0,0,29,4.615384615384616,22.461416552643733,22.461416552643733,21.273974994350063,85.08621052087383,74.31098028782912,78.03519050934928,72.66150263138611,71.73173308506553,85.08621052087383,80.40900325671183,0.0,0.0,0.0,0.0,True,False,71.77379906466153
0008.HK,0008.HK,2026-08-19,0,0,29,0.0,37.260921149432505,26.592468742937577,21.273974994350063,85.08621052087383,83.15549014391456,78.03519050934928,72.66150263138611,71.73173308506553,85.08621052087383,80.40900325671183,0.0,0.0,0.0,0.0,True,False,73.98492652868289
0012.HK,0012.HK,2026-08-19,0,0,29,0.0,0.0,22.461416552643733,21.273974994350063,44.99999999999999,92.0,78.03519050934928,72.66150263138611,71.73173308506553,85.08621052087383,80.40900325671183,0.0,0.0,0.0,0.0,True,False,90.2262276750101
0016.HK,0016.HK,2026-08-19,0,0,29,0.0,0.0,22.461416552643733,21.273974994350063,44.99999999999999,92.0,78.03519050934928,72.66150263138611,71.73173308506553,85.08621052087383,80.40900325671183,0.0,0.0,0.0,0.0,True,False,90.2262276750101
0019.HK,0019.HK,2026-08-19,0,0,29,18.461538461538463,22.461416552643733,22.461416552643733,20.929034161472742,65.04310526043692,83.15549014391456,78.03519050934928,72.66150263138611,71.73173308506553,85.08621052087383,80.40900325671183,0.0,0.0,0.0,0.0,True,False,81.08624857805513
0023.HK,0023.HK,2026-08-19,0,0,29,4.615384615384616,22.461416552643733,22.461416552643733,21.273974994350063,85.08621052087383,83.15549014391456,78.03519050934928,72.66150263138611,71.73173308506553,85.08621052087383,80.40900325671183,0.0,0.0,0.0,0.0,True,False,73.98492652868289
0027.HK,0027.HK,2026-08-19,0,0,29,18.461538461538463,22.461416552643733,22.461416552643733,20.929034161472742,65.04310526043692,83.15549014391456,78.03519050934928,72.66150263138611,71.73173308506553,85.08621052087383,80.40900325671183,0.0,0.0,0.0,0.0,True,False,81.08624857805513
0066.HK,0066.HK,2026-08-19,0,0,29,18.461538461538463,22.461416552643733,22.461416552643733,20.929034161472742,65.04310526043692,83.15549014391456,78.03519050934928,72.66150263138611,71.73173308506553,85.08621052087383,80.40900325671183,0.0,0.0,0.0,0.0,True,False,81.08624857805513
0083.HK,0083.HK,2026-08-19,0,0,25,0.0,0.0,22.89650623206606,18.25281041702985,65.04310526043692,83.15549014391456,92.0,72.66150263138611,71.73173308506553,85.08621052087383,80.40900325671183,0.0,0.0,0.0,0.0,True,True,79.66058309056827
0101.HK,0101.HK,2026-08-19,6,0,25,7.777777777777778,22.73551981050856,22.644152057886952,18.078774545260917,74.02873684029127,70.43699342927637,92.0,72.66150263138611,71.73173308506553,85.08621052087383,80.40900325671183,0.0,0.0,0.0,0.0,True,True,73.37949682690193
0135.HK,0135.HK,2026-08-19,0,0,25,0.0,0.0,22.461416552643733,18.25281041702985,44.99999999999999,92.0,92.0,72.66150263138611,71.73173308506553,85.08621052087383,80.40900325671183,0.0,0.0,0.0,0.0,True,True,88.88679739574253
0144.HK,0144.HK,2026-08-19,0,0,25,0.0,0.0,22.461416552643733,18.25281041702985,44.99999999999999,92.0,92.0,72.66150263138611,71.73173308506553,85.08621052087383,80.40900325671183,0.0,0.0,0.0,0.0,True,True,88.88679739574253
0148.HK,0148.HK,2026-08-19,0,0,29,0.0,0.0,29.86116885103812,21.273974994350063,65.04310526043692,83.15549014391456,78.03519050934928,72.66150263138611,71.73173308506553,85.08621052087383,80.40900325671183,0.0,0.0,0.0,0.0,True,False,81.00001336983581
0151.HK,0151.HK,2026-08-19,0,0,29,0.0,0.0,29.86116885103812,21.273974994350063,65.04310526043692,83.15549014391456,78.03519050934928,72.66150263138611,71.73173308506553,85.08621052087383,80.40900325671183,0.0,0.0,0.0,0.0,True,False,81.00001336983581
0168.HK,0168.HK,2026-08-19,5,0,25,0.0,8.210118471584614,22.644152057886952,18.078774545260917,92.0,70.43699342927637,92.0,72.66150263138611,71.73173308506553,85.08621052087383,80.40900325671183,0.0,0.0,0.0,0.0,True,True,67.08955472100388
0175.HK,0175.HK,2026-08-19,0,0,29,9.230769230769232,22.461416552643733,22.461416552643733,20.929034161472742,65.04310526043692,92.0,78.03519050934928,72.66150263138611,71.73173308506553,85.08621052087383,80.40900325671183,0.0,0.0,0.0,0.0,True,False,83.2973760420765
0177.HK,0177.HK,2026-08-19,0,0,29,0.0,37.260921149432505,26.592468742937577,21.273974994350063,85.08621052087383,83.15549014391456,78.03519050934928,72.66150263138611,71.73173308506553,85.08621052087383,80.40900325671183,0.0,0.0,0.0,0.0,True,False,73.98492652868289
0179.HK,0179.HK,2026-08-19,1,0,29,0.0,24.186120717030335,23.0363179407726,18.31407407499231,58.36207017362461,92.0,78.03519050934928,72.66150263138611,71.73173308506553,85.08621052087383,80.40900325671183,0.0,0.0,0.0,0.0,True,False,86.28947834408092
0189.HK,0189.HK,2026-08-19,1,0,25,2.2222222222222223,37.260921149432505,29.86116885103812,21.10307003324167,65.04310526043692,92.0,92.0,72.66150263138611,71.73173308506553,85.08621052087383,80.40900325671183,0.0,0.0,0.0,0.0,True,True,81.15914565053666
0220.HK,0220.HK,2026-08-19,6,0,25,1.1111111111111112,22.461416552643733,22.81601302128731,18.25281041702985,66.77155263021845,92.0,92.0,72.66150263138611,71.73173308506553,85.08621052087383,80.40900325671183,0.0,0.0,0.0,0.0,True,True,81.26675397516608
0241.HK,0241.HK,2026-08-19,1,0,29,0.0,24.186120717030335,23.0363179407726,18.31407407499231,58.36207017362461,92.0,78.03519050934928,72.66150263138611,71.73173308506553,85.08621052087383,80.40900325671183,0.0,0.0,0.0,0.0,True,False,86.28947834408092
0257.HK,0257.HK,2026-08-19,5,0,25,0.0,8.210118471584614,22.644152057886952,18.078774545260917,92.0,70.43699342927637,92.0,72.66150263138611,71.73173308506553,85.08621052087383,80.40900325671183,0.0,0.0,0.0,0.0,True,True,67.08955472100388
0267.HK,0267.HK,2026-08-19,0,0,29,0.0,0.0,22.461416552643733,21.273974994350063,44.99999999999999,92.0,78.03519050934928,72.66150263138611,71.73173308506553,85.08621052087383,80.40900325671183,0.0,0.0,0.0,0.0,True,False,90.2262276750101
0270.HK,0270.HK,2026-08-19,0,0,29,18.461538461538463,22.461416552643733,22.461416552643733,20.929034161472742,65.04310526043692,83.15549014391456,78.03519050934928,72.66150263138611,71.73173308506553,85.08621052087383,80.40900325671183,0.0,0.0,0.0,0.0,True,False,81.08624857805513
0288.HK,0288.HK,2026-08-19,1,0,29,16.923076923076923,23.323768634837034,23.0363179407726,18.31407407499231,58.36207017362461,92.0,78.03519050934928,72.66150263138611,71.73173308506553,85.08621052087383,80.40900325671183,0.0,0.0,0.0,0.0,True,False,86.28947834408092
0291.HK,0291.HK,2026-08-19,1,0,29,16.923076923076923,23.323768634837034,23.0363179407726,18.31407407499231,58.36207017362461,92.0,78.03519050934928,72.66150263138611,71.73173308506553,85.08621052087383,80.40900325671183,0.0,0.0,0.0,0.0,True,False,86.28947834408092
0293.HK,0293.HK,2026-08-19,1,0,29,0.0,30.72352093323142,26.592468742937577,21.273974994350063,65.04310526043692,83.15549014391456,78.03519050934928,72.66150263138611,71.73173308506553,85.08621052087383,80.40900325671183,0.0,0.0,0.0,0.0,True,False,81.00001336983581
0300.HK,0300.HK,2026-08-19,0,0,25,3.333333333333333,22.461416552643733,22.461416552643733,15.292909497672094,85.08621052087383,74.31098028782912,92.0,72.66150263138611,71.73173308506553,85.08621052087383,80.40900325671183,0.0,0.0,0.0,0.0,True,True,71.17434401523342
0316.HK,0316.HK,2026-08-19,1,0,29,0.0,30.72352093323142,26.592468742937577,21.273974994350063,65.04310526043692,83.15549014391456,78.03519050934928,72.66150263138611,71.73173308506553,85.08621052087383,80.40900325671183,0.0,0.0,0.0,0.0,True,False,81.00001336983581
0322.HK,0322.HK,2026-08-19,0,0,29,1.5384615384615385,22.461416552643733,26.592468742937577,21.273974994350063,55.02155263021845,92.0,78.03519050934928,72.66150263138611,71.73173308506553,85.08621052087383,80.40900325671183,0.0,0.0,0.0,0.0,True,False,86.71868425443364
0354.HK,0354.HK,2026-08-19,1,0,25,2.2222222222222223,37.260921149432505,29.86116885103812,21.10307003324167,65.04310526043692,92.0,92.0,72.66150263138611,71.73173308506553,85.08621052087383,80.40900325671183,0.0,0.0,0.0,0.0,True,True,81.15914565053666
0358.HK,0358.HK,2026-08-19,0,0,29,9.230769230769232,22.461416552643733,22.461416552643733,20.929034161472742,65.04310526043692,92.0,78.03519050934928,72.66150263138611,71.73173308506553,85.08621052087383,80.40900325671183,0.0,0.0,0.0,0.0,True,False,83.2973760420765
0371.HK,0371.HK,2026-08-19,0,0,29,0.0,0.0,29.86116885103812,21.273974994350063,65.04310526043692,83.15549014391456,78.03519050934928,72.66150263138611,71.73173308506553,85.08621052087383,80.40900325671183,0.0,0.0,0.0,0.0,True,False,81.00001336983581
0384.HK,0384.HK,2026-08-19,0,0,29,0.0,0.0,29.86116885103812,21.273974994350063,65.04310526043692,83.15549014391456,78.03519050934928,72.66150263138611,71.73173308506553,85.08621052087383,80.40900325671183,0.0,0.0,0.0,0.0,True,False,81.00001336983581
0386.HK,0386.HK,2026-08-19,1,0,29,0.0,24.186120717030335,23.0363179407726,18.31407407499231,58.36207017362461,92.0,78.03519050934928,72.66150263138611,71.73173308506553,85.08621052087383,80.40900325671183,0.0,0.0,0.0,0.0,True,False,86.28947834408092
0388.HK,0388.HK,2026-08-19,0,0,29,0.0,0.0,22.461416552643733,21.273974994350063,44.99999999999999,92.0,78.03519050934928,72.66150263138611,71.73173308506553,85.08621052087383,80.40900325671183,0.0,0.0,0.0,0.0,True,False,90.2262276750101
0390.HK,0390.HK,2026-08-19,0,9,24,0.0,11.795885322140586,14.673974503060798,11.739179602448639,92.0,44.99999999999999,92.0,44.99999999999999,92.0,92.0,44.99999999999999,0.0,0.0,0.0,0.5,True,True,62.31520509938785
0392.HK,0392.HK,2026-08-19,0,0,29,10.769230769230768,29.86116885103812,21.273974994350063,21.273974994350063,65.04310526043692,84.92439211513165,78.03519050934928,72.66150263138611,71.73173308506553,85.08621052087383,80.40900325671183,0.0,0.0,0.0,0.0,True,False,81.44223886264008
0425.HK,0425.HK,2026-08-19,0,0,29,9.230769230769232,22.461416552643733,22.461416552643733,20.929034161472742,65.04310526043692,92.0,78.03519050934928,72.66150263138611,71.73173308506553,85.08621052087383,80.40900325671183,0.0,0.0,0.0,0.0,True,False,83.2973760420765
0522.HK,0522.HK,2026-08-19,0,0,29,0.0,0.0,22.461416552643733,21.273974994350063,44.99999999999999,92.0,78.03519050934928,72.66150263138611,71.73173308506553,85.08621052087383,80.40900325671183,0.0,0.0,0.0,0.0,True,False,90.2262276750101
0551.HK,0551.HK,2026-08-19,0,0,29,18.461538461538463,22.461416552643733,22.461416552643733,20.929034161472742,65.04310526043692,83.15549014391456,78.03519050934928,72.66150263138611,71.73173308506553,85.08621052087383,80.40900325671183,0.0,0.0,0.0,0.0,True,False,81.08624857805513
0552.HK,0552.HK,2026-08-19,0,0,29,9.230769230769232,22.461416552643733,26.592468742937577,21.273974994350063,55.02155263021845,92.0,78.03519050934928,72.66150263138611,71.73173308506553,85.08621052087383,80.40900325671183,0.0,0.0,0.0,0.0,True,False,86.71868425443364
0564.HK,0564.HK,2026-08-19,6,0,25,1.1111111111111112,22.461416552643733,22.81601302128731,18.25281041702985,66.77155263021845,92.0,92.0,72.66150263138611,71.73173308506553,85.08621052087383,80.40900325671183,0.0,0.0,0.0,0.0,True,True,81.26675397516608
0576.HK,0576.HK,2026-08-19,0,0,29,9.230769230769232,22.461416552643733,22.461416552643733,20.929034161472742,65.04310526043692,92.0,78.03519050934928,72.66150263138611,71.73173308506553,85.08621052087383,80.40900325671183,0.0,0.0,0.0,0.0,True,False,83.2973760420765
0586.HK,0586.HK,2026-08-19,0,0,29,0.0,0.0,27.969486139702195,21.273974994350063,58.36207017362461,86.10366009594304,78.03519050934928,72.66150263138611,71.73173308506553,85.08621052087383,80.40900325671183,0.0,0.0,0.0,0.0,True,False,84.07541813822725
0598.HK,0598.HK,2026-08-19,0,0,29,0.0,0.0,22.461416552643733,21.273974994350063,44.99999999999999,92.0,78.03519050934928,72.66150263138611,71.73173308506553,85.08621052087383,80.40900325671183,0.0,0.0,0.0,0.0,True,False,90.2262276750101
0631.HK,0631.HK,2026-08-19,1,0,29,0.0,30.72352093323142,26.592468742937577,21.273974994350063,65.04310526043692,83.15549014391456,78.03519050934928,72.66150263138611,71.73173308506553,85.08621052087383,80.40900325671183,0.0,0.0,0.0,0.0,True,False,81.00001336983581
0669.HK,0669.HK,2026-08-19,0,0,29,0.0,0.0,27.969486139702195,21.273974994350063,58.36207017362461,86.10366009594304,78.03519050934928,72.66150263138611,71.73173308506553,85.08621052087383,80.40900325671183,0.0,0.0,0.0,0.0,True,False,84.07541813822725
0683.HK,0683.HK,2026-08-19,0,0,29,9.230769230769232,22.461416552643733,26.592468742937577,21.273974994350063,55.02155263021845,92.0,78.03519050934928,72.66150263138611,71.73173308506553,85.08621052087383,80.40900325671183,0.0,0.0,0.0,0.0,True,False,86.71868425443364
0688.HK,0688.HK,2026-08-19,0,0,29,4.615384615384616,22.461416552643733,22.461416552643733,21.273974994350063,85.08621052087383,83.15549014391456,78.03519050934928,72.66150263138611,71.73173308506553,85.08621052087383,80.40900325671183,0.0,0.0,0.0,0.0,True,False,73.98492652868289
0696.HK,0696.HK,2026-08-19,1,0,29,16.923076923076923,23.323768634837034,23.0363179407726,18.31407407499231,58.36207017362461,92.0,78.03519050934928,72.66150263138611,71.73173308506553,85.08621052087383,80.40900325671183,0.0,0.0,0.0,0.0,True,False,86.28947834408092
0697.HK,0697.HK,2026-08-19,0,9,24,0.0,0.0,14.673974503060798,11.739179602448639,92.0,44.99999999999999,92.0,44.99999999999999,92.0,92.0,44.99999999999999,0.0,0.0,0.0,0.5,True,True,62.31520509938785
0700.HK,0700.HK,2026-08-19,0,0,29,9.230769230769232,22.461416552643733,26.592468742937577,21.273974994350063,55.02155263021845,92.0,78.03519050934928,72.66150263138611,71.73173308506553,85.08621052087383,80.40900325671183,0.0,0.0,0.0,0.0,True,False,86.71868425443364
0728.HK,0728.HK,2026-08-19,0,0,29,0.0,0.0,29.86116885103812,21.273974994350063,65.04310526043692,83.15549014391456,78.03519050934928,72.66150263138611,71.73173308506553,85.08621052087383,80.40900325671183,0.0,0.0,0.0,0.0,True,False,81.00001336983581
0762.HK,0762.HK,2026-08-19,0,0,29,0.0,0.0,22.461416552643733,21.273974994350063,44.99999999999999,92.0,78.03519050934928,72.66150263138611,71.73173308506553,85.08621052087383,80.40900325671183,0.0,0.0,0.0,0.0,True,False,90.2262276750101
0763.HK,0763.HK,2026-08-19,0,0,29,0.0,0.0,22.461416552643733,21.273974994350063,44.99999999999999,92.0,78.03519050934928,72.66150263138611,71.73173308506553,85.08621052087383,80.40900325671183,0.0,0.0,0.0,0.0,True,False,90.2262276750101
0780.HK,0780.HK,2026-08-19,0,0,29,0.0,0.0,29.86116885103812,21.273974994350063,65.04310526043692,83.15549014391456,78.03519050934928,72.66150263138611,71.73173308506553,85.08621052087383,80.40900325671183,0.0,0.0,0.0,0.0,True,False,81.00001336983581
0788.HK,0788.HK,2026-08-19,0,0,29,9.230769230769232,22.461416552643733,27.969486139702195,21.273974994350063,58.36207017362461,92.0,78.03519050934928,72.66150263138611,71.73173308506553,85.08621052087383,80.40900325671183,0.0,0.0,0.0,0.0,True,False,85.54950311424149
0817.HK,0817.HK,2026-08-19,1,0,29,16.923076923076923,23.323768634837034,23.0363179407726,18.31407407499231,58.36207017362461,92.0,78.03519050934928,72.66150263138611,71.73173308506553,85.08621052087383,80.40900325671183,0.0,0.0,0.0,0.0,True,False,86.28947834408092
0823.HK,0823.HK,2026-08-19,1,0,29,16.923076923076923,23.323768634837034,23.0363179407726,18.31407407499231,58.36207017362461,92.0,78.03519050934928,72.66150263138611,71.73173308506553,85.08621052087383,80.40900325671183,0.0,0.0,0.0,0.0,True,False,86.28947834408092
0836.HK,0836.HK,2026-08-19,1,0,29,0.0,24.186120717030335,23.0363179407726,18.31407407499231,58.36207017362461,92.0,78.03519050934928,72.66150263138611,71.73173308506553,85.08621052087383,80.40900325671183,0.0,0.0,0.0,0.0,True,False,86.28947834408092
0857.HK,0857.HK,2026-08-19,0,0,29,0.0,0.0,29.86116885103812,21.273974994350063,65.04310526043692,83.15549014391456,78.03519050934928,72.66150263138611,71.73173308506553,85.08621052087383,80.40900325671183,0.0,0.0,0.0,0.0,True,False,81.00001336983581
0867.HK,0867.HK,2026-08-19,0,0,29,9.230769230769232,22.461416552643733,22.461416552643733,20.929034161472742,65.04310526043692,92.0,78.03519050934928,72.66150263138611,71.73173308506553,85.08621052087383,80.40900325671183,0.0,0.0,0.0,0.0,True,False,83.2973760420765
0868.HK,0868.HK,2026-08-19,0,0,29,0.0,0.0,22.461416552643733,21.273974994350063,44.99999999999999,92.0,78.03519050934928,72.66150263138611,71.73173308506553,85.08621052087383,80.40900325671183,0.0,0.0,0.0,0.0,True,False,90.2262276750101
0883.HK,0883.HK,2026-08-19,1,0,29,16.923076923076923,23.323768634837034,23.0363179407726,18.31407407499231,58.36207017362461,92.0,78.03519050934928,72.66150263138611,71.73173308506553,85.08621052087383,80.40900325671183,0.0,0.0,0.0,0.0,True,False,86.28947834408092
0902.HK,0902.HK,2026-08-19,0,0,29,4.615384615384616,22.461416552643733,22.461416552643733,21.273974994350063,85.08621052087383,74.31098028782912,78.03519050934928,72.66150263138611,71.73173308506553,85.08621052087383,80.40900325671183,0.0,0.0,0.0,0.0,True,False,71.77379906466153
0914.HK,0914.HK,2026-08-19,0,0,29,9.230769230769232,22.461416552643733,26.592468742937577,21.273974994350063,55.02155263021845,92.0,78.03519050934928,72.66150263138611,71.73173308506553,85.08621052087383,80.40900325671183,0.0,0.0,0.0,0.0,True,False,86.71868425443364
0916.HK,0916.HK,2026-08-19,0,0,29,10.769230769230768,29.86116885103812,21.273974994350063,21.273974994350063,65.04310526043692,84.92439211513165,78.03519050934928,72.66150263138611,71.73173308506553,85.08621052087383,80.40900325671183,0.0,0.0,0.0,0.0,True,False,81.44223886264008
0921.HK,0921.HK,2026-08-19,0,0,29,4.615384615384616,22.461416552643733,22.461416552643733,21.273974994350063,85.08621052087383,74.31098028782912,78.03519050934928,72.66150263138611,71.73173308506553,85.08621052087383,80.40900325671183,0.0,0.0,0.0,0.0,True,False,71.77379906466153
0939.HK,0939.HK,2026-08-19,0,0,29,18.461538461538463,22.461416552643733,22.461416552643733,20.929034161472742,65.04310526043692,83.15549014391456,78.03519050934928,72.66150263138611,71.73173308506553,85.08621052087383,80.40900325671183,0.0,0.0,0.0,0.0,True,False,81.08624857805513
0941.HK,0941.HK,2026-08-19,0,0,29,4.615384615384616,22.461416552643733,22.461416552643733,21.273974994350063,85.08621052087383,74.31098028782912,78.03519050934928,72.66150263138611,71.73173308506553,85.08621052087383,80.40900325671183,0.0,0.0,0.0,0.0,True,False,71.77379906466153
0960.HK,0960.HK,2026-08-19,1,0,29,0.0,30.72352093323142,26.592468742937577,21.273974994350063,65.04310526043692,83.15549014391456,78.03519050934928,72.66150263138611,71.73173308506553,85.08621052087383,80.40900325671183,0.0,0.0,0.0,0.0,True,False,81.00001336983581
0966.HK,0966.HK,2026-08-19,0,9,24,7.142857142857143,0.0,5.897942661070293,9.380002538020522,92.0,44.99999999999999,92.0,44.99999999999999,92.0,92.0,44.99999999999999,0.0,0.0,0.0,0.5,True,True,62.90499936549489
0991.HK,0991.HK,2026-08-19,1,0,29,0.0,30.72352093323142,26.592468742937577,21.273974994350063,65.04310526043692,83.15549014391456,78.03519050934928,72.66150263138611,71.73173308506553,85.08621052087383,80.40900325671183,0.0,0.0,0.0,0.0,True,False,81.00001336983581
0992.HK,0992.HK,2026-08-19,0,0,29,4.615384615384616,22.461416552643733,22.461416552643733,21.273974994350063,85.08621052087383,74.31098028782912,78.03519050934928,72.66150263138611,71.73173308506553,85.08621052087383,80.40900325671183,0.0,0.0,0.0,0.0,True,False,71.77379906466153
0998.HK,0998.HK,2026-08-19,0,0,29,0.0,0.0,22.461416552643733,21.273974994350063,44.99999999999999,92.0,78.03519050934928,72.66150263138611,71.73173308506553,85.08621052087383,80.40900325671183,0.0,0.0,0.0,0.0,True,False,90.2262276750101
1024.HK,1024.HK,2026-08-19,0,0,29,10.769230769230768,29.86116885103812,21.273974994350063,21.273974994350063,65.04310526043692,84.92439211513165,78.03519050934928,72.66150263138611,71.73173308506553,85.08621052087383,80.40900325671183,0.0,0.0,0.0,0.0,True,False,81.44223886264008
1038.HK,1038.HK,2026-08-19,0,0,29,9.230769230769232,22.461416552643733,27.969486139702195,21.273974994350063,58.36207017362461,92.0,78.03519050934928,72.66150263138611,71.73173308506553,85.08621052087383,80.40900325671183,0.0,0.0,0.0,0.0,True,False,85.54950311424149
1044.HK,1044.HK,2026-08-19,0,0,25,0.0,23.33159591148839,22.81601302128731,18.25281041702985,85.08621052087383,74.31098028782912,92.0,72.66150263138611,71.73173308506553,85.08621052087383,80.40900325671183,0.0,0.0,0.0,0.0,True,True,70.43436878539397
1066.HK,1066.HK,2026-08-19,0,0,29,4.615384615384616,22.461416552643733,22.461416552643733,21.273974994350063,85.08621052087383,74.31098028782912,78.03519050934928,72.66150263138611,71.73173308506553,85.08621052087383,80.40900325671183,0.0,0.0,0.0,0.0,True,False,71.77379906466153
1070.HK,1070.HK,2026-08-19,0,0,29,0.0,0.0,27.969486139702195,21.273974994350063,58.36207017362461,86.10366009594304,78.03519050934928,72.66150263138611,71.73173308506553,85.08621052087383,80.40900325671183,0.0,0.0,0.0,0.0,True,False,84.07541813822725
1071.HK,1071.HK,2026-08-19,6,0,25,7.777777777777778,22.89650623206606,18.25281041702985,18.25281041702985,70.43448420834953,83.15549014391456,92.0,72.66150263138611,71.73173308506553,85.08621052087383,80.40900325671183,0.0,0.0,0.0,0.0,True,True,77.77360045879884
1072.HK,1072.HK,2026-08-19,0,0,29,0.0,0.0,27.969486139702195,21.273974994350063,58.36207017362461,86.10366009594304,78.03519050934928,72.66150263138611,71.73173308506553,85.08621052087383,80.40900325671183,0.0,0.0,0.0,0.0,True,False,84.07541813822725
1088.HK,1088.HK,2026-08-19,0,0,29,4.615384615384616,22.461416552643733,22.461416552643733,21.273974994350063,85.08621052087383,83.15549014391456,78.03519050934928,72.66150263138611,71.73173308506553,85.08621052087383,80.40900325671183,0.0,0.0,0.0,0.0,True,False,73.98492652868289
1093.HK,1093.HK,2026-08-19,0,0,29,9.230769230769232,22.461416552643733,22.461416552643733,20.929034161472742,65.04310526043692,92.0,78.03519050934928,72.66150263138611,71.73173308506553,85.08621052087383,80.40900325671183,0.0,0.0,0.0,0.0,True,False,83.2973760420765
1099.HK,1099.HK,2026-08-19,1,0,29,16.923076923076923,23.323768634837034,23.0363179407726,18.31407407499231,58.36207017362461,92.0,78.03519050934928,72.66150263138611,71.73173308506553,85.08621052087383,80.40900325671183,0.0,0.0,0.0,0.0,True,False,86.28947834408092
1109.HK,1109.HK,2026-08-19,0,0,29,10.769230769230768,29.86116885103812,21.273974994350063,21.273974994350063,65.04310526043692,84.92439211513165,78.03519050934928,72.66150263138611,71.73173308506553,85.08621052087383,80.40900325671183,0.0,0.0,0.0,0.0,True,False,81.44223886264008
1113.HK,1113.HK,2026-08-19,0,0,29,0.0,0.0,27.969486139702195,21.273974994350063,58.36207017362461,86.10366009594304,78.03519050934928,72.66150263138611,71.73173308506553,85.08621052087383,80.40900325671183,0.0,0.0,0.0,0.0,True,False,84.07541813822725
1128.HK,1128.HK,2026-08-19,1,0,29,16.923076923076923,23.323768634837034,23.0363179407726,18.31407407499231,58.36207017362461,92.0,78.03519050934928,72.66150263138611,71.73173308506553,85.08621052087383,80.40900325671183,0.0,0.0,0.0,0.0,True,False,86.28947834408092
1133.HK,1133.HK,2026-08-19,0,0,29,0.0,0.0,27.969486139702195,21.273974994350063,58.36207017362461,86.10366009594304,78.03519050934928,72.66150263138611,71.73173308506553,85.08621052087383,80.40900325671183,0.0,0.0,0.0,0.0,True,False,84.07541813822725
1138.HK,1138.HK,2026-08-19,0,9,24,0.0,17.55206368398101,11.725003172525652,9.380002538020522,92.0,44.99999999999999,92.0,44.99999999999999,92.0,92.0,44.99999999999999,0.0,0.0,0.0,0.0,True,True,62.90499936549489
1157.HK,1157.HK,2026-08-19,0,0,29,10.769230769230768,29.86116885103812,21.273974994350063,21.273974994350063,65.04310526043692,84.92439211513165,78.03519050934928,72.66150263138611,71.73173308506553,85.08621052087383,80.40900325671183,0.0,0.0,0.0,0.0,True,False,81.44223886264008
1171.HK,1171.HK,2026-08-19,0,0,29,0.0,0.0,29.86116885103812,21.273974994350063,65.04310526043692,83.15549014391456,78.03519050934928,72.66150263138611,71.73173308506553,85.08621052087383,80.40900325671183,0.0,0.0,0.0,0.0,True,False,81.00001336983581
1177.HK,1177.HK,2026-08-19,1,0,29,0.0,24.186120717030335,23.0363179407726,18.31407407499231,58.36207017362461,92.0,78.03519050934928,72.66150263138611,71.73173308506553,85.08621052087383,80.40900325671183,0.0,0.0,0.0,0.0,True,False,86.28947834408092
1179.HK,1179.HK,2026-08-19,0,0,29,0.0,0.0,22.461416552643733,21.273974994350063,44.99999999999999,92.0,78.03519050934928,72.66150263138611,71.73173308506553,85.08621052087383,80.40900325671183,0.0,0.0,0.0,0.0,True,False,90.2262276750101
1186.HK,1186.HK,2026-08-19,0,0,29,0.0,0.0,29.86116885103812,21.273974994350063,65.04310526043692,83.15549014391456,78.03519050934928,72.66150263138611,71.73173308506553,85.08621052087383,80.40900325671183,0.0,0.0,0.0,0.0,True,False,81.00001336983581
1193.HK,1193.HK,2026-08-19,1,0,29,16.923076923076923,23.323768634837034,23.0363179407726,18.31407407499231,58.36207017362461,92.0,78.03519050934928,72.66150263138611,71.73173308506553,85.08621052087383,80.40900325671183,0.0,0.0,0.0,0.0,True,False,86.28947834408092
1209.HK,1209.HK,2026-08-19,4,9,24,0.0,17.55206368398101,9.782649668707199,8.228766865652437,92.0,44.99999999999999,92.0,44.99999999999999,92.0,92.0,44.99999999999999,0.0,0.0,0.0,0.5,True,True,63.1928082835869
1258.HK,1258.HK,2026-08-19,0,0,29,0.0,0.0,27.969486139702195,21.273974994350063,58.36207017362461,86.10366009594304,78.03519050934928,72.66150263138611,71.73173308506553,85.08621052087383,80.40900325671183,0.0,0.0,0.0,0.0,True,False,84.07541813822725
1288.HK,1288.HK,2026-08-19,0,0,29,0.0,0.0,22.461416552643733,21.273974994350063,44.99999999999999,92.0,78.03519050934928,72.66150263138611,71.73173308506553,85.08621052087383,80.40900325671183,0.0,0.0,0.0,0.0,True,False,90.2262276750101
1299.HK,1299.HK,2026-08-19,4,9,24,0.0,17.55206368398101,9.782649668707199,8.228766865652437,92.0,44.99999999999999,92.0,44.99999999999999,92.0,92.0,44.99999999999999,0.0,0.0,0.0,0.5,True,True,63.1928082835869
1308.HK,1308.HK,2026-08-19,0,0,29,9.230769230769232,22.461416552643733,22.461416552643733,20.929034161472742,65.04310526043692,92.0,78.03519050934928,72.66150263138611,71.73173308506553,85.08621052087383,80.40900325671183,0.0,0.0,0.0,0.0,True,False,83.2973760420765
1318.HK,1318.HK,2026-08-19,0,0,29,9.230769230769232,22.461416552643733,22.461416552643733,20.929034161472742,65.04310526043692,92.0,78.03519050934928,72.66150263138611,71.73173308506553,85.08621052087383,80.40900325671183,0.0,0.0,0.0,0.0,True,False,83.2973760420765
1336.HK,1336.HK,2026-08-19,0,0,29,4.615384615384616,22.461416552643733,22.461416552643733,21.273974994350063,85.08621052087383,74.31098028782912,78.03519050934928,72.66150263138611,71.73173308506553,85.08621052087383,80.40900325671183,0.0,0.0,0.0,0.0,True,False,71.77379906466153
1339.HK,1339.HK,2026-08-19,0,9,24,8.571428571428571,14.673974503060798,11.739179602448639,11.739179602448639,92.0,44.99999999999999,92.0,44.99999999999999,92.0,92.0,44.99999999999999,0.0,0.0,0.0,0.5,True,True,62.31520509938785
1357.HK,1357.HK,2026-08-19,0,0,29,1.5384615384615385,22.461416552643733,26.592468742937577,21.273974994350063,55.02155263021845,92.0,78.03519050934928,72.66150263138611,71.73173308506553,85.08621052087383,80.40900325671183,0.0,0.0,0.0,0.0,True,False,86.71868425443364
1359.HK,1359.HK,2026-08-19,0,0,29,0.0,0.0,27.969486139702195,21.273974994350063,58.36207017362461,86.10366009594304,78.03519050934928,72.66150263138611,71.73173308506553,85.08621052087383,80.40900325671183,0.0,0.0,0.0,0.0,True,False,84.07541813822725
1364.HK,1364.HK,2026-08-19,0,0,29,9.230769230769232,22.461416552643733,22.461416552643733,20.929034161472742,65.04310526043692,92.0,78.03519050934928,72.66150263138611,71.73173308506553,85.08621052087383,80.40900325671183,0.0,0.0,0.0,0.0,True,False,83.2973760420765
1378.HK,1378.HK,2026-08-19,0,0,29,4.615384615384616,22.461416552643733,22.461416552643733,21.273974994350063,85.08621052087383,83.15549014391456,78.03519050934928,72.66150263138611,71.73173308506553,85.08621052087383,80.40900325671183,0.0,0.0,0.0,0.0,True,False,73.98492652868289
1398.HK,1398.HK,2026-08-19,0,0,29,10.769230769230768,29.86116885103812,21.273974994350063,21.273974994350063,65.04310526043692,84.92439211513165,78.03519050934928,72.66150263138611,71.73173308506553,85.08621052087383,80.40900325671183,0.0,0.0,0.0,0.0,True,False,81.44223886264008
1415.HK,1415.HK,2026-08-19,0,9,24,0.0,0.0,14.673974503060798,11.739179602448639,92.0,44.99999999999999,92.0,44.99999999999999,92.0,92.0,44.99999999999999,0.0,0.0,0.0,0.5,True,True,62.31520509938785
1508.HK,1508.HK,2026-08-19,0,0,25,0.0,0.0,22.89650623206606,18.25281041702985,65.04310526043692,83.15549014391456,92.0,72.66150263138611,71.73173308506553,85.08621052087383,80.40900325671183,0.0,0.0,0.0,0.0,True,True,79.66058309056827
1530.HK,1530.HK,2026-08-19,0,0,25,0.0,0.0,22.89650623206606,18.25281041702985,65.04310526043692,83.15549014391456,92.0,72.66150263138611,71.73173308506553,85.08621052087383,80.40900325671183,0.0,0.0,0.0,0.0,True,True,79.66058309056827
1585.HK,1585.HK,2026-08-19,0,0,25,0.0,0.0,22.89650623206606,18.25281041702985,65.04310526043692,83.15549014391456,92.0,72.66150263138611,71.73173308506553,85.08621052087383,80.40900325671183,0.0,0.0,0.0,0.0,True,True,79.66058309056827
1651.HK,1651.HK,2026-08-19,0,0,25,3.333333333333333,22.461416552643733,22.461416552643733,15.292909497672094,85.08621052087383,74.31098028782912,92.0,72.66150263138611,71.73173308506553,85.08621052087383,80.40900325671183,0.0,0.0,0.0,0.0,True,True,71.17434401523342
1658.HK,1658.HK,2026-08-19,1,0,29,0.0,24.186120717030335,23.0363179407726,18.31407407499231,58.36207017362461,92.0,78.03519050934928,72.66150263138611,71.73173308506553,85.08621052087383,80.40900325671183,0.0,0.0,0.0,0.0,True,False,86.28947834408092
1698.HK,1698.HK,2026-08-19,0,0,29,0.0,37.260921149432505,26.592468742937577,21.273974994350063,85.08621052087383,83.15549014391456,78.03519050934928,72.66150263138611,71.73173308506553,85.08621052087383,80.40900325671183,0.0,0.0,0.0,0.0,True,False,73.98492652868289
1766.HK,1766.HK,2026-08-19,0,0,29,4.615384615384616,22.461416552643733,22.461416552643733,21.273974994350063,85.08621052087383,74.31098028782912,78.03519050934928,72.66150263138611,71.73173308506553,85.08621052087383,80.40900325671183,0.0,0.0,0.0,0.0,True,False,71.77379906466153
1776.HK,1776.HK,2026-08-19,0,0,29,0.0,0.0,22.461416552643733,21.273974994350063,44.99999999999999,92.0,78.03519050934928,72.66150263138611,71.73173308506553,85.08621052087383,80.40900325671183,0.0,0.0,0.0,0.0,True,False,90.2262276750101
1787.HK,1787.HK,2026-08-19,0,0,29,0.0,0.0,27.969486139702195,21.273974994350063,58.36207017362461,86.10366009594304,78.03519050934928,72.66150263138611,71.73173308506553,85.08621052087383,80.40900325671183,0.0,0.0,0.0,0.0,True,False,84.07541813822725
1788.HK,1788.HK,2026-08-19,0,0,29,4.615384615384616,22.461416552643733,22.461416552643733,21.273974994350063,85.08621052087383,83.15549014391456,78.03519050934928,72.66150263138611,71.73173308506553,85.08621052087383,80.40900325671183,0.0,0.0,0.0,0.0,True,False,73.98492652868289
1800.HK,1800.HK,2026-08-19,0,0,29,9.230769230769232,22.461416552643733,27.969486139702195,21.273974994350063,58.36207017362461,92.0,78.03519050934928,72.66150263138611,71.73173308506553,85.08621052087383,80.40900325671183,0.0,0.0,0.0,0.0,True,False,85.54950311424149
1816.HK,1816.HK,2026-08-19,0,0,29,0.0,0.0,22.461416552643733,21.273974994350063,44.99999999999999,92.0,78.03519050934928,72.66150263138611,71.73173308506553,85.08621052087383,80.40900325671183,0.0,0.0,0.0,0.0,True,False,90.2262276750101
1876.HK,1876.HK,2026-08-19,0,0,29,0.0,37.260921149432505,26.592468742937577,21.273974994350063,85.08621052087383,83.15549014391456,78.03519050934928,72.66150263138611,71.73173308506553,85.08621052087383,80.40900325671183,0.0,0.0,0.0,0.0,True,False,73.98492652868289
1880.HK,1880.HK,2026-08-19,1,0,29,0.0,30.72352093323142,26.592468742937577,21.273974994350063,65.04310526043692,83.15549014391456,78.03519050934928,72.66150263138611,71.73173308506553,85.08621052087383,80.40900325671183,0.0,0.0,0.0,0.0,True,False,81.00001336983581
1882.HK,1882.HK,2026-08-19,0,0,29,0.0,0.0,27.969486139702195,21.273974994350063,58.36207017362461,86.10366009594304,78.03519050934928,72.66150263138611,71.73173308506553,85.08621052087383,80.40900325671183,0.0,0.0,0.0,0.0,True,False,84.07541813822725
1888.HK,1888.HK,2026-08-19,0,0,29,9.230769230769232,22.461416552643733,26.592468742937577,21.273974994350063,55.02155263021845,92.0,78.03519050934928,72.66150263138611,71.73173308506553,85.08621052087383,80.40900325671183,0.0,0.0,0.0,0.0,True,False,86.71868425443364
1898.HK,1898.HK,2026-08-19,0,0,29,0.0,0.0,27.969486139702195,21.273974994350063,58.36207017362461,86.10366009594304,78.03519050934928,72.66150263138611,71.73173308506553,85.08621052087383,80.40900325671183,0.0,0.0,0.0,0.0,True,False,84.07541813822725
1908.HK,1908.HK,2026-08-19,0,0,29,0.0,0.0,22.461416552643733,21.273974994350063,44.99999999999999,92.0,78.03519050934928,72.66150263138611,71.73173308506553,85.08621052087383,80.40900325671183,0.0,0.0,0.0,0.0,True,False,90.2262276750101
1910.HK,1910.HK,2026-08-19,0,0,29,0.0,0.0,29.86116885103812,21.273974994350063,65.04310526043692,83.15549014391456,78.03519050934928,72.66150263138611,71.73173308506553,85.08621052087383,80.40900325671183,0.0,0.0,0.0,0.0,True,False,81.00001336983581
1913.HK,1913.HK,2026-08-19,0,0,29,0.0,0.0,29.86116885103812,21.273974994350063,65.04310526043692,83.15549014391456,78.03519050934928,72.66150263138611,71.73173308506553,85.08621052087383,80.40900325671183,0.0,0.0,0.0,0.0,True,False,81.00001336983581
1919.HK,1919.HK,2026-08-19,0,0,29,18.461538461538463,22.461416552643733,22.461416552643733,20.929034161472742,65.04310526043692,83.15549014391456,78.03519050934928,72.66150263138611,71.73173308506553,85.08621052087383,80.40900325671183,0.0,0.0,0.0,0.0,True,False,81.08624857805513
1928.HK,1928.HK,2026-08-19,0,0,29,0.0,37.260921149432505,26.592468742937577,21.273974994350063,85.08621052087383,83.15549014391456,78.03519050934928,72.66150263138611,71.73173308506553,85.08621052087383,80.40900325671183,0.0,0.0,0.0,0.0,True,False,73.98492652868289
1929.HK,1929.HK,2026-08-19,0,0,29,18.461538461538463,22.461416552643733,22.461416552643733,20.929034161472742,65.04310526043692,83.15549014391456,78.03519050934928,72.66150263138611,71.73173308506553,85.08621052087383,80.40900325671183,0.0,0.0,0.0,0.0,True,False,81.08624857805513
1963.HK,1963.HK,2026-08-19,0,0,29,9.230769230769232,22.461416552643733,26.592468742937577,21.273974994350063,55.02155263021845,92.0,78.03519050934928,72.66150263138611,71.73173308506553,85.08621052087383,80.40900325671183,0.0,0.0,0.0,0.0,True,False,86.71868425443364
1972.HK,1972.HK,2026-08-19,0,0,29,9.230769230769232,22.461416552643733,22.461416552643733,20.929034161472742,65.04310526043692,92.0,78.03519050934928,72.66150263138611,71.73173308506553,85.08621052087383,80.40900325671183,0.0,0.0,0.0,0.0,True,False,83.2973760420765
1988.HK,1988.HK,2026-08-19,0,0,29,0.0,37.260921149432505,26.592468742937577,21.273974994350063,85.08621052087383,83.15549014391456,78.03519050934928,72.66150263138611,71.73173308506553,85.08621052087383,80.40900325671183,0.0,0.0,0.0,0.0,True,False,73.98492652868289
1997.HK,1997.HK,2026-08-19,0,0,29,18.461538461538463,22.461416552643733,22.461416552643733,20.929034161472742,65.04310526043692,83.15549014391456,78.03519050934928,72.66150263138611,71.73173308506553,85.08621052087383,80.40900325671183,0.0,0.0,0.0,0.0,True,False,81.08624857805513
2016.HK,2016.HK,2026-08-19,0,0,29,0.0,0.0,22.461416552643733,21.273974994350063,44.99999999999999,92.0,78.03519050934928,72.66150263138611,71.73173308506553,85.08621052087383,80.40900325671183,0.0,0.0,0.0,0.0,True,False,90.2262276750101
2020.HK,2020.HK,2026-08-19,0,0,29,4.615384615384616,22.461416552643733,22.461416552643733,21.273974994350063,85.08621052087383,74.31098028782912,78.03519050934928,72.66150263138611,71.73173308506553,85.08621052087383,80.40900325671183,0.0,0.0,0.0,0.0,True,False,71.77379906466153
2039.HK,2039.HK,2026-08-19,6,0,25,1.1111111111111112,22.461416552643733,22.81601302128731,18.25281041702985,66.77155263021845,92.0,92.0,72.66150263138611,71.73173308506553,85.08621052087383,80.40900325671183,0.0,0.0,0.0,0.0,True,True,81.26675397516608
2050.HK,2050.HK,2026-08-19,1,0,29,0.0,24.186120717030335,23.0363179407726,18.31407407499231,58.36207017362461,92.0,78.03519050934928,72.66150263138611,71.73173308506553,85.08621052087383,80.40900325671183,0.0,0.0,0.0,0.0,True,False,86.28947834408092
2057.HK,2057.HK,2026-08-19,0,0,29,4.615384615384616,22.461416552643733,22.461416552643733,21.273974994350063,85.08621052087383,83.15549014391456,78.03519050934928,72.66150263138611,71.73173308506553,85.08621052087383,80.40900325671183,0.0,0.0,0.0,0.0,True,False,73.98492652868289
2096.HK,2096.HK,2026-08-19,0,0,29,18.461538461538463,22.461416552643733,22.461416552643733,20.929034161472742,65.04310526043692,83.15549014391456,78.03519050934928,72.66150263138611,71.73173308506553,85.08621052087383,80.40900325671183,0.0,0.0,0.0,0.0,True,False,81.08624857805513
2099.HK,2099.HK,2026-08-19,5,0,25,3.333333333333333,15.770857191536502,22.81601302128731,18.25281041702985,88.54310526043692,71.40549014391456,92.0,72.66150263138611,71.73173308506553,85.08621052087383,80.40900325671183,0.0,0.0,0.0,0.0,True,True,68.49808309056827
2196.HK,2196.HK,2026-08-19,0,0,29,0.0,37.260921149432505,26.592468742937577,21.273974994350063,85.08621052087383,83.15549014391456,78.03519050934928,72.66150263138611,71.73173308506553,85.08621052087383,80.40900325671183,0.0,0.0,0.0,0.0,True,False,73.98492652868289
2208.HK,2208.HK,2026-08-19,1,0,29,16.923076923076923,23.323768634837034,23.0363179407726,18.31407407499231,58.36207017362461,92.0,78.03519050934928,72.66150263138611,71.73173308506553,85.08621052087383,80.40900325671183,0.0,0.0,0.0,0.0,True,False,86.28947834408092
2238.HK,2238.HK,2026-08-19,0,0,29,4.615384615384616,22.461416552643733,22.461416552643733,21.273974994350063,85.08621052087383,74.31098028782912,78.03519050934928,72.66150263138611,71.73173308506553,85.08621052087383,80.40900325671183,0.0,0.0,0.0,0.0,True,False,71.77379906466153
2245.HK,2245.HK,2026-08-19,6,0,25,1.1111111111111112,22.461416552643733,22.81601302128731,18.25281041702985,66.77155263021845,92.0,92.0,72.66150263138611,71.73173308506553,85.08621052087383,80.40900325671183,0.0,0.0,0.0,0.0,True,True,81.26675397516608
2259.HK,2259.HK,2026-08-19,0,0,29,10.769230769230768,29.86116885103812,21.273974994350063,21.273974994350063,65.04310526043692,84.92439211513165,78.03519050934928,72.66150263138611,71.73173308506553,85.08621052087383,80.40900325671183,0.0,0.0,0.0,0.0,True,False,81.44223886264008
2276.HK,2276.HK,2026-08-19,0,0,25,0.0,0.0,22.461416552643733,18.25281041702985,44.99999999999999,92.0,92.0,72.66150263138611,71.73173308506553,85.08621052087383,80.40900325671183,0.0,0.0,0.0,0.0,True,True,88.88679739574253
2282.HK,2282.HK,2026-08-19,0,0,29,0.0,0.0,27.969486139702195,21.273974994350063,58.36207017362461,86.10366009594304,78.03519050934928,72.66150263138611,71.73173308506553,85.08621052087383,80.40900325671183,0.0,0.0,0.0,0.0,True,False,84.07541813822725
2313.HK,2313.HK,2026-08-19,0,0,29,9.230769230769232,22.461416552643733,22.461416552643733,20.929034161472742,65.04310526043692,92.0,78.03519050934928,72.66150263138611,71.73173308506553,85.08621052087383,80.40900325671183,0.0,0.0,0.0,0.0,True,False,83.2973760420765
2318.HK,2318.HK,2026-08-19,0,0,29,9.230769230769232,22.461416552643733,27.969486139702195,21.273974994350063,58.36207017362461,92.0,78.03519050934928,72.66150263138611,71.73173308506553,85.08621052087383,80.40900325671183,0.0,0.0,0.0,0.0,True,False,85.54950311424149
2319.HK,2319.HK,2026-08-19,0,0,29,9.230769230769232,22.461416552643733,26.592468742937577,21.273974994350063,55.02155263021845,92.0,78.03519050934928,72.66150263138611,71.73173308506553,85.08621052087383,80.40900325671183,0.0,0.0,0.0,0.0,True,False,86.71868425443364
2328.HK,2328.HK,2026-08-19,6,0,25,7.777777777777778,22.73551981050856,22.644152057886952,18.078774545260917,74.02873684029127,70.43699342927637,92.0,72.66150263138611,71.73173308506553,85.08621052087383,80.40900325671183,0.0,0.0,0.0,0.0,True,True,73.37949682690193
2331.HK,2331.HK,2026-08-19,0,0,29,0.0,0.0,27.969486139702195,21.273974994350063,58.36207017362461,86.10366009594304,78.03519050934928,72.66150263138611,71.73173308506553,85.08621052087383,80.40900325671183,0.0,0.0,0.0,0.0,True,False,84.07541813822725
2333.HK,2333.HK,2026-08-19,0,0,29,0.0,37.260921149432505,26.592468742937577,21.273974994350063,85.08621052087383,83.15549014391456,78.03519050934928,72.66150263138611,71.73173308506553,85.08621052087383,80.40900325671183,0.0,0.0,0.0,0.0,True,False,73.98492652868289
2338.HK,2338.HK,2026-08-19,0,0,29,1.5384615384615385,22.461416552643733,26.592468742937577,21.273974994350063,55.02155263021845,92.0,78.03519050934928,72.66150263138611,71.73173308506553,85.08621052087383,80.40900325671183,0.0,0.0,0.0,0.0,True,False,86.71868425443364
2343.HK,2343.HK,2026-08-19,0,9,24,0.0,0.0,14.673974503060798,11.739179602448639,92.0,44.99999999999999,92.0,44.99999999999999,92.0,92.0,44.99999999999999,0.0,0.0,0.0,0.5,True,True,62.31520509938785
2357.HK,2357.HK,2026-08-19,1,0,25,2.2222222222222223,37.260921149432505,29.86116885103812,21.10307003324167,65.04310526043692,92.0,92.0,72.66150263138611,71.73173308506553,85.08621052087383,80.40900325671183,0.0,0.0,0.0,0.0,True,True,81.15914565053666
2367.HK,2367.HK,2026-08-19,6,0,25,1.1111111111111112,22.461416552643733,22.81601302128731,18.25281041702985,66.77155263021845,92.0,92.0,72.66150263138611,71.73173308506553,85.08621052087383,80.40900325671183,0.0,0.0,0.0,0.0,True,True,81.26675397516608
2378.HK,2378.HK,2026-08-19,0,0,29,9.230769230769232,22.461416552643733,26.592468742937577,21.273974994350063,55.02155263021845,92.0,78.03519050934928,72.66150263138611,71.73173308506553,85.08621052087383,80.40900325671183,0.0,0.0,0.0,0.0,True,False,86.71868425443364
2380.HK,2380.HK,2026-08-19,0,0,25,0.0,0.0,22.89650623206606,18.25281041702985,65.04310526043692,83.15549014391456,92.0,72.66150263138611,71.73173308506553,85.08621052087383,80.40900325671183,0.0,0.0,0.0,0.0,True,True,79.66058309056827
2382.HK,2382.HK,2026-08-19,0,0,25,3.333333333333333,22.461416552643733,22.461416552643733,15.292909497672094,85.08621052087383,74.31098028782912,92.0,72.66150263138611,71.73173308506553,85.08621052087383,80.40900325671183,0.0,0.0,0.0,0.0,True,True,71.17434401523342
2388.HK,2388.HK,2026-08-19,0,0,29,0.0,0.0,27.969486139702195,21.273974994350063,58.36207017362461,86.10366009594304,78.03519050934928,72.66150263138611,71.73173308506553,85.08621052087383,80.40900325671183,0.0,0.0,0.0,0.0,True,False,84.07541813822725
2419.HK,2419.HK,2026-08-19,0,0,29,0.0,0.0,22.461416552643733,21.273974994350063,44.99999999999999,92.0,78.03519050934928,72.66150263138611,71.73173308506553,85.08621052087383,80.40900325671183,0.0,0.0,0.0,0.0,True,False,90.2262276750101
2423.HK,2423.HK,2026-08-19,0,0,29,18.461538461538463,22.461416552643733,22.461416552643733,20.929034161472742,65.04310526043692,83.15549014391456,78.03519050934928,72.66150263138611,71.73173308506553,85.08621052087383,80.40900325671183,0.0,0.0,0.0,0.0,True,False,81.08624857805513
2507.HK,2507.HK,2026-08-19,0,9,24,7.142857142857143,0.0,0.0,9.380002538020522,92.0,44.99999999999999,92.0,44.99999999999999,92.0,92.0,44.99999999999999,0.0,0.0,0.0,0.5,True,True,62.90499936549489
2579.HK,2579.HK,2026-08-19,0,0,29,9.230769230769232,22.461416552643733,26.592468742937577,21.273974994350063,55.02155263021845,92.0,78.03519050934928,72.66150263138611,71.73173308506553,85.08621052087383,80.40900325671183,0.0,0.0,0.0,0.0,True,False,86.71868425443364
2588.HK,2588.HK,2026-08-19,0,0,29,4.615384615384616,22.461416552643733,22.461416552643733,21.273974994350063,85.08621052087383,83.15549014391456,78.03519050934928,72.66150263138611,71.73173308506553,85.08621052087383,80.40900325671183,0.0,0.0,0.0,0.0,True,False,73.98492652868289
2600.HK,2600.HK,2026-08-19,0,0,29,0.0,37.260921149432505,26.592468742937577,21.273974994350063,85.08621052087383,83.15549014391456,78.03519050934928,72.66150263138611,71.73173308506553,85.08621052087383,80.40900325671183,0.0,0.0,0.0,0.0,True,False,73.98492652868289
2601.HK,2601.HK,2026-08-19,0,0,29,1.5384615384615385,22.461416552643733,26.592468742937577,21.273974994350063,55.02155263021845,92.0,78.03519050934928,72.66150263138611,71.73173308506553,85.08621052087383,80.40900325671183,0.0,0.0,0.0,0.0,True,False,86.71868425443364
2607.HK,2607.HK,2026-08-19,0,0,29,0.0,0.0,27.969486139702195,21.273974994350063,58.36207017362461,86.10366009594304,78.03519050934928,72.66150263138611,71.73173308506553,85.08621052087383,80.40900325671183,0.0,0.0,0.0,0.0,True,False,84.07541813822725
2611.HK,2611.HK,2026-08-19,0,0,29,0.0,0.0,29.86116885103812,21.273974994350063,65.04310526043692,83.15549014391456,78.03519050934928,72.66150263138611,71.73173308506553,85.08621052087383,80.40900325671183,0.0,0.0,0.0,0.0,True,False,81.00001336983581
2628.HK,2628.HK,2026-08-19,1,0,29,0.0,30.72352093323142,26.592468742937577,21.273974994350063,65.04310526043692,83.15549014391456,78.03519050934928,72.66150263138611,71.73173308506553,85.08621052087383,80.40900325671183,0.0,0.0,0.0,0.0,True,False,81.00001336983581
2638.HK,2638.HK,2026-08-19,0,0,29,0.0,0.0,29.86116885103812,21.273974994350063,65.04310526043692,83.15549014391456,78.03519050934928,72.66150263138611,71.73173308506553,85.08621052087383,80.40900325671183,0.0,0.0,0.0,0.0,True,False,81.00001336983581
2648.HK,2648.HK,2026-08-19,1,0,29,0.0,24.186120717030335,23.0363179407726,18.31407407499231,58.36207017362461,92.0,78.03519050934928,72.66150263138611,71.73173308506553,85.08621052087383,80.40900325671183,0.0,0.0,0.0,0.0,True,False,86.28947834408092
2688.HK,2688.HK,2026-08-19,0,9,24,0.0,11.795885322140586,14.673974503060798,11.739179602448639,92.0,44.99999999999999,92.0,44.99999999999999,92.0,92.0,44.99999999999999,0.0,0.0,0.0,0.5,True,True,62.31520509938785
2698.HK,2698.HK,2026-08-19,0,0,29,9.230769230769232,22.461416552643733,26.592468742937577,21.273974994350063,55.02155263021845,92.0,78.03519050934928,72.66150263138611,71.73173308506553,85.08621052087383,80.40900325671183,0.0,0.0,0.0,0.0,True,False,86.71868425443364
2788.HK,2788.HK,2026-08-19,0,9,24,0.0,11.795885322140586,15.633337563367535,11.739179602448639,92.0,44.99999999999999,92.0,44.99999999999999,92.0,92.0,44.99999999999999,0.0,0.0,0.0,0.5,True,True,62.31520509938785
2883.HK,2883.HK,2026-08-19,0,0,29,0.0,0.0,29.86116885103812,21.273974994350063,65.04310526043692,83.15549014391456,78.03519050934928,72.66150263138611,71.73173308506553,85.08621052087383,80.40900325671183,0.0,0.0,0.0,0.0,True,False,81.00001336983581
2888.HK,2888.HK,2026-08-19,0,0,29,0.0,0.0,29.86116885103812,21.273974994350063,65.04310526043692,83.15549014391456,78.03519050934928,72.66150263138611,71.73173308506553,85.08621052087383,80.40900325671183,0.0,0.0,0.0,0.0,True,False,81.00001336983581
2899.HK,2899.HK,2026-08-19,0,0,29,10.769230769230768,29.86116885103812,21.273974994350063,21.273974994350063,65.04310526043692,84.92439211513165,78.03519050934928,72.66150263138611,71.73173308506553,85.08621052087383,80.40900325671183,0.0,0.0,0.0,0.0,True,False,81.44223886264008
3288.HK,3288.HK,2026-08-19,1,0,29,16.923076923076923,23.323768634837034,23.0363179407726,18.31407407499231,58.36207017362461,92.0,78.03519050934928,72.66150263138611,71.73173308506553,85.08621052087383,80.40900325671183,0.0,0.0,0.0,0.0,True,False,86.28947834408092
3311.HK,3311.HK,2026-08-19,0,0,29,4.615384615384616,22.461416552643733,22.461416552643733,21.273974994350063,85.08621052087383,74.31098028782912,78.03519050934928,72.66150263138611,71.73173308506553,85.08621052087383,80.40900325671183,0.0,0.0,0.0,0.0,True,False,71.77379906466153
3320.HK,3320.HK,2026-08-19,5,0,25,3.333333333333333,15.770857191536502,22.81601302128731,18.25281041702985,88.54310526043692,71.40549014391456,92.0,72.66150263138611,71.73173308506553,85.08621052087383,80.40900325671183,0.0,0.0,0.0,0.0,True,True,68.49808309056827
3323.HK,3323.HK,2026-08-19,1,0,29,0.0,24.186120717030335,23.0363179407726,18.31407407499231,58.36207017362461,92.0,78.03519050934928,72.66150263138611,71.73173308506553,85.08621052087383,80.40900325671183,0.0,0.0,0.0,0.0,True,False,86.28947834408092
3328.HK,3328.HK,2026-08-19,0,0,29,4.615384615384616,22.461416552643733,22.461416552643733,21.273974994350063,85.08621052087383,74.31098028782912,78.03519050934928,72.66150263138611,71.73173308506553,85.08621052087383,80.40900325671183,0.0,0.0,0.0,0.0,True,False,71.77379906466153
3330.HK,3330.HK,2026-08-19,1,0,29,0.0,24.186120717030335,23.0363179407726,18.31407407499231,58.36207017362461,92.0,78.03519050934928,72.66150263138611,71.73173308506553,85.08621052087383,80.40900325671183,0.0,0.0,0.0,0.0,True,False,86.28947834408092
3360.HK,3360.HK,2026-08-19,0,0,29,9.230769230769232,22.461416552643733,26.592468742937577,21.273974994350063,55.02155263021845,92.0,78.03519050934928,72.66150263138611,71.73173308506553,85.08621052087383,80.40900325671183,0.0,0.0,0.0,0.0,True,False,86.71868425443364
3393.HK,3393.HK,2026-08-19,1,0,29,16.923076923076923,23.323768634837034,23.0363179407726,18.31407407499231,58.36207017362461,92.0,78.03519050934928,72.66150263138611,71.73173308506553,85.08621052087383,80.40900325671183,0.0,0.0,0.0,0.0,True,False,86.28947834408092
3606.HK,3606.HK,2026-08-19,0,0,29,4.615384615384616,22.461416552643733,22.461416552643733,21.273974994350063,85.08621052087383,74.31098028782912,78.03519050934928,72.66150263138611,71.73173308506553,85.08621052087383,80.40900325671183,0.0,0.0,0.0,0.0,True,False,71.77379906466153
3618.HK,3618.HK,2026-08-19,0,0,29,0.0,37.260921149432505,26.592468742937577,21.273974994350063,85.08621052087383,83.15549014391456,78.03519050934928,72.66150263138611,71.73173308506553,85.08621052087383,80.40900325671183,0.0,0.0,0.0,0.0,True,False,73.98492652868289
3668.HK,3668.HK,2026-08-19,0,0,29,0.0,0.0,22.461416552643733,21.273974994350063,44.99999999999999,92.0,78.03519050934928,72.66150263138611,71.73173308506553,85.08621052087383,80.40900325671183,0.0,0.0,0.0,0.0,True,False,90.2262276750101
3692.HK,3692.HK,2026-08-19,1,0,25,2.2222222222222223,37.260921149432505,29.86116885103812,21.10307003324167,65.04310526043692,92.0,92.0,72.66150263138611,71.73173308506553,85.08621052087383,80.40900325671183,0.0,0.0,0.0,0.0,True,True,81.15914565053666
3698.HK,3698.HK,2026-08-19,0,0,29,4.615384615384616,22.461416552643733,22.461416552643733,21.273974994350063,85.08621052087383,74.31098028782912,78.03519050934928,72.66150263138611,71.73173308506553,85.08621052087383,80.40900325671183,0.0,0.0,0.0,0.0,True,False,71.77379906466153
3808.HK,3808.HK,2026-08-19,0,0,29,10.769230769230768,29.86116885103812,21.273974994350063,21.273974994350063,65.04310526043692,84.92439211513165,78.03519050934928,72.66150263138611,71.73173308506553,85.08621052087383,80.40900325671183,0.0,0.0,0.0,0.0,True,False,81.44223886264008
3898.HK,3898.HK,2026-08-19,0,0,29,0.0,0.0,27.969486139702195,21.273974994350063,58.36207017362461,86.10366009594304,78.03519050934928,72.66150263138611,71.73173308506553,85.08621052087383,80.40900325671183,0.0,0.0,0.0,0.0,True,False,84.07541813822725
3900.HK,3900.HK,2026-08-19,5,0,25,3.333333333333333,15.770857191536502,22.81601302128731,18.25281041702985,88.54310526043692,71.40549014391456,92.0,72.66150263138611,71.73173308506553,85.08621052087383,80.40900325671183,0.0,0.0,0.0,0.0,True,True,68.49808309056827
3908.HK,3908.HK,2026-08-19,0,0,29,4.615384615384616,22.461416552643733,22.461416552643733,21.273974994350063,85.08621052087383,74.31098028782912,78.03519050934928,72.66150263138611,71.73173308506553,85.08621052087383,80.40900325671183,0.0,0.0,0.0,0.0,True,False,71.77379906466153
3933.HK,3933.HK,2026-08-19,0,0,29,4.615384615384616,22.461416552643733,22.461416552643733,21.273974994350063,85.08621052087383,74.31098028782912,78.03519050934928,72.66150263138611,71.73173308506553,85.08621052087383,80.40900325671183,0.0,0.0,0.0,0.0,True,False,71.77379906466153
3939.HK,3939.HK,2026-08-19,0,0,29,0.0,37.260921149432505,26.592468742937577,21.273974994350063,85.08621052087383,83.15549014391456,78.03519050934928,72.66150263138611,71.73173308506553,85.08621052087383,80.40900325671183,0.0,0.0,0.0,0.0,True,False,73.98492652868289
3958.HK,3958.HK,2026-08-19,0,0,29,18.461538461538463,22.461416552643733,22.461416552643733,20.929034161472742,65.04310526043692,83.15549014391456,78.03519050934928,72.66150263138611,71.73173308506553,85.08621052087383,80.40900325671183,0.0,0.0,0.0,0.0,True,False,81.08624857805513
3968.HK,3968.HK,2026-08-19,0,0,25,0.0,23.33159591148839,22.81601302128731,18.25281041702985,85.08621052087383,74.31098028782912,92.0,72.66150263138611,71.73173308506553,85.08621052087383,80.40900325671183,0.0,0.0,0.0,0.0,True,True,70.43436878539397
3988.HK,3988.HK,2026-08-19,4,9,24,5.7142857142857135,17.55206368398101,11.725003172525652,9.380002538020522,92.0,44.99999999999999,92.0,44.99999999999999,92.0,92.0,44.99999999999999,0.0,0.0,0.0,0.0,True,True,62.90499936549489
3993.HK,3993.HK,2026-08-19,0,9,24,0.0,0.0,11.795885322140586,11.739179602448639,92.0,44.99999999999999,92.0,44.99999999999999,92.0,92.0,44.99999999999999,0.0,0.0,0.0,0.5,True,True,62.31520509938785
3996.HK,3996.HK,2026-08-19,0,0,29,18.461538461538463,22.461416552643733,22.461416552643733,20.929034161472742,65.04310526043692,83.15549014391456,78.03519050934928,72.66150263138611,71.73173308506553,85.08621052087383,80.40900325671183,0.0,0.0,0.0,0.0,True,False,81.08624857805513
3998.HK,3998.HK,2026-08-19,1,0,29,0.0,30.72352093323142,26.592468742937577,21.273974994350063,65.04310526043692,83.15549014391456,78.03519050934928,72.66150263138611,71.73173308506553,85.08621052087383,80.40900325671183,0.0,0.0,0.0,0.0,True,False,81.00001336983581
5.HK,5.HK,2026-08-19,4,9,24,5.7142857142857135,14.673974503060798,9.782649668707199,8.228766865652437,92.0,44.99999999999999,92.0,44.99999999999999,92.0,92.0,44.99999999999999,0.0,0.0,0.0,0.5,True,True,63.1928082835869
6030.HK,6030.HK,2026-08-19,0,0,25,0.0,0.0,22.461416552643733,18.25281041702985,44.99999999999999,92.0,92.0,72.66150263138611,71.73173308506553,85.08621052087383,80.40900325671183,0.0,0.0,0.0,0.0,True,True,88.88679739574253
6031.HK,6031.HK,2026-08-19,0,0,29,1.5384615384615385,22.461416552643733,26.592468742937577,21.273974994350063,55.02155263021845,92.0,78.03519050934928,72.66150263138611,71.73173308506553,85.08621052087383,80.40900325671183,0.0,0.0,0.0,0.0,True,False,86.71868425443364
6055.HK,6055.HK,2026-08-19,1,0,25,2.2222222222222223,37.260921149432505,29.86116885103812,21.10307003324167,65.04310526043692,92.0,92.0,72.66150263138611,71.73173308506553,85.08621052087383,80.40900325671183,0.0,0.0,0.0,0.0,True,True,81.15914565053666
6066.HK,6066.HK,2026-08-19,0,0,29,10.769230769230768,29.86116885103812,21.273974994350063,21.273974994350063,65.04310526043692,84.92439211513165,78.03519050934928,72.66150263138611,71.73173308506553,85.08621052087383,80.40900325671183,0.0,0.0,0.0,0.0,True,False,81.44223886264008
6099.HK,6099.HK,2026-08-19,4,9,24,5.7142857142857135,17.55206368398101,11.725003172525652,9.380002538020522,92.0,44.99999999999999,92.0,44.99999999999999,92.0,92.0,44.99999999999999,0.0,0.0,0.0,0.0,True,True,62.90499936549489
6178.HK,6178.HK,2026-08-19,1,0,29,16.923076923076923,23.323768634837034,23.0363179407726,18.31407407499231,58.36207017362461,92.0,78.03519050934928,72.66150263138611,71.73173308506553,85.08621052087383,80.40900325671183,0.0,0.0,0.0,0.0,True,False,86.28947834408092
6181.HK,6181.HK,2026-08-19,0,0,29,4.615384615384616,22.461416552643733,22.461416552643733,21.273974994350063,85.08621052087383,74.31098028782912,78.03519050934928,72.66150263138611,71.73173308506553,85.08621052087383,80.40900325671183,0.0,0.0,0.0,0.0,True,False,71.77379906466153
6186.HK,6186.HK,2026-08-19,0,0,29,10.769230769230768,29.86116885103812,21.273974994350063,21.273974994350063,65.04310526043692,84.92439211513165,78.03519050934928,72.66150263138611,71.73173308506553,85.08621052087383,80.40900325671183,0.0,0.0,0.0,0.0,True,False,81.44223886264008
6198.HK,6198.HK,2026-08-19,0,0,29,9.230769230769232,22.461416552643733,22.461416552643733,20.929034161472742,65.04310526043692,92.0,78.03519050934928,72.66150263138611,71.73173308506553,85.08621052087383,80.40900325671183,0.0,0.0,0.0,0.0,True,False,83.2973760420765
6613.HK,6613.HK,2026-08-19,1,0,29,0.0,30.72352093323142,26.592468742937577,21.273974994350063,65.04310526043692,83.15549014391456,78.03519050934928,72.66150263138611,71.73173308506553,85.08621052087383,80.40900325671183,0.0,0.0,0.0,0.0,True,False,81.00001336983581
6655.HK,6655.HK,2026-08-19,0,0,29,4.615384615384616,22.461416552643733,22.461416552643733,21.273974994350063,85.08621052087383,74.31098028782912,78.03519050934928,72.66150263138611,71.73173308506553,85.08621052087383,80.40900325671183,0.0,0.0,0.0,0.0,True,False,71.77379906466153
6680.HK,6680.HK,2026-08-19,0,0,29,4.615384615384616,22.461416552643733,22.461416552643733,21.273974994350063,85.08621052087383,74.31098028782912,78.03519050934928,72.66150263138611,71.73173308506553,85.08621052087383,80.40900325671183,0.0,0.0,0.0,0.0,True,False,71.77379906466153
6690.HK,6690.HK,2026-08-19,5,0,25,3.333333333333333,15.770857191536502,22.81601302128731,18.25281041702985,88.54310526043692,71.40549014391456,92.0,72.66150263138611,71.73173308506553,85.08621052087383,80.40900325671183,0.0,0.0,0.0,0.0,True,True,68.49808309056827
6806.HK,6806.HK,2026-08-19,0,0,29,4.615384615384616,22.461416552643733,22.461416552643733,21.273974994350063,85.08621052087383,74.31098028782912,78.03519050934928,72.66150263138611,71.73173308506553,85.08621052087383,80.40900325671183,0.0,0.0,0.0,0.0,True,False,71.77379906466153
6818.HK,6818.HK,2026-08-19,0,0,29,0.0,0.0,27.969486139702195,21.273974994350063,58.36207017362461,86.10366009594304,78.03519050934928,72.66150263138611,71.73173308506553,85.08621052087383,80.40900325671183,0.0,0.0,0.0,0.0,True,False,84.07541813822725
6821.HK,6821.HK,2026-08-19,0,0,25,0.0,0.0,22.461416552643733,18.25281041702985,44.99999999999999,92.0,92.0,72.66150263138611,71.73173308506553,85.08621052087383,80.40900325671183,0.0,0.0,0.0,0.0,True,True,88.88679739574253
6823.HK,6823.HK,2026-08-19,0,0,29,4.615384615384616,22.461416552643733,22.461416552643733,21.273974994350063,85.08621052087383,74.31098028782912,78.03519050934928,72.66150263138611,71.73173308506553,85.08621052087383,80.40900325671183,0.0,0.0,0.0,0.0,True,False,71.77379906466153
6862.HK,6862.HK,2026-08-19,0,0,29,0.0,0.0,27.969486139702195,21.273974994350063,58.36207017362461,86.10366009594304,78.03519050934928,72.66150263138611,71.73173308506553,85.08621052087383,80.40900325671183,0.0,0.0,0.0,0.0,True,False,84.07541813822725
6881.HK,6881.HK,2026-08-19,0,0,29,9.230769230769232,22.461416552643733,26.592468742937577,21.273974994350063,55.02155263021845,92.0,78.03519050934928,72.66150263138611,71.73173308506553,85.08621052087383,80.40900325671183,0.0,0.0,0.0,0.0,True,False,86.71868425443364
6886.HK,6886.HK,2026-08-19,0,0,29,9.230769230769232,22.461416552643733,22.461416552643733,20.929034161472742,65.04310526043692,92.0,78.03519050934928,72.66150263138611,71.73173308506553,85.08621052087383,80.40900325671183,0.0,0.0,0.0,0.0,True,False,83.2973760420765
6936.HK,6936.HK,2026-08-19,1,0,25,8.88888888888889,29.86116885103812,29.86116885103812,21.10307003324167,65.04310526043692,83.15549014391456,92.0,72.66150263138611,71.73173308506553,85.08621052087383,80.40900325671183,0.0,0.0,0.0,0.0,True,True,78.9480181865153
6963.HK,6963.HK,2026-08-19,0,0,29,9.230769230769232,22.461416552643733,26.592468742937577,21.273974994350063,55.02155263021845,92.0,78.03519050934928,72.66150263138611,71.73173308506553,85.08621052087383,80.40900325671183,0.0,0.0,0.0,0.0,True,False,86.71868425443364
6969.HK,6969.HK,2026-08-19,0,0,25,0.0,0.0,22.89650623206606,18.25281041702985,65.04310526043692,83.15549014391456,92.0,72.66150263138611,71.73173308506553,85.08621052087383,80.40900325671183,0.0,0.0,0.0,0.0,True,True,79.66058309056827
9618.HK,9618.HK,2026-08-19,0,0,25,0.0,0.0,18.001043645238912,18.25281041702985,74.02873684029127,70.43699342927637,92.0,72.66150263138611,71.73173308506553,85.08621052087383,80.40900325671183,0.0,0.0,0.0,0.0,True,True,73.3359878589597
9633.HK,9633.HK,2026-08-19,0,0,29,0.0,0.0,22.461416552643733,21.273974994350063,44.99999999999999,92.0,78.03519050934928,72.66150263138611,71.73173308506553,85.08621052087383,80.40900325671183,0.0,0.0,0.0,0.0,True,False,90.2262276750101
9636.HK,9636.HK,2026-08-19,0,0,29,0.0,0.0,27.969486139702195,21.273974994350063,58.36207017362461,86.10366009594304,78.03519050934928,72.66150263138611,71.73173308506553,85.08621052087383,80.40900325671183,0.0,0.0,0.0,0.0,True,False,84.07541813822725
9896.HK,9896.HK,2026-08-19,1,0,29,16.923076923076923,23.323768634837034,23.0363179407726,18.31407407499231,58.36207017362461,92.0,78.03519050934928,72.66150263138611,71.73173308506553,85.08621052087383,80.40900325671183,0.0,0.0,0.0,0.0,True,False,86.28947834408092
9901.HK,9901.HK,2026-08-19,0,0,29,9.230769230769232,22.461416552643733,22.461416552643733,20.929034161472742,65.04310526043692,92.0,78.03519050934928,72.66150263138611,71.73173308506553,85.08621052087383,80.40900325671183,0.0,0.0,0.0,0.0,True,False,83.2973760420765
9927.HK,9927.HK,2026-08-19,0,0,29,1.5384615384615385,22.461416552643733,26.592468742937577,21.273974994350063,55.02155263021845,92.0,78.03519050934928,72.66150263138611,71.73173308506553,85.08621052087383,80.40900325671183,0.0,0.0,0.0,0.0,True,False,86.71868425443364
9973.HK,9973.HK,2026-08-19,0,0,29,0.0,37.260921149432505,26.592468742937577,21.273974994350063,85.08621052087383,83.15549014391456,78.03519050934928,72.66150263138611,71.73173308506553,85.08621052087383,80.40900325671183,0.0,0.0,0.0,0.0,True,False,73.98492652868289
9980.HK,9980.HK,2026-08-19,0,0,25,0.0,0.0,18.001043645238912,18.25281041702985,74.02873684029127,70.43699342927637,92.0,72.66150263138611,71.73173308506553,85.08621052087383,80.40900325671183,0.0,0.0,0.0,0.0,True,True,73.3359878589597
9987.HK,9987.HK,2026-08-19,0,0,29,0.0,0.0,29.86116885103812,21.273974994350063,65.04310526043692,83.15549014391456,78.03519050934928,72.66150263138611,71.73173308506553,85.08621052087383,80.40900325671183,0.0,0.0,0.0,0.0,True,False,81.00001336983581
9992.HK,9992.HK,2026-08-19,1,0,29,16.923076923076923,23.323768634837034,23.0363179407726,18.31407407499231,58.36207017362461,92.0,78.03519050934928,72.66150263138611,71.73173308506553,85.08621052087383,80.40900325671183,0.0,0.0,0.0,0.0,True,False,86.28947834408092
9999.HK,9999.HK,2026-08-19,0,9,24,0.0,0.0,15.633337563367535,11.739179602448639,92.0,44.99999999999999,92.0,44.99999999999999,92.0,92.0,44.99999999999999,0.0,0.0,0.0,0.5,True,True,62.31520509938785
8TRA.ST,8TRA.ST,2026-08-19,0,9,24,14.285714285714286,5.897942661070293,5.897942661070293,8.228766865652435,92.0,44.99999999999999,92.0,44.99999999999999,92.0,92.0,44.99999999999999,0.0,0.0,0.0,1.0,True,True,63.1928082835869
A5G.IR,A5G.IR,2026-08-19,1,0,29,0.0,24.186120717030335,23.0363179407726,18.31407407499231,58.36207017362461,92.0,78.03519050934928,72.66150263138611,71.73173308506553,85.08621052087383,80.40900325671183,0.0,0.0,0.0,0.0,True,False,86.28947834408092
AAK.ST,AAK.ST,2026-08-19,0,0,29,0.0,0.0,29.86116885103812,21.273974994350063,65.04310526043692,83.15549014391456,78.03519050934928,72.66150263138611,71.73173308506553,85.08621052087383,80.40900325671183,0.0,0.0,0.0,0.0,True,False,81.00001336983581
AALB.AS,AALB.AS,2026-08-19,0,0,29,9.230769230769232,22.461416552643733,22.461416552643733,20.929034161472742,65.04310526043692,92.0,78.03519050934928,72.66150263138611,71.73173308506553,85.08621052087383,80.40900325671183,0.0,0.0,0.0,0.0,True,False,83.2973760420765
ABB.ST,ABB.ST,2026-08-19,0,0,29,0.0,0.0,29.86116885103812,21.273974994350063,65.04310526043692,83.15549014391456,78.03519050934928,72.66150263138611,71.73173308506553,85.08621052087383,80.40900325671183,0.0,0.0,0.0,0.0,True,False,81.00001336983581
ABI.BR,ABI.BR,2026-08-19,0,0,29,9.230769230769232,22.461416552643733,22.461416552643733,20.929034161472742,65.04310526043692,92.0,78.03519050934928,72.66150263138611,71.73173308506553,85.08621052087383,80.40900325671183,0.0,0.0,0.0,0.0,True,False,83.2973760420765
ABN.AS,ABN.AS,2026-08-19,1,0,29,16.923076923076923,23.323768634837034,23.0363179407726,18.31407407499231,58.36207017362461,92.0,78.03519050934928,72.66150263138611,71.73173308506553,85.08621052087383,80.40900325671183,0.0,0.0,0.0,0.0,True,False,86.28947834408092
AC.PA,AC.PA,2026-08-19,0,0,29,9.230769230769232,22.461416552643733,22.461416552643733,20.929034161472742,65.04310526043692,92.0,78.03519050934928,72.66150263138611,71.73173308506553,85.08621052087383,80.40900325671183,0.0,0.0,0.0,0.0,True,False,83.2973760420765
ACA.PA,ACA.PA,2026-08-19,0,0,29,9.230769230769232,22.461416552643733,22.461416552643733,20.929034161472742,65.04310526043692,92.0,78.03519050934928,72.66150263138611,71.73173308506553,85.08621052087383,80.40900325671183,0.0,0.0,0.0,0.0,True,False,83.2973760420765
ACKB.BR,ACKB.BR,2026-08-19,1,0,29,16.923076923076923,23.323768634837034,23.0363179407726,18.31407407499231,58.36207017362461,92.0,78.03519050934928,72.66150263138611,71.73173308506553,85.08621052087383,80.40900325671183,0.0,0.0,0.0,0.0,True,False,86.28947834408092
ACS.MC,ACS.MC,2026-08-19,1,0,29,0.0,30.72352093323142,26.592468742937577,21.273974994350063,65.04310526043692,83.15549014391456,78.03519050934928,72.66150263138611,71.73173308506553,85.08621052087383,80.40900325671183,0.0,0.0,0.0,0.0,True,False,81.00001336983581
ACX.MC,ACX.MC,2026-08-19,0,0,29,0.0,37.260921149432505,26.592468742937577,21.273974994350063,85.08621052087383,83.15549014391456,78.03519050934928,72.66150263138611,71.73173308506553,85.08621052087383,80.40900325671183,0.0,0.0,0.0,0.0,True,False,73.98492652868289
AD.AS,AD.AS,2026-08-19,1,0,29,0.0,24.186120717030335,23.0363179407726,18.31407407499231,58.36207017362461,92.0,78.03519050934928,72.66150263138611,71.73173308506553,85.08621052087383,80.40900325671183,0.0,0.0,0.0,0.0,True,False,86.28947834408092
ADDT-B.ST,ADDT-B.ST,2026-08-19,0,0,29,0.0,0.0,22.461416552643733,21.273974994350063,44.99999999999999,92.0,78.03519050934928,72.66150263138611,71.73173308506553,85.08621052087383,80.40900325671183,0.0,0.0,0.0,0.0,True,False,90.2262276750101
ADP.PA,ADP.PA,2026-08-19,1,0,29,16.923076923076923,23.323768634837034,23.0363179407726,18.31407407499231,58.36207017362461,92.0,78.03519050934928,72.66150263138611,71.73173308506553,85.08621052087383,80.40900325671183,0.0,0.0,0.0,0.0,True,False,86.28947834408092
AED.BR,AED.BR,2026-08-19,1,0,29,0.0,24.186120717030335,23.0363179407726,18.31407407499231,58.36207017362461,92.0,78.03519050934928,72.66150263138611,71.73173308506553,85.08621052087383,80.40900325671183,0.0,0.0,0.0,0.0,True,False,86.28947834408092
AENA.MC,AENA.MC,2026-08-19,0,0,29,0.0,37.260921149432505,26.592468742937577,21.273974994350063,85.08621052087383,83.15549014391456,78.03519050934928,72.66150263138611,71.73173308506553,85.08621052087383,80.40900325671183,0.0,0.0,0.0,0.0,True,False,73.98492652868289
AGN.AS,AGN.AS,2026-08-19,1,0,29,0.0,30.72352093323142,26.592468742937577,21.273974994350063,65.04310526043692,83.15549014391456,78.03519050934928,72.66150263138611,71.73173308506553,85.08621052087383,80.40900325671183,0.0,0.0,0.0,0.0,True,False,81.00001336983581
AGS.BR,AGS.BR,2026-08-19,1,0,29,0.0,30.72352093323142,26.592468742937577,21.273974994350063,65.04310526043692,83.15549014391456,78.03519050934928,72.66150263138611,71.73173308506553,85.08621052087383,80.40900325671183,0.0,0.0,0.0,0.0,True,False,81.00001336983581
AI.PA,AI.PA,2026-08-19,1,0,29,16.923076923076923,23.323768634837034,23.0363179407726,18.31407407499231,58.36207017362461,92.0,78.03519050934928,72.66150263138611,71.73173308506553,85.08621052087383,80.40900325671183,0.0,0.0,0.0,0.0,True,False,86.28947834408092
AIR.PA,AIR.PA,2026-08-19,1,0,29,0.0,24.186120717030335,23.0363179407726,18.31407407499231,58.36207017362461,92.0,78.03519050934928,72.66150263138611,71.73173308506553,85.08621052087383,80.40900325671183,0.0,0.0,0.0,0.0,True,False,86.28947834408092
AKE.PA,AKE.PA,2026-08-19,1,0,29,0.0,24.186120717030335,23.0363179407726,18.31407407499231,58.36207017362461,92.0,78.03519050934928,72.66150263138611,71.73173308506553,85.08621052087383,80.40900325671183,0.0,0.0,0.0,0.0,True,False,86.28947834408092
AKZA.AS,AKZA.AS,2026-08-19,0,9,24,0.0,17.55206368398101,11.725003172525652,9.380002538020522,92.0,44.99999999999999,92.0,44.99999999999999,92.0,92.0,44.99999999999999,0.0,0.0,0.0,0.0,True,True,62.90499936549489
ALFA.ST,ALFA.ST,2026-08-19,0,0,29,0.0,0.0,22.461416552643733,21.273974994350063,44.99999999999999,92.0,78.03519050934928,72.66150263138611,71.73173308506553,85.08621052087383,80.40900325671183,0.0,0.0,0.0,0.0,True,False,90.2262276750101
ALIV-SDB.ST,ALIV-SDB.ST,2026-08-19,0,0,29,0.0,0.0,22.461416552643733,21.273974994350063,44.99999999999999,92.0,78.03519050934928,72.66150263138611,71.73173308506553,85.08621052087383,80.40900325671183,0.0,0.0,0.0,0.0,True,False,90.2262276750101
ALLEI.ST,ALLEI.ST,2026-08-19,1,0,29,0.0,24.186120717030335,23.0363179407726,18.31407407499231,58.36207017362461,92.0,78.03519050934928,72.66150263138611,71.73173308506553,85.08621052087383,80.40900325671183,0.0,0.0,0.0,0.0,True,False,86.28947834408092
ALLFG.AS,ALLFG.AS,2026-08-19,0,0,29,10.769230769230768,29.86116885103812,21.273974994350063,21.273974994350063,65.04310526043692,84.92439211513165,78.03519050934928,72.66150263138611,71.73173308506553,85.08621052087383,80.40900325671183,0.0,0.0,0.0,0.0,True,False,81.44223886264008
ALMB.CO,ALMB.CO,2026-08-19,1,0,25,2.2222222222222223,37.260921149432505,29.86116885103812,21.10307003324167,65.04310526043692,92.0,92.0,72.66150263138611,71.73173308506553,85.08621052087383,80.40900325671183,0.0,0.0,0.0,0.0,True,True,81.15914565053666
ALSYDB.CO,ALSYDB.CO,2026-08-19,6,0,25,7.777777777777778,22.73551981050856,22.644152057886952,18.078774545260917,74.02873684029127,70.43699342927637,92.0,72.66150263138611,71.73173308506553,85.08621052087383,80.40900325671183,0.0,0.0,0.0,0.0,True,True,73.37949682690193
AM.PA,AM.PA,2026-08-19,1,0,29,0.0,30.72352093323142,26.592468742937577,21.273974994350063,65.04310526043692,83.15549014391456,78.03519050934928,72.66150263138611,71.73173308506553,85.08621052087383,80.40900325671183,0.0,0.0,0.0,0.0,True,False,81.00001336983581
AMS.MC,AMS.MC,2026-08-19,0,0,29,10.769230769230768,29.86116885103812,21.273974994350063,21.273974994350063,65.04310526043692,84.92439211513165,78.03519050934928,72.66150263138611,71.73173308506553,85.08621052087383,80.40900325671183,0.0,0.0,0.0,0.0,True,False,81.44223886264008
AMUN.PA,AMUN.PA,2026-08-19,1,0,29,0.0,30.72352093323142,26.592468742937577,21.273974994350063,65.04310526043692,83.15549014391456,78.03519050934928,72.66150263138611,71.73173308506553,85.08621052087383,80.40900325671183,0.0,0.0,0.0,0.0,True,False,81.00001336983581
ANA.MC,ANA.MC,2026-08-19,0,0,29,10.769230769230768,29.86116885103812,21.273974994350063,21.273974994350063,65.04310526043692,84.92439211513165,78.03519050934928,72.66150263138611,71.73173308506553,85.08621052087383,80.40900325671183,0.0,0.0,0.0,0.0,True,False,81.44223886264008
APAM.AS,APAM.AS,2026-08-19,0,0,25,0.0,23.33159591148839,22.81601302128731,18.25281041702985,85.08621052087383,74.31098028782912,92.0,72.66150263138611,71.73173308506553,85.08621052087383,80.40900325671183,0.0,0.0,0.0,0.0,True,True,70.43436878539397
ARCAD.AS,ARCAD.AS,2026-08-19,6,0,25,7.777777777777778,22.89650623206606,18.25281041702985,18.25281041702985,70.43448420834953,83.15549014391456,92.0,72.66150263138611,71.73173308506553,85.08621052087383,80.40900325671183,0.0,0.0,0.0,0.0,True,True,77.77360045879884
ASRNL.AS,ASRNL.AS,2026-08-19,6,0,25,7.777777777777778,22.89650623206606,18.25281041702985,18.25281041702985,70.43448420834953,83.15549014391456,92.0,72.66150263138611,71.73173308506553,85.08621052087383,80.40900325671183,0.0,0.0,0.0,0.0,True,True,77.77360045879884
ASSA-B.ST,ASSA-B.ST,2026-08-19,0,0,29,0.0,0.0,22.461416552643733,21.273974994350063,44.99999999999999,92.0,78.03519050934928,72.66150263138611,71.73173308506553,85.08621052087383,80.40900325671183,0.0,0.0,0.0,0.0,True,False,90.2262276750101
ATCO-A.ST,ATCO-A.ST,2026-08-19,0,9,24,7.142857142857143,0.0,5.897942661070293,9.380002538020522,92.0,44.99999999999999,92.0,44.99999999999999,92.0,92.0,44.99999999999999,0.0,0.0,0.0,0.5,True,True,62.90499936549489
ATE.PA,ATE.PA,2026-08-19,0,0,29,0.0,37.260921149432505,26.592468742937577,21.273974994350063,85.08621052087383,83.15549014391456,78.03519050934928,72.66150263138611,71.73173308506553,85.08621052087383,80.40900325671183,0.0,0.0,0.0,0.0,True,False,73.98492652868289
AXFO.ST,AXFO.ST,2026-08-19,0,0,25,3.333333333333333,22.461416552643733,22.461416552643733,15.292909497672094,85.08621052087383,74.31098028782912,92.0,72.66150263138611,71.73173308506553,85.08621052087383,80.40900325671183,0.0,0.0,0.0,0.0,True,True,71.17434401523342
AYV.PA,AYV.PA,2026-08-19,0,0,29,9.230769230769232,22.461416552643733,26.592468742937577,21.273974994350063,55.02155263021845,92.0,78.03519050934928,72.66150263138611,71.73173308506553,85.08621052087383,80.40900325671183,0.0,0.0,0.0,0.0,True,False,86.71868425443364
AZA.ST,AZA.ST,2026-08-19,0,0,25,3.333333333333333,22.461416552643733,22.461416552643733,15.292909497672094,85.08621052087383,74.31098028782912,92.0,72.66150263138611,71.73173308506553,85.08621052087383,80.40900325671183,0.0,0.0,0.0,0.0,True,True,71.17434401523342
AZE.BR,AZE.BR,2026-08-19,0,0,29,0.0,0.0,27.969486139702195,21.273974994350063,58.36207017362461,86.10366009594304,78.03519050934928,72.66150263138611,71.73173308506553,85.08621052087383,80.40900325671183,0.0,0.0,0.0,0.0,True,False,84.07541813822725
AZN.ST,AZN.ST,2026-08-19,0,0,25,3.333333333333333,22.461416552643733,22.461416552643733,15.292909497672094,85.08621052087383,74.31098028782912,92.0,72.66150263138611,71.73173308506553,85.08621052087383,80.40900325671183,0.0,0.0,0.0,0.0,True,True,71.17434401523342
BAMNB.AS,BAMNB.AS,2026-08-19,0,0,29,1.5384615384615385,22.461416552643733,26.592468742937577,21.273974994350063,55.02155263021845,92.0,78.03519050934928,72.66150263138611,71.73173308506553,85.08621052087383,80.40900325671183,0.0,0.0,0.0,0.0,True,False,86.71868425443364
BBVA.MC,BBVA.MC,2026-08-19,0,0,29,1.5384615384615385,22.461416552643733,26.592468742937577,21.273974994350063,55.02155263021845,92.0,78.03519050934928,72.66150263138611,71.73173308506553,85.08621052087383,80.40900325671183,0.0,0.0,0.0,0.0,True,False,86.71868425443364
BEIJ-B.ST,BEIJ-B.ST,2026-08-19,0,0,29,18.461538461538463,22.461416552643733,22.461416552643733,20.929034161472742,65.04310526043692,83.15549014391456,78.03519050934928,72.66150263138611,71.73173308506553,85.08621052087383,80.40900325671183,0.0,0.0,0.0,0.0,True,False,81.08624857805513
BIM.PA,BIM.PA,2026-08-19,0,0,29,0.0,37.260921149432505,26.592468742937577,21.273974994350063,85.08621052087383,83.15549014391456,78.03519050934928,72.66150263138611,71.73173308506553,85.08621052087383,80.40900325671183,0.0,0.0,0.0,0.0,True,False,73.98492652868289
BIRG.IR,BIRG.IR,2026-08-19,1,0,29,0.0,30.72352093323142,26.592468742937577,21.273974994350063,65.04310526043692,83.15549014391456,78.03519050934928,72.66150263138611,71.73173308506553,85.08621052087383,80.40900325671183,0.0,0.0,0.0,0.0,True,False,81.00001336983581
BKT.MC,BKT.MC,2026-08-19,0,0,29,1.5384615384615385,22.461416552643733,26.592468742937577,21.273974994350063,55.02155263021845,92.0,78.03519050934928,72.66150263138611,71.73173308506553,85.08621052087383,80.40900325671183,0.0,0.0,0.0,0.0,True,False,86.71868425443364
BN.PA,BN.PA,2026-08-19,0,0,29,10.769230769230768,29.86116885103812,21.273974994350063,21.273974994350063,65.04310526043692,84.92439211513165,78.03519050934928,72.66150263138611,71.73173308506553,85.08621052087383,80.40900325671183,0.0,0.0,0.0,0.0,True,False,81.44223886264008
BNP.PA,BNP.PA,2026-08-19,0,0,29,10.769230769230768,29.86116885103812,21.273974994350063,21.273974994350063,65.04310526043692,84.92439211513165,78.03519050934928,72.66150263138611,71.73173308506553,85.08621052087383,80.40900325671183,0.0,0.0,0.0,0.0,True,False,81.44223886264008
BOL.PA,BOL.PA,2026-08-19,0,0,29,1.5384615384615385,22.461416552643733,26.592468742937577,21.273974994350063,55.02155263021845,92.0,78.03519050934928,72.66150263138611,71.73173308506553,85.08621052087383,80.40900325671183,0.0,0.0,0.0,0.0,True,False,86.71868425443364
BOL.ST,BOL.ST,2026-08-19,0,0,29,18.461538461538463,22.461416552643733,22.461416552643733,20.929034161472742,65.04310526043692,83.15549014391456,78.03519050934928,72.66150263138611,71.73173308506553,85.08621052087383,80.40900325671183,0.0,0.0,0.0,0.0,True,False,81.08624857805513
BRAV.ST,BRAV.ST,2026-08-19,0,0,29,9.230769230769232,22.461416552643733,22.461416552643733,20.929034161472742,65.04310526043692,92.0,78.03519050934928,72.66150263138611,71.73173308506553,85.08621052087383,80.40900325671183,0.0,0.0,0.0,0.0,True,False,83.2973760420765
BVI.PA,BVI.PA,2026-08-19,0,0,29,1.5384615384615385,22.461416552643733,26.592468742937577,21.273974994350063,55.02155263021845,92.0,78.03519050934928,72.66150263138611,71.73173308506553,85.08621052087383,80.40900325671183,0.0,0.0,0.0,0.0,True,False,86.71868425443364
CA.PA,CA.PA,2026-08-19,0,0,29,9.230769230769232,22.461416552643733,26.592468742937577,21.273974994350063,55.02155263021845,92.0,78.03519050934928,72.66150263138611,71.73173308506553,85.08621052087383,80.40900325671183,0.0,0.0,0.0,0.0,True,False,86.71868425443364
CABK.MC,CABK.MC,2026-08-19,0,9,24,0.0,11.795885322140586,14.673974503060798,11.739179602448639,92.0,44.99999999999999,92.0,44.99999999999999,92.0,92.0,44.99999999999999,0.0,0.0,0.0,0.5,True,True,62.31520509938785
CAP.PA,CAP.PA,2026-08-19,0,0,29,9.230769230769232,22.461416552643733,26.592468742937577,21.273974994350063,55.02155263021845,92.0,78.03519050934928,72.66150263138611,71.73173308506553,85.08621052087383,80.40900325671183,0.0,0.0,0.0,0.0,True,False,86.71868425443364
CARL-B.CO,CARL-B.CO,2026-08-19,6,0,25,7.777777777777778,22.73551981050856,22.644152057886952,18.078774545260917,74.02873684029127,70.43699342927637,92.0,72.66150263138611,71.73173308506553,85.08621052087383,80.40900325671183,0.0,0.0,0.0,0.0,True,True,73.37949682690193
CAST.ST,CAST.ST,2026-08-19,0,0,29,9.230769230769232,22.461416552643733,22.461416552643733,20.929034161472742,65.04310526043692,92.0,78.03519050934928,72.66150263138611,71.73173308506553,85.08621052087383,80.40900325671183,0.0,0.0,0.0,0.0,True,False,83.2973760420765
CDI.PA,CDI.PA,2026-08-19,0,9,24,0.0,11.795885322140586,15.633337563367535,11.739179602448639,92.0,44.99999999999999,92.0,44.99999999999999,92.0,92.0,44.99999999999999,0.0,0.0,0.0,0.5,True,True,62.31520509938785
CIE.MC,CIE.MC,2026-08-19,6,0,25,6.666666666666666,22.461416552643733,22.81601302128731,18.25281041702985,66.77155263021845,92.0,92.0,72.66150263138611,71.73173308506553,85.08621052087383,80.40900325671183,0.0,0.0,0.0,0.0,True,True,81.26675397516608
CLNX.MC,CLNX.MC,2026-08-19,6,0,25,6.666666666666666,22.461416552643733,18.001043645238912,18.25281041702985,74.02873684029127,92.0,92.0,72.66150263138611,71.73173308506553,85.08621052087383,80.40900325671183,0.0,0.0,0.0,0.0,True,True,78.72673950164061
CMBT.BR,CMBT.BR,2026-08-19,0,0,29,1.5384615384615385,22.461416552643733,26.592468742937577,21.273974994350063,55.02155263021845,92.0,78.03519050934928,72.66150263138611,71.73173308506553,85.08621052087383,80.40900325671183,0.0,0.0,0.0,0.0,True,False,86.71868425443364
COFA.PA,COFA.PA,2026-08-19,0,0,25,0.0,0.0,18.001043645238912,18.25281041702985,74.02873684029127,70.43699342927637,92.0,72.66150263138611,71.73173308506553,85.08621052087383,80.40900325671183,0.0,0.0,0.0,0.0,True,True,73.3359878589597
COL.MC,COL.MC,2026-08-19,0,0,25,0.0,0.0,18.001043645238912,18.25281041702985,74.02873684029127,70.43699342927637,92.0,72.66150263138611,71.73173308506553,85.08621052087383,80.40900325671183,0.0,0.0,0.0,0.0,True,True,73.3359878589597
COLO-B.CO,COLO-B.CO,2026-08-19,1,0,29,0.0,24.186120717030335,23.0363179407726,18.31407407499231,58.36207017362461,92.0,78.03519050934928,72.66150263138611,71.73173308506553,85.08621052087383,80.40900325671183,0.0,0.0,0.0,0.0,True,False,86.28947834408092
COLR.BR,COLR.BR,2026-08-19,0,0,29,9.230769230769232,22.461416552643733,26.592468742937577,21.273974994350063,55.02155263021845,92.0,78.03519050934928,72.66150263138611,71.73173308506553,85.08621052087383,80.40900325671183,0.0,0.0,0.0,0.0,True,False,86.71868425443364
COV.PA,COV.PA,2026-08-19,0,0,25,0.0,0.0,18.001043645238912,18.25281041702985,74.02873684029127,70.43699342927637,92.0,72.66150263138611,71.73173308506553,85.08621052087383,80.40900325671183,0.0,0.0,0.0,0.0,True,True,73.3359878589597
CS.PA,CS.PA,2026-08-19,0,0,25,0.0,0.0,18.001043645238912,18.25281041702985,74.02873684029127,70.43699342927637,92.0,72.66150263138611,71.73173308506553,85.08621052087383,80.40900325671183,0.0,0.0,0.0,0.0,True,True,73.3359878589597
CTPNV.AS,CTPNV.AS,2026-08-19,5,0,25,3.333333333333333,15.770857191536502,22.81601302128731,18.25281041702985,88.54310526043692,71.40549014391456,92.0,72.66150263138611,71.73173308506553,85.08621052087383,80.40900325671183,0.0,0.0,0.0,0.0,True,True,68.49808309056827
CVC.AS,CVC.AS,2026-08-19,0,0,29,0.0,0.0,22.461416552643733,21.273974994350063,44.99999999999999,92.0,78.03519050934928,72.66150263138611,71.73173308506553,85.08621052087383,80.40900325671183,0.0,0.0,0.0,0.0,True,False,90.2262276750101
DANSKE.CO,DANSKE.CO,2026-08-19,1,0,29,0.0,24.186120717030335,23.0363179407726,18.31407407499231,58.36207017362461,92.0,78.03519050934928,72.66150263138611,71.73173308506553,85.08621052087383,80.40900325671183,0.0,0.0,0.0,0.0,True,False,86.28947834408092
DEC.PA,DEC.PA,2026-08-19,0,0,29,0.0,0.0,29.86116885103812,21.273974994350063,65.04310526043692,83.15549014391456,78.03519050934928,72.66150263138611,71.73173308506553,85.08621052087383,80.40900325671183,0.0,0.0,0.0,0.0,True,False,81.00001336983581
DG.PA,DG.PA,2026-08-19,0,0,29,0.0,0.0,29.86116885103812,21.273974994350063,65.04310526043692,83.15549014391456,78.03519050934928,72.66150263138611,71.73173308506553,85.08621052087383,80.40900325671183,0.0,0.0,0.0,0.0,True,False,81.00001336983581
DIE.BR,DIE.BR,2026-08-19,0,0,29,9.230769230769232,22.461416552643733,26.592468742937577,21.273974994350063,55.02155263021845,92.0,78.03519050934928,72.66150263138611,71.73173308506553,85.08621052087383,80.40900325671183,0.0,0.0,0.0,0.0,True,False,86.71868425443364
DSFIR.AS,DSFIR.AS,2026-08-19,0,0,29,9.230769230769232,22.461416552643733,27.969486139702195,21.273974994350063,58.36207017362461,92.0,78.03519050934928,72.66150263138611,71.73173308506553,85.08621052087383,80.40900325671183,0.0,0.0,0.0,0.0,True,False,85.54950311424149
DSY.PA,DSY.PA,2026-08-19,0,0,29,0.0,0.0,29.86116885103812,21.273974994350063,65.04310526043692,83.15549014391456,78.03519050934928,72.66150263138611,71.73173308506553,85.08621052087383,80.40900325671183,0.0,0.0,0.0,0.0,True,False,81.00001336983581
EDEN.PA,EDEN.PA,2026-08-19,0,0,29,0.0,0.0,29.86116885103812,21.273974994350063,65.04310526043692,83.15549014391456,78.03519050934928,72.66150263138611,71.73173308506553,85.08621052087383,80.40900325671183,0.0,0.0,0.0,0.0,True,False,81.00001336983581
EKTA-B.ST,EKTA-B.ST,2026-08-19,1,0,29,16.923076923076923,23.323768634837034,23.0363179407726,18.31407407499231,58.36207017362461,92.0,78.03519050934928,72.66150263138611,71.73173308506553,85.08621052087383,80.40900325671183,0.0,0.0,0.0,0.0,True,False,86.28947834408092
EL.PA,EL.PA,2026-08-19,0,0,29,0.0,0.0,22.461416552643733,21.273974994350063,44.99999999999999,92.0,78.03519050934928,72.66150263138611,71.73173308506553,85.08621052087383,80.40900325671183,0.0,0.0,0.0,0.0,True,False,90.2262276750101
ELE.MC,ELE.MC,2026-08-19,0,0,29,0.0,0.0,27.969486139702195,21.273974994350063,58.36207017362461,86.10366009594304,78.03519050934928,72.66150263138611,71.73173308506553,85.08621052087383,80.40900325671183,0.0,0.0,0.0,0.0,True,False,84.07541813822725
ELI.BR,ELI.BR,2026-08-19,0,0,29,9.230769230769232,22.461416552643733,27.969486139702195,21.273974994350063,58.36207017362461,92.0,78.03519050934928,72.66150263138611,71.73173308506553,85.08621052087383,80.40900325671183,0.0,0.0,0.0,0.0,True,False,85.54950311424149
ELIS.PA,ELIS.PA,2026-08-19,0,0,29,0.0,0.0,22.461416552643733,21.273974994350063,44.99999999999999,92.0,78.03519050934928,72.66150263138611,71.73173308506553,85.08621052087383,80.40900325671183,0.0,0.0,0.0,0.0,True,False,90.2262276750101
ELISA.HE,ELISA.HE,2026-08-19,0,0,29,10.769230769230768,29.86116885103812,21.273974994350063,21.273974994350063,65.04310526043692,84.92439211513165,78.03519050934928,72.66150263138611,71.73173308506553,85.08621052087383,80.40900325671183,0.0,0.0,0.0,0.0,True,False,81.44223886264008
EN.PA,EN.PA,2026-08-19,0,0,29,0.0,0.0,22.461416552643733,21.273974994350063,44.99999999999999,92.0,78.03519050934928,72.66150263138611,71.73173308506553,85.08621052087383,80.40900325671183,0.0,0.0,0.0,0.0,True,False,90.2262276750101
ENG.MC,ENG.MC,2026-08-19,0,0,29,0.0,0.0,27.969486139702195,21.273974994350063,58.36207017362461,86.10366009594304,78.03519050934928,72.66150263138611,71.73173308506553,85.08621052087383,80.40900325671183,0.0,0.0,0.0,0.0,True,False,84.07541813822725
ENGI.PA,ENGI.PA,2026-08-19,0,0,29,0.0,0.0,22.461416552643733,21.273974994350063,44.99999999999999,92.0,78.03519050934928,72.66150263138611,71.73173308506553,85.08621052087383,80.40900325671183,0.0,0.0,0.0,0.0,True,False,90.2262276750101
ENO.MC,ENO.MC,2026-08-19,0,0,29,0.0,0.0,29.86116885103812,21.273974994350063,65.04310526043692,83.15549014391456,78.03519050934928,72.66150263138611,71.73173308506553,85.08621052087383,80.40900325671183,0.0,0.0,0.0,0.0,True,False,81.00001336983581
ENX.PA,ENX.PA,2026-08-19,0,0,29,4.615384615384616,22.461416552643733,22.461416552643733,21.273974994350063,85.08621052087383,83.15549014391456,78.03519050934928,72.66150263138611,71.73173308506553,85.08621052087383,80.40900325671183,0.0,0.0,0.0,0.0,True,False,73.98492652868289
EPI-A.ST,EPI-A.ST,2026-08-19,0,0,29,10.769230769230768,29.86116885103812,21.273974994350063,21.273974994350063,65.04310526043692,84.92439211513165,78.03519050934928,72.66150263138611,71.73173308506553,85.08621052087383,80.40900325671183,0.0,0.0,0.0,0.0,True,False,81.44223886264008
EQT.ST,EQT.ST,2026-08-19,1,0,29,16.923076923076923,23.323768634837034,23.0363179407726,18.31407407499231,58.36207017362461,92.0,78.03519050934928,72.66150263138611,71.73173308506553,85.08621052087383,80.40900325671183,0.0,0.0,0.0,0.0,True,False,86.28947834408092
ERF.PA,ERF.PA,2026-08-19,0,0,29,4.615384615384616,22.461416552643733,22.461416552643733,21.273974994350063,85.08621052087383,74.31098028782912,78.03519050934928,72.66150263138611,71.73173308506553,85.08621052087383,80.40900325671183,0.0,0.0,0.0,0.0,True,False,71.77379906466153
ERIC-B.ST,ERIC-B.ST,2026-08-19,1,0,29,16.923076923076923,23.323768634837034,23.0363179407726,18.31407407499231,58.36207017362461,92.0,78.03519050934928,72.66150263138611,71.73173308506553,85.08621052087383,80.40900325671183,0.0,0.0,0.0,0.0,True,False,86.28947834408092
ESSITY-B.ST,ESSITY-B.ST,2026-08-19,0,0,29,0.0,0.0,29.86116885103812,21.273974994350063,65.04310526043692,83.15549014391456,78.03519050934928,72.66150263138611,71.73173308506553,85.08621052087383,80.40900325671183,0.0,0.0,0.0,0.0,True,False,81.00001336983581
EVO.ST,EVO.ST,2026-08-19,1,0,29,0.0,24.186120717030335,23.0363179407726,18.31407407499231,58.36207017362461,92.0,78.03519050934928,72.66150263138611,71.73173308506553,85.08621052087383,80.40900325671183,0.0,0.0,0.0,0.0,True,False,86.28947834408092
FDJU.PA,FDJU.PA,2026-08-19,1,0,29,16.923076923076923,23.323768634837034,23.0363179407726,18.31407407499231,58.36207017362461,92.0,78.03519050934928,72.66150263138611,71.73173308506553,85.08621052087383,80.40900325671183,0.0,0.0,0.0,0.0,True,False,86.28947834408092
FDR.MC,FDR.MC,2026-08-19,0,0,29,0.0,0.0,29.86116885103812,21.273974994350063,65.04310526043692,83.15549014391456,78.03519050934928,72.66150263138611,71.73173308506553,85.08621052087383,80.40900325671183,0.0,0.0,0.0,0.0,True,False,81.00001336983581
FER.MC,FER.MC,2026-08-19,0,0,29,0.0,0.0,29.86116885103812,21.273974994350063,65.04310526043692,83.15549014391456,78.03519050934928,72.66150263138611,71.73173308506553,85.08621052087383,80.40900325671183,0.0,0.0,0.0,0.0,True,False,81.00001336983581
FGR.PA,FGR.PA,2026-08-19,0,0,29,4.615384615384616,22.461416552643733,22.461416552643733,21.273974994350063,85.08621052087383,74.31098028782912,78.03519050934928,72.66150263138611,71.73173308506553,85.08621052087383,80.40900325671183,0.0,0.0,0.0,0.0,True,False,71.77379906466153
FORTUM.HE,FORTUM.HE,2026-08-19,0,0,29,10.769230769230768,29.86116885103812,21.273974994350063,21.273974994350063,65.04310526043692,84.92439211513165,78.03519050934928,72.66150263138611,71.73173308506553,85.08621052087383,80.40900325671183,0.0,0.0,0.0,0.0,True,False,81.44223886264008
FR.PA,FR.PA,2026-08-19,0,0,29,4.615384615384616,22.461416552643733,22.461416552643733,21.273974994350063,85.08621052087383,74.31098028782912,78.03519050934928,72.66150263138611,71.73173308506553,85.08621052087383,80.40900325671183,0.0,0.0,0.0,0.0,True,False,71.77379906466153
GBLB.BR,GBLB.BR,2026-08-19,0,0,29,0.0,0.0,27.969486139702195,21.273974994350063,58.36207017362461,86.10366009594304,78.03519050934928,72.66150263138611,71.73173308506553,85.08621052087383,80.40900325671183,0.0,0.0,0.0,0.0,True,False,84.07541813822725
GET.PA,GET.PA,2026-08-19,0,0,29,18.461538461538463,22.461416552643733,22.461416552643733,20.929034161472742,65.04310526043692,83.15549014391456,78.03519050934928,72.66150263138611,71.73173308506553,85.08621052087383,80.40900325671183,0.0,0.0,0.0,0.0,True,False,81.08624857805513
GETI-B.ST,GETI-B.ST,2026-08-19,1,0,29,0.0,24.186120717030335,23.0363179407726,18.31407407499231,58.36207017362461,92.0,78.03519050934928,72.66150263138611,71.73173308506553,85.08621052087383,80.40900325671183,0.0,0.0,0.0,0.0,True,False,86.28947834408092
GFC.PA,GFC.PA,2026-08-19,0,0,29,18.461538461538463,22.461416552643733,22.461416552643733,20.929034161472742,65.04310526043692,83.15549014391456,78.03519050934928,72.66150263138611,71.73173308506553,85.08621052087383,80.40900325671183,0.0,0.0,0.0,0.0,True,False,81.08624857805513
GL9.IR,GL9.IR,2026-08-19,1,0,29,0.0,30.72352093323142,26.592468742937577,21.273974994350063,65.04310526043692,83.15549014391456,78.03519050934928,72.66150263138611,71.73173308506553,85.08621052087383,80.40900325671183,0.0,0.0,0.0,0.0,True,False,81.00001336983581
GLE.PA,GLE.PA,2026-08-19,0,0,29,9.230769230769232,22.461416552643733,22.461416552643733,20.929034161472742,65.04310526043692,92.0,78.03519050934928,72.66150263138611,71.73173308506553,85.08621052087383,80.40900325671183,0.0,0.0,0.0,0.0,True,False,83.2973760420765
GTT.PA,GTT.PA,2026-08-19,0,0,29,9.230769230769232,22.461416552643733,22.461416552643733,20.929034161472742,65.04310526043692,92.0,78.03519050934928,72.66150263138611,71.73173308506553,85.08621052087383,80.40900325671183,0.0,0.0,0.0,0.0,True,False,83.2973760420765
HEIA.AS,HEIA.AS,2026-08-19,0,0,29,0.0,0.0,27.969486139702195,21.273974994350063,58.36207017362461,86.10366009594304,78.03519050934928,72.66150263138611,71.73173308506553,85.08621052087383,80.40900325671183,0.0,0.0,0.0,0.0,True,False,84.07541813822725
HEIJM.AS,HEIJM.AS,2026-08-19,0,0,29,0.0,0.0,27.969486139702195,21.273974994350063,58.36207017362461,86.10366009594304,78.03519050934928,72.66150263138611,71.73173308506553,85.08621052087383,80.40900325671183,0.0,0.0,0.0,0.0,True,False,84.07541813822725
HEIO.AS,HEIO.AS,2026-08-19,0,0,29,0.0,0.0,29.86116885103812,21.273974994350063,65.04310526043692,83.15549014391456,78.03519050934928,72.66150263138611,71.73173308506553,85.08621052087383,80.40900325671183,0.0,0.0,0.0,0.0,True,False,81.00001336983581
HEXA-B.ST,HEXA-B.ST,2026-08-19,1,0,29,0.0,30.72352093323142,26.592468742937577,21.273974994350063,65.04310526043692,83.15549014391456,78.03519050934928,72.66150263138611,71.73173308506553,85.08621052087383,80.40900325671183,0.0,0.0,0.0,0.0,True,False,81.00001336983581
HIAB.HE,HIAB.HE,2026-08-19,0,0,29,1.5384615384615385,22.461416552643733,26.592468742937577,21.273974994350063,55.02155263021845,92.0,78.03519050934928,72.66150263138611,71.73173308506553,85.08621052087383,80.40900325671183,0.0,0.0,0.0,0.0,True,False,86.71868425443364
HLUN-B.CO,HLUN-B.CO,2026-08-19,0,0,29,9.230769230769232,22.461416552643733,22.461416552643733,20.929034161472742,65.04310526043692,92.0,78.03519050934928,72.66150263138611,71.73173308506553,85.08621052087383,80.40900325671183,0.0,0.0,0.0,0.0,True,False,83.2973760420765
HM-B.ST,HM-B.ST,2026-08-19,1,0,29,0.0,30.72352093323142,26.592468742937577,21.273974994350063,65.04310526043692,83.15549014391456,78.03519050934928,72.66150263138611,71.73173308506553,85.08621052087383,80.40900325671183,0.0,0.0,0.0,0.0,True,False,81.00001336983581
HO.PA,HO.PA,2026-08-19,4,9,24,5.7142857142857135,14.673974503060798,9.782649668707199,8.228766865652437,92.0,44.99999999999999,92.0,44.99999999999999,92.0,92.0,44.99999999999999,0.0,0.0,0.0,0.5,True,True,63.1928082835869
HOLM-B.ST,HOLM-B.ST,2026-08-19,0,0,29,0.0,37.260921149432505,26.592468742937577,21.273974994350063,85.08621052087383,83.15549014391456,78.03519050934928,72.66150263138611,71.73173308506553,85.08621052087383,80.40900325671183,0.0,0.0,0.0,0.0,True,False,73.98492652868289
HPOL-B.ST,HPOL-B.ST,2026-08-19,0,0,29,0.0,37.260921149432505,26.592468742937577,21.273974994350063,85.08621052087383,83.15549014391456,78.03519050934928,72.66150263138611,71.73173308506553,85.08621052087383,80.40900325671183,0.0,0.0,0.0,0.0,True,False,73.98492652868289
HUH1V.HE,HUH1V.HE,2026-08-19,0,0,29,1.5384615384615385,22.461416552643733,26.592468742937577,21.273974994350063,55.02155263021845,92.0,78.03519050934928,72.66150263138611,71.73173308506553,85.08621052087383,80.40900325671183,0.0,0.0,0.0,0.0,True,False,86.71868425443364
HUSQ-B.ST,HUSQ-B.ST,2026-08-19,0,0,29,10.769230769230768,29.86116885103812,21.273974994350063,21.273974994350063,65.04310526043692,84.92439211513165,78.03519050934928,72.66150263138611,71.73173308506553,85.08621052087383,80.40900325671183,0.0,0.0,0.0,0.0,True,False,81.44223886264008
IAG.MC,IAG.MC,2026-08-19,0,0,29,0.0,0.0,29.86116885103812,21.273974994350063,65.04310526043692,83.15549014391456,78.03519050934928,72.66150263138611,71.73173308506553,85.08621052087383,80.40900325671183,0.0,0.0,0.0,0.0,True,False,81.00001336983581
IBE.MC,IBE.MC,2026-08-19,0,0,29,0.0,0.0,22.461416552643733,21.273974994350063,44.99999999999999,92.0,78.03519050934928,72.66150263138611,71.73173308506553,85.08621052087383,80.40900325671183,0.0,0.0,0.0,0.0,True,False,90.2262276750101
IMCD.AS,IMCD.AS,2026-08-19,0,0,29,0.0,0.0,29.86116885103812,21.273974994350063,65.04310526043692,83.15549014391456,78.03519050934928,72.66150263138611,71.73173308506553,85.08621052087383,80.40900325671183,0.0,0.0,0.0,0.0,True,False,81.00001336983581
INDT.ST,INDT.ST,2026-08-19,0,0,29,10.769230769230768,29.86116885103812,21.273974994350063,21.273974994350063,65.04310526043692,84.92439211513165,78.03519050934928,72.66150263138611,71.73173308506553,85.08621052087383,80.40900325671183,0.0,0.0,0.0,0.0,True,False,81.44223886264008
INDU-C.ST,INDU-C.ST,2026-08-19,0,0,29,1.5384615384615385,22.461416552643733,26.592468742937577,21.273974994350063,55.02155263021845,92.0,78.03519050934928,72.66150263138611,71.73173308506553,85.08621052087383,80.40900325671183,0.0,0.0,0.0,0.0,True,False,86.71868425443364
INGA.AS,INGA.AS,2026-08-19,0,0,29,0.0,0.0,29.86116885103812,21.273974994350063,65.04310526043692,83.15549014391456,78.03519050934928,72.66150263138611,71.73173308506553,85.08621052087383,80.40900325671183,0.0,0.0,0.0,0.0,True,False,81.00001336983581
INVE-B.ST,INVE-B.ST,2026-08-19,0,0,29,1.5384615384615385,22.461416552643733,26.592468742937577,21.273974994350063,55.02155263021845,92.0,78.03519050934928,72.66150263138611,71.73173308506553,85.08621052087383,80.40900325671183,0.0,0.0,0.0,0.0,True,False,86.71868425443364
IPN.PA,IPN.PA,2026-08-19,6,0,25,7.777777777777778,22.73551981050856,22.644152057886952,18.078774545260917,74.02873684029127,70.43699342927637,92.0,72.66150263138611,71.73173308506553,85.08621052087383,80.40900325671183,0.0,0.0,0.0,0.0,True,True,73.37949682690193
ISS.CO,ISS.CO,2026-08-19,1,0,29,0.0,30.72352093323142,26.592468742937577,21.273974994350063,65.04310526043692,83.15549014391456,78.03519050934928,72.66150263138611,71.73173308506553,85.08621052087383,80.40900325671183,0.0,0.0,0.0,0.0,True,False,81.00001336983581
ITX.MC,ITX.MC,2026-08-19,0,0,29,0.0,0.0,22.461416552643733,21.273974994350063,44.99999999999999,92.0,78.03519050934928,72.66150263138611,71.73173308506553,85.08621052087383,80.40900325671183,0.0,0.0,0.0,0.0,True,False,90.2262276750101
JYSK.CO,JYSK.CO,2026-08-19,1,0,29,0.0,30.72352093323142,26.592468742937577,21.273974994350063,65.04310526043692,83.15549014391456,78.03519050934928,72.66150263138611,71.73173308506553,85.08621052087383,80.40900325671183,0.0,0.0,0.0,0.0,True,False,81.00001336983581
KBC.BR,KBC.BR,2026-08-19,0,0,29,0.0,0.0,29.86116885103812,21.273974994350063,65.04310526043692,83.15549014391456,78.03519050934928,72.66150263138611,71.73173308506553,85.08621052087383,80.40900325671183,0.0,0.0,0.0,0.0,True,False,81.00001336983581
KBCA.BR,KBCA.BR,2026-08-19,0,0,29,0.0,0.0,22.461416552643733,21.273974994350063,44.99999999999999,92.0,78.03519050934928,72.66150263138611,71.73173308506553,85.08621052087383,80.40900325671183,0.0,0.0,0.0,0.0,True,False,90.2262276750101
KCR.HE,KCR.HE,2026-08-19,0,0,29,9.230769230769232,22.461416552643733,26.592468742937577,21.273974994350063,55.02155263021845,92.0,78.03519050934928,72.66150263138611,71.73173308506553,85.08621052087383,80.40900325671183,0.0,0.0,0.0,0.0,True,False,86.71868425443364
KEMIRA.HE,KEMIRA.HE,2026-08-19,0,0,29,9.230769230769232,22.461416552643733,26.592468742937577,21.273974994350063,55.02155263021845,92.0,78.03519050934928,72.66150263138611,71.73173308506553,85.08621052087383,80.40900325671183,0.0,0.0,0.0,0.0,True,False,86.71868425443364
KER.PA,KER.PA,2026-08-19,5,0,25,0.0,8.210118471584614,22.644152057886952,18.078774545260917,92.0,70.43699342927637,92.0,72.66150263138611,71.73173308506553,85.08621052087383,80.40900325671183,0.0,0.0,0.0,0.0,True,True,67.08955472100388
KESKOB.HE,KESKOB.HE,2026-08-19,0,0,29,9.230769230769232,22.461416552643733,27.969486139702195,21.273974994350063,58.36207017362461,92.0,78.03519050934928,72.66150263138611,71.73173308506553,85.08621052087383,80.40900325671183,0.0,0.0,0.0,0.0,True,False,85.54950311424149
KNEBV.HE,KNEBV.HE,2026-08-19,0,0,29,0.0,0.0,27.969486139702195,21.273974994350063,58.36207017362461,86.10366009594304,78.03519050934928,72.66150263138611,71.73173308506553,85.08621052087383,80.40900325671183,0.0,0.0,0.0,0.0,True,False,84.07541813822725
KPN.AS,KPN.AS,2026-08-19,0,0,29,0.0,0.0,22.461416552643733,21.273974994350063,44.99999999999999,92.0,78.03519050934928,72.66150263138611,71.73173308506553,85.08621052087383,80.40900325671183,0.0,0.0,0.0,0.0,True,False,90.2262276750101
KRZ.IR,KRZ.IR,2026-08-19,0,0,29,0.0,37.260921149432505,26.592468742937577,21.273974994350063,85.08621052087383,83.15549014391456,78.03519050934928,72.66150263138611,71.73173308506553,85.08621052087383,80.40900325671183,0.0,0.0,0.0,0.0,True,False,73.98492652868289
LAGR-B.ST,LAGR-B.ST,2026-08-19,0,9,24,0.0,11.795885322140586,14.673974503060798,11.739179602448639,92.0,44.99999999999999,92.0,44.99999999999999,92.0,92.0,44.99999999999999,0.0,0.0,0.0,0.5,True,True,62.31520509938785
LATO-B.ST,LATO-B.ST,2026-08-19,6,0,25,6.666666666666666,22.461416552643733,22.81601302128731,18.25281041702985,66.77155263021845,92.0,92.0,72.66150263138611,71.73173308506553,85.08621052087383,80.40900325671183,0.0,0.0,0.0,0.0,True,True,81.26675397516608
LI.PA,LI.PA,2026-08-19,5,0,25,0.0,8.210118471584614,22.644152057886952,18.078774545260917,92.0,70.43699342927637,92.0,72.66150263138611,71.73173308506553,85.08621052087383,80.40900325671183,0.0,0.0,0.0,0.0,True,True,67.08955472100388
LIGHT.AS,LIGHT.AS,2026-08-19,0,0,29,0.0,0.0,22.461416552643733,21.273974994350063,44.99999999999999,92.0,78.03519050934928,72.66150263138611,71.73173308506553,85.08621052087383,80.40900325671183,0.0,0.0,0.0,0.0,True,False,90.2262276750101
LOG.MC,LOG.MC,2026-08-19,0,0,29,0.0,0.0,22.461416552643733,21.273974994350063,44.99999999999999,92.0,78.03519050934928,72.66150263138611,71.73173308506553,85.08621052087383,80.40900325671183,0.0,0.0,0.0,0.0,True,False,90.2262276750101
LOOMIS.ST,LOOMIS.ST,2026-08-19,6,0,25,6.666666666666666,22.461416552643733,18.001043645238912,18.25281041702985,74.02873684029127,92.0,92.0,72.66150263138611,71.73173308506553,85.08621052087383,80.40900325671183,0.0,0.0,0.0,0.0,True,True,78.72673950164061
LR.PA,LR.PA,2026-08-19,1,0,29,0.0,30.72352093323142,26.592468742937577,21.273974994350063,65.04310526043692,83.15549014391456,78.03519050934928,72.66150263138611,71.73173308506553,85.08621052087383,80.40900325671183,0.0,0.0,0.0,0.0,True,False,81.00001336983581
LUG.ST,LUG.ST,2026-08-19,0,0,25,0.0,0.0,18.001043645238912,18.25281041702985,74.02873684029127,70.43699342927637,92.0,72.66150263138611,71.73173308506553,85.08621052087383,80.40900325671183,0.0,0.0,0.0,0.0,True,True,73.3359878589597
MAERSK-B.CO,MAERSK-B.CO,2026-08-19,0,0,29,0.0,37.260921149432505,26.592468742937577,21.273974994350063,85.08621052087383,83.15549014391456,78.03519050934928,72.66150263138611,71.73173308506553,85.08621052087383,80.40900325671183,0.0,0.0,0.0,0.0,True,False,73.98492652868289
MANTA.HE,MANTA.HE,2026-08-19,0,0,29,0.0,0.0,29.86116885103812,21.273974994350063,65.04310526043692,83.15549014391456,78.03519050934928,72.66150263138611,71.73173308506553,85.08621052087383,80.40900325671183,0.0,0.0,0.0,0.0,True,False,81.00001336983581
MAP.MC,MAP.MC,2026-08-19,0,0,29,0.0,0.0,22.461416552643733,21.273974994350063,44.99999999999999,92.0,78.03519050934928,72.66150263138611,71.73173308506553,85.08621052087383,80.40900325671183,0.0,0.0,0.0,0.0,True,False,90.2262276750101
MC.PA,MC.PA,2026-08-19,1,0,29,0.0,30.72352093323142,26.592468742937577,21.273974994350063,65.04310526043692,83.15549014391456,78.03519050934928,72.66150263138611,71.73173308506553,85.08621052087383,80.40900325671183,0.0,0.0,0.0,0.0,True,False,81.00001336983581
MELE.BR,MELE.BR,2026-08-19,0,0,29,0.0,0.0,22.461416552643733,21.273974994350063,44.99999999999999,92.0,78.03519050934928,72.66150263138611,71.73173308506553,85.08621052087383,80.40900325671183,0.0,0.0,0.0,0.0,True,False,90.2262276750101
METSO.HE,METSO.HE,2026-08-19,0,0,29,0.0,0.0,27.969486139702195,21.273974994350063,58.36207017362461,86.10366009594304,78.03519050934928,72.66150263138611,71.73173308506553,85.08621052087383,80.40900325671183,0.0,0.0,0.0,0.0,True,False,84.07541813822725
MF.PA,MF.PA,2026-08-19,0,0,29,0.0,37.260921149432505,26.592468742937577,21.273974994350063,85.08621052087383,83.15549014391456,78.03519050934928,72.66150263138611,71.73173308506553,85.08621052087383,80.40900325671183,0.0,0.0,0.0,0.0,True,False,73.98492652868289
MRL.MC,MRL.MC,2026-08-19,0,0,29,4.615384615384616,22.461416552643733,22.461416552643733,21.273974994350063,85.08621052087383,83.15549014391456,78.03519050934928,72.66150263138611,71.73173308506553,85.08621052087383,80.40900325671183,0.0,0.0,0.0,0.0,True,False,73.98492652868289
NDA-FI.HE,NDA-FI.HE,2026-08-19,0,0,29,0.0,0.0,27.969486139702195,21.273974994350063,58.36207017362461,86.10366009594304,78.03519050934928,72.66150263138611,71.73173308506553,85.08621052087383,80.40900325671183,0.0,0.0,0.0,0.0,True,False,84.07541813822725
NEX.PA,NEX.PA,2026-08-19,0,0,29,0.0,37.260921149432505,26.592468742937577,21.273974994350063,85.08621052087383,83.15549014391456,78.03519050934928,72.66150263138611,71.73173308506553,85.08621052087383,80.40900325671183,0.0,0.0,0.0,0.0,True,False,73.98492652868289
NN.AS,NN.AS,2026-08-19,0,9,24,7.142857142857143,0.0,5.897942661070293,9.380002538020522,92.0,44.99999999999999,92.0,44.99999999999999,92.0,92.0,44.99999999999999,0.0,0.0,0.0,0.5,True,True,62.90499936549489
NOBA.ST,NOBA.ST,2026-08-19,0,0,29,10.769230769230768,29.86116885103812,21.273974994350063,21.273974994350063,65.04310526043692,84.92439211513165,78.03519050934928,72.66150263138611,71.73173308506553,85.08621052087383,80.40900325671183,0.0,0.0,0.0,0.0,True,False,81.44223886264008
NOKIA.HE,NOKIA.HE,2026-08-19,0,0,29,0.0,0.0,29.86116885103812,21.273974994350063,65.04310526043692,83.15549014391456,78.03519050934928,72.66150263138611,71.73173308506553,85.08621052087383,80.40900325671183,0.0,0.0,0.0,0.0,True,False,81.00001336983581
NOVO-B.CO,NOVO-B.CO,2026-08-19,0,0,29,0.0,37.260921149432505,26.592468742937577,21.273974994350063,85.08621052087383,83.15549014391456,78.03519050934928,72.66150263138611,71.73173308506553,85.08621052087383,80.40900325671183,0.0,0.0,0.0,0.0,True,False,73.98492652868289
NSIS-B.CO,NSIS-B.CO,2026-08-19,0,0,29,10.769230769230768,29.86116885103812,21.273974994350063,21.273974994350063,65.04310526043692,84.92439211513165,78.03519050934928,72.66150263138611,71.73173308506553,85.08621052087383,80.40900325671183,0.0,0.0,0.0,0.0,True,False,81.44223886264008
NTGY.MC,NTGY.MC,2026-08-19,0,0,29,4.615384615384616,22.461416552643733,22.461416552643733,21.273974994350063,85.08621052087383,74.31098028782912,78.03519050934928,72.66150263138611,71.73173308506553,85.08621052087383,80.40900325671183,0.0,0.0,0.0,0.0,True,False,71.77379906466153
OR.PA,OR.PA,2026-08-19,0,0,29,10.769230769230768,29.86116885103812,21.273974994350063,21.273974994350063,65.04310526043692,84.92439211513165,78.03519050934928,72.66150263138611,71.73173308506553,85.08621052087383,80.40900325671183,0.0,0.0,0.0,0.0,True,False,81.44223886264008
ORA.PA,ORA.PA,2026-08-19,0,0,29,10.769230769230768,29.86116885103812,21.273974994350063,21.273974994350063,65.04310526043692,84.92439211513165,78.03519050934928,72.66150263138611,71.73173308506553,85.08621052087383,80.40900325671183,0.0,0.0,0.0,0.0,True,False,81.44223886264008
ORNBV.HE,ORNBV.HE,2026-08-19,0,0,29,0.0,0.0,29.86116885103812,21.273974994350063,65.04310526043692,83.15549014391456,78.03519050934928,72.66150263138611,71.73173308506553,85.08621052087383,80.40900325671183,0.0,0.0,0.0,0.0,True,False,81.00001336983581
OUT1V.HE,OUT1V.HE,2026-08-19,0,9,24,0.0,0.0,14.673974503060798,11.739179602448639,92.0,44.99999999999999,92.0,44.99999999999999,92.0,92.0,44.99999999999999,0.0,0.0,0.0,0.5,True,True,62.31520509938785
PHIA.AS,PHIA.AS,2026-08-19,0,0,25,3.333333333333333,22.461416552643733,22.461416552643733,15.292909497672094,85.08621052087383,74.31098028782912,92.0,72.66150263138611,71.73173308506553,85.08621052087383,80.40900325671183,0.0,0.0,0.0,0.0,True,True,71.17434401523342
PNDORA.CO,PNDORA.CO,2026-08-19,0,0,29,10.769230769230768,29.86116885103812,21.273974994350063,21.273974994350063,65.04310526043692,84.92439211513165,78.03519050934928,72.66150263138611,71.73173308506553,85.08621052087383,80.40900325671183,0.0,0.0,0.0,0.0,True,False,81.44223886264008
PUB.PA,PUB.PA,2026-08-19,0,0,29,1.5384615384615385,22.461416552643733,26.592468742937577,21.273974994350063,55.02155263021845,92.0,78.03519050934928,72.66150263138611,71.73173308506553,85.08621052087383,80.40900325671183,0.0,0.0,0.0,0.0,True,False,86.71868425443364
PUIG.MC,PUIG.MC,2026-08-19,0,0,29,4.615384615384616,22.461416552643733,22.461416552643733,21.273974994350063,85.08621052087383,83.15549014391456,78.03519050934928,72.66150263138611,71.73173308506553,85.08621052087383,80.40900325671183,0.0,0.0,0.0,0.0,True,False,73.98492652868289
RAND.AS,RAND.AS,2026-08-19,0,0,25,3.333333333333333,22.461416552643733,22.461416552643733,15.292909497672094,85.08621052087383,74.31098028782912,92.0,72.66150263138611,71.73173308506553,85.08621052087383,80.40900325671183,0.0,0.0,0.0,0.0,True,True,71.17434401523342
RBREW.CO,RBREW.CO,2026-08-19,0,0,29,1.5384615384615385,22.461416552643733,26.592468742937577,21.273974994350063,55.02155263021845,92.0,78.03519050934928,72.66150263138611,71.73173308506553,85.08621052087383,80.40900325671183,0.0,0.0,0.0,0.0,True,False,86.71868425443364
RCO.PA,RCO.PA,2026-08-19,0,0,29,1.5384615384615385,22.461416552643733,26.592468742937577,21.273974994350063,55.02155263021845,92.0,78.03519050934928,72.66150263138611,71.73173308506553,85.08621052087383,80.40900325671183,0.0,0.0,0.0,0.0,True,False,86.71868425443364
RED.MC,RED.MC,2026-08-19,0,0,29,4.615384615384616,22.461416552643733,22.461416552643733,21.273974994350063,85.08621052087383,74.31098028782912,78.03519050934928,72.66150263138611,71.73173308506553,85.08621052087383,80.40900325671183,0.0,0.0,0.0,0.0,True,False,71.77379906466153
REN.AS,REN.AS,2026-08-19,0,0,25,3.333333333333333,22.461416552643733,22.461416552643733,15.292909497672094,85.08621052087383,74.31098028782912,92.0,72.66150263138611,71.73173308506553,85.08621052087383,80.40900325671183,0.0,0.0,0.0,0.0,True,True,71.17434401523342
REP.MC,REP.MC,2026-08-19,0,0,29,4.615384615384616,22.461416552643733,22.461416552643733,21.273974994350063,85.08621052087383,74.31098028782912,78.03519050934928,72.66150263138611,71.73173308506553,85.08621052087383,80.40900325671183,0.0,0.0,0.0,0.0,True,False,71.77379906466153
RF.PA,RF.PA,2026-08-19,0,0,29,9.230769230769232,22.461416552643733,26.592468742937577,21.273974994350063,55.02155263021845,92.0,78.03519050934928,72.66150263138611,71.73173308506553,85.08621052087383,80.40900325671183,0.0,0.0,0.0,0.0,True,False,86.71868425443364
RI.PA,RI.PA,2026-08-19,0,0,29,9.230769230769232,22.461416552643733,26.592468742937577,21.273974994350063,55.02155263021845,92.0,78.03519050934928,72.66150263138611,71.73173308506553,85.08621052087383,80.40900325671183,0.0,0.0,0.0,0.0,True,False,86.71868425443364
RMS.PA,RMS.PA,2026-08-19,0,0,29,9.230769230769232,22.461416552643733,27.969486139702195,21.273974994350063,58.36207017362461,92.0,78.03519050934928,72.66150263138611,71.73173308506553,85.08621052087383,80.40900325671183,0.0,0.0,0.0,0.0,True,False,85.54950311424149
RNO.PA,RNO.PA,2026-08-19,0,0,29,0.0,0.0,27.969486139702195,21.273974994350063,58.36207017362461,86.10366009594304,78.03519050934928,72.66150263138611,71.73173308506553,85.08621052087383,80.40900325671183,0.0,0.0,0.0,0.0,True,False,84.07541813822725
ROCK-B.CO,ROCK-B.CO,2026-08-19,0,0,29,1.5384615384615385,22.461416552643733,26.592468742937577,21.273974994350063,55.02155263021845,92.0,78.03519050934928,72.66150263138611,71.73173308506553,85.08621052087383,80.40900325671183,0.0,0.0,0.0,0.0,True,False,86.71868425443364
ROVI.MC,ROVI.MC,2026-08-19,0,0,29,18.461538461538463,22.461416552643733,22.461416552643733,20.929034161472742,65.04310526043692,83.15549014391456,78.03519050934928,72.66150263138611,71.73173308506553,85.08621052087383,80.40900325671183,0.0,0.0,0.0,0.0,True,False,81.08624857805513
RUI.PA,RUI.PA,2026-08-19,0,0,29,0.0,0.0,27.969486139702195,21.273974994350063,58.36207017362461,86.10366009594304,78.03519050934928,72.66150263138611,71.73173308506553,85.08621052087383,80.40900325671183,0.0,0.0,0.0,0.0,True,False,84.07541813822725
RXL.PA,RXL.PA,2026-08-19,0,0,29,0.0,0.0,27.969486139702195,21.273974994350063,58.36207017362461,86.10366009594304,78.03519050934928,72.66150263138611,71.73173308506553,85.08621052087383,80.40900325671183,0.0,0.0,0.0,0.0,True,False,84.07541813822725
RYA.IR,RYA.IR,2026-08-19,0,0,29,0.0,37.260921149432505,26.592468742937577,21.273974994350063,85.08621052087383,83.15549014391456,78.03519050934928,72.66150263138611,71.73173308506553,85.08621052087383,80.40900325671183,0.0,0.0,0.0,0.0,True,False,73.98492652868289
SAB.MC,SAB.MC,2026-08-19,0,0,29,18.461538461538463,22.461416552643733,22.461416552643733,20.929034161472742,65.04310526043692,83.15549014391456,78.03519050934928,72.66150263138611,71.73173308506553,85.08621052087383,80.40900325671183,0.0,0.0,0.0,0.0,True,False,81.08624857805513
SAGA-B.ST,SAGA-B.ST,2026-08-19,0,0,29,0.0,0.0,27.969486139702195,21.273974994350063,58.36207017362461,86.10366009594304,78.03519050934928,72.66150263138611,71.73173308506553,85.08621052087383,80.40900325671183,0.0,0.0,0.0,0.0,True,False,84.07541813822725
SAMPO.HE,SAMPO.HE,2026-08-19,0,0,25,0.0,0.0,22.89650623206606,18.25281041702985,65.04310526043692,83.15549014391456,92.0,72.66150263138611,71.73173308506553,85.08621052087383,80.40900325671183,0.0,0.0,0.0,0.0,True,True,79.66058309056827
SAN.MC,SAN.MC,2026-08-19,0,9,24,0.0,11.795885322140586,5.897942661070293,8.228766865652435,92.0,44.99999999999999,92.0,44.99999999999999,92.0,92.0,44.99999999999999,0.0,0.0,0.0,1.0,True,True,63.1928082835869
SAN.PA,SAN.PA,2026-08-19,0,0,29,0.0,0.0,29.86116885103812,21.273974994350063,65.04310526043692,83.15549014391456,78.03519050934928,72.66150263138611,71.73173308506553,85.08621052087383,80.40900325671183,0.0,0.0,0.0,0.0,True,False,81.00001336983581
SAND.ST,SAND.ST,2026-08-19,0,0,29,0.0,0.0,27.969486139702195,21.273974994350063,58.36207017362461,86.10366009594304,78.03519050934928,72.66150263138611,71.73173308506553,85.08621052087383,80.40900325671183,0.0,0.0,0.0,0.0,True,False,84.07541813822725
SAVE.ST,SAVE.ST,2026-08-19,0,0,29,4.615384615384616,22.461416552643733,22.461416552643733,21.273974994350063,85.08621052087383,74.31098028782912,78.03519050934928,72.66150263138611,71.73173308506553,85.08621052087383,80.40900325671183,0.0,0.0,0.0,0.0,True,False,71.77379906466153
SBMO.AS,SBMO.AS,2026-08-19,0,0,29,18.461538461538463,22.461416552643733,22.461416552643733,20.929034161472742,65.04310526043692,83.15549014391456,78.03519050934928,72.66150263138611,71.73173308506553,85.08621052087383,80.40900325671183,0.0,0.0,0.0,0.0,True,False,81.08624857805513
SCA-B.ST,SCA-B.ST,2026-08-19,0,0,29,0.0,0.0,29.86116885103812,21.273974994350063,65.04310526043692,83.15549014391456,78.03519050934928,72.66150263138611,71.73173308506553,85.08621052087383,80.40900325671183,0.0,0.0,0.0,0.0,True,False,81.00001336983581
SCR.PA,SCR.PA,2026-08-19,0,0,29,0.0,0.0,29.86116885103812,21.273974994350063,65.04310526043692,83.15549014391456,78.03519050934928,72.66150263138611,71.73173308506553,85.08621052087383,80.40900325671183,0.0,0.0,0.0,0.0,True,False,81.00001336983581
SCYR.MC,SCYR.MC,2026-08-19,1,0,25,2.2222222222222223,37.260921149432505,29.86116885103812,21.10307003324167,65.04310526043692,92.0,92.0,72.66150263138611,71.73173308506553,85.08621052087383,80.40900325671183,0.0,0.0,0.0,0.0,True,True,81.15914565053666
SEB-A.ST,SEB-A.ST,2026-08-19,0,0,29,0.0,0.0,29.86116885103812,21.273974994350063,65.04310526043692,83.15549014391456,78.03519050934928,72.66150263138611,71.73173308506553,85.08621052087383,80.40900325671183,0.0,0.0,0.0,0.0,True,False,81.00001336983581
SECU-B.ST,SECU-B.ST,2026-08-19,0,0,29,0.0,0.0,29.86116885103812,21.273974994350063,65.04310526043692,83.15549014391456,78.03519050934928,72.66150263138611,71.73173308506553,85.08621052087383,80.40900325671183,0.0,0.0,0.0,0.0,True,False,81.00001336983581
SESG.PA,SESG.PA,2026-08-19,0,9,24,0.0,0.0,14.673974503060798,11.739179602448639,92.0,44.99999999999999,92.0,44.99999999999999,92.0,92.0,44.99999999999999,0.0,0.0,0.0,0.5,True,True,62.31520509938785
SGO.PA,SGO.PA,2026-08-19,0,0,25,0.0,0.0,22.89650623206606,18.25281041702985,65.04310526043692,83.15549014391456,92.0,72.66150263138611,71.73173308506553,85.08621052087383,80.40900325671183,0.0,0.0,0.0,0.0,True,True,79.66058309056827
SHB-A.ST,SHB-A.ST,2026-08-19,0,0,29,0.0,0.0,29.86116885103812,21.273974994350063,65.04310526043692,83.15549014391456,78.03519050934928,72.66150263138611,71.73173308506553,85.08621052087383,80.40900325671183,0.0,0.0,0.0,0.0,True,False,81.00001336983581
SHELL.AS,SHELL.AS,2026-08-19,0,0,29,18.461538461538463,22.461416552643733,22.461416552643733,20.929034161472742,65.04310526043692,83.15549014391456,78.03519050934928,72.66150263138611,71.73173308506553,85.08621052087383,80.40900325671183,0.0,0.0,0.0,0.0,True,False,81.08624857805513
SK.PA,SK.PA,2026-08-19,0,0,25,0.0,0.0,22.461416552643733,18.25281041702985,44.99999999999999,92.0,92.0,72.66150263138611,71.73173308506553,85.08621052087383,80.40900325671183,0.0,0.0,0.0,0.0,True,True,88.88679739574253
SKA-B.ST,SKA-B.ST,2026-08-19,0,0,29,0.0,0.0,22.461416552643733,21.273974994350063,44.99999999999999,92.0,78.03519050934928,72.66150263138611,71.73173308506553,85.08621052087383,80.40900325671183,0.0,0.0,0.0,0.0,True,False,90.2262276750101
SKF-B.ST,SKF-B.ST,2026-08-19,0,0,29,0.0,0.0,22.461416552643733,21.273974994350063,44.99999999999999,92.0,78.03519050934928,72.66150263138611,71.73173308506553,85.08621052087383,80.40900325671183,0.0,0.0,0.0,0.0,True,False,90.2262276750101
SOF.BR,SOF.BR,2026-08-19,0,0,29,9.230769230769232,22.461416552643733,22.461416552643733,20.929034161472742,65.04310526043692,92.0,78.03519050934928,72.66150263138611,71.73173308506553,85.08621052087383,80.40900325671183,0.0,0.0,0.0,0.0,True,False,83.2973760420765
SOLB.BR,SOLB.BR,2026-08-19,0,0,29,9.230769230769232,22.461416552643733,22.461416552643733,20.929034161472742,65.04310526043692,92.0,78.03519050934928,72.66150263138611,71.73173308506553,85.08621052087383,80.40900325671183,0.0,0.0,0.0,0.0,True,False,83.2973760420765
SOP.PA,SOP.PA,2026-08-19,0,0,25,0.0,0.0,22.461416552643733,18.25281041702985,44.99999999999999,92.0,92.0,72.66150263138611,71.73173308506553,85.08621052087383,80.40900325671183,0.0,0.0,0.0,0.0,True,True,88.88679739574253
SPIE.PA,SPIE.PA,2026-08-19,0,0,29,0.0,0.0,22.461416552643733,21.273974994350063,44.99999999999999,92.0,78.03519050934928,72.66150263138611,71.73173308506553,85.08621052087383,80.40900325671183,0.0,0.0,0.0,0.0,True,False,90.2262276750101
SSAB-B.ST,SSAB-B.ST,2026-08-19,0,0,29,0.0,0.0,22.461416552643733,21.273974994350063,44.99999999999999,92.0,78.03519050934928,72.66150263138611,71.73173308506553,85.08621052087383,80.40900325671183,0.0,0.0,0.0,0.0,True,False,90.2262276750101
STERV.HE,STERV.HE,2026-08-19,0,0,25,0.0,0.0,22.461416552643733,18.25281041702985,44.99999999999999,92.0,92.0,72.66150263138611,71.73173308506553,85.08621052087383,80.40900325671183,0.0,0.0,0.0,0.0,True,True,88.88679739574253
SU.PA,SU.PA,2026-08-19,0,0,29,0.0,0.0,22.461416552643733,21.273974994350063,44.99999999999999,92.0,78.03519050934928,72.66150263138611,71.73173308506553,85.08621052087383,80.40900325671183,0.0,0.0,0.0,0.0,True,False,90.2262276750101
SW.PA,SW.PA,2026-08-19,0,0,29,4.615384615384616,22.461416552643733,22.461416552643733,21.273974994350063,85.08621052087383,83.15549014391456,78.03519050934928,72.66150263138611,71.73173308506553,85.08621052087383,80.40900325671183,0.0,0.0,0.0,0.0,True,False,73.98492652868289
SWEC-B.ST,SWEC-B.ST,2026-08-19,0,0,29,0.0,0.0,22.461416552643733,21.273974994350063,44.99999999999999,92.0,78.03519050934928,72.66150263138611,71.73173308506553,85.08621052087383,80.40900325671183,0.0,0.0,0.0,0.0,True,False,90.2262276750101
SWED-A.ST,SWED-A.ST,2026-08-19,0,0,29,4.615384615384616,22.461416552643733,22.461416552643733,21.273974994350063,85.08621052087383,83.15549014391456,78.03519050934928,72.66150263138611,71.73173308506553,85.08621052087383,80.40900325671183,0.0,0.0,0.0,0.0,True,False,73.98492652868289
SYENS.BR,SYENS.BR,2026-08-19,0,0,29,0.0,0.0,22.461416552643733,21.273974994350063,44.99999999999999,92.0,78.03519050934928,72.66150263138611,71.73173308506553,85.08621052087383,80.40900325671183,0.0,0.0,0.0,0.0,True,False,90.2262276750101
TE.PA,TE.PA,2026-08-19,0,0,29,9.230769230769232,22.461416552643733,22.461416552643733,20.929034161472742,65.04310526043692,92.0,78.03519050934928,72.66150263138611,71.73173308506553,85.08621052087383,80.40900325671183,0.0,0.0,0.0,0.0,True,False,83.2973760420765
TEF.MC,TEF.MC,2026-08-19,6,0,25,7.777777777777778,22.73551981050856,22.644152057886952,18.078774545260917,74.02873684029127,70.43699342927637,92.0,72.66150263138611,71.73173308506553,85.08621052087383,80.40900325671183,0.0,0.0,0.0,0.0,True,True,73.37949682690193
TEL2-B.ST,TEL2-B.ST,2026-08-19,0,0,29,4.615384615384616,22.461416552643733,22.461416552643733,21.273974994350063,85.08621052087383,74.31098028782912,78.03519050934928,72.66150263138611,71.73173308506553,85.08621052087383,80.40900325671183,0.0,0.0,0.0,0.0,True,False,71.77379906466153
TELIA.ST,TELIA.ST,2026-08-19,0,0,29,4.615384615384616,22.461416552643733,22.461416552643733,21.273974994350063,85.08621052087383,74.31098028782912,78.03519050934928,72.66150263138611,71.73173308506553,85.08621052087383,80.40900325671183,0.0,0.0,0.0,0.0,True,False,71.77379906466153
TEP.PA,TEP.PA,2026-08-19,0,0,29,4.615384615384616,22.461416552643733,22.461416552643733,21.273974994350063,85.08621052087383,74.31098028782912,78.03519050934928,72.66150263138611,71.73173308506553,85.08621052087383,80.40900325671183,0.0,0.0,0.0,0.0,True,False,71.77379906466153
THULE.ST,THULE.ST,2026-08-19,0,0,29,4.615384615384616,22.461416552643733,22.461416552643733,21.273974994350063,85.08621052087383,74.31098028782912,78.03519050934928,72.66150263138611,71.73173308506553,85.08621052087383,80.40900325671183,0.0,0.0,0.0,0.0,True,False,71.77379906466153
TIETO.HE,TIETO.HE,2026-08-19,0,0,25,0.0,0.0,22.461416552643733,18.25281041702985,44.99999999999999,92.0,92.0,72.66150263138611,71.73173308506553,85.08621052087383,80.40900325671183,0.0,0.0,0.0,0.0,True,True,88.88679739574253
TREL-B.ST,TREL-B.ST,2026-08-19,0,0,29,18.461538461538463,22.461416552643733,22.461416552643733,20.929034161472742,65.04310526043692,83.15549014391456,78.03519050934928,72.66150263138611,71.73173308506553,85.08621052087383,80.40900325671183,0.0,0.0,0.0,0.0,True,False,81.08624857805513
TRMD-A.CO,TRMD-A.CO,2026-08-19,0,0,29,9.230769230769232,22.461416552643733,26.592468742937577,21.273974994350063,55.02155263021845,92.0,78.03519050934928,72.66150263138611,71.73173308506553,85.08621052087383,80.40900325671183,0.0,0.0,0.0,0.0,True,False,86.71868425443364
TRYG.CO,TRYG.CO,2026-08-19,0,0,29,9.230769230769232,22.461416552643733,26.592468742937577,21.273974994350063,55.02155263021845,92.0,78.03519050934928,72.66150263138611,71.73173308506553,85.08621052087383,80.40900325671183,0.0,0.0,0.0,0.0,True,False,86.71868425443364
TTE.PA,TTE.PA,2026-08-19,0,0,29,4.615384615384616,22.461416552643733,22.461416552643733,21.273974994350063,85.08621052087383,74.31098028782912,78.03519050934928,72.66150263138611,71.73173308506553,85.08621052087383,80.40900325671183,0.0,0.0,0.0,0.0,True,False,71.77379906466153
TYRES.HE,TYRES.HE,2026-08-19,0,0,29,0.0,0.0,22.461416552643733,21.273974994350063,44.99999999999999,92.0,78.03519050934928,72.66150263138611,71.73173308506553,85.08621052087383,80.40900325671183,0.0,0.0,0.0,0.0,True,False,90.2262276750101
UMG.AS,UMG.AS,2026-08-19,0,0,29,0.0,0.0,27.969486139702195,21.273974994350063,58.36207017362461,86.10366009594304,78.03519050934928,72.66150263138611,71.73173308506553,85.08621052087383,80.40900325671183,0.0,0.0,0.0,0.0,True,False,84.07541813822725
UMI.BR,UMI.BR,2026-08-19,1,0,29,16.923076923076923,23.323768634837034,23.0363179407726,18.31407407499231,58.36207017362461,92.0,78.03519050934928,72.66150263138611,71.73173308506553,85.08621052087383,80.40900325671183,0.0,0.0,0.0,0.0,True,False,86.28947834408092
UNA.AS,UNA.AS,2026-08-19,0,0,29,0.0,0.0,22.461416552643733,21.273974994350063,44.99999999999999,92.0,78.03519050934928,72.66150263138611,71.73173308506553,85.08621052087383,80.40900325671183,0.0,0.0,0.0,0.0,True,False,90.2262276750101
UNI.MC,UNI.MC,2026-08-19,0,0,29,0.0,0.0,27.969486139702195,21.273974994350063,58.36207017362461,86.10366009594304,78.03519050934928,72.66150263138611,71.73173308506553,85.08621052087383,80.40900325671183,0.0,0.0,0.0,0.0,True,False,84.07541813822725
UPM.HE,UPM.HE,2026-08-19,0,0,29,0.0,0.0,22.461416552643733,21.273974994350063,44.99999999999999,92.0,78.03519050934928,72.66150263138611,71.73173308506553,85.08621052087383,80.40900325671183,0.0,0.0,0.0,0.0,True,False,90.2262276750101
URW.PA,URW.PA,2026-08-19,0,0,29,9.230769230769232,22.461416552643733,26.592468742937577,21.273974994350063,55.02155263021845,92.0,78.03519050934928,72.66150263138611,71.73173308506553,85.08621052087383,80.40900325671183,0.0,0.0,0.0,0.0,True,False,86.71868425443364
VALMT.HE,VALMT.HE,2026-08-19,0,0,29,4.615384615384616,22.461416552643733,22.461416552643733,21.273974994350063,85.08621052087383,83.15549014391456,78.03519050934928,72.66150263138611,71.73173308506553,85.08621052087383,80.40900325671183,0.0,0.0,0.0,0.0,True,False,73.98492652868289
VCT.PA,VCT.PA,2026-08-19,0,0,29,4.615384615384616,22.461416552643733,22.461416552643733,21.273974994350063,85.08621052087383,74.31098028782912,78.03519050934928,72.66150263138611,71.73173308506553,85.08621052087383,80.40900325671183,0.0,0.0,0.0,0.0,True,False,71.77379906466153
VID.MC,VID.MC,2026-08-19,6,0,25,7.777777777777778,22.73551981050856,22.644152057886952,18.078774545260917,74.02873684029127,70.43699342927637,92.0,72.66150263138611,71.73173308506553,85.08621052087383,80.40900325671183,0.0,0.0,0.0,0.0,True,True,73.37949682690193
VIE.PA,VIE.PA,2026-08-19,0,0,29,18.461538461538463,22.461416552643733,22.461416552643733,20.929034161472742,65.04310526043692,83.15549014391456,78.03519050934928,72.66150263138611,71.73173308506553,85.08621052087383,80.40900325671183,0.0,0.0,0.0,0.0,True,False,81.08624857805513
VIS.MC,VIS.MC,2026-08-19,1,0,29,0.0,24.186120717030335,23.0363179407726,18.31407407499231,58.36207017362461,92.0,78.03519050934928,72.66150263138611,71.73173308506553,85.08621052087383,80.40900325671183,0.0,0.0,0.0,0.0,True,False,86.28947834408092
VK.PA,VK.PA,2026-08-19,0,0,29,18.461538461538463,22.461416552643733,22.461416552643733,20.929034161472742,65.04310526043692,83.15549014391456,78.03519050934928,72.66150263138611,71.73173308506553,85.08621052087383,80.40900325671183,0.0,0.0,0.0,0.0,True,False,81.08624857805513
VLK.AS,VLK.AS,2026-08-19,1,0,29,16.923076923076923,23.323768634837034,23.0363179407726,18.31407407499231,58.36207017362461,92.0,78.03519050934928,72.66150263138611,71.73173308506553,85.08621052087383,80.40900325671183,0.0,0.0,0.0,0.0,True,False,86.28947834408092
VOLV-B.ST,VOLV-B.ST,2026-08-19,0,0,29,18.461538461538463,22.461416552643733,22.461416552643733,20.929034161472742,65.04310526043692,83.15549014391456,78.03519050934928,72.66150263138611,71.73173308506553,85.08621052087383,80.40900325671183,0.0,0.0,0.0,0.0,True,False,81.08624857805513
VPK.AS,VPK.AS,2026-08-19,1,0,29,0.0,24.186120717030335,23.0363179407726,18.31407407499231,58.36207017362461,92.0,78.03519050934928,72.66150263138611,71.73173308506553,85.08621052087383,80.40900325671183,0.0,0.0,0.0,0.0,True,False,86.28947834408092
WDP.BR,WDP.BR,2026-08-19,1,0,29,0.0,24.186120717030335,23.0363179407726,18.31407407499231,58.36207017362461,92.0,78.03519050934928,72.66150263138611,71.73173308506553,85.08621052087383,80.40900325671183,0.0,0.0,0.0,0.0,True,False,86.28947834408092
WKL.AS,WKL.AS,2026-08-19,1,0,29,0.0,30.72352093323142,26.592468742937577,21.273974994350063,65.04310526043692,83.15549014391456,78.03519050934928,72.66150263138611,71.73173308506553,85.08621052087383,80.40900325671183,0.0,0.0,0.0,0.0,True,False,81.00001336983581
WRT1V.HE,WRT1V.HE,2026-08-19,0,0,29,4.615384615384616,22.461416552643733,22.461416552643733,21.273974994350063,85.08621052087383,74.31098028782912,78.03519050934928,72.66150263138611,71.73173308506553,85.08621052087383,80.40900325671183,0.0,0.0,0.0,0.0,True,False,71.77379906466153
013A.F,013A.F,2026-08-19,0,0,29,0.0,0.0,22.461416552643733,21.273974994350063,44.99999999999999,92.0,78.03519050934928,72.66150263138611,71.73173308506553,85.08621052087383,80.40900325671183,0.0,0.0,0.0,0.0,True,False,90.2262276750101
014.F,014.F,2026-08-19,0,0,29,0.0,0.0,27.969486139702195,21.273974994350063,58.36207017362461,86.10366009594304,78.03519050934928,72.66150263138611,71.73173308506553,85.08621052087383,80.40900325671183,0.0,0.0,0.0,0.0,True,False,84.07541813822725
8TRA.XETRA,8TRA.XETRA,2026-08-19,0,0,29,4.615384615384616,22.461416552643733,22.461416552643733,21.273974994350063,85.08621052087383,83.15549014391456,78.03519050934928,72.66150263138611,71.73173308506553,85.08621052087383,80.40900325671183,0.0,0.0,0.0,0.0,True,False,73.98492652868289
ABBN.SW,ABBN.SW,2026-08-19,0,0,29,4.615384615384616,22.461416552643733,22.461416552643733,21.273974994350063,85.08621052087383,74.31098028782912,78.03519050934928,72.66150263138611,71.73173308506553,85.08621052087383,80.40900325671183,0.0,0.0,0.0,0.0,True,False,71.77379906466153
ACLN.SW,ACLN.SW,2026-08-19,0,0,29,0.0,37.260921149432505,26.592468742937577,21.273974994350063,85.08621052087383,83.15549014391456,78.03519050934928,72.66150263138611,71.73173308506553,85.08621052087383,80.40900325671183,0.0,0.0,0.0,0.0,True,False,73.98492652868289
ACT.XETRA,ACT.XETRA,2026-08-19,0,0,29,10.769230769230768,29.86116885103812,21.273974994350063,21.273974994350063,65.04310526043692,84.92439211513165,78.03519050934928,72.66150263138611,71.73173308506553,85.08621052087383,80.40900325671183,0.0,0.0,0.0,0.0,True,False,81.44223886264008
ADEN.SW,ADEN.SW,2026-08-19,0,0,29,4.615384615384616,22.461416552643733,22.461416552643733,21.273974994350063,85.08621052087383,74.31098028782912,78.03519050934928,72.66150263138611,71.73173308506553,85.08621052087383,80.40900325671183,0.0,0.0,0.0,0.0,True,False,71.77379906466153
ADS.XETRA,ADS.XETRA,2026-08-19,0,0,29,10.769230769230768,29.86116885103812,21.273974994350063,21.273974994350063,65.04310526043692,84.92439211513165,78.03519050934928,72.66150263138611,71.73173308506553,85.08621052087383,80.40900325671183,0.0,0.0,0.0,0.0,True,False,81.44223886264008
AFX.XETRA,AFX.XETRA,2026-08-19,0,0,29,1.5384615384615385,22.461416552643733,26.592468742937577,21.273974994350063,55.02155263021845,92.0,78.03519050934928,72.66150263138611,71.73173308506553,85.08621052087383,80.40900325671183,0.0,0.0,0.0,0.0,True,False,86.71868425443364
AIR.XETRA,AIR.XETRA,2026-08-19,0,0,29,1.5384615384615385,22.461416552643733,26.592468742937577,21.273974994350063,55.02155263021845,92.0,78.03519050934928,72.66150263138611,71.73173308506553,85.08621052087383,80.40900325671183,0.0,0.0,0.0,0.0,True,False,86.71868425443364
ALLN.SW,ALLN.SW,2026-08-19,0,0,29,18.461538461538463,22.461416552643733,22.461416552643733,20.929034161472742,65.04310526043692,83.15549014391456,78.03519050934928,72.66150263138611,71.73173308506553,85.08621052087383,80.40900325671183,0.0,0.0,0.0,0.0,True,False,81.08624857805513
ALSN.SW,ALSN.SW,2026-08-19,0,0,29,18.461538461538463,22.461416552643733,22.461416552643733,20.929034161472742,65.04310526043692,83.15549014391456,78.03519050934928,72.66150263138611,71.73173308506553,85.08621052087383,80.40900325671183,0.0,0.0,0.0,0.0,True,False,81.08624857805513
ALV.XETRA,ALV.XETRA,2026-08-19,0,0,29,9.230769230769232,22.461416552643733,26.592468742937577,21.273974994350063,55.02155263021845,92.0,78.03519050934928,72.66150263138611,71.73173308506553,85.08621052087383,80.40900325671183,0.0,0.0,0.0,0.0,True,False,86.71868425443364
ANDR.VI,ANDR.VI,2026-08-19,0,0,25,0.0,23.33159591148839,22.81601302128731,18.25281041702985,85.08621052087383,74.31098028782912,92.0,72.66150263138611,71.73173308506553,85.08621052087383,80.40900325671183,0.0,0.0,0.0,0.0,True,True,70.43436878539397
AOF.XETRA,AOF.XETRA,2026-08-19,0,0,29,9.230769230769232,22.461416552643733,26.592468742937577,21.273974994350063,55.02155263021845,92.0,78.03519050934928,72.66150263138611,71.73173308506553,85.08621052087383,80.40900325671183,0.0,0.0,0.0,0.0,True,False,86.71868425443364
AT1.XETRA,AT1.XETRA,2026-08-19,0,0,29,9.230769230769232,22.461416552643733,27.969486139702195,21.273974994350063,58.36207017362461,92.0,78.03519050934928,72.66150263138611,71.73173308506553,85.08621052087383,80.40900325671183,0.0,0.0,0.0,0.0,True,False,85.54950311424149
AVOL.SW,AVOL.SW,2026-08-19,0,0,29,9.230769230769232,22.461416552643733,22.461416552643733,20.929034161472742,65.04310526043692,92.0,78.03519050934928,72.66150263138611,71.73173308506553,85.08621052087383,80.40900325671183,0.0,0.0,0.0,0.0,True,False,83.2973760420765
BAER.SW,BAER.SW,2026-08-19,0,0,29,9.230769230769232,22.461416552643733,22.461416552643733,20.929034161472742,65.04310526043692,92.0,78.03519050934928,72.66150263138611,71.73173308506553,85.08621052087383,80.40900325671183,0.0,0.0,0.0,0.0,True,False,83.2973760420765
BANB.SW,BANB.SW,2026-08-19,1,0,29,16.923076923076923,23.323768634837034,23.0363179407726,18.31407407499231,58.36207017362461,92.0,78.03519050934928,72.66150263138611,71.73173308506553,85.08621052087383,80.40900325671183,0.0,0.0,0.0,0.0,True,False,86.28947834408092
BARN.SW,BARN.SW,2026-08-19,1,0,29,16.923076923076923,23.323768634837034,23.0363179407726,18.31407407499231,58.36207017362461,92.0,78.03519050934928,72.66150263138611,71.73173308506553,85.08621052087383,80.40900325671183,0.0,0.0,0.0,0.0,True,False,86.28947834408092
BAS.XETRA,BAS.XETRA,2026-08-19,0,0,29,0.0,0.0,27.969486139702195,21.273974994350063,58.36207017362461,86.10366009594304,78.03519050934928,72.66150263138611,71.73173308506553,85.08621052087383,80.40900325671183,0.0,0.0,0.0,0.0,True,False,84.07541813822725
BC8.XETRA,BC8.XETRA,2026-08-19,0,0,29,0.0,0.0,27.969486139702195,21.273974994350063,58.36207017362461,86.10366009594304,78.03519050934928,72.66150263138611,71.73173308506553,85.08621052087383,80.40900325671183,0.0,0.0,0.0,0.0,True,False,84.07541813822725
BCHN.SW,BCHN.SW,2026-08-19,1,0,29,0.0,24.186120717030335,23.0363179407726,18.31407407499231,58.36207017362461,92.0,78.03519050934928,72.66150263138611,71.73173308506553,85.08621052087383,80.40900325671183,0.0,0.0,0.0,0.0,True,False,86.28947834408092
BCVN.SW,BCVN.SW,2026-08-19,1,0,29,0.0,24.186120717030335,23.0363179407726,18.31407407499231,58.36207017362461,92.0,78.03519050934928,72.66150263138611,71.73173308506553,85.08621052087383,80.40900325671183,0.0,0.0,0.0,0.0,True,False,86.28947834408092
BEAN.SW,BEAN.SW,2026-08-19,1,0,29,0.0,30.72352093323142,26.592468742937577,21.273974994350063,65.04310526043692,83.15549014391456,78.03519050934928,72.66150263138611,71.73173308506553,85.08621052087383,80.40900325671183,0.0,0.0,0.0,0.0,True,False,81.00001336983581
BEI.XETRA,BEI.XETRA,2026-08-19,0,0,29,0.0,0.0,27.969486139702195,21.273974994350063,58.36207017362461,86.10366009594304,78.03519050934928,72.66150263138611,71.73173308506553,85.08621052087383,80.40900325671183,0.0,0.0,0.0,0.0,True,False,84.07541813822725
BEKN.SW,BEKN.SW,2026-08-19,1,0,29,0.0,30.72352093323142,26.592468742937577,21.273974994350063,65.04310526043692,83.15549014391456,78.03519050934928,72.66150263138611,71.73173308506553,85.08621052087383,80.40900325671183,0.0,0.0,0.0,0.0,True,False,81.00001336983581
BFSA.XETRA,BFSA.XETRA,2026-08-19,0,0,25,3.333333333333333,22.461416552643733,22.461416552643733,15.292909497672094,85.08621052087383,83.15549014391456,92.0,72.66150263138611,71.73173308506553,85.08621052087383,80.40900325671183,0.0,0.0,0.0,0.0,True,True,73.38547147925478
BG.VI,BG.VI,2026-08-19,0,9,24,0.0,0.0,11.795885322140586,11.739179602448639,92.0,44.99999999999999,92.0,44.99999999999999,92.0,92.0,44.99999999999999,0.0,0.0,0.0,0.5,True,True,62.31520509938785
BION.SW,BION.SW,2026-08-19,0,9,24,0.0,17.55206368398101,11.725003172525652,9.380002538020522,92.0,44.99999999999999,92.0,44.99999999999999,92.0,92.0,44.99999999999999,0.0,0.0,0.0,0.0,True,True,62.90499936549489
BKW.SW,BKW.SW,2026-08-19,0,0,25,0.0,23.33159591148839,22.81601302128731,18.25281041702985,85.08621052087383,74.31098028782912,92.0,72.66150263138611,71.73173308506553,85.08621052087383,80.40900325671183,0.0,0.0,0.0,0.0,True,True,70.43436878539397
BMT.XETRA,BMT.XETRA,2026-08-19,0,9,24,0.0,0.0,14.673974503060798,11.739179602448639,92.0,44.99999999999999,92.0,44.99999999999999,92.0,92.0,44.99999999999999,0.0,0.0,0.0,0.5,True,True,62.31520509938785
BMW.XETRA,BMW.XETRA,2026-08-19,0,0,25,0.0,0.0,22.89650623206606,18.25281041702985,65.04310526043692,83.15549014391456,92.0,72.66150263138611,71.73173308506553,85.08621052087383,80.40900325671183,0.0,0.0,0.0,0.0,True,True,79.66058309056827
BNR.XETRA,BNR.XETRA,2026-08-19,0,0,25,0.0,0.0,22.89650623206606,18.25281041702985,65.04310526043692,83.15549014391456,92.0,72.66150263138611,71.73173308506553,85.08621052087383,80.40900325671183,0.0,0.0,0.0,0.0,True,True,79.66058309056827
BOSN.SW,BOSN.SW,2026-08-19,6,0,25,7.777777777777778,22.89650623206606,18.25281041702985,18.25281041702985,70.43448420834953,83.15549014391456,92.0,72.66150263138611,71.73173308506553,85.08621052087383,80.40900325671183,0.0,0.0,0.0,0.0,True,True,77.77360045879884
BPE5.XETRA,BPE5.XETRA,2026-08-19,0,0,25,0.0,0.0,22.89650623206606,18.25281041702985,65.04310526043692,83.15549014391456,92.0,72.66150263138611,71.73173308506553,85.08621052087383,80.40900325671183,0.0,0.0,0.0,0.0,True,True,79.66058309056827
BRKN.SW,BRKN.SW,2026-08-19,6,0,25,7.777777777777778,22.89650623206606,18.25281041702985,18.25281041702985,70.43448420834953,83.15549014391456,92.0,72.66150263138611,71.73173308506553,85.08621052087383,80.40900325671183,0.0,0.0,0.0,0.0,True,True,77.77360045879884
BSP.XETRA,BSP.XETRA,2026-08-19,0,0,29,0.0,0.0,22.461416552643733,21.273974994350063,44.99999999999999,92.0,78.03519050934928,72.66150263138611,71.73173308506553,85.08621052087383,80.40900325671183,0.0,0.0,0.0,0.0,True,False,90.2262276750101
BUCN.SW,BUCN.SW,2026-08-19,0,0,29,1.5384615384615385,22.461416552643733,26.592468742937577,21.273974994350063,55.02155263021845,92.0,78.03519050934928,72.66150263138611,71.73173308506553,85.08621052087383,80.40900325671183,0.0,0.0,0.0,0.0,True,False,86.71868425443364
CBK.XETRA,CBK.XETRA,2026-08-19,0,0,29,0.0,0.0,22.461416552643733,21.273974994350063,44.99999999999999,92.0,78.03519050934928,72.66150263138611,71.73173308506553,85.08621052087383,80.40900325671183,0.0,0.0,0.0,0.0,True,False,90.2262276750101
CFR.SW,CFR.SW,2026-08-19,0,0,29,1.5384615384615385,22.461416552643733,26.592468742937577,21.273974994350063,55.02155263021845,92.0,78.03519050934928,72.66150263138611,71.73173308506553,85.08621052087383,80.40900325671183,0.0,0.0,0.0,0.0,True,False,86.71868425443364
CIS.XETRA,CIS.XETRA,2026-08-19,0,0,29,0.0,0.0,22.461416552643733,21.273974994350063,44.99999999999999,92.0,78.03519050934928,72.66150263138611,71.73173308506553,85.08621052087383,80.40900325671183,0.0,0.0,0.0,0.0,True,False,90.2262276750101
CLN.SW,CLN.SW,2026-08-19,0,0,29,9.230769230769232,22.461416552643733,26.592468742937577,21.273974994350063,55.02155263021845,92.0,78.03519050934928,72.66150263138611,71.73173308506553,85.08621052087383,80.40900325671183,0.0,0.0,0.0,0.0,True,False,86.71868425443364
CMBN.SW,CMBN.SW,2026-08-19,0,0,29,9.230769230769232,22.461416552643733,26.592468742937577,21.273974994350063,55.02155263021845,92.0,78.03519050934928,72.66150263138611,71.73173308506553,85.08621052087383,80.40900325671183,0.0,0.0,0.0,0.0,True,False,86.71868425443364
CON.XETRA,CON.XETRA,2026-08-19,0,0,29,0.0,0.0,22.461416552643733,21.273974994350063,44.99999999999999,92.0,78.03519050934928,72.66150263138611,71.73173308506553,85.08621052087383,80.40900325671183,0.0,0.0,0.0,0.0,True,False,90.2262276750101
COPN.SW,COPN.SW,2026-08-19,0,0,29,9.230769230769232,22.461416552643733,27.969486139702195,21.273974994350063,58.36207017362461,92.0,78.03519050934928,72.66150263138611,71.73173308506553,85.08621052087383,80.40900325671183,0.0,0.0,0.0,0.0,True,False,85.54950311424149
DB1.XETRA,DB1.XETRA,2026-08-19,0,0,29,4.615384615384616,22.461416552643733,22.461416552643733,21.273974994350063,85.08621052087383,83.15549014391456,78.03519050934928,72.66150263138611,71.73173308506553,85.08621052087383,80.40900325671183,0.0,0.0,0.0,0.0,True,False,73.98492652868289
DBK.XETRA,DBK.XETRA,2026-08-19,0,0,29,4.615384615384616,22.461416552643733,22.461416552643733,21.273974994350063,85.08621052087383,74.31098028782912,78.03519050934928,72.66150263138611,71.73173308506553,85.08621052087383,80.40900325671183,0.0,0.0,0.0,0.0,True,False,71.77379906466153
DEZ.XETRA,DEZ.XETRA,2026-08-19,0,0,29,4.615384615384616,22.461416552643733,22.461416552643733,21.273974994350063,85.08621052087383,74.31098028782912,78.03519050934928,72.66150263138611,71.73173308506553,85.08621052087383,80.40900325671183,0.0,0.0,0.0,0.0,True,False,71.77379906466153
DHL.XETRA,DHL.XETRA,2026-08-19,0,0,29,4.615384615384616,22.461416552643733,22.461416552643733,21.273974994350063,85.08621052087383,74.31098028782912,78.03519050934928,72.66150263138611,71.73173308506553,85.08621052087383,80.40900325671183,0.0,0.0,0.0,0.0,True,False,71.77379906466153
DKSH.SW,DKSH.SW,2026-08-19,0,0,29,0.0,0.0,27.969486139702195,21.273974994350063,58.36207017362461,86.10366009594304,78.03519050934928,72.66150263138611,71.73173308506553,85.08621052087383,80.40900325671183,0.0,0.0,0.0,0.0,True,False,84.07541813822725
DOC.VI,DOC.VI,2026-08-19,6,0,25,7.777777777777778,22.89650623206606,18.25281041702985,18.25281041702985,70.43448420834953,83.15549014391456,92.0,72.66150263138611,71.73173308506553,85.08621052087383,80.40900325671183,0.0,0.0,0.0,0.0,True,True,77.77360045879884
DOKA.SW,DOKA.SW,2026-08-19,0,0,29,0.0,0.0,27.969486139702195,21.273974994350063,58.36207017362461,86.10366009594304,78.03519050934928,72.66150263138611,71.73173308506553,85.08621052087383,80.40900325671183,0.0,0.0,0.0,0.0,True,False,84.07541813822725
DRW3.XETRA,DRW3.XETRA,2026-08-19,0,0,29,18.461538461538463,22.461416552643733,22.461416552643733,20.929034161472742,65.04310526043692,83.15549014391456,78.03519050934928,72.66150263138611,71.73173308506553,85.08621052087383,80.40900325671183,0.0,0.0,0.0,0.0,True,False,81.08624857805513
DTE.XETRA,DTE.XETRA,2026-08-19,0,0,29,18.461538461538463,22.461416552643733,22.461416552643733,20.929034161472742,65.04310526043692,83.15549014391456,78.03519050934928,72.66150263138611,71.73173308506553,85.08621052087383,80.40900325671183,0.0,0.0,0.0,0.0,True,False,81.08624857805513
DTG.XETRA,DTG.XETRA,2026-08-19,0,0,25,0.0,0.0,22.461416552643733,18.25281041702985,44.99999999999999,92.0,92.0,72.66150263138611,71.73173308506553,85.08621052087383,80.40900325671183,0.0,0.0,0.0,0.0,True,True,88.88679739574253
DUE.XETRA,DUE.XETRA,2026-08-19,0,0,29,9.230769230769232,22.461416552643733,22.461416552643733,20.929034161472742,65.04310526043692,92.0,78.03519050934928,72.66150263138611,71.73173308506553,85.08621052087383,80.40900325671183,0.0,0.0,0.0,0.0,True,False,83.2973760420765
DWS.XETRA,DWS.XETRA,2026-08-19,1,0,29,16.923076923076923,23.323768634837034,23.0363179407726,18.31407407499231,58.36207017362461,92.0,78.03519050934928,72.66150263138611,71.73173308506553,85.08621052087383,80.40900325671183,0.0,0.0,0.0,0.0,True,False,86.28947834408092
EFGN.SW,EFGN.SW,2026-08-19,0,0,29,0.0,0.0,27.969486139702195,21.273974994350063,58.36207017362461,86.10366009594304,78.03519050934928,72.66150263138611,71.73173308506553,85.08621052087383,80.40900325671183,0.0,0.0,0.0,0.0,True,False,84.07541813822725
ELG.XETRA,ELG.XETRA,2026-08-19,0,0,29,9.230769230769232,22.461416552643733,22.461416552643733,20.929034161472742,65.04310526043692,92.0,78.03519050934928,72.66150263138611,71.73173308506553,85.08621052087383,80.40900325671183,0.0,0.0,0.0,0.0,True,False,83.2973760420765
EMMN.SW,EMMN.SW,2026-08-19,0,0,29,0.0,0.0,29.86116885103812,21.273974994350063,65.04310526043692,83.15549014391456,78.03519050934928,72.66150263138611,71.73173308506553,85.08621052087383,80.40900325671183,0.0,0.0,0.0,0.0,True,False,81.00001336983581
EMSN.SW,EMSN.SW,2026-08-19,0,0,29,0.0,0.0,29.86116885103812,21.273974994350063,65.04310526043692,83.15549014391456,78.03519050934928,72.66150263138611,71.73173308506553,85.08621052087383,80.40900325671183,0.0,0.0,0.0,0.0,True,False,81.00001336983581
EOAN.XETRA,EOAN.XETRA,2026-08-19,1,0,29,16.923076923076923,23.323768634837034,23.0363179407726,18.31407407499231,58.36207017362461,92.0,78.03519050934928,72.66150263138611,71.73173308506553,85.08621052087383,80.40900325671183,0.0,0.0,0.0,0.0,True,False,86.28947834408092
EVD.XETRA,EVD.XETRA,2026-08-19,1,0,29,16.923076923076923,23.323768634837034,23.0363179407726,18.31407407499231,58.36207017362461,92.0,78.03519050934928,72.66150263138611,71.73173308506553,85.08621052087383,80.40900325671183,0.0,0.0,0.0,0.0,True,False,86.28947834408092
EVK.XETRA,EVK.XETRA,2026-08-19,1,0,29,0.0,24.186120717030335,23.0363179407726,18.31407407499231,58.36207017362461,92.0,78.03519050934928,72.66150263138611,71.73173308506553,85.08621052087383,80.40900325671183,0.0,0.0,0.0,0.0,True,False,86.28947834408092
FHZN.SW,FHZN.SW,2026-08-19,0,0,29,0.0,0.0,29.86116885103812,21.273974994350063,65.04310526043692,83.15549014391456,78.03519050934928,72.66150263138611,71.73173308506553,85.08621052087383,80.40900325671183,0.0,0.0,0.0,0.0,True,False,81.00001336983581
FIE.XETRA,FIE.XETRA,2026-08-19,1,0,29,0.0,24.186120717030335,23.0363179407726,18.31407407499231,58.36207017362461,92.0,78.03519050934928,72.66150263138611,71.73173308506553,85.08621052087383,80.40900325671183,0.0,0.0,0.0,0.0,True,False,86.28947834408092
FME.XETRA,FME.XETRA,2026-08-19,4,9,24,5.7142857142857135,17.55206368398101,11.725003172525652,9.380002538020522,92.0,44.99999999999999,92.0,44.99999999999999,92.0,92.0,44.99999999999999,0.0,0.0,0.0,0.0,True,True,62.90499936549489
FNTN.XETRA,FNTN.XETRA,2026-08-19,5,0,25,3.333333333333333,15.770857191536502,22.81601302128731,18.25281041702985,88.54310526043692,71.40549014391456,92.0,72.66150263138611,71.73173308506553,85.08621052087383,80.40900325671183,0.0,0.0,0.0,0.0,True,True,68.49808309056827
FORN.SW,FORN.SW,2026-08-19,0,0,29,0.0,0.0,29.86116885103812,21.273974994350063,65.04310526043692,83.15549014391456,78.03519050934928,72.66150263138611,71.73173308506553,85.08621052087383,80.40900325671183,0.0,0.0,0.0,0.0,True,False,81.00001336983581
FPE3.XETRA,FPE3.XETRA,2026-08-19,0,0,25,0.0,23.33159591148839,22.81601302128731,18.25281041702985,85.08621052087383,74.31098028782912,92.0,72.66150263138611,71.73173308506553,85.08621052087383,80.40900325671183,0.0,0.0,0.0,0.0,True,True,70.43436878539397
FRA.XETRA,FRA.XETRA,2026-08-19,0,0,25,0.0,23.33159591148839,22.81601302128731,18.25281041702985,85.08621052087383,74.31098028782912,92.0,72.66150263138611,71.73173308506553,85.08621052087383,80.40900325671183,0.0,0.0,0.0,0.0,True,True,70.43436878539397
FRE.XETRA,FRE.XETRA,2026-08-19,0,0,29,10.769230769230768,29.86116885103812,21.273974994350063,21.273974994350063,65.04310526043692,84.92439211513165,78.03519050934928,72.66150263138611,71.73173308506553,85.08621052087383,80.40900325671183,0.0,0.0,0.0,0.0,True,False,81.44223886264008
G1A.XETRA,G1A.XETRA,2026-08-19,0,0,29,10.769230769230768,29.86116885103812,21.273974994350063,21.273974994350063,65.04310526043692,84.92439211513165,78.03519050934928,72.66150263138611,71.73173308506553,85.08621052087383,80.40900325671183,0.0,0.0,0.0,0.0,True,False,81.44223886264008
G24.XETRA,G24.XETRA,2026-08-19,0,0,29,1.5384615384615385,22.461416552643733,26.592468742937577,21.273974994350063,55.02155263021845,92.0,78.03519050934928,72.66150263138611,71.73173308506553,85.08621052087383,80.40900325671183,0.0,0.0,0.0,0.0,True,False,86.71868425443364
GALE.SW,GALE.SW,2026-08-19,0,0,29,9.230769230769232,22.461416552643733,26.592468742937577,21.273974994350063,55.02155263021845,92.0,78.03519050934928,72.66150263138611,71.73173308506553,85.08621052087383,80.40900325671183,0.0,0.0,0.0,0.0,True,False,86.71868425443364
GBF.XETRA,GBF.XETRA,2026-08-19,0,0,29,1.5384615384615385,22.461416552643733,26.592468742937577,21.273974994350063,55.02155263021845,92.0,78.03519050934928,72.66150263138611,71.73173308506553,85.08621052087383,80.40900325671183,0.0,0.0,0.0,0.0,True,False,86.71868425443364
GEBN.SW,GEBN.SW,2026-08-19,0,0,29,0.0,0.0,22.461416552643733,21.273974994350063,44.99999999999999,92.0,78.03519050934928,72.66150263138611,71.73173308506553,85.08621052087383,80.40900325671183,0.0,0.0,0.0,0.0,True,False,90.2262276750101
GF.SW,GF.SW,2026-08-19,0,0,29,0.0,0.0,22.461416552643733,21.273974994350063,44.99999999999999,92.0,78.03519050934928,72.66150263138611,71.73173308506553,85.08621052087383,80.40900325671183,0.0,0.0,0.0,0.0,True,False,90.2262276750101
GIVN.SW,GIVN.SW,2026-08-19,0,0,29,0.0,0.0,22.461416552643733,21.273974994350063,44.99999999999999,92.0,78.03519050934928,72.66150263138611,71.73173308506553,85.08621052087383,80.40900325671183,0.0,0.0,0.0,0.0,True,False,90.2262276750101
HBAN.SW,HBAN.SW,2026-08-19,0,0,29,0.0,0.0,22.461416552643733,21.273974994350063,44.99999999999999,92.0,78.03519050934928,72.66150263138611,71.73173308506553,85.08621052087383,80.40900325671183,0.0,0.0,0.0,0.0,True,False,90.2262276750101
HBC1.XETRA,HBC1.XETRA,2026-08-19,0,0,29,9.230769230769232,22.461416552643733,26.592468742937577,21.273974994350063,55.02155263021845,92.0,78.03519050934928,72.66150263138611,71.73173308506553,85.08621052087383,80.40900325671183,0.0,0.0,0.0,0.0,True,False,86.71868425443364
HEI.XETRA,HEI.XETRA,2026-08-19,0,0,29,9.230769230769232,22.461416552643733,26.592468742937577,21.273974994350063,55.02155263021845,92.0,78.03519050934928,72.66150263138611,71.73173308506553,85.08621052087383,80.40900325671183,0.0,0.0,0.0,0.0,True,False,86.71868425443364
HEN3.XETRA,HEN3.XETRA,2026-08-19,0,0,29,9.230769230769232,22.461416552643733,27.969486139702195,21.273974994350063,58.36207017362461,92.0,78.03519050934928,72.66150263138611,71.73173308506553,85.08621052087383,80.40900325671183,0.0,0.0,0.0,0.0,True,False,85.54950311424149
HLAG.XETRA,HLAG.XETRA,2026-08-19,0,0,29,0.0,0.0,27.969486139702195,21.273974994350063,58.36207017362461,86.10366009594304,78.03519050934928,72.66150263138611,71.73173308506553,85.08621052087383,80.40900325671183,0.0,0.0,0.0,0.0,True,False,84.07541813822725
HNR1.XETRA,HNR1.XETRA,2026-08-19,0,0,29,0.0,0.0,27.969486139702195,21.273974994350063,58.36207017362461,86.10366009594304,78.03519050934928,72.66150263138611,71.73173308506553,85.08621052087383,80.40900325671183,0.0,0.0,0.0,0.0,True,False,84.07541813822725
HOLN.SW,HOLN.SW,2026-08-19,0,9,24,7.142857142857143,0.0,5.897942661070293,9.380002538020522,92.0,44.99999999999999,92.0,44.99999999999999,92.0,92.0,44.99999999999999,0.0,0.0,0.0,0.5,True,True,62.90499936549489
HOT.XETRA,HOT.XETRA,2026-08-19,0,0,29,0.0,0.0,27.969486139702195,21.273974994350063,58.36207017362461,86.10366009594304,78.03519050934928,72.66150263138611,71.73173308506553,85.08621052087383,80.40900325671183,0.0,0.0,0.0,0.0,True,False,84.07541813822725
HUBN.SW,HUBN.SW,2026-08-19,0,0,25,3.333333333333333,22.461416552643733,22.461416552643733,15.292909497672094,85.08621052087383,74.31098028782912,92.0,72.66150263138611,71.73173308506553,85.08621052087383,80.40900325671183,0.0,0.0,0.0,0.0,True,True,71.17434401523342
IBM.XETRA,IBM.XETRA,2026-08-19,0,0,29,0.0,0.0,29.86116885103812,21.273974994350063,65.04310526043692,83.15549014391456,78.03519050934928,72.66150263138611,71.73173308506553,85.08621052087383,80.40900325671183,0.0,0.0,0.0,0.0,True,False,81.00001336983581
IFCN.SW,IFCN.SW,2026-08-19,0,0,25,3.333333333333333,22.461416552643733,22.461416552643733,15.292909497672094,85.08621052087383,74.31098028782912,92.0,72.66150263138611,71.73173308506553,85.08621052087383,80.40900325671183,0.0,0.0,0.0,0.0,True,True,71.17434401523342
IMPN.SW,IMPN.SW,2026-08-19,0,0,25,3.333333333333333,22.461416552643733,22.461416552643733,15.292909497672094,85.08621052087383,74.31098028782912,92.0,72.66150263138611,71.73173308506553,85.08621052087383,80.40900325671183,0.0,0.0,0.0,0.0,True,True,71.17434401523342
INRN.SW,INRN.SW,2026-08-19,0,0,29,18.461538461538463,22.461416552643733,22.461416552643733,20.929034161472742,65.04310526043692,83.15549014391456,78.03519050934928,72.66150263138611,71.73173308506553,85.08621052087383,80.40900325671183,0.0,0.0,0.0,0.0,True,False,81.08624857805513
JEN.XETRA,JEN.XETRA,2026-08-19,0,0,29,0.0,0.0,29.86116885103812,21.273974994350063,65.04310526043692,83.15549014391456,78.03519050934928,72.66150263138611,71.73173308506553,85.08621052087383,80.40900325671183,0.0,0.0,0.0,0.0,True,False,81.00001336983581
JFN.SW,JFN.SW,2026-08-19,0,0,29,18.461538461538463,22.461416552643733,22.461416552643733,20.929034161472742,65.04310526043692,83.15549014391456,78.03519050934928,72.66150263138611,71.73173308506553,85.08621052087383,80.40900325671183,0.0,0.0,0.0,0.0,True,False,81.08624857805513
JUN3.XETRA,JUN3.XETRA,2026-08-19,0,0,29,0.0,0.0,29.86116885103812,21.273974994350063,65.04310526043692,83.15549014391456,78.03519050934928,72.66150263138611,71.73173308506553,85.08621052087383,80.40900325671183,0.0,0.0,0.0,0.0,True,False,81.00001336983581
KARN.SW,KARN.SW,2026-08-19,0,0,29,9.230769230769232,22.461416552643733,22.461416552643733,20.929034161472742,65.04310526043692,92.0,78.03519050934928,72.66150263138611,71.73173308506553,85.08621052087383,80.40900325671183,0.0,0.0,0.0,0.0,True,False,83.2973760420765
KBX.XETRA,KBX.XETRA,2026-08-19,6,0,25,1.1111111111111112,22.461416552643733,22.81601302128731,18.25281041702985,66.77155263021845,92.0,92.0,72.66150263138611,71.73173308506553,85.08621052087383,80.40900325671183,0.0,0.0,0.0,0.0,True,True,81.26675397516608
KGX.XETRA,KGX.XETRA,2026-08-19,0,0,29,0.0,0.0,29.86116885103812,21.273974994350063,65.04310526043692,83.15549014391456,78.03519050934928,72.66150263138611,71.73173308506553,85.08621052087383,80.40900325671183,0.0,0.0,0.0,0.0,True,False,81.00001336983581
KNIN.SW,KNIN.SW,2026-08-19,0,0,29,9.230769230769232,22.461416552643733,22.461416552643733,20.929034161472742,65.04310526043692,92.0,78.03519050934928,72.66150263138611,71.73173308506553,85.08621052087383,80.40900325671183,0.0,0.0,0.0,0.0,True,False,83.2973760420765
KRN.XETRA,KRN.XETRA,2026-08-19,0,0,29,0.0,0.0,22.461416552643733,21.273974994350063,44.99999999999999,92.0,78.03519050934928,72.66150263138611,71.73173308506553,85.08621052087383,80.40900325671183,0.0,0.0,0.0,0.0,True,False,90.2262276750101
KTN.XETRA,KTN.XETRA,2026-08-19,0,0,29,0.0,0.0,22.461416552643733,21.273974994350063,44.99999999999999,92.0,78.03519050934928,72.66150263138611,71.73173308506553,85.08621052087383,80.40900325671183,0.0,0.0,0.0,0.0,True,False,90.2262276750101
LAND.SW,LAND.SW,2026-08-19,0,0,29,0.0,0.0,22.461416552643733,21.273974994350063,44.99999999999999,92.0,78.03519050934928,72.66150263138611,71.73173308506553,85.08621052087383,80.40900325671183,0.0,0.0,0.0,0.0,True,False,90.2262276750101
LEG.XETRA,LEG.XETRA,2026-08-19,0,9,24,0.0,0.0,11.795885322140586,11.739179602448639,92.0,44.99999999999999,92.0,44.99999999999999,92.0,92.0,44.99999999999999,0.0,0.0,0.0,0.5,True,True,62.31520509938785
LHA.XETRA,LHA.XETRA,2026-08-19,0,0,25,0.0,0.0,22.461416552643733,18.25281041702985,44.99999999999999,92.0,92.0,72.66150263138611,71.73173308506553,85.08621052087383,80.40900325671183,0.0,0.0,0.0,0.0,True,True,88.88679739574253
LISN.SW,LISN.SW,2026-08-19,1,0,29,16.923076923076923,23.323768634837034,23.0363179407726,18.31407407499231,58.36207017362461,92.0,78.03519050934928,72.66150263138611,71.73173308506553,85.08621052087383,80.40900325671183,0.0,0.0,0.0,0.0,True,False,86.28947834408092
LLBN.SW,LLBN.SW,2026-08-19,1,0,29,16.923076923076923,23.323768634837034,23.0363179407726,18.31407407499231,58.36207017362461,92.0,78.03519050934928,72.66150263138611,71.73173308506553,85.08621052087383,80.40900325671183,0.0,0.0,0.0,0.0,True,False,86.28947834408092
LOGN.SW,LOGN.SW,2026-08-19,1,0,29,0.0,24.186120717030335,23.0363179407726,18.31407407499231,58.36207017362461,92.0,78.03519050934928,72.66150263138611,71.73173308506553,85.08621052087383,80.40900325671183,0.0,0.0,0.0,0.0,True,False,86.28947834408092
LUKN.SW,LUKN.SW,2026-08-19,1,0,29,0.0,24.186120717030335,23.0363179407726,18.31407407499231,58.36207017362461,92.0,78.03519050934928,72.66150263138611,71.73173308506553,85.08621052087383,80.40900325671183,0.0,0.0,0.0,0.0,True,False,86.28947834408092
MBG.XETRA,MBG.XETRA,2026-08-19,0,0,25,3.333333333333333,22.461416552643733,22.461416552643733,15.292909497672094,85.08621052087383,83.15549014391456,92.0,72.66150263138611,71.73173308506553,85.08621052087383,80.40900325671183,0.0,0.0,0.0,0.0,True,True,73.38547147925478
MMK.VI,MMK.VI,2026-08-19,6,0,25,7.777777777777778,22.89650623206606,18.25281041702985,18.25281041702985,70.43448420834953,83.15549014391456,92.0,72.66150263138611,71.73173308506553,85.08621052087383,80.40900325671183,0.0,0.0,0.0,0.0,True,True,77.77360045879884
MOBN.SW,MOBN.SW,2026-08-19,1,0,29,0.0,30.72352093323142,26.592468742937577,21.273974994350063,65.04310526043692,83.15549014391456,78.03519050934928,72.66150263138611,71.73173308506553,85.08621052087383,80.40900325671183,0.0,0.0,0.0,0.0,True,False,81.00001336983581
MOH.XETRA,MOH.XETRA,2026-08-19,0,0,25,3.333333333333333,22.461416552643733,22.461416552643733,15.292909497672094,85.08621052087383,74.31098028782912,92.0,72.66150263138611,71.73173308506553,85.08621052087383,80.40900325671183,0.0,0.0,0.0,0.0,True,True,71.17434401523342
MRK.XETRA,MRK.XETRA,2026-08-19,0,0,29,4.615384615384616,22.461416552643733,22.461416552643733,21.273974994350063,85.08621052087383,74.31098028782912,78.03519050934928,72.66150263138611,71.73173308506553,85.08621052087383,80.40900325671183,0.0,0.0,0.0,0.0,True,False,71.77379906466153
MUV2.XETRA,MUV2.XETRA,2026-08-19,0,0,29,4.615384615384616,22.461416552643733,22.461416552643733,21.273974994350063,85.08621052087383,74.31098028782912,78.03519050934928,72.66150263138611,71.73173308506553,85.08621052087383,80.40900325671183,0.0,0.0,0.0,0.0,True,False,71.77379906466153
NA9.XETRA,NA9.XETRA,2026-08-19,0,0,29,4.615384615384616,22.461416552643733,22.461416552643733,21.273974994350063,85.08621052087383,74.31098028782912,78.03519050934928,72.66150263138611,71.73173308506553,85.08621052087383,80.40900325671183,0.0,0.0,0.0,0.0,True,False,71.77379906466153
NEM.XETRA,NEM.XETRA,2026-08-19,0,0,29,18.461538461538463,22.461416552643733,22.461416552643733,20.929034161472742,65.04310526043692,83.15549014391456,78.03519050934928,72.66150263138611,71.73173308506553,85.08621052087383,80.40900325671183,0.0,0.0,0.0,0.0,True,False,81.08624857805513
NESN.SW,NESN.SW,2026-08-19,1,0,29,0.0,30.72352093323142,26.592468742937577,21.273974994350063,65.04310526043692,83.15549014391456,78.03519050934928,72.66150263138611,71.73173308506553,85.08621052087383,80.40900325671183,0.0,0.0,0.0,0.0,True,False,81.00001336983581
NKE.XETRA,NKE.XETRA,2026-08-19,0,0,29,18.461538461538463,22.461416552643733,22.461416552643733,20.929034161472742,65.04310526043692,83.15549014391456,78.03519050934928,72.66150263138611,71.73173308506553,85.08621052087383,80.40900325671183,0.0,0.0,0.0,0.0,True,False,81.08624857805513
NNGF.XETRA,NNGF.XETRA,2026-08-19,0,0,29,9.230769230769232,22.461416552643733,22.461416552643733,20.929034161472742,65.04310526043692,92.0,78.03519050934928,72.66150263138611,71.73173308506553,85.08621052087383,80.40900325671183,0.0,0.0,0.0,0.0,True,False,83.2973760420765
NOA3.XETRA,NOA3.XETRA,2026-08-19,0,0,29,9.230769230769232,22.461416552643733,22.461416552643733,20.929034161472742,65.04310526043692,92.0,78.03519050934928,72.66150263138611,71.73173308506553,85.08621052087383,80.40900325671183,0.0,0.0,0.0,0.0,True,False,83.2973760420765
NOV.XETRA,NOV.XETRA,2026-08-19,1,0,29,16.923076923076923,23.323768634837034,23.0363179407726,18.31407407499231,58.36207017362461,92.0,78.03519050934928,72.66150263138611,71.73173308506553,85.08621052087383,80.40900325671183,0.0,0.0,0.0,0.0,True,False,86.28947834408092
NOVN.SW,NOVN.SW,2026-08-19,0,0,29,0.0,37.260921149432505,26.592468742937577,21.273974994350063,85.08621052087383,83.15549014391456,78.03519050934928,72.66150263138611,71.73173308506553,85.08621052087383,80.40900325671183,0.0,0.0,0.0,0.0,True,False,73.98492652868289
OBCK.XETRA,OBCK.XETRA,2026-08-19,0,0,25,0.0,0.0,18.001043645238912,18.25281041702985,74.02873684029127,70.43699342927637,92.0,72.66150263138611,71.73173308506553,85.08621052087383,80.40900325671183,0.0,0.0,0.0,0.0,True,True,73.3359878589597
OERL.SW,OERL.SW,2026-08-19,0,0,29,0.0,37.260921149432505,26.592468742937577,21.273974994350063,85.08621052087383,83.15549014391456,78.03519050934928,72.66150263138611,71.73173308506553,85.08621052087383,80.40900325671183,0.0,0.0,0.0,0.0,True,False,73.98492652868289
OMV.VI,OMV.VI,2026-08-19,0,0,29,1.5384615384615385,22.461416552643733,26.592468742937577,21.273974994350063,55.02155263021845,92.0,78.03519050934928,72.66150263138611,71.73173308506553,85.08621052087383,80.40900325671183,0.0,0.0,0.0,0.0,True,False,86.71868425443364
ORC.XETRA,ORC.XETRA,2026-08-19,1,0,29,16.923076923076923,23.323768634837034,23.0363179407726,18.31407407499231,58.36207017362461,92.0,78.03519050934928,72.66150263138611,71.73173308506553,85.08621052087383,80.40900325671183,0.0,0.0,0.0,0.0,True,False,86.28947834408092
P911.XETRA,P911.XETRA,2026-08-19,1,0,29,0.0,30.72352093323142,26.592468742937577,21.273974994350063,65.04310526043692,83.15549014391456,78.03519050934928,72.66150263138611,71.73173308506553,85.08621052087383,80.40900325671183,0.0,0.0,0.0,0.0,True,False,81.00001336983581
PAH3.XETRA,PAH3.XETRA,2026-08-19,1,0,29,0.0,24.186120717030335,23.0363179407726,18.31407407499231,58.36207017362461,92.0,78.03519050934928,72.66150263138611,71.73173308506553,85.08621052087383,80.40900325671183,0.0,0.0,0.0,0.0,True,False,86.28947834408092
PFSE.XETRA,PFSE.XETRA,2026-08-19,1,0,29,16.923076923076923,23.323768634837034,23.0363179407726,18.31407407499231,58.36207017362461,92.0,78.03519050934928,72.66150263138611,71.73173308506553,85.08621052087383,80.40900325671183,0.0,0.0,0.0,0.0,True,False,86.28947834408092
PGHN.SW,PGHN.SW,2026-08-19,0,0,29,10.769230769230768,29.86116885103812,21.273974994350063,21.273974994350063,65.04310526043692,84.92439211513165,78.03519050934928,72.66150263138611,71.73173308506553,85.08621052087383,80.40900325671183,0.0,0.0,0.0,0.0,True,False,81.44223886264008
POS.VI,POS.VI,2026-08-19,0,0,29,1.5384615384615385,22.461416552643733,26.592468742937577,21.273974994350063,55.02155263021845,92.0,78.03519050934928,72.66150263138611,71.73173308506553,85.08621052087383,80.40900325671183,0.0,0.0,0.0,0.0,True,False,86.71868425443364
PSPN.SW,PSPN.SW,2026-08-19,0,0,29,10.769230769230768,29.86116885103812,21.273974994350063,21.273974994350063,65.04310526043692,84.92439211513165,78.03519050934928,72.66150263138611,71.73173308506553,85.08621052087383,80.40900325671183,0.0,0.0,0.0,0.0,True,False,81.44223886264008
PUM.XETRA,PUM.XETRA,2026-08-19,1,0,29,0.0,24.186120717030335,23.0363179407726,18.31407407499231,58.36207017362461,92.0,78.03519050934928,72.66150263138611,71.73173308506553,85.08621052087383,80.40900325671183,0.0,0.0,0.0,0.0,True,False,86.28947834408092
R3NK.XETRA,R3NK.XETRA,2026-08-19,0,0,29,0.0,0.0,22.461416552643733,21.273974994350063,44.99999999999999,92.0,78.03519050934928,72.66150263138611,71.73173308506553,85.08621052087383,80.40900325671183,0.0,0.0,0.0,0.0,True,False,90.2262276750101
R6C0.XETRA,R6C0.XETRA,2026-08-19,1,0,29,0.0,30.72352093323142,26.592468742937577,21.273974994350063,65.04310526043692,83.15549014391456,78.03519050934928,72.66150263138611,71.73173308506553,85.08621052087383,80.40900325671183,0.0,0.0,0.0,0.0,True,False,81.00001336983581
RAA.XETRA,RAA.XETRA,2026-08-19,1,0,29,0.0,30.72352093323142,26.592468742937577,21.273974994350063,65.04310526043692,83.15549014391456,78.03519050934928,72.66150263138611,71.73173308506553,85.08621052087383,80.40900325671183,0.0,0.0,0.0,0.0,True,False,81.00001336983581
RBI.VI,RBI.VI,2026-08-19,0,0,29,9.230769230769232,22.461416552643733,26.592468742937577,21.273974994350063,55.02155263021845,92.0,78.03519050934928,72.66150263138611,71.73173308506553,85.08621052087383,80.40900325671183,0.0,0.0,0.0,0.0,True,False,86.71868425443364
RIO1.XETRA,RIO1.XETRA,2026-08-19,0,0,29,0.0,37.260921149432505,26.592468742937577,21.273974994350063,85.08621052087383,83.15549014391456,78.03519050934928,72.66150263138611,71.73173308506553,85.08621052087383,80.40900325671183,0.0,0.0,0.0,0.0,True,False,73.98492652868289
ROP.SW,ROP.SW,2026-08-19,0,0,29,1.5384615384615385,22.461416552643733,26.592468742937577,21.273974994350063,55.02155263021845,92.0,78.03519050934928,72.66150263138611,71.73173308506553,85.08621052087383,80.40900325671183,0.0,0.0,0.0,0.0,True,False,86.71868425443364
RRTL.XETRA,RRTL.XETRA,2026-08-19,0,0,29,0.0,37.260921149432505,26.592468742937577,21.273974994350063,85.08621052087383,83.15549014391456,78.03519050934928,72.66150263138611,71.73173308506553,85.08621052087383,80.40900325671183,0.0,0.0,0.0,0.0,True,False,73.98492652868289
RWE.XETRA,RWE.XETRA,2026-08-19,0,0,29,10.769230769230768,29.86116885103812,21.273974994350063,21.273974994350063,65.04310526043692,84.92439211513165,78.03519050934928,72.66150263138611,71.73173308506553,85.08621052087383,80.40900325671183,0.0,0.0,0.0,0.0,True,False,81.44223886264008
SAP.XETRA,SAP.XETRA,2026-08-19,0,0,29,10.769230769230768,29.86116885103812,21.273974994350063,21.273974994350063,65.04310526043692,84.92439211513165,78.03519050934928,72.66150263138611,71.73173308506553,85.08621052087383,80.40900325671183,0.0,0.0,0.0,0.0,True,False,81.44223886264008
SAX.XETRA,SAX.XETRA,2026-08-19,0,9,24,0.0,11.795885322140586,14.673974503060798,11.739179602448639,92.0,44.99999999999999,92.0,44.99999999999999,92.0,92.0,44.99999999999999,0.0,0.0,0.0,0.5,True,True,62.31520509938785
SCHP.SW,SCHP.SW,2026-08-19,0,0,29,1.5384615384615385,22.461416552643733,26.592468742937577,21.273974994350063,55.02155263021845,92.0,78.03519050934928,72.66150263138611,71.73173308506553,85.08621052087383,80.40900325671183,0.0,0.0,0.0,0.0,True,False,86.71868425443364
SCMN.SW,SCMN.SW,2026-08-19,0,9,24,0.0,11.795885322140586,14.673974503060798,11.739179602448639,92.0,44.99999999999999,92.0,44.99999999999999,92.0,92.0,44.99999999999999,0.0,0.0,0.0,0.5,True,True,62.31520509938785
SDZ.SW,SDZ.SW,2026-08-19,0,0,29,0.0,0.0,29.86116885103812,21.273974994350063,65.04310526043692,83.15549014391456,78.03519050934928,72.66150263138611,71.73173308506553,85.08621052087383,80.40900325671183,0.0,0.0,0.0,0.0,True,False,81.00001336983581
SFSN.SW,SFSN.SW,2026-08-19,6,0,25,6.666666666666666,22.461416552643733,22.81601302128731,18.25281041702985,66.77155263021845,92.0,92.0,72.66150263138611,71.73173308506553,85.08621052087383,80.40900325671183,0.0,0.0,0.0,0.0,True,True,81.26675397516608
SGKN.SW,SGKN.SW,2026-08-19,6,0,25,6.666666666666666,22.461416552643733,18.001043645238912,18.25281041702985,74.02873684029127,92.0,92.0,72.66150263138611,71.73173308506553,85.08621052087383,80.40900325671183,0.0,0.0,0.0,0.0,True,True,78.72673950164061
SGSN.SW,SGSN.SW,2026-08-19,0,0,25,0.0,0.0,18.001043645238912,18.25281041702985,74.02873684029127,70.43699342927637,92.0,72.66150263138611,71.73173308506553,85.08621052087383,80.40900325671183,0.0,0.0,0.0,0.0,True,True,73.3359878589597
SHA0.XETRA,SHA0.XETRA,2026-08-19,6,0,25,1.1111111111111112,22.461416552643733,22.81601302128731,18.25281041702985,66.77155263021845,92.0,92.0,72.66150263138611,71.73173308506553,85.08621052087383,80.40900325671183,0.0,0.0,0.0,0.0,True,True,81.26675397516608
SHL.XETRA,SHL.XETRA,2026-08-19,1,0,29,0.0,24.186120717030335,23.0363179407726,18.31407407499231,58.36207017362461,92.0,78.03519050934928,72.66150263138611,71.73173308506553,85.08621052087383,80.40900325671183,0.0,0.0,0.0,0.0,True,False,86.28947834408092
SIE.XETRA,SIE.XETRA,2026-08-19,6,0,25,6.666666666666666,22.461416552643733,22.81601302128731,18.25281041702985,66.77155263021845,92.0,92.0,72.66150263138611,71.73173308506553,85.08621052087383,80.40900325671183,0.0,0.0,0.0,0.0,True,True,81.26675397516608
SIGN.SW,SIGN.SW,2026-08-19,6,0,25,6.666666666666666,22.461416552643733,22.81601302128731,18.25281041702985,66.77155263021845,92.0,92.0,72.66150263138611,71.73173308506553,85.08621052087383,80.40900325671183,0.0,0.0,0.0,0.0,True,True,81.26675397516608
SIKA.SW,SIKA.SW,2026-08-19,0,0,29,0.0,0.0,27.969486139702195,21.273974994350063,58.36207017362461,86.10366009594304,78.03519050934928,72.66150263138611,71.73173308506553,85.08621052087383,80.40900325671183,0.0,0.0,0.0,0.0,True,False,84.07541813822725
SIX2.XETRA,SIX2.XETRA,2026-08-19,6,0,25,6.666666666666666,22.461416552643733,22.81601302128731,18.25281041702985,66.77155263021845,92.0,92.0,72.66150263138611,71.73173308506553,85.08621052087383,80.40900325671183,0.0,0.0,0.0,0.0,True,True,81.26675397516608
SLHN.SW,SLHN.SW,2026-08-19,0,0,29,0.0,0.0,27.969486139702195,21.273974994350063,58.36207017362461,86.10366009594304,78.03519050934928,72.66150263138611,71.73173308506553,85.08621052087383,80.40900325671183,0.0,0.0,0.0,0.0,True,False,84.07541813822725
SMG.SW,SMG.SW,2026-08-19,0,0,29,0.0,37.260921149432505,26.592468742937577,21.273974994350063,85.08621052087383,83.15549014391456,78.03519050934928,72.66150263138611,71.73173308506553,85.08621052087383,80.40900325671183,0.0,0.0,0.0,0.0,True,False,73.98492652868289
SOON.SW,SOON.SW,2026-08-19,0,0,29,0.0,0.0,29.86116885103812,21.273974994350063,65.04310526043692,83.15549014391456,78.03519050934928,72.66150263138611,71.73173308506553,85.08621052087383,80.40900325671183,0.0,0.0,0.0,0.0,True,False,81.00001336983581
SPSN.SW,SPSN.SW,2026-08-19,0,0,29,0.0,0.0,29.86116885103812,21.273974994350063,65.04310526043692,83.15549014391456,78.03519050934928,72.66150263138611,71.73173308506553,85.08621052087383,80.40900325671183,0.0,0.0,0.0,0.0,True,False,81.00001336983581
SQN.SW,SQN.SW,2026-08-19,0,0,29,0.0,0.0,29.86116885103812,21.273974994350063,65.04310526043692,83.15549014391456,78.03519050934928,72.66150263138611,71.73173308506553,85.08621052087383,80.40900325671183,0.0,0.0,0.0,0.0,True,False,81.00001336983581
SRAIL.SW,SRAIL.SW,2026-08-19,0,0,29,0.0,0.0,22.461416552643733,21.273974994350063,44.99999999999999,92.0,78.03519050934928,72.66150263138611,71.73173308506553,85.08621052087383,80.40900325671183,0.0,0.0,0.0,0.0,True,False,90.2262276750101
SREN.SW,SREN.SW,2026-08-19,0,0,29,0.0,0.0,29.86116885103812,21.273974994350063,65.04310526043692,83.15549014391456,78.03519050934928,72.66150263138611,71.73173308506553,85.08621052087383,80.40900325671183,0.0,0.0,0.0,0.0,True,False,81.00001336983581
STR.VI,STR.VI,2026-08-19,0,0,29,9.230769230769232,22.461416552643733,26.592468742937577,21.273974994350063,55.02155263021845,92.0,78.03519050934928,72.66150263138611,71.73173308506553,85.08621052087383,80.40900325671183,0.0,0.0,0.0,0.0,True,False,86.71868425443364
SUN.SW,SUN.SW,2026-08-19,0,0,29,0.0,0.0,22.461416552643733,21.273974994350063,44.99999999999999,92.0,78.03519050934928,72.66150263138611,71.73173308506553,85.08621052087383,80.40900325671183,0.0,0.0,0.0,0.0,True,False,90.2262276750101
SUNN.SW,SUNN.SW,2026-08-19,1,0,25,8.88888888888889,29.86116885103812,29.86116885103812,21.10307003324167,65.04310526043692,83.15549014391456,92.0,72.66150263138611,71.73173308506553,85.08621052087383,80.40900325671183,0.0,0.0,0.0,0.0,True,True,78.9480181865153
SWON.SW,SWON.SW,2026-08-19,1,0,29,0.0,30.72352093323142,26.592468742937577,21.273974994350063,65.04310526043692,83.15549014391456,78.03519050934928,72.66150263138611,71.73173308506553,85.08621052087383,80.40900325671183,0.0,0.0,0.0,0.0,True,False,81.00001336983581
SY1.XETRA,SY1.XETRA,2026-08-19,0,0,29,9.230769230769232,22.461416552643733,27.969486139702195,21.273974994350063,58.36207017362461,92.0,78.03519050934928,72.66150263138611,71.73173308506553,85.08621052087383,80.40900325671183,0.0,0.0,0.0,0.0,True,False,85.54950311424149
TECN.SW,TECN.SW,2026-08-19,0,0,29,0.0,0.0,22.461416552643733,21.273974994350063,44.99999999999999,92.0,78.03519050934928,72.66150263138611,71.73173308506553,85.08621052087383,80.40900325671183,0.0,0.0,0.0,0.0,True,False,90.2262276750101
TEG.XETRA,TEG.XETRA,2026-08-19,0,0,29,0.0,0.0,27.969486139702195,21.273974994350063,58.36207017362461,86.10366009594304,78.03519050934928,72.66150263138611,71.73173308506553,85.08621052087383,80.40900325671183,0.0,0.0,0.0,0.0,True,False,84.07541813822725
TEMN.SW,TEMN.SW,2026-08-19,0,0,29,0.0,0.0,22.461416552643733,21.273974994350063,44.99999999999999,92.0,78.03519050934928,72.66150263138611,71.73173308506553,85.08621052087383,80.40900325671183,0.0,0.0,0.0,0.0,True,False,90.2262276750101
TKA.XETRA,TKA.XETRA,2026-08-19,0,0,29,0.0,0.0,27.969486139702195,21.273974994350063,58.36207017362461,86.10366009594304,78.03519050934928,72.66150263138611,71.73173308506553,85.08621052087383,80.40900325671183,0.0,0.0,0.0,0.0,True,False,84.07541813822725
TLX.XETRA,TLX.XETRA,2026-08-19,0,0,29,0.0,0.0,27.969486139702195,21.273974994350063,58.36207017362461,86.10366009594304,78.03519050934928,72.66150263138611,71.73173308506553,85.08621052087383,80.40900325671183,0.0,0.0,0.0,0.0,True,False,84.07541813822725
TUI1.XETRA,TUI1.XETRA,2026-08-19,0,0,29,0.0,0.0,29.86116885103812,21.273974994350063,65.04310526043692,83.15549014391456,78.03519050934928,72.66150263138611,71.73173308506553,85.08621052087383,80.40900325671183,0.0,0.0,0.0,0.0,True,False,81.00001336983581
UBSG.SW,UBSG.SW,2026-08-19,0,0,29,0.0,0.0,22.461416552643733,21.273974994350063,44.99999999999999,92.0,78.03519050934928,72.66150263138611,71.73173308506553,85.08621052087383,80.40900325671183,0.0,0.0,0.0,0.0,True,False,90.2262276750101
UHR.SW,UHR.SW,2026-08-19,0,0,29,4.615384615384616,22.461416552643733,22.461416552643733,21.273974994350063,85.08621052087383,83.15549014391456,78.03519050934928,72.66150263138611,71.73173308506553,85.08621052087383,80.40900325671183,0.0,0.0,0.0,0.0,True,False,73.98492652868289
UQA.VI,UQA.VI,2026-08-19,0,0,29,9.230769230769232,22.461416552643733,27.969486139702195,21.273974994350063,58.36207017362461,92.0,78.03519050934928,72.66150263138611,71.73173308506553,85.08621052087383,80.40900325671183,0.0,0.0,0.0,0.0,True,False,85.54950311424149
UTDI.XETRA,UTDI.XETRA,2026-08-19,0,0,29,0.0,0.0,29.86116885103812,21.273974994350063,65.04310526043692,83.15549014391456,78.03519050934928,72.66150263138611,71.73173308506553,85.08621052087383,80.40900325671183,0.0,0.0,0.0,0.0,True,False,81.00001336983581
VACN.SW,VACN.SW,2026-08-19,0,0,29,4.615384615384616,22.461416552643733,22.461416552643733,21.273974994350063,85.08621052087383,74.31098028782912,78.03519050934928,72.66150263138611,71.73173308506553,85.08621052087383,80.40900325671183,0.0,0.0,0.0,0.0,True,False,71.77379906466153
VATN.SW,VATN.SW,2026-08-19,0,0,29,4.615384615384616,22.461416552643733,22.461416552643733,21.273974994350063,85.08621052087383,74.31098028782912,78.03519050934928,72.66150263138611,71.73173308506553,85.08621052087383,80.40900325671183,0.0,0.0,0.0,0.0,True,False,71.77379906466153
VER.VI,VER.VI,2026-08-19,0,0,29,0.0,0.0,27.969486139702195,21.273974994350063,58.36207017362461,86.10366009594304,78.03519050934928,72.66150263138611,71.73173308506553,85.08621052087383,80.40900325671183,0.0,0.0,0.0,0.0,True,False,84.07541813822725
VH2.XETRA,VH2.XETRA,2026-08-19,0,0,29,0.0,37.260921149432505,26.592468742937577,21.273974994350063,85.08621052087383,83.15549014391456,78.03519050934928,72.66150263138611,71.73173308506553,85.08621052087383,80.40900325671183,0.0,0.0,0.0,0.0,True,False,73.98492652868289
VIG.VI,VIG.VI,2026-08-19,0,0,29,0.0,0.0,27.969486139702195,21.273974994350063,58.36207017362461,86.10366009594304,78.03519050934928,72.66150263138611,71.73173308506553,85.08621052087383,80.40900325671183,0.0,0.0,0.0,0.0,True,False,84.07541813822725
VNA.XETRA,VNA.XETRA,2026-08-19,0,0,29,0.0,0.0,29.86116885103812,21.273974994350063,65.04310526043692,83.15549014391456,78.03519050934928,72.66150263138611,71.73173308506553,85.08621052087383,80.40900325671183,0.0,0.0,0.0,0.0,True,False,81.00001336983581
VODI.XETRA,VODI.XETRA,2026-08-19,0,0,29,0.0,0.0,29.86116885103812,21.273974994350063,65.04310526043692,83.15549014391456,78.03519050934928,72.66150263138611,71.73173308506553,85.08621052087383,80.40900325671183,0.0,0.0,0.0,0.0,True,False,81.00001336983581
VOE.VI,VOE.VI,2026-08-19,0,0,29,0.0,0.0,27.969486139702195,21.273974994350063,58.36207017362461,86.10366009594304,78.03519050934928,72.66150263138611,71.73173308506553,85.08621052087383,80.40900325671183,0.0,0.0,0.0,0.0,True,False,84.07541813822725
VONN.SW,VONN.SW,2026-08-19,0,0,29,4.615384615384616,22.461416552643733,22.461416552643733,21.273974994350063,85.08621052087383,74.31098028782912,78.03519050934928,72.66150263138611,71.73173308506553,85.08621052087383,80.40900325671183,0.0,0.0,0.0,0.0,True,False,71.77379906466153
VOW3.XETRA,VOW3.XETRA,2026-08-19,0,0,29,0.0,0.0,22.461416552643733,21.273974994350063,44.99999999999999,92.0,78.03519050934928,72.66150263138611,71.73173308506553,85.08621052087383,80.40900325671183,0.0,0.0,0.0,0.0,True,False,90.2262276750101
VZN.SW,VZN.SW,2026-08-19,0,0,29,18.461538461538463,22.461416552643733,22.461416552643733,20.929034161472742,65.04310526043692,83.15549014391456,78.03519050934928,72.66150263138611,71.73173308506553,85.08621052087383,80.40900325671183,0.0,0.0,0.0,0.0,True,False,81.08624857805513
WCH.XETRA,WCH.XETRA,2026-08-19,0,0,29,0.0,0.0,22.461416552643733,21.273974994350063,44.99999999999999,92.0,78.03519050934928,72.66150263138611,71.73173308506553,85.08621052087383,80.40900325671183,0.0,0.0,0.0,0.0,True,False,90.2262276750101
WIE.VI,WIE.VI,2026-08-19,0,0,29,0.0,0.0,29.86116885103812,21.273974994350063,65.04310526043692,83.15549014391456,78.03519050934928,72.66150263138611,71.73173308506553,85.08621052087383,80.40900325671183,0.0,0.0,0.0,0.0,True,False,81.00001336983581
YPSN.SW,YPSN.SW,2026-08-19,0,0,29,18.461538461538463,22.461416552643733,22.461416552643733,20.929034161472742,65.04310526043692,83.15549014391456,78.03519050934928,72.66150263138611,71.73173308506553,85.08621052087383,80.40900325671183,0.0,0.0,0.0,0.0,True,False,81.08624857805513
ZURN.SW,ZURN.SW,2026-08-19,0,9,24,0.0,11.795885322140586,5.897942661070293,8.228766865652435,92.0,44.99999999999999,92.0,44.99999999999999,92.0,92.0,44.99999999999999,0.0,0.0,0.0,1.0,True,True,63.1928082835869
3IN.LSE,3IN.LSE,2026-08-19,0,0,29,0.0,0.0,22.461416552643733,21.273974994350063,44.99999999999999,92.0,78.03519050934928,72.66150263138611,71.73173308506553,85.08621052087383,80.40900325671183,0.0,0.0,0.0,0.0,True,False,90.2262276750101
AAF.LSE,AAF.LSE,2026-08-19,0,0,29,4.615384615384616,22.461416552643733,22.461416552643733,21.273974994350063,85.08621052087383,74.31098028782912,78.03519050934928,72.66150263138611,71.73173308506553,85.08621052087383,80.40900325671183,0.0,0.0,0.0,0.0,True,False,71.77379906466153
ABDN.LSE,ABDN.LSE,2026-08-19,0,0,29,4.615384615384616,22.461416552643733,22.461416552643733,21.273974994350063,85.08621052087383,83.15549014391456,78.03519050934928,72.66150263138611,71.73173308506553,85.08621052087383,80.40900325671183,0.0,0.0,0.0,0.0,True,False,73.98492652868289
ABF.LSE,ABF.LSE,2026-08-19,0,0,29,4.615384615384616,22.461416552643733,22.461416552643733,21.273974994350063,85.08621052087383,74.31098028782912,78.03519050934928,72.66150263138611,71.73173308506553,85.08621052087383,80.40900325671183,0.0,0.0,0.0,0.0,True,False,71.77379906466153
ADM.LSE,ADM.LSE,2026-08-19,0,0,29,4.615384615384616,22.461416552643733,22.461416552643733,21.273974994350063,85.08621052087383,74.31098028782912,78.03519050934928,72.66150263138611,71.73173308506553,85.08621052087383,80.40900325671183,0.0,0.0,0.0,0.0,True,False,71.77379906466153
AIBG.LSE,AIBG.LSE,2026-08-19,0,0,29,4.615384615384616,22.461416552643733,22.461416552643733,21.273974994350063,85.08621052087383,74.31098028782912,78.03519050934928,72.66150263138611,71.73173308506553,85.08621052087383,80.40900325671183,0.0,0.0,0.0,0.0,True,False,71.77379906466153
AJB.LSE,AJB.LSE,2026-08-19,0,0,29,0.0,0.0,27.969486139702195,21.273974994350063,58.36207017362461,86.10366009594304,78.03519050934928,72.66150263138611,71.73173308506553,85.08621052087383,80.40900325671183,0.0,0.0,0.0,0.0,True,False,84.07541813822725
ANTO.LSE,ANTO.LSE,2026-08-19,0,9,24,14.285714285714286,5.897942661070293,5.897942661070293,8.228766865652435,92.0,44.99999999999999,92.0,44.99999999999999,92.0,92.0,44.99999999999999,0.0,0.0,0.0,1.0,True,True,63.1928082835869
ASHM.LSE,ASHM.LSE,2026-08-19,1,0,25,8.88888888888889,29.86116885103812,29.86116885103812,21.10307003324167,65.04310526043692,83.15549014391456,92.0,72.66150263138611,71.73173308506553,85.08621052087383,80.40900325671183,0.0,0.0,0.0,0.0,True,True,78.9480181865153
AUTO.LSE,AUTO.LSE,2026-08-19,1,0,25,2.2222222222222223,37.260921149432505,29.86116885103812,21.10307003324167,65.04310526043692,92.0,92.0,72.66150263138611,71.73173308506553,85.08621052087383,80.40900325671183,0.0,0.0,0.0,0.0,True,True,81.15914565053666
AV.LSE,AV.LSE,2026-08-19,1,0,25,2.2222222222222223,37.260921149432505,29.86116885103812,21.10307003324167,65.04310526043692,92.0,92.0,72.66150263138611,71.73173308506553,85.08621052087383,80.40900325671183,0.0,0.0,0.0,0.0,True,True,81.15914565053666
AZN.LSE,AZN.LSE,2026-08-19,1,0,29,16.923076923076923,23.323768634837034,23.0363179407726,18.31407407499231,58.36207017362461,92.0,78.03519050934928,72.66150263138611,71.73173308506553,85.08621052087383,80.40900325671183,0.0,0.0,0.0,0.0,True,False,86.28947834408092
BA.LSE,BA.LSE,2026-08-19,1,0,29,16.923076923076923,23.323768634837034,23.0363179407726,18.31407407499231,58.36207017362461,92.0,78.03519050934928,72.66150263138611,71.73173308506553,85.08621052087383,80.40900325671183,0.0,0.0,0.0,0.0,True,False,86.28947834408092
BARC.LSE,BARC.LSE,2026-08-19,0,0,29,4.615384615384616,22.461416552643733,22.461416552643733,21.273974994350063,85.08621052087383,83.15549014391456,78.03519050934928,72.66150263138611,71.73173308506553,85.08621052087383,80.40900325671183,0.0,0.0,0.0,0.0,True,False,73.98492652868289
BATS.LSE,BATS.LSE,2026-08-19,1,0,29,0.0,24.186120717030335,23.0363179407726,18.31407407499231,58.36207017362461,92.0,78.03519050934928,72.66150263138611,71.73173308506553,85.08621052087383,80.40900325671183,0.0,0.0,0.0,0.0,True,False,86.28947834408092
BBY.LSE,BBY.LSE,2026-08-19,1,0,29,0.0,24.186120717030335,23.0363179407726,18.31407407499231,58.36207017362461,92.0,78.03519050934928,72.66150263138611,71.73173308506553,85.08621052087383,80.40900325671183,0.0,0.0,0.0,0.0,True,False,86.28947834408092
BCG.LSE,BCG.LSE,2026-08-19,0,0,29,9.230769230769232,22.461416552643733,26.592468742937577,21.273974994350063,55.02155263021845,92.0,78.03519050934928,72.66150263138611,71.73173308506553,85.08621052087383,80.40900325671183,0.0,0.0,0.0,0.0,True,False,86.71868425443364
BEZ.LSE,BEZ.LSE,2026-08-19,1,0,29,0.0,30.72352093323142,26.592468742937577,21.273974994350063,65.04310526043692,83.15549014391456,78.03519050934928,72.66150263138611,71.73173308506553,85.08621052087383,80.40900325671183,0.0,0.0,0.0,0.0,True,False,81.00001336983581
BGEO.LSE,BGEO.LSE,2026-08-19,1,0,29,0.0,30.72352093323142,26.592468742937577,21.273974994350063,65.04310526043692,83.15549014391456,78.03519050934928,72.66150263138611,71.73173308506553,85.08621052087383,80.40900325671183,0.0,0.0,0.0,0.0,True,False,81.00001336983581
BHP.LSE,BHP.LSE,2026-08-19,0,0,29,0.0,37.260921149432505,26.592468742937577,21.273974994350063,85.08621052087383,83.15549014391456,78.03519050934928,72.66150263138611,71.73173308506553,85.08621052087383,80.40900325671183,0.0,0.0,0.0,0.0,True,False,73.98492652868289
BKG.LSE,BKG.LSE,2026-08-19,0,0,29,0.0,37.260921149432505,26.592468742937577,21.273974994350063,85.08621052087383,83.15549014391456,78.03519050934928,72.66150263138611,71.73173308506553,85.08621052087383,80.40900325671183,0.0,0.0,0.0,0.0,True,False,73.98492652868289
BLND.LSE,BLND.LSE,2026-08-19,0,0,29,10.769230769230768,29.86116885103812,21.273974994350063,21.273974994350063,65.04310526043692,84.92439211513165,78.03519050934928,72.66150263138611,71.73173308506553,85.08621052087383,80.40900325671183,0.0,0.0,0.0,0.0,True,False,81.44223886264008
BME.LSE,BME.LSE,2026-08-19,0,0,29,4.615384615384616,22.461416552643733,22.461416552643733,21.273974994350063,85.08621052087383,74.31098028782912,78.03519050934928,72.66150263138611,71.73173308506553,85.08621052087383,80.40900325671183,0.0,0.0,0.0,0.0,True,False,71.77379906466153
BNC.LSE,BNC.LSE,2026-08-19,0,0,29,10.769230769230768,29.86116885103812,21.273974994350063,21.273974994350063,65.04310526043692,84.92439211513165,78.03519050934928,72.66150263138611,71.73173308506553,85.08621052087383,80.40900325671183,0.0,0.0,0.0,0.0,True,False,81.44223886264008
BNZL.LSE,BNZL.LSE,2026-08-19,0,0,29,1.5384615384615385,22.461416552643733,26.592468742937577,21.273974994350063,55.02155263021845,92.0,78.03519050934928,72.66150263138611,71.73173308506553,85.08621052087383,80.40900325671183,0.0,0.0,0.0,0.0,True,False,86.71868425443364
BOY.LSE,BOY.LSE,2026-08-19,0,0,29,1.5384615384615385,22.461416552643733,26.592468742937577,21.273974994350063,55.02155263021845,92.0,78.03519050934928,72.66150263138611,71.73173308506553,85.08621052087383,80.40900325671183,0.0,0.0,0.0,0.0,True,False,86.71868425443364
BP.LSE,BP.LSE,2026-08-19,0,0,29,4.615384615384616,22.461416552643733,22.461416552643733,21.273974994350063,85.08621052087383,74.31098028782912,78.03519050934928,72.66150263138611,71.73173308506553,85.08621052087383,80.40900325671183,0.0,0.0,0.0,0.0,True,False,71.77379906466153
BPT.LSE,BPT.LSE,2026-08-19,0,0,29,9.230769230769232,22.461416552643733,26.592468742937577,21.273974994350063,55.02155263021845,92.0,78.03519050934928,72.66150263138611,71.73173308506553,85.08621052087383,80.40900325671183,0.0,0.0,0.0,0.0,True,False,86.71868425443364
BREE.LSE,BREE.LSE,2026-08-19,0,0,29,9.230769230769232,22.461416552643733,26.592468742937577,21.273974994350063,55.02155263021845,92.0,78.03519050934928,72.66150263138611,71.73173308506553,85.08621052087383,80.40900325671183,0.0,0.0,0.0,0.0,True,False,86.71868425443364
BT-A.LSE,BT-A.LSE,2026-08-19,0,0,29,9.230769230769232,22.461416552643733,26.592468742937577,21.273974994350063,55.02155263021845,92.0,78.03519050934928,72.66150263138611,71.73173308506553,85.08621052087383,80.40900325671183,0.0,0.0,0.0,0.0,True,False,86.71868425443364
BTRW.LSE,BTRW.LSE,2026-08-19,0,0,29,9.230769230769232,22.461416552643733,27.969486139702195,21.273974994350063,58.36207017362461,92.0,78.03519050934928,72.66150263138611,71.73173308506553,85.08621052087383,80.40900325671183,0.0,0.0,0.0,0.0,True,False,85.54950311424149
BVA.LSE,BVA.LSE,2026-08-19,0,0,29,0.0,0.0,27.969486139702195,21.273974994350063,58.36207017362461,86.10366009594304,78.03519050934928,72.66150263138611,71.73173308506553,85.08621052087383,80.40900325671183,0.0,0.0,0.0,0.0,True,False,84.07541813822725
BWY.LSE,BWY.LSE,2026-08-19,0,9,24,0.0,0.0,15.633337563367535,11.739179602448639,92.0,44.99999999999999,92.0,44.99999999999999,92.0,92.0,44.99999999999999,0.0,0.0,0.0,0.5,True,True,62.31520509938785
BYG.LSE,BYG.LSE,2026-08-19,0,0,25,0.0,0.0,18.001043645238912,18.25281041702985,74.02873684029127,70.43699342927637,92.0,72.66150263138611,71.73173308506553,85.08621052087383,80.40900325671183,0.0,0.0,0.0,0.0,True,True,73.3359878589597
BYIT.LSE,BYIT.LSE,2026-08-19,0,0,29,18.461538461538463,22.461416552643733,22.461416552643733,20.929034161472742,65.04310526043692,83.15549014391456,78.03519050934928,72.66150263138611,71.73173308506553,85.08621052087383,80.40900325671183,0.0,0.0,0.0,0.0,True,False,81.08624857805513
CCC.LSE,CCC.LSE,2026-08-19,0,0,25,0.0,0.0,22.89650623206606,18.25281041702985,65.04310526043692,83.15549014391456,92.0,72.66150263138611,71.73173308506553,85.08621052087383,80.40900325671183,0.0,0.0,0.0,0.0,True,True,79.66058309056827
CCEP.LSE,CCEP.LSE,2026-08-19,0,0,29,0.0,0.0,22.461416552643733,21.273974994350063,44.99999999999999,92.0,78.03519050934928,72.66150263138611,71.73173308506553,85.08621052087383,80.40900325671183,0.0,0.0,0.0,0.0,True,False,90.2262276750101
CCH.LSE,CCH.LSE,2026-08-19,0,0,25,0.0,0.0,22.89650623206606,18.25281041702985,65.04310526043692,83.15549014391456,92.0,72.66150263138611,71.73173308506553,85.08621052087383,80.40900325671183,0.0,0.0,0.0,0.0,True,True,79.66058309056827
CHG.LSE,CHG.LSE,2026-08-19,0,0,29,0.0,0.0,29.86116885103812,21.273974994350063,65.04310526043692,83.15549014391456,78.03519050934928,72.66150263138611,71.73173308506553,85.08621052087383,80.40900325671183,0.0,0.0,0.0,0.0,True,False,81.00001336983581
CKN.LSE,CKN.LSE,2026-08-19,0,0,29,0.0,0.0,29.86116885103812,21.273974994350063,65.04310526043692,83.15549014391456,78.03519050934928,72.66150263138611,71.73173308506553,85.08621052087383,80.40900325671183,0.0,0.0,0.0,0.0,True,False,81.00001336983581
CMCX.LSE,CMCX.LSE,2026-08-19,0,0,29,0.0,0.0,22.461416552643733,21.273974994350063,44.99999999999999,92.0,78.03519050934928,72.66150263138611,71.73173308506553,85.08621052087383,80.40900325671183,0.0,0.0,0.0,0.0,True,False,90.2262276750101
CNA.LSE,CNA.LSE,2026-08-19,0,0,29,0.0,0.0,22.461416552643733,21.273974994350063,44.99999999999999,92.0,78.03519050934928,72.66150263138611,71.73173308506553,85.08621052087383,80.40900325671183,0.0,0.0,0.0,0.0,True,False,90.2262276750101
COA.LSE,COA.LSE,2026-08-19,0,0,29,0.0,0.0,22.461416552643733,21.273974994350063,44.99999999999999,92.0,78.03519050934928,72.66150263138611,71.73173308506553,85.08621052087383,80.40900325671183,0.0,0.0,0.0,0.0,True,False,90.2262276750101
CORD.LSE,CORD.LSE,2026-08-19,5,0,25,0.0,8.210118471584614,22.644152057886952,18.078774545260917,92.0,70.43699342927637,92.0,72.66150263138611,71.73173308506553,85.08621052087383,80.40900325671183,0.0,0.0,0.0,0.0,True,True,67.08955472100388
CPG.LSE,CPG.LSE,2026-08-19,0,0,29,0.0,0.0,22.461416552643733,21.273974994350063,44.99999999999999,92.0,78.03519050934928,72.66150263138611,71.73173308506553,85.08621052087383,80.40900325671183,0.0,0.0,0.0,0.0,True,False,90.2262276750101
CRDA.LSE,CRDA.LSE,2026-08-19,0,0,29,4.615384615384616,22.461416552643733,22.461416552643733,21.273974994350063,85.08621052087383,74.31098028782912,78.03519050934928,72.66150263138611,71.73173308506553,85.08621052087383,80.40900325671183,0.0,0.0,0.0,0.0,True,False,71.77379906466153
CSN.LSE,CSN.LSE,2026-08-19,0,0,29,4.615384615384616,22.461416552643733,22.461416552643733,21.273974994350063,85.08621052087383,83.15549014391456,78.03519050934928,72.66150263138611,71.73173308506553,85.08621052087383,80.40900325671183,0.0,0.0,0.0,0.0,True,False,73.98492652868289
CTEC.LSE,CTEC.LSE,2026-08-19,0,0,29,0.0,0.0,27.969486139702195,21.273974994350063,58.36207017362461,86.10366009594304,78.03519050934928,72.66150263138611,71.73173308506553,85.08621052087383,80.40900325671183,0.0,0.0,0.0,0.0,True,False,84.07541813822725
CURY.LSE,CURY.LSE,2026-08-19,0,0,29,4.615384615384616,22.461416552643733,22.461416552643733,21.273974994350063,85.08621052087383,74.31098028782912,78.03519050934928,72.66150263138611,71.73173308506553,85.08621052087383,80.40900325671183,0.0,0.0,0.0,0.0,True,False,71.77379906466153
CWK.LSE,CWK.LSE,2026-08-19,0,0,29,4.615384615384616,22.461416552643733,22.461416552643733,21.273974994350063,85.08621052087383,74.31098028782912,78.03519050934928,72.66150263138611,71.73173308506553,85.08621052087383,80.40900325671183,0.0,0.0,0.0,0.0,True,False,71.77379906466153
DCC.LSE,DCC.LSE,2026-08-19,0,0,29,4.615384615384616,22.461416552643733,22.461416552643733,21.273974994350063,85.08621052087383,74.31098028782912,78.03519050934928,72.66150263138611,71.73173308506553,85.08621052087383,80.40900325671183,0.0,0.0,0.0,0.0,True,False,71.77379906466153
DGE.LSE,DGE.LSE,2026-08-19,0,0,29,18.461538461538463,22.461416552643733,22.461416552643733,20.929034161472742,65.04310526043692,83.15549014391456,78.03519050934928,72.66150263138611,71.73173308506553,85.08621052087383,80.40900325671183,0.0,0.0,0.0,0.0,True,False,81.08624857805513
DLN.LSE,DLN.LSE,2026-08-19,0,0,29,18.461538461538463,22.461416552643733,22.461416552643733,20.929034161472742,65.04310526043692,83.15549014391456,78.03519050934928,72.66150263138611,71.73173308506553,85.08621052087383,80.40900325671183,0.0,0.0,0.0,0.0,True,False,81.08624857805513
DNLM.LSE,DNLM.LSE,2026-08-19,0,0,29,18.461538461538463,22.461416552643733,22.461416552643733,20.929034161472742,65.04310526043692,83.15549014391456,78.03519050934928,72.66150263138611,71.73173308506553,85.08621052087383,80.40900325671183,0.0,0.0,0.0,0.0,True,False,81.08624857805513
DOM.LSE,DOM.LSE,2026-08-19,0,0,29,9.230769230769232,22.461416552643733,22.461416552643733,20.929034161472742,65.04310526043692,92.0,78.03519050934928,72.66150263138611,71.73173308506553,85.08621052087383,80.40900325671183,0.0,0.0,0.0,0.0,True,False,83.2973760420765
DRX.LSE,DRX.LSE,2026-08-19,0,0,29,9.230769230769232,22.461416552643733,22.461416552643733,20.929034161472742,65.04310526043692,92.0,78.03519050934928,72.66150263138611,71.73173308506553,85.08621052087383,80.40900325671183,0.0,0.0,0.0,0.0,True,False,83.2973760420765
DSCV.LSE,DSCV.LSE,2026-08-19,1,0,29,16.923076923076923,23.323768634837034,23.0363179407726,18.31407407499231,58.36207017362461,92.0,78.03519050934928,72.66150263138611,71.73173308506553,85.08621052087383,80.40900325671183,0.0,0.0,0.0,0.0,True,False,86.28947834408092
EDV.LSE,EDV.LSE,2026-08-19,0,0,29,4.615384615384616,22.461416552643733,22.461416552643733,21.273974994350063,85.08621052087383,74.31098028782912,78.03519050934928,72.66150263138611,71.73173308506553,85.08621052087383,80.40900325671183,0.0,0.0,0.0,0.0,True,False,71.77379906466153
ELM.LSE,ELM.LSE,2026-08-19,1,0,29,16.923076923076923,23.323768634837034,23.0363179407726,18.31407407499231,58.36207017362461,92.0,78.03519050934928,72.66150263138611,71.73173308506553,85.08621052087383,80.40900325671183,0.0,0.0,0.0,0.0,True,False,86.28947834408092
EMG.LSE,EMG.LSE,2026-08-19,4,9,24,0.0,17.55206368398101,9.782649668707199,8.228766865652437,92.0,44.99999999999999,92.0,44.99999999999999,92.0,92.0,44.99999999999999,0.0,0.0,0.0,0.5,True,True,63.1928082835869
ENOG.LSE,ENOG.LSE,2026-08-19,1,0,29,16.923076923076923,23.323768634837034,23.0363179407726,18.31407407499231,58.36207017362461,92.0,78.03519050934928,72.66150263138611,71.73173308506553,85.08621052087383,80.40900325671183,0.0,0.0,0.0,0.0,True,False,86.28947834408092
ENT.LSE,ENT.LSE,2026-08-19,5,0,25,0.0,8.210118471584614,22.644152057886952,18.078774545260917,92.0,70.43699342927637,92.0,72.66150263138611,71.73173308506553,85.08621052087383,80.40900325671183,0.0,0.0,0.0,0.0,True,True,67.08955472100388
EXPN.LSE,EXPN.LSE,2026-08-19,5,0,25,3.333333333333333,15.770857191536502,22.81601302128731,18.25281041702985,88.54310526043692,71.40549014391456,92.0,72.66150263138611,71.73173308506553,85.08621052087383,80.40900325671183,0.0,0.0,0.0,0.0,True,True,68.49808309056827
EZJ.LSE,EZJ.LSE,2026-08-19,5,0,25,3.333333333333333,15.770857191536502,22.81601302128731,18.25281041702985,88.54310526043692,71.40549014391456,92.0,72.66150263138611,71.73173308506553,85.08621052087383,80.40900325671183,0.0,0.0,0.0,0.0,True,True,68.49808309056827
FAN.LSE,FAN.LSE,2026-08-19,0,0,29,0.0,37.260921149432505,26.592468742937577,21.273974994350063,85.08621052087383,83.15549014391456,78.03519050934928,72.66150263138611,71.73173308506553,85.08621052087383,80.40900325671183,0.0,0.0,0.0,0.0,True,False,73.98492652868289
FEVR.LSE,FEVR.LSE,2026-08-19,0,0,29,0.0,37.260921149432505,26.592468742937577,21.273974994350063,85.08621052087383,83.15549014391456,78.03519050934928,72.66150263138611,71.73173308506553,85.08621052087383,80.40900325671183,0.0,0.0,0.0,0.0,True,False,73.98492652868289
FGP.LSE,FGP.LSE,2026-08-19,0,0,29,10.769230769230768,29.86116885103812,21.273974994350063,21.273974994350063,65.04310526043692,84.92439211513165,78.03519050934928,72.66150263138611,71.73173308506553,85.08621052087383,80.40900325671183,0.0,0.0,0.0,0.0,True,False,81.44223886264008
FOUR.LSE,FOUR.LSE,2026-08-19,0,0,29,10.769230769230768,29.86116885103812,21.273974994350063,21.273974994350063,65.04310526043692,84.92439211513165,78.03519050934928,72.66150263138611,71.73173308506553,85.08621052087383,80.40900325671183,0.0,0.0,0.0,0.0,True,False,81.44223886264008
FRES.LSE,FRES.LSE,2026-08-19,0,0,29,1.5384615384615385,22.461416552643733,26.592468742937577,21.273974994350063,55.02155263021845,92.0,78.03519050934928,72.66150263138611,71.73173308506553,85.08621052087383,80.40900325671183,0.0,0.0,0.0,0.0,True,False,86.71868425443364
GAMA.LSE,GAMA.LSE,2026-08-19,0,0,29,1.5384615384615385,22.461416552643733,26.592468742937577,21.273974994350063,55.02155263021845,92.0,78.03519050934928,72.66150263138611,71.73173308506553,85.08621052087383,80.40900325671183,0.0,0.0,0.0,0.0,True,False,86.71868425443364
GAW.LSE,GAW.LSE,2026-08-19,0,0,29,9.230769230769232,22.461416552643733,26.592468742937577,21.273974994350063,55.02155263021845,92.0,78.03519050934928,72.66150263138611,71.73173308506553,85.08621052087383,80.40900325671183,0.0,0.0,0.0,0.0,True,False,86.71868425443364
GDWN.LSE,GDWN.LSE,2026-08-19,0,0,29,9.230769230769232,22.461416552643733,26.592468742937577,21.273974994350063,55.02155263021845,92.0,78.03519050934928,72.66150263138611,71.73173308506553,85.08621052087383,80.40900325671183,0.0,0.0,0.0,0.0,True,False,86.71868425443364
GEN.LSE,GEN.LSE,2026-08-19,0,0,29,9.230769230769232,22.461416552643733,27.969486139702195,21.273974994350063,58.36207017362461,92.0,78.03519050934928,72.66150263138611,71.73173308506553,85.08621052087383,80.40900325671183,0.0,0.0,0.0,0.0,True,False,85.54950311424149
GFTU.LSE,GFTU.LSE,2026-08-19,0,0,29,18.461538461538463,22.461416552643733,22.461416552643733,20.929034161472742,65.04310526043692,83.15549014391456,78.03519050934928,72.66150263138611,71.73173308506553,85.08621052087383,80.40900325671183,0.0,0.0,0.0,0.0,True,False,81.08624857805513
GLB.LSE,GLB.LSE,2026-08-19,0,0,29,0.0,0.0,27.969486139702195,21.273974994350063,58.36207017362461,86.10366009594304,78.03519050934928,72.66150263138611,71.73173308506553,85.08621052087383,80.40900325671183,0.0,0.0,0.0,0.0,True,False,84.07541813822725
GLEN.LSE,GLEN.LSE,2026-08-19,1,0,29,0.0,30.72352093323142,26.592468742937577,21.273974994350063,65.04310526043692,83.15549014391456,78.03519050934928,72.66150263138611,71.73173308506553,85.08621052087383,80.40900325671183,0.0,0.0,0.0,0.0,True,False,81.00001336983581
GNC.LSE,GNC.LSE,2026-08-19,0,0,29,0.0,0.0,27.969486139702195,21.273974994350063,58.36207017362461,86.10366009594304,78.03519050934928,72.66150263138611,71.73173308506553,85.08621052087383,80.40900325671183,0.0,0.0,0.0,0.0,True,False,84.07541813822725
GNS.LSE,GNS.LSE,2026-08-19,0,0,29,0.0,0.0,27.969486139702195,21.273974994350063,58.36207017362461,86.10366009594304,78.03519050934928,72.66150263138611,71.73173308506553,85.08621052087383,80.40900325671183,0.0,0.0,0.0,0.0,True,False,84.07541813822725
GPE.LSE,GPE.LSE,2026-08-19,0,0,29,0.0,0.0,29.86116885103812,21.273974994350063,65.04310526043692,83.15549014391456,78.03519050934928,72.66150263138611,71.73173308506553,85.08621052087383,80.40900325671183,0.0,0.0,0.0,0.0,True,False,81.00001336983581
GRG.LSE,GRG.LSE,2026-08-19,0,0,29,0.0,0.0,29.86116885103812,21.273974994350063,65.04310526043692,83.15549014391456,78.03519050934928,72.66150263138611,71.73173308506553,85.08621052087383,80.40900325671183,0.0,0.0,0.0,0.0,True,False,81.00001336983581
GRI.LSE,GRI.LSE,2026-08-19,0,0,29,0.0,0.0,29.86116885103812,21.273974994350063,65.04310526043692,83.15549014391456,78.03519050934928,72.66150263138611,71.73173308506553,85.08621052087383,80.40900325671183,0.0,0.0,0.0,0.0,True,False,81.00001336983581
GSK.LSE,GSK.LSE,2026-08-19,0,0,29,0.0,0.0,29.86116885103812,21.273974994350063,65.04310526043692,83.15549014391456,78.03519050934928,72.66150263138611,71.73173308506553,85.08621052087383,80.40900325671183,0.0,0.0,0.0,0.0,True,False,81.00001336983581
HBR.LSE,HBR.LSE,2026-08-19,0,0,29,1.5384615384615385,22.461416552643733,26.592468742937577,21.273974994350063,55.02155263021845,92.0,78.03519050934928,72.66150263138611,71.73173308506553,85.08621052087383,80.40900325671183,0.0,0.0,0.0,0.0,True,False,86.71868425443364
HIK.LSE,HIK.LSE,2026-08-19,0,9,24,0.0,0.0,11.795885322140586,11.739179602448639,92.0,44.99999999999999,92.0,44.99999999999999,92.0,92.0,44.99999999999999,0.0,0.0,0.0,0.5,True,True,62.31520509938785
HILS.LSE,HILS.LSE,2026-08-19,0,0,25,0.0,0.0,22.461416552643733,18.25281041702985,44.99999999999999,92.0,92.0,72.66150263138611,71.73173308506553,85.08621052087383,80.40900325671183,0.0,0.0,0.0,0.0,True,True,88.88679739574253
HLN.LSE,HLN.LSE,2026-08-19,1,0,29,16.923076923076923,23.323768634837034,23.0363179407726,18.31407407499231,58.36207017362461,92.0,78.03519050934928,72.66150263138611,71.73173308506553,85.08621052087383,80.40900325671183,0.0,0.0,0.0,0.0,True,False,86.28947834408092
HMSO.LSE,HMSO.LSE,2026-08-19,0,0,25,0.0,0.0,22.461416552643733,18.25281041702985,44.99999999999999,92.0,92.0,72.66150263138611,71.73173308506553,85.08621052087383,80.40900325671183,0.0,0.0,0.0,0.0,True,True,88.88679739574253
HOC.LSE,HOC.LSE,2026-08-19,0,0,25,0.0,0.0,22.461416552643733,18.25281041702985,44.99999999999999,92.0,92.0,72.66150263138611,71.73173308506553,85.08621052087383,80.40900325671183,0.0,0.0,0.0,0.0,True,True,88.88679739574253
HSBA.LSE,HSBA.LSE,2026-08-19,0,0,29,9.230769230769232,22.461416552643733,22.461416552643733,20.929034161472742,65.04310526043692,92.0,78.03519050934928,72.66150263138611,71.73173308506553,85.08621052087383,80.40900325671183,0.0,0.0,0.0,0.0,True,False,83.2973760420765
HSX.LSE,HSX.LSE,2026-08-19,0,0,29,4.615384615384616,22.461416552643733,22.461416552643733,21.273974994350063,85.08621052087383,83.15549014391456,78.03519050934928,72.66150263138611,71.73173308506553,85.08621052087383,80.40900325671183,0.0,0.0,0.0,0.0,True,False,73.98492652868289
HWDN.LSE,HWDN.LSE,2026-08-19,0,0,29,4.615384615384616,22.461416552643733,22.461416552643733,21.273974994350063,85.08621052087383,74.31098028782912,78.03519050934928,72.66150263138611,71.73173308506553,85.08621052087383,80.40900325671183,0.0,0.0,0.0,0.0,True,False,71.77379906466153
IAG.LSE,IAG.LSE,2026-08-19,0,9,24,0.0,17.55206368398101,11.725003172525652,9.380002538020522,92.0,44.99999999999999,92.0,44.99999999999999,92.0,92.0,44.99999999999999,0.0,0.0,0.0,0.0,True,True,62.90499936549489
ICG.LSE,ICG.LSE,2026-08-19,0,0,29,4.615384615384616,22.461416552643733,22.461416552643733,21.273974994350063,85.08621052087383,74.31098028782912,78.03519050934928,72.66150263138611,71.73173308506553,85.08621052087383,80.40900325671183,0.0,0.0,0.0,0.0,True,False,71.77379906466153
IGG.LSE,IGG.LSE,2026-08-19,0,0,29,4.615384615384616,22.461416552643733,22.461416552643733,21.273974994350063,85.08621052087383,74.31098028782912,78.03519050934928,72.66150263138611,71.73173308506553,85.08621052087383,80.40900325671183,0.0,0.0,0.0,0.0,True,False,71.77379906466153
IHG.LSE,IHG.LSE,2026-08-19,0,0,29,18.461538461538463,22.461416552643733,22.461416552643733,20.929034161472742,65.04310526043692,83.15549014391456,78.03519050934928,72.66150263138611,71.73173308506553,85.08621052087383,80.40900325671183,0.0,0.0,0.0,0.0,True,False,81.08624857805513
IHP.LSE,IHP.LSE,2026-08-19,0,0,29,9.230769230769232,22.461416552643733,22.461416552643733,20.929034161472742,65.04310526043692,92.0,78.03519050934928,72.66150263138611,71.73173308506553,85.08621052087383,80.40900325671183,0.0,0.0,0.0,0.0,True,False,83.2973760420765
III.LSE,III.LSE,2026-08-19,0,0,29,18.461538461538463,22.461416552643733,22.461416552643733,20.929034161472742,65.04310526043692,83.15549014391456,78.03519050934928,72.66150263138611,71.73173308506553,85.08621052087383,80.40900325671183,0.0,0.0,0.0,0.0,True,False,81.08624857805513
IMB.LSE,IMB.LSE,2026-08-19,0,0,29,9.230769230769232,22.461416552643733,22.461416552643733,20.929034161472742,65.04310526043692,92.0,78.03519050934928,72.66150263138611,71.73173308506553,85.08621052087383,80.40900325671183,0.0,0.0,0.0,0.0,True,False,83.2973760420765
IMI.LSE,IMI.LSE,2026-08-19,0,0,29,9.230769230769232,22.461416552643733,22.461416552643733,20.929034161472742,65.04310526043692,92.0,78.03519050934928,72.66150263138611,71.73173308506553,85.08621052087383,80.40900325671183,0.0,0.0,0.0,0.0,True,False,83.2973760420765
INCH.LSE,INCH.LSE,2026-08-19,0,0,29,9.230769230769232,22.461416552643733,22.461416552643733,20.929034161472742,65.04310526043692,92.0,78.03519050934928,72.66150263138611,71.73173308506553,85.08621052087383,80.40900325671183,0.0,0.0,0.0,0.0,True,False,83.2973760420765
INF.LSE,INF.LSE,2026-08-19,1,0,29,16.923076923076923,23.323768634837034,23.0363179407726,18.31407407499231,58.36207017362461,92.0,78.03519050934928,72.66150263138611,71.73173308506553,85.08621052087383,80.40900325671183,0.0,0.0,0.0,0.0,True,False,86.28947834408092
INPP.LSE,INPP.LSE,2026-08-19,1,0,29,16.923076923076923,23.323768634837034,23.0363179407726,18.31407407499231,58.36207017362461,92.0,78.03519050934928,72.66150263138611,71.73173308506553,85.08621052087383,80.40900325671183,0.0,0.0,0.0,0.0,True,False,86.28947834408092
INVP.LSE,INVP.LSE,2026-08-19,1,0,29,0.0,24.186120717030335,23.0363179407726,18.31407407499231,58.36207017362461,92.0,78.03519050934928,72.66150263138611,71.73173308506553,85.08621052087383,80.40900325671183,0.0,0.0,0.0,0.0,True,False,86.28947834408092
IPC.LSE,IPC.LSE,2026-08-19,1,0,29,0.0,24.186120717030335,23.0363179407726,18.31407407499231,58.36207017362461,92.0,78.03519050934928,72.66150263138611,71.73173308506553,85.08621052087383,80.40900325671183,0.0,0.0,0.0,0.0,True,False,86.28947834408092
ITH.LSE,ITH.LSE,2026-08-19,0,9,24,8.571428571428571,14.673974503060798,11.739179602448639,11.739179602448639,92.0,44.99999999999999,92.0,44.99999999999999,92.0,92.0,44.99999999999999,0.0,0.0,0.0,0.5,True,True,62.31520509938785
ITRK.LSE,ITRK.LSE,2026-08-19,1,0,29,0.0,30.72352093323142,26.592468742937577,21.273974994350063,65.04310526043692,83.15549014391456,78.03519050934928,72.66150263138611,71.73173308506553,85.08621052087383,80.40900325671183,0.0,0.0,0.0,0.0,True,False,81.00001336983581
ITV.LSE,ITV.LSE,2026-08-19,1,0,29,0.0,30.72352093323142,26.592468742937577,21.273974994350063,65.04310526043692,83.15549014391456,78.03519050934928,72.66150263138611,71.73173308506553,85.08621052087383,80.40900325671183,0.0,0.0,0.0,0.0,True,False,81.00001336983581
JD.LSE,JD.LSE,2026-08-19,0,0,29,0.0,37.260921149432505,26.592468742937577,21.273974994350063,85.08621052087383,83.15549014391456,78.03519050934928,72.66150263138611,71.73173308506553,85.08621052087383,80.40900325671183,0.0,0.0,0.0,0.0,True,False,73.98492652868289
JDW.LSE,JDW.LSE,2026-08-19,0,0,29,0.0,37.260921149432505,26.592468742937577,21.273974994350063,85.08621052087383,83.15549014391456,78.03519050934928,72.66150263138611,71.73173308506553,85.08621052087383,80.40900325671183,0.0,0.0,0.0,0.0,True,False,73.98492652868289
JET2.LSE,JET2.LSE,2026-08-19,0,9,24,8.571428571428571,14.673974503060798,11.739179602448639,11.739179602448639,92.0,44.99999999999999,92.0,44.99999999999999,92.0,92.0,44.99999999999999,0.0,0.0,0.0,0.5,True,True,62.31520509938785
JFJ.LSE,JFJ.LSE,2026-08-19,6,0,25,7.777777777777778,22.89650623206606,18.25281041702985,18.25281041702985,70.43448420834953,83.15549014391456,92.0,72.66150263138611,71.73173308506553,85.08621052087383,80.40900325671183,0.0,0.0,0.0,0.0,True,True,77.77360045879884
JMAT.LSE,JMAT.LSE,2026-08-19,6,0,25,1.1111111111111112,22.461416552643733,22.81601302128731,18.25281041702985,66.77155263021845,92.0,92.0,72.66150263138611,71.73173308506553,85.08621052087383,80.40900325671183,0.0,0.0,0.0,0.0,True,True,81.26675397516608
JUP.LSE,JUP.LSE,2026-08-19,6,0,25,1.1111111111111112,22.461416552643733,22.81601302128731,18.25281041702985,66.77155263021845,92.0,92.0,72.66150263138611,71.73173308506553,85.08621052087383,80.40900325671183,0.0,0.0,0.0,0.0,True,True,81.26675397516608
KGF.LSE,KGF.LSE,2026-08-19,0,0,29,9.230769230769232,22.461416552643733,26.592468742937577,21.273974994350063,55.02155263021845,92.0,78.03519050934928,72.66150263138611,71.73173308506553,85.08621052087383,80.40900325671183,0.0,0.0,0.0,0.0,True,False,86.71868425443364
KIE.LSE,KIE.LSE,2026-08-19,0,0,29,9.230769230769232,22.461416552643733,26.592468742937577,21.273974994350063,55.02155263021845,92.0,78.03519050934928,72.66150263138611,71.73173308506553,85.08621052087383,80.40900325671183,0.0,0.0,0.0,0.0,True,False,86.71868425443364
KLR.LSE,KLR.LSE,2026-08-19,0,0,29,9.230769230769232,22.461416552643733,27.969486139702195,21.273974994350063,58.36207017362461,92.0,78.03519050934928,72.66150263138611,71.73173308506553,85.08621052087383,80.40900325671183,0.0,0.0,0.0,0.0,True,False,85.54950311424149
KNOS.LSE,KNOS.LSE,2026-08-19,0,0,29,0.0,0.0,27.969486139702195,21.273974994350063,58.36207017362461,86.10366009594304,78.03519050934928,72.66150263138611,71.73173308506553,85.08621052087383,80.40900325671183,0.0,0.0,0.0,0.0,True,False,84.07541813822725
KYGA.LSE,KYGA.LSE,2026-08-19,0,0,29,0.0,0.0,27.969486139702195,21.273974994350063,58.36207017362461,86.10366009594304,78.03519050934928,72.66150263138611,71.73173308506553,85.08621052087383,80.40900325671183,0.0,0.0,0.0,0.0,True,False,84.07541813822725
LAND.LSE,LAND.LSE,2026-08-19,0,0,29,0.0,0.0,27.969486139702195,21.273974994350063,58.36207017362461,86.10366009594304,78.03519050934928,72.66150263138611,71.73173308506553,85.08621052087383,80.40900325671183,0.0,0.0,0.0,0.0,True,False,84.07541813822725
LGEN.LSE,LGEN.LSE,2026-08-19,0,0,29,0.0,0.0,29.86116885103812,21.273974994350063,65.04310526043692,83.15549014391456,78.03519050934928,72.66150263138611,71.73173308506553,85.08621052087383,80.40900325671183,0.0,0.0,0.0,0.0,True,False,81.00001336983581
LLOY.LSE,LLOY.LSE,2026-08-19,0,0,29,0.0,0.0,29.86116885103812,21.273974994350063,65.04310526043692,83.15549014391456,78.03519050934928,72.66150263138611,71.73173308506553,85.08621052087383,80.40900325671183,0.0,0.0,0.0,0.0,True,False,81.00001336983581
LMP.LSE,LMP.LSE,2026-08-19,0,0,29,0.0,0.0,29.86116885103812,21.273974994350063,65.04310526043692,83.15549014391456,78.03519050934928,72.66150263138611,71.73173308506553,85.08621052087383,80.40900325671183,0.0,0.0,0.0,0.0,True,False,81.00001336983581
LRE.LSE,LRE.LSE,2026-08-19,0,0,29,0.0,0.0,29.86116885103812,21.273974994350063,65.04310526043692,83.15549014391456,78.03519050934928,72.66150263138611,71.73173308506553,85.08621052087383,80.40900325671183,0.0,0.0,0.0,0.0,True,False,81.00001336983581
LSEG.LSE,LSEG.LSE,2026-08-19,0,0,29,0.0,0.0,22.461416552643733,21.273974994350063,44.99999999999999,92.0,78.03519050934928,72.66150263138611,71.73173308506553,85.08621052087383,80.40900325671183,0.0,0.0,0.0,0.0,True,False,90.2262276750101
MGNS.LSE,MGNS.LSE,2026-08-19,0,0,29,0.0,0.0,22.461416552643733,21.273974994350063,44.99999999999999,92.0,78.03519050934928,72.66150263138611,71.73173308506553,85.08621052087383,80.40900325671183,0.0,0.0,0.0,0.0,True,False,90.2262276750101
MKS.LSE,MKS.LSE,2026-08-19,0,0,29,0.0,0.0,22.461416552643733,21.273974994350063,44.99999999999999,92.0,78.03519050934928,72.66150263138611,71.73173308506553,85.08621052087383,80.40900325671183,0.0,0.0,0.0,0.0,True,False,90.2262276750101
MNDI.LSE,MNDI.LSE,2026-08-19,0,0,29,0.0,0.0,22.461416552643733,21.273974994350063,44.99999999999999,92.0,78.03519050934928,72.66150263138611,71.73173308506553,85.08621052087383,80.40900325671183,0.0,0.0,0.0,0.0,True,False,90.2262276750101
MNG.LSE,MNG.LSE,2026-08-19,1,0,29,0.0,24.186120717030335,23.0363179407726,18.31407407499231,58.36207017362461,92.0,78.03519050934928,72.66150263138611,71.73173308506553,85.08621052087383,80.40900325671183,0.0,0.0,0.0,0.0,True,False,86.28947834408092
MONY.LSE,MONY.LSE,2026-08-19,0,0,29,4.615384615384616,22.461416552643733,22.461416552643733,21.273974994350063,85.08621052087383,83.15549014391456,78.03519050934928,72.66150263138611,71.73173308506553,85.08621052087383,80.40900325671183,0.0,0.0,0.0,0.0,True,False,73.98492652868289
MOON.LSE,MOON.LSE,2026-08-19,1,0,29,16.923076923076923,23.323768634837034,23.0363179407726,18.31407407499231,58.36207017362461,92.0,78.03519050934928,72.66150263138611,71.73173308506553,85.08621052087383,80.40900325671183,0.0,0.0,0.0,0.0,True,False,86.28947834408092
MPE.LSE,MPE.LSE,2026-08-19,0,0,29,4.615384615384616,22.461416552643733,22.461416552643733,21.273974994350063,85.08621052087383,74.31098028782912,78.03519050934928,72.66150263138611,71.73173308506553,85.08621052087383,80.40900325671183,0.0,0.0,0.0,0.0,True,False,71.77379906466153
MRO.LSE,MRO.LSE,2026-08-19,0,9,24,7.142857142857143,0.0,0.0,9.380002538020522,92.0,44.99999999999999,92.0,44.99999999999999,92.0,92.0,44.99999999999999,0.0,0.0,0.0,0.5,True,True,62.90499936549489
MTLN.LSE,MTLN.LSE,2026-08-19,1,0,29,0.0,30.72352093323142,26.592468742937577,21.273974994350063,65.04310526043692,83.15549014391456,78.03519050934928,72.66150263138611,71.73173308506553,85.08621052087383,80.40900325671183,0.0,0.0,0.0,0.0,True,False,81.00001336983581
MTO.LSE,MTO.LSE,2026-08-19,0,0,25,3.333333333333333,22.461416552643733,22.461416552643733,15.292909497672094,85.08621052087383,74.31098028782912,92.0,72.66150263138611,71.73173308506553,85.08621052087383,80.40900325671183,0.0,0.0,0.0,0.0,True,True,71.17434401523342
N91.LSE,N91.LSE,2026-08-19,0,0,29,9.230769230769232,22.461416552643733,26.592468742937577,21.273974994350063,55.02155263021845,92.0,78.03519050934928,72.66150263138611,71.73173308506553,85.08621052087383,80.40900325671183,0.0,0.0,0.0,0.0,True,False,86.71868425443364
NG.LSE,NG.LSE,2026-08-19,1,0,25,8.88888888888889,29.86116885103812,29.86116885103812,21.10307003324167,65.04310526043692,83.15549014391456,92.0,72.66150263138611,71.73173308506553,85.08621052087383,80.40900325671183,0.0,0.0,0.0,0.0,True,True,78.9480181865153
NWG.LSE,NWG.LSE,2026-08-19,1,0,25,8.88888888888889,29.86116885103812,29.86116885103812,21.10307003324167,65.04310526043692,83.15549014391456,92.0,72.66150263138611,71.73173308506553,85.08621052087383,80.40900325671183,0.0,0.0,0.0,0.0,True,True,78.9480181865153
NXT.LSE,NXT.LSE,2026-08-19,0,0,29,9.230769230769232,22.461416552643733,22.461416552643733,20.929034161472742,65.04310526043692,92.0,78.03519050934928,72.66150263138611,71.73173308506553,85.08621052087383,80.40900325671183,0.0,0.0,0.0,0.0,True,False,83.2973760420765
OSB.LSE,OSB.LSE,2026-08-19,0,0,29,9.230769230769232,22.461416552643733,22.461416552643733,20.929034161472742,65.04310526043692,92.0,78.03519050934928,72.66150263138611,71.73173308506553,85.08621052087383,80.40900325671183,0.0,0.0,0.0,0.0,True,False,83.2973760420765
PAF.LSE,PAF.LSE,2026-08-19,1,0,29,16.923076923076923,23.323768634837034,23.0363179407726,18.31407407499231,58.36207017362461,92.0,78.03519050934928,72.66150263138611,71.73173308506553,85.08621052087383,80.40900325671183,0.0,0.0,0.0,0.0,True,False,86.28947834408092
PAG.LSE,PAG.LSE,2026-08-19,1,0,29,16.923076923076923,23.323768634837034,23.0363179407726,18.31407407499231,58.36207017362461,92.0,78.03519050934928,72.66150263138611,71.73173308506553,85.08621052087383,80.40900325671183,0.0,0.0,0.0,0.0,True,False,86.28947834408092
PETS.LSE,PETS.LSE,2026-08-19,1,0,29,0.0,24.186120717030335,23.0363179407726,18.31407407499231,58.36207017362461,92.0,78.03519050934928,72.66150263138611,71.73173308506553,85.08621052087383,80.40900325671183,0.0,0.0,0.0,0.0,True,False,86.28947834408092
PFD.LSE,PFD.LSE,2026-08-19,1,0,29,0.0,24.186120717030335,23.0363179407726,18.31407407499231,58.36207017362461,92.0,78.03519050934928,72.66150263138611,71.73173308506553,85.08621052087383,80.40900325671183,0.0,0.0,0.0,0.0,True,False,86.28947834408092
PHP.LSE,PHP.LSE,2026-08-19,1,0,29,0.0,30.72352093323142,26.592468742937577,21.273974994350063,65.04310526043692,83.15549014391456,78.03519050934928,72.66150263138611,71.73173308506553,85.08621052087383,80.40900325671183,0.0,0.0,0.0,0.0,True,False,81.00001336983581
PLUS.LSE,PLUS.LSE,2026-08-19,1,0,29,0.0,30.72352093323142,26.592468742937577,21.273974994350063,65.04310526043692,83.15549014391456,78.03519050934928,72.66150263138611,71.73173308506553,85.08621052087383,80.40900325671183,0.0,0.0,0.0,0.0,True,False,81.00001336983581
PNN.LSE,PNN.LSE,2026-08-19,0,0,29,0.0,37.260921149432505,26.592468742937577,21.273974994350063,85.08621052087383,83.15549014391456,78.03519050934928,72.66150263138611,71.73173308506553,85.08621052087383,80.40900325671183,0.0,0.0,0.0,0.0,True,False,73.98492652868289
POLR.LSE,POLR.LSE,2026-08-19,0,0,29,0.0,37.260921149432505,26.592468742937577,21.273974994350063,85.08621052087383,83.15549014391456,78.03519050934928,72.66150263138611,71.73173308506553,85.08621052087383,80.40900325671183,0.0,0.0,0.0,0.0,True,False,73.98492652868289
PRU.LSE,PRU.LSE,2026-08-19,0,0,29,10.769230769230768,29.86116885103812,21.273974994350063,21.273974994350063,65.04310526043692,84.92439211513165,78.03519050934928,72.66150263138611,71.73173308506553,85.08621052087383,80.40900325671183,0.0,0.0,0.0,0.0,True,False,81.44223886264008
PSH.LSE,PSH.LSE,2026-08-19,0,0,25,0.0,23.33159591148839,22.81601302128731,18.25281041702985,85.08621052087383,74.31098028782912,92.0,72.66150263138611,71.73173308506553,85.08621052087383,80.40900325671183,0.0,0.0,0.0,0.0,True,True,70.43436878539397
PSN.LSE,PSN.LSE,2026-08-19,0,0,29,10.769230769230768,29.86116885103812,21.273974994350063,21.273974994350063,65.04310526043692,84.92439211513165,78.03519050934928,72.66150263138611,71.73173308506553,85.08621052087383,80.40900325671183,0.0,0.0,0.0,0.0,True,False,81.44223886264008
PSON.LSE,PSON.LSE,2026-08-19,0,0,29,1.5384615384615385,22.461416552643733,26.592468742937577,21.273974994350063,55.02155263021845,92.0,78.03519050934928,72.66150263138611,71.73173308506553,85.08621052087383,80.40900325671183,0.0,0.0,0.0,0.0,True,False,86.71868425443364
QLT.LSE,QLT.LSE,2026-08-19,0,0,29,0.0,37.260921149432505,26.592468742937577,21.273974994350063,85.08621052087383,83.15549014391456,78.03519050934928,72.66150263138611,71.73173308506553,85.08621052087383,80.40900325671183,0.0,0.0,0.0,0.0,True,False,73.98492652868289
QQ.LSE,QQ.LSE,2026-08-19,0,0,29,1.5384615384615385,22.461416552643733,26.592468742937577,21.273974994350063,55.02155263021845,92.0,78.03519050934928,72.66150263138611,71.73173308506553,85.08621052087383,80.40900325671183,0.0,0.0,0.0,0.0,True,False,86.71868425443364
RAT.LSE,RAT.LSE,2026-08-19,0,0,29,9.230769230769232,22.461416552643733,26.592468742937577,21.273974994350063,55.02155263021845,92.0,78.03519050934928,72.66150263138611,71.73173308506553,85.08621052087383,80.40900325671183,0.0,0.0,0.0,0.0,True,False,86.71868425443364
REL.LSE,REL.LSE,2026-08-19,0,0,29,9.230769230769232,22.461416552643733,26.592468742937577,21.273974994350063,55.02155263021845,92.0,78.03519050934928,72.66150263138611,71.73173308506553,85.08621052087383,80.40900325671183,0.0,0.0,0.0,0.0,True,False,86.71868425443364
RICA.LSE,RICA.LSE,2026-08-19,0,9,24,0.0,11.795885322140586,15.633337563367535,11.739179602448639,92.0,44.99999999999999,92.0,44.99999999999999,92.0,92.0,44.99999999999999,0.0,0.0,0.0,0.5,True,True,62.31520509938785
RIO.LSE,RIO.LSE,2026-08-19,1,0,29,16.923076923076923,23.323768634837034,23.0363179407726,18.31407407499231,58.36207017362461,92.0,78.03519050934928,72.66150263138611,71.73173308506553,85.08621052087383,80.40900325671183,0.0,0.0,0.0,0.0,True,False,86.28947834408092
RKT.LSE,RKT.LSE,2026-08-19,0,0,25,0.0,0.0,18.001043645238912,18.25281041702985,74.02873684029127,70.43699342927637,92.0,72.66150263138611,71.73173308506553,85.08621052087383,80.40900325671183,0.0,0.0,0.0,0.0,True,True,73.3359878589597
RMV.LSE,RMV.LSE,2026-08-19,0,0,25,0.0,0.0,18.001043645238912,18.25281041702985,74.02873684029127,70.43699342927637,92.0,72.66150263138611,71.73173308506553,85.08621052087383,80.40900325671183,0.0,0.0,0.0,0.0,True,True,73.3359878589597
ROR.LSE,ROR.LSE,2026-08-19,0,0,25,0.0,0.0,18.001043645238912,18.25281041702985,74.02873684029127,70.43699342927637,92.0,72.66150263138611,71.73173308506553,85.08621052087383,80.40900325671183,0.0,0.0,0.0,0.0,True,True,73.3359878589597
RS1.LSE,RS1.LSE,2026-08-19,0,0,29,0.0,0.0,29.86116885103812,21.273974994350063,65.04310526043692,83.15549014391456,78.03519050934928,72.66150263138611,71.73173308506553,85.08621052087383,80.40900325671183,0.0,0.0,0.0,0.0,True,False,81.00001336983581
RSW.LSE,RSW.LSE,2026-08-19,0,0,29,0.0,0.0,29.86116885103812,21.273974994350063,65.04310526043692,83.15549014391456,78.03519050934928,72.66150263138611,71.73173308506553,85.08621052087383,80.40900325671183,0.0,0.0,0.0,0.0,True,False,81.00001336983581
RTO.LSE,RTO.LSE,2026-08-19,0,0,29,0.0,0.0,29.86116885103812,21.273974994350063,65.04310526043692,83.15549014391456,78.03519050934928,72.66150263138611,71.73173308506553,85.08621052087383,80.40900325671183,0.0,0.0,0.0,0.0,True,False,81.00001336983581
S32.LSE,S32.LSE,2026-08-19,0,0,29,0.0,0.0,29.86116885103812,21.273974994350063,65.04310526043692,83.15549014391456,78.03519050934928,72.66150263138611,71.73173308506553,85.08621052087383,80.40900325671183,0.0,0.0,0.0,0.0,True,False,81.00001336983581
SAFE.LSE,SAFE.LSE,2026-08-19,0,0,29,0.0,0.0,22.461416552643733,21.273974994350063,44.99999999999999,92.0,78.03519050934928,72.66150263138611,71.73173308506553,85.08621052087383,80.40900325671183,0.0,0.0,0.0,0.0,True,False,90.2262276750101
SBRY.LSE,SBRY.LSE,2026-08-19,0,0,29,0.0,0.0,22.461416552643733,21.273974994350063,44.99999999999999,92.0,78.03519050934928,72.66150263138611,71.73173308506553,85.08621052087383,80.40900325671183,0.0,0.0,0.0,0.0,True,False,90.2262276750101
SCT.LSE,SCT.LSE,2026-08-19,0,0,29,0.0,0.0,22.461416552643733,21.273974994350063,44.99999999999999,92.0,78.03519050934928,72.66150263138611,71.73173308506553,85.08621052087383,80.40900325671183,0.0,0.0,0.0,0.0,True,False,90.2262276750101
SDLF.LSE,SDLF.LSE,2026-08-19,0,0,29,0.0,0.0,22.461416552643733,21.273974994350063,44.99999999999999,92.0,78.03519050934928,72.66150263138611,71.73173308506553,85.08621052087383,80.40900325671183,0.0,0.0,0.0,0.0,True,False,90.2262276750101
SDR.LSE,SDR.LSE,2026-08-19,0,0,29,4.615384615384616,22.461416552643733,22.461416552643733,21.273974994350063,85.08621052087383,83.15549014391456,78.03519050934928,72.66150263138611,71.73173308506553,85.08621052087383,80.40900325671183,0.0,0.0,0.0,0.0,True,False,73.98492652868289
SEPL.LSE,SEPL.LSE,2026-08-19,0,0,29,4.615384615384616,22.461416552643733,22.461416552643733,21.273974994350063,85.08621052087383,74.31098028782912,78.03519050934928,72.66150263138611,71.73173308506553,85.08621052087383,80.40900325671183,0.0,0.0,0.0,0.0,True,False,71.77379906466153
SEQI.LSE,SEQI.LSE,2026-08-19,0,0,29,4.615384615384616,22.461416552643733,22.461416552643733,21.273974994350063,85.08621052087383,74.31098028782912,78.03519050934928,72.66150263138611,71.73173308506553,85.08621052087383,80.40900325671183,0.0,0.0,0.0,0.0,True,False,71.77379906466153
SGE.LSE,SGE.LSE,2026-08-19,0,0,29,4.615384615384616,22.461416552643733,22.461416552643733,21.273974994350063,85.08621052087383,74.31098028782912,78.03519050934928,72.66150263138611,71.73173308506553,85.08621052087383,80.40900325671183,0.0,0.0,0.0,0.0,True,False,71.77379906466153
SGRO.LSE,SGRO.LSE,2026-08-19,0,0,29,18.461538461538463,22.461416552643733,22.461416552643733,20.929034161472742,65.04310526043692,83.15549014391456,78.03519050934928,72.66150263138611,71.73173308506553,85.08621052087383,80.40900325671183,0.0,0.0,0.0,0.0,True,False,81.08624857805513
SHC.LSE,SHC.LSE,2026-08-19,0,0,29,18.461538461538463,22.461416552643733,22.461416552643733,20.929034161472742,65.04310526043692,83.15549014391456,78.03519050934928,72.66150263138611,71.73173308506553,85.08621052087383,80.40900325671183,0.0,0.0,0.0,0.0,True,False,81.08624857805513
SHEL.LSE,SHEL.LSE,2026-08-19,0,0,29,9.230769230769232,22.461416552643733,22.461416552643733,20.929034161472742,65.04310526043692,92.0,78.03519050934928,72.66150263138611,71.73173308506553,85.08621052087383,80.40900325671183,0.0,0.0,0.0,0.0,True,False,83.2973760420765
SMIN.LSE,SMIN.LSE,2026-08-19,0,0,29,9.230769230769232,22.461416552643733,22.461416552643733,20.929034161472742,65.04310526043692,92.0,78.03519050934928,72.66150263138611,71.73173308506553,85.08621052087383,80.40900325671183,0.0,0.0,0.0,0.0,True,False,83.2973760420765
SN.LSE,SN.LSE,2026-08-19,1,0,29,16.923076923076923,23.323768634837034,23.0363179407726,18.31407407499231,58.36207017362461,92.0,78.03519050934928,72.66150263138611,71.73173308506553,85.08621052087383,80.40900325671183,0.0,0.0,0.0,0.0,True,False,86.28947834408092
SNR.LSE,SNR.LSE,2026-08-19,4,9,24,5.7142857142857135,14.673974503060798,9.782649668707199,8.228766865652437,92.0,44.99999999999999,92.0,44.99999999999999,92.0,92.0,44.99999999999999,0.0,0.0,0.0,0.5,True,True,63.1928082835869
SPX.LSE,SPX.LSE,2026-08-19,6,0,25,7.777777777777778,22.73551981050856,22.644152057886952,18.078774545260917,74.02873684029127,70.43699342927637,92.0,72.66150263138611,71.73173308506553,85.08621052087383,80.40900325671183,0.0,0.0,0.0,0.0,True,True,73.37949682690193
SQZ.LSE,SQZ.LSE,2026-08-19,5,0,25,0.0,8.210118471584614,22.644152057886952,18.078774545260917,92.0,70.43699342927637,92.0,72.66150263138611,71.73173308506553,85.08621052087383,80.40900325671183,0.0,0.0,0.0,0.0,True,True,67.08955472100388
SRE.LSE,SRE.LSE,2026-08-19,5,0,25,0.0,8.210118471584614,22.644152057886952,18.078774545260917,92.0,70.43699342927637,92.0,72.66150263138611,71.73173308506553,85.08621052087383,80.40900325671183,0.0,0.0,0.0,0.0,True,True,67.08955472100388
SRP.LSE,SRP.LSE,2026-08-19,1,0,29,0.0,30.72352093323142,26.592468742937577,21.273974994350063,65.04310526043692,83.15549014391456,78.03519050934928,72.66150263138611,71.73173308506553,85.08621052087383,80.40900325671183,0.0,0.0,0.0,0.0,True,False,81.00001336983581
SSE.LSE,SSE.LSE,2026-08-19,1,0,29,0.0,30.72352093323142,26.592468742937577,21.273974994350063,65.04310526043692,83.15549014391456,78.03519050934928,72.66150263138611,71.73173308506553,85.08621052087383,80.40900325671183,0.0,0.0,0.0,0.0,True,False,81.00001336983581
SSPG.LSE,SSPG.LSE,2026-08-19,0,0,29,0.0,37.260921149432505,26.592468742937577,21.273974994350063,85.08621052087383,83.15549014391456,78.03519050934928,72.66150263138611,71.73173308506553,85.08621052087383,80.40900325671183,0.0,0.0,0.0,0.0,True,False,73.98492652868289
STAN.LSE,STAN.LSE,2026-08-19,0,0,29,0.0,37.260921149432505,26.592468742937577,21.273974994350063,85.08621052087383,83.15549014391456,78.03519050934928,72.66150263138611,71.73173308506553,85.08621052087383,80.40900325671183,0.0,0.0,0.0,0.0,True,False,73.98492652868289
STJ.LSE,STJ.LSE,2026-08-19,0,0,29,10.769230769230768,29.86116885103812,21.273974994350063,21.273974994350063,65.04310526043692,84.92439211513165,78.03519050934928,72.66150263138611,71.73173308506553,85.08621052087383,80.40900325671183,0.0,0.0,0.0,0.0,True,False,81.44223886264008
SUPR.LSE,SUPR.LSE,2026-08-19,0,0,29,0.0,0.0,29.86116885103812,21.273974994350063,65.04310526043692,83.15549014391456,78.03519050934928,72.66150263138611,71.73173308506553,85.08621052087383,80.40900325671183,0.0,0.0,0.0,0.0,True,False,81.00001336983581
SVS.LSE,SVS.LSE,2026-08-19,0,0,29,10.769230769230768,29.86116885103812,21.273974994350063,21.273974994350063,65.04310526043692,84.92439211513165,78.03519050934928,72.66150263138611,71.73173308506553,85.08621052087383,80.40900325671183,0.0,0.0,0.0,0.0,True,False,81.44223886264008
SVT.LSE,SVT.LSE,2026-08-19,0,0,29,1.5384615384615385,22.461416552643733,26.592468742937577,21.273974994350063,55.02155263021845,92.0,78.03519050934928,72.66150263138611,71.73173308506553,85.08621052087383,80.40900325671183,0.0,0.0,0.0,0.0,True,False,86.71868425443364
TATE.LSE,TATE.LSE,2026-08-19,0,0,29,1.5384615384615385,22.461416552643733,26.592468742937577,21.273974994350063,55.02155263021845,92.0,78.03519050934928,72.66150263138611,71.73173308506553,85.08621052087383,80.40900325671183,0.0,0.0,0.0,0.0,True,False,86.71868425443364
TBCG.LSE,TBCG.LSE,2026-08-19,0,0,29,0.0,0.0,29.86116885103812,21.273974994350063,65.04310526043692,83.15549014391456,78.03519050934928,72.66150263138611,71.73173308506553,85.08621052087383,80.40900325671183,0.0,0.0,0.0,0.0,True,False,81.00001336983581
TCAP.LSE,TCAP.LSE,2026-08-19,0,0,29,9.230769230769232,22.461416552643733,26.592468742937577,21.273974994350063,55.02155263021845,92.0,78.03519050934928,72.66150263138611,71.73173308506553,85.08621052087383,80.40900325671183,0.0,0.0,0.0,0.0,True,False,86.71868425443364
TFIF.LSE,TFIF.LSE,2026-08-19,0,0,29,9.230769230769232,22.461416552643733,26.592468742937577,21.273974994350063,55.02155263021845,92.0,78.03519050934928,72.66150263138611,71.73173308506553,85.08621052087383,80.40900325671183,0.0,0.0,0.0,0.0,True,False,86.71868425443364
TPK.LSE,TPK.LSE,2026-08-19,0,0,29,9.230769230769232,22.461416552643733,27.969486139702195,21.273974994350063,58.36207017362461,92.0,78.03519050934928,72.66150263138611,71.73173308506553,85.08621052087383,80.40900325671183,0.0,0.0,0.0,0.0,True,False,85.54950311424149
TRIG.LSE,TRIG.LSE,2026-08-19,0,0,29,0.0,0.0,27.969486139702195,21.273974994350063,58.36207017362461,86.10366009594304,78.03519050934928,72.66150263138611,71.73173308506553,85.08621052087383,80.40900325671183,0.0,0.0,0.0,0.0,True,False,84.07541813822725
TSCO.LSE,TSCO.LSE,2026-08-19,0,0,29,0.0,0.0,27.969486139702195,21.273974994350063,58.36207017362461,86.10366009594304,78.03519050934928,72.66150263138611,71.73173308506553,85.08621052087383,80.40900325671183,0.0,0.0,0.0,0.0,True,False,84.07541813822725
TTE.LSE,TTE.LSE,2026-08-19,1,0,29,0.0,24.186120717030335,23.0363179407726,18.31407407499231,58.36207017362461,92.0,78.03519050934928,72.66150263138611,71.73173308506553,85.08621052087383,80.40900325671183,0.0,0.0,0.0,0.0,True,False,86.28947834408092
TW.LSE,TW.LSE,2026-08-19,0,0,29,0.0,0.0,27.969486139702195,21.273974994350063,58.36207017362461,86.10366009594304,78.03519050934928,72.66150263138611,71.73173308506553,85.08621052087383,80.40900325671183,0.0,0.0,0.0,0.0,True,False,84.07541813822725
ULVR.LSE,ULVR.LSE,2026-08-19,0,0,29,0.0,0.0,29.86116885103812,21.273974994350063,65.04310526043692,83.15549014391456,78.03519050934928,72.66150263138611,71.73173308506553,85.08621052087383,80.40900325671183,0.0,0.0,0.0,0.0,True,False,81.00001336983581
UTG.LSE,UTG.LSE,2026-08-19,0,0,29,0.0,0.0,29.86116885103812,21.273974994350063,65.04310526043692,83.15549014391456,78.03519050934928,72.66150263138611,71.73173308506553,85.08621052087383,80.40900325671183,0.0,0.0,0.0,0.0,True,False,81.00001336983581
UU.LSE,UU.LSE,2026-08-19,0,9,24,0.0,0.0,14.673974503060798,11.739179602448639,92.0,44.99999999999999,92.0,44.99999999999999,92.0,92.0,44.99999999999999,0.0,0.0,0.0,0.5,True,True,62.31520509938785
VALT.LSE,VALT.LSE,2026-08-19,0,0,25,0.0,0.0,22.89650623206606,18.25281041702985,65.04310526043692,83.15549014391456,92.0,72.66150263138611,71.73173308506553,85.08621052087383,80.40900325671183,0.0,0.0,0.0,0.0,True,True,79.66058309056827
VOD.LSE,VOD.LSE,2026-08-19,1,0,29,0.0,24.186120717030335,23.0363179407726,18.31407407499231,58.36207017362461,92.0,78.03519050934928,72.66150263138611,71.73173308506553,85.08621052087383,80.40900325671183,0.0,0.0,0.0,0.0,True,False,86.28947834408092
VSVS.LSE,VSVS.LSE,2026-08-19,0,0,25,0.0,0.0,22.461416552643733,18.25281041702985,44.99999999999999,92.0,92.0,72.66150263138611,71.73173308506553,85.08621052087383,80.40900325671183,0.0,0.0,0.0,0.0,True,True,88.88679739574253
WEIR.LSE,WEIR.LSE,2026-08-19,0,0,25,0.0,0.0,22.461416552643733,18.25281041702985,44.99999999999999,92.0,92.0,72.66150263138611,71.73173308506553,85.08621052087383,80.40900325671183,0.0,0.0,0.0,0.0,True,True,88.88679739574253
WPP.LSE,WPP.LSE,2026-08-19,1,0,29,0.0,30.72352093323142,26.592468742937577,21.273974994350063,65.04310526043692,83.15549014391456,78.03519050934928,72.66150263138611,71.73173308506553,85.08621052087383,80.40900325671183,0.0,0.0,0.0,0.0,True,False,81.00001336983581
WTB.LSE,WTB.LSE,2026-08-19,0,0,29,0.0,0.0,22.461416552643733,21.273974994350063,44.99999999999999,92.0,78.03519050934928,72.66150263138611,71.73173308506553,85.08621052087383,80.40900325671183,0.0,0.0,0.0,0.0,True,False,90.2262276750101
ZIG.LSE,ZIG.LSE,2026-08-19,0,0,29,0.0,0.0,22.461416552643733,21.273974994350063,44.99999999999999,92.0,78.03519050934928,72.66150263138611,71.73173308506553,85.08621052087383,80.40900325671183,0.0,0.0,0.0,0.0,True,False,90.2262276750101
A.US,A.US,2026-08-19,0,9,24,0.0,11.795885322140586,5.897942661070293,8.228766865652435,92.0,44.99999999999999,92.0,44.99999999999999,92.0,92.0,44.99999999999999,0.0,0.0,0.0,1.0,True,True,63.1928082835869
AA.US,AA.US,2026-08-19,1,0,25,2.2222222222222223,37.260921149432505,29.86116885103812,21.10307003324167,65.04310526043692,92.0,92.0,72.66150263138611,71.73173308506553,85.08621052087383,80.40900325671183,0.0,0.0,0.0,0.0,True,True,81.15914565053666
ABBNY.US,ABBNY.US,2026-08-19,6,0,25,7.777777777777778,22.73551981050856,22.644152057886952,18.078774545260917,74.02873684029127,70.43699342927637,92.0,72.66150263138611,71.73173308506553,85.08621052087383,80.40900325671183,0.0,0.0,0.0,0.0,True,True,73.37949682690193
ABBV.US,ABBV.US,2026-08-19,6,0,25,7.777777777777778,22.73551981050856,22.644152057886952,18.078774545260917,74.02873684029127,70.43699342927637,92.0,72.66150263138611,71.73173308506553,85.08621052087383,80.40900325671183,0.0,0.0,0.0,0.0,True,True,73.37949682690193
ABT.US,ABT.US,2026-08-19,1,0,29,0.0,24.186120717030335,23.0363179407726,18.31407407499231,58.36207017362461,92.0,78.03519050934928,72.66150263138611,71.73173308506553,85.08621052087383,80.40900325671183,0.0,0.0,0.0,0.0,True,False,86.28947834408092
ACN.US,ACN.US,2026-08-19,1,0,29,0.0,24.186120717030335,23.0363179407726,18.31407407499231,58.36207017362461,92.0,78.03519050934928,72.66150263138611,71.73173308506553,85.08621052087383,80.40900325671183,0.0,0.0,0.0,0.0,True,False,86.28947834408092
ADI.US,ADI.US,2026-08-19,1,0,29,0.0,30.72352093323142,26.592468742937577,21.273974994350063,65.04310526043692,83.15549014391456,78.03519050934928,72.66150263138611,71.73173308506553,85.08621052087383,80.40900325671183,0.0,0.0,0.0,0.0,True,False,81.00001336983581
ADM.US,ADM.US,2026-08-19,1,0,29,0.0,30.72352093323142,26.592468742937577,21.273974994350063,65.04310526043692,83.15549014391456,78.03519050934928,72.66150263138611,71.73173308506553,85.08621052087383,80.40900325671183,0.0,0.0,0.0,0.0,True,False,81.00001336983581
ADP.US,ADP.US,2026-08-19,0,0,29,0.0,37.260921149432505,26.592468742937577,21.273974994350063,85.08621052087383,83.15549014391456,78.03519050934928,72.66150263138611,71.73173308506553,85.08621052087383,80.40900325671183,0.0,0.0,0.0,0.0,True,False,73.98492652868289
AEM.US,AEM.US,2026-08-19,0,0,29,0.0,37.260921149432505,26.592468742937577,21.273974994350063,85.08621052087383,83.15549014391456,78.03519050934928,72.66150263138611,71.73173308506553,85.08621052087383,80.40900325671183,0.0,0.0,0.0,0.0,True,False,73.98492652868289
AEP.US,AEP.US,2026-08-19,0,0,29,10.769230769230768,29.86116885103812,21.273974994350063,21.273974994350063,65.04310526043692,84.92439211513165,78.03519050934928,72.66150263138611,71.73173308506553,85.08621052087383,80.40900325671183,0.0,0.0,0.0,0.0,True,False,81.44223886264008
AFL.US,AFL.US,2026-08-19,0,0,29,10.769230769230768,29.86116885103812,21.273974994350063,21.273974994350063,65.04310526043692,84.92439211513165,78.03519050934928,72.66150263138611,71.73173308506553,85.08621052087383,80.40900325671183,0.0,0.0,0.0,0.0,True,False,81.44223886264008
AIG.US,AIG.US,2026-08-19,0,0,29,1.5384615384615385,22.461416552643733,26.592468742937577,21.273974994350063,55.02155263021845,92.0,78.03519050934928,72.66150263138611,71.73173308506553,85.08621052087383,80.40900325671183,0.0,0.0,0.0,0.0,True,False,86.71868425443364
AJG.US,AJG.US,2026-08-19,0,0,29,1.5384615384615385,22.461416552643733,26.592468742937577,21.273974994350063,55.02155263021845,92.0,78.03519050934928,72.66150263138611,71.73173308506553,85.08621052087383,80.40900325671183,0.0,0.0,0.0,0.0,True,False,86.71868425443364
ALIZY.US,ALIZY.US,2026-08-19,0,0,29,9.230769230769232,22.461416552643733,26.592468742937577,21.273974994350063,55.02155263021845,92.0,78.03519050934928,72.66150263138611,71.73173308506553,85.08621052087383,80.40900325671183,0.0,0.0,0.0,0.0,True,False,86.71868425443364
ALL.US,ALL.US,2026-08-19,0,0,29,9.230769230769232,22.461416552643733,26.592468742937577,21.273974994350063,55.02155263021845,92.0,78.03519050934928,72.66150263138611,71.73173308506553,85.08621052087383,80.40900325671183,0.0,0.0,0.0,0.0,True,False,86.71868425443364
AMGN.US,AMGN.US,2026-08-19,0,0,29,9.230769230769232,22.461416552643733,27.969486139702195,21.273974994350063,58.36207017362461,92.0,78.03519050934928,72.66150263138611,71.73173308506553,85.08621052087383,80.40900325671183,0.0,0.0,0.0,0.0,True,False,85.54950311424149
AMP.US,AMP.US,2026-08-19,0,0,29,0.0,0.0,27.969486139702195,21.273974994350063,58.36207017362461,86.10366009594304,78.03519050934928,72.66150263138611,71.73173308506553,85.08621052087383,80.40900325671183,0.0,0.0,0.0,0.0,True,False,84.07541813822725
AMT.US,AMT.US,2026-08-19,0,0,29,0.0,0.0,27.969486139702195,21.273974994350063,58.36207017362461,86.10366009594304,78.03519050934928,72.66150263138611,71.73173308506553,85.08621052087383,80.40900325671183,0.0,0.0,0.0,0.0,True,False,84.07541813822725
APD.US,APD.US,2026-08-19,0,0,29,0.0,0.0,27.969486139702195,21.273974994350063,58.36207017362461,86.10366009594304,78.03519050934928,72.66150263138611,71.73173308506553,85.08621052087383,80.40900325671183,0.0,0.0,0.0,0.0,True,False,84.07541813822725
APO.US,APO.US,2026-08-19,0,9,24,0.0,0.0,14.673974503060798,11.739179602448639,92.0,44.99999999999999,92.0,44.99999999999999,92.0,92.0,44.99999999999999,0.0,0.0,0.0,0.5,True,True,62.31520509938785
ARES.US,ARES.US,2026-08-19,0,0,25,0.0,0.0,22.89650623206606,18.25281041702985,65.04310526043692,83.15549014391456,92.0,72.66150263138611,71.73173308506553,85.08621052087383,80.40900325671183,0.0,0.0,0.0,0.0,True,True,79.66058309056827
ASX.US,ASX.US,2026-08-19,0,0,25,0.0,0.0,22.89650623206606,18.25281041702985,65.04310526043692,83.15549014391456,92.0,72.66150263138611,71.73173308506553,85.08621052087383,80.40900325671183,0.0,0.0,0.0,0.0,True,True,79.66058309056827
AU.US,AU.US,2026-08-19,0,0,25,0.0,0.0,22.89650623206606,18.25281041702985,65.04310526043692,83.15549014391456,92.0,72.66150263138611,71.73173308506553,85.08621052087383,80.40900325671183,0.0,0.0,0.0,0.0,True,True,79.66058309056827
AXP.US,AXP.US,2026-08-19,0,0,29,0.0,0.0,22.461416552643733,21.273974994350063,44.99999999999999,92.0,78.03519050934928,72.66150263138611,71.73173308506553,85.08621052087383,80.40900325671183,0.0,0.0,0.0,0.0,True,False,90.2262276750101
AZN.US,AZN.US,2026-08-19,0,0,29,0.0,0.0,22.461416552643733,21.273974994350063,44.99999999999999,92.0,78.03519050934928,72.66150263138611,71.73173308506553,85.08621052087383,80.40900325671183,0.0,0.0,0.0,0.0,True,False,90.2262276750101
B.US,B.US,2026-08-19,0,0,29,0.0,0.0,22.461416552643733,21.273974994350063,44.99999999999999,92.0,78.03519050934928,72.66150263138611,71.73173308506553,85.08621052087383,80.40900325671183,0.0,0.0,0.0,0.0,True,False,90.2262276750101
BAC.US,BAC.US,2026-08-19,0,0,29,0.0,0.0,22.461416552643733,21.273974994350063,44.99999999999999,92.0,78.03519050934928,72.66150263138611,71.73173308506553,85.08621052087383,80.40900325671183,0.0,0.0,0.0,0.0,True,False,90.2262276750101
BAM.US,BAM.US,2026-08-19,6,0,25,7.777777777777778,22.89650623206606,18.25281041702985,18.25281041702985,70.43448420834953,83.15549014391456,92.0,72.66150263138611,71.73173308506553,85.08621052087383,80.40900325671183,0.0,0.0,0.0,0.0,True,True,77.77360045879884
BBVA.US,BBVA.US,2026-08-19,0,0,29,4.615384615384616,22.461416552643733,22.461416552643733,21.273974994350063,85.08621052087383,83.15549014391456,78.03519050934928,72.66150263138611,71.73173308506553,85.08621052087383,80.40900325671183,0.0,0.0,0.0,0.0,True,False,73.98492652868289
BCS.US,BCS.US,2026-08-19,0,0,29,4.615384615384616,22.461416552643733,22.461416552643733,21.273974994350063,85.08621052087383,74.31098028782912,78.03519050934928,72.66150263138611,71.73173308506553,85.08621052087383,80.40900325671183,0.0,0.0,0.0,0.0,True,False,71.77379906466153
BDX.US,BDX.US,2026-08-19,0,0,29,4.615384615384616,22.461416552643733,22.461416552643733,21.273974994350063,85.08621052087383,74.31098028782912,78.03519050934928,72.66150263138611,71.73173308506553,85.08621052087383,80.40900325671183,0.0,0.0,0.0,0.0,True,False,71.77379906466153
BHP.US,BHP.US,2026-08-19,0,0,29,4.615384615384616,22.461416552643733,22.461416552643733,21.273974994350063,85.08621052087383,74.31098028782912,78.03519050934928,72.66150263138611,71.73173308506553,85.08621052087383,80.40900325671183,0.0,0.0,0.0,0.0,True,False,71.77379906466153
BKR.US,BKR.US,2026-08-19,0,0,29,18.461538461538463,22.461416552643733,22.461416552643733,20.929034161472742,65.04310526043692,83.15549014391456,78.03519050934928,72.66150263138611,71.73173308506553,85.08621052087383,80.40900325671183,0.0,0.0,0.0,0.0,True,False,81.08624857805513
BLK.US,BLK.US,2026-08-19,0,0,29,18.461538461538463,22.461416552643733,22.461416552643733,20.929034161472742,65.04310526043692,83.15549014391456,78.03519050934928,72.66150263138611,71.73173308506553,85.08621052087383,80.40900325671183,0.0,0.0,0.0,0.0,True,False,81.08624857805513
BMO.US,BMO.US,2026-08-19,0,0,29,9.230769230769232,22.461416552643733,22.461416552643733,20.929034161472742,65.04310526043692,92.0,78.03519050934928,72.66150263138611,71.73173308506553,85.08621052087383,80.40900325671183,0.0,0.0,0.0,0.0,True,False,83.2973760420765
BMY.US,BMY.US,2026-08-19,0,0,29,9.230769230769232,22.461416552643733,22.461416552643733,20.929034161472742,65.04310526043692,92.0,78.03519050934928,72.66150263138611,71.73173308506553,85.08621052087383,80.40900325671183,0.0,0.0,0.0,0.0,True,False,83.2973760420765
BNS.US,BNS.US,2026-08-19,1,0,29,16.923076923076923,23.323768634837034,23.0363179407726,18.31407407499231,58.36207017362461,92.0,78.03519050934928,72.66150263138611,71.73173308506553,85.08621052087383,80.40900325671183,0.0,0.0,0.0,0.0,True,False,86.28947834408092
BNY.US,BNY.US,2026-08-19,1,0,29,16.923076923076923,23.323768634837034,23.0363179407726,18.31407407499231,58.36207017362461,92.0,78.03519050934928,72.66150263138611,71.73173308506553,85.08621052087383,80.40900325671183,0.0,0.0,0.0,0.0,True,False,86.28947834408092
BP.US,BP.US,2026-08-19,1,0,29,0.0,24.186120717030335,23.0363179407726,18.31407407499231,58.36207017362461,92.0,78.03519050934928,72.66150263138611,71.73173308506553,85.08621052087383,80.40900325671183,0.0,0.0,0.0,0.0,True,False,86.28947834408092
BTI.US,BTI.US,2026-08-19,1,0,29,0.0,24.186120717030335,23.0363179407726,18.31407407499231,58.36207017362461,92.0,78.03519050934928,72.66150263138611,71.73173308506553,85.08621052087383,80.40900325671183,0.0,0.0,0.0,0.0,True,False,86.28947834408092
BUD.US,BUD.US,2026-08-19,4,9,24,5.7142857142857135,17.55206368398101,11.725003172525652,9.380002538020522,92.0,44.99999999999999,92.0,44.99999999999999,92.0,92.0,44.99999999999999,0.0,0.0,0.0,0.0,True,True,62.90499936549489
BX.US,BX.US,2026-08-19,5,0,25,3.333333333333333,15.770857191536502,22.81601302128731,18.25281041702985,88.54310526043692,71.40549014391456,92.0,72.66150263138611,71.73173308506553,85.08621052087383,80.40900325671183,0.0,0.0,0.0,0.0,True,True,68.49808309056827
C.US,C.US,2026-08-19,0,0,25,0.0,23.33159591148839,22.81601302128731,18.25281041702985,85.08621052087383,74.31098028782912,92.0,72.66150263138611,71.73173308506553,85.08621052087383,80.40900325671183,0.0,0.0,0.0,0.0,True,True,70.43436878539397
CARR.US,CARR.US,2026-08-19,0,0,29,9.230769230769232,22.461416552643733,26.592468742937577,21.273974994350063,55.02155263021845,92.0,78.03519050934928,72.66150263138611,71.73173308506553,85.08621052087383,80.40900325671183,0.0,0.0,0.0,0.0,True,False,86.71868425443364
CB.US,CB.US,2026-08-19,0,0,25,0.0,23.33159591148839,22.81601302128731,18.25281041702985,85.08621052087383,74.31098028782912,92.0,72.66150263138611,71.73173308506553,85.08621052087383,80.40900325671183,0.0,0.0,0.0,0.0,True,True,70.43436878539397
CBOE.US,CBOE.US,2026-08-19,0,0,29,10.769230769230768,29.86116885103812,21.273974994350063,21.273974994350063,65.04310526043692,84.92439211513165,78.03519050934928,72.66150263138611,71.73173308506553,85.08621052087383,80.40900325671183,0.0,0.0,0.0,0.0,True,False,81.44223886264008
CCEP.US,CCEP.US,2026-08-19,0,0,29,10.769230769230768,29.86116885103812,21.273974994350063,21.273974994350063,65.04310526043692,84.92439211513165,78.03519050934928,72.66150263138611,71.73173308506553,85.08621052087383,80.40900325671183,0.0,0.0,0.0,0.0,True,False,81.44223886264008
CCI.US,CCI.US,2026-08-19,0,0,29,1.5384615384615385,22.461416552643733,26.592468742937577,21.273974994350063,55.02155263021845,92.0,78.03519050934928,72.66150263138611,71.73173308506553,85.08621052087383,80.40900325671183,0.0,0.0,0.0,0.0,True,False,86.71868425443364
CCL.US,CCL.US,2026-08-19,0,0,29,1.5384615384615385,22.461416552643733,26.592468742937577,21.273974994350063,55.02155263021845,92.0,78.03519050934928,72.66150263138611,71.73173308506553,85.08621052087383,80.40900325671183,0.0,0.0,0.0,0.0,True,False,86.71868425443364
CI.US,CI.US,2026-08-19,0,0,29,9.230769230769232,22.461416552643733,26.592468742937577,21.273974994350063,55.02155263021845,92.0,78.03519050934928,72.66150263138611,71.73173308506553,85.08621052087383,80.40900325671183,0.0,0.0,0.0,0.0,True,False,86.71868425443364
CL.US,CL.US,2026-08-19,0,0,29,9.230769230769232,22.461416552643733,26.592468742937577,21.273974994350063,55.02155263021845,92.0,78.03519050934928,72.66150263138611,71.73173308506553,85.08621052087383,80.40900325671183,0.0,0.0,0.0,0.0,True,False,86.71868425443364
CM.US,CM.US,2026-08-19,0,0,29,9.230769230769232,22.461416552643733,27.969486139702195,21.273974994350063,58.36207017362461,92.0,78.03519050934928,72.66150263138611,71.73173308506553,85.08621052087383,80.40900325671183,0.0,0.0,0.0,0.0,True,False,85.54950311424149
CMCSA.US,CMCSA.US,2026-08-19,0,0,29,0.0,0.0,27.969486139702195,21.273974994350063,58.36207017362461,86.10366009594304,78.03519050934928,72.66150263138611,71.73173308506553,85.08621052087383,80.40900325671183,0.0,0.0,0.0,0.0,True,False,84.07541813822725
CME.US,CME.US,2026-08-19,0,0,29,0.0,0.0,27.969486139702195,21.273974994350063,58.36207017362461,86.10366009594304,78.03519050934928,72.66150263138611,71.73173308506553,85.08621052087383,80.40900325671183,0.0,0.0,0.0,0.0,True,False,84.07541813822725
CMI.US,CMI.US,2026-08-19,0,0,29,0.0,0.0,27.969486139702195,21.273974994350063,58.36207017362461,86.10366009594304,78.03519050934928,72.66150263138611,71.73173308506553,85.08621052087383,80.40900325671183,0.0,0.0,0.0,0.0,True,False,84.07541813822725
CNI.US,CNI.US,2026-08-19,0,0,29,0.0,0.0,29.86116885103812,21.273974994350063,65.04310526043692,83.15549014391456,78.03519050934928,72.66150263138611,71.73173308506553,85.08621052087383,80.40900325671183,0.0,0.0,0.0,0.0,True,False,81.00001336983581
CNQ.US,CNQ.US,2026-08-19,0,0,29,0.0,0.0,29.86116885103812,21.273974994350063,65.04310526043692,83.15549014391456,78.03519050934928,72.66150263138611,71.73173308506553,85.08621052087383,80.40900325671183,0.0,0.0,0.0,0.0,True,False,81.00001336983581
COF.US,COF.US,2026-08-19,0,0,29,0.0,0.0,29.86116885103812,21.273974994350063,65.04310526043692,83.15549014391456,78.03519050934928,72.66150263138611,71.73173308506553,85.08621052087383,80.40900325671183,0.0,0.0,0.0,0.0,True,False,81.00001336983581
COP.US,COP.US,2026-08-19,0,0,29,0.0,0.0,29.86116885103812,21.273974994350063,65.04310526043692,83.15549014391456,78.03519050934928,72.66150263138611,71.73173308506553,85.08621052087383,80.40900325671183,0.0,0.0,0.0,0.0,True,False,81.00001336983581
CRH.US,CRH.US,2026-08-19,0,0,29,0.0,0.0,22.461416552643733,21.273974994350063,44.99999999999999,92.0,78.03519050934928,72.66150263138611,71.73173308506553,85.08621052087383,80.40900325671183,0.0,0.0,0.0,0.0,True,False,90.2262276750101
CSCO.US,CSCO.US,2026-08-19,0,0,29,0.0,0.0,22.461416552643733,21.273974994350063,44.99999999999999,92.0,78.03519050934928,72.66150263138611,71.73173308506553,85.08621052087383,80.40900325671183,0.0,0.0,0.0,0.0,True,False,90.2262276750101
CSX.US,CSX.US,2026-08-19,0,9,24,0.0,0.0,11.795885322140586,11.739179602448639,92.0,44.99999999999999,92.0,44.99999999999999,92.0,92.0,44.99999999999999,0.0,0.0,0.0,0.5,True,True,62.31520509938785
CTAS.US,CTAS.US,2026-08-19,0,0,25,0.0,0.0,22.461416552643733,18.25281041702985,44.99999999999999,92.0,92.0,72.66150263138611,71.73173308506553,85.08621052087383,80.40900325671183,0.0,0.0,0.0,0.0,True,True,88.88679739574253
CTSH.US,CTSH.US,2026-08-19,0,0,25,3.333333333333333,22.461416552643733,22.461416552643733,15.292909497672094,85.08621052087383,83.15549014391456,92.0,72.66150263138611,71.73173308506553,85.08621052087383,80.40900325671183,0.0,0.0,0.0,0.0,True,True,73.38547147925478
CVE.US,CVE.US,2026-08-19,0,0,25,3.333333333333333,22.461416552643733,22.461416552643733,15.292909497672094,85.08621052087383,74.31098028782912,92.0,72.66150263138611,71.73173308506553,85.08621052087383,80.40900325671183,0.0,0.0,0.0,0.0,True,True,71.17434401523342
CVS.US,CVS.US,2026-08-19,0,0,29,4.615384615384616,22.461416552643733,22.461416552643733,21.273974994350063,85.08621052087383,74.31098028782912,78.03519050934928,72.66150263138611,71.73173308506553,85.08621052087383,80.40900325671183,0.0,0.0,0.0,0.0,True,False,71.77379906466153
CVX.US,CVX.US,2026-08-19,0,0,29,4.615384615384616,22.461416552643733,22.461416552643733,21.273974994350063,85.08621052087383,74.31098028782912,78.03519050934928,72.66150263138611,71.73173308506553,85.08621052087383,80.40900325671183,0.0,0.0,0.0,0.0,True,False,71.77379906466153
D.US,D.US,2026-08-19,0,0,29,18.461538461538463,22.461416552643733,22.461416552643733,20.929034161472742,65.04310526043692,83.15549014391456,78.03519050934928,72.66150263138611,71.73173308506553,85.08621052087383,80.40900325671183,0.0,0.0,0.0,0.0,True,False,81.08624857805513
DB.US,DB.US,2026-08-19,0,0,29,18.461538461538463,22.461416552643733,22.461416552643733,20.929034161472742,65.04310526043692,83.15549014391456,78.03519050934928,72.66150263138611,71.73173308506553,85.08621052087383,80.40900325671183,0.0,0.0,0.0,0.0,True,False,81.08624857805513
DE.US,DE.US,2026-08-19,0,0,29,9.230769230769232,22.461416552643733,22.461416552643733,20.929034161472742,65.04310526043692,92.0,78.03519050934928,72.66150263138611,71.73173308506553,85.08621052087383,80.40900325671183,0.0,0.0,0.0,0.0,True,False,83.2973760420765
DHI.US,DHI.US,2026-08-19,0,0,29,9.230769230769232,22.461416552643733,22.461416552643733,20.929034161472742,65.04310526043692,92.0,78.03519050934928,72.66150263138611,71.73173308506553,85.08621052087383,80.40900325671183,0.0,0.0,0.0,0.0,True,False,83.2973760420765
DIS.US,DIS.US,2026-08-19,1,0,29,16.923076923076923,23.323768634837034,23.0363179407726,18.31407407499231,58.36207017362461,92.0,78.03519050934928,72.66150263138611,71.73173308506553,85.08621052087383,80.40900325671183,0.0,0.0,0.0,0.0,True,False,86.28947834408092
DLR.US,DLR.US,2026-08-19,1,0,29,16.923076923076923,23.323768634837034,23.0363179407726,18.31407407499231,58.36207017362461,92.0,78.03519050934928,72.66150263138611,71.73173308506553,85.08621052087383,80.40900325671183,0.0,0.0,0.0,0.0,True,False,86.28947834408092
DTEGY.US,DTEGY.US,2026-08-19,1,0,29,0.0,24.186120717030335,23.0363179407726,18.31407407499231,58.36207017362461,92.0,78.03519050934928,72.66150263138611,71.73173308506553,85.08621052087383,80.40900325671183,0.0,0.0,0.0,0.0,True,False,86.28947834408092
DUK.US,DUK.US,2026-08-19,1,0,29,0.0,24.186120717030335,23.0363179407726,18.31407407499231,58.36207017362461,92.0,78.03519050934928,72.66150263138611,71.73173308506553,85.08621052087383,80.40900325671183,0.0,0.0,0.0,0.0,True,False,86.28947834408092
DVN.US,DVN.US,2026-08-19,1,0,29,0.0,30.72352093323142,26.592468742937577,21.273974994350063,65.04310526043692,83.15549014391456,78.03519050934928,72.66150263138611,71.73173308506553,85.08621052087383,80.40900325671183,0.0,0.0,0.0,0.0,True,False,81.00001336983581
EADSY.US,EADSY.US,2026-08-19,1,0,29,0.0,30.72352093323142,26.592468742937577,21.273974994350063,65.04310526043692,83.15549014391456,78.03519050934928,72.66150263138611,71.73173308506553,85.08621052087383,80.40900325671183,0.0,0.0,0.0,0.0,True,False,81.00001336983581
EBAY.US,EBAY.US,2026-08-19,0,0,29,0.0,37.260921149432505,26.592468742937577,21.273974994350063,85.08621052087383,83.15549014391456,78.03519050934928,72.66150263138611,71.73173308506553,85.08621052087383,80.40900325671183,0.0,0.0,0.0,0.0,True,False,73.98492652868289
ECL.US,ECL.US,2026-08-19,0,0,29,0.0,37.260921149432505,26.592468742937577,21.273974994350063,85.08621052087383,83.15549014391456,78.03519050934928,72.66150263138611,71.73173308506553,85.08621052087383,80.40900325671183,0.0,0.0,0.0,0.0,True,False,73.98492652868289
ED.US,ED.US,2026-08-19,0,0,29,10.769230769230768,29.86116885103812,21.273974994350063,21.273974994350063,65.04310526043692,84.92439211513165,78.03519050934928,72.66150263138611,71.73173308506553,85.08621052087383,80.40900325671183,0.0,0.0,0.0,0.0,True,False,81.44223886264008
ELV.US,ELV.US,2026-08-19,0,0,29,10.769230769230768,29.86116885103812,21.273974994350063,21.273974994350063,65.04310526043692,84.92439211513165,78.03519050934928,72.66150263138611,71.73173308506553,85.08621052087383,80.40900325671183,0.0,0.0,0.0,0.0,True,False,81.44223886264008
EMR.US,EMR.US,2026-08-19,0,9,24,0.0,11.795885322140586,14.673974503060798,11.739179602448639,92.0,44.99999999999999,92.0,44.99999999999999,92.0,92.0,44.99999999999999,0.0,0.0,0.0,0.5,True,True,62.31520509938785
ENB.US,ENB.US,2026-08-19,6,0,25,1.1111111111111112,22.461416552643733,22.81601302128731,18.25281041702985,66.77155263021845,92.0,92.0,72.66150263138611,71.73173308506553,85.08621052087383,80.40900325671183,0.0,0.0,0.0,0.0,True,True,81.26675397516608
EOG.US,EOG.US,2026-08-19,6,0,25,6.666666666666666,22.461416552643733,22.81601302128731,18.25281041702985,66.77155263021845,92.0,92.0,72.66150263138611,71.73173308506553,85.08621052087383,80.40900325671183,0.0,0.0,0.0,0.0,True,True,81.26675397516608
EPD.US,EPD.US,2026-08-19,6,0,25,6.666666666666666,22.461416552643733,22.81601302128731,18.25281041702985,66.77155263021845,92.0,92.0,72.66150263138611,71.73173308506553,85.08621052087383,80.40900325671183,0.0,0.0,0.0,0.0,True,True,81.26675397516608
EQIX.US,EQIX.US,2026-08-19,0,0,29,9.230769230769232,22.461416552643733,27.969486139702195,21.273974994350063,58.36207017362461,92.0,78.03519050934928,72.66150263138611,71.73173308506553,85.08621052087383,80.40900325671183,0.0,0.0,0.0,0.0,True,False,85.54950311424149
EQNR.US,EQNR.US,2026-08-19,0,0,29,0.0,0.0,27.969486139702195,21.273974994350063,58.36207017362461,86.10366009594304,78.03519050934928,72.66150263138611,71.73173308506553,85.08621052087383,80.40900325671183,0.0,0.0,0.0,0.0,True,False,84.07541813822725
EQT.US,EQT.US,2026-08-19,0,0,29,0.0,0.0,27.969486139702195,21.273974994350063,58.36207017362461,86.10366009594304,78.03519050934928,72.66150263138611,71.73173308506553,85.08621052087383,80.40900325671183,0.0,0.0,0.0,0.0,True,False,84.07541813822725
ET.US,ET.US,2026-08-19,0,0,29,0.0,0.0,27.969486139702195,21.273974994350063,58.36207017362461,86.10366009594304,78.03519050934928,72.66150263138611,71.73173308506553,85.08621052087383,80.40900325671183,0.0,0.0,0.0,0.0,True,False,84.07541813822725
ETR.US,ETR.US,2026-08-19,0,0,29,0.0,0.0,29.86116885103812,21.273974994350063,65.04310526043692,83.15549014391456,78.03519050934928,72.66150263138611,71.73173308506553,85.08621052087383,80.40900325671183,0.0,0.0,0.0,0.0,True,False,81.00001336983581
EXC.US,EXC.US,2026-08-19,0,0,29,0.0,0.0,29.86116885103812,21.273974994350063,65.04310526043692,83.15549014391456,78.03519050934928,72.66150263138611,71.73173308506553,85.08621052087383,80.40900325671183,0.0,0.0,0.0,0.0,True,False,81.00001336983581
F.US,F.US,2026-08-19,0,0,29,0.0,0.0,29.86116885103812,21.273974994350063,65.04310526043692,83.15549014391456,78.03519050934928,72.66150263138611,71.73173308506553,85.08621052087383,80.40900325671183,0.0,0.0,0.0,0.0,True,False,81.00001336983581
FANG.US,FANG.US,2026-08-19,0,0,29,0.0,0.0,29.86116885103812,21.273974994350063,65.04310526043692,83.15549014391456,78.03519050934928,72.66150263138611,71.73173308506553,85.08621052087383,80.40900325671183,0.0,0.0,0.0,0.0,True,False,81.00001336983581
FAST.US,FAST.US,2026-08-19,0,0,29,0.0,0.0,22.461416552643733,21.273974994350063,44.99999999999999,92.0,78.03519050934928,72.66150263138611,71.73173308506553,85.08621052087383,80.40900325671183,0.0,0.0,0.0,0.0,True,False,90.2262276750101
FDX.US,FDX.US,2026-08-19,0,0,29,0.0,0.0,22.461416552643733,21.273974994350063,44.99999999999999,92.0,78.03519050934928,72.66150263138611,71.73173308506553,85.08621052087383,80.40900325671183,0.0,0.0,0.0,0.0,True,False,90.2262276750101
FERG.US,FERG.US,2026-08-19,0,0,29,0.0,0.0,22.461416552643733,21.273974994350063,44.99999999999999,92.0,78.03519050934928,72.66150263138611,71.73173308506553,85.08621052087383,80.40900325671183,0.0,0.0,0.0,0.0,True,False,90.2262276750101
FITB.US,FITB.US,2026-08-19,0,0,29,0.0,0.0,22.461416552643733,21.273974994350063,44.99999999999999,92.0,78.03519050934928,72.66150263138611,71.73173308506553,85.08621052087383,80.40900325671183,0.0,0.0,0.0,0.0,True,False,90.2262276750101
GD.US,GD.US,2026-08-19,0,0,29,4.615384615384616,22.461416552643733,22.461416552643733,21.273974994350063,85.08621052087383,83.15549014391456,78.03519050934928,72.66150263138611,71.73173308506553,85.08621052087383,80.40900325671183,0.0,0.0,0.0,0.0,True,False,73.98492652868289
GILD.US,GILD.US,2026-08-19,0,0,29,4.615384615384616,22.461416552643733,22.461416552643733,21.273974994350063,85.08621052087383,74.31098028782912,78.03519050934928,72.66150263138611,71.73173308506553,85.08621052087383,80.40900325671183,0.0,0.0,0.0,0.0,True,False,71.77379906466153
GRMN.US,GRMN.US,2026-08-19,0,0,29,4.615384615384616,22.461416552643733,22.461416552643733,21.273974994350063,85.08621052087383,74.31098028782912,78.03519050934928,72.66150263138611,71.73173308506553,85.08621052087383,80.40900325671183,0.0,0.0,0.0,0.0,True,False,71.77379906466153
GS.US,GS.US,2026-08-19,0,0,29,4.615384615384616,22.461416552643733,22.461416552643733,21.273974994350063,85.08621052087383,74.31098028782912,78.03519050934928,72.66150263138611,71.73173308506553,85.08621052087383,80.40900325671183,0.0,0.0,0.0,0.0,True,False,71.77379906466153
GSK.US,GSK.US,2026-08-19,0,9,24,14.285714285714286,5.897942661070293,5.897942661070293,8.228766865652435,92.0,44.99999999999999,92.0,44.99999999999999,92.0,92.0,44.99999999999999,0.0,0.0,0.0,1.0,True,True,63.1928082835869
HBAN.US,HBAN.US,2026-08-19,1,0,25,8.88888888888889,29.86116885103812,29.86116885103812,21.10307003324167,65.04310526043692,83.15549014391456,92.0,72.66150263138611,71.73173308506553,85.08621052087383,80.40900325671183,0.0,0.0,0.0,0.0,True,True,78.9480181865153
HD.US,HD.US,2026-08-19,1,0,25,2.2222222222222223,37.260921149432505,29.86116885103812,21.10307003324167,65.04310526043692,92.0,92.0,72.66150263138611,71.73173308506553,85.08621052087383,80.40900325671183,0.0,0.0,0.0,0.0,True,True,81.15914565053666
HDB.US,HDB.US,2026-08-19,1,0,25,2.2222222222222223,37.260921149432505,29.86116885103812,21.10307003324167,65.04310526043692,92.0,92.0,72.66150263138611,71.73173308506553,85.08621052087383,80.40900325671183,0.0,0.0,0.0,0.0,True,True,81.15914565053666
HESAY.US,HESAY.US,2026-08-19,1,0,29,16.923076923076923,23.323768634837034,23.0363179407726,18.31407407499231,58.36207017362461,92.0,78.03519050934928,72.66150263138611,71.73173308506553,85.08621052087383,80.40900325671183,0.0,0.0,0.0,0.0,True,False,86.28947834408092
HIG.US,HIG.US,2026-08-19,1,0,29,16.923076923076923,23.323768634837034,23.0363179407726,18.31407407499231,58.36207017362461,92.0,78.03519050934928,72.66150263138611,71.73173308506553,85.08621052087383,80.40900325671183,0.0,0.0,0.0,0.0,True,False,86.28947834408092
HON.US,HON.US,2026-08-19,1,0,29,0.0,24.186120717030335,23.0363179407726,18.31407407499231,58.36207017362461,92.0,78.03519050934928,72.66150263138611,71.73173308506553,85.08621052087383,80.40900325671183,0.0,0.0,0.0,0.0,True,False,86.28947834408092
HPE.US,HPE.US,2026-08-19,1,0,29,0.0,24.186120717030335,23.0363179407726,18.31407407499231,58.36207017362461,92.0,78.03519050934928,72.66150263138611,71.73173308506553,85.08621052087383,80.40900325671183,0.0,0.0,0.0,0.0,True,False,86.28947834408092
HPQ.US,HPQ.US,2026-08-19,1,0,29,0.0,30.72352093323142,26.592468742937577,21.273974994350063,65.04310526043692,83.15549014391456,78.03519050934928,72.66150263138611,71.73173308506553,85.08621052087383,80.40900325671183,0.0,0.0,0.0,0.0,True,False,81.00001336983581
HSBC.US,HSBC.US,2026-08-19,1,0,29,0.0,30.72352093323142,26.592468742937577,21.273974994350063,65.04310526043692,83.15549014391456,78.03519050934928,72.66150263138611,71.73173308506553,85.08621052087383,80.40900325671183,0.0,0.0,0.0,0.0,True,False,81.00001336983581
HSY.US,HSY.US,2026-08-19,0,0,29,0.0,37.260921149432505,26.592468742937577,21.273974994350063,85.08621052087383,83.15549014391456,78.03519050934928,72.66150263138611,71.73173308506553,85.08621052087383,80.40900325671183,0.0,0.0,0.0,0.0,True,False,73.98492652868289
IBM.US,IBM.US,2026-08-19,0,0,29,0.0,37.260921149432505,26.592468742937577,21.273974994350063,85.08621052087383,83.15549014391456,78.03519050934928,72.66150263138611,71.73173308506553,85.08621052087383,80.40900325671183,0.0,0.0,0.0,0.0,True,False,73.98492652868289
ICE.US,ICE.US,2026-08-19,0,0,29,10.769230769230768,29.86116885103812,21.273974994350063,21.273974994350063,65.04310526043692,84.92439211513165,78.03519050934928,72.66150263138611,71.73173308506553,85.08621052087383,80.40900325671183,0.0,0.0,0.0,0.0,True,False,81.44223886264008
INFY.US,INFY.US,2026-08-19,0,0,29,10.769230769230768,29.86116885103812,21.273974994350063,21.273974994350063,65.04310526043692,84.92439211513165,78.03519050934928,72.66150263138611,71.73173308506553,85.08621052087383,80.40900325671183,0.0,0.0,0.0,0.0,True,False,81.44223886264008
ING.US,ING.US,2026-08-19,0,0,29,1.5384615384615385,22.461416552643733,26.592468742937577,21.273974994350063,55.02155263021845,92.0,78.03519050934928,72.66150263138611,71.73173308506553,85.08621052087383,80.40900325671183,0.0,0.0,0.0,0.0,True,False,86.71868425443364
INTU.US,INTU.US,2026-08-19,0,0,29,1.5384615384615385,22.461416552643733,26.592468742937577,21.273974994350063,55.02155263021845,92.0,78.03519050934928,72.66150263138611,71.73173308506553,85.08621052087383,80.40900325671183,0.0,0.0,0.0,0.0,True,False,86.71868425443364
ITUB.US,ITUB.US,2026-08-19,0,0,29,9.230769230769232,22.461416552643733,26.592468742937577,21.273974994350063,55.02155263021845,92.0,78.03519050934928,72.66150263138611,71.73173308506553,85.08621052087383,80.40900325671183,0.0,0.0,0.0,0.0,True,False,86.71868425443364
ITW.US,ITW.US,2026-08-19,0,0,29,9.230769230769232,22.461416552643733,26.592468742937577,21.273974994350063,55.02155263021845,92.0,78.03519050934928,72.66150263138611,71.73173308506553,85.08621052087383,80.40900325671183,0.0,0.0,0.0,0.0,True,False,86.71868425443364
JCI.US,JCI.US,2026-08-19,0,0,29,9.230769230769232,22.461416552643733,27.969486139702195,21.273974994350063,58.36207017362461,92.0,78.03519050934928,72.66150263138611,71.73173308506553,85.08621052087383,80.40900325671183,0.0,0.0,0.0,0.0,True,False,85.54950311424149
JD.US,JD.US,2026-08-19,0,0,29,0.0,0.0,27.969486139702195,21.273974994350063,58.36207017362461,86.10366009594304,78.03519050934928,72.66150263138611,71.73173308506553,85.08621052087383,80.40900325671183,0.0,0.0,0.0,0.0,True,False,84.07541813822725
JNJ.US,JNJ.US,2026-08-19,0,9,24,0.0,0.0,15.633337563367535,11.739179602448639,92.0,44.99999999999999,92.0,44.99999999999999,92.0,92.0,44.99999999999999,0.0,0.0,0.0,0.5,True,True,62.31520509938785
JPM.US,JPM.US,2026-08-19,0,0,25,0.0,0.0,18.001043645238912,18.25281041702985,74.02873684029127,70.43699342927637,92.0,72.66150263138611,71.73173308506553,85.08621052087383,80.40900325671183,0.0,0.0,0.0,0.0,True,True,73.3359878589597
KDP.US,KDP.US,2026-08-19,0,0,25,0.0,0.0,22.89650623206606,18.25281041702985,65.04310526043692,83.15549014391456,92.0,72.66150263138611,71.73173308506553,85.08621052087383,80.40900325671183,0.0,0.0,0.0,0.0,True,True,79.66058309056827
KMB.US,KMB.US,2026-08-19,0,0,25,0.0,0.0,22.89650623206606,18.25281041702985,65.04310526043692,83.15549014391456,92.0,72.66150263138611,71.73173308506553,85.08621052087383,80.40900325671183,0.0,0.0,0.0,0.0,True,True,79.66058309056827
KMI.US,KMI.US,2026-08-19,0,0,29,0.0,0.0,29.86116885103812,21.273974994350063,65.04310526043692,83.15549014391456,78.03519050934928,72.66150263138611,71.73173308506553,85.08621052087383,80.40900325671183,0.0,0.0,0.0,0.0,True,False,81.00001336983581
KO.US,KO.US,2026-08-19,0,0,29,0.0,0.0,29.86116885103812,21.273974994350063,65.04310526043692,83.15549014391456,78.03519050934928,72.66150263138611,71.73173308506553,85.08621052087383,80.40900325671183,0.0,0.0,0.0,0.0,True,False,81.00001336983581
KR.US,KR.US,2026-08-19,0,0,29,0.0,0.0,22.461416552643733,21.273974994350063,44.99999999999999,92.0,78.03519050934928,72.66150263138611,71.73173308506553,85.08621052087383,80.40900325671183,0.0,0.0,0.0,0.0,True,False,90.2262276750101
KVUE.US,KVUE.US,2026-08-19,0,0,29,0.0,0.0,29.86116885103812,21.273974994350063,65.04310526043692,83.15549014391456,78.03519050934928,72.66150263138611,71.73173308506553,85.08621052087383,80.40900325671183,0.0,0.0,0.0,0.0,True,False,81.00001336983581
LHX.US,LHX.US,2026-08-19,0,0,29,0.0,0.0,22.461416552643733,21.273974994350063,44.99999999999999,92.0,78.03519050934928,72.66150263138611,71.73173308506553,85.08621052087383,80.40900325671183,0.0,0.0,0.0,0.0,True,False,90.2262276750101
LIN.US,LIN.US,2026-08-19,0,0,29,0.0,0.0,22.461416552643733,21.273974994350063,44.99999999999999,92.0,78.03519050934928,72.66150263138611,71.73173308506553,85.08621052087383,80.40900325671183,0.0,0.0,0.0,0.0,True,False,90.2262276750101
LMT.US,LMT.US,2026-08-19,0,0,29,0.0,0.0,22.461416552643733,21.273974994350063,44.99999999999999,92.0,78.03519050934928,72.66150263138611,71.73173308506553,85.08621052087383,80.40900325671183,0.0,0.0,0.0,0.0,True,False,90.2262276750101
LOW.US,LOW.US,2026-08-19,0,0,29,4.615384615384616,22.461416552643733,22.461416552643733,21.273974994350063,85.08621052087383,83.15549014391456,78.03519050934928,72.66150263138611,71.73173308506553,85.08621052087383,80.40900325671183,0.0,0.0,0.0,0.0,True,False,73.98492652868289
LRLCY.US,LRLCY.US,2026-08-19,0,0,29,4.615384615384616,22.461416552643733,22.461416552643733,21.273974994350063,85.08621052087383,74.31098028782912,78.03519050934928,72.66150263138611,71.73173308506553,85.08621052087383,80.40900325671183,0.0,0.0,0.0,0.0,True,False,71.77379906466153
LVMUY.US,LVMUY.US,2026-08-19,0,0,29,4.615384615384616,22.461416552643733,22.461416552643733,21.273974994350063,85.08621052087383,74.31098028782912,78.03519050934928,72.66150263138611,71.73173308506553,85.08621052087383,80.40900325671183,0.0,0.0,0.0,0.0,True,False,71.77379906466153
LYG.US,LYG.US,2026-08-19,0,0,29,4.615384615384616,22.461416552643733,22.461416552643733,21.273974994350063,85.08621052087383,74.31098028782912,78.03519050934928,72.66150263138611,71.73173308506553,85.08621052087383,80.40900325671183,0.0,0.0,0.0,0.0,True,False,71.77379906466153
MCD.US,MCD.US,2026-08-19,0,0,29,18.461538461538463,22.461416552643733,22.461416552643733,20.929034161472742,65.04310526043692,83.15549014391456,78.03519050934928,72.66150263138611,71.73173308506553,85.08621052087383,80.40900325671183,0.0,0.0,0.0,0.0,True,False,81.08624857805513
MCHP.US,MCHP.US,2026-08-19,0,0,29,18.461538461538463,22.461416552643733,22.461416552643733,20.929034161472742,65.04310526043692,83.15549014391456,78.03519050934928,72.66150263138611,71.73173308506553,85.08621052087383,80.40900325671183,0.0,0.0,0.0,0.0,True,False,81.08624857805513
MDLZ.US,MDLZ.US,2026-08-19,0,0,29,9.230769230769232,22.461416552643733,22.461416552643733,20.929034161472742,65.04310526043692,92.0,78.03519050934928,72.66150263138611,71.73173308506553,85.08621052087383,80.40900325671183,0.0,0.0,0.0,0.0,True,False,83.2973760420765
MDT.US,MDT.US,2026-08-19,0,0,29,9.230769230769232,22.461416552643733,22.461416552643733,20.929034161472742,65.04310526043692,92.0,78.03519050934928,72.66150263138611,71.73173308506553,85.08621052087383,80.40900325671183,0.0,0.0,0.0,0.0,True,False,83.2973760420765
MET.US,MET.US,2026-08-19,1,0,29,16.923076923076923,23.323768634837034,23.0363179407726,18.31407407499231,58.36207017362461,92.0,78.03519050934928,72.66150263138611,71.73173308506553,85.08621052087383,80.40900325671183,0.0,0.0,0.0,0.0,True,False,86.28947834408092
MFC.US,MFC.US,2026-08-19,1,0,29,16.923076923076923,23.323768634837034,23.0363179407726,18.31407407499231,58.36207017362461,92.0,78.03519050934928,72.66150263138611,71.73173308506553,85.08621052087383,80.40900325671183,0.0,0.0,0.0,0.0,True,False,86.28947834408092
MFG.US,MFG.US,2026-08-19,4,9,24,0.0,17.55206368398101,9.782649668707199,8.228766865652437,92.0,44.99999999999999,92.0,44.99999999999999,92.0,92.0,44.99999999999999,0.0,0.0,0.0,0.5,True,True,63.1928082835869
MMM.US,MMM.US,2026-08-19,5,0,25,0.0,8.210118471584614,22.644152057886952,18.078774545260917,92.0,70.43699342927637,92.0,72.66150263138611,71.73173308506553,85.08621052087383,80.40900325671183,0.0,0.0,0.0,0.0,True,True,67.08955472100388
MO.US,MO.US,2026-08-19,5,0,25,3.333333333333333,15.770857191536502,22.81601302128731,18.25281041702985,88.54310526043692,71.40549014391456,92.0,72.66150263138611,71.73173308506553,85.08621052087383,80.40900325671183,0.0,0.0,0.0,0.0,True,True,68.49808309056827
MPC.US,MPC.US,2026-08-19,5,0,25,3.333333333333333,15.770857191536502,22.81601302128731,18.25281041702985,88.54310526043692,71.40549014391456,92.0,72.66150263138611,71.73173308506553,85.08621052087383,80.40900325671183,0.0,0.0,0.0,0.0,True,True,68.49808309056827
MRK.US,MRK.US,2026-08-19,0,0,29,0.0,37.260921149432505,26.592468742937577,21.273974994350063,85.08621052087383,83.15549014391456,78.03519050934928,72.66150263138611,71.73173308506553,85.08621052087383,80.40900325671183,0.0,0.0,0.0,0.0,True,False,73.98492652868289
MRSH.US,MRSH.US,2026-08-19,0,0,29,0.0,37.260921149432505,26.592468742937577,21.273974994350063,85.08621052087383,83.15549014391456,78.03519050934928,72.66150263138611,71.73173308506553,85.08621052087383,80.40900325671183,0.0,0.0,0.0,0.0,True,False,73.98492652868289
MS.US,MS.US,2026-08-19,0,0,29,10.769230769230768,29.86116885103812,21.273974994350063,21.273974994350063,65.04310526043692,84.92439211513165,78.03519050934928,72.66150263138611,71.73173308506553,85.08621052087383,80.40900325671183,0.0,0.0,0.0,0.0,True,False,81.44223886264008
MSCI.US,MSCI.US,2026-08-19,0,0,29,10.769230769230768,29.86116885103812,21.273974994350063,21.273974994350063,65.04310526043692,84.92439211513165,78.03519050934928,72.66150263138611,71.73173308506553,85.08621052087383,80.40900325671183,0.0,0.0,0.0,0.0,True,False,81.44223886264008
MSI.US,MSI.US,2026-08-19,0,0,29,1.5384615384615385,22.461416552643733,26.592468742937577,21.273974994350063,55.02155263021845,92.0,78.03519050934928,72.66150263138611,71.73173308506553,85.08621052087383,80.40900325671183,0.0,0.0,0.0,0.0,True,False,86.71868425443364
MTB.US,MTB.US,2026-08-19,0,0,29,1.5384615384615385,22.461416552643733,26.592468742937577,21.273974994350063,55.02155263021845,92.0,78.03519050934928,72.66150263138611,71.73173308506553,85.08621052087383,80.40900325671183,0.0,0.0,0.0,0.0,True,False,86.71868425443364
MUFG.US,MUFG.US,2026-08-19,0,0,29,9.230769230769232,22.461416552643733,26.592468742937577,21.273974994350063,55.02155263021845,92.0,78.03519050934928,72.66150263138611,71.73173308506553,85.08621052087383,80.40900325671183,0.0,0.0,0.0,0.0,True,False,86.71868425443364
NDAQ.US,NDAQ.US,2026-08-19,0,0,29,9.230769230769232,22.461416552643733,26.592468742937577,21.273974994350063,55.02155263021845,92.0,78.03519050934928,72.66150263138611,71.73173308506553,85.08621052087383,80.40900325671183,0.0,0.0,0.0,0.0,True,False,86.71868425443364
NEE.US,NEE.US,2026-08-19,0,0,29,9.230769230769232,22.461416552643733,27.969486139702195,21.273974994350063,58.36207017362461,92.0,78.03519050934928,72.66150263138611,71.73173308506553,85.08621052087383,80.40900325671183,0.0,0.0,0.0,0.0,True,False,85.54950311424149
NEM.US,NEM.US,2026-08-19,0,0,29,0.0,0.0,27.969486139702195,21.273974994350063,58.36207017362461,86.10366009594304,78.03519050934928,72.66150263138611,71.73173308506553,85.08621052087383,80.40900325671183,0.0,0.0,0.0,0.0,True,False,84.07541813822725
NGG.US,NGG.US,2026-08-19,0,0,29,0.0,0.0,27.969486139702195,21.273974994350063,58.36207017362461,86.10366009594304,78.03519050934928,72.66150263138611,71.73173308506553,85.08621052087383,80.40900325671183,0.0,0.0,0.0,0.0,True,False,84.07541813822725
NKE.US,NKE.US,2026-08-19,0,0,29,0.0,0.0,27.969486139702195,21.273974994350063,58.36207017362461,86.10366009594304,78.03519050934928,72.66150263138611,71.73173308506553,85.08621052087383,80.40900325671183,0.0,0.0,0.0,0.0,True,False,84.07541813822725
NOC.US,NOC.US,2026-08-19,0,0,29,0.0,0.0,29.86116885103812,21.273974994350063,65.04310526043692,83.15549014391456,78.03519050934928,72.66150263138611,71.73173308506553,85.08621052087383,80.40900325671183,0.0,0.0,0.0,0.0,True,False,81.00001336983581
NOK.US,NOK.US,2026-08-19,0,0,29,0.0,0.0,29.86116885103812,21.273974994350063,65.04310526043692,83.15549014391456,78.03519050934928,72.66150263138611,71.73173308506553,85.08621052087383,80.40900325671183,0.0,0.0,0.0,0.0,True,False,81.00001336983581
NSC.US,NSC.US,2026-08-19,0,0,29,0.0,0.0,29.86116885103812,21.273974994350063,65.04310526043692,83.15549014391456,78.03519050934928,72.66150263138611,71.73173308506553,85.08621052087383,80.40900325671183,0.0,0.0,0.0,0.0,True,False,81.00001336983581
NSRGY.US,NSRGY.US,2026-08-19,0,0,29,0.0,0.0,29.86116885103812,21.273974994350063,65.04310526043692,83.15549014391456,78.03519050934928,72.66150263138611,71.73173308506553,85.08621052087383,80.40900325671183,0.0,0.0,0.0,0.0,True,False,81.00001336983581
NTAP.US,NTAP.US,2026-08-19,0,9,24,0.0,0.0,11.795885322140586,11.739179602448639,92.0,44.99999999999999,92.0,44.99999999999999,92.0,92.0,44.99999999999999,0.0,0.0,0.0,0.5,True,True,62.31520509938785
NTES.US,NTES.US,2026-08-19,0,0,25,0.0,0.0,22.461416552643733,18.25281041702985,44.99999999999999,92.0,92.0,72.66150263138611,71.73173308506553,85.08621052087383,80.40900325671183,0.0,0.0,0.0,0.0,True,True,88.88679739574253
NVO.US,NVO.US,2026-08-19,0,0,25,0.0,0.0,22.461416552643733,18.25281041702985,44.99999999999999,92.0,92.0,72.66150263138611,71.73173308506553,85.08621052087383,80.40900325671183,0.0,0.0,0.0,0.0,True,True,88.88679739574253
NVS.US,NVS.US,2026-08-19,0,0,25,0.0,0.0,22.461416552643733,18.25281041702985,44.99999999999999,92.0,92.0,72.66150263138611,71.73173308506553,85.08621052087383,80.40900325671183,0.0,0.0,0.0,0.0,True,True,88.88679739574253
NWG.US,NWG.US,2026-08-19,0,0,29,4.615384615384616,22.461416552643733,22.461416552643733,21.273974994350063,85.08621052087383,83.15549014391456,78.03519050934928,72.66150263138611,71.73173308506553,85.08621052087383,80.40900325671183,0.0,0.0,0.0,0.0,True,False,73.98492652868289
NXPI.US,NXPI.US,2026-08-19,0,0,29,4.615384615384616,22.461416552643733,22.461416552643733,21.273974994350063,85.08621052087383,74.31098028782912,78.03519050934928,72.66150263138611,71.73173308506553,85.08621052087383,80.40900325671183,0.0,0.0,0.0,0.0,True,False,71.77379906466153
O.US,O.US,2026-08-19,0,0,29,4.615384615384616,22.461416552643733,22.461416552643733,21.273974994350063,85.08621052087383,74.31098028782912,78.03519050934928,72.66150263138611,71.73173308506553,85.08621052087383,80.40900325671183,0.0,0.0,0.0,0.0,True,False,71.77379906466153
OKE.US,OKE.US,2026-08-19,0,0,29,4.615384615384616,22.461416552643733,22.461416552643733,21.273974994350063,85.08621052087383,74.31098028782912,78.03519050934928,72.66150263138611,71.73173308506553,85.08621052087383,80.40900325671183,0.0,0.0,0.0,0.0,True,False,71.77379906466153
ORCL.US,ORCL.US,2026-08-19,0,0,29,18.461538461538463,22.461416552643733,22.461416552643733,20.929034161472742,65.04310526043692,83.15549014391456,78.03519050934928,72.66150263138611,71.73173308506553,85.08621052087383,80.40900325671183,0.0,0.0,0.0,0.0,True,False,81.08624857805513
OXY.US,OXY.US,2026-08-19,0,0,29,18.461538461538463,22.461416552643733,22.461416552643733,20.929034161472742,65.04310526043692,83.15549014391456,78.03519050934928,72.66150263138611,71.73173308506553,85.08621052087383,80.40900325671183,0.0,0.0,0.0,0.0,True,False,81.08624857805513
PAYX.US,PAYX.US,2026-08-19,0,0,29,9.230769230769232,22.461416552643733,22.461416552643733,20.929034161472742,65.04310526043692,92.0,78.03519050934928,72.66150263138611,71.73173308506553,85.08621052087383,80.40900325671183,0.0,0.0,0.0,0.0,True,False,83.2973760420765
PBR.US,PBR.US,2026-08-19,0,0,29,9.230769230769232,22.461416552643733,22.461416552643733,20.929034161472742,65.04310526043692,92.0,78.03519050934928,72.66150263138611,71.73173308506553,85.08621052087383,80.40900325671183,0.0,0.0,0.0,0.0,True,False,83.2973760420765
PCAR.US,PCAR.US,2026-08-19,1,0,29,16.923076923076923,23.323768634837034,23.0363179407726,18.31407407499231,58.36207017362461,92.0,78.03519050934928,72.66150263138611,71.73173308506553,85.08621052087383,80.40900325671183,0.0,0.0,0.0,0.0,True,False,86.28947834408092
PCG.US,PCG.US,2026-08-19,1,0,29,16.923076923076923,23.323768634837034,23.0363179407726,18.31407407499231,58.36207017362461,92.0,78.03519050934928,72.66150263138611,71.73173308506553,85.08621052087383,80.40900325671183,0.0,0.0,0.0,0.0,True,False,86.28947834408092
PEP.US,PEP.US,2026-08-19,1,0,29,0.0,24.186120717030335,23.0363179407726,18.31407407499231,58.36207017362461,92.0,78.03519050934928,72.66150263138611,71.73173308506553,85.08621052087383,80.40900325671183,0.0,0.0,0.0,0.0,True,False,86.28947834408092
PFE.US,PFE.US,2026-08-19,1,0,29,0.0,24.186120717030335,23.0363179407726,18.31407407499231,58.36207017362461,92.0,78.03519050934928,72.66150263138611,71.73173308506553,85.08621052087383,80.40900325671183,0.0,0.0,0.0,0.0,True,False,86.28947834408092
PG.US,PG.US,2026-08-19,1,0,29,0.0,30.72352093323142,26.592468742937577,21.273974994350063,65.04310526043692,83.15549014391456,78.03519050934928,72.66150263138611,71.73173308506553,85.08621052087383,80.40900325671183,0.0,0.0,0.0,0.0,True,False,81.00001336983581
PGR.US,PGR.US,2026-08-19,1,0,29,0.0,30.72352093323142,26.592468742937577,21.273974994350063,65.04310526043692,83.15549014391456,78.03519050934928,72.66150263138611,71.73173308506553,85.08621052087383,80.40900325671183,0.0,0.0,0.0,0.0,True,False,81.00001336983581
PLD.US,PLD.US,2026-08-19,0,0,29,0.0,37.260921149432505,26.592468742937577,21.273974994350063,85.08621052087383,83.15549014391456,78.03519050934928,72.66150263138611,71.73173308506553,85.08621052087383,80.40900325671183,0.0,0.0,0.0,0.0,True,False,73.98492652868289
PM.US,PM.US,2026-08-19,0,0,29,0.0,37.260921149432505,26.592468742937577,21.273974994350063,85.08621052087383,83.15549014391456,78.03519050934928,72.66150263138611,71.73173308506553,85.08621052087383,80.40900325671183,0.0,0.0,0.0,0.0,True,False,73.98492652868289
PNC.US,PNC.US,2026-08-19,0,9,24,8.571428571428571,14.673974503060798,11.739179602448639,11.739179602448639,92.0,44.99999999999999,92.0,44.99999999999999,92.0,92.0,44.99999999999999,0.0,0.0,0.0,0.5,True,True,62.31520509938785
PRU.US,PRU.US,2026-08-19,6,0,25,7.777777777777778,22.89650623206606,18.25281041702985,18.25281041702985,70.43448420834953,83.15549014391456,92.0,72.66150263138611,71.73173308506553,85.08621052087383,80.40900325671183,0.0,0.0,0.0,0.0,True,True,77.77360045879884
PSA.US,PSA.US,2026-08-19,6,0,25,1.1111111111111112,22.461416552643733,22.81601302128731,18.25281041702985,66.77155263021845,92.0,92.0,72.66150263138611,71.73173308506553,85.08621052087383,80.40900325671183,0.0,0.0,0.0,0.0,True,True,81.26675397516608
PSX.US,PSX.US,2026-08-19,6,0,25,1.1111111111111112,22.461416552643733,22.81601302128731,18.25281041702985,66.77155263021845,92.0,92.0,72.66150263138611,71.73173308506553,85.08621052087383,80.40900325671183,0.0,0.0,0.0,0.0,True,True,81.26675397516608
QCOM.US,QCOM.US,2026-08-19,0,0,29,9.230769230769232,22.461416552643733,26.592468742937577,21.273974994350063,55.02155263021845,92.0,78.03519050934928,72.66150263138611,71.73173308506553,85.08621052087383,80.40900325671183,0.0,0.0,0.0,0.0,True,False,86.71868425443364
RACE.US,RACE.US,2026-08-19,0,0,29,9.230769230769232,22.461416552643733,26.592468742937577,21.273974994350063,55.02155263021845,92.0,78.03519050934928,72.66150263138611,71.73173308506553,85.08621052087383,80.40900325671183,0.0,0.0,0.0,0.0,True,False,86.71868425443364
RCL.US,RCL.US,2026-08-19,0,0,29,9.230769230769232,22.461416552643733,27.969486139702195,21.273974994350063,58.36207017362461,92.0,78.03519050934928,72.66150263138611,71.73173308506553,85.08621052087383,80.40900325671183,0.0,0.0,0.0,0.0,True,False,85.54950311424149
RELX.US,RELX.US,2026-08-19,0,0,29,0.0,0.0,27.969486139702195,21.273974994350063,58.36207017362461,86.10366009594304,78.03519050934928,72.66150263138611,71.73173308506553,85.08621052087383,80.40900325671183,0.0,0.0,0.0,0.0,True,False,84.07541813822725
RHHBY.US,RHHBY.US,2026-08-19,0,0,29,0.0,0.0,27.969486139702195,21.273974994350063,58.36207017362461,86.10366009594304,78.03519050934928,72.66150263138611,71.73173308506553,85.08621052087383,80.40900325671183,0.0,0.0,0.0,0.0,True,False,84.07541813822725
RIO.US,RIO.US,2026-08-19,0,0,29,0.0,0.0,27.969486139702195,21.273974994350063,58.36207017362461,86.10366009594304,78.03519050934928,72.66150263138611,71.73173308506553,85.08621052087383,80.40900325671183,0.0,0.0,0.0,0.0,True,False,84.07541813822725
ROK.US,ROK.US,2026-08-19,0,0,29,0.0,0.0,29.86116885103812,21.273974994350063,65.04310526043692,83.15549014391456,78.03519050934928,72.66150263138611,71.73173308506553,85.08621052087383,80.40900325671183,0.0,0.0,0.0,0.0,True,False,81.00001336983581
RSG.US,RSG.US,2026-08-19,0,0,29,0.0,0.0,29.86116885103812,21.273974994350063,65.04310526043692,83.15549014391456,78.03519050934928,72.66150263138611,71.73173308506553,85.08621052087383,80.40900325671183,0.0,0.0,0.0,0.0,True,False,81.00001336983581
RTX.US,RTX.US,2026-08-19,0,0,29,0.0,0.0,29.86116885103812,21.273974994350063,65.04310526043692,83.15549014391456,78.03519050934928,72.66150263138611,71.73173308506553,85.08621052087383,80.40900325671183,0.0,0.0,0.0,0.0,True,False,81.00001336983581
RY.US,RY.US,2026-08-19,0,0,29,0.0,0.0,29.86116885103812,21.273974994350063,65.04310526043692,83.15549014391456,78.03519050934928,72.66150263138611,71.73173308506553,85.08621052087383,80.40900325671183,0.0,0.0,0.0,0.0,True,False,81.00001336983581
SAN.US,SAN.US,2026-08-19,0,0,29,0.0,0.0,22.461416552643733,21.273974994350063,44.99999999999999,92.0,78.03519050934928,72.66150263138611,71.73173308506553,85.08621052087383,80.40900325671183,0.0,0.0,0.0,0.0,True,False,90.2262276750101
SAP.US,SAP.US,2026-08-19,0,0,29,0.0,0.0,22.461416552643733,21.273974994350063,44.99999999999999,92.0,78.03519050934928,72.66150263138611,71.73173308506553,85.08621052087383,80.40900325671183,0.0,0.0,0.0,0.0,True,False,90.2262276750101
SBGSY.US,SBGSY.US,2026-08-19,0,0,29,0.0,0.0,22.461416552643733,21.273974994350063,44.99999999999999,92.0,78.03519050934928,72.66150263138611,71.73173308506553,85.08621052087383,80.40900325671183,0.0,0.0,0.0,0.0,True,False,90.2262276750101
SBUX.US,SBUX.US,2026-08-19,0,0,29,0.0,0.0,22.461416552643733,21.273974994350063,44.99999999999999,92.0,78.03519050934928,72.66150263138611,71.73173308506553,85.08621052087383,80.40900325671183,0.0,0.0,0.0,0.0,True,False,90.2262276750101
SCCO.US,SCCO.US,2026-08-19,0,0,29,4.615384615384616,22.461416552643733,22.461416552643733,21.273974994350063,85.08621052087383,83.15549014391456,78.03519050934928,72.66150263138611,71.73173308506553,85.08621052087383,80.40900325671183,0.0,0.0,0.0,0.0,True,False,73.98492652868289
SCHW.US,SCHW.US,2026-08-19,0,0,29,4.615384615384616,22.461416552643733,22.461416552643733,21.273974994350063,85.08621052087383,74.31098028782912,78.03519050934928,72.66150263138611,71.73173308506553,85.08621052087383,80.40900325671183,0.0,0.0,0.0,0.0,True,False,71.77379906466153
SHEL.US,SHEL.US,2026-08-19,0,9,24,7.142857142857143,0.0,0.0,9.380002538020522,92.0,44.99999999999999,92.0,44.99999999999999,92.0,92.0,44.99999999999999,0.0,0.0,0.0,0.5,True,True,62.90499936549489
SIEGY.US,SIEGY.US,2026-08-19,0,0,25,3.333333333333333,22.461416552643733,22.461416552643733,15.292909497672094,85.08621052087383,74.31098028782912,92.0,72.66150263138611,71.73173308506553,85.08621052087383,80.40900325671183,0.0,0.0,0.0,0.0,True,True,71.17434401523342
SLB.US,SLB.US,2026-08-19,1,0,25,8.88888888888889,29.86116885103812,29.86116885103812,21.10307003324167,65.04310526043692,83.15549014391456,92.0,72.66150263138611,71.73173308506553,85.08621052087383,80.40900325671183,0.0,0.0,0.0,0.0,True,True,78.9480181865153
SMFG.US,SMFG.US,2026-08-19,1,0,25,8.88888888888889,29.86116885103812,29.86116885103812,21.10307003324167,65.04310526043692,83.15549014391456,92.0,72.66150263138611,71.73173308506553,85.08621052087383,80.40900325671183,0.0,0.0,0.0,0.0,True,True,78.9480181865153
SNY.US,SNY.US,2026-08-19,0,0,29,9.230769230769232,22.461416552643733,22.461416552643733,20.929034161472742,65.04310526043692,92.0,78.03519050934928,72.66150263138611,71.73173308506553,85.08621052087383,80.40900325671183,0.0,0.0,0.0,0.0,True,False,83.2973760420765
SO.US,SO.US,2026-08-19,0,0,29,9.230769230769232,22.461416552643733,22.461416552643733,20.929034161472742,65.04310526043692,92.0,78.03519050934928,72.66150263138611,71.73173308506553,85.08621052087383,80.40900325671183,0.0,0.0,0.0,0.0,True,False,83.2973760420765
SPG.US,SPG.US,2026-08-19,1,0,29,16.923076923076923,23.323768634837034,23.0363179407726,18.31407407499231,58.36207017362461,92.0,78.03519050934928,72.66150263138611,71.73173308506553,85.08621052087383,80.40900325671183,0.0,0.0,0.0,0.0,True,False,86.28947834408092
SRE.US,SRE.US,2026-08-19,1,0,29,16.923076923076923,23.323768634837034,23.0363179407726,18.31407407499231,58.36207017362461,92.0,78.03519050934928,72.66150263138611,71.73173308506553,85.08621052087383,80.40900325671183,0.0,0.0,0.0,0.0,True,False,86.28947834408092
STT.US,STT.US,2026-08-19,1,0,29,0.0,24.186120717030335,23.0363179407726,18.31407407499231,58.36207017362461,92.0,78.03519050934928,72.66150263138611,71.73173308506553,85.08621052087383,80.40900325671183,0.0,0.0,0.0,0.0,True,False,86.28947834408092
SU.US,SU.US,2026-08-19,1,0,29,0.0,24.186120717030335,23.0363179407726,18.31407407499231,58.36207017362461,92.0,78.03519050934928,72.66150263138611,71.73173308506553,85.08621052087383,80.40900325671183,0.0,0.0,0.0,0.0,True,False,86.28947834408092
SYK.US,SYK.US,2026-08-19,1,0,29,0.0,30.72352093323142,26.592468742937577,21.273974994350063,65.04310526043692,83.15549014391456,78.03519050934928,72.66150263138611,71.73173308506553,85.08621052087383,80.40900325671183,0.0,0.0,0.0,0.0,True,False,81.00001336983581
SYY.US,SYY.US,2026-08-19,1,0,29,0.0,30.72352093323142,26.592468742937577,21.273974994350063,65.04310526043692,83.15549014391456,78.03519050934928,72.66150263138611,71.73173308506553,85.08621052087383,80.40900325671183,0.0,0.0,0.0,0.0,True,False,81.00001336983581
T.US,T.US,2026-08-19,0,0,29,0.0,37.260921149432505,26.592468742937577,21.273974994350063,85.08621052087383,83.15549014391456,78.03519050934928,72.66150263138611,71.73173308506553,85.08621052087383,80.40900325671183,0.0,0.0,0.0,0.0,True,False,73.98492652868289
TCEHY.US,TCEHY.US,2026-08-19,0,0,29,0.0,37.260921149432505,26.592468742937577,21.273974994350063,85.08621052087383,83.15549014391456,78.03519050934928,72.66150263138611,71.73173308506553,85.08621052087383,80.40900325671183,0.0,0.0,0.0,0.0,True,False,73.98492652868289
TD.US,TD.US,2026-08-19,0,0,29,10.769230769230768,29.86116885103812,21.273974994350063,21.273974994350063,65.04310526043692,84.92439211513165,78.03519050934928,72.66150263138611,71.73173308506553,85.08621052087383,80.40900325671183,0.0,0.0,0.0,0.0,True,False,81.44223886264008
TEL.US,TEL.US,2026-08-19,0,0,29,10.769230769230768,29.86116885103812,21.273974994350063,21.273974994350063,65.04310526043692,84.92439211513165,78.03519050934928,72.66150263138611,71.73173308506553,85.08621052087383,80.40900325671183,0.0,0.0,0.0,0.0,True,False,81.44223886264008
TFC.US,TFC.US,2026-08-19,0,0,29,1.5384615384615385,22.461416552643733,26.592468742937577,21.273974994350063,55.02155263021845,92.0,78.03519050934928,72.66150263138611,71.73173308506553,85.08621052087383,80.40900325671183,0.0,0.0,0.0,0.0,True,False,86.71868425443364
TGT.US,TGT.US,2026-08-19,0,0,29,1.5384615384615385,22.461416552643733,26.592468742937577,21.273974994350063,55.02155263021845,92.0,78.03519050934928,72.66150263138611,71.73173308506553,85.08621052087383,80.40900325671183,0.0,0.0,0.0,0.0,True,False,86.71868425443364
TJX.US,TJX.US,2026-08-19,0,0,29,9.230769230769232,22.461416552643733,26.592468742937577,21.273974994350063,55.02155263021845,92.0,78.03519050934928,72.66150263138611,71.73173308506553,85.08621052087383,80.40900325671183,0.0,0.0,0.0,0.0,True,False,86.71868425443364
TM.US,TM.US,2026-08-19,0,0,29,9.230769230769232,22.461416552643733,26.592468742937577,21.273974994350063,55.02155263021845,92.0,78.03519050934928,72.66150263138611,71.73173308506553,85.08621052087383,80.40900325671183,0.0,0.0,0.0,0.0,True,False,86.71868425443364
TMUS.US,TMUS.US,2026-08-19,0,9,24,0.0,11.795885322140586,15.633337563367535,11.739179602448639,92.0,44.99999999999999,92.0,44.99999999999999,92.0,92.0,44.99999999999999,0.0,0.0,0.0,0.5,True,True,62.31520509938785
TOELY.US,TOELY.US,2026-08-19,0,0,25,0.0,0.0,18.001043645238912,18.25281041702985,74.02873684029127,70.43699342927637,92.0,72.66150263138611,71.73173308506553,85.08621052087383,80.40900325671183,0.0,0.0,0.0,0.0,True,True,73.3359878589597
TPR.US,TPR.US,2026-08-19,0,0,25,0.0,0.0,18.001043645238912,18.25281041702985,74.02873684029127,70.43699342927637,92.0,72.66150263138611,71.73173308506553,85.08621052087383,80.40900325671183,0.0,0.0,0.0,0.0,True,True,73.3359878589597
TRGP.US,TRGP.US,2026-08-19,0,0,25,0.0,0.0,18.001043645238912,18.25281041702985,74.02873684029127,70.43699342927637,92.0,72.66150263138611,71.73173308506553,85.08621052087383,80.40900325671183,0.0,0.0,0.0,0.0,True,True,73.3359878589597
TRI.US,TRI.US,2026-08-19,0,0,29,0.0,0.0,29.86116885103812,21.273974994350063,65.04310526043692,83.15549014391456,78.03519050934928,72.66150263138611,71.73173308506553,85.08621052087383,80.40900325671183,0.0,0.0,0.0,0.0,True,False,81.00001336983581
TRP.US,TRP.US,2026-08-19,0,0,29,0.0,0.0,29.86116885103812,21.273974994350063,65.04310526043692,83.15549014391456,78.03519050934928,72.66150263138611,71.73173308506553,85.08621052087383,80.40900325671183,0.0,0.0,0.0,0.0,True,False,81.00001336983581
TRV.US,TRV.US,2026-08-19,0,0,29,0.0,0.0,29.86116885103812,21.273974994350063,65.04310526043692,83.15549014391456,78.03519050934928,72.66150263138611,71.73173308506553,85.08621052087383,80.40900325671183,0.0,0.0,0.0,0.0,True,False,81.00001336983581
TTE.US,TTE.US,2026-08-19,0,0,29,0.0,0.0,29.86116885103812,21.273974994350063,65.04310526043692,83.15549014391456,78.03519050934928,72.66150263138611,71.73173308506553,85.08621052087383,80.40900325671183,0.0,0.0,0.0,0.0,True,False,81.00001336983581
TXN.US,TXN.US,2026-08-19,0,0,29,0.0,0.0,22.461416552643733,21.273974994350063,44.99999999999999,92.0,78.03519050934928,72.66150263138611,71.73173308506553,85.08621052087383,80.40900325671183,0.0,0.0,0.0,0.0,True,False,90.2262276750101
UBS.US,UBS.US,2026-08-19,0,0,29,0.0,0.0,22.461416552643733,21.273974994350063,44.99999999999999,92.0,78.03519050934928,72.66150263138611,71.73173308506553,85.08621052087383,80.40900325671183,0.0,0.0,0.0,0.0,True,False,90.2262276750101
UL.US,UL.US,2026-08-19,0,0,29,0.0,0.0,22.461416552643733,21.273974994350063,44.99999999999999,92.0,78.03519050934928,72.66150263138611,71.73173308506553,85.08621052087383,80.40900325671183,0.0,0.0,0.0,0.0,True,False,90.2262276750101
UMC.US,UMC.US,2026-08-19,0,0,29,0.0,0.0,22.461416552643733,21.273974994350063,44.99999999999999,92.0,78.03519050934928,72.66150263138611,71.73173308506553,85.08621052087383,80.40900325671183,0.0,0.0,0.0,0.0,True,False,90.2262276750101
UNCRY.US,UNCRY.US,2026-08-19,0,0,29,4.615384615384616,22.461416552643733,22.461416552643733,21.273974994350063,85.08621052087383,74.31098028782912,78.03519050934928,72.66150263138611,71.73173308506553,85.08621052087383,80.40900325671183,0.0,0.0,0.0,0.0,True,False,71.77379906466153
UNH.US,UNH.US,2026-08-19,0,0,29,4.615384615384616,22.461416552643733,22.461416552643733,21.273974994350063,85.08621052087383,83.15549014391456,78.03519050934928,72.66150263138611,71.73173308506553,85.08621052087383,80.40900325671183,0.0,0.0,0.0,0.0,True,False,73.98492652868289
UNP.US,UNP.US,2026-08-19,0,0,29,4.615384615384616,22.461416552643733,22.461416552643733,21.273974994350063,85.08621052087383,74.31098028782912,78.03519050934928,72.66150263138611,71.73173308506553,85.08621052087383,80.40900325671183,0.0,0.0,0.0,0.0,True,False,71.77379906466153
UPS.US,UPS.US,2026-08-19,0,0,29,4.615384615384616,22.461416552643733,22.461416552643733,21.273974994350063,85.08621052087383,74.31098028782912,78.03519050934928,72.66150263138611,71.73173308506553,85.08621052087383,80.40900325671183,0.0,0.0,0.0,0.0,True,False,71.77379906466153
USB.US,USB.US,2026-08-19,0,0,29,4.615384615384616,22.461416552643733,22.461416552643733,21.273974994350063,85.08621052087383,74.31098028782912,78.03519050934928,72.66150263138611,71.73173308506553,85.08621052087383,80.40900325671183,0.0,0.0,0.0,0.0,True,False,71.77379906466153
VALE.US,VALE.US,2026-08-19,0,0,29,18.461538461538463,22.461416552643733,22.461416552643733,20.929034161472742,65.04310526043692,83.15549014391456,78.03519050934928,72.66150263138611,71.73173308506553,85.08621052087383,80.40900325671183,0.0,0.0,0.0,0.0,True,False,81.08624857805513
VLO.US,VLO.US,2026-08-19,0,0,29,18.461538461538463,22.461416552643733,22.461416552643733,20.929034161472742,65.04310526043692,83.15549014391456,78.03519050934928,72.66150263138611,71.73173308506553,85.08621052087383,80.40900325671183,0.0,0.0,0.0,0.0,True,False,81.08624857805513
VTR.US,VTR.US,2026-08-19,0,0,29,9.230769230769232,22.461416552643733,22.461416552643733,20.929034161472742,65.04310526043692,92.0,78.03519050934928,72.66150263138611,71.73173308506553,85.08621052087383,80.40900325671183,0.0,0.0,0.0,0.0,True,False,83.2973760420765
VZ.US,VZ.US,2026-08-19,0,0,29,9.230769230769232,22.461416552643733,22.461416552643733,20.929034161472742,65.04310526043692,92.0,78.03519050934928,72.66150263138611,71.73173308506553,85.08621052087383,80.40900325671183,0.0,0.0,0.0,0.0,True,False,83.2973760420765
WELL.US,WELL.US,2026-08-19,4,9,24,5.7142857142857135,14.673974503060798,9.782649668707199,8.228766865652437,92.0,44.99999999999999,92.0,44.99999999999999,92.0,92.0,44.99999999999999,0.0,0.0,0.0,0.5,True,True,63.1928082835869
WFC.US,WFC.US,2026-08-19,6,0,25,7.777777777777778,22.73551981050856,22.644152057886952,18.078774545260917,74.02873684029127,70.43699342927637,92.0,72.66150263138611,71.73173308506553,85.08621052087383,80.40900325671183,0.0,0.0,0.0,0.0,True,True,73.37949682690193
WM.US,WM.US,2026-08-19,5,0,25,0.0,8.210118471584614,22.644152057886952,18.078774545260917,92.0,70.43699342927637,92.0,72.66150263138611,71.73173308506553,85.08621052087383,80.40900325671183,0.0,0.0,0.0,0.0,True,True,67.08955472100388
WMB.US,WMB.US,2026-08-19,5,0,25,0.0,8.210118471584614,22.644152057886952,18.078774545260917,92.0,70.43699342927637,92.0,72.66150263138611,71.73173308506553,85.08621052087383,80.40900325671183,0.0,0.0,0.0,0.0,True,True,67.08955472100388
XEL.US,XEL.US,2026-08-19,1,0,29,0.0,30.72352093323142,26.592468742937577,21.273974994350063,65.04310526043692,83.15549014391456,78.03519050934928,72.66150263138611,71.73173308506553,85.08621052087383,80.40900325671183,0.0,0.0,0.0,0.0,True,False,81.00001336983581
XOM.US,XOM.US,2026-08-19,1,0,29,0.0,30.72352093323142,26.592468742937577,21.273974994350063,65.04310526043692,83.15549014391456,78.03519050934928,72.66150263138611,71.73173308506553,85.08621052087383,80.40900325671183,0.0,0.0,0.0,0.0,True,False,81.00001336983581
YUM.US,YUM.US,2026-08-19,0,0,29,0.0,37.260921149432505,26.592468742937577,21.273974994350063,85.08621052087383,83.15549014391456,78.03519050934928,72.66150263138611,71.73173308506553,85.08621052087383,80.40900325671183,0.0,0.0,0.0,0.0,True,False,73.98492652868289
ZTS.US,ZTS.US,2026-08-19,0,0,29,0.0,37.260921149432505,26.592468742937577,21.273974994350063,85.08621052087383,83.15549014391456,78.03519050934928,72.66150263138611,71.73173308506553,85.08621052087383,80.40900325671183,0.0,0.0,0.0,0.0,True,False,73.98492652868289
