security_id,ticker,issuer_id,company_name,country,region,sector,currency,industry,current_weight,current_market_value_usd,final_recommendation,final_recommendation_score,scorecard_score,portfolio_fit_score,regime_suitability_score,sentiment_alt_data_score,narrative_reframing_score,expected_total_return_12m,expected_dividend_return_12m,expected_volatility_12m,p5_return_12m,p50_return_12m,p95_return_12m,var_5_12m,cvar_5_12m,expected_shortfall_5_12m,dividend_cut_probability,large_drawdown_probability_12m,tail_risk_score,skewness_risk_score,forecast_uncertainty_score,liquidity_score,average_daily_value_usd,liquidity_observation_count,market_cap_usd,dividend_yield,free_cash_flow_yield,balance_sheet_strength_score,cashflow_quality_score,dividend_safety_score,regime_review_required_flag,regime_exclusion_flag,reframing_review_required_flag,reframing_exclusion_flag,alt_data_review_required_flag,alt_data_exclusion_flag,price_data_quality_score,price_data_exclusion_flag,sector_data_source,liquidity_data_source,market_cap_data_source,fundamentals_data_source,is_synthetic_data,is_synthetic_fundamentals,instrument_type,listing_status,risk_management_flags,target_weight,portfolio_method,eligible_for_optimisation,fallback_eligibility_used,optimisation_feasible,optimisation_status,eligible_security_count,candidate_security_count,unconstrained_turnover,projected_turnover,turnover_constraint_applied,no_trade_band_applied,retention_eligible,turnover_constraint_skipped_for_hard_exit,turnover_constraint_skipped_for_infeasible_current
000333.SHE,000333.SHE,NAME:mideagroupcoltd,Midea Group Co Ltd,China,Mainland China,Consumer Discretionary,CNY,"Furnishings, Fixtures & Appliances",0.0,0.0,Hold,70.0164388611297,70.0164388611297,91.50838243426061,71.6719905516346,52.77083333333333,84.07541813822725,0.35,0.0504,0.1898108212580659,-0.1393651736607553,0.35,0.7690534669804814,0.0073073538200085775,-0.059126433620314486,-0.059126433620314486,0.295166429618148,0.2690119292474838,8.446633374330641,46.93341496953303,32.195370616134035,88.87303851640513,457035391.3178432,60,94144678368.21568,0.0504,0.06650385466659237,94.78087851272029,63.399850082282434,66.6173441071769,False,False,True,False,False,False,100.0,False,yahoo_finance,yahoo_finance_3m_average_volume,yahoo_finance,"bloomberg_database_as_of,eastmoney_china_financials,yahoo_finance_timeseries",False,False,Equity,Active,narrative_review;,0.05,mean_variance,True,False,True,optimal,151,148,0.95,0.95,False,False,True,True,True
HIG.US,HIG.US,NAME:hartfordfinancialservicesgroup,Hartford Financial Services Group,United States,US,Financials,USD,Insurance - Diversified,0.0,0.0,Hold,69.84803022964932,69.84803022964932,82.29671897289586,77.67815573470742,57.10416666666667,84.07541813822725,0.35,0.0167,0.19287713665688405,-0.14704663715098187,0.35,0.7757247326566863,0.0017812608838347899,-0.06572573694607463,-0.06572573694607463,0.2824988309495793,0.27430191239437746,9.389390992296375,46.86169617355935,32.70404735854442,78.67332382310984,258442551.05999997,60,39614644224.0,0.0167,0.1452240733873516,42.50713266761769,84.29263427537616,68.0553787243933,False,False,True,False,False,False,100.0,False,yahoo_finance,yahoo_finance_3m_average_volume,yahoo_finance,"bloomberg_database_as_of,finnhub_reported,yahoo_finance_timeseries",False,False,Equity,Active,narrative_review;,0.05,mean_variance,True,False,True,optimal,151,148,0.95,0.95,False,False,True,True,True
601398.SHG,601398.SHG,NAME:industrialandcommercialbankofchinaltd,Industrial and Commercial Bank of China Ltd,China,Mainland China,Financials,CNY,Banks - Diversified,0.0,0.0,Hold,66.96616535201487,66.96616535201487,90.34061184543562,87.5040581067192,66.45416666666668,81.00001336983581,0.35,0.040999999999999995,0.1836207784780088,-0.11679970496626851,0.35,0.7526367215604559,0.019010831386847393,-0.04525644108045569,-0.04525644108045569,0.24194327539402372,0.27341315842852515,6.465205868636528,44.57538695527725,30.813797435327995,87.94579172610555,438453247.5124157,60,396674250329.90424,0.040999999999999995,0.692729631756139,42.50713266761769,92.68859433291875,76.84061435830513,False,False,True,False,False,False,100.0,False,yahoo_finance,yahoo_finance_3m_average_volume,yahoo_finance,"bloomberg_database_as_of,eastmoney_china_financials,yahoo_finance_timeseries",False,False,Equity,Active,narrative_review;,0.0,mean_variance,True,False,True,optimal,151,148,0.95,0.95,False,False,True,True,True
600036.SHG,600036.SHG,NAME:chinamerchantsbankcoltd,China Merchants Bank Co Ltd,China,Mainland China,Financials,CNY,Banks - Regional,0.0,0.0,Hold,65.19755558744342,65.19755558744342,95.95954907796057,87.4326011178244,52.60416666666667,83.2973760420765,0.35,0.10310000000000001,0.1665442861478496,-0.07804231373235881,0.35,0.7163877731988229,0.04928104122121291,-0.009009458930534453,-0.009009458930534453,0.2904988309495793,0.27237749421238006,1.287065561504922,47.07041715255965,28.15548903675363,90.87018544935806,542763029.738678,60,144633145484.21426,0.10310000000000001,0.43419559246677975,42.50713266761769,88.61806151910795,75.69901521742375,False,False,True,False,False,False,100.0,False,yahoo_finance,yahoo_finance_3m_average_volume,yahoo_finance,"bloomberg_database_as_of,eastmoney_china_financials,yahoo_finance_timeseries",False,False,Equity,Active,narrative_review;,0.05,mean_variance,True,False,True,optimal,151,148,0.95,0.95,False,False,True,True,True
AD.AS,AD.AS,NAME:koninklijkeaholddelhaizenv,Koninklijke Ahold Delhaize NV,Netherlands,EU ex-DACH,Consumer Staples,EUR,Grocery Stores,0.0,0.0,Hold,64.75429574911064,64.75429574911064,68.24960448853264,74.53831655477227,66.45416666666668,84.07541813822725,0.35,0.0424,0.20748941537939083,-0.18467758031370363,0.35,0.8079407882790781,-0.024637183066707147,-0.09725847844949394,-0.09725847844949394,0.23314503158180977,0.2974274573961667,13.894068349927707,46.87251601550131,35.179502959856215,61.62624821683309,94561549.74311069,60,33767453676.763763,0.0424,0.15125737865729166,48.819984828888686,70.23389888174613,72.84026861583601,False,False,True,False,False,False,100.0,False,yahoo_finance,yahoo_finance_3m_average_volume,yahoo_finance,"bloomberg_database_as_of,yahoo_finance_timeseries",False,False,Equity,Active,narrative_review;,0.05,mean_variance,True,False,True,optimal,151,148,0.95,0.95,False,False,True,True,True
3988.HK,3988.HK,NAME:bankofchinaltdh,Bank of China Ltd H,Hong Kong,Hong Kong,Financials,HKD,Banks - Diversified,0.0,0.0,Hold,64.57608182584445,64.57608182584445,92.73628821255384,83.52728220640475,45.4375,81.08624857805513,0.35,0.0484,0.18855693406961355,-0.13968780191294827,0.35,0.767274439817567,0.009169586964106857,-0.056825339960257876,-0.056825339960257876,0.30027660872735706,0.2805713656130585,8.117905708608268,48.54235957913366,32.14375421308168,70.25677603423681,154213929.70758748,60,214712469258.58444,0.0484,0.5256264956179457,42.50713266761769,89.39155249133542,81.63898441691349,False,False,True,False,True,False,100.0,False,yahoo_finance,yahoo_finance_3m_average_volume,yahoo_finance,"bloomberg_database_as_of,yahoo_finance_timeseries",False,False,Equity,Active,alt_data_review;narrative_review;,0.05,mean_variance,True,False,True,optimal,151,148,0.95,0.95,False,False,True,True,True
601728.SHG,601728.SHG,NAME:chinatelecomcorpltd,China Telecom Corp Ltd,China,Mainland China,Communication Services,CNY,Telecom Services,0.0,0.0,Hold,64,64,86.83383581119881,67.64981985376433,72.52083333333334,81.00001336983581,0.35,0.0432,0.2328969102436732,-0.27519931379640383,0.35,0.8734266041136324,-0.0729082614365561,-0.15442218002184172,-0.15442218002184172,0.3053442073959258,0.32886480682139196,22.060311431691677,54.387550416095074,40.70858464584889,72.25392296718974,176260649.9645264,60,83586685018.32802,0.0432,0.09214804807443681,91.76156137675963,70.93015646774714,55.7469888628033,False,False,True,False,False,False,100.0,False,yahoo_finance,yahoo_finance_3m_average_volume,yahoo_finance,"bloomberg_database_as_of,eastmoney_china_financials,yahoo_finance_timeseries",False,False,Equity,Active,narrative_review;ml_drawdown_risk;ml_downside_tail_risk;ml_asymmetric_downside;ml_downside_skew;,0.0,mean_variance,True,False,True,optimal,151,148,0.95,0.95,False,False,True,True,True
002352.SHE,002352.SHE,NAME:sfholdingcoltd,S.F. Holding Co. Ltd,China,Mainland China,Industrials,CNY,Integrated Freight & Logistics,0.0,0.0,Hold,64,64,78.33805922009319,68.93303321979793,55.47916666666667,71.77379906466153,0.35,0.0264,0.2033399654211385,-0.18562783381209758,0.35,0.8019009917552408,-0.01852490809101387,-0.08969389598841233,-0.08969389598841233,0.23995754072925912,0.337176081440741,12.813413712630334,51.82572312858406,34.999123874002976,64.69329529243937,112029092.85207519,60,25915624963.9352,0.0264,0.10332327968980196,77.65098671662786,59.52774257399105,61.47159684971821,False,False,True,False,False,False,100.0,False,yahoo_finance,yahoo_finance_3m_average_volume,yahoo_finance,"bloomberg_database_as_of,eastmoney_china_financials,yahoo_finance_timeseries",False,False,Equity,Active,narrative_review;ml_drawdown_risk;,0.05,mean_variance,True,False,True,optimal,151,148,0.95,0.95,False,False,True,True,True
002415.SHE,002415.SHE,NAME:hangzhouhikvisiondigitaltechnologycoltd,Hangzhou Hikvision Digital Technology Co Ltd,China,Mainland China,Technology,CNY,Computer Hardware,0.0,0.0,Hold,64,64,79.69840116304815,67.15079017429723,23.270833333333332,71.77379906466153,0.35,0.030699999999999998,0.28071702212474037,-0.40294881402686,0.35,0.9833897693566854,-0.15910480542910932,-0.2573557631727684,-0.2573557631727684,0.2879575407292591,0.3232213139301584,36.76510902468121,52.80017303120915,49.133386849011984,90.01426533523538,494957623.8145915,60,50446349561.31016,0.030699999999999998,0.06386544346652036,98.18933106951788,72.93222073224409,54.36194787928413,False,False,True,False,True,False,100.0,False,yahoo_finance,yahoo_finance_3m_average_volume,yahoo_finance,"bloomberg_database_as_of,eastmoney_china_financials,yahoo_finance_timeseries",False,False,Equity,Active,alt_data_review;narrative_review;ml_drawdown_risk;ml_downside_tail_risk;ml_asymmetric_downside;ml_cvar_risk;ml_expected_shortfall_risk;,0.0,mean_variance,True,False,True,optimal,151,148,0.95,0.95,False,False,True,True,True
0728.HK,0728.HK,NAME:chinatelecom,China Telecom,Hong Kong,Hong Kong,Communication Services,HKD,Telecom Services,0.0,0.0,Buy,64,64,92.98379177888766,67.30917061015761,76.95416666666668,85.54950311424149,0.35,0.0666,0.21980320031380438,-0.23657528311219034,0.35,0.8422555398905619,-0.0488815243490186,-0.12581264445885013,-0.12581264445885013,0.29633531850703687,0.3262126725963093,17.97323492269288,53.59644091149152,38.23496857590333,48.14550641940086,44845360.439574435,60,52524642799.00618,0.0666,0.14664259400917684,91.76156137675963,72.01416775733303,64.31110086700826,False,False,True,False,False,False,100.0,False,yahoo_finance,yahoo_finance_3m_average_volume,yahoo_finance,"bloomberg_database_as_of,eastmoney_hk_financials,yahoo_finance_timeseries",False,False,Equity,Active,narrative_review;ml_drawdown_risk;ml_downside_tail_risk;ml_asymmetric_downside;,0.05,mean_variance,True,False,True,optimal,151,148,0.95,0.95,False,False,True,True,True
600050.SHG,600050.SHG,NAME:chinaunitednetworkcommunicationsltd,China United Network Communications Ltd,China,Mainland China,Communication Services,CNY,Telecom Services,0.0,0.0,Hold,64,64,85.00680300092777,75.99439121745968,61.10416666666667,86.28947834408092,0.35,0.0373,0.22366121100187256,-0.23588632984023372,0.35,0.8470527373694425,-0.05478202305829477,-0.13306344690895017,-0.13306344690895017,0.23195754072925912,0.32501534978590685,19.00906384413574,49.99179255302628,38.38056933628638,67.97432239657631,132320803.0034291,60,19870674593.8276,0.0373,0.17746164320323657,92.05071052675973,71.56831247707463,69.41947521271342,False,False,True,False,False,False,100.0,False,yahoo_finance,yahoo_finance_3m_average_volume,yahoo_finance,"bloomberg_database_as_of,eastmoney_china_financials,yahoo_finance_timeseries",False,False,Equity,Active,narrative_review;ml_drawdown_risk;ml_downside_tail_risk;ml_asymmetric_downside;,0.0,mean_variance,True,False,True,optimal,151,148,0.95,0.95,False,False,True,True,True
AIG.US,AIG.US,NAME:americaninternationalgroupinc,American International Group Inc,United States,US,Financials,USD,Insurance - Diversified,0.0,0.0,Hold,64,64,83.22771041369472,71.80301740973283,56.77083333333333,90.2262276750101,0.35,0.025,0.24447784638235695,-0.28924200689135215,0.35,0.8944697288151542,-0.09200169107811756,-0.1775689373119425,-0.1775689373119425,0.2513877198384682,0.3046577247671175,25.36699104456322,48.689076233661844,41.95206519192194,81.59771754636233,311011646.88,60,42400591872.0,0.025,0.07815928631384177,42.50713266761769,68.5383086787672,65.80972163938341,False,False,True,False,False,False,100.0,False,yahoo_finance,yahoo_finance_3m_average_volume,yahoo_finance,"bloomberg_database_as_of,finnhub_reported,yahoo_finance_timeseries",False,False,Equity,Active,narrative_review;ml_drawdown_risk;ml_downside_tail_risk;ml_asymmetric_downside;,0.0,mean_variance,True,False,True,optimal,151,148,0.95,0.95,False,False,True,True,True
ALL.US,ALL.US,NAME:theallstatecorporation,The Allstate Corporation,United States,US,Financials,USD,Insurance - Property & Casualty,0.0,0.0,Hold,64,64,79.4302781740371,82.163721015666,57.10416666666667,71.77379906466153,0.35,0.0165,0.2488786923939849,-0.308585359466768,0.35,0.9072086391858994,-0.10068862170399018,-0.18779616404188487,-0.18779616404188487,0.2824988309495793,0.3092259626666397,26.828023434554982,50.8913942818973,43.08909640148278,89.87161198288159,485300642.64000005,60,69563744256.0,0.0165,0.14205675823937064,42.50713266761769,74.57349512663754,71.41540017111014,False,False,True,False,False,False,100.0,False,yahoo_finance,yahoo_finance_3m_average_volume,yahoo_finance,"bloomberg_database_as_of,finnhub_reported,yahoo_finance_timeseries",False,False,Equity,Active,narrative_review;ml_drawdown_risk;ml_downside_tail_risk;ml_asymmetric_downside;,0.0,mean_variance,True,False,True,optimal,151,148,0.95,0.95,False,False,True,True,True
600406.SHG,600406.SHG,NAME:naritechnologycoltd,NARI Technology Co Ltd,China,Mainland China,Industrials,CNY,Specialty Industrial Machinery,0.0,0.0,Hold,64,64,76.71733882066378,63.70963548017033,77.1875,90.2262276750101,0.35,0.025699999999999997,0.280701215561165,-0.3977211147661277,0.35,0.9810962436360204,-0.15867183670492147,-0.2569172621513292,-0.2569172621513292,0.24529087406259242,0.33352433875029547,36.70246602161846,51.6915476899429,48.866826240356396,81.38373751783166,306910005.1968783,60,28633967789.996452,0.025699999999999997,0.055220061972051586,98.67611846026608,64.1913294651757,57.91911339555493,False,False,True,False,False,False,100.0,False,yahoo_finance,yahoo_finance_3m_average_volume,yahoo_finance,"bloomberg_database_as_of,eastmoney_china_financials,yahoo_finance_timeseries",False,False,Equity,Active,narrative_review;ml_drawdown_risk;ml_downside_tail_risk;ml_asymmetric_downside;ml_cvar_risk;ml_expected_shortfall_risk;,0.0,mean_variance,True,False,True,optimal,151,148,0.95,0.95,False,False,True,True,True
VZ.US,VZ.US,NAME:verizoncommunicationsinc,Verizon Communications Inc,United States,US,Communication Services,USD,Telecom Services,0.0,0.0,Hold,64,64,93.97717546362341,78.73956493131898,61.10416666666667,86.71868425443364,0.35,0.060899999999999996,0.24842634515393575,-0.3125730020816071,0.35,0.9083782235241851,-0.10028944924394345,-0.18723867004782097,-0.18723867004782097,0.3278122257739549,0.29939068476857816,26.748381435402997,52.196506553433515,43.271874281282955,98.00285306704708,1305861263.05,60,195232890880.0,0.060899999999999996,0.10078219869260586,33.102023505106764,78.19390366750795,61.93778282801958,False,False,True,False,False,False,100.0,False,yahoo_finance,yahoo_finance_3m_average_volume,yahoo_finance,"bloomberg_database_as_of,finnhub_reported,yahoo_finance_timeseries",False,False,Equity,Active,narrative_review;ml_downside_tail_risk;ml_asymmetric_downside;,0.0,mean_variance,True,False,True,optimal,151,148,0.95,0.95,False,False,True,True,True
HNR1.XETRA,HNR1.XETRA,NAME:hannoverrckse,Hannover Rück SE,Germany,DACH,Financials,EUR,Insurance - Reinsurance,0.0,0.0,Hold,64,64,81.70143825894186,73.87226980354778,42.77083333333333,81.08624857805513,0.35,0.050199999999999995,0.2046379744159414,-0.18355893062505702,0.35,0.8037155932604825,-0.0201114476495301,-0.09173473869510958,-0.09173473869510958,0.2673877198384682,0.3018290563424481,13.104962670729941,49.224229876969204,34.99011113854431,49.21540656205421,47025647.69141386,60,34428456928.03682,0.050199999999999995,0.19066002285022904,42.50713266761769,83.8502441220569,78.57942177414711,False,False,True,False,False,False,100.0,False,yahoo_finance,yahoo_finance_3m_average_volume,yahoo_finance,"bloomberg_database_as_of,yahoo_finance_timeseries",False,False,Equity,Active,narrative_review;ml_drawdown_risk;,0.0,mean_variance,True,False,True,optimal,151,148,0.95,0.95,False,False,True,True,True
VLO.US,VLO.US,NAME:valeroenergycorporation,Valero Energy Corporation,United States,US,Energy,USD,Oil & Gas Refining & Marketing,0.0,0.0,Hold,64,64,75.69686162624822,69.904511047372,57.10416666666667,86.71868425443364,0.35,0.0159,0.35630395968860706,-0.6211938609272142,0.35,1.1637397809080148,-0.2969099101133813,-0.42161629600439376,-0.42161629600439376,0.2675130962848147,0.34423785669129303,60.23089942919911,54.12430403356228,63.260040638891326,95.93437945791726,915270677.0500001,60,87239139328.0,0.0159,0.05765760688087838,69.2437729660392,55.85409629649599,61.79157222012542,False,False,True,False,False,False,100.0,False,yahoo_finance,yahoo_finance_3m_average_volume,yahoo_finance,"bloomberg_database_as_of,finnhub_reported,yahoo_finance_timeseries",False,False,Equity,Active,narrative_review;ml_drawdown_risk;ml_downside_tail_risk;ml_asymmetric_downside;ml_cvar_risk;ml_expected_shortfall_risk;ml_downside_skew;,0.0,mean_variance,True,False,True,optimal,151,148,0.95,0.95,False,False,True,True,True
ABT.US,ABT.US,NAME:abbottlaboratories,Abbott Laboratories,United States,US,Healthcare,USD,Medical Devices,0.0,0.0,Hold,64,64,77.40360072187484,62.28110175138571,82.20416666666668,84.07541813822725,0.35,0.023799999999999998,0.26547236279472647,-0.3739621462903482,0.35,0.951867449164295,-0.13300541492754758,-0.22592074190570183,-0.22592074190570183,0.3138197629514813,0.34533205730202876,32.27439170081455,56.74399384762154,46.98888077568542,98.21683309557775,1383356363.96,60,186812186624.0,0.023799999999999998,0.03958521193739913,85.5365995989654,66.32816022915655,54.031189434364734,False,False,True,False,False,False,100.0,False,yahoo_finance,yahoo_finance_3m_average_volume,yahoo_finance,"bloomberg_database_as_of,finnhub_reported,yahoo_finance_timeseries",False,False,Equity,Active,narrative_review;ml_drawdown_risk;ml_downside_tail_risk;ml_asymmetric_downside;ml_downside_skew;,0.0,mean_variance,True,False,True,optimal,151,148,0.95,0.95,False,False,True,True,True
600019.SHG,600019.SHG,NAME:baoshanironsteelcoltd,Baoshan Iron & Steel Co Ltd,China,Mainland China,Materials,CNY,Steel,0.0,0.0,Hold,64,64,91.67263752303904,67.23387137428185,23.270833333333332,90.2262276750101,0.35,0.061500000000000006,0.22616334005975713,-0.2496431447320161,0.35,0.855606625649148,-0.059913583506011336,-0.13907075252692633,-0.13907075252692633,0.2879575407292591,0.3164986347850061,19.867250360989477,52.024479283691576,39.17128556025728,60.27104136947218,88565135.43809861,60,18544522549.36739,0.061500000000000006,0.12071410727049958,74.81671866590618,65.083755558679,57.19765165425548,False,False,True,False,True,False,100.0,False,yahoo_finance,yahoo_finance_3m_average_volume,yahoo_finance,"bloomberg_database_as_of,eastmoney_china_financials,yahoo_finance_timeseries",False,False,Equity,Active,alt_data_review;narrative_review;ml_drawdown_risk;ml_downside_tail_risk;ml_asymmetric_downside;,0.0,mean_variance,True,False,True,optimal,151,148,0.95,0.95,False,False,True,True,True
ALV.XETRA,ALV.XETRA,NAME:allianzsevnaon,Allianz SE VNA O.N.,Germany,DACH,Financials,EUR,Insurance - Diversified,0.0,0.0,Hold,64,64,79.32501172541834,80.52046089438838,83.5375,73.98492652868289,0.35,0.0392,0.18776870897033549,-0.1311696134417487,0.35,0.7629550581843773,0.01113972586431533,-0.054579322275302086,-0.054579322275302086,0.24194327539402372,0.2875449924815427,7.79704603932887,46.205983192163906,31.6887763990755,80.59914407988587,292144519.087274,60,188344719773.07162,0.0392,0.18963766990936481,42.50713266761769,86.34604472414333,70.88788704693808,False,False,True,False,False,False,100.0,False,yahoo_finance,yahoo_finance_3m_average_volume,yahoo_finance,"bloomberg_database_as_of,yahoo_finance_timeseries",False,False,Equity,Active,narrative_review;,0.04999999999999999,mean_variance,True,False,True,optimal,151,148,0.95,0.95,False,False,True,True,True
1398.HK,1398.HK,NAME:industrialandcommercialbankofchina,Industrial and Commercial Bank of China,Hong Kong,Hong Kong,Financials,HKD,Banks - Diversified,0.0,0.0,Hold,64,64,92.59827109415157,84.63707632540742,66.45416666666668,71.77379906466153,0.35,0.048600000000000004,0.2028575565507015,-0.172197876543856,0.35,0.7974809857000638,-0.016223373215142944,-0.08722351800788847,-0.08722351800788847,0.24194327539402372,0.2918742626650343,12.460502572555496,46.70551436718216,34.36650124939875,71.6833095577746,171180221.34484297,60,324459788835.064,0.048600000000000004,0.8469092837197859,42.50713266761769,94.16029059483151,81.87524150850055,False,False,True,False,False,False,100.0,False,yahoo_finance,yahoo_finance_3m_average_volume,yahoo_finance,"bloomberg_database_as_of,yahoo_finance_timeseries",False,False,Equity,Active,narrative_review;,0.0,mean_variance,True,False,True,optimal,151,148,0.95,0.95,False,False,True,True,True
2020.HK,2020.HK,NAME:antasportsproductsltd,ANTA Sports Products Ltd,Hong Kong,Hong Kong,Consumer Discretionary,HKD,Leisure,0.0,0.0,Hold,64,64,80.33094895829754,70.26635612733554,34.60416666666667,84.07541813822725,0.35,0.028999999999999998,0.2631431909392518,-0.36089563146891035,0.35,0.9438905819828922,-0.12814698130491364,-0.2202470981336518,-0.2202470981336518,0.2755130962848147,0.3490381039732703,31.46387116195026,55.108947950713514,46.24307982853609,56.99001426533523,74392037.20456138,60,26263001935.146843,0.028999999999999998,0.10325720944526114,87.04933989421993,78.91726484861562,72.0265565325544,False,False,True,False,False,False,100.0,False,yahoo_finance,yahoo_finance_3m_average_volume,yahoo_finance,"bloomberg_database_as_of,eastmoney_hk_financials,yahoo_finance_timeseries",False,False,Equity,Active,narrative_review;ml_drawdown_risk;ml_downside_tail_risk;ml_asymmetric_downside;ml_downside_skew;,0.0,mean_variance,True,False,True,optimal,151,148,0.95,0.95,False,False,True,True,True
2318.HK,2318.HK,NAME:pinganinsurance,Ping An Insurance,Hong Kong,Hong Kong,Financials,HKD,Insurance - Life,0.0,0.0,Hold,64,64,88.1021940613413,86.24984772420991,61.10416666666667,90.2262276750101,0.35,0.0533,0.28082509029917163,-0.3998382706258561,0.35,0.9819074047337518,-0.15910089270503092,-0.25738967430974097,-0.25738967430974097,0.24694327539402372,0.33718844559734745,36.76995347282014,52.20330470552597,48.970609061964254,78.60199714693296,258282392.94132638,60,131507367459.25974,0.0533,0.7335620704865862,42.50713266761769,92.57668172336243,81.19479622853535,False,False,True,False,False,False,100.0,False,yahoo_finance,yahoo_finance_3m_average_volume,yahoo_finance,"bloomberg_database_as_of,yahoo_finance_timeseries",False,False,Equity,Active,narrative_review;ml_drawdown_risk;ml_downside_tail_risk;ml_asymmetric_downside;ml_cvar_risk;ml_expected_shortfall_risk;,0.0,mean_variance,True,False,True,optimal,151,148,0.95,0.95,False,False,True,True,True
NXT.LSE,NXT.LSE,NAME:nextplc,Next PLC,United Kingdom,UK,Consumer Discretionary,GBX,Apparel Retail,0.0,0.0,Hold,64,64,75.70811404262314,58.90421126864372,77.1875,86.71868425443364,0.35,0.0171,0.2332408259421857,-0.25942287338440884,0.35,0.8686328367886894,-0.0717789992847363,-0.1534132883645013,-0.1534132883645013,0.24529087406259242,0.30991026049205705,21.916184052071618,48.966846352453864,39.979553522848036,57.2753209700428,75468025.26825891,60,23897556716.45765,0.0171,0.060051096973901895,73.55297416982697,69.5534107377147,61.715313223229046,False,False,True,False,False,False,100.0,False,yahoo_finance,yahoo_finance_3m_average_volume,yahoo_finance,"bloomberg_database_as_of,yahoo_finance_timeseries",False,False,Equity,Active,narrative_review;ml_drawdown_risk;ml_downside_tail_risk;ml_asymmetric_downside;,0.0,mean_variance,True,False,True,optimal,151,148,0.95,0.95,False,False,True,True,True
1288.HK,1288.HK,NAME:agriculturalbankofchina,Agricultural Bank Of China,Hong Kong,Hong Kong,Financials,HKD,Banks - Diversified,0.0,0.0,Hold,64,64,90.44509705706169,80.39442629964789,57.10416666666667,81.00001336983581,0.35,0.047400000000000005,0.23765569452646995,-0.2799638508340826,0.35,0.8817797676713952,-0.08061907275416536,-0.16379856583842983,-0.16379856583842983,0.2824988309495793,0.31576231504326463,23.399795119775693,51.645588786892496,41.173490597144216,54.77888730385164,64172448.42963624,60,261534106461.10724,0.047400000000000005,1.182994446227943,42.50713266761769,96.77401045668606,83.45829564317577,False,False,True,False,False,False,100.0,False,yahoo_finance,yahoo_finance_3m_average_volume,yahoo_finance,"bloomberg_database_as_of,yahoo_finance_timeseries",False,False,Equity,Active,narrative_review;ml_drawdown_risk;ml_downside_tail_risk;ml_asymmetric_downside;,0.0,mean_variance,True,False,True,optimal,151,148,0.95,0.95,False,False,True,True,True
0939.HK,0939.HK,NAME:chinaconstructionbankcorp,China Construction Bank Corp,Hong Kong,Hong Kong,Financials,HKD,Banks - Diversified,0.0,0.0,Hold,64,64,92.54887737089908,86.8661613657948,56.77083333333333,71.77379906466153,0.35,0.0495,0.21007149375805143,-0.19363497682212694,0.35,0.8146619657104357,-0.029472411587679603,-0.10299743440299759,-0.10299743440299759,0.2513877198384682,0.2947050868225846,14.713919200428228,47.540694932369576,35.735169120963825,80.527817403709,291154105.222654,60,292648429897.1778,0.0495,1.0532236461632354,42.50713266761769,90.32725635077082,80.1637624512825,False,False,True,False,False,False,100.0,False,yahoo_finance,yahoo_finance_3m_average_volume,yahoo_finance,"bloomberg_database_as_of,yahoo_finance_timeseries",False,False,Equity,Active,narrative_review;,0.0,mean_variance,True,False,True,optimal,151,148,0.95,0.95,False,False,True,True,True
0288.HK,0288.HK,NAME:whgroupltd,WH Group Ltd,Hong Kong,Hong Kong,Consumer Staples,HKD,Packaged Foods,0.0,0.0,Hold,64,64,80.02349330145627,67.4375708322562,71.6625,86.28947834408092,0.35,0.0742,0.2753660828439451,-0.38322119727668125,0.35,0.9682166086947214,-0.14916488044609405,-0.24554300944147484,-0.24554300944147484,0.22029087406259246,0.3481705984935479,35.07757277735355,52.035346891087435,47.89646434070461,46.29101283880171,40618675.492132254,60,12963450414.219278,0.0742,0.14772301654345707,88.33586631734461,61.143630118834814,65.91089118977624,False,False,True,False,False,False,100.0,False,yahoo_finance,yahoo_finance_3m_average_volume,yahoo_finance,"bloomberg_database_as_of,eastmoney_hk_financials,yahoo_finance_timeseries",False,False,Equity,Active,narrative_review;ml_drawdown_risk;ml_downside_tail_risk;ml_asymmetric_downside;,0.0,mean_variance,True,False,True,optimal,151,148,0.95,0.95,False,False,True,True,True
0291.HK,0291.HK,NAME:chinaresourcesbeerholdingscoltd,China Resources Beer Holdings Co Ltd,Hong Kong,Hong Kong,Consumer Staples,HKD,Beverages - Brewers,0.0,0.0,Hold,64,64,78.26047618305397,62.092934512535855,54.8125,86.28947834408092,0.35,0.052000000000000005,0.2784840452961135,-0.4183809497080545,0.35,0.9852499091659213,-0.15747113258243572,-0.25494054843607544,-0.25494054843607544,0.3446153185070369,0.34723455559713123,36.42007834801078,58.62173510389404,49.74624439431478,40.584878744650496,29187643.531885076,60,9283332843.728102,0.052000000000000005,0.08514298119631447,96.20968939004176,74.19879974991889,69.79680902094005,False,False,True,False,False,False,100.0,False,yahoo_finance,yahoo_finance_3m_average_volume,yahoo_finance,"eastmoney_hk_financials,yahoo_finance_timeseries",False,False,Equity,Active,narrative_review;ml_drawdown_risk;ml_downside_tail_risk;ml_asymmetric_downside;ml_cvar_risk;ml_expected_shortfall_risk;ml_downside_skew;,0.0,mean_variance,True,False,True,optimal,151,148,0.95,0.95,False,False,True,True,True
IMB.LSE,IMB.LSE,NAME:imperialbrandsplc,Imperial Brands PLC,United Kingdom,UK,Consumer Staples,GBX,Tobacco,0.0,0.0,Hold,64,64,80.58896081088884,72.5007232346381,56.60416666666667,86.71868425443364,0.35,0.060700000000000004,0.21226315608544052,-0.2099310434588776,0.35,0.8233259040388019,-0.03445198418015849,-0.10874408881006267,-0.10874408881006267,0.3047308740625924,0.3013594739772628,15.534869830008954,51.18083252382377,36.61977955769511,64.19400855920114,108609305.10956678,60,28247281433.55433,0.060700000000000004,0.15139817420322194,50.69167177116433,79.15969302062084,64.74630930296033,False,False,True,False,False,False,100.0,False,yahoo_finance,yahoo_finance_3m_average_volume,yahoo_finance,"bloomberg_database_as_of,yahoo_finance_timeseries",False,False,Equity,Active,narrative_review;ml_drawdown_risk;ml_downside_tail_risk;ml_asymmetric_downside;,0.05,mean_variance,True,False,True,optimal,151,148,0.95,0.95,False,False,True,True,True
1113.HK,1113.HK,NAME:ckassetholdingsltd,CK Asset Holdings Ltd,Hong Kong,Hong Kong,Real Estate,HKD,Real Estate - Development,0.0,0.0,Hold,64,64,88.61039662910164,61.1583478086736,56.60416666666667,86.71868425443364,0.35,0.038,0.22343607811074284,-0.2311098508189201,0.35,0.8455131918947112,-0.053856521726785456,-0.13205914906554544,-0.13205914906554544,0.23995754072925912,0.30679181743694706,18.86559272364935,48.319846512761686,38.15672237809626,40.798858773181166,29336447.474039625,60,20868907332.61133,0.038,0.09885911748638662,67.71911754631552,73.4722491929652,61.165689072264904,False,False,True,False,False,False,100.0,False,yahoo_finance,yahoo_finance_3m_average_volume,yahoo_finance,"eastmoney_hk_financials,yahoo_finance_timeseries",False,False,Equity,Active,narrative_review;ml_drawdown_risk;ml_downside_tail_risk;ml_asymmetric_downside;,0.05,mean_variance,True,False,True,optimal,151,148,0.95,0.95,False,False,True,True,True
1109.HK,1109.HK,NAME:chinaresourceslandltd,China Resources Land Ltd,Hong Kong,Hong Kong,Real Estate,HKD,Real Estate - Development,0.0,0.0,Hold,64,64,85.39855640085628,74.73961145326237,71.6625,86.71868425443364,0.35,0.0404,0.31621239095579695,-0.4956834566281909,0.35,1.0638382163686342,-0.2230398596869203,-0.33371419652144924,-0.33371419652144924,0.22029087406259246,0.34495286429677136,47.67345664592133,51.66406986838244,55.271188854715994,64.62196861626248,111702260.94667773,60,29837555067.082882,0.0404,0.1884057428749108,54.71726600257282,75.90726001685465,68.13722286014641,False,False,True,False,False,False,100.0,False,yahoo_finance,yahoo_finance_3m_average_volume,yahoo_finance,"bloomberg_database_as_of,eastmoney_hk_financials,yahoo_finance_timeseries",False,False,Equity,Active,narrative_review;ml_drawdown_risk;ml_downside_tail_risk;ml_asymmetric_downside;ml_cvar_risk;ml_expected_shortfall_risk;,0.0,mean_variance,True,False,True,optimal,151,148,0.95,0.95,False,False,True,True,True
3968.HK,3968.HK,NAME:chinamerchantsbankcoltdclassh,China Merchants Bank Co Ltd Class H,Hong Kong,Hong Kong,Financials,HKD,Banks - Regional,0.0,0.0,Hold,64,64,96.0046548316694,80.07744142816476,55.4375,71.77379906466153,0.35,0.09119999999999999,0.20331138997509188,-0.1792548385078624,0.35,0.8003802284727493,-0.01765132847108125,-0.0888103149623634,-0.0888103149623634,0.2602766087273571,0.30309257802764766,12.687187851766202,48.98711485774011,34.71936025854638,59.77175463623395,86976035.3035612,60,156425067328.53412,0.09119999999999999,0.40146426251463685,42.50713266761769,95.33797345892367,81.7680311438496,False,False,True,False,True,False,100.0,False,yahoo_finance,yahoo_finance_3m_average_volume,yahoo_finance,"bloomberg_database_as_of,yahoo_finance_timeseries",False,False,Equity,Active,alt_data_review;narrative_review;ml_drawdown_risk;,0.0,mean_variance,True,False,True,optimal,151,148,0.95,0.95,False,False,True,True,True
600690.SHG,600690.SHG,NAME:qingdaohaiercoltd,Qingdao Haier Co Ltd,China,Mainland China,Consumer Discretionary,CNY,"Furnishings, Fixtures & Appliances",0.0,0.0,Hold,64,64,89.32400297634335,71.43858613036397,61.10416666666667,86.28947834408092,0.35,0.0558,0.21951116651329092,-0.2228733501221728,0.35,0.8370343349289877,-0.04706157263580901,-0.12389048091546083,-0.12389048091546083,0.23195754072925912,0.3190219608879097,17.69864013078012,49.300247680180455,37.564311444581506,71.18402282453637,162437058.73980132,60,30396625715.974934,0.0558,0.08370708174714142,82.46508652523966,63.537867292855516,70.9840997651728,False,False,True,False,False,False,100.0,False,yahoo_finance,yahoo_finance_3m_average_volume,yahoo_finance,"bloomberg_database_as_of,eastmoney_china_financials,yahoo_finance_timeseries",False,False,Equity,Active,narrative_review;ml_drawdown_risk;ml_downside_tail_risk;ml_asymmetric_downside;,0.0,mean_variance,True,False,True,optimal,151,148,0.95,0.95,False,False,True,True,True
PGR.US,PGR.US,NAME:progressivecorp,Progressive Corp,United States,US,Financials,USD,Insurance - Property & Casualty,0.0,0.0,Hold,64,64,92.67671184022825,83.7386571281897,54.4375,81.00001336983581,0.35,0.0653,0.25684430139043507,-0.34315862251716234,0.35,0.9300675830257226,-0.11642584749317703,-0.2063213529798293,-0.2063213529798293,0.3297699420606904,0.3187421080449785,29.47447899711847,54.53477857768854,45.124557920444815,94.15121255349501,708739067.04,60,125192593408.0,0.0653,0.1373883193228977,42.50713266761769,81.16568121522074,72.8889286605298,False,False,True,False,False,False,100.0,False,yahoo_finance,yahoo_finance_3m_average_volume,yahoo_finance,"bloomberg_database_as_of,finnhub_reported,yahoo_finance_timeseries",False,False,Equity,Active,narrative_review;ml_drawdown_risk;ml_downside_tail_risk;ml_asymmetric_downside;ml_downside_skew;,0.0,mean_variance,True,False,True,optimal,151,148,0.95,0.95,False,False,True,True,True
CVX.US,CVX.US,NAME:chevroncorp,Chevron Corp,United States,US,Energy,USD,Oil & Gas Integrated,0.0,0.0,Hold,64,64,88.5089158345221,64.93502599020857,61.10416666666667,81.44223886264008,0.35,0.0382,0.2282357302864777,-0.24457338976817256,0.35,0.8568425901839173,-0.06255357592741378,-0.14243608152768097,-0.14243608152768097,0.250539699020753,0.3027003660931223,20.34801164681157,48.41756449647775,39.03541174811104,98.93009985734665,1731860019.8899999,60,371269238784.0,0.0382,0.04468993998625625,76.9415820473903,59.044336264450266,55.65295789336136,False,False,True,False,False,False,100.0,False,yahoo_finance,yahoo_finance_3m_average_volume,yahoo_finance,"bloomberg_database_as_of,finnhub_reported,yahoo_finance_timeseries",False,False,Equity,Active,narrative_review;ml_drawdown_risk;ml_downside_tail_risk;ml_asymmetric_downside;,0.05,mean_variance,True,False,True,optimal,151,148,0.95,0.95,False,False,True,True,True
COP.US,COP.US,NAME:conocophillips,ConocoPhillips,United States,US,Energy,USD,Oil & Gas E&P,0.0,0.0,Hold,64,64,82.50945078459344,60.9277730395829,74.3125,86.28947834408092,0.35,0.0292,0.2992442310619871,-0.448425017809432,0.35,1.0242552623243175,-0.19220547925446996,-0.29694096012616544,-0.29694096012616544,0.23862420739592577,0.335086589338774,42.42013716088078,51.512833014254554,52.1934329578594,95.07845934379458,826704468.24,60,140268158976.0,0.0292,0.051636808045932105,75.16380008152817,64.60516707509042,41.29964907580036,False,False,True,False,False,False,100.0,False,yahoo_finance,yahoo_finance_3m_average_volume,yahoo_finance,"bloomberg_database_as_of,finnhub_reported,yahoo_finance_timeseries",False,False,Equity,Active,narrative_review;ml_drawdown_risk;ml_downside_tail_risk;ml_asymmetric_downside;ml_cvar_risk;ml_expected_shortfall_risk;,0.0,mean_variance,True,False,True,optimal,151,148,0.95,0.95,False,False,True,True,True
SHELL.AS,SHELL.AS,NAME:shellplc,Shell PLC,Netherlands,EU ex-DACH,Energy,EUR,Oil & Gas Integrated,0.0,0.0,Hold,64,64,82.20491009863167,73.02974161579564,34.60416666666667,86.71868425443364,0.35,0.07139999999999999,0.2226260332645762,-0.23388418381750897,0.35,0.845568882294157,-0.0528299913276698,-0.13074910297027148,-0.13074910297027148,0.2755130962848147,0.3034513223422091,18.678443281467356,49.848934685591075,38.25702156624121,73.60912981455064,187611526.01360202,60,243689233815.97385,0.07139999999999999,0.09814138944710452,69.22999347406474,71.15858042767928,67.38882768564395,False,False,True,False,False,False,100.0,False,yahoo_finance,yahoo_finance_3m_average_volume,yahoo_finance,"bloomberg_database_as_of,yahoo_finance_timeseries",False,False,Equity,Active,narrative_review;ml_drawdown_risk;ml_downside_tail_risk;ml_asymmetric_downside;,0.05,mean_variance,True,False,True,optimal,151,148,0.95,0.95,False,False,True,True,True
601766.SHG,601766.SHG,NAME:crrccorpltdclassa,CRRC Corp Ltd Class A,China,Mainland China,Industrials,CNY,Railroads,0.0,0.0,Hold,64,64,89.1506483784384,70.8757846331456,55.4375,86.71868425443364,0.35,0.0742,0.22043205830461712,-0.2323891364911005,0.35,0.8416186494278826,-0.04942374735642491,-0.1265749677630409,-0.1265749677630409,0.26675076662360325,0.3231186646452503,18.082138251862986,51.64642566187675,38.064034758101336,73.1811697574893,185657910.3405463,60,24942254662.40984,0.0742,0.08804576783183796,92.47709820657562,60.54521420889098,65.73843500238463,False,False,True,False,True,False,100.0,False,yahoo_finance,yahoo_finance_3m_average_volume,yahoo_finance,"bloomberg_database_as_of,eastmoney_china_financials,yahoo_finance_timeseries",False,False,Equity,Active,alt_data_review;narrative_review;ml_drawdown_risk;ml_downside_tail_risk;ml_asymmetric_downside;,0.0,mean_variance,True,False,True,optimal,151,148,0.95,0.95,False,False,True,True,True
PUB.PA,PUB.PA,NAME:publicisgroupesa,Publicis Groupe SA,France,EU ex-DACH,Communication Services,EUR,Advertising Agencies,0.0,0.0,Hold,64,64,71.88074722619466,71.48523329820307,52.77083333333333,90.2262276750101,0.35,0.038599999999999995,0.28170096858478044,-0.4108756976457544,0.35,0.9868253671457575,-0.16160803752662167,-0.2602033765312948,-0.2602033765312948,0.2719575407292591,0.3453165293769915,37.17191093304212,54.488082505843735,49.5360858730987,57.77460770328102,77337208.43918388,60,28317330009.91103,0.038599999999999995,0.10977050411497818,80.82662900177098,80.80075840546102,72.98206049333751,False,False,True,False,False,False,100.0,False,yahoo_finance,yahoo_finance_3m_average_volume,yahoo_finance,"bloomberg_database_as_of,yahoo_finance_timeseries",False,False,Equity,Active,narrative_review;ml_drawdown_risk;ml_downside_tail_risk;ml_asymmetric_downside;ml_cvar_risk;ml_expected_shortfall_risk;ml_downside_skew;,0.0,mean_variance,True,False,True,optimal,151,148,0.95,0.95,False,False,True,True,True
LOW.US,LOW.US,NAME:lowescompaniesinc,Lowe's Companies Inc,United States,US,Consumer Discretionary,USD,Home Improvement Retail,0.0,0.0,Hold,64,64,79.23713578140703,71.25262353934909,82.20416666666668,73.98492652868289,0.35,0.0227,0.27376251001997354,-0.38112254842151705,0.35,0.9655616223182661,-0.14642292301778265,-0.24223980152477337,-0.24223980152477337,0.24377659751462966,0.34134669386398153,34.60568593211049,52.51258915817023,47.72799020201028,93.43794579172611,673101374.4,60,122458423296.0,0.0227,0.06247834811253783,53.57145146557473,64.88105450585836,64.14546199748811,False,False,True,False,False,False,100.0,False,yahoo_finance,yahoo_finance_3m_average_volume,yahoo_finance,"bloomberg_database_as_of,finnhub_reported,yahoo_finance_timeseries",False,False,Equity,Active,narrative_review;ml_drawdown_risk;ml_downside_tail_risk;ml_asymmetric_downside;,0.0,mean_variance,True,False,True,optimal,151,148,0.95,0.95,False,False,True,True,True
MET.US,MET.US,NAME:metlifeinc,MetLife Inc,United States,US,Financials,USD,Insurance - Life,0.0,0.0,Hold,64,64,83.19917974322397,80.4294000101819,56.77083333333333,85.54950311424149,0.35,0.0246,0.23750637610667952,-0.27062774214099583,0.35,0.8784637623821134,-0.07942805789298457,-0.1625552895303224,-0.1625552895303224,0.2513877198384682,0.30547314895853167,23.222184218617485,48.78316364036348,40.72508555511162,85.66333808844507,385322342.45,60,63748108288.0,0.0246,0.2681177600248479,42.50713266761769,89.83743778070088,62.720641561595755,False,False,True,False,False,False,100.0,False,yahoo_finance,yahoo_finance_3m_average_volume,yahoo_finance,"bloomberg_database_as_of,finnhub_reported,yahoo_finance_timeseries",False,False,Equity,Active,narrative_review;ml_drawdown_risk;ml_downside_tail_risk;ml_asymmetric_downside;,0.0,mean_variance,True,False,True,optimal,151,148,0.95,0.95,False,False,True,True,True
603195.SHG,603195.SHG,NAME:gongniugroupcoltd,Gongniu Group Co Ltd,China,Mainland China,Industrials,CNY,Electrical Equipment & Parts,0.0,0.0,Hold,64,64,86.92275964805324,55.41726684888635,53.35416666666667,84.07541813822725,0.35,0.0466,0.21297179302645297,-0.21941198404516904,0.35,0.8274618109477843,-0.03654064240320204,-0.11108076996246058,-0.11108076996246058,0.3328197629514813,0.31154764908371546,15.868681423208656,53.86886982243155,37.102375832276465,43.65192582025678,34445742.52690079,60,10846372188.719404,0.0466,0.05804084286925816,99.53984039575458,67.81151194769731,64.99899759963046,False,False,True,False,False,False,100.0,False,yahoo_finance,yahoo_finance_3m_average_volume,yahoo_finance,"bloomberg_database_as_of,eastmoney_china_financials,yahoo_finance_timeseries",False,False,Equity,Active,narrative_review;ml_drawdown_risk;ml_downside_tail_risk;ml_asymmetric_downside;ml_downside_skew;,0.0,mean_variance,True,False,True,optimal,151,148,0.95,0.95,False,False,True,True,True
CA.PA,CA.PA,NAME:carrefoursa,Carrefour SA,France,EU ex-DACH,Consumer Staples,EUR,Grocery Stores,0.0,0.0,Hold,64,64,70.70878683720834,73.35539109568009,56.77083333333333,73.98492652868289,0.35,0.061,0.21845492257091603,-0.23153102659201763,0.35,0.8390430807307564,-0.046197281951634084,-0.12265650485145468,-0.12265650485145468,0.31463672630226663,0.31164284208653037,17.522357835922097,52.90076704164479,37.94234135592323,47.360912981455066,43057179.121905655,60,12780123334.206718,0.061,0.21901724178244564,75.88898487080725,65.25883201321497,76.69504445922865,False,False,True,False,False,False,100.0,False,yahoo_finance,yahoo_finance_3m_average_volume,yahoo_finance,"bloomberg_database_as_of,yahoo_finance_timeseries",False,False,Equity,Active,narrative_review;ml_drawdown_risk;ml_downside_tail_risk;ml_asymmetric_downside;,0.05,mean_variance,True,False,True,optimal,151,148,0.95,0.95,False,False,True,True,True
DG.PA,DG.PA,NAME:vincisa,Vinci S.A.,France,EU ex-DACH,Industrials,EUR,Engineering & Construction,0.0,0.0,Hold,64,64,72.9616468119792,73.48561169101795,26.270833333333332,83.2973760420765,0.35,0.0401,0.24494107133682208,-0.2988177991190215,0.35,0.8983126607709123,-0.09369213662142173,-0.17942151158930947,-0.17942151158930947,0.2799575407292591,0.3137142534114172,25.631644512758495,51.272435279046704,42.42763975518296,66.76176890156918,125737933.49358062,60,79609943910.41342,0.0401,0.11617948103448908,59.50637958161013,74.6503885978901,70.06689951254774,False,False,True,False,True,False,100.0,False,yahoo_finance,yahoo_finance_3m_average_volume,yahoo_finance,"bloomberg_database_as_of,yahoo_finance_timeseries",False,False,Equity,Active,alt_data_review;narrative_review;ml_drawdown_risk;ml_downside_tail_risk;ml_asymmetric_downside;,0.0,mean_variance,True,False,True,optimal,151,148,0.95,0.95,False,False,True,True,True
FGR.PA,FGR.PA,NAME:eiffagesa,Eiffage SA,France,EU ex-DACH,Industrials,EUR,Engineering & Construction,0.0,0.0,Hold,64,64,71.73625451526023,70.88413980481651,76.95416666666668,81.44223886264008,0.35,0.0385,0.24779104375655311,-0.30475582687094716,0.35,0.9037318386231639,-0.09880597640107702,-0.1855328417158706,-0.1855328417158706,0.24060640299800218,0.3300008415681124,26.504691673695802,51.03274957313616,42.83015179889445,41.86875891583452,31266394.891833086,60,13893781223.72723,0.0385,0.19132648344182332,43.175568865628456,75.92197544476511,76.2677073697835,False,False,True,False,False,False,100.0,False,yahoo_finance,yahoo_finance_3m_average_volume,yahoo_finance,"bloomberg_database_as_of,yahoo_finance_timeseries",False,False,Equity,Active,narrative_review;ml_drawdown_risk;ml_downside_tail_risk;ml_asymmetric_downside;,0.0,mean_variance,True,False,True,optimal,151,148,0.95,0.95,False,False,True,True,True
ORA.PA,ORA.PA,NAME:orangesa,Orange S.A.,France,EU ex-DACH,Communication Services,EUR,Telecom Services,0.0,0.0,Hold,64,64,79.69672440165829,64.07092628927765,48.77083333333333,90.2262276750101,0.35,0.0472,0.22311885924139865,-0.23392462680216264,0.35,0.8465001616064692,-0.05353109309220344,-0.13162269382669295,-0.13162269382669295,0.28542510225051193,0.2936657246095884,18.803241975241853,49.253550653057,38.29146048909808,59.05848787446505,84265599.93620488,60,49246074407.90148,0.0472,0.07765178194278159,76.95125373147171,67.97093753448877,63.39400582345074,False,False,True,False,True,False,100.0,False,yahoo_finance,yahoo_finance_3m_average_volume,yahoo_finance,"bloomberg_database_as_of,yahoo_finance_timeseries",False,False,Equity,Active,alt_data_review;narrative_review;ml_downside_tail_risk;ml_asymmetric_downside;,0.05,mean_variance,True,False,True,optimal,151,148,0.95,0.95,False,False,True,True,True
BMY.US,BMY.US,NAME:bristolmyerssquibbcompany,Bristol-Myers Squibb Company,United States,US,Healthcare,USD,Drug Manufacturers - General,0.0,0.0,Hold,64,64,86.31141099291622,78.81443224205651,61.10416666666667,86.71868425443364,0.35,0.039599999999999996,0.2785598197290843,-0.381853338479058,0.35,0.9734175866955208,-0.15360957982541668,-0.25110551673059617,-0.25110551673059617,0.24830888397832368,0.30578940250920444,35.87221667579946,48.653870965279495,48.03231436385578,94.8644793152639,798278045.35,60,131040149504.0,0.039599999999999996,0.09802339243826876,41.82432837546772,82.99703507785068,65.84029754098886,False,False,True,False,False,False,100.0,False,yahoo_finance,yahoo_finance_3m_average_volume,yahoo_finance,"bloomberg_database_as_of,finnhub_reported,yahoo_finance_timeseries",False,False,Equity,Active,narrative_review;ml_drawdown_risk;ml_downside_tail_risk;ml_asymmetric_downside;ml_cvar_risk;ml_expected_shortfall_risk;,0.0,mean_variance,True,False,True,optimal,151,148,0.95,0.95,False,False,True,True,True
601288.SHG,601288.SHG,NAME:agriculturalbankofchinaltdclassa,Agricultural Bank of China Ltd Class A,China,Mainland China,Financials,CNY,Banks - Diversified,0.0,0.0,Hold,64,64,86.09186006226871,88.01390121655162,34.60416666666667,81.08624857805513,0.35,0.0384,0.24293999830256835,-0.29764969351388404,0.35,0.8950427762298517,-0.09054066974755487,-0.1755696691534538,-0.1755696691534538,0.2904988309495793,0.32080914473866234,25.081381307636256,52.658684520976855,42.2703524306442,85.09272467902996,374307428.86957544,60,334691701057.1124,0.0384,0.9244131075418627,42.50713266761769,88.6699888045552,79.88687488405417,False,False,True,False,False,False,100.0,False,yahoo_finance,yahoo_finance_3m_average_volume,yahoo_finance,"bloomberg_database_as_of,eastmoney_china_financials,yahoo_finance_timeseries",False,False,Equity,Active,narrative_review;ml_drawdown_risk;ml_downside_tail_risk;ml_asymmetric_downside;,0.0,mean_variance,True,False,True,optimal,151,148,0.95,0.95,False,False,True,True,True
T.US,T.US,NAME:attinc,AT&T Inc.,United States,US,Communication Services,USD,Telecom Services,0.0,0.0,Hold,64,64,89.47539229671898,82.66796531712208,77.1875,81.00001336983581,0.35,0.0481,0.2478356658937052,-0.30727039675964873,0.35,0.9049021678494316,-0.09906594363101673,-0.18580842669381353,-0.18580842669381353,0.2643273179939213,0.3238709566038342,26.54406095625908,51.60273519242277,42.96074873667388,98.5021398002853,1516564935.03,60,162470068224.0,0.0481,0.11966511870478821,42.924458810349684,81.5673055886643,68.5968766549932,False,False,True,False,False,False,100.0,False,yahoo_finance,yahoo_finance_3m_average_volume,yahoo_finance,"finnhub_reported,yahoo_finance_timeseries",False,False,Equity,Active,narrative_review;ml_drawdown_risk;ml_downside_tail_risk;ml_asymmetric_downside;,0.0,mean_variance,True,False,True,optimal,151,148,0.95,0.95,False,False,True,True,True
600741.SHG,600741.SHG,NAME:huayuautomotivesystemscoltd,HUAYU Automotive Systems Co Ltd,China,Mainland China,Consumer Discretionary,CNY,Auto Parts,0.0,0.0,Hold,64,64,89.67724834010939,65.03563053857974,56.77083333333333,81.00001336983581,0.35,0.0625,0.2476145296152869,-0.3060123724582333,0.35,0.9037315836707339,-0.09871351092995762,-0.185378596295308,-0.185378596295308,0.23640198517370353,0.33746539222022326,26.48265661361543,51.667652150148264,42.874676141285995,49.928673323823105,48773215.08809271,60,7455892084.663592,0.0625,0.09492977828081406,81.45356479887225,62.05330030923267,66.27257798061709,False,False,True,False,False,False,100.0,False,yahoo_finance,yahoo_finance_3m_average_volume,yahoo_finance,"eastmoney_china_financials,yahoo_finance_timeseries",False,False,Equity,Active,narrative_review;ml_drawdown_risk;ml_downside_tail_risk;ml_asymmetric_downside;,0.0,mean_variance,True,False,True,optimal,151,148,0.95,0.95,False,False,True,True,True
HEN3.XETRA,HEN3.XETRA,NAME:henkelagcokgaavzprefshares,Henkel AG & Co. KGaA vz. (Pref Shares),Germany,DACH,Consumer Staples,EUR,Household & Personal Products,0.0,0.0,Watchlist,63.808317441759236,63.808317441759236,62.96189584427794,54.91110602154849,76.95416666666668,71.77379906466153,0.35,0.027000000000000003,0.19525735981731993,-0.1570209268495112,0.35,0.7813825610654827,-0.003125590862317229,-0.0714656667983792,-0.0714656667983792,0.2269575407292591,0.319151728834994,10.209380971197028,49.045990135613266,33.25806707309505,45.72039942938659,39388221.14124925,60,36711967245.75933,0.027000000000000003,0.05791400189836596,90.4119942316697,61.246260448041724,61.922499780336224,False,False,True,False,False,False,100.0,False,yahoo_finance,yahoo_finance_3m_average_volume,yahoo_finance,"bloomberg_database_as_of,yahoo_finance_timeseries",False,False,Equity,Active,narrative_review;ml_drawdown_risk;,0.05,mean_variance,True,False,True,optimal,151,148,0.95,0.95,False,False,True,True,True
601169.SHG,601169.SHG,NAME:bankofbeijingcoltd,Bank of Beijing Co Ltd,China,Mainland China,Financials,CNY,Banks - Regional,0.0,0.0,Hold,63.58512480811603,63.58512480811603,92.23593994814603,79.28564867827085,76.95416666666668,73.98492652868289,0.35,0.0553,0.15535909528397882,-0.04908945567885903,0.35,0.6908053082365173,0.0692932349000755,0.01491755155068291,0.01491755155068291,0.24194327539402372,0.30168440030335175,0.0,47.83745332544956,26.222696315850126,61.12696148359487,92461468.66353317,60,15656610069.764692,0.0553,3.579494815254914,42.50713266761769,84.54188848329382,74.13588638054968,False,False,True,False,False,False,100.0,False,yahoo_finance,yahoo_finance_3m_average_volume,yahoo_finance,"bloomberg_database_as_of,eastmoney_china_financials,yahoo_finance_timeseries",False,False,Equity,Active,narrative_review;ml_drawdown_risk;,0.05,mean_variance,True,False,True,optimal,151,148,0.95,0.95,False,False,True,True,True
PG.US,PG.US,NAME:proctergamblecompany,Procter & Gamble Company,United States,US,Consumer Staples,USD,Household & Personal Products,0.0,0.0,Hold,63.52148580251042,63.52148580251042,77.23299681500797,64.32457493582362,52.77083333333333,81.00001336983581,0.2776516820088857,0.0297,0.1963597563700154,-0.22751750544787408,0.2776516820088857,0.710840231443091,-0.07676304817808549,-0.1454889629075909,-0.1454889629075909,0.2719575407292591,0.27590995508120986,20.784137558227272,46.479631625561225,33.25644560573543,97.93152639087019,1304269098.3,60,341621932032.0,0.0297,0.044338488193378545,83.07373898557907,66.55779081616257,55.26401887105095,False,False,True,False,False,False,100.0,False,yahoo_finance,yahoo_finance_3m_average_volume,yahoo_finance,"bloomberg_database_as_of,finnhub_reported,yahoo_finance_timeseries",False,False,Equity,Active,narrative_review;ml_downside_tail_risk;ml_asymmetric_downside;,0.0,mean_variance,True,False,True,optimal,151,148,0.95,0.95,False,False,True,True,True
1299.HK,1299.HK,NAME:aiagroupltd,AIA Group Ltd,Hong Kong,Hong Kong,Financials,HKD,Insurance - Life,0.0,0.0,Hold,63.496228475791725,63.496228475791725,78.94581032382347,73.7651812489205,66.45416666666668,90.2262276750101,0.2277355124621998,0.0264,0.31967881307843665,-0.6322579360370161,0.2277355124621998,0.9515126756647487,-0.3520121137353085,-0.46389969831276134,-0.46389969831276134,0.24194327539402372,0.34334032924310043,66.27138547325163,52.64390666465133,56.13059830948275,82.95292439372325,337066872.29406893,60,96637589486.90833,0.0264,0.0694760707054842,42.50713266761769,59.958117385692674,75.10451214792448,False,False,True,False,False,False,100.0,False,yahoo_finance,yahoo_finance_3m_average_volume,yahoo_finance,"bloomberg_database_as_of,yahoo_finance_timeseries",False,False,Equity,Active,narrative_review;ml_drawdown_risk;ml_downside_tail_risk;ml_asymmetric_downside;ml_cvar_risk;ml_expected_shortfall_risk;,0.0,mean_variance,True,False,True,optimal,151,148,0.95,0.95,False,False,True,True,True
601988.SHG,601988.SHG,NAME:bankofchinalimited,Bank of China Limited,China,Mainland China,Financials,CNY,Banks - Diversified,0.0,0.0,Hold,63.397786958592114,63.397786958592114,89.46810827910181,82.5292226486603,61.10416666666667,71.77379906466153,0.35,0.0391,0.19546270706633356,-0.152713062984409,0.35,0.7807864837159362,-0.002869521138249065,-0.07128146861146581,-0.07128146861146581,0.24694327539402372,0.2895252082920737,10.183066944495115,46.7037004010713,33.084265922588166,78.45934379457917,257103509.0546293,60,274796837989.8309,0.0391,0.41069818563939253,42.50713266761769,84.57182831238288,72.61253342861575,False,False,True,False,False,False,100.0,False,yahoo_finance,yahoo_finance_3m_average_volume,yahoo_finance,"bloomberg_database_as_of,eastmoney_china_financials,yahoo_finance_timeseries",False,False,Equity,Active,narrative_review;,0.0,mean_variance,True,False,True,optimal,151,148,0.95,0.95,False,False,True,True,True
ADP.US,ADP.US,NAME:automaticdataprocessinginc,Automatic Data Processing Inc,United States,US,Technology,USD,Software - Application,0.0,0.0,Hold,63.365263623497654,63.365263623497654,76.89594908936718,63.38734202332377,52.77083333333333,81.00001336983581,0.18966193346250848,0.0252,0.2691585908082268,-0.5367163278085059,0.18966193346250848,0.7972094620714031,-0.2992573517086592,-0.39346285849153856,-0.39346285849153856,0.2719575407292591,0.34724609790878963,56.20897978450551,54.71072502874352,47.27581894322204,94.57917261055636,756634508.37,60,108655337472.0,0.0252,0.04042783449208815,77.62016475351703,66.58972939016087,59.52527718911743,False,False,True,False,False,False,100.0,False,yahoo_finance,yahoo_finance_3m_average_volume,yahoo_finance,"bloomberg_database_as_of,finnhub_reported,yahoo_finance_timeseries",False,False,Equity,Active,narrative_review;ml_drawdown_risk;ml_downside_tail_risk;ml_asymmetric_downside;ml_cvar_risk;ml_expected_shortfall_risk;ml_downside_skew;,0.0,mean_variance,True,False,True,optimal,151,148,0.95,0.95,False,False,True,True,True
601816.SHG,601816.SHG,NAME:beijingshanghaihighspeedrailwaycoltd,Beijing-Shanghai High Speed Railway Co Ltd,China,Mainland China,Industrials,CNY,Railroads,0.0,0.0,Hold,63.06030012602536,63.06030012602536,81.83395793621301,60.9229765048436,46.9375,85.54950311424149,0.35,0.0264,0.15129508177005813,-0.038135435667551176,0.35,0.6821515346264004,0.07680180189415248,0.023848523274632133,0.023848523274632133,0.2932908740625924,0.27173523350185097,0.0,47.14665093050701,25.52777422336551,68.83024251069901,144225099.18410784,60,36446941279.413506,0.0264,0.0832374698448965,70.0176424469945,80.41995404619482,43.242333523111334,False,False,True,False,False,False,100.0,False,yahoo_finance,yahoo_finance_3m_average_volume,yahoo_finance,"eastmoney_china_financials,yahoo_finance_timeseries",False,False,Equity,Active,narrative_review;,0.05,mean_variance,True,False,True,optimal,151,148,0.95,0.95,False,False,True,True,True
601658.SHG,601658.SHG,NAME:postalsavingsbankofchinacoltd,Postal Savings Bank of China Co Ltd,China,Mainland China,Financials,CNY,Banks - Regional,0.0,0.0,Hold,63.02935783946655,63.02935783946655,89.8557687641232,79.00736915126585,55.47916666666667,86.71868425443364,0.35,0.043899999999999995,0.18778259403637912,-0.13443913157528914,0.35,0.7640442335873496,0.010788271555086437,-0.054935636357646256,-0.054935636357646256,0.2549432753940237,0.2931908836616583,7.847948051092322,47.557432174484916,31.84325336325483,65.04992867332382,112936314.43774389,60,88044142367.26971,0.043899999999999995,0.6711172429568862,42.50713266761769,90.67441708539077,72.3320390260337,False,False,True,False,False,False,100.0,False,yahoo_finance,yahoo_finance_3m_average_volume,yahoo_finance,"eastmoney_china_financials,yahoo_finance_timeseries",False,False,Equity,Active,narrative_review;,0.0,mean_variance,True,False,True,optimal,151,148,0.95,0.95,False,False,True,True,True
FDX.US,FDX.US,NAME:fedexcorporation,FedEx Corporation,United States,US,Industrials,USD,Integrated Freight & Logistics,0.0,0.0,Hold,62.594508970303266,62.594508970303266,74.17255436467185,71.6815374680949,52.60416666666667,86.28947834408092,0.35,0.015700000000000002,0.2864458295168222,-0.4154343463597078,0.35,0.9958277328142668,-0.16908645889669927,-0.269342499227587,-0.269342499227587,0.2847857345822488,0.31606712532956205,38.47749988965529,51.80390016937824,50.01670335984019,92.43937232524965,609553607.07,60,74728898560.0,0.015700000000000002,0.0684607976108781,45.36368085128293,62.35253970744542,61.8759232326657,False,False,True,False,False,False,100.0,False,yahoo_finance,yahoo_finance_3m_average_volume,yahoo_finance,"bloomberg_database_as_of,finnhub_reported,yahoo_finance_timeseries",False,False,Equity,Active,narrative_review;ml_drawdown_risk;ml_downside_tail_risk;ml_asymmetric_downside;ml_cvar_risk;ml_expected_shortfall_risk;,0.0,mean_variance,True,False,True,optimal,151,148,0.95,0.95,False,False,True,True,True
STT.US,STT.US,NAME:statestreetcorp,State Street Corp,United States,US,Financials,USD,Asset Management,0.0,0.0,Hold,62.45826446940949,62.45826446940949,81.19115549215408,80.90448603174106,67.7875,84.07541813822725,0.35,0.0197,0.2478602773586957,-0.2963834368087499,0.35,0.901678099152208,-0.09789492715194759,-0.18464602422749107,-0.18464602422749107,0.24860994206069037,0.3001462679281187,26.378003461070154,48.018950871897026,42.46063813042245,87.01854493580599,419063484.96,60,50797850624.0,0.0197,0.21345391324248483,42.50713266761769,81.3842278954275,64.84224458223144,False,False,True,False,False,False,100.0,False,yahoo_finance,yahoo_finance_3m_average_volume,yahoo_finance,"bloomberg_database_as_of,finnhub_reported,yahoo_finance_timeseries",False,False,Equity,Active,narrative_review;ml_drawdown_risk;ml_downside_tail_risk;ml_asymmetric_downside;,0.0,mean_variance,True,False,True,optimal,151,148,0.95,0.95,False,False,True,True,True
600919.SHG,600919.SHG,NAME:bankofjiangsucoltd,Bank of Jiangsu Co Ltd,China,Mainland China,Financials,CNY,Banks - Regional,0.0,0.0,Hold,62.43097797353299,62.43097797353299,91.76429230192635,82.84685630100283,56.77083333333333,86.28947834408092,0.35,0.048,0.1879099532510827,-0.13106286951899032,0.35,0.7632679405496308,0.01096872670620197,-0.05479975693167698,-0.05479975693167698,0.2513877198384682,0.28037286499553504,7.828536704525282,45.886977029248484,31.69608217557264,71.82596291012838,173359007.74210712,60,31518623133.498875,0.048,2.6347874842792445,42.50713266761769,79.95300923162003,75.21151932750352,False,False,True,False,False,False,100.0,False,yahoo_finance,yahoo_finance_3m_average_volume,yahoo_finance,"bloomberg_database_as_of,eastmoney_china_financials,yahoo_finance_timeseries",False,False,Equity,Active,narrative_review;,0.0,mean_variance,True,False,True,optimal,151,148,0.95,0.95,False,False,True,True,True
601838.SHG,601838.SHG,NAME:bankofchengducoltd,Bank of Chengdu Co Ltd,China,Mainland China,Financials,CNY,Banks - Regional,0.0,0.0,Hold,62.363252810600066,62.363252810600066,91.65605407082792,79.9276840947909,48.77083333333333,81.00001336983581,0.35,0.0513,0.19521571064292917,-0.16146906327074573,0.35,0.7833593509102177,-0.0033787581577869874,-0.07170425688281219,-0.07170425688281219,0.28694327539402376,0.3030443151623528,10.24346526897317,50.417443501488144,33.48577363156925,53.281027104136946,58401715.46647747,60,11201255934.728626,0.0513,0.985118791267438,42.50713266761769,80.83593544436917,83.8365867146869,False,False,True,False,True,False,100.0,False,yahoo_finance,yahoo_finance_3m_average_volume,yahoo_finance,"bloomberg_database_as_of,eastmoney_china_financials,yahoo_finance_timeseries",False,False,Equity,Active,alt_data_review;narrative_review;ml_drawdown_risk;,0.0,mean_variance,True,False,True,optimal,151,148,0.95,0.95,False,False,True,True,True
MRSH.US,MRSH.US,NAME:marshmclennancompaniesinc,"Marsh & McLennan Companies, Inc.",United States,US,Financials,USD,Insurance Brokers,0.0,0.0,Hold,62.339739695054455,62.339739695054455,79.58434379457917,69.09691457004621,55.4375,81.00001336983581,0.14925958450347268,0.0207,0.25949354031400934,-0.5405123222001448,0.14925958450347268,0.7313069624522852,-0.3209957698535395,-0.41181850896344274,-0.41181850896344274,0.2602766087273571,0.32721303863536294,58.831215566206104,51.77024492786109,45.07469507365888,90.79885877318117,536543080.04999995,60,92240158720.0,0.0207,0.05421716603047927,42.50713266761769,70.65161989607863,66.09715554759484,False,False,True,False,True,False,100.0,False,yahoo_finance,yahoo_finance_3m_average_volume,yahoo_finance,"bloomberg_database_as_of,yahoo_finance_timeseries",False,False,Equity,Active,alt_data_review;narrative_review;ml_drawdown_risk;ml_downside_tail_risk;ml_asymmetric_downside;ml_cvar_risk;ml_expected_shortfall_risk;,0.0,mean_variance,True,False,True,optimal,151,148,0.95,0.95,False,False,True,True,True
MDT.US,MDT.US,NAME:medtronicplc,Medtronic PLC,United States,US,Healthcare,USD,Medical Devices,0.0,0.0,Hold,62.280586145402324,62.280586145402324,83.94193881031993,64.7987236063846,61.10416666666667,86.71868425443364,0.2596615706486787,0.0335,0.23570745811688396,-0.3672709515436897,0.2596615706486787,0.787874050448014,-0.16762480242903488,-0.2501224127699443,-0.2501224127699443,0.30127309628481463,0.31248362519133793,35.73177325284919,52.278200398952094,40.93962826241192,95.22111269614835,833246832.96,60,109981483008.0,0.0335,0.049335577695431836,53.98212024295142,69.7256140068561,54.234380469026306,False,False,True,False,False,False,100.0,False,yahoo_finance,yahoo_finance_3m_average_volume,yahoo_finance,"bloomberg_database_as_of,finnhub_reported,yahoo_finance_timeseries",False,False,Equity,Active,narrative_review;ml_drawdown_risk;ml_downside_tail_risk;ml_asymmetric_downside;ml_cvar_risk;ml_expected_shortfall_risk;,0.0,mean_variance,True,False,True,optimal,151,148,0.95,0.95,False,False,True,True,True
XOM.US,XOM.US,NAME:exxonmobilcorp,Exxon Mobil Corp,United States,US,Energy,USD,Oil & Gas Integrated,0.0,0.0,Hold,62.240621063109316,62.240621063109316,83.92332382310985,60.489188701332665,55.47916666666667,81.00001336983581,0.25855670237805845,0.027200000000000002,0.250174253903233,-0.40009034768616797,0.25855670237805845,0.8174394580112656,-0.19416199189920808,-0.28172298076533964,-0.28172298076533964,0.2609884042460946,0.3109488312311368,40.24614010933424,49.93193306299778,43.150615340685626,99.57203994293866,2570130630.48,60,641803616256.0,0.027200000000000002,0.036790070049374325,88.33202767622451,49.04084390502225,50.46024568833992,False,False,True,False,False,False,100.0,False,yahoo_finance,yahoo_finance_3m_average_volume,yahoo_finance,"bloomberg_database_as_of,finnhub_reported,yahoo_finance_timeseries",False,False,Equity,Active,narrative_review;ml_drawdown_risk;ml_downside_tail_risk;ml_asymmetric_downside;ml_cvar_risk;ml_expected_shortfall_risk;,0.0,mean_variance,True,False,True,optimal,151,148,0.95,0.95,False,False,True,True,True
GSK.LSE,GSK.LSE,NAME:gskplc,GSK plc,United Kingdom,UK,Healthcare,GBX,Drug Manufacturers - General,0.0,0.0,Hold,62.1979222577346,62.1979222577346,82.21284574485986,59.415409953508885,61.10416666666667,86.28947834408092,0.35,0.0355,0.24759657058217274,-0.29594528718722135,0.35,0.9008565507991905,-0.09752145030395448,-0.18418025000771493,-0.18418025000771493,0.23195754072925912,0.3102253406199512,26.31146428681642,48.28525303387755,42.41599302810897,75.3922967189729,213389490.74074075,60,104334456703.14455,0.0355,0.06157444006746548,68.59564779094283,70.78646248530825,46.43449104303946,False,False,True,False,False,False,100.0,False,yahoo_finance,yahoo_finance_3m_average_volume,yahoo_finance,"bloomberg_database_as_of,yahoo_finance_timeseries",False,False,Equity,Active,narrative_review;ml_drawdown_risk;ml_downside_tail_risk;ml_asymmetric_downside;,0.0,mean_variance,True,False,True,optimal,151,148,0.95,0.95,False,False,True,True,True
TTE.US,TTE.US,NAME:totalenergiesseadr,TotalEnergies SE ADR,United States,US,Energy,USD,Oil & Gas Integrated,0.0,0.0,Hold,62.1696926924365,62.1696926924365,91.1169757489301,55.8067368153785,61.10416666666667,86.28947834408092,0.35,0.05,0.2418619239349577,-0.2865219720534342,0.35,0.8896268862147081,-0.08778417873267902,-0.1724358521099142,-0.1724358521099142,0.2510280254099077,0.3181491299164194,24.633693158559172,50.22640866627419,41.68402837369829,67.90299572039943,131417420.28999999,60,191418925056.0,0.05,0.05427885459580543,70.66117789443612,56.253715202842216,47.60759122714626,False,False,True,False,False,False,100.0,False,yahoo_finance,yahoo_finance_3m_average_volume,yahoo_finance,"bloomberg_database_as_of,yahoo_finance_timeseries",False,False,Equity,Active,narrative_review;ml_drawdown_risk;ml_downside_tail_risk;ml_asymmetric_downside;,0.0,mean_variance,True,False,True,optimal,151,148,0.95,0.95,False,False,True,True,True
NOVN.SW,NOVN.SW,NAME:novartisag,Novartis AG,Switzerland,DACH,Healthcare,CHF,Drug Manufacturers - General,0.10951080208592004,8820.0,Watchlist,62.083889079510406,62.083889079510406,75.65542595504594,62.71023364853899,39.52083333333333,81.00001336983581,0.30282848061285456,0.0297,0.19313732903127911,-0.20048389777248482,0.30282848061285456,0.7311554543164487,-0.0463811899154683,-0.11397925507641599,-0.11397925507641599,0.3181975407292591,0.27590975580731475,16.282750725202284,48.96945478626566,33.01833854917996,86.87589158345222,415891681.52164596,60,293874366051.8231,0.0297,0.05187250662520121,77.35803892340972,75.07164130434286,52.995205981764144,False,False,True,False,False,False,100.0,False,yahoo_finance,yahoo_finance_3m_average_volume,yahoo_finance,"bloomberg_database_as_of,yahoo_finance_timeseries",False,False,Equity,Active,narrative_review;ml_downside_tail_risk;ml_asymmetric_downside;,0.05,mean_variance,True,False,True,optimal,151,148,0.95,0.95,False,False,True,True,True
601166.SHG,601166.SHG,NAME:industrialbankcoltd,Industrial Bank Co Ltd,China,Mainland China,Financials,CNY,Banks - Regional,0.0,0.0,Hold,61.99118081235167,61.99118081235167,94.77356476982933,83.96082335026409,39.52083333333333,90.2262276750101,0.35,0.115,0.17851793509702987,-0.11487084390400637,0.35,0.7450328619223272,0.027096268107697052,-0.0353850091762634,-0.0353850091762634,0.30294327539402377,0.2872090403343738,5.055001310894772,49.451834867490554,30.47594717312671,80.17118402282453,284100793.6029325,60,57367688702.84971,0.115,1.655531900225431,42.50713266761769,84.96601440959158,71.5265423620751,False,False,True,False,False,False,100.0,False,yahoo_finance,yahoo_finance_3m_average_volume,yahoo_finance,"eastmoney_china_financials,yahoo_finance_timeseries",False,False,Equity,Active,narrative_review;,0.0,mean_variance,True,False,True,optimal,151,148,0.95,0.95,False,False,True,True,True
DCC.LSE,DCC.LSE,NAME:dccplc,DCC plc,United Kingdom,UK,Energy,GBX,Oil & Gas Refining & Marketing,0.0,0.0,Hold,61.98489450619274,61.98489450619274,83.58920222697931,63.139287856979884,57.10416666666667,81.44223886264008,0.35,0.0339,0.2509598781554286,-0.32548257775363265,0.35,0.9157230505195196,-0.10565346366563205,-0.19348942102003205,-0.19348942102003205,0.31654420739592576,0.32262206166611646,27.64134586000458,54.27031059048635,43.98971292011116,51.85449358059915,54851106.31839604,60,7250031514.764225,0.0339,0.08626898373601061,59.39684753546015,63.928841789689166,62.77008676479682,False,False,True,False,False,False,100.0,False,yahoo_finance,yahoo_finance_3m_average_volume,yahoo_finance,"bloomberg_database_as_of,yahoo_finance_timeseries",False,False,Equity,Active,narrative_review;ml_drawdown_risk;ml_downside_tail_risk;ml_asymmetric_downside;ml_downside_skew;,0.0,mean_variance,True,False,True,optimal,151,148,0.95,0.95,False,False,True,True,True
2057.HK,2057.HK,NAME:ztoexpresscaymaninc,Zto Express Cayman Inc,Hong Kong,Hong Kong,Industrials,HKD,Integrated Freight & Logistics,0.0,0.0,Hold,61.98209502763004,61.98209502763004,79.6048126200217,49.619833457735886,52.77083333333333,73.98492652868289,0.35,0.028399999999999998,0.29409052573487177,-0.4471922314300256,0.35,1.0164369567271527,-0.18428300603629633,-0.2872146900435014,-0.2872146900435014,0.2719575407292591,0.3487240952166679,41.03067000621449,54.88126317965254,51.87265215523218,46.14835948644793,40342833.16557304,60,18033019278.588264,0.028399999999999998,0.04848796981325466,95.38759273162489,54.436321957808225,53.42776952872574,False,False,True,False,False,False,100.0,False,yahoo_finance,yahoo_finance_3m_average_volume,yahoo_finance,"bloomberg_database_as_of,eastmoney_hk_financials,yahoo_finance_timeseries",False,False,Equity,Active,narrative_review;ml_drawdown_risk;ml_downside_tail_risk;ml_asymmetric_downside;ml_cvar_risk;ml_expected_shortfall_risk;ml_downside_skew;,0.0,mean_variance,True,False,True,optimal,151,148,0.95,0.95,False,False,True,True,True
BT-A.LSE,BT-A.LSE,NAME:btgroupplc,BT Group Plc,United Kingdom,UK,Communication Services,GBX,Telecom Services,0.0,0.0,Hold,61.78654067392164,61.78654067392164,85.37861021556705,63.412930531419235,68.97916666666667,71.77379906466153,0.35,0.0414,0.25636603298233357,-0.35395863199738964,0.35,0.9326665524955848,-0.11700058385464857,-0.2067286953984653,-0.2067286953984653,0.348758737465986,0.3418937413986779,29.53267077120933,58.22859448647746,45.599432690596394,50.71326676176891,51412378.14521927,60,26033110802.24725,0.0414,0.0965620974245603,34.31827988570819,72.91176046582557,60.32184349918438,False,False,True,False,False,False,100.0,False,yahoo_finance,yahoo_finance_3m_average_volume,yahoo_finance,yahoo_finance_timeseries,False,False,Equity,Active,narrative_review;ml_drawdown_risk;ml_downside_tail_risk;ml_asymmetric_downside;ml_downside_skew;,0.0,mean_variance,True,False,True,optimal,151,148,0.95,0.95,False,False,True,True,True
STAN.LSE,STAN.LSE,NAME:standardcharteredplc,Standard Chartered PLC,United Kingdom,UK,Financials,GBX,Banks - Diversified,0.0,0.0,Hold,61.740602335157654,61.740602335157654,75.50307526549571,83.05700584686835,34.60416666666667,81.00001336983581,0.35,0.0233,0.3019535323688551,-0.4742127919244452,0.35,1.0367512912073131,-0.19905552736996834,-0.3047392636990676,-0.3047392636990676,0.2904988309495793,0.3496750513569619,43.534180528438235,55.98936605385756,53.5502536691186,75.53495007132668,215821010.63982746,60,64086956977.394356,0.0233,0.5536852063754004,42.50713266761769,84.49307600999032,75.4858817960249,False,False,True,False,False,False,100.0,False,yahoo_finance,yahoo_finance_3m_average_volume,yahoo_finance,"bloomberg_database_as_of,yahoo_finance_timeseries",False,False,Equity,Active,narrative_review;ml_drawdown_risk;ml_downside_tail_risk;ml_asymmetric_downside;ml_cvar_risk;ml_expected_shortfall_risk;ml_downside_skew;,0.0,mean_variance,True,False,True,optimal,151,148,0.95,0.95,False,False,True,True,True
DHL.XETRA,DHL.XETRA,NAME:deutschepostag,Deutsche Post AG,Germany,DACH,Industrials,EUR,Integrated Freight & Logistics,0.0,0.0,Watchlist,61.63567821509906,61.63567821509906,71.38344340820716,70.49179521434252,57.10416666666667,81.44223886264008,0.35,0.0342,0.26763467720700884,-0.36197883199989156,0.35,0.9510871782686809,-0.13493822643403364,-0.22861036345648672,-0.22861036345648672,0.2675130962848147,0.32239726413133696,32.658623350926675,51.60423566125967,46.536525069767634,65.62054208273894,116921871.84014766,60,69573369726.93408,0.0342,0.10491810311457235,50.93049596944746,68.13577629083643,64.48847949971106,False,False,True,False,False,False,100.0,False,yahoo_finance,yahoo_finance_3m_average_volume,yahoo_finance,"bloomberg_database_as_of,yahoo_finance_timeseries",False,False,Equity,Active,narrative_review;ml_drawdown_risk;ml_downside_tail_risk;ml_asymmetric_downside;,0.0,mean_variance,True,False,True,optimal,151,148,0.95,0.95,False,False,True,True,True
601211.SHG,601211.SHG,NAME:guotaijunansecuritiescoltd,Guotai Junan Securities Co Ltd,China,Mainland China,Financials,CNY,Capital Markets,0.0,0.0,Hold,61.540188418691116,61.540188418691116,81.4406475087737,80.59042959167968,51.14583333333333,71.77379906466153,0.35,0.027999999999999997,0.2539224625875852,-0.3294190919836282,0.35,0.9204526530553566,-0.11077221148798005,-0.19964507339363488,-0.19964507339363488,0.2593877198384682,0.3420251215930706,28.52072477051927,53.43146817511797,44.29684977155416,84.73609129814551,371207343.9827953,60,46667345186.23625,0.027999999999999997,0.25270069833210534,42.50713266761769,85.80980557052793,64.26081574798228,False,False,True,False,False,False,100.0,False,yahoo_finance,yahoo_finance_3m_average_volume,yahoo_finance,"bloomberg_database_as_of,eastmoney_china_financials,yahoo_finance_timeseries",False,False,Equity,Active,narrative_review;ml_drawdown_risk;ml_downside_tail_risk;ml_asymmetric_downside;,0.0,mean_variance,True,False,True,optimal,151,148,0.95,0.95,False,False,True,True,True
601939.SHG,601939.SHG,NAME:chinaconstructionbankco,China Construction Bank Co,China,Mainland China,Financials,CNY,Banks - Diversified,0.0,0.0,Hold,61.51764413655029,61.51764413655029,89.68297989108468,81.60136278677268,27.270833333333332,73.98492652868289,0.35,0.0384,0.19369767105683292,-0.15499995045789505,0.35,0.7794510660328747,-0.0002962558507405011,-0.06809044072063201,-0.06809044072063201,0.30294327539402377,0.2850983683142237,9.727205817233145,49.20829578824248,33.117987074007026,72.89586305278173,182900591.67110085,60,389369121267.589,0.0384,0.7915991010710589,42.50713266761769,89.58099754974818,72.37642271664012,False,False,True,False,False,False,100.0,False,yahoo_finance,yahoo_finance_3m_average_volume,yahoo_finance,"bloomberg_database_as_of,eastmoney_china_financials,yahoo_finance_timeseries",False,False,Equity,Active,narrative_review;,0.0,mean_variance,True,False,True,optimal,151,148,0.95,0.95,False,False,True,True,True
MCD.US,MCD.US,NAME:mcdonaldscorporation,McDonald’s Corporation,United States,US,Consumer Discretionary,USD,Restaurants,0.0,0.0,Hold,61.47263716268785,61.47263716268785,85.35963934774085,61.472302853738476,52.77083333333333,86.71868425443364,0.20070718059655943,0.027200000000000002,0.1810170697391202,-0.26709564038410893,0.20070718059655943,0.6002838796123557,-0.12630784259220226,-0.18966381700089435,-0.18966381700089435,0.2946808908677884,0.2764119413136456,27.094831000127765,47.761118121378466,30.74089837194273,97.8601997146933,1293195713.32,60,196284350464.0,0.027200000000000002,0.03661015248038312,52.20132849617452,67.29967253882859,54.95041491938323,False,False,True,False,False,False,100.0,False,yahoo_finance,yahoo_finance_3m_average_volume,yahoo_finance,"bloomberg_database_as_of,finnhub_reported,yahoo_finance_timeseries",False,False,Equity,Active,narrative_review;ml_downside_tail_risk;ml_asymmetric_downside;,0.0,mean_variance,True,False,True,optimal,151,148,0.95,0.95,False,False,True,True,True
AFL.US,AFL.US,NAME:aflacincorporated,Aflac Incorporated,United States,US,Financials,USD,Insurance - Life,0.0,0.0,Hold,61.453994999756056,61.453994999756056,84.53691155492155,62.36562576775954,61.10416666666667,90.2262276750101,0.22895221331807714,0.0194,0.1689577109906914,-0.19546208655291902,0.22895221331807714,0.5975387862890471,-0.07513744148998341,-0.1342726403367254,-0.1342726403367254,0.24694327539402372,0.25194611578009485,19.18180576238934,42.36765126507375,28.104836094119587,81.09843081312411,302171242.08,60,64468029440.0,0.0194,0.03963204742248129,42.50713266761769,57.95689692168823,68.87427618993047,False,False,True,False,False,False,100.0,False,yahoo_finance,yahoo_finance_3m_average_volume,yahoo_finance,"bloomberg_database_as_of,finnhub_reported,yahoo_finance_timeseries",False,False,Equity,Active,narrative_review;,0.0,mean_variance,True,False,True,optimal,151,148,0.95,0.95,False,False,True,True,True
A5G.IR,A5G.IR,NAME:aibgroupplc,AIB Group PLC,Ireland,EU ex-DACH,Financials,EUR,Banks - Regional,0.0,0.0,Hold,61.14159602564039,61.14159602564039,84.29337014382588,78.32967488442733,48.77083333333333,84.07541813822725,0.35,0.061,0.2513952203145845,-0.31819999442404967,0.35,0.9138767648667782,-0.10554815034763576,-0.19353647745774033,-0.19353647745774033,0.28694327539402376,0.3146039027071509,27.64806820824862,51.75124206434947,43.666175613584066,54.350927246790306,62995132.2040077,60,26181916542.304142,0.061,0.3645026089586021,42.50713266761769,82.63882532776228,82.20542936206871,False,False,True,False,True,False,100.0,False,yahoo_finance,yahoo_finance_3m_average_volume,yahoo_finance,yahoo_finance_timeseries,False,False,Equity,Active,alt_data_review;narrative_review;ml_drawdown_risk;ml_downside_tail_risk;ml_asymmetric_downside;,0.0,mean_variance,True,False,True,optimal,151,148,0.95,0.95,False,False,True,True,True
FITB.US,FITB.US,NAME:fifththirdbancorp,Fifth Third Bancorp,United States,US,Financials,USD,Banks - Regional,0.0,0.0,Hold,61.04528940052081,61.04528940052081,82.97771041369472,72.32491459430153,68.97916666666667,81.00001336983581,0.35,0.0278,0.2633128216905774,-0.3473860197171884,0.35,0.9398972408988776,-0.1268898944266052,-0.2190493820183073,-0.2190493820183073,0.24694327539402372,0.32649582199818766,31.292768859758187,50.96954044408445,45.622755642954125,85.73466476462197,391907640.96,60,51656597504.0,0.0278,0.0736595165739548,42.50713266761769,76.99889168355764,66.03735533158908,False,False,True,False,False,False,100.0,False,yahoo_finance,yahoo_finance_3m_average_volume,yahoo_finance,"bloomberg_database_as_of,finnhub_reported,yahoo_finance_timeseries",False,False,Equity,Active,narrative_review;ml_drawdown_risk;ml_downside_tail_risk;ml_asymmetric_downside;,0.0,mean_variance,True,False,True,optimal,151,148,0.95,0.95,False,False,True,True,True
601818.SHG,601818.SHG,NAME:chinaeverbrightbankcoltd,China Everbright Bank Co Ltd,China,Mainland China,Financials,CNY,Banks - Regional,0.0,0.0,Hold,60.98372019808081,60.98372019808081,92.48183866426585,80.12404065647196,35.6875,84.07541813822725,0.35,0.0572,0.16208591167838796,-0.06774113207832239,0.35,0.706408103273841,0.057085036287119584,0.0003549671996838019,0.0003549671996838019,0.2616099420606904,0.295094793356863,0.0,48.13608842136752,27.436713018973546,60.8416547788873,91150868.40782782,60,26636355322.21828,0.0572,0.8654675706891033,42.50713266761769,81.68477955953286,78.20237416012573,False,False,True,False,False,False,100.0,False,yahoo_finance,yahoo_finance_3m_average_volume,yahoo_finance,"bloomberg_database_as_of,eastmoney_china_financials,yahoo_finance_timeseries",False,False,Equity,Active,narrative_review;,0.0,mean_variance,True,False,True,optimal,151,148,0.95,0.95,False,False,True,True,True
GD.US,GD.US,NAME:generaldynamicscorporation,General Dynamics Corporation,United States,US,Industrials,USD,Aerospace & Defense,0.0,0.0,Hold,60.906034874980016,60.906034874980016,78.14580686110551,61.036926389590775,51.14583333333333,73.98492652868289,0.09959840203064338,0.0166,0.2181312490106416,-0.4647939744262529,0.09959840203064338,0.5823521423352045,-0.2943695107084936,-0.37071544786221816,-0.37071544786221816,0.24440198517370354,0.29591013554193446,52.9593496946026,47.30358407188417,37.11202721972228,89.65763195435092,476054760.40000004,60,104683986944.0,0.0166,0.037818582531804416,75.54196343909967,54.55370398818664,59.31072100714546,False,False,True,False,False,False,100.0,False,yahoo_finance,yahoo_finance_3m_average_volume,yahoo_finance,"bloomberg_database_as_of,finnhub_reported,yahoo_finance_timeseries",False,False,Equity,Active,narrative_review;ml_downside_tail_risk;ml_cvar_risk;ml_expected_shortfall_risk;,0.0,mean_variance,True,False,True,optimal,151,148,0.95,0.95,False,False,True,True,True
TTE.PA,TTE.PA,NAME:totalenergiesse,TotalEnergies SE,France,EU ex-DACH,Energy,EUR,Oil & Gas Integrated,0.0,0.0,Watchlist,60.88199343125365,60.88199343125365,78.66355749723603,63.18159205340543,27.270833333333332,81.44223886264008,0.35,0.048799999999999996,0.22575540890147394,-0.24649036503056543,0.35,0.8542929391946879,-0.05887984061136753,-0.13789423372688342,-0.13789423372688342,0.30022721685588005,0.30310641947107986,19.699176246697633,51.13989853890276,39.01298901414891,84.1654778887304,349160863.3303335,60,189020995358.90454,0.048799999999999996,0.054967438830125386,70.66117789443612,57.0542730969316,54.16872235352439,False,False,True,False,False,False,100.0,False,yahoo_finance,yahoo_finance_3m_average_volume,yahoo_finance,"bloomberg_database_as_of,yahoo_finance_timeseries",False,False,Equity,Active,narrative_review;ml_drawdown_risk;ml_downside_tail_risk;ml_asymmetric_downside;,0.0,mean_variance,True,False,True,optimal,151,148,0.95,0.95,False,False,True,True,True
000538.SHE,000538.SHE,NAME:yunnanbaiyaogroupcoltd,Yunnan Baiyao Group Co Ltd,China,Mainland China,Healthcare,CNY,Drug Manufacturers - Specialty & Generic,0.0,0.0,Hold,60.79245094644907,60.79245094644907,84.68679459298805,50.42407886125953,56.77083333333333,81.00001336983581,0.30560193659737583,0.031200000000000002,0.14460152677282173,-0.05917576235108679,0.30560193659737583,0.6205643457038309,0.0450062887975442,-0.005604245572943402,-0.005604245572943402,0.23640198517370353,0.2731036840130347,0.800606510420486,44.24130120316496,24.090748166540482,57.84593437945792,77385621.70982617,60,13386716764.810217,0.031200000000000002,0.04565781259672897,95.69367267773129,55.07331629479043,48.40953446807798,False,False,True,False,False,False,100.0,False,yahoo_finance,yahoo_finance_3m_average_volume,yahoo_finance,"bloomberg_database_as_of,eastmoney_china_financials,yahoo_finance_timeseries",False,False,Equity,Active,narrative_review;,0.05,mean_variance,True,False,True,optimal,151,148,0.95,0.95,False,False,True,True,True
ROP.SW,ROP.SW,NAME:rocheholdingag,Roche Holding AG,Switzerland,DACH,Healthcare,CHF,Drug Manufacturers - General,0.0,0.0,Watchlist,60.72982840656681,60.72982840656681,73.15096803778489,60.59016044212311,51.14583333333333,90.2262276750101,0.2219728184451824,0.0269,0.24402861412850024,-0.41122541393829,0.2219728184451824,0.763966243757102,-0.21869301946873393,-0.304103034413709,-0.304103034413709,0.24440198517370354,0.2938889961514706,43.443290630529866,47.07037568067678,41.65010411695702,88.23109843081312,445588429.51738656,60,362392398036.7437,0.0269,0.044409893236448596,72.57288553712011,70.1340675497713,52.6949356834249,False,False,True,False,False,False,100.0,False,yahoo_finance,yahoo_finance_3m_average_volume,yahoo_finance,"bloomberg_database_as_of,yahoo_finance_timeseries",False,False,Equity,Active,narrative_review;ml_downside_tail_risk;ml_asymmetric_downside;ml_cvar_risk;ml_expected_shortfall_risk;,0.0,mean_variance,True,False,True,optimal,151,148,0.95,0.95,False,False,True,True,True
BBVA.MC,BBVA.MC,NAME:bancobilbaovizcayaargentariasa,Banco Bilbao Vizcaya Argentaria SA,Spain,EU ex-DACH,Financials,EUR,Banks - Diversified,0.0,0.0,Hold,60.67786188568328,60.67786188568328,76.02553847478165,77.63649583653762,67.7875,90.2262276750101,0.35,0.0379,0.299435750304878,-0.4499707863047824,0.35,1.025191248876489,-0.19261899274607985,-0.29742150535278716,-0.29742150535278716,0.24860994206069037,0.33199708768133135,42.4887864789696,51.694045458806166,52.28138912691932,78.74465049928673,261278659.5618642,60,154583714726.42145,0.0379,0.09827877949700753,42.50713266761769,72.43953106101303,76.04211771515335,False,False,True,False,False,False,100.0,False,yahoo_finance,yahoo_finance_3m_average_volume,yahoo_finance,"bloomberg_database_as_of,yahoo_finance_timeseries",False,False,Equity,Active,narrative_review;ml_drawdown_risk;ml_downside_tail_risk;ml_asymmetric_downside;ml_cvar_risk;ml_expected_shortfall_risk;,0.0,mean_variance,True,False,True,optimal,151,148,0.95,0.95,False,False,True,True,True
GILD.US,GILD.US,NAME:gileadsciencesinc,Gilead Sciences Inc,United States,US,Healthcare,USD,Drug Manufacturers - General,0.0,0.0,Hold,60.499236241855584,60.499236241855584,80.92268060775217,70.2169681320736,24.020833333333332,73.98492652868289,0.30568575323609276,0.024900000000000002,0.27058446581729717,-0.4175946629692651,0.30568575323609276,0.9147622675572327,-0.18491287285082275,-0.27961743588687676,-0.27961743588687676,0.2799575407292591,0.32390678329003814,39.94534798383954,52.448496418887586,47.220216816550575,96.64764621968617,1015085207.5200001,60,162471837696.0,0.024900000000000002,0.05820085581658195,69.08012798888356,75.0167532177906,61.64497518069531,False,False,True,False,True,False,100.0,False,yahoo_finance,yahoo_finance_3m_average_volume,yahoo_finance,"bloomberg_database_as_of,finnhub_reported,yahoo_finance_timeseries",False,False,Equity,Active,alt_data_review;narrative_review;ml_drawdown_risk;ml_downside_tail_risk;ml_asymmetric_downside;ml_cvar_risk;ml_expected_shortfall_risk;,0.0,mean_variance,True,False,True,optimal,151,148,0.95,0.95,False,False,True,True,True
USB.US,USB.US,NAME:usbancorp,U.S. Bancorp,United States,US,Financials,USD,Banks - Regional,0.0,0.0,Hold,60.492278399282874,60.492278399282874,87.55171184022824,76.44941136407738,48.77083333333333,81.44223886264008,0.35,0.032400000000000005,0.22679488140698922,-0.24501630769214688,0.35,0.8552965684188896,-0.06030705256667929,-0.13968526105912552,-0.13968526105912552,0.28694327539402376,0.2965381714865725,19.95503729416079,49.66673461582117,38.99631651668147,91.65477888730386,573371008.38,60,99398860800.0,0.032400000000000005,0.0801820054662035,42.50713266761769,74.2780222005706,69.60887453115238,False,False,True,False,True,False,100.0,False,yahoo_finance,yahoo_finance_3m_average_volume,yahoo_finance,"bloomberg_database_as_of,finnhub_reported,yahoo_finance_timeseries",False,False,Equity,Active,alt_data_review;narrative_review;ml_downside_tail_risk;ml_asymmetric_downside;,0.0,mean_variance,True,False,True,optimal,151,148,0.95,0.95,False,False,True,True,True
601009.SHG,601009.SHG,NAME:bankofnanjingcoltd,Bank of Nanjing Co Ltd,China,Mainland China,Financials,CNY,Banks - Regional,0.0,0.0,Hold,60.418499231804056,60.418499231804056,91.10987004800337,74.38816170471821,68.52083333333333,81.00001336983581,0.35,0.046900000000000004,0.20866666395366323,-0.1961943405570732,0.35,0.8137078220485039,-0.02753656161018142,-0.10056989399396354,-0.10056989399396354,0.28694327539402376,0.297328731099223,14.367127713423363,49.75795303266545,35.792059912124465,58.98716119828816,84127081.69711483,60,20485334922.549366,0.046900000000000004,1.5163774330301862,42.50713266761769,85.27511420174986,62.40514104343784,False,False,True,False,False,False,100.0,False,yahoo_finance,yahoo_finance_3m_average_volume,yahoo_finance,"bloomberg_database_as_of,eastmoney_china_financials,yahoo_finance_timeseries",False,False,Equity,Active,narrative_review;,0.0,mean_variance,True,False,True,optimal,151,148,0.95,0.95,False,False,True,True,True
EN.PA,EN.PA,NAME:bouyguessa,Bouygues SA,France,EU ex-DACH,Industrials,EUR,Engineering & Construction,0.0,0.0,Watchlist,60.40330107927494,60.40330107927494,75.8594713483558,67.59086316846103,30.145833333333332,81.00001336983581,0.35,0.043,0.22668897021208928,-0.24096207559607685,0.35,0.8534726443081854,-0.059814550987852766,-0.139155690562084,-0.139155690562084,0.25240198517370355,0.30347777932539055,19.879384366011998,48.60754296997525,38.787988099418875,48.85877318116976,46561566.62603525,60,21478469117.462776,0.043,0.15966176851471264,58.80739333711989,62.782604768616764,63.22068506660355,False,False,True,False,False,False,100.0,False,yahoo_finance,yahoo_finance_3m_average_volume,yahoo_finance,"bloomberg_database_as_of,yahoo_finance_timeseries",False,False,Equity,Active,narrative_review;ml_drawdown_risk;ml_downside_tail_risk;ml_asymmetric_downside;,0.0,mean_variance,True,False,True,optimal,151,148,0.95,0.95,False,False,True,True,True
TSCO.LSE,TSCO.LSE,NAME:tescoplc,Tesco PLC,United Kingdom,UK,Consumer Staples,GBX,Grocery Stores,0.0,0.0,Hold,60.29287291922611,60.29287291922611,72.77476680232964,68.56250745944828,56.77083333333333,81.08624857805513,0.30964428395043475,0.0302,0.22580035617837316,-0.27773323557659035,0.30964428395043475,0.8106478115715996,-0.09845186648122928,-0.17748199114365987,-0.17748199114365987,0.24591241795281144,0.30318502567534394,25.35457016337998,48.22432546769106,38.573439179734706,64.83594864479315,112555115.56434222,60,39231163980.0836,0.0302,0.07712642634496389,45.24478361044605,56.86986496757904,71.41763900172506,False,False,True,False,False,False,100.0,False,yahoo_finance,yahoo_finance_3m_average_volume,yahoo_finance,"bloomberg_database_as_of,yahoo_finance_timeseries",False,False,Equity,Active,narrative_review;ml_drawdown_risk;ml_downside_tail_risk;ml_asymmetric_downside;,0.0,mean_variance,True,False,True,optimal,151,148,0.95,0.95,False,False,True,True,True
NOC.US,NOC.US,NAME:northropgrummancorporation,Northrop Grumman Corporation,United States,US,Industrials,USD,Aerospace & Defense,0.0,0.0,Watchlist,60.16096708886366,60.16096708886366,73.34356007080595,64.21600105657303,42.77083333333333,83.2973760420765,0.006699849525564364,0.0169,0.26150069465798104,-0.6929881267676218,0.006699849525564364,0.5944920919812813,-0.4677608236641121,-0.5592860667944054,-0.5592860667944054,0.25240198517370355,0.3437060529174526,79.89800954205792,53.2492668459824,45.629736059029774,91.22681883024251,550806586.76,60,80654860288.0,0.0169,0.04100186880482418,57.48124959370676,54.999885434855265,64.338360467323,False,False,True,False,False,False,100.0,False,yahoo_finance,yahoo_finance_3m_average_volume,yahoo_finance,"bloomberg_database_as_of,finnhub_reported,yahoo_finance_timeseries",False,False,Equity,Active,narrative_review;ml_drawdown_risk;ml_downside_tail_risk;ml_cvar_risk;ml_expected_shortfall_risk;,0.0,mean_variance,True,False,True,optimal,151,148,0.95,0.95,False,False,True,True,True
601998.SHG,601998.SHG,NAME:chinaciticbankcorpltdclassa,China Citic Bank Corp Ltd Class A,China,Mainland China,Financials,CNY,Banks - Regional,0.0,0.0,Hold,60.134369754697744,60.134369754697744,91.95063324343846,78.3739849482171,24.020833333333332,81.08624857805513,0.35,0.050499999999999996,0.21219876733467619,-0.20772660733064763,0.35,0.8224737941538551,-0.03413166579285748,-0.10840123435999414,-0.10840123435999414,0.29494327539402376,0.2997882697309262,15.485890622856308,50.47251518247738,36.51145215522126,56.704707560627675,73168864.45252453,60,61356409052.85562,0.050499999999999996,0.9798610790335772,42.50713266761769,85.2927926350092,76.53418972366083,False,False,True,False,True,False,100.0,False,yahoo_finance,yahoo_finance_3m_average_volume,yahoo_finance,"bloomberg_database_as_of,eastmoney_china_financials,yahoo_finance_timeseries",False,False,Equity,Active,alt_data_review;narrative_review;ml_downside_tail_risk;ml_asymmetric_downside;,0.0,mean_variance,True,False,True,optimal,151,148,0.95,0.95,False,False,True,True,True
AZN.LSE,AZN.LSE,NAME:astrazenecaplc,AstraZeneca PLC,United Kingdom,UK,Healthcare,GBX,Drug Manufacturers - General,0.0,0.0,Watchlist,60.05211062137792,60.05211062137792,74.80824517424645,56.397899860143646,66.45416666666668,85.54950311424149,0.16729121535368247,0.0199,0.2607451820752,-0.5147714519177335,0.16729121535368247,0.748582553081252,-0.3040731891402146,-0.3953340028665346,-0.3953340028665346,0.2269575407292591,0.314347572759012,56.47628612379065,48.49166443453842,44.77467611365661,87.80313837375179,437624013.17996645,60,249375608573.63474,0.0199,0.03476683244841066,68.91539034753669,59.86877318195412,51.42623925804237,False,False,True,False,False,False,100.0,False,yahoo_finance,yahoo_finance_3m_average_volume,yahoo_finance,"bloomberg_database_as_of,yahoo_finance_timeseries",False,False,Equity,Active,narrative_review;ml_drawdown_risk;ml_downside_tail_risk;ml_asymmetric_downside;ml_cvar_risk;ml_expected_shortfall_risk;,0.0,mean_variance,True,False,True,optimal,151,148,0.95,0.95,False,False,True,True,True
BNZL.LSE,BNZL.LSE,NAME:bunzlplc,Bunzl PLC,United Kingdom,UK,Consumer Staples,GBX,Food Distribution,0.0,0.0,Watchlist,59.932655975635164,59.932655975635164,71.2754800690914,64.42743022033439,39.52083333333333,90.2262276750101,0.3401113164516324,0.0262,0.21534920211516803,-0.22624230888038344,0.3401113164516324,0.8197436410247787,-0.049759851811274014,-0.12513207255158282,-0.12513207255158282,0.2879575407292591,0.30394193236173433,17.87601036451183,50.575629004083304,37.07090961133787,50.14265335235378,49048902.30849109,60,12106075522.539074,0.0262,0.093893845349203,53.372421558121744,72.34583210567108,64.49410468495785,False,False,True,False,False,False,100.0,False,yahoo_finance,yahoo_finance_3m_average_volume,yahoo_finance,"bloomberg_database_as_of,yahoo_finance_timeseries",False,False,Equity,Active,narrative_review;ml_drawdown_risk;ml_downside_tail_risk;ml_asymmetric_downside;,0.0,mean_variance,True,False,True,optimal,151,148,0.95,0.95,False,False,True,True,True
CFR.SW,CFR.SW,NAME:compagniefinancirerichemontsa,Compagnie Financière Richemont SA,Switzerland,DACH,Consumer Discretionary,CHF,Luxury Goods,0.0,0.0,Watchlist,59.818186330478234,59.818186330478234,65.20793391044118,54.35380260979371,52.60416666666667,90.2262276750101,0.11573332130584715,0.0167,0.2990754305063461,-0.692464124394518,0.11573332130584715,0.793177156436457,-0.42720241810130566,-0.5318788187785268,-0.5318788187785268,0.2755130962848147,0.3393308816806476,75.9826883969324,53.98888384002628,52.65278528985095,77.38944365192582,240683234.66053048,60,141442162969.8535,0.0167,0.031010324792752803,87.85934742641214,61.25273710596402,56.93709243719337,False,False,True,False,False,False,100.0,False,yahoo_finance,yahoo_finance_3m_average_volume,yahoo_finance,"bloomberg_database_as_of,yahoo_finance_timeseries",False,False,Equity,Active,narrative_review;ml_drawdown_risk;ml_downside_tail_risk;ml_cvar_risk;ml_expected_shortfall_risk;ml_downside_skew;,0.0,mean_variance,True,False,True,optimal,151,148,0.95,0.95,False,False,True,True,True
PSON.LSE,PSON.LSE,NAME:pearsonplc,Pearson PLC,United Kingdom,UK,Communication Services,GBX,Publishing,0.0,0.0,Hold,59.80710658474892,59.80710658474892,75.39144901727889,55.748115328518516,28.770833333333332,90.2262276750101,0.23676243499499264,0.0207,0.2527921631485866,-0.442482327523819,0.23676243499499264,0.8057604066800401,-0.2222257091247348,-0.3107029662267401,-0.3107029662267401,0.2799575407292591,0.339064747306169,44.38613803239145,54.19749226690268,44.23911580922864,41.940085592011414,31278848.683334667,60,9868237313.949463,0.0207,0.07145247920626771,69.50902240329259,73.07483911739784,57.92512266269199,False,False,True,False,False,False,100.0,False,yahoo_finance,yahoo_finance_3m_average_volume,yahoo_finance,"bloomberg_database_as_of,yahoo_finance_timeseries",False,False,Equity,Active,narrative_review;ml_drawdown_risk;ml_downside_tail_risk;ml_asymmetric_downside;ml_cvar_risk;ml_expected_shortfall_risk;ml_downside_skew;,0.0,mean_variance,True,False,True,optimal,151,148,0.95,0.95,False,False,True,True,True
0293.HK,0293.HK,NAME:cathaypacificairwayslimited,Cathay Pacific Airways Limited,Hong Kong,Hong Kong,Industrials,HKD,Airlines,0.0,0.0,Hold,59.76603897285968,59.76603897285968,86.08501946738261,71.88283469921343,42.77083333333333,86.28947834408092,0.35,0.0594,0.29492192331384387,-0.4451591260363016,0.35,1.0167917889438827,-0.1853608363236413,-0.28858350948348666,-0.28858350948348666,0.25240198517370355,0.3489151312571652,41.2262156404981,53.85031434671849,51.81317228052342,41.51212553495007,30635278.03784163,60,11591218133.401287,0.0594,0.17083507965501876,55.3526914738723,71.24106109402481,80.71068728000252,False,False,True,False,False,False,100.0,False,yahoo_finance,yahoo_finance_3m_average_volume,yahoo_finance,"bloomberg_database_as_of,eastmoney_hk_financials,yahoo_finance_timeseries",False,False,Equity,Active,narrative_review;ml_drawdown_risk;ml_downside_tail_risk;ml_asymmetric_downside;ml_cvar_risk;ml_expected_shortfall_risk;ml_downside_skew;,0.0,mean_variance,True,False,True,optimal,151,148,0.95,0.95,False,False,True,True,True
ADM.US,ADM.US,NAME:archerdanielsmidlandcompany,Archer-Daniels-Midland Company,United States,US,Consumer Staples,USD,Farm Products,0.0,0.0,Watchlist,59.45563671290146,59.45563671290146,73.44055744268272,74.34674500766575,48.77083333333333,81.00001336983581,0.2734303154413859,0.0268,0.2697762504920666,-0.44957216016367824,0.2734303154413859,0.8816932721516499,-0.21579779348824413,-0.31021948116046744,-0.31021948116046744,0.30870815441348465,0.31323251090143384,44.31706873720964,52.76495957243001,47.181532901598494,80.24251069900143,285909354.27000004,60,37356687360.0,0.0268,0.11253674501399902,44.173712765730386,57.839719425278716,61.61429896219153,False,False,True,False,True,False,100.0,False,yahoo_finance,yahoo_finance_3m_average_volume,yahoo_finance,"bloomberg_database_as_of,finnhub_reported,yahoo_finance_timeseries",False,False,Equity,Active,alt_data_review;narrative_review;ml_drawdown_risk;ml_downside_tail_risk;ml_asymmetric_downside;ml_cvar_risk;ml_expected_shortfall_risk;,0.0,mean_variance,True,False,True,optimal,151,148,0.95,0.95,False,False,True,True,True
SREN.SW,SREN.SW,NAME:swissreag,Swiss Re AG,Switzerland,DACH,Financials,CHF,Insurance - Reinsurance,0.0,0.0,Watchlist,59.42851050031259,59.42851050031259,80.31548429165898,63.712268601166016,61.10416666666667,86.28947834408092,0.35,0.045899999999999996,0.21548664997335762,-0.21184240153835387,0.35,0.8279887619215385,-0.03970291470563131,-0.11512324219630647,-0.11512324219630647,0.24694327539402372,0.31004501396835626,16.44617745661521,49.07137028679622,36.852777109643775,70.75606276747504,158702746.294415,60,48966158181.6624,0.045899999999999996,0.06267594015879577,42.50713266761769,52.667626766922254,61.90055141396937,False,False,True,False,False,False,100.0,False,yahoo_finance,yahoo_finance_3m_average_volume,yahoo_finance,"bloomberg_database_as_of,yahoo_finance_timeseries",False,False,Equity,Active,narrative_review;ml_drawdown_risk;ml_downside_tail_risk;ml_asymmetric_downside;,0.0,mean_variance,True,False,True,optimal,151,148,0.95,0.95,False,False,True,True,True
OR.PA,OR.PA,NAME:loralsa,LOréal S.A.,France,EU ex-DACH,Consumer Staples,EUR,Household & Personal Products,0.20859200397318103,16800.0,Watchlist,59.40361768392831,59.40361768392831,56.08289525375612,53.807915189534356,56.77083333333333,90.2262276750101,0.13043114507614936,0.018500000000000003,0.2558188243646443,-0.5375491273454034,0.13043114507614936,0.7002961859787418,-0.3319046369674994,-0.42144122549512486,-0.42144122549512486,0.23640198517370353,0.30706755970136873,60.205889356446406,48.160209936434285,43.870619607479604,72.75320970042796,181661815.82574818,60,237468834813.9119,0.018500000000000003,0.03481008202077095,93.00184104451854,63.70214086137833,56.854895242973676,False,False,True,False,False,False,100.0,False,yahoo_finance,yahoo_finance_3m_average_volume,yahoo_finance,"bloomberg_database_as_of,yahoo_finance_timeseries",False,False,Equity,Active,narrative_review;ml_drawdown_risk;ml_downside_tail_risk;ml_asymmetric_downside;ml_cvar_risk;ml_expected_shortfall_risk;,0.0,mean_variance,True,False,True,optimal,151,148,0.95,0.95,False,False,True,True,True
CCEP.US,CCEP.US,NAME:cocacolaeuropeanpartnersplc,Coca-Cola European Partners PLC,United States,US,Consumer Staples,USD,Beverages - Non-Alcoholic,0.0,0.0,Watchlist,59.39666003498304,59.39666003498304,71.31199110887387,62.57901032744168,57.10416666666667,90.2262276750101,0.14213137906693096,0.0222,0.23555346031232133,-0.4755025592942622,0.14213137906693096,0.6669895834579366,-0.28396533015105724,-0.3664090412603697,-0.3664090412603697,0.2675130962848147,0.30367794957313715,52.34414875148139,49.44431475069814,40.49119680763454,75.82025677603423,219162408.75,60,47866884096.0,0.0222,0.0483000298054027,51.18963377848055,63.612616231250975,65.09226101298808,False,False,True,False,False,False,100.0,False,yahoo_finance,yahoo_finance_3m_average_volume,yahoo_finance,"bloomberg_database_as_of,yahoo_finance_timeseries",False,False,Equity,Active,narrative_review;ml_drawdown_risk;ml_downside_tail_risk;ml_asymmetric_downside;ml_cvar_risk;ml_expected_shortfall_risk;,0.0,mean_variance,True,False,True,optimal,151,148,0.95,0.95,False,False,True,True,True
TFC.US,TFC.US,NAME:truistfinancialcorp,Truist Financial Corp,United States,US,Financials,USD,Banks - Regional,0.0,0.0,Hold,59.29222499729866,59.29222499729866,87.87410841654778,77.11063782840657,28.8125,90.2262276750101,0.27302906852606523,0.0394,0.24198765161442604,-0.364792380078915,0.27302906852606523,0.8136339405172582,-0.16498630855485102,-0.24968198661990013,-0.24968198661990013,0.2762766087273571,0.3070206484901249,35.668855231414305,50.30189221879518,41.764744180744565,89.58630527817404,473968426.8,60,64245325824.0,0.0394,0.0893294559003714,42.50713266761769,76.05461226657903,69.13412316165888,False,False,True,False,True,False,100.0,False,yahoo_finance,yahoo_finance_3m_average_volume,yahoo_finance,"bloomberg_database_as_of,finnhub_reported,yahoo_finance_timeseries",False,False,Equity,Active,alt_data_review;narrative_review;ml_drawdown_risk;ml_downside_tail_risk;ml_asymmetric_downside;,0.0,mean_variance,True,False,True,optimal,151,148,0.95,0.95,False,False,True,True,True
ESSITY-B.ST,ESSITY-B.ST,NAME:essityabpubl,Essity AB (publ),Sweden,EU ex-DACH,Consumer Staples,SEK,Household & Personal Products,0.0,0.0,Watchlist,59.180102316766444,59.180102316766444,74.23208508402803,50.295494601385165,64.97916666666667,84.07541813822725,0.35,0.031,0.1838830498208879,-0.12591666541917346,0.35,0.7558681303634919,0.017663061099361943,-0.04669600633794882,-0.04669600633794882,0.2675130962848147,0.2935590883195776,6.6708580482784035,48.27675383682589,31.25143742521114,46.00570613409415,39872604.4658575,60,19620400402.730167,0.031,0.044680392107003135,74.02029816529256,54.05279136588199,59.26081807854495,False,False,True,False,False,False,100.0,False,yahoo_finance,yahoo_finance_3m_average_volume,yahoo_finance,yahoo_finance_timeseries,False,False,Equity,Active,narrative_review;,0.05,mean_variance,True,False,True,optimal,151,148,0.95,0.95,False,False,True,True,True
600000.SHG,600000.SHG,NAME:shanghaipudongdevelopmentbankcoltd,Shanghai Pudong Development Bank Co Ltd,China,Mainland China,Financials,CNY,Banks - Regional,0.0,0.0,Hold,59.15296872363019,59.15296872363019,86.67887860720452,75.72408650118663,48.77083333333333,81.00001336983581,0.35,0.0452,0.2324514796127332,-0.2758713321406481,0.35,0.8726313058511063,-0.0724196574257831,-0.15377767529023972,-0.15377767529023972,0.28694327539402376,0.34497538038986364,21.968239327177105,55.25564333543169,40.7042154679379,65.9771754636234,118110860.87264988,60,45339179529.38394,0.0452,1.161358159900871,42.50713266761769,85.05897306821737,60.5872616153733,False,False,True,False,True,False,100.0,False,yahoo_finance,yahoo_finance_3m_average_volume,yahoo_finance,"bloomberg_database_as_of,eastmoney_china_financials,yahoo_finance_timeseries",False,False,Equity,Active,alt_data_review;narrative_review;ml_drawdown_risk;ml_downside_tail_risk;ml_asymmetric_downside;ml_downside_skew;,0.0,mean_variance,True,False,True,optimal,151,148,0.95,0.95,False,False,True,True,True
PRU.LSE,PRU.LSE,NAME:prudentialplc,Prudential plc,United Kingdom,UK,Financials,GBX,Insurance - Life,0.0,0.0,Hold,59.114460474896006,59.114460474896006,75.4219411713445,62.916079806447755,51.14583333333333,90.2262276750101,0.3281871139681496,0.0192,0.2551419611756844,-0.34951685627799967,0.3281871139681496,0.9000709076186845,-0.13417896442834626,-0.22347865083983579,-0.22347865083983579,0.2593877198384682,0.3275291262689058,31.92552154854797,51.758853330022035,44.2867851628866,66.47646219686163,123750054.51713395,60,34004011651.622864,0.0192,0.0689918596674765,42.50713266761769,50.99264479472197,58.8003747475846,False,False,True,False,False,False,100.0,False,yahoo_finance,yahoo_finance_3m_average_volume,yahoo_finance,"bloomberg_database_as_of,yahoo_finance_timeseries",False,False,Equity,Active,narrative_review;ml_drawdown_risk;ml_downside_tail_risk;ml_asymmetric_downside;,0.0,mean_variance,True,False,True,optimal,151,148,0.95,0.95,False,False,True,True,True
SCHP.SW,SCHP.SW,NAME:schindlerps,Schindler Ps,Switzerland,DACH,Industrials,CHF,Specialty Industrial Machinery,0.0,0.0,Watchlist,58.92959646125305,58.92959646125305,69.72680470483296,50.872762973405486,24.020833333333332,90.2262276750101,0.05086434346166761,0.0229,0.19196045249785107,-0.45118019269968485,0.05086434346166761,0.47651655420040107,-0.2965688395015729,-0.3637549978758208,-0.3637549978758208,0.2799575407292591,0.3044349151304428,51.96499969654583,50.201742400472725,32.87860822048652,45.00713266761769,37976402.736808605,60,34473767596.47984,0.0229,0.04938749257001693,97.93911959636972,64.76203911528688,57.41514915164968,False,False,True,False,True,False,100.0,False,yahoo_finance,yahoo_finance_3m_average_volume,yahoo_finance,"bloomberg_database_as_of,yahoo_finance_timeseries",False,False,Equity,Active,alt_data_review;narrative_review;ml_drawdown_risk;ml_downside_tail_risk;ml_cvar_risk;ml_expected_shortfall_risk;,0.0,mean_variance,True,False,True,optimal,151,148,0.95,0.95,False,False,True,True,True
UNP.US,UNP.US,NAME:unionpacificcorporation,Union Pacific Corporation,United States,US,Industrials,USD,Railroads,0.0,0.0,Watchlist,58.89398833220754,58.89398833220754,79.5291877455563,59.56821061989736,61.10416666666667,73.98492652868289,0.07741722012911334,0.0192,0.2224456871598636,-0.4962796092272451,0.07741722012911334,0.569305203791666,-0.324119517692555,-0.40197550819850725,-0.40197550819850725,0.23648108879891544,0.2928324803336064,57.42507259978675,46.52196020458849,37.76551519666208,95.57774607703281,882784778.58,60,175478030336.0,0.0192,0.03133725623356201,47.73822596517183,66.07949200772136,56.10277417790113,False,False,True,False,False,False,100.0,False,yahoo_finance,yahoo_finance_3m_average_volume,yahoo_finance,"bloomberg_database_as_of,finnhub_reported,yahoo_finance_timeseries",False,False,Equity,Active,narrative_review;ml_downside_tail_risk;ml_cvar_risk;ml_expected_shortfall_risk;,0.0,mean_variance,True,False,True,optimal,151,148,0.95,0.95,False,False,True,True,True
BN.PA,BN.PA,NAME:danonesa,Danone SA,France,EU ex-DACH,Consumer Staples,EUR,Packaged Foods,0.0,0.0,Watchlist,58.84202832011779,58.84202832011779,62.863209091131296,63.89081401344687,52.77083333333333,90.2262276750101,0.2519557798506788,0.0331,0.22883724319405405,-0.35971800018317296,0.2519557798506788,0.7657478447208477,-0.16318556030993814,-0.24327859542785707,-0.24327859542785707,0.3325205357313939,0.306662347124446,34.75408506112244,53.289068899895746,39.88776580686177,67.76034236804564,130740248.39088184,60,49975894154.77154,0.0331,0.06291412161020932,49.274058054488165,69.25694442691808,64.83578815335751,False,False,True,False,False,False,100.0,False,yahoo_finance,yahoo_finance_3m_average_volume,yahoo_finance,"bloomberg_database_as_of,yahoo_finance_timeseries",False,False,Equity,Active,narrative_review;ml_drawdown_risk;ml_downside_tail_risk;ml_asymmetric_downside;,0.0,mean_variance,True,False,True,optimal,151,148,0.95,0.95,False,False,True,True,True
HSY.US,HSY.US,NAME:hersheyco,Hershey Co,United States,US,Consumer Staples,USD,Confectioners,0.0,0.0,Watchlist,58.66382393944984,58.66382393944984,73.19519367663422,62.53593239661359,52.77083333333333,81.00001336983581,0.06743679529570219,0.0323,0.2759387186719191,-0.6907149722318279,0.06743679529570219,0.695896562396731,-0.43499730114438967,-0.5315758526795613,-0.5315758526795613,0.3483163011817771,0.33773079718803123,75.93940752565163,57.724431277637755,49.14306054580793,85.02139800285306,373426870.22,60,36773416960.0,0.0323,0.0475655553549082,49.46505488485212,69.22685236403451,57.72442881608369,False,False,True,False,False,False,100.0,False,yahoo_finance,yahoo_finance_3m_average_volume,yahoo_finance,"bloomberg_database_as_of,finnhub_reported,yahoo_finance_timeseries",False,False,Equity,Active,narrative_review;ml_drawdown_risk;ml_downside_tail_risk;ml_cvar_risk;ml_expected_shortfall_risk;ml_downside_skew;,0.0,mean_variance,True,False,True,optimal,151,148,0.95,0.95,False,False,True,True,True
BDX.US,BDX.US,NAME:bectondickinsonandcompany,Becton Dickinson and Company,United States,US,Healthcare,USD,Medical Instruments & Supplies,0.0,0.0,Watchlist,58.657838615227625,58.657838615227625,80.76344380318727,64.24058746820153,51.14583333333333,81.44223886264008,0.15342346612254665,0.0246,0.2699320419780387,-0.5798484664042679,0.15342346612254665,0.7654358392716553,-0.3371149952671465,-0.43159120995946004,-0.43159120995946004,0.3443666677090472,0.31961683791474066,61.655887137065726,55.42168648218801,47.6783774215947,89.1583452211127,462145794.27,60,48789942272.0,0.0246,0.054744889532957225,37.0996603465332,68.64500800323788,53.128802996573334,False,False,True,False,False,False,100.0,False,yahoo_finance,yahoo_finance_3m_average_volume,yahoo_finance,"bloomberg_database_as_of,finnhub_reported,yahoo_finance_timeseries",False,False,Equity,Active,narrative_review;ml_drawdown_risk;ml_downside_tail_risk;ml_asymmetric_downside;ml_cvar_risk;ml_expected_shortfall_risk;ml_downside_skew;,0.0,mean_variance,True,False,True,optimal,151,148,0.95,0.95,False,False,True,True,True
DB1.XETRA,DB1.XETRA,NAME:deutschebrseag,Deutsche Börse AG,Germany,DACH,Financials,EUR,Financial Data & Stock Exchanges,0.0,0.0,Watchlist,58.601681025487494,58.601681025487494,67.23656664695899,57.970533701854485,72.52083333333334,73.98492652868289,0.23014151551284723,0.015600000000000001,0.2273363712770693,-0.36841836121550386,0.23014151551284723,0.7366964969868037,-0.1815345691178339,-0.26110229906480814,-0.26110229906480814,0.2513877198384682,0.3229975990898499,37.30032843782974,50.8052155785925,39.166504122047414,64.90727532097004,112647516.88862054,60,55535691195.13335,0.015600000000000001,0.05050515398024204,42.50713266761769,72.89305746807659,59.92396219686162,False,False,True,False,False,False,100.0,False,yahoo_finance,yahoo_finance_3m_average_volume,yahoo_finance,"bloomberg_database_as_of,yahoo_finance_timeseries",False,False,Equity,Active,narrative_review;ml_drawdown_risk;ml_downside_tail_risk;ml_asymmetric_downside;ml_cvar_risk;ml_expected_shortfall_risk;,0.0,mean_variance,True,False,True,optimal,151,148,0.95,0.95,False,False,True,True,True
MTB.US,MTB.US,NAME:mtbankcorporation,M&T Bank Corporation,United States,US,Financials,USD,Banks - Regional,0.0,0.0,Hold,58.59343874891439,58.59343874891439,84.58166904422254,71.60736762238015,35.6875,90.2262276750101,0.2998915875592727,0.023799999999999998,0.21942857540563665,-0.2688766802788488,0.2998915875592727,0.7861242702443976,-0.0964583553573512,-0.17325835674932402,-0.17325835674932402,0.2616099420606904,0.2894184825654186,24.751193821332006,47.48112948389316,37.39041129593455,80.02853067047076,280242598.02,60,36124282880.0,0.023799999999999998,0.07917112180470225,42.50713266761769,78.10618203222425,66.2391061882555,False,False,True,False,False,False,100.0,False,yahoo_finance,yahoo_finance_3m_average_volume,yahoo_finance,"bloomberg_database_as_of,finnhub_reported,yahoo_finance_timeseries",False,False,Equity,Active,narrative_review;ml_downside_tail_risk;ml_asymmetric_downside;,0.0,mean_variance,True,False,True,optimal,151,148,0.95,0.95,False,False,True,True,True
PM.US,PM.US,NAME:philipmorrisinternationalinc,Philip Morris International Inc,United States,US,Consumer Staples,USD,Tobacco,0.0,0.0,Watchlist,58.580436175254,58.580436175254,73.66541478933036,57.987273543333494,36.35416666666667,81.00001336983581,0.1663030691843757,0.0311,0.27903303472583907,-0.5932332724543719,0.1663030691843757,0.7999139522165861,-0.3408483502514627,-0.4385099124055064,-0.4385099124055064,0.3428501077161643,0.32180346551409533,62.644273200786635,55.59232874403522,49.37469269615513,96.29101283880172,964955068.75,60,293097242624.0,0.0311,0.03638382915011015,65.98842893866275,66.50887885208097,46.623512345126464,False,False,True,False,False,False,100.0,False,yahoo_finance,yahoo_finance_3m_average_volume,yahoo_finance,"bloomberg_database_as_of,finnhub_reported,yahoo_finance_timeseries",False,False,Equity,Active,narrative_review;ml_drawdown_risk;ml_downside_tail_risk;ml_asymmetric_downside;ml_cvar_risk;ml_expected_shortfall_risk;ml_downside_skew;,0.0,mean_variance,True,False,True,optimal,151,148,0.95,0.95,False,False,True,True,True
HLN.LSE,HLN.LSE,NAME:haleonplc,Haleon PLC,United Kingdom,UK,Healthcare,GBX,Drug Manufacturers - Specialty & Generic,0.0,0.0,Watchlist,58.49346790466739,58.49346790466739,75.63813105156457,56.83777000478709,48.77083333333333,83.2973760420765,0.27817556095165286,0.02,0.22726341979510878,-0.3212785081050369,0.27817556095165286,0.7851877439367627,-0.13341406376847853,-0.2129562606967666,-0.2129562606967666,0.2719575407292591,0.3150907355501271,30.42232295668094,51.000490910436305,39.21439902816701,65.33523537803138,114989314.48198739,60,43455864014.697655,0.02,0.06903773801319496,53.0173340731052,78.44566049964286,42.26931637805484,False,False,True,False,True,False,100.0,False,yahoo_finance,yahoo_finance_3m_average_volume,yahoo_finance,yahoo_finance_timeseries,False,False,Equity,Active,alt_data_review;narrative_review;ml_drawdown_risk;ml_downside_tail_risk;ml_asymmetric_downside;,0.0,mean_variance,True,False,True,optimal,151,148,0.95,0.95,False,False,True,True,True
601377.SHG,601377.SHG,NAME:industrialsecuritiescoltd,Industrial Securities Co Ltd,China,Mainland China,Financials,CNY,Capital Markets,0.0,0.0,Hold,58.404102062888164,58.404102062888164,85.61432796526444,70.90328248349037,52.77083333333333,86.28947834408092,0.35,0.042300000000000004,0.2745950633203295,-0.3930805013859132,0.35,0.9709970547009825,-0.14889455231637966,-0.24500282447849497,-0.24500282447849497,0.28694327539402376,0.3426813417663871,35.00040349692786,54.9909465711844,48.34443119349438,60.770328102710415,90892118.8113397,60,7518322544.637578,0.042300000000000004,0.3752471444407994,42.50713266761769,88.78403799392521,55.27084174007237,False,False,True,False,False,False,100.0,False,yahoo_finance,yahoo_finance_3m_average_volume,yahoo_finance,"eastmoney_china_financials,yahoo_finance_timeseries",False,False,Equity,Active,narrative_review;ml_drawdown_risk;ml_downside_tail_risk;ml_asymmetric_downside;ml_downside_skew;,0.0,mean_variance,True,False,True,optimal,151,148,0.95,0.95,False,False,True,True,True
HSBA.LSE,HSBA.LSE,NAME:hsbcholdingsplc,HSBC Holdings PLC,United Kingdom,UK,Financials,GBX,Banks - Diversified,0.0,0.0,Watchlist,58.1828396726246,58.1828396726246,82.92675572198644,68.28157537691945,76.95416666666668,86.71868425443364,0.35,0.0369,0.26022594422990825,-0.3344180682182458,0.35,0.9313929850274197,-0.12079482072442788,-0.21187390120489574,-0.21187390120489574,0.24194327539402372,0.31667826191995696,30.267700172127967,49.5675142812117,44.86175664611656,89.22967189728959,464501835.02942187,60,347831443150.4114,0.0369,0.07217576356127167,42.50713266761769,75.80349104125774,52.34515728233353,False,False,True,False,False,False,100.0,False,yahoo_finance,yahoo_finance_3m_average_volume,yahoo_finance,"bloomberg_database_as_of,yahoo_finance_timeseries",False,False,Equity,Active,narrative_review;ml_drawdown_risk;ml_downside_tail_risk;ml_asymmetric_downside;,0.0,mean_variance,True,False,True,optimal,151,148,0.95,0.95,False,False,True,True,True
ACA.PA,ACA.PA,NAME:creditagricolesa,Credit Agricole SA,France,EU ex-DACH,Financials,EUR,Banks - Regional,0.0,0.0,Watchlist,58.04917324027128,58.04917324027128,80.8015746156383,73.78928520457505,68.97916666666667,86.71868425443364,0.35,0.0584,0.2194093533261985,-0.2202705218433194,0.35,0.836389719242379,-0.046549174065436405,-0.12334244772960587,-0.12334244772960587,0.24694327539402372,0.30283484258921956,17.62034967565798,48.23942743535737,37.44921840559523,65.40656205420828,115443110.35987286,60,66916296146.09084,0.0584,0.3086749706945353,42.50713266761769,81.17588068462051,60.398569098867405,False,False,True,False,False,False,100.0,False,yahoo_finance,yahoo_finance_3m_average_volume,yahoo_finance,"bloomberg_database_as_of,yahoo_finance_timeseries",False,False,Equity,Active,narrative_review;ml_drawdown_risk;ml_downside_tail_risk;ml_asymmetric_downside;,0.0,mean_variance,True,False,True,optimal,151,148,0.95,0.95,False,False,True,True,True
SEB-A.ST,SEB-A.ST,NAME:skandinaviskaenskildabankenabpubl,Skandinaviska Enskilda Banken AB (publ),Sweden,EU ex-DACH,Financials,SEK,Banks - Regional,0.0,0.0,Hold,57.98525273005205,57.98525273005205,88.0465205086777,65.68434516913698,62.4375,83.2973760420765,0.35,0.0381,0.1901467817454433,-0.13803481888790314,0.35,0.7684767900465121,0.006775339242150624,-0.05977603436875453,-0.05977603436875453,0.24027660872735707,0.2908216373883592,8.539433481250649,46.49431401474528,32.12778328378417,51.78316690442225,54827271.472250536,60,44936874150.117874,0.0381,0.07778423890047793,42.50713266761769,70.93545660487229,74.16843677833717,False,False,True,False,False,False,100.0,False,yahoo_finance,yahoo_finance_3m_average_volume,yahoo_finance,yahoo_finance_timeseries,False,False,Equity,Active,narrative_review;,0.0,mean_variance,True,False,True,optimal,151,148,0.95,0.95,False,False,True,True,True
BVI.PA,BVI.PA,NAME:bureauveritassa,Bureau Veritas SA,France,EU ex-DACH,Industrials,EUR,Consulting Services,0.0,0.0,Watchlist,57.91478343009886,57.91478343009886,70.12694638401913,54.6861731036593,61.10416666666667,90.2262276750101,0.2559212420267915,0.0323,0.23349713823961235,-0.3709777371347796,0.2559212420267915,0.78121288256615,-0.16795357274660544,-0.24967757113046976,-0.24967757113046976,0.33412642961814804,0.3129963599485443,35.668224447209965,54.1063877427323,40.834921656296835,42.368045649072755,31813416.468256228,60,14382987042.754128,0.0323,0.06899211280185266,60.79832573234619,71.88873765262525,55.87938596154544,False,False,True,False,False,False,100.0,False,yahoo_finance,yahoo_finance_3m_average_volume,yahoo_finance,"bloomberg_database_as_of,yahoo_finance_timeseries",False,False,Equity,Active,narrative_review;ml_drawdown_risk;ml_downside_tail_risk;ml_asymmetric_downside;ml_downside_skew;,0.0,mean_variance,True,False,True,optimal,151,148,0.95,0.95,False,False,True,True,True
UBSG.SW,UBSG.SW,NAME:ubsgroupag,UBS Group AG,Switzerland,DACH,Financials,CHF,Banks - Diversified,0.0,0.0,Watchlist,57.55788224179241,57.55788224179241,71.30514192361332,74.45224267675475,57.10416666666667,81.00001336983581,0.35,0.0199,0.2320054534078713,-0.2684668179210675,0.35,0.8702549208403656,-0.07074408331907722,-0.15194599201183218,-0.15194599201183218,0.31056105317180155,0.31271148063923104,21.7065702874046,52.80461216762367,40.35756948161494,81.74037089871612,311689212.61673665,60,172834906441.78162,0.0199,0.112760786586619,42.50713266761769,75.80193552829192,60.56051402651348,False,False,True,False,False,False,100.0,False,yahoo_finance,yahoo_finance_3m_average_volume,yahoo_finance,"bloomberg_database_as_of,yahoo_finance_timeseries",False,False,Equity,Active,narrative_review;ml_drawdown_risk;ml_downside_tail_risk;ml_asymmetric_downside;,0.0,mean_variance,True,False,True,optimal,151,148,0.95,0.95,False,False,True,True,True
ELE.MC,ELE.MC,NAME:endesasa,Endesa SA,Spain,EU ex-DACH,Utilities,EUR,Utilities - Regulated Electric,0.0,0.0,Watchlist,57.52635596020822,57.52635596020822,80.4342289492431,50.52574410170966,74.32916666666668,81.08624857805513,0.35,0.038,0.19896884512610513,-0.15886629177680456,0.35,0.7876093159709315,-0.00891268149622626,-0.07855177729036306,-0.07855177729036306,0.2269575407292591,0.28883169657084523,11.221682470051867,45.54752487436532,33.54415201020019,45.29243937232525,38649938.813638486,60,49320200991.10286,0.038,0.05165104383487416,58.031549501779125,60.345130039609565,54.18197112410222,False,False,True,False,False,False,100.0,False,yahoo_finance,yahoo_finance_3m_average_volume,yahoo_finance,"bloomberg_database_as_of,yahoo_finance_timeseries",False,False,Equity,Active,narrative_review;,0.0,mean_variance,True,False,True,optimal,151,148,0.95,0.95,False,False,True,True,True
G1A.XETRA,G1A.XETRA,NAME:geagroup,GEA GROUP,Germany,DACH,Industrials,EUR,Specialty Industrial Machinery,0.0,0.0,Watchlist,57.43955597406163,57.43955597406163,66.77235211006165,49.07367724434741,35.6875,90.2262276750101,0.07878057620525278,0.0202,0.22786201259836378,-0.5167354944603197,0.07878057620525278,0.5852381634255374,-0.33333943413537503,-0.41309113854480234,-0.41309113854480234,0.24662420739592578,0.3112017616166938,59.01301979211462,49.18766058478375,39.05517647657301,40.94151212553495,29521883.32327041,60,11888205930.668367,0.0202,0.04626531082599624,89.7247280830436,58.68109788677522,58.61278886605884,False,False,True,False,False,False,100.0,False,yahoo_finance,yahoo_finance_3m_average_volume,yahoo_finance,"bloomberg_database_as_of,yahoo_finance_timeseries",False,False,Equity,Active,narrative_review;ml_drawdown_risk;ml_downside_tail_risk;ml_cvar_risk;ml_expected_shortfall_risk;,0.0,mean_variance,True,False,True,optimal,151,148,0.95,0.95,False,False,True,True,True
HSBC.US,HSBC.US,NAME:hsbcholdingsplcadr,HSBC Holdings PLC ADR,United States,US,Financials,USD,Banks - Diversified,0.0,0.0,Hold,57.42745047931912,57.42745047931912,87.22824536376605,66.08188118742359,48.77083333333333,81.00001336983581,0.35,0.0365,0.26987770230449987,-0.372518366767853,0.35,0.9578841325310093,-0.1394278585045705,-0.23388505431114548,-0.23388505431114548,0.28694327539402376,0.3232545592749261,33.41215061587793,52.749394745246576,47.15094959227494,70.54208273894437,158088035.20000002,60,351744065536.0,0.0365,0.07137291701494414,42.50713266761769,75.47895466465289,63.00549709551228,False,False,True,False,True,False,100.0,False,yahoo_finance,yahoo_finance_3m_average_volume,yahoo_finance,"bloomberg_database_as_of,yahoo_finance_timeseries",False,False,Equity,Active,alt_data_review;narrative_review;ml_drawdown_risk;ml_downside_tail_risk;ml_asymmetric_downside;,0.0,mean_variance,True,False,True,optimal,151,148,0.95,0.95,False,False,True,True,True
GEBN.SW,GEBN.SW,NAME:geberitag,Geberit AG,Switzerland,DACH,Industrials,CHF,Building Products & Equipment,0.0,0.0,Watchlist,57.28878939943078,57.28878939943078,70.48500727259331,46.84812729964867,52.77083333333333,86.28947834408092,0.04413149388967139,0.022799999999999997,0.2042329391936711,-0.49655282277780766,0.04413149388967139,0.4997792523891682,-0.3260706881416979,-0.3975522168594828,-0.3975522168594828,0.3089797380625925,0.3082405892194134,56.79317383706896,52.203592344071915,35.311120866145934,53.49500713266762,59831980.024724305,60,22649484770.076252,0.022799999999999997,0.0381559553367403,83.84338871294291,69.57652387321744,49.482523892617564,False,False,True,False,False,False,100.0,False,yahoo_finance,yahoo_finance_3m_average_volume,yahoo_finance,"bloomberg_database_as_of,yahoo_finance_timeseries",False,False,Equity,Active,narrative_review;ml_drawdown_risk;ml_downside_tail_risk;ml_cvar_risk;ml_expected_shortfall_risk;,0.0,mean_variance,True,False,True,optimal,151,148,0.95,0.95,False,False,True,True,True
BIRG.IR,BIRG.IR,NAME:bankofirelandgroupplc,Bank of Ireland Group PLC,Ireland,EU ex-DACH,Financials,EUR,Banks - Regional,0.0,0.0,Watchlist,57.286660449975244,57.286660449975244,80.22222178433944,69.93436037083474,52.77083333333333,81.00001336983581,0.35,0.0446,0.2624127475651185,-0.35313937327549483,0.35,0.9407991389691867,-0.12605812920700443,-0.2179025908547959,-0.2179025908547959,0.28694327539402376,0.3270619243089264,31.12894155068513,53.18870609532356,45.858625189373456,48.64479315263909,45963404.30161425,60,20298225155.78542,0.0446,0.2003347022980178,42.50713266761769,81.08873551109816,67.0327557365199,False,False,True,False,False,False,100.0,False,yahoo_finance,yahoo_finance_3m_average_volume,yahoo_finance,"bloomberg_database_as_of,yahoo_finance_timeseries",False,False,Equity,Active,narrative_review;ml_drawdown_risk;ml_downside_tail_risk;ml_asymmetric_downside;,0.0,mean_variance,True,False,True,optimal,151,148,0.95,0.95,False,False,True,True,True
600018.SHG,600018.SHG,NAME:shanghaiinternationalportgroupcoltd,Shanghai International Port Group Co Ltd,China,Mainland China,Industrials,CNY,Marine Shipping,0.0,0.0,Watchlist,57.10748551809813,57.10748551809813,85.8271819019762,45.088967761589345,33.4375,90.2262276750101,0.29095470827276276,0.0375,0.14887769365902948,-0.08720906967640324,0.29095470827276276,0.6163022303317772,0.022440895573924147,-0.029666297206736164,-0.029666297206736164,0.25685443564943383,0.2736811877643261,4.238042458105166,45.409222046237886,24.933225743159046,47.50356633380884,43304990.35118837,60,17755201021.638878,0.0375,0.04119819864296068,73.16807870779226,55.36823766318353,47.02411412624467,False,False,True,False,False,False,100.0,False,yahoo_finance,yahoo_finance_3m_average_volume,yahoo_finance,"bloomberg_database_as_of,eastmoney_china_financials,yahoo_finance_timeseries",False,False,Equity,Active,narrative_review;,0.0,mean_variance,True,False,True,optimal,151,148,0.95,0.95,False,False,True,True,True
ABI.BR,ABI.BR,NAME:anheuserbuschinbevsanv,Anheuser Busch Inbev SA NV,Belgium,EU ex-DACH,Consumer Staples,EUR,Beverages - Brewers,0.0,0.0,Watchlist,57.05118653807438,57.05118653807438,59.920981794782506,62.49621077859091,24.020833333333332,86.71868425443364,0.24578352055888927,0.015600000000000001,0.22887107403381457,-0.3548519650931409,0.24578352055888927,0.7559352501365575,-0.1682589208681103,-0.2483637967799454,-0.2483637967799454,0.2916547913690691,0.29387348881086023,35.48054239713506,49.61296824420296,39.36753878667623,71.0413694721826,161472646.6091751,60,164562339895.87726,0.015600000000000001,0.06822338578257703,44.15137468009503,76.9413570148066,54.329911374739055,False,False,True,False,True,False,100.0,False,yahoo_finance,yahoo_finance_3m_average_volume,yahoo_finance,"bloomberg_database_as_of,yahoo_finance_timeseries",False,False,Equity,Active,alt_data_review;narrative_review;ml_downside_tail_risk;ml_asymmetric_downside;,0.0,mean_variance,True,False,True,optimal,151,148,0.95,0.95,False,False,True,True,True
600030.SHG,600030.SHG,NAME:citicsecuritiescoltd,CITIC Securities Co Ltd,China,Mainland China,Financials,CNY,Capital Markets,0.0,0.0,Hold,56.98019973114054,56.98019973114054,81.2675020023543,78.14492475702019,20.520833333333332,81.08624857805513,0.276332745691748,0.025099999999999997,0.25572471213889514,-0.40926334128656944,0.276332745691748,0.8522187515918507,-0.18760657699498506,-0.2771102262435984,-0.2771102262435984,0.3109432753940238,0.31672730357805573,39.58717517765692,53.28855754945385,44.70833345864471,94.65049928673324,772722119.0138346,60,61226540134.799576,0.025099999999999997,0.17593162915063013,42.50713266761769,82.48179567910681,52.76988895321439,False,False,True,False,True,False,100.0,False,yahoo_finance,yahoo_finance_3m_average_volume,yahoo_finance,"bloomberg_database_as_of,eastmoney_china_financials,yahoo_finance_timeseries",False,False,Equity,Active,alt_data_review;narrative_review;ml_drawdown_risk;ml_downside_tail_risk;ml_asymmetric_downside;ml_cvar_risk;ml_expected_shortfall_risk;,0.0,mean_variance,True,False,True,optimal,151,148,0.95,0.95,False,False,True,True,True
601108.SHG,601108.SHG,NAME:caitongsecuritiescoltd,Caitong Securities Co Ltd,China,Mainland China,Financials,CNY,Asset Management,0.0,0.0,Watchlist,56.56944450158598,56.56944450158598,79.34292996241136,66.68674822163086,61.10416666666667,81.08624857805513,0.35,0.026099999999999998,0.2971377792217744,-0.45052949713947577,0.35,1.0216700656684181,-0.18930745067805832,-0.29330567340567937,-0.29330567340567937,0.24694327539402372,0.34984901528290535,41.90081048652562,53.66413966924421,52.17639579924649,59.34379457917262,85190925.79815538,60,5806770173.820503,0.026099999999999998,0.13351529986114127,42.50713266761769,78.85696997946359,54.50340535301907,False,False,True,False,False,False,100.0,False,yahoo_finance,yahoo_finance_3m_average_volume,yahoo_finance,"bloomberg_database_as_of,eastmoney_china_financials,yahoo_finance_timeseries",False,False,Equity,Active,narrative_review;ml_drawdown_risk;ml_downside_tail_risk;ml_asymmetric_downside;ml_cvar_risk;ml_expected_shortfall_risk;,0.0,mean_variance,True,False,True,optimal,151,148,0.95,0.95,False,False,True,True,True
RXL.PA,RXL.PA,NAME:rexelsa,Rexel S.A,France,EU ex-DACH,Technology,EUR,Electronics & Computer Distribution,0.0,0.0,Watchlist,56.42240447415093,56.42240447415093,68.0937433911681,56.29285839469469,57.10416666666667,81.08624857805513,0.16407957002385073,0.032,0.27600055938348195,-0.5789101454327218,0.16407957002385073,0.7870012733657423,-0.33693904549606835,-0.43353924128028704,-0.43353924128028704,0.27323376358683876,0.33976306861070615,61.93417732575529,53.916018263603576,48.40942533498004,41.226818830242514,30133148.266709197,60,12615230649.001493,0.032,0.059500438463095294,47.13966634898795,55.43452812634089,68.36679736980224,False,False,True,False,False,False,100.0,False,yahoo_finance,yahoo_finance_3m_average_volume,yahoo_finance,"bloomberg_database_as_of,yahoo_finance_timeseries",False,False,Equity,Active,narrative_review;ml_drawdown_risk;ml_downside_tail_risk;ml_asymmetric_downside;ml_cvar_risk;ml_expected_shortfall_risk;ml_downside_skew;,0.0,mean_variance,True,False,True,optimal,151,148,0.95,0.95,False,False,True,True,True
MRK.XETRA,MRK.XETRA,NAME:merckkgaa,Merck KGaA,Germany,DACH,Healthcare,EUR,Drug Manufacturers - Specialty & Generic,0.0,0.0,Watchlist,56.22290888848586,56.22290888848586,61.88249975114482,47.558185071401304,56.77083333333333,81.44223886264008,0.10076265109967195,0.0152,0.2958406173738299,-0.6933105145694466,0.10076265109967195,0.7683812244559852,-0.4359056349733079,-0.5394498510541483,-0.5394498510541483,0.23640198517370353,0.3488583110412571,77.0642644363069,52.9822197064214,51.80398679539053,52.71041369472182,56454596.4388649,60,72177361096.36482,0.0152,0.031568050023291605,64.75445024949447,58.693092669946694,58.31786319564833,False,False,True,False,False,False,100.0,False,yahoo_finance,yahoo_finance_3m_average_volume,yahoo_finance,yahoo_finance_timeseries,False,False,Equity,Active,narrative_review;ml_drawdown_risk;ml_downside_tail_risk;ml_cvar_risk;ml_expected_shortfall_risk;,0.0,mean_variance,True,False,True,optimal,151,148,0.95,0.95,False,False,True,True,True
KRZ.IR,KRZ.IR,NAME:kerrygroup,Kerry Group,Ireland,EU ex-DACH,Consumer Staples,EUR,Packaged Foods,0.0,0.0,Watchlist,55.80767333778576,55.80767333778576,59.02797180904785,48.71443814942992,66.45416666666668,81.00001336983581,0.13225337506810733,0.0173,0.23349419904500976,-0.4803191917333298,0.13225337506810733,0.6518500104908607,-0.29034834663904285,-0.3720713163047963,-0.3720713163047963,0.2269575407292591,0.3278771984757593,53.153045186399474,50.05277509416311,40.12534027268614,44.29386590584879,35875448.787323,60,15199444508.492727,0.0173,0.03750705086124862,62.9557656195332,53.46607574046374,63.55745320053138,False,False,True,False,False,False,100.0,False,yahoo_finance,yahoo_finance_3m_average_volume,yahoo_finance,yahoo_finance_timeseries,False,False,Equity,Active,narrative_review;ml_drawdown_risk;ml_downside_tail_risk;ml_asymmetric_downside;ml_cvar_risk;ml_expected_shortfall_risk;,0.0,mean_variance,True,False,True,optimal,151,148,0.95,0.95,False,False,True,True,True
GIVN.SW,GIVN.SW,NAME:givaudansa,Givaudan SA,Switzerland,DACH,Materials,CHF,Specialty Chemicals,0.0,0.0,Watchlist,55.14727721996478,55.14727721996478,70.2125955612738,49.07769566350105,66.45416666666668,81.00001336983581,0.014080313529980949,0.0212,0.23983177168827452,-0.6234221675146978,0.014080313529980949,0.5509431882645214,-0.42077490432063996,-0.5047160244115361,-0.5047160244115361,0.25875309628481463,0.33369384204419406,72.10228920164802,52.43599465120471,41.62081905471609,59.55777460770329,85594287.70761679,60,38269384570.56829,0.0212,0.03882749198221037,61.53506904066921,63.75833185837778,50.22810132510389,False,False,True,False,False,False,100.0,False,yahoo_finance,yahoo_finance_3m_average_volume,yahoo_finance,"bloomberg_database_as_of,yahoo_finance_timeseries",False,False,Equity,Active,narrative_review;ml_drawdown_risk;ml_downside_tail_risk;ml_cvar_risk;ml_expected_shortfall_risk;,0.0,mean_variance,True,False,True,optimal,151,148,0.95,0.95,False,False,True,True,True
AI.PA,AI.PA,NAME:airliquidesa,Air Liquide SA,France,EU ex-DACH,Materials,EUR,Specialty Chemicals,0.0,0.0,Watchlist,55.12841001811835,55.12841001811835,70.4873806070791,50.171629116856934,24.020833333333332,84.07541813822725,-0.10843288249345687,0.0194,0.17704702825751045,-0.5636740550348766,-0.10843288249345687,0.2814072438204003,-0.42808880912135416,-0.49005526901148283,-0.49005526901148283,0.2799575407292591,0.27605317711496297,70.00789557306898,46.92692647560967,29.950624525058316,73.1098430813124,184885517.68605962,60,125853966357.18436,0.0194,0.02453344218911734,78.99590767181449,58.95833056370613,53.50646835507116,False,False,True,False,True,False,100.0,False,yahoo_finance,yahoo_finance_3m_average_volume,yahoo_finance,"bloomberg_database_as_of,yahoo_finance_timeseries",False,False,Equity,Active,alt_data_review;narrative_review;ml_downside_tail_risk;ml_cvar_risk;ml_expected_shortfall_risk;,0.0,mean_variance,True,False,True,optimal,151,148,0.95,0.95,False,False,True,True,True
HEIA.AS,HEIA.AS,NAME:heineken,Heineken,Netherlands,EU ex-DACH,Consumer Staples,EUR,Beverages - Brewers,0.0,0.0,Watchlist,54.75484772884104,54.75484772884104,61.42542474530868,57.7548883583967,33.4375,81.08624857805513,0.11466524557331408,0.0242,0.20867811819119572,-0.4263636496855388,0.11466524557331408,0.5763203075768041,-0.2624511409023208,-0.33548848226923933,-0.33548848226923933,0.2422291129171425,0.3037675109142163,47.92692603846277,48.093203493332624,35.536238657680876,57.988587731811705,77558927.33051571,60,49214941802.89584,0.0242,0.061213207812072276,48.86421390605832,67.314790240706,56.82158850310202,False,False,True,False,False,False,100.0,False,yahoo_finance,yahoo_finance_3m_average_volume,yahoo_finance,"bloomberg_database_as_of,yahoo_finance_timeseries",False,False,Equity,Active,narrative_review;ml_drawdown_risk;ml_downside_tail_risk;ml_cvar_risk;ml_expected_shortfall_risk;,0.0,mean_variance,True,False,True,optimal,151,148,0.95,0.95,False,False,True,True,True
AENA.MC,AENA.MC,NAME:aenasa,Aena SA,Spain,EU ex-DACH,Industrials,EUR,Airports & Air Services,0.0,0.0,Watchlist,54.56608811328308,54.56608811328308,76.98625261120814,43.366969091918925,48.77083333333333,81.00001336983581,0.2004561348983417,0.0405,0.22478937900443988,-0.4044737579704578,0.2004561348983417,0.706255630505143,-0.20784337934437375,-0.2865196619959277,-0.2865196619959277,0.34328535914906455,0.3149214670797723,40.93138028513253,54.82168861723106,39.36548934196384,51.28388017118402,53311148.35784509,60,45761611720.0761,0.0405,0.04359014012398729,69.9857021841982,70.12185856154906,36.082108552823186,False,False,True,False,True,False,100.0,False,yahoo_finance,yahoo_finance_3m_average_volume,yahoo_finance,"bloomberg_database_as_of,yahoo_finance_timeseries",False,False,Equity,Active,alt_data_review;narrative_review;ml_drawdown_risk;ml_downside_tail_risk;ml_asymmetric_downside;ml_cvar_risk;ml_expected_shortfall_risk;ml_downside_skew;,0.0,mean_variance,True,False,True,optimal,151,148,0.95,0.95,False,False,True,True,True
MUV2.XETRA,MUV2.XETRA,NAME:mnchenerrckag,Münchener Rück AG,Germany,DACH,Financials,EUR,Insurance - Reinsurance,0.0,0.0,Watchlist,54.55134054823,54.55134054823,77.9485851918948,71.20703158443732,48.77083333333333,81.44223886264008,0.18058871040099772,0.0466,0.21697141175912316,-0.3940004628882838,0.18058871040099772,0.66499535068025,-0.21268161164988608,-0.28862160576557916,-0.28862160576557916,0.28694327539402376,0.31741709671972307,41.23165796651131,52.075841373492395,37.53199370139128,74.10841654778886,198360307.58364567,60,73732493509.98508,0.0466,0.07210520563463042,42.50713266761769,54.449526972499214,73.7360062795621,False,False,True,False,True,False,100.0,False,yahoo_finance,yahoo_finance_3m_average_volume,yahoo_finance,"bloomberg_database_as_of,yahoo_finance_timeseries",False,False,Equity,Active,alt_data_review;narrative_review;ml_drawdown_risk;ml_downside_tail_risk;ml_asymmetric_downside;ml_cvar_risk;ml_expected_shortfall_risk;,0.0,mean_variance,True,False,True,optimal,151,148,0.95,0.95,False,False,True,True,True
BAER.SW,BAER.SW,NAME:juliusbaergruppeag,Julius Baer Gruppe AG,Switzerland,DACH,Financials,CHF,Asset Management,0.0,0.0,Watchlist,54.20065738414519,54.20065738414519,76.35649713046068,59.96988654108247,57.10416666666667,86.71868425443364,0.26748926963234304,0.0351,0.2536697474608238,-0.4106506993478432,0.26748926963234304,0.8375956683865768,-0.19264424518875106,-0.28142865680003937,-0.28142865680003937,0.2824988309495793,0.32755438057739517,40.20409382857705,53.00621173313833,44.23924458560753,49.00142653352354,46908346.70322273,60,18742681808.056206,0.0351,0.06468444473132257,42.50713266761769,66.42277619047746,68.42832877643697,False,False,True,False,False,False,100.0,False,yahoo_finance,yahoo_finance_3m_average_volume,yahoo_finance,"bloomberg_database_as_of,yahoo_finance_timeseries",False,False,Equity,Active,narrative_review;ml_drawdown_risk;ml_downside_tail_risk;ml_asymmetric_downside;ml_cvar_risk;ml_expected_shortfall_risk;,0.0,mean_variance,True,False,True,optimal,151,148,0.95,0.95,False,False,True,True,True
SAB.MC,SAB.MC,NAME:bancodesabadellsa,Banco de Sabadell S.A,Spain,EU ex-DACH,Financials,EUR,Banks - Diversified,0.0,0.0,Watchlist,54.04205083833637,54.04205083833637,82.28534589275598,63.29442381239815,48.77083333333333,86.71868425443364,0.2544291503886559,0.0601,0.27973952527939383,-0.5089717606687486,0.2544291503886559,0.890230826768218,-0.25423931769743935,-0.35214815154522716,-0.35214815154522716,0.34300279603280814,0.326453988900878,50.30687879217531,56.13714927494483,49.58930151167785,61.05563480741797,92033512.89686835,60,18589076870.849045,0.0601,0.06626483019098767,42.50713266761769,65.29658077045953,66.59625470752437,False,False,True,False,True,False,100.0,False,yahoo_finance,yahoo_finance_3m_average_volume,yahoo_finance,"bloomberg_database_as_of,yahoo_finance_timeseries",False,False,Equity,Active,alt_data_review;narrative_review;ml_drawdown_risk;ml_downside_tail_risk;ml_asymmetric_downside;ml_cvar_risk;ml_expected_shortfall_risk;ml_downside_skew;,0.0,mean_variance,True,False,True,optimal,151,148,0.95,0.95,False,False,True,True,True
ABN.AS,ABN.AS,NAME:abnamrogroupnv,ABN Amro Group NV,Netherlands,EU ex-DACH,Financials,EUR,Banks - Diversified,0.0,0.0,Watchlist,53.72297190817319,53.72297190817319,72.43083734542198,61.93681251116444,52.77083333333333,85.54950311424149,0.24857084945037777,0.031,0.2779506919354713,-0.4987134147909428,0.24857084945037777,0.8760123383780399,-0.25577279586427326,-0.3530555380416882,-0.3530555380416882,0.28694327539402376,0.32912904712457713,50.43650543452689,53.42722026636017,48.72181518377603,62.83880171184023,98793995.78496487,60,36986409651.29128,0.031,0.05751548245429052,42.50713266761769,63.294765307271845,67.46568400377532,False,False,True,False,False,False,100.0,False,yahoo_finance,yahoo_finance_3m_average_volume,yahoo_finance,"bloomberg_database_as_of,yahoo_finance_timeseries",False,False,Equity,Active,narrative_review;ml_drawdown_risk;ml_downside_tail_risk;ml_asymmetric_downside;ml_cvar_risk;ml_expected_shortfall_risk;,0.0,mean_variance,True,False,True,optimal,151,148,0.95,0.95,False,False,True,True,True
FRE.XETRA,FRE.XETRA,NAME:freseniussecokgaa,Fresenius SE & Co. KGaA,Germany,DACH,Healthcare,EUR,Medical Care Facilities,0.0,0.0,Watchlist,53.66101103117177,53.66101103117177,66.46416879536736,47.05175458151838,82.20416666666668,90.2262276750101,0.19574126533669678,0.0225,0.23541082700065208,-0.42394244232612965,0.19574126533669678,0.7203884328197251,-0.2305267325793533,-0.31292052202958154,-0.31292052202958154,0.23365836283208247,0.330095724241862,44.70293171851165,50.66957233425007,40.55636353608901,55.13552068473609,65948962.440619275,60,30080043453.59474,0.0225,0.04132747305211135,46.64958894858831,52.7446294848922,45.94774795860765,False,False,True,False,False,False,100.0,False,yahoo_finance,yahoo_finance_3m_average_volume,yahoo_finance,"bloomberg_database_as_of,yahoo_finance_timeseries",False,False,Equity,Active,narrative_review;ml_drawdown_risk;ml_downside_tail_risk;ml_asymmetric_downside;ml_cvar_risk;ml_expected_shortfall_risk;,0.0,mean_variance,True,False,True,optimal,151,148,0.95,0.95,False,False,True,True,True
ENX.PA,ENX.PA,NAME:euronextnv,Euronext N.V.,France,EU ex-DACH,Financials,EUR,Financial Data & Stock Exchanges,0.0,0.0,Watchlist,53.567030271175916,53.567030271175916,69.17282996513902,49.75884368621471,39.52083333333333,73.98492652868289,-0.03198961208683557,0.0197,0.21298998263492105,-0.5996533199802173,-0.03198961208683557,0.44457769271154146,-0.41846174891178967,-0.493008242834012,-0.493008242834012,0.30294327539402377,0.3220232736873186,70.42974897628743,53.468861792830346,37.008712677605104,45.07845934379458,38123257.88040692,60,18293432610.701633,0.0197,0.04304883518459187,42.50713266761769,67.97007564794635,60.448132969376445,False,False,True,False,False,False,100.0,False,yahoo_finance,yahoo_finance_3m_average_volume,yahoo_finance,"bloomberg_database_as_of,yahoo_finance_timeseries",False,False,Equity,Active,narrative_review;ml_drawdown_risk;ml_downside_tail_risk;ml_cvar_risk;ml_expected_shortfall_risk;,0.0,mean_variance,True,False,True,optimal,151,148,0.95,0.95,False,False,True,True,True
0002.HK,0002.HK,NAME:clpholdings,CLP Holdings,Hong Kong,Hong Kong,Utilities,HKD,Utilities - Regulated Electric,0.03973181028060591,3200.0,Watchlist,53.35428482293669,53.35428482293669,91.42297440741471,43.460763114601264,42.77083333333333,73.98492652868289,0.03736243577391281,0.04190000000000001,0.11163050568741048,-0.2507024663142278,0.03736243577391281,0.2824710585954544,-0.1644647089926355,-0.20353538598322915,-0.20353538598322915,0.3666175922768076,0.253770097526354,29.07648371188988,49.022112375638194,18.89626485984569,43.43794579172611,33394625.087596357,60,24947432596.801937,0.04190000000000001,0.038913907450546306,56.27186519401175,54.56780894514541,47.85406538958827,False,False,True,False,False,False,100.0,False,yahoo_finance,yahoo_finance_3m_average_volume,yahoo_finance,"bloomberg_database_as_of,eastmoney_hk_financials,yahoo_finance_timeseries",False,False,Equity,Active,narrative_review;ml_dividend_cut_risk;ml_downside_tail_risk;,0.0,mean_variance,False,False,True,optimal,151,148,0.95,0.95,False,False,True,True,True
DANSKE.CO,DANSKE.CO,NAME:danskebankas,Danske Bank A/S,Denmark,EU ex-DACH,Financials,DKK,Banks - Regional,0.0,0.0,Watchlist,51.4543863017479,51.4543863017479,90.30525802650936,56.92126738139606,53.35416666666667,84.07541813822725,0.2395184159352986,0.045,0.2017325045369807,-0.28512950630082917,0.2395184159352986,0.6866171527798901,-0.12512783936034544,-0.19573421594828866,-0.19573421594828866,0.2904988309495793,0.28491823659248555,27.962030849755525,48.517425888725676,34.43978627740372,52.63908701854494,56450407.40515194,60,45828969402.59424,0.045,0.06920705187229367,42.50713266761769,63.879343997673566,53.104986486075575,False,False,True,False,False,False,100.0,False,yahoo_finance,yahoo_finance_3m_average_volume,yahoo_finance,"bloomberg_database_as_of,yahoo_finance_timeseries",False,False,Equity,Active,narrative_review;ml_downside_tail_risk;ml_asymmetric_downside;,0.0,mean_variance,True,False,True,optimal,151,148,0.95,0.95,False,False,True,True,True
NESN.SW,NESN.SW,NAME:nestlesa,Nestle S.A.,Switzerland,DACH,Consumer Staples,CHF,Packaged Foods,0.13037000248323813,10500.0,Avoid,51.04077130772391,51.04077130772391,69.24569936629605,60.28499678415976,20.520833333333332,81.00001336983581,-0.1416009556557946,0.0381,0.22423281754275168,-0.782318610864088,-0.1416009556557946,0.37717068189903163,-0.552699811811473,-0.6311812979514361,-0.6311812979514361,0.5910513585560268,0.2940350767348505,90.16875685020516,65.75296662242265,41.093594776519616,84.30813124108415,356457271.46546555,60,255392811779.53757,0.0381,0.05298965661255753,39.052207517787906,68.34549325431757,47.196995091485626,False,False,True,False,True,False,100.0,False,yahoo_finance,yahoo_finance_3m_average_volume,yahoo_finance,"bloomberg_database_as_of,yahoo_finance_timeseries",False,False,Equity,Active,alt_data_review;narrative_review;ml_dividend_cut_risk;ml_downside_tail_risk;ml_cvar_risk;ml_expected_shortfall_risk;ml_downside_skew;,0.0,mean_variance,False,False,True,optimal,151,148,0.95,0.95,False,False,False,True,True
HBAN.SW,HBAN.SW,NAME:helvetiaholdingag,Helvetia Holding AG,Switzerland,DACH,Financials,CHF,Insurance - Diversified,0.0,0.0,Watchlist,50.90895999833393,50.90895999833393,80.38716760121676,43.020894164142504,61.10416666666667,81.00001336983581,0.05542068534880691,0.0356,0.17571232387076102,-0.40258147434763925,0.05542068534880691,0.44429431086069665,-0.26247222770438233,-0.3239715410591487,-0.3239715410591487,0.3061725892549708,0.28806749468029724,46.28164872273553,49.72477342299424,30.014223124445877,44.72182596291013,37366749.488990344,60,26190115078.150818,0.0356,0.03356643149744329,42.50713266761769,43.1768630264092,50.917655630992044,False,False,True,False,False,False,100.0,False,yahoo_finance,yahoo_finance_3m_average_volume,yahoo_finance,yahoo_finance_timeseries,False,False,Equity,Active,narrative_review;ml_downside_tail_risk;ml_cvar_risk;ml_expected_shortfall_risk;,0.0,mean_variance,True,False,True,optimal,151,148,0.95,0.95,False,False,True,True,True
BAC.US,BAC.US,NAME:bankofamericacorp,Bank of America Corp,United States,US,Financials,USD,Banks - Diversified,0.0,0.0,Watchlist,50.70509541030886,50.70509541030886,82.13159771754636,61.17119364946534,53.35416666666667,81.00001336983581,-0.017498791067536778,0.0202,0.21849142395351281,-0.5956092819121684,-0.017498791067536778,0.470826477938571,-0.4132916970090584,-0.48976369539278786,-0.48976369539278786,0.3260659759737792,0.29356571752855726,69.9662421989697,51.43036611342163,37.795673702222906,99.42938659058488,2273476905.0,60,440543150080.0,0.0202,0.028630566603315828,42.50713266761769,35.18035623991672,58.87917973619403,False,False,True,False,False,False,100.0,False,yahoo_finance,yahoo_finance_3m_average_volume,yahoo_finance,"bloomberg_database_as_of,finnhub_reported,yahoo_finance_timeseries",False,False,Equity,Active,narrative_review;ml_downside_tail_risk;ml_cvar_risk;ml_expected_shortfall_risk;,0.0,mean_variance,True,False,True,optimal,151,148,0.95,0.95,False,False,True,True,True
KBC.BR,KBC.BR,NAME:kbcgroepnv,KBC Groep NV,Belgium,EU ex-DACH,Financials,EUR,Banks - Regional,0.0,0.0,Watchlist,49.04125298545145,49.04125298545145,81.04123034354058,52.76002233755995,56.60416666666667,86.28947834408092,0.13280903630462182,0.039900000000000005,0.2194708937809633,-0.4392089324926487,0.13280903630462182,0.61989663046088,-0.2640038735346363,-0.3408186863579734,-0.3408186863579734,0.2549432753940237,0.3037262482410013,48.688383765424774,48.77305116440911,37.53588334209957,52.211126961483586,55739604.24237592,60,57391240181.81611,0.039900000000000005,0.05681649647095185,42.50713266761769,58.51857614535686,50.855005741306414,False,False,True,False,False,False,100.0,False,yahoo_finance,yahoo_finance_3m_average_volume,yahoo_finance,"bloomberg_database_as_of,yahoo_finance_timeseries",False,False,Equity,Active,narrative_review;ml_drawdown_risk;ml_downside_tail_risk;ml_asymmetric_downside;ml_cvar_risk;ml_expected_shortfall_risk;,0.0,mean_variance,True,False,True,optimal,151,148,0.95,0.95,False,False,True,True,True
BNP.PA,BNP.PA,NAME:bnpparibassa,BNP Paribas SA,France,EU ex-DACH,Financials,EUR,Banks - Regional,0.0,0.0,Watchlist,47.577453855145976,47.577453855145976,79.80567589951848,74.07275320970044,57.10416666666667,90.2262276750101,0.35,0.08869999999999999,0.2801038421269097,-0.40094978055973507,0.35,0.9817645441169728,-0.15798636504511565,-0.256022709789534,-0.256022709789534,0.2824988309495793,0.3255115016719913,36.574672827076284,52.770494936360954,49.00493907498455,77.81740370898717,245664131.23568884,60,140438229284.24146,0.08869999999999999,0.35913517629208047,42.50713266761769,84.41134829250578,50.0,False,False,True,False,False,False,100.0,False,yahoo_finance,yahoo_finance_3m_average_volume,yahoo_finance,yahoo_finance_timeseries,False,False,Equity,Active,narrative_review;ml_drawdown_risk;ml_downside_tail_risk;ml_asymmetric_downside;ml_cvar_risk;ml_expected_shortfall_risk;,0.0,mean_variance,True,False,True,optimal,151,148,0.95,0.95,False,False,True,True,True
