security_id,ticker,issuer_id,company_name,country,region,sector,currency,industry,current_weight,current_market_value_usd,final_recommendation,final_recommendation_score,scorecard_score,portfolio_fit_score,regime_suitability_score,sentiment_alt_data_score,narrative_reframing_score,expected_total_return_12m,expected_dividend_return_12m,expected_volatility_12m,p5_return_12m,p50_return_12m,p95_return_12m,var_5_12m,cvar_5_12m,expected_shortfall_5_12m,dividend_cut_probability,large_drawdown_probability_12m,tail_risk_score,skewness_risk_score,forecast_uncertainty_score,liquidity_score,average_daily_value_usd,liquidity_observation_count,market_cap_usd,dividend_yield,free_cash_flow_yield,balance_sheet_strength_score,cashflow_quality_score,dividend_safety_score,regime_review_required_flag,regime_exclusion_flag,reframing_review_required_flag,reframing_exclusion_flag,alt_data_review_required_flag,alt_data_exclusion_flag,price_data_quality_score,price_data_exclusion_flag,sector_data_source,liquidity_data_source,market_cap_data_source,fundamentals_data_source,is_synthetic_data,is_synthetic_fundamentals,instrument_type,listing_status,risk_management_flags,target_weight,portfolio_method,eligible_for_optimisation,fallback_eligibility_used,optimisation_feasible,optimisation_status,eligible_security_count,candidate_security_count,unconstrained_turnover,projected_turnover,turnover_constraint_applied,no_trade_band_applied,retention_eligible,turnover_constraint_skipped_for_hard_exit,turnover_constraint_skipped_for_infeasible_current
000333.SHE,000333.SHE,NAME:mideagroupcoltd,Midea Group Co Ltd,China,Mainland China,Consumer Discretionary,CNY,"Furnishings, Fixtures & Appliances",0.0,0.0,Hold,71.40586758194387,71.40586758194387,91.53531397386955,71.23198834071337,74.32916666666668,85.54950311424149,0.35,0.0504,0.1915301483543236,-0.13785424938429314,0.35,0.7706931082049648,0.0047392303358715915,-0.06229632158814166,-0.06229632158814166,0.2501642942489318,0.2702724814172771,8.899474512591667,44.65567139232062,32.19595488278628,87.38417676407698,427706026.9678665,60,94144678368.21568,0.0504,0.06650385466659237,94.77432546976944,63.39903187461339,66.60926512986634,False,False,True,False,False,False,100.0,False,yahoo_finance,observed_price_volume_fx,yahoo_finance,"bloomberg_database_as_of,eastmoney_china_financials,yahoo_finance_timeseries",False,False,Equity,Active,narrative_review;,0.05,score_weighted,True,False,True,optimal,143,140,0.9500000000000002,0.9500000000000002,False,False,True,True,True
ALV.XETRA,ALV.XETRA,NAME:allianzsevnaon,Allianz SE VNA O.N.,Germany,DACH,Financials,EUR,Insurance - Diversified,0.0,0.0,Hold,70.44968496151667,70.44968496151667,79.36413806768674,80.67579392605944,82.20416666666668,86.71868425443364,0.35,0.0392,0.18776870897033549,-0.1281566215539368,0.35,0.7621295888882553,0.011476907310030815,-0.0542421408295866,-0.0542421408295866,0.24194115019254464,0.275480545374204,7.748877261369515,44.813817168929795,31.548839391509212,81.11190306486101,292144519.087274,60,188344719773.07162,0.0392,0.18963766990936481,42.50712758374911,86.35334186323452,70.885121430122,False,False,True,False,False,False,100.0,False,yahoo_finance,yahoo_finance_3m_average_volume,yahoo_finance,"bloomberg_database_as_of,yahoo_finance_timeseries",False,False,Equity,Active,narrative_review;,0.05,score_weighted,True,False,True,optimal,143,140,0.9500000000000002,0.9500000000000002,False,False,True,True,True
HIG.US,HIG.US,NAME:hartfordfinancialservicesgroup,Hartford Financial Services Group,United States,US,Financials,USD,Insurance - Diversified,0.0,0.0,Hold,69.36066289659607,69.36066289659607,82.32430506058446,77.59616236052904,50.4375,86.28947834408092,0.35,0.0167,0.19287713665688405,-0.14871264259502381,0.35,0.776329460372317,0.0016278274819715444,-0.06587917034793787,-0.06587917034793787,0.29360781685921133,0.27457639307045506,9.411310049705412,47.49154318516387,32.78047485696234,78.40342124019958,258442551.05999997,60,39614644224.0,0.0167,0.1452240733873516,42.50712758374911,84.30154185623391,68.04279766179056,False,False,True,False,False,False,100.0,False,yahoo_finance,yahoo_finance_3m_average_volume,yahoo_finance,"bloomberg_database_as_of,finnhub_reported,yahoo_finance_timeseries",False,False,Equity,Active,narrative_review;,0.0,score_weighted,True,False,True,optimal,143,140,0.9500000000000002,0.9500000000000002,False,False,True,True,True
HNR1.XETRA,HNR1.XETRA,NAME:hannoverrckse,Hannover Rück SE,Germany,DACH,Financials,EUR,Insurance - Reinsurance,0.0,0.0,Hold,68.21668181964769,68.21668181964769,81.77041034138594,74.01223893294907,56.77083333333333,84.07541813822725,0.35,0.050199999999999995,0.2046379744159414,-0.18035595278674976,0.35,0.8026047885442332,-0.019797375331037148,-0.09142066637661662,-0.09142066637661662,0.2513855946369891,0.2991376210829424,13.06009519665952,48.0520267592543,34.832922483441784,49.67925873129009,47025647.69141386,60,34428456928.03682,0.050199999999999995,0.19066002285022904,42.50712758374911,83.85728587730242,78.57483193753703,False,False,True,False,False,False,100.0,False,yahoo_finance,yahoo_finance_3m_average_volume,yahoo_finance,"bloomberg_database_as_of,yahoo_finance_timeseries",False,False,Equity,Active,narrative_review;,0.0,score_weighted,True,False,True,optimal,143,140,0.9500000000000002,0.9500000000000002,False,False,True,True,True
1398.HK,1398.HK,NAME:industrialandcommercialbankofchina,Industrial and Commercial Bank of China,Hong Kong,Hong Kong,Financials,HKD,Banks - Diversified,0.0,0.0,Hold,66.44143676231792,66.44143676231792,92.47455172064686,84.5982036355734,56.77083333333333,81.44223886264008,0.35,0.048600000000000004,0.20414493138066558,-0.17545972616592154,0.35,0.8004995249397531,-0.018497614604274848,-0.0899483405875078,-0.0899483405875078,0.2513855946369891,0.2860649501857284,12.849762941072543,46.54364165572961,34.584812507089616,71.56094084105489,163330853.2496424,60,324459788835.064,0.048600000000000004,0.8469092837197859,42.50712758374911,94.1609955444621,81.86799653947558,False,False,True,False,False,False,100.0,False,yahoo_finance,observed_price_volume_fx,yahoo_finance,"bloomberg_database_as_of,yahoo_finance_timeseries",False,False,Equity,Active,narrative_review;,0.05,score_weighted,True,False,True,optimal,143,140,0.9500000000000002,0.9500000000000002,False,False,True,True,True
AD.AS,AD.AS,NAME:koninklijkeaholddelhaizenv,Koninklijke Ahold Delhaize NV,Netherlands,EU ex-DACH,Consumer Staples,EUR,Grocery Stores,0.0,0.0,Hold,65.87109137315406,65.87109137315406,68.30013331254234,74.5911802487548,82.20416666666668,86.28947834408092,0.35,0.0424,0.20748941537939083,-0.18470264914740164,0.35,0.8079459654637821,-0.024640361017200074,-0.09726165639998686,-0.09726165639998686,0.2331496387897098,0.2975260158839033,13.894522342855268,46.884136229127066,35.17622911290259,61.796151104775475,94561549.74311069,60,33767453676.763763,0.0424,0.15125737865729166,48.816613540330586,70.23098987484578,72.83662740862027,False,False,True,False,False,False,100.0,False,yahoo_finance,yahoo_finance_3m_average_volume,yahoo_finance,"bloomberg_database_as_of,yahoo_finance_timeseries",False,False,Equity,Active,narrative_review;,0.05,score_weighted,True,False,True,optimal,143,140,0.9500000000000002,0.9500000000000002,False,False,True,True,True
601398.SHG,601398.SHG,NAME:industrialandcommercialbankofchinaltd,Industrial and Commercial Bank of China Ltd,China,Mainland China,Financials,CNY,Banks - Diversified,0.0,0.0,Hold,64.92772628401909,64.92772628401909,90.19290220448892,87.76253558003042,36.35416666666667,81.00001336983581,0.35,0.040999999999999995,0.1877645626588777,-0.1301093769737614,0.35,0.7628283001242551,0.011305978855962462,-0.05441161807464473,-0.05441161807464473,0.25494115019254465,0.2761206310282359,7.773088296377819,45.58767320593347,31.642798721324056,88.8096935138988,455500068.8520872,60,396674250329.90424,0.040999999999999995,0.692729631756139,42.50712758374911,92.68947721794964,76.83705817896889,False,False,True,False,False,False,100.0,False,yahoo_finance,observed_price_volume_fx,yahoo_finance,"bloomberg_database_as_of,eastmoney_china_financials,yahoo_finance_timeseries",False,False,Equity,Active,narrative_review;,0.05,score_weighted,True,False,True,optimal,143,140,0.9500000000000002,0.9500000000000002,False,False,True,True,True
600036.SHG,600036.SHG,NAME:chinamerchantsbankcoltd,China Merchants Bank Co Ltd,China,Mainland China,Financials,CNY,Banks - Regional,0.0,0.0,Hold,64.90018227828114,64.90018227828114,95.90405687305628,87.3262572039032,48.77083333333333,86.71868425443364,0.35,0.10310000000000001,0.16940325520256289,-0.0846298598009072,0.35,0.7225347977557612,0.04421612624505128,-0.015075013075845724,-0.015075013075845724,0.2869411501925447,0.27017311703472596,2.1535732965493892,46.62449851437463,28.60328268041995,90.52031361368496,520194234.70063996,60,144633145484.21426,0.10310000000000001,0.43419559246677975,42.50712758374911,88.6196429069224,75.69237115787838,False,False,True,False,True,False,100.0,False,yahoo_finance,observed_price_volume_fx,yahoo_finance,"bloomberg_database_as_of,eastmoney_china_financials,yahoo_finance_timeseries",False,False,Equity,Active,alt_data_review;narrative_review;,0.05,score_weighted,True,False,True,optimal,143,140,0.9500000000000002,0.9500000000000002,False,False,True,True,True
T.US,T.US,NAME:attinc,AT&T Inc.,United States,US,Communication Services,USD,Telecom Services,0.0,0.0,Hold,64,64,89.54151817533857,82.69438933487615,28.770833333333332,73.98492652868289,0.35,0.0481,0.2478356658937052,-0.31664814875453906,0.35,0.9080897766348639,-0.10004949753883968,-0.1867919806016365,-0.1867919806016365,0.298998043429201,0.3320257809709653,26.684568657376644,54.41056168129913,43.40071726552859,98.57448325017819,1516564935.03,60,162470068224.0,0.0481,0.11966511870478821,42.92136174143506,81.55696063186905,68.59836724739077,False,False,True,False,False,False,100.0,False,yahoo_finance,yahoo_finance_3m_average_volume,yahoo_finance,"finnhub_reported,yahoo_finance_timeseries",False,False,Equity,Active,narrative_review;ml_drawdown_risk;ml_downside_tail_risk;ml_asymmetric_downside;ml_downside_skew;,0.0,score_weighted,True,False,True,optimal,143,140,0.9500000000000002,0.9500000000000002,False,False,True,True,True
SHEL.LSE,SHEL.LSE,NAME:shellplc,Shell plc,United Kingdom,UK,Energy,GBX,Oil & Gas Integrated,0.0,0.0,Hold,64,64,83.96480186927832,76.13694965978056,72.52083333333334,83.2973760420765,0.35,0.0358,0.22640897265089677,-0.23867516902701325,0.35,0.8521545040783994,-0.05919476705173354,-0.1384379074795474,-0.1384379074795474,0.2363998498044873,0.3073743550943013,19.77684392564963,48.19549442343022,38.6554455821595,87.2416250890948,424251353.34291875,60,243086066810.44812,0.0358,0.09838490668677051,69.22610197471238,71.73309310755099,64.28090901674398,False,False,True,False,False,False,100.0,False,yahoo_finance,yahoo_finance_3m_average_volume,yahoo_finance,"bloomberg_database_as_of,yahoo_finance_timeseries",False,False,Equity,Active,narrative_review;ml_drawdown_risk;ml_downside_tail_risk;ml_asymmetric_downside;,0.05,score_weighted,True,False,True,optimal,143,140,0.9500000000000002,0.9500000000000002,False,False,True,True,True
601919.SHG,601919.SHG,NAME:coscoshippingholdingscoltd,COSCO SHIPPING Holdings Co Ltd,China,Mainland China,Industrials,CNY,Marine Shipping,0.0,0.0,Hold,64,64,88.91922852003431,68.59392237647492,61.10416666666667,86.28947834408092,0.35,0.057300000000000004,0.23286567489089224,-0.2715277906411784,0.35,0.8727053729499564,-0.07231649152900971,-0.153819477740822,-0.153819477740822,0.3271554240267095,0.3056535351166865,21.974211105831714,52.88377688413279,40.54789109520773,74.12687099073413,197078761.48005375,60,34751496596.90198,0.057300000000000004,0.08764125878003473,85.65099859047102,55.01531406074479,58.6748255660204,False,False,True,False,False,False,100.0,False,yahoo_finance,observed_price_volume_fx,yahoo_finance,"bloomberg_database_as_of,eastmoney_china_financials,yahoo_finance_timeseries",False,False,Equity,Active,narrative_review;ml_drawdown_risk;ml_downside_tail_risk;ml_asymmetric_downside;,0.0,score_weighted,True,False,True,optimal,143,140,0.9500000000000002,0.9500000000000002,False,False,True,True,True
002142.SHE,002142.SHE,NAME:bankofningbocoltd,Bank of Ningbo Co Ltd,China,Mainland China,Financials,CNY,Banks - Regional,0.0,0.0,Hold,64,64,88.54072829144545,83.23127957967218,52.77083333333333,73.98492652868289,0.35,0.0378,0.22011309351751024,-0.22765770670360053,0.35,0.8401235936948788,-0.04830693810469883,-0.12534652083582742,-0.12534652083582742,0.2869411501925447,0.29905412827390365,17.906645833689634,49.956922888125916,37.83868643185713,70.49180327868852,154275204.48733258,60,30726177661.10914,0.0378,1.1205151599185366,42.50712758374911,88.52071674496327,78.30869616185737,False,False,True,False,False,False,100.0,False,yahoo_finance,observed_price_volume_fx,yahoo_finance,"bloomberg_database_as_of,eastmoney_china_financials,yahoo_finance_timeseries",False,False,Equity,Active,narrative_review;ml_downside_tail_risk;ml_asymmetric_downside;,0.0,score_weighted,True,False,True,optimal,143,140,0.9500000000000002,0.9500000000000002,False,False,True,True,True
600406.SHG,600406.SHG,NAME:naritechnologycoltd,NARI Technology Co Ltd,China,Mainland China,Industrials,CNY,Specialty Industrial Machinery,0.0,0.0,Hold,64,64,77.13465973885113,62.55089534455399,82.20416666666668,81.00001336983581,0.35,0.025699999999999997,0.2744782424103692,-0.37925553768138787,0.35,0.9658506902515803,-0.14734165163032187,-0.2434090364739511,-0.2434090364739511,0.22695540536004288,0.3404957491882848,34.77271949627873,51.50864673341979,47.666177294264045,77.4768353528154,242736465.60805893,60,28633967789.996452,0.025699999999999997,0.055220061972051586,98.66824674344141,64.18794685493985,57.92466381918187,False,False,True,False,False,False,100.0,False,yahoo_finance,observed_price_volume_fx,yahoo_finance,"bloomberg_database_as_of,eastmoney_china_financials,yahoo_finance_timeseries",False,False,Equity,Active,narrative_review;ml_drawdown_risk;ml_downside_tail_risk;ml_asymmetric_downside;,0.0,score_weighted,True,False,True,optimal,143,140,0.9500000000000002,0.9500000000000002,False,False,True,True,True
PGR.US,PGR.US,NAME:progressivecorp,Progressive Corp,United States,US,Financials,USD,Insurance - Property & Casualty,0.0,0.0,Hold,64,64,92.71543121881682,83.67661724649037,52.60416666666667,81.00001336983581,0.35,0.0653,0.25684430139043507,-0.34130476195891024,0.35,0.9293789052139698,-0.11624506036469834,-0.2061405658513506,-0.2061405658513506,0.3199900390814336,0.31899249118398715,29.44865226447866,54.03705877946032,45.02888449001105,93.9415538132573,708739067.04,60,125192593408.0,0.0653,0.1373883193228977,42.50712758374911,81.17502692888954,72.88116077146114,False,False,True,False,False,False,100.0,False,yahoo_finance,yahoo_finance_3m_average_volume,yahoo_finance,"bloomberg_database_as_of,finnhub_reported,yahoo_finance_timeseries",False,False,Equity,Active,narrative_review;ml_drawdown_risk;ml_downside_tail_risk;ml_asymmetric_downside;ml_downside_skew;,0.0,score_weighted,True,False,True,optimal,143,140,0.9500000000000002,0.9500000000000002,False,False,True,True,True
2318.HK,2318.HK,NAME:pinganinsurance,Ping An Insurance,Hong Kong,Hong Kong,Financials,HKD,Insurance - Life,0.0,0.0,Hold,64,64,88.2922637662634,86.03845212375646,52.77083333333333,85.54950311424149,0.35,0.0533,0.2761560905405868,-0.39789737164757366,0.35,0.9747856304121625,-0.15178367928610503,-0.2484383109753104,-0.2484383109753104,0.2869411501925447,0.34378230245719055,35.491187282187205,55.11786606312055,48.64340822029311,77.90449037776193,249761401.50690374,60,131507367459.25974,0.0533,0.7335620704865862,42.50712758374911,92.57846794956197,81.1871465830981,False,False,True,False,False,False,100.0,False,yahoo_finance,observed_price_volume_fx,yahoo_finance,"bloomberg_database_as_of,yahoo_finance_timeseries",False,False,Equity,Active,narrative_review;ml_drawdown_risk;ml_downside_tail_risk;ml_asymmetric_downside;ml_downside_skew;,0.0,score_weighted,True,False,True,optimal,143,140,0.9500000000000002,0.9500000000000002,False,False,True,True,True
0939.HK,0939.HK,NAME:chinaconstructionbankcorp,China Construction Bank Corp,Hong Kong,Hong Kong,Financials,HKD,Banks - Diversified,0.0,0.0,Hold,64,64,92.13919890525128,86.84711034227146,42.77083333333333,81.08624857805513,0.35,0.0495,0.2154921834252409,-0.20955548406864943,0.35,0.8276744608078184,-0.03936999561322663,-0.11479225981206094,-0.11479225981206094,0.26738559463698913,0.29077388300446366,16.39889425886585,47.94851851942983,36.75604604357334,80.4704205274412,283347912.7372569,60,292648429897.1778,0.0495,1.0532236461632354,42.50712758374911,90.32773978407292,80.15781653641561,False,False,True,False,False,False,100.0,False,yahoo_finance,observed_price_volume_fx,yahoo_finance,"bloomberg_database_as_of,yahoo_finance_timeseries",False,False,Equity,Active,narrative_review;ml_downside_tail_risk;ml_asymmetric_downside;,0.05,score_weighted,True,False,True,optimal,143,140,0.9500000000000002,0.9500000000000002,False,False,True,True,True
VZ.US,VZ.US,NAME:verizoncommunicationsinc,Verizon Communications Inc,United States,US,Communication Services,USD,Telecom Services,0.0,0.0,Hold,64,64,94.0090876692801,78.72287488658529,56.60416666666667,83.2973760420765,0.35,0.060899999999999996,0.24842634515393575,-0.3155358868684863,0.35,0.9093315664513097,-0.10061144226049046,-0.18756066306436797,-0.18756066306436797,0.3358170749403639,0.30359376640529456,26.794380437766858,53.112507851245894,43.405307312891736,97.93300071275837,1305861263.05,60,195232890880.0,0.060899999999999996,0.10078219869260586,33.09853123729418,78.18525330661437,61.9350238588314,False,False,True,False,False,False,100.0,False,yahoo_finance,yahoo_finance_3m_average_volume,yahoo_finance,"bloomberg_database_as_of,finnhub_reported,yahoo_finance_timeseries",False,False,Equity,Active,narrative_review;ml_drawdown_risk;ml_downside_tail_risk;ml_asymmetric_downside;,0.0,score_weighted,True,False,True,optimal,143,140,0.9500000000000002,0.9500000000000002,False,False,True,True,True
VLO.US,VLO.US,NAME:valeroenergycorporation,Valero Energy Corporation,United States,US,Energy,USD,Oil & Gas Refining & Marketing,0.0,0.0,Hold,64,64,75.72968638631504,69.93481848502114,53.35416666666667,81.08624857805513,0.35,0.0159,0.35630395968860706,-0.625509130749648,0.35,1.1651220748019089,-0.29738798791845733,-0.4220943738094698,-0.4220943738094698,0.27551096091559846,0.3484329729227183,60.29919625849569,55.03901015576895,63.45412930220685,96.00855310049893,915270677.0500001,60,87239139328.0,0.0159,0.05765760688087838,69.23928866833991,55.85957079582832,61.7830166673143,False,False,True,False,False,False,100.0,False,yahoo_finance,yahoo_finance_3m_average_volume,yahoo_finance,"bloomberg_database_as_of,finnhub_reported,yahoo_finance_timeseries",False,False,Equity,Active,narrative_review;ml_drawdown_risk;ml_downside_tail_risk;ml_asymmetric_downside;ml_cvar_risk;ml_expected_shortfall_risk;ml_downside_skew;,0.0,score_weighted,True,False,True,optimal,143,140,0.9500000000000002,0.9500000000000002,False,False,True,True,True
IMB.LSE,IMB.LSE,NAME:imperialbrandsplc,Imperial Brands PLC,United Kingdom,UK,Consumer Staples,GBX,Tobacco,0.0,0.0,Hold,64,64,80.66346096493005,72.70300415285553,61.10416666666667,83.2973760420765,0.35,0.060700000000000004,0.21226315608544052,-0.20977197781715462,0.35,0.8231627312643504,-0.034464165641039435,-0.10875627027094362,-0.10875627027094362,0.2967287386933762,0.3052678132491873,15.53661003870623,51.20091053531878,36.60383689706007,64.86101211689237,108609305.10956678,60,28247281433.55433,0.060700000000000004,0.15139817420322194,50.68453399515016,79.15185350173415,64.74353900103108,False,False,True,False,False,False,100.0,False,yahoo_finance,yahoo_finance_3m_average_volume,yahoo_finance,"bloomberg_database_as_of,yahoo_finance_timeseries",False,False,Equity,Active,narrative_review;ml_drawdown_risk;ml_downside_tail_risk;ml_asymmetric_downside;,0.05,score_weighted,True,False,True,optimal,143,140,0.9500000000000002,0.9500000000000002,False,False,True,True,True
DG.PA,DG.PA,NAME:vincisa,Vinci S.A.,France,EU ex-DACH,Industrials,EUR,Engineering & Construction,0.0,0.0,Hold,64,64,73.03162575459554,73.60283208798015,22.145833333333332,81.00001336983581,0.35,0.0401,0.24494107133682208,-0.30031164155008583,0.35,0.8988582079765411,-0.09383556005405586,-0.1795649350219436,-0.1795649350219436,0.2879554053600429,0.3137287450483155,25.652133574563372,51.70476164034639,42.49466805406884,67.14183891660727,125737933.49358062,60,79609943910.41342,0.0401,0.11617948103448908,59.50069355664969,74.6431740038718,70.06368683318632,False,False,True,False,True,False,100.0,False,yahoo_finance,yahoo_finance_3m_average_volume,yahoo_finance,"bloomberg_database_as_of,yahoo_finance_timeseries",False,False,Equity,Active,alt_data_review;narrative_review;ml_drawdown_risk;ml_downside_tail_risk;ml_asymmetric_downside;,0.0,score_weighted,True,False,True,optimal,143,140,0.9500000000000002,0.9500000000000002,False,False,True,True,True
CVX.US,CVX.US,NAME:chevroncorp,Chevron Corp,United States,US,Energy,USD,Oil & Gas Integrated,0.0,0.0,Hold,64,64,88.59069850320742,64.92370778957698,61.10416666666667,71.77379906466153,0.35,0.0382,0.2282357302864777,-0.2470975341335685,0.35,0.8575339956051802,-0.06284728020875519,-0.14272978580902237,-0.14272978580902237,0.2505375636515368,0.3108838228080958,20.389969401288912,49.361694520632255,39.144538362798535,98.93086243763364,1731860019.8899999,60,371269238784.0,0.0382,0.04468993998625625,76.93929150683886,59.0230552269042,55.65209658645048,False,False,True,False,False,False,100.0,False,yahoo_finance,yahoo_finance_3m_average_volume,yahoo_finance,"bloomberg_database_as_of,finnhub_reported,yahoo_finance_timeseries",False,False,Equity,Active,narrative_review;ml_drawdown_risk;ml_downside_tail_risk;ml_asymmetric_downside;,0.05,score_weighted,True,False,True,optimal,143,140,0.9500000000000002,0.9500000000000002,False,False,True,True,True
BMY.US,BMY.US,NAME:bristolmyerssquibbcompany,Bristol-Myers Squibb Company,United States,US,Healthcare,USD,Drug Manufacturers - General,0.0,0.0,Hold,64,64,86.33525077784824,78.82100131699276,61.10416666666667,83.2973760420765,0.35,0.039599999999999996,0.2785598197290843,-0.38343319904289486,0.35,0.9738472732233905,-0.15379268006230296,-0.25128861696748245,-0.25128861696748245,0.24832049185241606,0.3099630790500544,35.89837385249749,49.13607406705944,48.097592803883195,94.86813970064148,798278045.35,60,131040149504.0,0.039599999999999996,0.09802339243826876,41.8174567538134,83.00650707191748,65.84027053811394,False,False,True,False,False,False,100.0,False,yahoo_finance,yahoo_finance_3m_average_volume,yahoo_finance,"bloomberg_database_as_of,finnhub_reported,yahoo_finance_timeseries",False,False,Equity,Active,narrative_review;ml_drawdown_risk;ml_downside_tail_risk;ml_asymmetric_downside;ml_cvar_risk;ml_expected_shortfall_risk;,0.05,score_weighted,True,False,True,optimal,143,140,0.9500000000000002,0.9500000000000002,False,False,True,True,True
ALL.US,ALL.US,NAME:theallstatecorporation,The Allstate Corporation,United States,US,Financials,USD,Insurance - Property & Casualty,0.0,0.0,Hold,64,64,79.46578759800428,82.18585864841124,53.35416666666667,86.71868425443364,0.35,0.0165,0.2488786923939849,-0.3060487580918091,0.35,0.906647447156143,-0.10035438058808932,-0.18746192292598401,-0.18746192292598401,0.29049670574810027,0.2973352211809412,26.780274703712003,49.950040445775535,42.9739979810061,89.95010691375623,485300642.64000005,60,69563744256.0,0.0165,0.14205675823937064,42.50712758374911,74.56277126053216,71.4016081533876,False,False,True,False,False,False,100.0,False,yahoo_finance,yahoo_finance_3m_average_volume,yahoo_finance,"bloomberg_database_as_of,finnhub_reported,yahoo_finance_timeseries",False,False,Equity,Active,narrative_review;ml_downside_tail_risk;ml_asymmetric_downside;,0.0,score_weighted,True,False,True,optimal,143,140,0.9500000000000002,0.9500000000000002,False,False,True,True,True
AIG.US,AIG.US,NAME:americaninternationalgroupinc,American International Group Inc,United States,US,Financials,USD,Insurance - Diversified,0.0,0.0,Hold,64,64,83.27263007840341,71.85881236629126,30.145833333333332,86.71868425443364,0.35,0.025,0.24447784638235695,-0.29355746137287964,0.35,0.895924536349064,-0.09243641964365679,-0.17800366587748173,-0.17800366587748173,0.26738559463698913,0.308770598239751,25.429095125354532,50.025062585039926,42.15136218563031,81.75338560228083,311011646.88,60,42400591872.0,0.025,0.07815928631384177,42.50712758374911,68.53322398435702,65.81389624255503,False,False,True,False,False,False,100.0,False,yahoo_finance,yahoo_finance_3m_average_volume,yahoo_finance,"bloomberg_database_as_of,finnhub_reported,yahoo_finance_timeseries",False,False,Equity,Active,narrative_review;ml_drawdown_risk;ml_downside_tail_risk;ml_asymmetric_downside;,0.0,score_weighted,True,False,True,optimal,143,140,0.9500000000000002,0.9500000000000002,False,False,True,True,True
CA.PA,CA.PA,NAME:carrefoursa,Carrefour SA,France,EU ex-DACH,Consumer Staples,EUR,Grocery Stores,0.0,0.0,Hold,64,64,70.7405943151723,73.45005951332816,30.145833333333332,86.71868425443364,0.35,0.061,0.21845492257091603,-0.23059376823953803,0.35,0.8390221177769676,-0.04601927822496177,-0.12247850112478237,-0.12247850112478237,0.3306345909330504,0.2996544496531479,17.49692873211177,52.37891447175825,37.903698162168375,47.683535281539555,43057179.121905655,60,12780123334.206718,0.061,0.21901724178244564,75.88260523145446,65.25613188173676,76.68350167437004,False,False,True,False,False,False,100.0,False,yahoo_finance,yahoo_finance_3m_average_volume,yahoo_finance,"bloomberg_database_as_of,yahoo_finance_timeseries",False,False,Equity,Active,narrative_review;ml_downside_tail_risk;ml_asymmetric_downside;,0.0,score_weighted,True,False,True,optimal,143,140,0.9500000000000002,0.9500000000000002,False,False,True,True,True
ORA.PA,ORA.PA,NAME:orangesa,Orange S.A.,France,EU ex-DACH,Communication Services,EUR,Telecom Services,0.0,0.0,Hold,64,64,79.74435859799524,64.30126369479322,23.270833333333332,81.44223886264008,0.35,0.0472,0.22311885924139865,-0.23901752602814463,0.35,0.848148127224192,-0.05406748422858909,-0.1321590849630786,-0.1321590849630786,0.3014229668812957,0.30155271044445275,18.879869280439802,51.02501096027586,38.525604669747096,59.80042765502495,84265599.93620488,60,49246074407.90148,0.0472,0.07765178194278159,76.94590644842381,67.96944858377495,63.394100323378275,False,False,True,False,True,False,100.0,False,yahoo_finance,yahoo_finance_3m_average_volume,yahoo_finance,"bloomberg_database_as_of,yahoo_finance_timeseries",False,False,Equity,Active,alt_data_review;narrative_review;ml_drawdown_risk;ml_downside_tail_risk;ml_asymmetric_downside;,0.0,score_weighted,True,False,True,optimal,143,140,0.9500000000000002,0.9500000000000002,False,False,True,True,True
PUB.PA,PUB.PA,NAME:publicisgroupesa,Publicis Groupe SA,France,EU ex-DACH,Communication Services,EUR,Advertising Agencies,0.0,0.0,Hold,64,64,71.91898439984843,71.60364604127663,48.27083333333333,86.71868425443364,0.35,0.038599999999999995,0.28170096858478044,-0.4142013495071801,0.35,0.9879013687214085,-0.1619797196631806,-0.26057505866785374,-0.26057505866785374,0.2799554053600429,0.3493370797962129,37.22500838112197,55.38264641894995,49.685947001045335,58.161083392729864,77337208.43918388,60,28317330009.91103,0.038599999999999995,0.10977050411497818,80.82025742770183,80.79075315920832,72.97610303616969,False,False,True,False,False,False,100.0,False,yahoo_finance,yahoo_finance_3m_average_volume,yahoo_finance,"bloomberg_database_as_of,yahoo_finance_timeseries",False,False,Equity,Active,narrative_review;ml_drawdown_risk;ml_downside_tail_risk;ml_asymmetric_downside;ml_cvar_risk;ml_expected_shortfall_risk;ml_downside_skew;,0.0,score_weighted,True,False,True,optimal,143,140,0.9500000000000002,0.9500000000000002,False,False,True,True,True
002352.SHE,002352.SHE,NAME:sfholdingcoltd,S.F. Holding Co. Ltd,China,Mainland China,Industrials,CNY,Integrated Freight & Logistics,0.0,0.0,Hold,64,64,78.69595695909346,69.03056567244255,76.95416666666668,90.2262276750101,0.35,0.0264,0.20044924523887248,-0.17088147378599072,0.35,0.7931902339456727,-0.012512163599650794,-0.08266939943325616,-0.08266939943325616,0.22695540536004288,0.3190571297766337,11.80991420475088,49.034959878229266,34.16355674431642,65.00356379187456,110662326.33785596,60,25915624963.9352,0.0264,0.10332327968980196,77.64637740703228,59.52570313307799,61.470081740020184,False,False,True,False,False,False,100.0,False,yahoo_finance,observed_price_volume_fx,yahoo_finance,"bloomberg_database_as_of,eastmoney_china_financials,yahoo_finance_timeseries",False,False,Equity,Active,narrative_review;ml_drawdown_risk;,0.05,score_weighted,True,False,True,optimal,143,140,0.9500000000000002,0.9500000000000002,False,False,True,True,True
600050.SHG,600050.SHG,NAME:chinaunitednetworkcommunicationsltd,China United Network Communications Ltd,China,Mainland China,Communication Services,CNY,Telecom Services,0.0,0.0,Buy,64,64,85.05052871910047,74.82638804742214,66.45416666666668,81.00001336983581,0.35,0.0373,0.22464090872696285,-0.23913144874965953,0.35,0.8493870266781751,-0.056645606908226176,-0.13526992496266316,-0.13526992496266316,0.22695540536004288,0.32974604230356747,19.324274994666165,50.26829593902932,38.57354427505543,64.07697790449038,103490840.32174307,60,19870674593.8276,0.0373,0.17746164320323657,92.04600846640237,71.56370612539399,69.41538016603863,False,False,True,False,False,False,100.0,False,yahoo_finance,observed_price_volume_fx,yahoo_finance,"bloomberg_database_as_of,eastmoney_china_financials,yahoo_finance_timeseries",False,False,Equity,Active,narrative_review;ml_drawdown_risk;ml_downside_tail_risk;ml_asymmetric_downside;,0.05,score_weighted,True,False,True,optimal,143,140,0.9500000000000002,0.9500000000000002,False,False,True,True,True
MET.US,MET.US,NAME:metlifeinc,MetLife Inc,United States,US,Financials,USD,Insurance - Life,0.0,0.0,Hold,64,64,83.25908766928012,80.37136735900665,30.145833333333332,86.28947834408092,0.35,0.0246,0.23750637610667952,-0.2735697095851122,0.35,0.8795341436913731,-0.07970435013742966,-0.16283158177476748,-0.16283158177476748,0.26738559463698913,0.3057211121760962,23.2616545392525,49.67319880846436,40.86223940352988,85.45972915181753,385322342.45,60,63748108288.0,0.0246,0.2681177600248479,42.50712758374911,89.8438210024035,62.72483128945389,False,False,True,False,False,False,100.0,False,yahoo_finance,yahoo_finance_3m_average_volume,yahoo_finance,"bloomberg_database_as_of,finnhub_reported,yahoo_finance_timeseries",False,False,Equity,Active,narrative_review;ml_drawdown_risk;ml_downside_tail_risk;ml_asymmetric_downside;,0.0,score_weighted,True,False,True,optimal,143,140,0.9500000000000002,0.9500000000000002,False,False,True,True,True
002415.SHE,002415.SHE,NAME:hangzhouhikvisiondigitaltechnologycoltd,Hangzhou Hikvision Digital Technology Co Ltd,China,Mainland China,Technology,CNY,Computer Hardware,0.0,0.0,Hold,64,64,79.61478728490033,67.07704064572502,48.77083333333333,81.44223886264008,0.35,0.030699999999999998,0.28260905240635814,-0.40218006637525583,0.35,0.9858548053059323,-0.1618932029935114,-0.26080637133573675,-0.26080637133573675,0.27195540536004287,0.3165859468695732,37.2580530479624,51.17290031202998,49.18742840544909,89.73627940128297,478001772.8654955,60,50446349561.31016,0.030699999999999998,0.06386544346652036,98.1812496553188,72.94676809481824,54.361242288875275,False,False,True,False,True,False,100.0,False,yahoo_finance,observed_price_volume_fx,yahoo_finance,"bloomberg_database_as_of,eastmoney_china_financials,yahoo_finance_timeseries",False,False,Equity,Active,alt_data_review;narrative_review;ml_drawdown_risk;ml_downside_tail_risk;ml_asymmetric_downside;ml_cvar_risk;ml_expected_shortfall_risk;,0.0,score_weighted,True,False,True,optimal,143,140,0.9500000000000002,0.9500000000000002,False,False,True,True,True
FGR.PA,FGR.PA,NAME:eiffagesa,Eiffage SA,France,EU ex-DACH,Industrials,EUR,Engineering & Construction,0.0,0.0,Hold,64,64,71.76808334547223,70.9611215746078,66.45416666666668,71.77379906466153,0.35,0.0385,0.24779104375655311,-0.307499257673012,0.35,0.9044880163111991,-0.09913533694297788,-0.18586220225777145,-0.18586220225777145,0.24061396209971142,0.33808249889864067,26.551743179681637,51.96565552444299,42.94887576938802,42.1240199572345,31266394.891833086,60,13893781223.72723,0.0385,0.19132648344182332,43.17072163016573,75.9146329370668,76.26199688254711,False,False,True,False,False,False,100.0,False,yahoo_finance,yahoo_finance_3m_average_volume,yahoo_finance,"bloomberg_database_as_of,yahoo_finance_timeseries",False,False,Equity,Active,narrative_review;ml_drawdown_risk;ml_downside_tail_risk;ml_asymmetric_downside;,0.0,score_weighted,True,False,True,optimal,143,140,0.9500000000000002,0.9500000000000002,False,False,True,True,True
601288.SHG,601288.SHG,NAME:agriculturalbankofchinaltdclassa,Agricultural Bank of China Ltd Class A,China,Mainland China,Financials,CNY,Banks - Diversified,0.0,0.0,Hold,64,64,85.93969479180183,88.22915293411323,66.45416666666668,86.28947834408092,0.35,0.0384,0.24616829281386926,-0.29732285749393106,0.35,0.8991697454576801,-0.09550747612894073,-0.18166637861379498,-0.18166637861379498,0.24194115019254464,0.3203789935389558,25.952339801970716,49.99440734178576,42.399795168005944,85.81610833927299,395000248.39259577,60,334691701057.1124,0.0384,0.9244131075418627,42.50712758374911,88.67052888504136,79.88087071899169,False,False,True,False,False,False,100.0,False,yahoo_finance,observed_price_volume_fx,yahoo_finance,"bloomberg_database_as_of,eastmoney_china_financials,yahoo_finance_timeseries",False,False,Equity,Active,narrative_review;ml_drawdown_risk;ml_downside_tail_risk;ml_asymmetric_downside;,0.0,score_weighted,True,False,True,optimal,143,140,0.9500000000000002,0.9500000000000002,False,False,True,True,True
ABT.US,ABT.US,NAME:abbottlaboratories,Abbott Laboratories,United States,US,Healthcare,USD,Medical Devices,0.0,0.0,Hold,64,64,77.44394643002215,62.22936828965458,66.45416666666668,86.28947834408092,0.2681871140311048,0.023799999999999998,0.26547236279472647,-0.4558540372664161,0.2681871140311048,0.8700744145396193,-0.2148288870177884,-0.30774421399594265,-0.30774421399594265,0.31381762758226506,0.3455550892280772,43.96345914227752,56.76961331920778,46.98657946177104,98.07555238774056,1383356363.96,60,186812186624.0,0.023799999999999998,0.03958521193739913,85.53203464842977,66.3032848284084,54.03279444126948,False,False,True,False,False,False,100.0,False,yahoo_finance,yahoo_finance_3m_average_volume,yahoo_finance,"bloomberg_database_as_of,finnhub_reported,yahoo_finance_timeseries",False,False,Equity,Active,narrative_review;ml_drawdown_risk;ml_downside_tail_risk;ml_asymmetric_downside;ml_cvar_risk;ml_expected_shortfall_risk;ml_downside_skew;,0.0,score_weighted,True,False,True,optimal,143,140,0.9500000000000002,0.9500000000000002,False,False,True,True,True
LOW.US,LOW.US,NAME:lowescompaniesinc,Lowe's Companies Inc,United States,US,Consumer Discretionary,USD,Home Improvement Retail,0.0,0.0,Hold,64,64,79.29519152704279,71.22270191429386,66.45416666666668,73.98492652868289,0.35,0.0227,0.27376251001997354,-0.38120185349028257,0.35,0.9655812144357725,-0.1464330311854687,-0.2422499096924594,-0.2422499096924594,0.24377446214541343,0.3415683633132505,34.60712995606563,52.538051420897325,47.72559903415697,93.3000712758375,673101374.4,60,122458423296.0,0.0227,0.06247834811253783,53.56385396839355,64.88141986755696,64.14917174575766,False,False,True,False,False,False,100.0,False,yahoo_finance,yahoo_finance_3m_average_volume,yahoo_finance,"bloomberg_database_as_of,finnhub_reported,yahoo_finance_timeseries",False,False,Equity,Active,narrative_review;ml_drawdown_risk;ml_downside_tail_risk;ml_asymmetric_downside;,0.0,score_weighted,True,False,True,optimal,143,140,0.9500000000000002,0.9500000000000002,False,False,True,True,True
0728.HK,0728.HK,NAME:chinatelecom,China Telecom,Hong Kong,Hong Kong,Communication Services,HKD,Telecom Services,0.0,0.0,Hold,64,64,92.28032506348363,67.04208447058394,57.10416666666667,81.00001336983581,0.35,0.0666,0.2282420466245434,-0.27139570462172313,0.35,0.8656481947439113,-0.06546809030582362,-0.1453528066244138,-0.1453528066244138,0.3368887386933762,0.33994126651990836,20.764686660630545,57.3641551434789,40.293127020763876,47.25588025659302,41945712.846054085,60,52524642799.00618,0.0666,0.14664259400917684,91.7585651238904,72.00657726172587,64.30107832650296,False,False,True,False,False,False,100.0,False,yahoo_finance,observed_price_volume_fx,yahoo_finance,"bloomberg_database_as_of,eastmoney_hk_financials,yahoo_finance_timeseries",False,False,Equity,Active,narrative_review;ml_drawdown_risk;ml_downside_tail_risk;ml_asymmetric_downside;ml_downside_skew;,0.0,score_weighted,True,False,True,optimal,143,140,0.9500000000000002,0.9500000000000002,False,False,True,True,True
603195.SHG,603195.SHG,NAME:gongniugroupcoltd,Gongniu Group Co Ltd,China,Mainland China,Industrials,CNY,Electrical Equipment & Parts,0.0,0.0,Hold,64,64,86.96341953927877,55.095216836404944,53.35416666666667,84.07541813822725,0.35,0.0466,0.21466978865131064,-0.22440301532666795,0.35,0.8314734378413515,-0.03966064675472197,-0.1147950727826807,-0.1147950727826807,0.3328176275822651,0.3125900973118892,16.39929611181153,53.98903732887841,37.41681747685256,42.55167498218104,31715301.25845385,60,10846372188.719404,0.0466,0.05804084286925816,99.53989685274,67.82651609943142,64.99050854592431,False,False,True,False,False,False,100.0,False,yahoo_finance,observed_price_volume_fx,yahoo_finance,"bloomberg_database_as_of,eastmoney_china_financials,yahoo_finance_timeseries",False,False,Equity,Active,narrative_review;ml_drawdown_risk;ml_downside_tail_risk;ml_asymmetric_downside;ml_downside_skew;,0.0,score_weighted,True,False,True,optimal,143,140,0.9500000000000002,0.9500000000000002,False,False,True,True,True
600741.SHG,600741.SHG,NAME:huayuautomotivesystemscoltd,HUAYU Automotive Systems Co Ltd,China,Mainland China,Consumer Discretionary,CNY,Auto Parts,0.0,0.0,Hold,64,64,89.82095189261508,64.53896165387134,61.10416666666667,90.2262276750101,0.35,0.0625,0.24560270010559648,-0.29689005388740397,0.35,0.8979969868127453,-0.094658707016333,-0.18061965205329178,-0.18061965205329178,0.2319554053600429,0.32923970418675935,25.802807436184544,50.47910307939761,42.34289927878479,48.25374198146829,43845026.00153793,60,7455892084.663592,0.0625,0.09492977828081406,81.44904824003842,62.05468925283557,66.2726060490408,False,False,True,False,False,False,100.0,False,yahoo_finance,observed_price_volume_fx,yahoo_finance,"eastmoney_china_financials,yahoo_finance_timeseries",False,False,Equity,Active,narrative_review;ml_drawdown_risk;ml_downside_tail_risk;ml_asymmetric_downside;,0.0,score_weighted,True,False,True,optimal,143,140,0.9500000000000002,0.9500000000000002,False,False,True,True,True
601728.SHG,601728.SHG,NAME:chinatelecomcorpltd,China Telecom Corp Ltd,China,Mainland China,Communication Services,CNY,Telecom Services,0.0,0.0,Hold,64,64,86.72604546892228,66.65552112591337,72.52083333333334,81.00001336983581,0.35,0.0432,0.23788192419143078,-0.29023898509399615,0.35,0.8853536120867672,-0.08210817608606197,-0.16536684955306274,-0.16536684955306274,0.3053420720267096,0.3324595974639201,23.623835650437535,54.80221897035207,41.659167134445156,68.92373485388454,137425196.184908,60,83586685018.32802,0.0432,0.09214804807443681,91.7585651238904,70.92534176438465,55.743195478375846,False,False,True,False,False,False,100.0,False,yahoo_finance,observed_price_volume_fx,yahoo_finance,"bloomberg_database_as_of,eastmoney_china_financials,yahoo_finance_timeseries",False,False,Equity,Active,narrative_review;ml_drawdown_risk;ml_downside_tail_risk;ml_asymmetric_downside;ml_downside_skew;,0.0,score_weighted,True,False,True,optimal,143,140,0.9500000000000002,0.9500000000000002,False,False,True,True,True
600019.SHG,600019.SHG,NAME:baoshanironsteelcoltd,Baoshan Iron & Steel Co Ltd,China,Mainland China,Materials,CNY,Steel,0.0,0.0,Hold,64,64,91.93025074333426,67.43915641083096,55.47916666666667,81.08624857805513,0.35,0.061500000000000006,0.21893100491270498,-0.22345239126474004,0.35,0.8364153810874957,-0.04623334863883788,-0.12285920035828461,-0.12285920035828461,0.2399554053600429,0.3218039944129719,17.551314336897804,50.05190579780676,37.55825680998627,60.9408410548824,89493789.25599979,60,18544522549.36739,0.061500000000000006,0.12071410727049958,74.81508947861255,65.08189310407644,57.198119222881274,False,False,True,False,False,False,100.0,False,yahoo_finance,observed_price_volume_fx,yahoo_finance,"bloomberg_database_as_of,eastmoney_china_financials,yahoo_finance_timeseries",False,False,Equity,Active,narrative_review;ml_drawdown_risk;ml_downside_tail_risk;ml_asymmetric_downside;,0.0,score_weighted,True,False,True,optimal,143,140,0.9500000000000002,0.9500000000000002,False,False,True,True,True
1113.HK,1113.HK,NAME:ckassetholdingsltd,CK Asset Holdings Ltd,Hong Kong,Hong Kong,Real Estate,HKD,Real Estate - Development,0.0,0.0,Hold,64,64,86.80936996726126,61.41270294802455,82.20416666666668,84.07541813822725,0.35,0.038,0.24099758473882238,-0.2816246078468848,0.35,0.8865246998081716,-0.08602453780713554,-0.17037369246572337,-0.17037369246572337,0.22695540536004288,0.3237885363528433,24.33909892367477,49.58089140625345,41.39540123193342,41.62508909479686,30254539.44534968,60,20868907332.61133,0.038,0.09885911748638662,67.71860943344672,73.48127179380887,61.16896901757144,False,False,True,False,False,False,100.0,False,yahoo_finance,observed_price_volume_fx,yahoo_finance,"eastmoney_hk_financials,yahoo_finance_timeseries",False,False,Equity,Active,narrative_review;ml_drawdown_risk;ml_downside_tail_risk;ml_asymmetric_downside;,0.05,score_weighted,True,False,True,optimal,143,140,0.9500000000000002,0.9500000000000002,False,False,True,True,True
600585.SHG,600585.SHG,NAME:anhuiconchcementcoltd,Anhui Conch Cement Co Ltd,China,Mainland China,Materials,CNY,Building Materials,0.0,0.0,Hold,64,64,88.33135551881537,57.66298726418971,56.77083333333333,86.71868425443364,0.35,0.0478,0.23085912898394678,-0.25925497525967967,0.35,0.8647383532526386,-0.06824985301172404,-0.1490505481561054,-0.1490505481561054,0.2363998498044873,0.33482118580113523,21.292935450872204,51.36243642806491,39.83065735764927,58.945117605131855,81800961.514427,60,13910903781.482796,0.0478,0.07473113150249064,84.54858383691624,59.95791060874878,46.44368421068764,False,False,True,False,False,False,100.0,False,yahoo_finance,observed_price_volume_fx,yahoo_finance,"bloomberg_database_as_of,eastmoney_china_financials,yahoo_finance_timeseries",False,False,Equity,Active,narrative_review;ml_drawdown_risk;ml_downside_tail_risk;ml_asymmetric_downside;,0.0,score_weighted,True,False,True,optimal,143,140,0.9500000000000002,0.9500000000000002,False,False,True,True,True
1288.HK,1288.HK,NAME:agriculturalbankofchina,Agricultural Bank Of China,Hong Kong,Hong Kong,Financials,HKD,Banks - Diversified,0.0,0.0,Hold,63.43579515698524,63.43579515698524,90.07166504922849,80.10191418847374,22.145833333333332,90.2262276750101,0.35,0.047400000000000005,0.2407012871581761,-0.29115046446922754,0.35,0.8899569743315225,-0.08638767684381499,-0.17063312734917663,-0.17063312734917663,0.3029411501925447,0.3129554254902666,24.376161049882377,52.42245718232165,41.85459513332672,53.81325730577334,59380342.059367836,60,261534106461.10724,0.047400000000000005,1.182994446227943,42.50712758374911,96.77439039531194,83.44972122274444,False,False,True,False,True,False,100.0,False,yahoo_finance,observed_price_volume_fx,yahoo_finance,"bloomberg_database_as_of,yahoo_finance_timeseries",False,False,Equity,Active,alt_data_review;narrative_review;ml_drawdown_risk;ml_downside_tail_risk;ml_asymmetric_downside;,0.0,score_weighted,True,False,True,optimal,143,140,0.9500000000000002,0.9500000000000002,False,False,True,True,True
EN.PA,EN.PA,NAME:bouyguessa,Bouygues SA,France,EU ex-DACH,Industrials,EUR,Engineering & Construction,0.0,0.0,Watchlist,63.399845530286676,63.399845530286676,75.90172554076803,67.71180836634076,72.52083333333334,90.2262276750101,0.35,0.043,0.22668897021208928,-0.23579866627195334,0.35,0.851802749557553,-0.05928574825987931,-0.13862688783411053,-0.13862688783411053,0.2363998498044873,0.2954699246540598,19.803841119158648,46.82190629571005,38.54104667412581,49.25160370634355,46561566.62603525,60,21478469117.462776,0.043,0.15966176851471264,58.80314293264592,62.7793077429615,63.220989996896655,False,False,True,False,False,False,100.0,False,yahoo_finance,yahoo_finance_3m_average_volume,yahoo_finance,"bloomberg_database_as_of,yahoo_finance_timeseries",False,False,Equity,Active,narrative_review;ml_downside_tail_risk;ml_asymmetric_downside;,0.05,score_weighted,True,False,True,optimal,143,140,0.9500000000000002,0.9500000000000002,False,False,True,True,True
0001.HK,0001.HK,NAME:ckhutchisonholdingslimited,CK Hutchison Holdings Limited,Hong Kong,Hong Kong,Industrials,HKD,Conglomerates,0.0,0.0,Hold,63.38270201705477,63.38270201705477,82.92165494282092,65.33055333370721,68.52083333333333,86.28947834408092,0.35,0.032,0.2522264668905444,-0.3285239653813131,0.35,0.9188590719091697,-0.10780629939985209,-0.19608556281154263,-0.19608556281154263,0.3346764417852555,0.31116414460031316,28.012223258791806,53.924594319242196,44.20318616821448,54.882394868139706,64501943.3013298,60,35550580820.284134,0.032,0.1494756016317614,47.283854635745364,81.7979315585415,52.4463218148686,False,False,True,False,False,False,100.0,False,yahoo_finance,observed_price_volume_fx,yahoo_finance,"bloomberg_database_as_of,eastmoney_hk_financials,yahoo_finance_timeseries",False,False,Equity,Active,narrative_review;ml_drawdown_risk;ml_downside_tail_risk;ml_asymmetric_downside;ml_downside_skew;,0.0,score_weighted,True,False,True,optimal,143,140,0.9500000000000002,0.9500000000000002,False,False,True,True,True
DCC.LSE,DCC.LSE,NAME:dccplc,DCC plc,United Kingdom,UK,Energy,GBX,Oil & Gas Refining & Marketing,0.0,0.0,Hold,63.21626875920669,63.21626875920669,83.65920671603526,63.24141769769995,74.3125,71.77379906466153,0.35,0.0339,0.2509598781554286,-0.3227008331550095,0.35,0.9144514913422638,-0.10544810628581675,-0.19328406364021675,-0.19328406364021675,0.2876531831378206,0.33067805562805314,27.612009091459537,53.64417781835031,43.84064307702888,52.17391304347826,54851106.31839604,60,7250031514.764225,0.0339,0.08626898373601061,59.39185512489205,63.93082952564872,62.768982852811405,False,False,True,False,False,False,100.0,False,yahoo_finance,yahoo_finance_3m_average_volume,yahoo_finance,"bloomberg_database_as_of,yahoo_finance_timeseries",False,False,Equity,Active,narrative_review;ml_drawdown_risk;ml_downside_tail_risk;ml_asymmetric_downside;,0.0,score_weighted,True,False,True,optimal,143,140,0.9500000000000002,0.9500000000000002,False,False,True,True,True
HEN3.XETRA,HEN3.XETRA,NAME:henkelagcokgaavzprefshares,Henkel AG & Co. KGaA vz. (Pref Shares),Germany,DACH,Consumer Staples,EUR,Household & Personal Products,0.0,0.0,Watchlist,63.09054839423957,63.09054839423957,63.02145717759365,54.9783623442181,66.45416666666668,85.54950311424149,0.35,0.027000000000000003,0.19525735981731993,-0.15423415647844463,0.35,0.7806129843159341,-0.002802317607920657,-0.07114239354398262,-0.07114239354398262,0.22695540536004288,0.30855609637305753,10.163199077711804,47.823302177816636,33.12793341579956,45.90163934426229,39388221.14124925,60,36711967245.75933,0.027000000000000003,0.05791400189836596,90.40797772042104,61.24730540338719,61.92779221858873,False,False,True,False,False,False,100.0,False,yahoo_finance,yahoo_finance_3m_average_volume,yahoo_finance,"bloomberg_database_as_of,yahoo_finance_timeseries",False,False,Equity,Active,narrative_review;ml_drawdown_risk;,0.05,score_weighted,True,False,True,optimal,143,140,0.9500000000000002,0.9500000000000002,False,False,True,True,True
601658.SHG,601658.SHG,NAME:postalsavingsbankofchinacoltd,Postal Savings Bank of China Co Ltd,China,Mainland China,Financials,CNY,Banks - Regional,0.0,0.0,Hold,63.0770186984642,63.0770186984642,89.88213955302776,79.18607449682399,55.47916666666667,86.71868425443364,0.35,0.043899999999999995,0.18686014445573984,-0.13194792406911854,0.35,0.7619390877721647,0.012459349545979603,-0.05294170101352934,-0.05294170101352934,0.25494115019254465,0.2930262175757851,7.563100144789906,47.53831780757377,31.676440048116287,65.64504632929436,115255439.00010991,60,88044142367.26971,0.043899999999999995,0.6711172429568862,42.50712758374911,90.67580420498508,72.33084720302222,False,False,True,False,False,False,100.0,False,yahoo_finance,observed_price_volume_fx,yahoo_finance,"eastmoney_china_financials,yahoo_finance_timeseries",False,False,Equity,Active,narrative_review;,0.0,score_weighted,True,False,True,optimal,143,140,0.9500000000000002,0.9500000000000002,False,False,True,True,True
COP.US,COP.US,NAME:conocophillips,ConocoPhillips,United States,US,Energy,USD,Oil & Gas E&P,0.0,0.0,Hold,63.013236233681724,63.013236233681724,82.58428367783323,60.91918791496228,57.10416666666667,81.00001336983581,0.35,0.0292,0.2992442310619871,-0.45621345877573694,0.35,1.0269958561296901,-0.19298646273620135,-0.29772194360789683,-0.29772194360789683,0.26751096091559845,0.33787456740163546,42.53170622969955,53.38996336487479,52.560100236417306,95.08196721311475,826704468.24,60,140268158976.0,0.0292,0.051636808045932105,75.1593480449634,64.57970387750008,41.30866641827123,False,False,True,False,False,False,100.0,False,yahoo_finance,yahoo_finance_3m_average_volume,yahoo_finance,"bloomberg_database_as_of,finnhub_reported,yahoo_finance_timeseries",False,False,Equity,Active,narrative_review;ml_drawdown_risk;ml_downside_tail_risk;ml_asymmetric_downside;ml_cvar_risk;ml_expected_shortfall_risk;,0.0,score_weighted,True,False,True,optimal,143,140,0.9500000000000002,0.9500000000000002,False,False,True,True,True
NOVN.SW,NOVN.SW,NAME:novartisag,Novartis AG,Switzerland,DACH,Healthcare,CHF,Drug Manufacturers - General,0.10951080208592004,8820.0,Watchlist,63.01225669597396,63.01225669597396,75.69039750571737,62.72320454419196,52.77083333333333,73.98492652868289,0.35,0.0297,0.19313732903127911,-0.15311446230603099,0.35,0.7780557847055121,0.0007587750898660484,-0.06683929007108164,-0.06683929007108164,0.30219540536004286,0.2840612654921317,9.548470010154519,49.048360153094436,32.99763629330824,86.95652173913044,415891681.52164596,60,293874366051.8231,0.0297,0.05187250662520121,77.35106648571,75.0626598503976,53.000012168824625,False,False,True,False,False,False,100.0,False,yahoo_finance,yahoo_finance_3m_average_volume,yahoo_finance,"bloomberg_database_as_of,yahoo_finance_timeseries",False,False,Equity,Active,narrative_review;,0.04999999999999971,score_weighted,True,False,True,optimal,143,140,0.9500000000000002,0.9500000000000002,False,False,True,True,True
601816.SHG,601816.SHG,NAME:beijingshanghaihighspeedrailwaycoltd,Beijing-Shanghai High Speed Railway Co Ltd,China,Mainland China,Industrials,CNY,Railroads,0.0,0.0,Hold,62.996390303472936,62.996390303472936,82.1621009362852,60.68314900429411,46.9375,85.54950311424149,0.35,0.0264,0.1534460617408346,-0.04328376341950019,0.35,0.686845476659074,0.07297430577717695,0.01926818416788484,0.01926818416788484,0.2932887386933762,0.269312496113787,0.0,46.86698932738798,25.87339875661176,67.99714896650035,130035306.2602284,60,36446941279.413506,0.0264,0.0832374698448965,70.01524705775586,80.42905100753663,43.251110992820784,False,False,True,False,False,False,100.0,False,yahoo_finance,observed_price_volume_fx,yahoo_finance,"eastmoney_china_financials,yahoo_finance_timeseries",False,False,Equity,Active,narrative_review;,0.0,score_weighted,True,False,True,optimal,143,140,0.9500000000000002,0.9500000000000002,False,False,True,True,True
STT.US,STT.US,NAME:statestreetcorp,State Street Corp,United States,US,Financials,USD,Asset Management,0.0,0.0,Hold,62.91879752893394,62.91879752893394,81.24126870990735,80.91113266275562,74.32916666666668,86.28947834408092,0.35,0.0197,0.2478602773586957,-0.2951937501464754,0.35,0.9012350851572138,-0.09778758486091432,-0.1845386819364578,-0.1845386819364578,0.24194115019254464,0.300309086514706,26.3626688480654,47.678648838987705,42.397535450558834,87.02779757662152,419063484.96,60,50797850624.0,0.0197,0.21345391324248483,42.50712758374911,81.38734236284402,64.84740683402126,False,False,True,False,False,False,100.0,False,yahoo_finance,yahoo_finance_3m_average_volume,yahoo_finance,"bloomberg_database_as_of,finnhub_reported,yahoo_finance_timeseries",False,False,Equity,Active,narrative_review;ml_drawdown_risk;ml_downside_tail_risk;ml_asymmetric_downside;,0.0,score_weighted,True,False,True,optimal,143,140,0.9500000000000002,0.9500000000000002,False,False,True,True,True
FDX.US,FDX.US,NAME:fedexcorporation,FedEx Corporation,United States,US,Industrials,USD,Integrated Freight & Logistics,0.0,0.0,Hold,62.903713771268116,62.903713771268116,74.15772332196023,71.66703607540813,57.10416666666667,90.2262276750101,0.35,0.015700000000000002,0.2864458295168222,-0.4116491969437188,0.35,0.994627042895518,-0.1686786618635273,-0.26893470219441507,-0.26893470219441507,0.27679042244298513,0.31091517167774424,38.41924317063072,50.77892717128507,49.83384299386985,92.37348538845332,609553607.07,60,74728898560.0,0.015700000000000002,0.0684607976108781,45.360269236306664,62.35518099687597,61.86508830831404,False,False,True,False,False,False,100.0,False,yahoo_finance,yahoo_finance_3m_average_volume,yahoo_finance,"bloomberg_database_as_of,finnhub_reported,yahoo_finance_timeseries",False,False,Equity,Active,narrative_review;ml_drawdown_risk;ml_downside_tail_risk;ml_asymmetric_downside;ml_cvar_risk;ml_expected_shortfall_risk;,0.0,score_weighted,True,False,True,optimal,143,140,0.9500000000000002,0.9500000000000002,False,False,True,True,True
TTE.PA,TTE.PA,NAME:totalenergiesse,TotalEnergies SE,France,EU ex-DACH,Energy,EUR,Oil & Gas Integrated,0.0,0.0,Watchlist,62.65886831485445,62.65886831485445,78.69802930362603,63.1522065074157,52.77083333333333,71.77379906466153,0.35,0.048799999999999996,0.22575540890147394,-0.24628541252754188,0.35,0.8539845753184758,-0.05892124846680463,-0.13793564158232052,-0.13793564158232052,0.2842250814866638,0.311342687412862,19.705091654617217,51.22858370461212,38.98997954445543,84.03421240199572,349160863.3303335,60,189020995358.90454,0.048799999999999996,0.054967438830125386,70.65682264127493,57.058828439960806,54.164638488757234,False,False,True,False,False,False,100.0,False,yahoo_finance,yahoo_finance_3m_average_volume,yahoo_finance,"bloomberg_database_as_of,yahoo_finance_timeseries",False,False,Equity,Active,narrative_review;ml_drawdown_risk;ml_downside_tail_risk;ml_asymmetric_downside;,0.0,score_weighted,True,False,True,optimal,143,140,0.9500000000000002,0.9500000000000002,False,False,True,True,True
XOM.US,XOM.US,NAME:exxonmobilcorp,Exxon Mobil Corp,United States,US,Energy,USD,Oil & Gas Integrated,0.0,0.0,Hold,62.63109272447626,62.63109272447626,83.99982181040626,60.48146804792414,61.10416666666667,81.00001336983581,0.28963337049294263,0.027200000000000002,0.250174253903233,-0.3675603038288912,0.28963337049294263,0.8479763424410278,-0.16295084663898285,-0.2505118355051144,-0.2505118355051144,0.2530282902354277,0.3111152288612044,35.7874050721592,49.52251126589277,43.0746539459666,99.57234497505347,2570130630.48,60,641803616256.0,0.027200000000000002,0.036790070049374325,88.32835797217203,49.023335005626684,50.46431050043287,False,False,True,False,False,False,100.0,False,yahoo_finance,yahoo_finance_3m_average_volume,yahoo_finance,"bloomberg_database_as_of,finnhub_reported,yahoo_finance_timeseries",False,False,Equity,Active,narrative_review;ml_drawdown_risk;ml_downside_tail_risk;ml_asymmetric_downside;ml_cvar_risk;ml_expected_shortfall_risk;,0.0,score_weighted,True,False,True,optimal,143,140,0.9500000000000002,0.9500000000000002,False,False,True,True,True
PG.US,PG.US,NAME:proctergamblecompany,Procter & Gamble Company,United States,US,Consumer Staples,USD,Household & Personal Products,0.0,0.0,Hold,62.579553481814415,62.579553481814415,77.29684156179573,64.29330094413915,39.52083333333333,81.00001336983581,0.20333769537074572,0.0297,0.1963597563700154,-0.30422032775845553,0.20333769537074572,0.6373985847266779,-0.1512951243054186,-0.22002103903492398,-0.22002103903492398,0.2879554053600429,0.2761043953303645,31.43157700498914,47.36349051904435,33.36790291657558,97.86172487526729,1304269098.3,60,341621932032.0,0.0297,0.044338488193378545,83.06681090693932,66.5313014482412,55.26626865823691,False,False,True,False,False,False,100.0,False,yahoo_finance,yahoo_finance_3m_average_volume,yahoo_finance,"bloomberg_database_as_of,finnhub_reported,yahoo_finance_timeseries",False,False,Equity,Active,narrative_review;ml_downside_tail_risk;ml_asymmetric_downside;,0.0,score_weighted,True,False,True,optimal,143,140,0.9500000000000002,0.9500000000000002,False,False,True,True,True
600919.SHG,600919.SHG,NAME:bankofjiangsucoltd,Bank of Jiangsu Co Ltd,China,Mainland China,Financials,CNY,Banks - Regional,0.0,0.0,Hold,62.44921702824754,62.44921702824754,91.84382879037629,82.91626398921386,56.77083333333333,86.28947834408092,0.35,0.048,0.1871767972311349,-0.1289974519189483,0.35,0.7615711609767548,0.012306394163054957,-0.053205484867842254,-0.053205484867842254,0.2513855946369891,0.27984203975930916,7.600783552548894,45.825613529604304,31.55884681333052,72.05987170349252,171350730.62383467,60,31518623133.498875,0.048,2.6347874842792445,42.50712758374911,79.9530431854181,75.20928291796571,False,False,True,False,False,False,100.0,False,yahoo_finance,observed_price_volume_fx,yahoo_finance,"bloomberg_database_as_of,eastmoney_china_financials,yahoo_finance_timeseries",False,False,Equity,Active,narrative_review;,0.0,score_weighted,True,False,True,optimal,143,140,0.9500000000000002,0.9500000000000002,False,False,True,True,True
601838.SHG,601838.SHG,NAME:bankofchengducoltd,Bank of Chengdu Co Ltd,China,Mainland China,Financials,CNY,Banks - Regional,0.0,0.0,Hold,62.387031147568955,62.387031147568955,91.9345272935837,80.02055615873272,48.77083333333333,81.00001336983581,0.35,0.0513,0.19327361026557502,-0.1554691055500972,0.35,0.7787102380380007,0.00022686510423097772,-0.06741889848872028,-0.06741889848872028,0.2869411501925447,0.30014511948118,9.631271212674326,50.08280648896549,33.104268861008144,53.59942979330007,58466879.24203597,60,11201255934.728626,0.0513,0.985118791267438,42.50712758374911,80.83638174359011,83.82820545912232,False,False,True,False,True,False,100.0,False,yahoo_finance,observed_price_volume_fx,yahoo_finance,"bloomberg_database_as_of,eastmoney_china_financials,yahoo_finance_timeseries",False,False,Equity,Active,alt_data_review;narrative_review;ml_drawdown_risk;,0.0,score_weighted,True,False,True,optimal,143,140,0.9500000000000002,0.9500000000000002,False,False,True,True,True
GILD.US,GILD.US,NAME:gileadsciencesinc,Gilead Sciences Inc,United States,US,Healthcare,USD,Drug Manufacturers - General,0.0,0.0,Hold,62.23565821383043,62.23565821383043,81.00435270229585,70.2304116478995,48.77083333333333,71.77379906466153,0.35,0.024900000000000002,0.27058446581729717,-0.37168014587814713,0.35,0.9584832423778362,-0.14044609399474323,-0.23515065703079724,-0.23515065703079724,0.27195540536004287,0.3240723471656587,33.59295100439961,52.036715730809085,47.13665179617943,96.65003563791873,1015085207.5200001,60,162471837696.0,0.024900000000000002,0.05820085581658195,69.07265953624048,75.03112221961493,61.650071361374614,False,False,True,False,True,False,100.0,False,yahoo_finance,yahoo_finance_3m_average_volume,yahoo_finance,"bloomberg_database_as_of,finnhub_reported,yahoo_finance_timeseries",False,False,Equity,Active,alt_data_review;narrative_review;ml_drawdown_risk;ml_downside_tail_risk;ml_asymmetric_downside;,0.0,score_weighted,True,False,True,optimal,143,140,0.9500000000000002,0.9500000000000002,False,False,True,True,True
TTE.US,TTE.US,NAME:totalenergiesseadr,TotalEnergies SE ADR,United States,US,Energy,USD,Oil & Gas Integrated,0.0,0.0,Hold,62.20919763399128,62.20919763399128,91.18460441910193,55.95364559487729,61.10416666666667,81.00001336983581,0.35,0.05,0.2418619239349577,-0.287395108412946,0.35,0.8898653446728464,-0.08788782465241596,-0.17253949802965113,-0.17253949802965113,0.2510258900406915,0.3208078506206353,24.64849971852159,50.53306915072592,41.71827050756132,68.3535281539558,131417420.28999999,60,191418925056.0,0.05,0.05427885459580543,70.65682264127493,56.25841289419165,47.60811479403898,False,False,True,False,False,False,100.0,False,yahoo_finance,yahoo_finance_3m_average_volume,yahoo_finance,"bloomberg_database_as_of,yahoo_finance_timeseries",False,False,Equity,Active,narrative_review;ml_drawdown_risk;ml_downside_tail_risk;ml_asymmetric_downside;,0.0,score_weighted,True,False,True,optimal,143,140,0.9500000000000002,0.9500000000000002,False,False,True,True,True
0823.HK,0823.HK,NAME:linkrealestateinvestmenttrust,Link Real Estate Investment Trust,Hong Kong,Hong Kong,Real Estate,HKD,REIT - Retail,0.0,0.0,Hold,62.14816391107803,62.14816391107803,92.79351109341948,63.832342187140384,74.32916666666668,86.28947834408092,0.35,0.0654,0.20071731532910267,-0.17052020455215766,0.35,0.7935034222169197,-0.01287117231758178,-0.08312223268276771,-0.08312223268276771,0.22695540536004288,0.315070364580877,11.874604668966816,48.57494850948811,34.16185291183129,51.033499643620814,51149523.46024388,60,12840771339.236797,0.0654,0.08351643288324657,72.87237941726544,72.32394912894821,66.64652497415327,False,False,True,False,False,False,100.0,False,yahoo_finance,observed_price_volume_fx,yahoo_finance,yahoo_finance_timeseries,False,False,Equity,Active,narrative_review;ml_drawdown_risk;,0.05,score_weighted,True,False,True,optimal,143,140,0.9500000000000002,0.9500000000000002,False,False,True,True,True
601998.SHG,601998.SHG,NAME:chinaciticbankcorpltdclassa,China Citic Bank Corp Ltd Class A,China,Mainland China,Financials,CNY,Banks - Regional,0.0,0.0,Hold,62.08638589413254,62.08638589413254,91.92846884739697,78.57487926836178,51.14583333333333,83.2973760420765,0.35,0.050499999999999996,0.21398996077102939,-0.20707106860735203,0.35,0.8245411521458177,-0.03686336545558594,-0.11175985172544622,-0.11175985172544622,0.2593855946369891,0.3005659803019774,15.965693103635175,48.64760666914296,36.55697222435322,57.377049180327866,73461832.71090469,60,61356409052.85562,0.050499999999999996,0.9798610790335772,42.50712758374911,85.29352337202795,76.53101642095834,False,False,True,False,False,False,100.0,False,yahoo_finance,observed_price_volume_fx,yahoo_finance,"bloomberg_database_as_of,eastmoney_china_financials,yahoo_finance_timeseries",False,False,Equity,Active,narrative_review;ml_drawdown_risk;ml_downside_tail_risk;ml_asymmetric_downside;,0.0,score_weighted,True,False,True,optimal,143,140,0.9500000000000002,0.9500000000000002,False,False,True,True,True
000538.SHE,000538.SHE,NAME:yunnanbaiyaogroupcoltd,Yunnan Baiyao Group Co Ltd,China,Mainland China,Healthcare,CNY,Drug Manufacturers - Specialty & Generic,0.0,0.0,Hold,62.0683123848469,62.0683123848469,84.73806032374841,50.61551909263403,74.32916666666668,86.71868425443364,0.35,0.031200000000000002,0.14120623907665739,-0.0039407340645410405,0.35,0.6567410126664244,0.09573101285073643,0.04630882917390635,0.04630882917390635,0.22695540536004288,0.267117370146783,0.0,43.041910690169566,23.412406113944204,58.51746258018532,79516452.49197762,60,13386716764.810217,0.031200000000000002,0.04565781259672897,95.68847056978876,55.05068725013675,48.413752748122484,False,False,True,False,False,False,100.0,False,yahoo_finance,observed_price_volume_fx,yahoo_finance,"bloomberg_database_as_of,eastmoney_china_financials,yahoo_finance_timeseries",False,False,Equity,Active,narrative_review;,0.05,score_weighted,True,False,True,optimal,143,140,0.9500000000000002,0.9500000000000002,False,False,True,True,True
2057.HK,2057.HK,NAME:ztoexpresscaymaninc,Zto Express Cayman Inc,Hong Kong,Hong Kong,Industrials,HKD,Integrated Freight & Logistics,0.0,0.0,Hold,61.979492524378145,61.979492524378145,80.34342971117444,49.61837149112631,52.77083333333333,73.98492652868289,0.35,0.028399999999999998,0.27498029594142476,-0.3902347495628241,0.35,0.9705276659873003,-0.14918637529907935,-0.24542947887857802,-0.24542947887857802,0.27195540536004287,0.3407523478866451,35.061354125511144,53.96133119861521,48.22098151657326,46.18674269422666,40284219.44580027,60,18033019278.588264,0.028399999999999998,0.04848796981325466,95.38146311606471,54.41172393798965,53.425466249974974,False,False,True,False,False,False,100.0,False,yahoo_finance,observed_price_volume_fx,yahoo_finance,"bloomberg_database_as_of,eastmoney_hk_financials,yahoo_finance_timeseries",False,False,Equity,Active,narrative_review;ml_drawdown_risk;ml_downside_tail_risk;ml_asymmetric_downside;ml_downside_skew;,0.0,score_weighted,True,False,True,optimal,143,140,0.9500000000000002,0.9500000000000002,False,False,True,True,True
000001.SHE,000001.SHE,NAME:pinganbankcoltd,Ping An Bank Co Ltd,China,Mainland China,Financials,CNY,Banks - Regional,0.0,0.0,Hold,61.967897455929574,61.967897455929574,93.63962351596433,83.5181618380037,34.60416666666667,86.71868425443364,0.35,0.0529,0.15721659687908787,-0.05149999870575306,0.35,0.6948289549722788,0.06634972505969544,0.011323916152014689,0.011323916152014689,0.29049670574810027,0.2628478996722762,0.0,45.97073411785266,26.447463766878393,72.77263007840342,179759218.654418,60,32096518992.55055,0.0529,1.446526505719069,42.50712758374911,83.83061238612993,76.74571033238814,False,False,True,False,False,False,100.0,False,yahoo_finance,observed_price_volume_fx,yahoo_finance,"bloomberg_database_as_of,eastmoney_china_financials,yahoo_finance_timeseries",False,False,Equity,Active,narrative_review;,0.0,score_weighted,True,False,True,optimal,143,140,0.9500000000000002,0.9500000000000002,False,False,True,True,True
DHL.XETRA,DHL.XETRA,NAME:deutschepostag,Deutsche Post AG,Germany,DACH,Industrials,EUR,Integrated Freight & Logistics,0.0,0.0,Watchlist,61.66460502842402,61.66460502842402,71.44203245165694,70.61089788039551,57.10416666666667,71.77379906466153,0.35,0.0342,0.26763467720700884,-0.3649367283706203,0.35,0.9519010947435821,-0.13529458469127653,-0.22896672171372962,-0.22896672171372962,0.26751096091559845,0.33042867250482094,32.70953167338995,52.530821646011574,46.66443723244904,66.00142551674982,116921871.84014766,60,69573369726.93408,0.0342,0.10491810311457235,50.92677787369319,68.13195260212939,64.4885240325729,False,False,True,False,False,False,100.0,False,yahoo_finance,yahoo_finance_3m_average_volume,yahoo_finance,"bloomberg_database_as_of,yahoo_finance_timeseries",False,False,Equity,Active,narrative_review;ml_drawdown_risk;ml_downside_tail_risk;ml_asymmetric_downside;,0.0,score_weighted,True,False,True,optimal,143,140,0.9500000000000002,0.9500000000000002,False,False,True,True,True
PSON.LSE,PSON.LSE,NAME:pearsonplc,Pearson PLC,United Kingdom,UK,Communication Services,GBX,Publishing,0.0,0.0,Hold,61.508259416440474,61.508259416440474,75.42773843378296,55.83557620047088,52.77083333333333,86.71868425443364,0.35,0.0207,0.2527921631485866,-0.3291124041132407,0.35,0.9188205177250868,-0.1090106044163428,-0.19748786151834813,-0.19748786151834813,0.27195540536004287,0.34313780392008425,28.212551645478307,54.23657612555048,44.22267228299459,42.19529579472559,31278848.683334667,60,9868237313.949463,0.0207,0.07145247920626771,69.50515106714931,73.06942572006949,57.93160250333091,False,False,True,False,False,False,100.0,False,yahoo_finance,yahoo_finance_3m_average_volume,yahoo_finance,"bloomberg_database_as_of,yahoo_finance_timeseries",False,False,Equity,Active,narrative_review;ml_drawdown_risk;ml_downside_tail_risk;ml_asymmetric_downside;ml_downside_skew;,0.0,score_weighted,True,False,True,optimal,143,140,0.9500000000000002,0.9500000000000002,False,False,True,True,True
CRH.US,CRH.US,NAME:crhplcadr,CRH PLC ADR,United States,US,Materials,USD,Building Materials,0.0,0.0,Hold,61.393209457272306,61.393209457272306,75.09426229508198,61.723075840893614,66.45416666666668,90.2262276750101,0.22120775702917808,0.015600000000000001,0.3284329767626673,-0.662055038094066,0.22120775702917808,0.9650300220152885,-0.3743358885585111,-0.48928743042544465,-0.48928743042544465,0.22695540536004288,0.3485477225460378,69.8982043464921,52.43772058239127,57.65858735722523,88.95224518888098,458729333.28,60,64971685888.0,0.015600000000000001,0.04481952346164738,56.44667180834898,58.56627634357362,54.775431024893045,False,False,True,False,False,False,100.0,False,yahoo_finance,yahoo_finance_3m_average_volume,yahoo_finance,"bloomberg_database_as_of,yahoo_finance_timeseries",False,False,Equity,Active,narrative_review;ml_drawdown_risk;ml_downside_tail_risk;ml_asymmetric_downside;ml_cvar_risk;ml_expected_shortfall_risk;,0.0,score_weighted,True,False,True,optimal,143,140,0.9500000000000002,0.9500000000000002,False,False,True,True,True
GD.US,GD.US,NAME:generaldynamicscorporation,General Dynamics Corporation,United States,US,Industrials,USD,Aerospace & Defense,0.0,0.0,Hold,61.29096490649445,61.29096490649445,78.19977606607998,61.026066117255404,56.77083333333333,73.98492652868289,0.130371613738052,0.0166,0.2181312490106416,-0.4327627051499536,0.130371613738052,0.6126568941924032,-0.2634832543705268,-0.33982919152425134,-0.33982919152425134,0.2363998498044873,0.2960737065410716,48.54702736060734,46.89157343651912,37.04626068509627,89.66500356379188,476054760.40000004,60,104683986944.0,0.0166,0.037818582531804416,75.53672100473898,54.53556939344962,59.30062267082646,False,False,True,False,False,False,100.0,False,yahoo_finance,yahoo_finance_3m_average_volume,yahoo_finance,"bloomberg_database_as_of,finnhub_reported,yahoo_finance_timeseries",False,False,Equity,Active,narrative_review;ml_downside_tail_risk;ml_asymmetric_downside;ml_cvar_risk;ml_expected_shortfall_risk;,0.0,score_weighted,True,False,True,optimal,143,140,0.9500000000000002,0.9500000000000002,False,False,True,True,True
BT-A.LSE,BT-A.LSE,NAME:btgroupplc,BT Group Plc,United Kingdom,UK,Communication Services,GBX,Telecom Services,0.0,0.0,Hold,61.266061131179896,61.266061131179896,85.42488740028331,63.53611035552534,61.10416666666667,86.71868425443364,0.35,0.0414,0.25636603298233357,-0.3495996041672802,0.35,0.9314436193239966,-0.11644068310284245,-0.2061687946466592,-0.2061687946466592,0.34876276397346456,0.3298777943975921,29.452684949522745,56.8423558752164,45.395993375471676,51.10477548111191,51412378.14521927,60,26033110802.24725,0.0414,0.0965620974245603,34.315198947360834,72.90689685028448,60.322091088080754,False,False,True,False,False,False,100.0,False,yahoo_finance,yahoo_finance_3m_average_volume,yahoo_finance,yahoo_finance_timeseries,False,False,Equity,Active,narrative_review;ml_drawdown_risk;ml_downside_tail_risk;ml_asymmetric_downside;ml_downside_skew;,0.0,score_weighted,True,False,True,optimal,143,140,0.9500000000000002,0.9500000000000002,False,False,True,True,True
TFC.US,TFC.US,NAME:truistfinancialcorp,Truist Financial Corp,United States,US,Financials,USD,Banks - Regional,0.0,0.0,Hold,61.2521151104196,61.2521151104196,87.94458303635066,77.11886952888747,56.77083333333333,86.71868425443364,0.35,0.0394,0.24198765161442604,-0.2846360201770942,0.35,0.8893085132566908,-0.08774895527308274,-0.17244463333813184,-0.17244463333813184,0.2513855946369891,0.31119282020587513,24.634947619733122,49.443011273438856,41.600765130852885,89.59372772630078,473968426.8,60,64245325824.0,0.0394,0.0893294559003714,42.50712758374911,76.06466852602641,69.13302911929361,False,False,True,False,False,False,100.0,False,yahoo_finance,yahoo_finance_3m_average_volume,yahoo_finance,"bloomberg_database_as_of,finnhub_reported,yahoo_finance_timeseries",False,False,Equity,Active,narrative_review;ml_drawdown_risk;ml_downside_tail_risk;ml_asymmetric_downside;,0.0,score_weighted,True,False,True,optimal,143,140,0.9500000000000002,0.9500000000000002,False,False,True,True,True
NOC.US,NOC.US,NAME:northropgrummancorporation,Northrop Grumman Corporation,United States,US,Industrials,USD,Aerospace & Defense,0.0,0.0,Hold,61.13060049518394,61.13060049518394,73.36085945880984,64.20332782227564,56.77083333333333,81.00001336983581,0.08390619888684149,0.0169,0.26150069465798104,-0.6126295586881408,0.08390619888684149,0.6705350592993542,-0.3902489515908852,-0.48177419472117855,-0.48177419472117855,0.2363998498044873,0.3438700712970248,68.82488496016836,52.40653860066755,45.47116867692218,91.23307198859587,550806586.76,60,80654860288.0,0.0169,0.04100186880482418,57.47648301108034,54.98067067914594,64.32597278210514,False,False,True,False,False,False,100.0,False,yahoo_finance,yahoo_finance_3m_average_volume,yahoo_finance,"bloomberg_database_as_of,finnhub_reported,yahoo_finance_timeseries",False,False,Equity,Active,narrative_review;ml_drawdown_risk;ml_downside_tail_risk;ml_cvar_risk;ml_expected_shortfall_risk;,0.0,score_weighted,True,False,True,optimal,143,140,0.9500000000000002,0.9500000000000002,False,False,True,True,True
ROP.SW,ROP.SW,NAME:rocheholdingag,Roche Holding AG,Switzerland,DACH,Healthcare,CHF,Drug Manufacturers - General,0.0,0.0,Watchlist,61.125470393838064,61.125470393838064,73.20750370671523,60.60476837533655,56.77083333333333,86.71868425443364,0.2529817866245293,0.0269,0.24402861412850024,-0.3801122434728256,0.2529817866245293,0.7948077833920612,-0.1877059207880732,-0.27311593573304827,-0.27311593573304827,0.2363998498044873,0.29803227115821235,39.01656224757832,47.117561661573816,41.63533343621844,88.31076265146115,445588429.51738656,60,362392398036.7437,0.0269,0.044409893236448596,72.56527594201349,70.12833113346537,52.70031571244718,False,False,True,False,False,False,100.0,False,yahoo_finance,yahoo_finance_3m_average_volume,yahoo_finance,"bloomberg_database_as_of,yahoo_finance_timeseries",False,False,Equity,Active,narrative_review;ml_downside_tail_risk;ml_asymmetric_downside;ml_cvar_risk;ml_expected_shortfall_risk;,0.0,score_weighted,True,False,True,optimal,143,140,0.9500000000000002,0.9500000000000002,False,False,True,True,True
BBVA.MC,BBVA.MC,NAME:bancobilbaovizcayaargentariasa,Banco Bilbao Vizcaya Argentaria SA,Spain,EU ex-DACH,Financials,EUR,Banks - Diversified,0.0,0.0,Hold,61.1205974658853,61.1205974658853,76.06484110019308,77.58005601946591,74.32916666666668,86.71868425443364,0.35,0.0379,0.299435750304878,-0.45020776915072735,0.35,1.0251157285138137,-0.19268427314120573,-0.29748678574791304,-0.29748678574791304,0.24194115019254464,0.3362814603766414,42.49811224970186,51.82930736151872,52.28065259510212,78.54597291518175,261278659.5618642,60,154583714726.42145,0.0379,0.09827877949700753,42.50712758374911,72.44818124556153,76.03567578721248,False,False,True,False,False,False,100.0,False,yahoo_finance,yahoo_finance_3m_average_volume,yahoo_finance,"bloomberg_database_as_of,yahoo_finance_timeseries",False,False,Equity,Active,narrative_review;ml_drawdown_risk;ml_downside_tail_risk;ml_asymmetric_downside;ml_cvar_risk;ml_expected_shortfall_risk;,0.0,score_weighted,True,False,True,optimal,143,140,0.9500000000000002,0.9500000000000002,False,False,True,True,True
MCD.US,MCD.US,NAME:mcdonaldscorporation,McDonald’s Corporation,United States,US,Consumer Discretionary,USD,Restaurants,0.0,0.0,Hold,60.94944044484538,60.94944044484538,85.4341794101504,61.44297027945134,45.4375,81.08624857805513,0.15950654804698258,0.027200000000000002,0.1810170697391202,-0.3111240945113155,0.15950654804698258,0.5600275826603845,-0.16779367346514698,-0.23114964787383907,-0.23114964787383907,0.3080120888319055,0.2806149822794133,33.0213782676913,48.96391812318874,30.870773944800334,97.7904490377762,1293195713.32,60,196284350464.0,0.027200000000000002,0.03661015248038312,52.19459398434194,67.29443417513664,54.95262662065011,False,False,True,False,True,False,100.0,False,yahoo_finance,yahoo_finance_3m_average_volume,yahoo_finance,"bloomberg_database_as_of,finnhub_reported,yahoo_finance_timeseries",False,False,Equity,Active,alt_data_review;narrative_review;ml_downside_tail_risk;ml_asymmetric_downside;,0.0,score_weighted,True,False,True,optimal,143,140,0.9500000000000002,0.9500000000000002,False,False,True,True,True
BNZL.LSE,BNZL.LSE,NAME:bunzlplc,Bunzl PLC,United Kingdom,UK,Consumer Staples,GBX,Food Distribution,0.0,0.0,Watchlist,60.87367997637883,60.87367997637883,71.33042461425293,64.4871437081108,52.77083333333333,86.71868425443364,0.35,0.0262,0.21534920211516803,-0.21494642921562335,0.35,0.8290034713508632,-0.03976684500683447,-0.11513906574714328,-0.11513906574714328,0.27195540536004287,0.3080458378901928,16.448437963877613,50.187503122101475,36.99417935429502,50.32074126870991,49048902.30849109,60,12106075522.539074,0.0262,0.093893845349203,53.36759851850991,72.34365289880957,64.49539277564293,False,False,True,False,False,False,100.0,False,yahoo_finance,yahoo_finance_3m_average_volume,yahoo_finance,"bloomberg_database_as_of,yahoo_finance_timeseries",False,False,Equity,Active,narrative_review;ml_drawdown_risk;ml_downside_tail_risk;ml_asymmetric_downside;,0.0,score_weighted,True,False,True,optimal,143,140,0.9500000000000002,0.9500000000000002,False,False,True,True,True
PM.US,PM.US,NAME:philipmorrisinternationalinc,Philip Morris International Inc,United States,US,Consumer Staples,USD,Tobacco,0.0,0.0,Watchlist,60.854786757729535,60.854786757729535,73.7093504712754,57.95871222295934,68.97916666666667,73.98492652868289,0.34712354849384447,0.0311,0.27903303472583907,-0.41389034019570875,0.34712354849384447,0.9809905127226164,-0.16025711111875635,-0.25791867327280005,-0.25791867327280005,0.3348479723469481,0.33001468015151547,36.84552475325715,56.10889237462591,49.43002765049462,96.2223806129722,964955068.75,60,293097242624.0,0.0311,0.03638382915011015,65.98013782708922,66.50384094461353,46.626765601897894,False,False,True,False,False,False,100.0,False,yahoo_finance,yahoo_finance_3m_average_volume,yahoo_finance,"bloomberg_database_as_of,finnhub_reported,yahoo_finance_timeseries",False,False,Equity,Active,narrative_review;ml_drawdown_risk;ml_downside_tail_risk;ml_asymmetric_downside;ml_cvar_risk;ml_expected_shortfall_risk;ml_downside_skew;,0.0,score_weighted,True,False,True,optimal,143,140,0.9500000000000002,0.9500000000000002,False,False,True,True,True
AZN.LSE,AZN.LSE,NAME:astrazenecaplc,AstraZeneca PLC,United Kingdom,UK,Healthcare,GBX,Drug Manufacturers - General,0.0,0.0,Watchlist,60.79496963374515,60.79496963374515,74.87845606836676,56.438173366600466,76.95416666666668,86.28947834408092,0.2255925422006339,0.0199,0.2607451820752,-0.4565033484305591,0.2255925422006339,0.8068907319419014,-0.24577614724322588,-0.3370369609695459,-0.3370369609695459,0.22695540536004288,0.31445359436582393,48.1481372813637,48.50378271544351,44.77056531074097,87.9543834640057,437624013.17996645,60,249375608573.63474,0.0199,0.03476683244841066,68.9095914086054,59.84600635581247,51.43622285579973,False,False,True,False,False,False,100.0,False,yahoo_finance,yahoo_finance_3m_average_volume,yahoo_finance,"bloomberg_database_as_of,yahoo_finance_timeseries",False,False,Equity,Active,narrative_review;ml_drawdown_risk;ml_downside_tail_risk;ml_asymmetric_downside;ml_cvar_risk;ml_expected_shortfall_risk;,0.0,score_weighted,True,False,True,optimal,143,140,0.9500000000000002,0.9500000000000002,False,False,True,True,True
NXT.LSE,NXT.LSE,NAME:nextplc,Next PLC,United Kingdom,UK,Consumer Discretionary,GBX,Apparel Retail,0.0,0.0,Hold,60.70233449694844,60.70233449694844,75.74769831435388,59.04840522822532,28.770833333333332,83.2973760420765,0.137122032306776,0.0171,0.2332408259421857,-0.479683091984646,0.137122032306776,0.6583469812719659,-0.28538312914458913,-0.36701741822435413,-0.36701741822435413,0.2799554053600429,0.3139021582279618,52.4310597463363,51.294001622613294,40.32807380679024,57.733428367783326,75468025.26825891,60,23897556716.45765,0.0171,0.060051096973901895,73.54492501676239,69.54958457713653,61.704332624376605,False,False,True,False,False,False,100.0,False,yahoo_finance,yahoo_finance_3m_average_volume,yahoo_finance,"bloomberg_database_as_of,yahoo_finance_timeseries",False,False,Equity,Active,narrative_review;ml_drawdown_risk;ml_downside_tail_risk;ml_asymmetric_downside;ml_cvar_risk;ml_expected_shortfall_risk;,0.0,score_weighted,True,False,True,optimal,143,140,0.9500000000000002,0.9500000000000002,False,False,True,True,True
SCHP.SW,SCHP.SW,NAME:schindlerps,Schindler Ps,Switzerland,DACH,Industrials,CHF,Specialty Industrial Machinery,0.0,0.0,Watchlist,60.66273525643732,60.66273525643732,69.78318366351434,50.89522222218526,48.77083333333333,86.71868425443364,0.1880194910129687,0.0229,0.19196045249785107,-0.31393932602510566,0.1880194910129687,0.6135400011642299,-0.15943140633295957,-0.22661756470720745,-0.22661756470720745,0.27195540536004287,0.3085658668397467,32.37393781531535,50.24750646243462,32.866842133731254,45.1176051318603,37976402.736808605,60,34473767596.47984,0.0229,0.04938749257001693,97.93098979046883,64.7368947406969,57.41980812081441,False,False,True,False,True,False,100.0,False,yahoo_finance,yahoo_finance_3m_average_volume,yahoo_finance,"bloomberg_database_as_of,yahoo_finance_timeseries",False,False,Equity,Active,alt_data_review;narrative_review;ml_drawdown_risk;ml_downside_tail_risk;ml_asymmetric_downside;,0.0,score_weighted,True,False,True,optimal,143,140,0.9500000000000002,0.9500000000000002,False,False,True,True,True
MDT.US,MDT.US,NAME:medtronicplc,Medtronic PLC,United States,US,Healthcare,USD,Medical Devices,0.0,0.0,Hold,60.48802727215834,60.48802727215834,84.04230708575986,64.76631943904417,35.6875,83.2973760420765,0.11784615621248068,0.0335,0.23570745811688396,-0.5130983780807779,0.11784615621248068,0.6474059701848243,-0.309864544881532,-0.39236215522244133,-0.39236215522244133,0.31593762758226507,0.3166859137445559,56.051736460348764,53.55270845572456,41.12448880725068,95.15324305060584,833246832.96,60,109981483008.0,0.0335,0.049335577695431836,53.97941837293476,69.69904916283997,54.23510064754909,False,False,True,False,False,False,100.0,False,yahoo_finance,yahoo_finance_3m_average_volume,yahoo_finance,"bloomberg_database_as_of,finnhub_reported,yahoo_finance_timeseries",False,False,Equity,Active,narrative_review;ml_drawdown_risk;ml_downside_tail_risk;ml_cvar_risk;ml_expected_shortfall_risk;,0.0,score_weighted,True,False,True,optimal,143,140,0.9500000000000002,0.9500000000000002,False,False,True,True,True
FITB.US,FITB.US,NAME:fifththirdbancorp,Fifth Third Bancorp,United States,US,Financials,USD,Banks - Regional,0.0,0.0,Hold,60.480443510259214,60.480443510259214,83.04419101924447,72.2719900827976,61.10416666666667,90.2262276750101,0.35,0.0278,0.2633128216905774,-0.344583954698636,0.35,0.9391242966185098,-0.12655915165226483,-0.21871863924396692,-0.21871863924396692,0.24694115019254465,0.3187265634470517,31.245519891995276,50.072973100412206,45.49043326891952,85.53100498930863,391907640.96,60,51656597504.0,0.0278,0.0736595165739548,42.50712758374911,77.00942158267019,66.03727132912138,False,False,True,False,False,False,100.0,False,yahoo_finance,yahoo_finance_3m_average_volume,yahoo_finance,"bloomberg_database_as_of,finnhub_reported,yahoo_finance_timeseries",False,False,Equity,Active,narrative_review;ml_drawdown_risk;ml_downside_tail_risk;ml_asymmetric_downside;,0.0,score_weighted,True,False,True,optimal,143,140,0.9500000000000002,0.9500000000000002,False,False,True,True,True
GSK.LSE,GSK.LSE,NAME:gskplc,GSK plc,United Kingdom,UK,Healthcare,GBX,Drug Manufacturers - General,0.0,0.0,Watchlist,60.46127395301501,60.46127395301501,82.27350239766112,59.411219501485895,36.35416666666667,81.00001336983581,0.32815821760079844,0.0355,0.24759657058217274,-0.3202332441974749,0.32815821760079844,0.8798214389752111,-0.11961225185905622,-0.20627105156281667,-0.20627105156281667,0.2399554053600429,0.31308576889394574,29.467293080402385,49.04595669945759,42.526023672363614,75.33856022808268,213389490.74074075,60,104334456703.14455,0.0355,0.06157444006746548,68.588393068316,70.78274592112979,46.43914257323025,False,False,True,False,False,False,100.0,False,yahoo_finance,yahoo_finance_3m_average_volume,yahoo_finance,"bloomberg_database_as_of,yahoo_finance_timeseries",False,False,Equity,Active,narrative_review;ml_drawdown_risk;ml_downside_tail_risk;ml_asymmetric_downside;,0.0,score_weighted,True,False,True,optimal,143,140,0.9500000000000002,0.9500000000000002,False,False,True,True,True
600009.SHG,600009.SHG,NAME:shanghaiinternationalairportcoltd,Shanghai International Airport Co Ltd,China,Mainland China,Industrials,CNY,Airports & Air Services,0.0,0.0,Watchlist,60.412307196702386,60.412307196702386,76.33743949651328,56.6970072945949,51.14583333333333,86.71868425443364,0.2671577933523996,0.0196,0.19587841914437712,-0.24444163000986224,0.2671577933523996,0.7010007151543787,-0.08737254332047478,-0.15592999002100677,-0.15592999002100677,0.24484351116516773,0.3202301529032458,22.275712860143827,50.13351439772969,33.503392899574976,49.53670705630791,46985098.0702444,60,8775445098.734776,0.0196,0.07903308376199428,68.55533818438165,73.44971136004068,49.89492156464037,False,False,True,False,False,False,100.0,False,yahoo_finance,observed_price_volume_fx,yahoo_finance,"bloomberg_database_as_of,eastmoney_china_financials,yahoo_finance_timeseries",False,False,Equity,Active,narrative_review;ml_drawdown_risk;ml_downside_tail_risk;ml_asymmetric_downside;,0.0,score_weighted,True,False,True,optimal,143,140,0.9500000000000002,0.9500000000000002,False,False,True,True,True
MTB.US,MTB.US,NAME:mtbankcorporation,M&T Bank Corporation,United States,US,Financials,USD,Banks - Regional,0.0,0.0,Hold,60.39441947678533,60.39441947678533,84.62562366357804,71.68466615707193,61.10416666666667,86.71868425443364,0.35,0.023799999999999998,0.21942857540563665,-0.21756360168528477,0.35,0.8356757923939707,-0.04626806034690378,-0.1230680617388766,-0.1230680617388766,0.24694115019254465,0.29350239832262065,17.581151676982373,47.16249250913171,37.3233687042202,80.25659301496792,280242598.02,60,36124282880.0,0.023799999999999998,0.07917112180470225,42.50712758374911,78.11726558970922,66.24292153216967,False,False,True,False,False,False,100.0,False,yahoo_finance,yahoo_finance_3m_average_volume,yahoo_finance,"bloomberg_database_as_of,finnhub_reported,yahoo_finance_timeseries",False,False,Equity,Active,narrative_review;ml_downside_tail_risk;ml_asymmetric_downside;,0.0,score_weighted,True,False,True,optimal,143,140,0.9500000000000002,0.9500000000000002,False,False,True,True,True
CFR.SW,CFR.SW,NAME:compagniefinancirerichemontsa,Compagnie Financière Richemont SA,Switzerland,DACH,Consumer Discretionary,CHF,Luxury Goods,0.0,0.0,Watchlist,60.11309673927071,60.11309673927071,65.26954709311576,54.30349091641837,57.10416666666667,86.71868425443364,0.14004968895098974,0.0167,0.2990754305063461,-0.6680554831540555,0.14004968895098974,0.8173011116442921,-0.40292036340755816,-0.5075967640847793,-0.5075967640847793,0.26751096091559845,0.34355659670028205,72.51382344068276,54.04558213010323,52.636192831894796,77.26300784034213,240683234.66053048,60,141442162969.8535,0.0167,0.031010324792752803,87.85275808968493,61.22967028573276,56.924544864545325,False,False,True,False,False,False,100.0,False,yahoo_finance,yahoo_finance_3m_average_volume,yahoo_finance,"bloomberg_database_as_of,yahoo_finance_timeseries",False,False,Equity,Active,narrative_review;ml_drawdown_risk;ml_downside_tail_risk;ml_asymmetric_downside;ml_cvar_risk;ml_expected_shortfall_risk;ml_downside_skew;,0.0,score_weighted,True,False,True,optimal,143,140,0.9500000000000002,0.9500000000000002,False,False,True,True,True
BN.PA,BN.PA,NAME:danonesa,Danone SA,France,EU ex-DACH,Consumer Staples,EUR,Packaged Foods,0.0,0.0,Watchlist,59.97413501253245,59.97413501253245,62.94123579770973,64.01339788833889,68.52083333333333,81.44223886264008,0.3401701179369665,0.0331,0.22883724319405405,-0.2740475680029346,0.3401701179369665,0.8546666709690997,-0.07528414678595063,-0.15537718190386957,-0.15537718190386957,0.33252632047070413,0.3146943655621596,22.19674027198137,54.21615174405633,39.997951025829636,68.13970064148253,130740248.39088184,60,49975894154.77154,0.0331,0.06291412161020932,49.270098000224934,69.25589731303864,64.83208886536902,False,False,True,False,False,False,100.0,False,yahoo_finance,yahoo_finance_3m_average_volume,yahoo_finance,"bloomberg_database_as_of,yahoo_finance_timeseries",False,False,Equity,Active,narrative_review;ml_drawdown_risk;ml_downside_tail_risk;ml_asymmetric_downside;ml_downside_skew;,0.0,score_weighted,True,False,True,optimal,143,140,0.9500000000000002,0.9500000000000002,False,False,True,True,True
ADM.US,ADM.US,NAME:archerdanielsmidlandcompany,Archer-Daniels-Midland Company,United States,US,Consumer Staples,USD,Farm Products,0.0,0.0,Hold,59.951823465579984,59.951823465579984,73.47503115552345,74.46333051574642,55.4375,81.00001336983581,0.3111074618922137,0.0268,0.2697762504920666,-0.4063913758865889,0.3111074618922137,0.917354521476823,-0.17759213665915985,-0.27201382433138316,-0.27201382433138316,0.2820415783958841,0.3132508459429786,38.859117761626166,51.331182599352815,46.909236851309444,80.61297220242338,285909354.27000004,60,37356687360.0,0.0268,0.11253674501399902,44.17259975658919,57.83788473646987,61.617050633524556,False,False,True,False,True,False,100.0,False,yahoo_finance,yahoo_finance_3m_average_volume,yahoo_finance,"bloomberg_database_as_of,finnhub_reported,yahoo_finance_timeseries",False,False,Equity,Active,alt_data_review;narrative_review;ml_drawdown_risk;ml_downside_tail_risk;ml_asymmetric_downside;ml_cvar_risk;ml_expected_shortfall_risk;,0.0,score_weighted,True,False,True,optimal,143,140,0.9500000000000002,0.9500000000000002,False,False,True,True,True
LMT.US,LMT.US,NAME:lockheedmartincorporation,Lockheed Martin Corporation,United States,US,Industrials,USD,Aerospace & Defense,0.0,0.0,Hold,59.94467760952064,59.94467760952064,78.41075254505361,67.32223468600837,57.10416666666667,90.2262276750101,0.06554096693575351,0.0239,0.27195736661425507,-0.6611578810202451,0.06554096693575351,0.677771087565081,-0.4274855640016659,-0.5226706423166552,-0.5226706423166552,0.28268558597398913,0.3213409101439061,74.66723461666503,52.29932887674241,47.447275371766935,94.51176051318603,747649671.8000001,60,134516383744.0,0.0239,0.05135433920931677,42.41268747080467,65.55133434945122,60.66204106398483,False,False,True,False,False,False,100.0,False,yahoo_finance,yahoo_finance_3m_average_volume,yahoo_finance,"bloomberg_database_as_of,finnhub_reported,yahoo_finance_timeseries",False,False,Equity,Active,narrative_review;ml_drawdown_risk;ml_downside_tail_risk;ml_cvar_risk;ml_expected_shortfall_risk;,0.0,score_weighted,True,False,True,optimal,143,140,0.9500000000000002,0.9500000000000002,False,False,True,True,True
CCEP.US,CCEP.US,NAME:cocacolaeuropeanpartnersplc,Coca-Cola European Partners PLC,United States,US,Consumer Staples,USD,Beverages - Non-Alcoholic,0.0,0.0,Watchlist,59.94113933663644,59.94113933663644,71.36722645131817,62.57267938475485,64.97916666666667,81.44223886264008,0.18537203708823055,0.0222,0.23555346031232133,-0.4348793567675857,0.18537203708823055,0.7109482490239641,-0.2410325669790552,-0.32347627808836765,-0.32347627808836765,0.26751096091559845,0.31185481759443107,46.21089686976681,50.38768454096657,40.60439292609081,75.83749109052032,219162408.75,60,47866884096.0,0.0222,0.0483000298054027,51.184484094881626,63.58983787374467,65.09412315815305,False,False,True,False,False,False,100.0,False,yahoo_finance,yahoo_finance_3m_average_volume,yahoo_finance,"bloomberg_database_as_of,yahoo_finance_timeseries",False,False,Equity,Active,narrative_review;ml_drawdown_risk;ml_downside_tail_risk;ml_asymmetric_downside;ml_cvar_risk;ml_expected_shortfall_risk;,0.0,score_weighted,True,False,True,optimal,143,140,0.9500000000000002,0.9500000000000002,False,False,True,True,True
AFL.US,AFL.US,NAME:aflacincorporated,Aflac Incorporated,United States,US,Financials,USD,Insurance - Life,0.0,0.0,Hold,59.70517968588461,59.70517968588461,84.56539558089807,62.48896758466043,35.6875,81.44223886264008,0.08830007711256632,0.0194,0.1689577109906914,-0.3397049536037766,0.08830007711256632,0.45803800012507356,-0.2161414972833995,-0.2752766961301415,-0.2752766961301415,0.26160781685921136,0.2599534266165098,39.32524230430593,44.081200902016356,28.26940822816873,81.53955808980756,302171242.08,60,64468029440.0,0.0194,0.03963204742248129,42.50712758374911,57.93284406081847,68.87694027345196,False,False,True,False,False,False,100.0,False,yahoo_finance,yahoo_finance_3m_average_volume,yahoo_finance,"bloomberg_database_as_of,finnhub_reported,yahoo_finance_timeseries",False,False,Equity,Active,narrative_review;ml_downside_tail_risk;ml_cvar_risk;ml_expected_shortfall_risk;,0.0,score_weighted,True,False,True,optimal,143,140,0.9500000000000002,0.9500000000000002,False,False,True,True,True
ESSITY-B.ST,ESSITY-B.ST,NAME:essityabpubl,Essity AB (publ),Sweden,EU ex-DACH,Consumer Staples,SEK,Household & Personal Products,0.0,0.0,Watchlist,59.651235370231646,59.651235370231646,74.28733224646679,50.31778943781364,71.6625,81.00001336983581,0.35,0.031,0.1838830498208879,-0.12013707570428633,0.35,0.7536718390275114,0.01817459613519662,-0.046184471302114144,-0.046184471302114144,0.22028873869337623,0.2963541177081595,6.597781614587735,46.05640720366174,30.964937776639275,46.115466856735566,39872604.4658575,60,19620400402.730167,0.031,0.044680392107003135,74.01502346979734,54.034340006776134,59.26251620253037,False,False,True,False,False,False,100.0,False,yahoo_finance,yahoo_finance_3m_average_volume,yahoo_finance,yahoo_finance_timeseries,False,False,Equity,Active,narrative_review;,0.05,score_weighted,True,False,True,optimal,143,140,0.9500000000000002,0.9500000000000002,False,False,True,True,True
601009.SHG,601009.SHG,NAME:bankofnanjingcoltd,Bank of Nanjing Co Ltd,China,Mainland China,Financials,CNY,Banks - Regional,0.0,0.0,Hold,59.650218560038695,59.650218560038695,91.12946670912186,74.50393634226668,57.10416666666667,73.98492652868289,0.35,0.046900000000000004,0.20734438287020862,-0.19410125003900291,0.35,0.811019302135966,-0.025335007448117675,-0.09790554145269069,-0.09790554145269069,0.28249670574810026,0.30504965745498996,13.986505921812956,50.40939847739656,35.61819389960344,59.37277263007841,83024657.45245959,60,20485334922.549366,0.046900000000000004,1.5163774330301862,42.50712758374911,85.27531792453831,62.405096605641276,False,False,True,False,False,False,100.0,False,yahoo_finance,observed_price_volume_fx,yahoo_finance,"bloomberg_database_as_of,eastmoney_china_financials,yahoo_finance_timeseries",False,False,Equity,Active,narrative_review;ml_drawdown_risk;,0.0,score_weighted,True,False,True,optimal,143,140,0.9500000000000002,0.9500000000000002,False,False,True,True,True
PRU.LSE,PRU.LSE,NAME:prudentialplc,Prudential plc,United Kingdom,UK,Financials,GBX,Insurance - Life,0.0,0.0,Hold,59.553234604089575,59.553234604089575,75.45749609593548,63.08310896912462,56.77083333333333,81.44223886264008,0.35,0.0192,0.2551419611756844,-0.328939887086637,0.35,0.9220823294822698,-0.11255287771038086,-0.2018525641218704,-0.2018525641218704,0.2513855946369891,0.33550375799808874,28.83608058883863,52.24811948023272,44.332146811685384,66.9992872416251,123750054.51713395,60,34004011651.622864,0.0192,0.0689918596674765,42.50712758374911,50.99210406031835,58.803791637678145,False,False,True,False,False,False,100.0,False,yahoo_finance,yahoo_finance_3m_average_volume,yahoo_finance,"bloomberg_database_as_of,yahoo_finance_timeseries",False,False,Equity,Active,narrative_review;ml_drawdown_risk;ml_downside_tail_risk;ml_asymmetric_downside;,0.0,score_weighted,True,False,True,optimal,143,140,0.9500000000000002,0.9500000000000002,False,False,True,True,True
600030.SHG,600030.SHG,NAME:citicsecuritiescoltd,CITIC Securities Co Ltd,China,Mainland China,Financials,CNY,Capital Markets,0.0,0.0,Hold,59.5438594838064,59.5438594838064,81.4587610783307,78.15135432548252,57.10416666666667,90.2262276750101,0.35,0.025099999999999997,0.2527064653881454,-0.318486212775258,0.35,0.9159311778562665,-0.10754852678988047,-0.19599578967573134,-0.19599578967573134,0.28249670574810026,0.3074765089481589,27.99939852510448,50.68941980353143,43.743725941544945,94.6543121881682,760795522.8401995,60,61226540134.799576,0.025099999999999997,0.17593162915063013,42.50712758374911,82.48534381089287,52.77741598340695,False,False,True,False,False,False,100.0,False,yahoo_finance,observed_price_volume_fx,yahoo_finance,"bloomberg_database_as_of,eastmoney_china_financials,yahoo_finance_timeseries",False,False,Equity,Active,narrative_review;ml_drawdown_risk;ml_downside_tail_risk;ml_asymmetric_downside;,0.0,score_weighted,True,False,True,optimal,143,140,0.9500000000000002,0.9500000000000002,False,False,True,True,True
601328.SHG,601328.SHG,NAME:bankofcommunicationsco,Bank of Communications Co,China,Mainland China,Financials,CNY,Banks - Diversified,0.0,0.0,Hold,59.51530467584774,59.51530467584774,91.59685801346967,79.04080391033669,28.770833333333332,86.28947834408092,0.3013024434205094,0.046799999999999994,0.1817180373544555,-0.16864595659996562,0.3013024434205094,0.7025487840167393,-0.02701106282704646,-0.09061237590110588,-0.09061237590110588,0.2949411501925447,0.27744357799631225,12.944625128729411,47.894167086865366,30.872299972828362,74.62580185317177,203476299.1256622,60,90249753851.24748,0.046799999999999994,0.1466971105226369,42.50712758374911,76.14005169153293,75.05192523409508,False,False,True,False,False,False,100.0,False,yahoo_finance,observed_price_volume_fx,yahoo_finance,"bloomberg_database_as_of,eastmoney_china_financials,yahoo_finance_timeseries",False,False,Equity,Active,narrative_review;,0.0,score_weighted,True,False,True,optimal,143,140,0.9500000000000002,0.9500000000000002,False,False,True,True,True
RHHBY.US,RHHBY.US,NAME:rocheholdingltdadr,Roche Holding Ltd ADR,United States,US,Healthcare,USD,Drug Manufacturers - General,0.0,0.0,Watchlist,59.39670028732961,59.39670028732961,81.04872191113407,52.44842208281453,52.77083333333333,84.07541813822725,0.15166114279963336,0.0275,0.28635792382454106,-0.617386078080724,0.15166114279963336,0.7980893795989938,-0.3677992051260629,-0.4680244784646523,-0.4680244784646523,0.27195540536004287,0.33293456694273404,66.86063978066463,53.05927955124086,50.15983326842739,66.57163221667855,120198520.02000001,60,358034702336.0,0.0275,0.04495041291111785,72.56527594201349,71.36328497050349,47.31725116014415,False,False,True,False,False,False,100.0,False,yahoo_finance,yahoo_finance_3m_average_volume,yahoo_finance,"bloomberg_database_as_of,yahoo_finance_timeseries",False,False,Equity,Active,narrative_review;ml_drawdown_risk;ml_downside_tail_risk;ml_asymmetric_downside;ml_cvar_risk;ml_expected_shortfall_risk;,0.0,score_weighted,True,False,True,optimal,143,140,0.9500000000000002,0.9500000000000002,False,False,True,True,True
A5G.IR,A5G.IR,NAME:aibgroupplc,AIB Group PLC,Ireland,EU ex-DACH,Financials,EUR,Banks - Regional,0.0,0.0,Hold,59.37713934870336,59.37713934870336,84.32945264687875,78.4054861469235,23.270833333333332,86.28947834408092,0.35,0.061,0.2513952203145845,-0.32129514462020625,0.35,0.9150069803844316,-0.10584760300026336,-0.19383593011036793,-0.19383593011036793,0.3029411501925447,0.3146718766415104,27.690847158623992,52.6205092382344,43.8105147801629,54.59729151817534,62995132.2040077,60,26181916542.304142,0.061,0.3645026089586021,42.50712758374911,82.6405314429187,82.20730488572178,False,False,True,False,True,False,100.0,False,yahoo_finance,yahoo_finance_3m_average_volume,yahoo_finance,yahoo_finance_timeseries,False,False,Equity,Active,alt_data_review;narrative_review;ml_drawdown_risk;ml_downside_tail_risk;ml_asymmetric_downside;,0.0,score_weighted,True,False,True,optimal,143,140,0.9500000000000002,0.9500000000000002,False,False,True,True,True
G1A.XETRA,G1A.XETRA,NAME:geagroup,GEA GROUP,Germany,DACH,Industrials,EUR,Specialty Industrial Machinery,0.0,0.0,Watchlist,59.23210742936409,59.23210742936409,66.823536371828,49.14129416727144,61.10416666666667,81.44223886264008,0.21993178448478296,0.0202,0.22786201259836378,-0.37555836175064133,0.21993178448478296,0.7261478360852687,-0.1922445701545787,-0.271996274564006,-0.271996274564006,0.2319554053600429,0.31928315458605594,38.85661065200085,49.3302704331626,39.040874141914244,41.19743406985032,29521883.32327041,60,11888205930.668367,0.0202,0.04626531082599624,89.71732415266958,58.659864984879725,58.619765230998524,False,False,True,False,False,False,100.0,False,yahoo_finance,yahoo_finance_3m_average_volume,yahoo_finance,"bloomberg_database_as_of,yahoo_finance_timeseries",False,False,Equity,Active,narrative_review;ml_drawdown_risk;ml_downside_tail_risk;ml_asymmetric_downside;ml_cvar_risk;ml_expected_shortfall_risk;,0.0,score_weighted,True,False,True,optimal,143,140,0.9500000000000002,0.9500000000000002,False,False,True,True,True
0005.HK,0005.HK,NAME:hsbcholdingsplc,HSBC Holdings PLC,Hong Kong,Hong Kong,Financials,HKD,Banks - Diversified,0.0,0.0,Hold,59.07623430701032,59.07623430701032,84.22615542699042,70.06726468674252,56.77083333333333,71.77379906466153,0.35,0.036699999999999997,0.2685018753240877,-0.36690342033298107,0.35,0.9535083612018553,-0.13689352647099956,-0.23086918283443025,-0.23086918283443025,0.2513855946369891,0.33818515585950243,32.98131183349004,52.55751154116506,46.79108666145514,80.93371347113329,289566144.3636638,60,350458388059.8841,0.036699999999999997,0.07163475281325045,42.50712758374911,75.69011583704702,64.89028073617709,False,False,True,False,False,False,100.0,False,yahoo_finance,observed_price_volume_fx,yahoo_finance,"bloomberg_database_as_of,yahoo_finance_timeseries",False,False,Equity,Active,narrative_review;ml_drawdown_risk;ml_downside_tail_risk;ml_asymmetric_downside;,0.0,score_weighted,True,False,True,optimal,143,140,0.9500000000000002,0.9500000000000002,False,False,True,True,True
SREN.SW,SREN.SW,NAME:swissreag,Swiss Re AG,Switzerland,DACH,Financials,CHF,Insurance - Reinsurance,0.0,0.0,Watchlist,59.05133735263043,59.05133735263043,80.36548172430534,63.77130444818963,55.47916666666667,81.00001336983581,0.35,0.045899999999999996,0.21548664997335762,-0.21394722854257697,0.35,0.8286865323276018,-0.03991936952774039,-0.11533969701841555,-0.11533969701841555,0.25494115019254465,0.3128185894315307,16.477099574059366,49.822053021698245,36.947539656399464,70.91945830363507,158702746.294415,60,48966158181.6624,0.045899999999999996,0.06267594015879577,42.50712758374911,52.670089695603,61.90029557236545,False,False,True,False,False,False,100.0,False,yahoo_finance,yahoo_finance_3m_average_volume,yahoo_finance,"bloomberg_database_as_of,yahoo_finance_timeseries",False,False,Equity,Active,narrative_review;ml_drawdown_risk;ml_downside_tail_risk;ml_asymmetric_downside;,0.0,score_weighted,True,False,True,optimal,143,140,0.9500000000000002,0.9500000000000002,False,False,True,True,True
BDX.US,BDX.US,NAME:bectondickinsonandcompany,Becton Dickinson and Company,United States,US,Healthcare,USD,Medical Instruments & Supplies,0.0,0.0,Watchlist,59.05041763702705,59.05041763702705,80.84950594534646,64.2350757162716,56.77083333333333,71.77379906466153,0.18481554115187857,0.0246,0.2699320419780387,-0.5498831240762182,0.18481554115187857,0.7970750602348166,-0.3059439890289304,-0.40042020372124393,-0.40042020372124393,0.3363684681982433,0.3278260190047288,57.202886245891996,55.93822740352795,47.73180458765173,89.09479686386315,462145794.27,60,48789942272.0,0.0246,0.054744889532957225,37.09769241732703,68.6438798352805,53.13473420207525,False,False,True,False,False,False,100.0,False,yahoo_finance,yahoo_finance_3m_average_volume,yahoo_finance,"bloomberg_database_as_of,finnhub_reported,yahoo_finance_timeseries",False,False,Equity,Active,narrative_review;ml_drawdown_risk;ml_downside_tail_risk;ml_asymmetric_downside;ml_cvar_risk;ml_expected_shortfall_risk;ml_downside_skew;,0.0,score_weighted,True,False,True,optimal,143,140,0.9500000000000002,0.9500000000000002,False,False,True,True,True
GEBN.SW,GEBN.SW,NAME:geberitag,Geberit AG,Switzerland,DACH,Industrials,CHF,Building Products & Equipment,0.0,0.0,Watchlist,59.03190279495854,59.03190279495854,70.57398908047799,46.97905245683434,77.1875,90.2262276750101,0.1803725767201583,0.022799999999999997,0.2042329391936711,-0.35468226562329286,0.1803725767201583,0.6340849509650748,-0.18925608540123964,-0.2607376141190245,-0.2607376141190245,0.2823109360267096,0.30287796005364187,37.24823058843207,50.14881502301227,35.03868502719163,53.95580898075553,59831980.024724305,60,22649484770.076252,0.022799999999999997,0.0381559553367403,83.83552506140187,69.57189272107979,49.48907564797594,False,False,True,False,False,False,100.0,False,yahoo_finance,yahoo_finance_3m_average_volume,yahoo_finance,"bloomberg_database_as_of,yahoo_finance_timeseries",False,False,Equity,Active,narrative_review;ml_drawdown_risk;ml_downside_tail_risk;ml_asymmetric_downside;ml_cvar_risk;ml_expected_shortfall_risk;,0.0,score_weighted,True,False,True,optimal,143,140,0.9500000000000002,0.9500000000000002,False,False,True,True,True
RIO.LSE,RIO.LSE,NAME:riotintoplc,Rio Tinto PLC,United Kingdom,UK,Materials,GBX,Other Industrial Metals & Mining,0.0,0.0,Watchlist,58.860808107239286,58.860808107239286,85.3901404295064,49.30061556951661,56.77083333333333,86.28947834408092,0.3330475432191501,0.0467,0.2709669628447454,-0.4054782704061225,0.3330475432191501,0.9480169221717037,-0.15970137564931297,-0.25453981264497383,-0.25453981264497383,0.3373896191183573,0.3296176333489655,36.362830377853406,56.19993718509986,47.96345483842619,80.04276550249465,279953749.07473975,60,162096890635.56726,0.0467,0.027742666638253637,75.51099666116335,52.947756435633714,42.31496516450832,False,False,True,False,False,False,100.0,False,yahoo_finance,yahoo_finance_3m_average_volume,yahoo_finance,"bloomberg_database_as_of,yahoo_finance_timeseries",False,False,Equity,Active,narrative_review;ml_drawdown_risk;ml_downside_tail_risk;ml_asymmetric_downside;ml_cvar_risk;ml_expected_shortfall_risk;ml_downside_skew;,0.0,score_weighted,True,False,True,optimal,143,140,0.9500000000000002,0.9500000000000002,False,False,True,True,True
ABI.BR,ABI.BR,NAME:anheuserbuschinbevsanv,Anheuser Busch Inbev SA NV,Belgium,EU ex-DACH,Consumer Staples,EUR,Beverages - Brewers,0.0,0.0,Watchlist,58.80364850845194,58.80364850845194,59.975367622787104,62.574029135063185,48.77083333333333,83.2973760420765,0.35,0.015600000000000001,0.22887107403381457,-0.2505194902741533,0.35,0.8599906598159984,-0.06406164343846976,-0.14416651935030486,-0.14416651935030486,0.2836591646837437,0.297954842298298,20.59521705004355,49.65335990200519,39.35285749335988,71.27583749109053,161472646.6091751,60,164562339895.87726,0.015600000000000001,0.06822338578257703,44.14812033814959,76.9565064302464,54.325145863952045,False,False,True,False,True,False,100.0,False,yahoo_finance,yahoo_finance_3m_average_volume,yahoo_finance,"bloomberg_database_as_of,yahoo_finance_timeseries",False,False,Equity,Active,alt_data_review;narrative_review;ml_downside_tail_risk;ml_asymmetric_downside;,0.0,score_weighted,True,False,True,optimal,143,140,0.9500000000000002,0.9500000000000002,False,False,True,True,True
HLN.LSE,HLN.LSE,NAME:haleonplc,Haleon PLC,United Kingdom,UK,Healthcare,GBX,Drug Manufacturers - Specialty & Generic,0.0,0.0,Watchlist,58.798014150676714,58.798014150676714,75.73394430785356,56.92275065666657,52.77083333333333,86.28947834408092,0.30099680307031235,0.02,0.22726341979510878,-0.2976463268500053,0.30099680307031235,0.8077832203305111,-0.11049679212981106,-0.19003898905809913,-0.19003898905809913,0.27195540536004287,0.312489427112807,27.148427008299876,50.70022495548003,39.17281749798749,65.57377049180327,114989314.48198739,60,43455864014.697655,0.02,0.06903773801319496,53.01421280833968,78.46021825982018,42.28208771266309,False,False,True,False,False,False,100.0,False,yahoo_finance,yahoo_finance_3m_average_volume,yahoo_finance,yahoo_finance_timeseries,False,False,Equity,Active,narrative_review;ml_drawdown_risk;ml_downside_tail_risk;ml_asymmetric_downside;,0.0,score_weighted,True,False,True,optimal,143,140,0.9500000000000002,0.9500000000000002,False,False,True,True,True
USB.US,USB.US,NAME:usbancorp,U.S. Bancorp,United States,US,Financials,USD,Banks - Regional,0.0,0.0,Hold,58.710416609496875,58.710416609496875,87.60531004989309,76.45848445372314,23.270833333333332,71.77379906466153,0.24179377217728854,0.032400000000000005,0.22679488140698922,-0.3585016460335299,0.24179377217728854,0.748794476209893,-0.16907321813379905,-0.24845142662624528,-0.24845142662624528,0.3029411501925447,0.30471955398316536,35.49306094660647,51.47216431611765,39.23896282988316,91.66072701354241,573371008.38,60,99398860800.0,0.032400000000000005,0.0801820054662035,42.50712758374911,74.28914280585583,69.60849951852879,False,False,True,False,True,False,100.0,False,yahoo_finance,yahoo_finance_3m_average_volume,yahoo_finance,"bloomberg_database_as_of,finnhub_reported,yahoo_finance_timeseries",False,False,Equity,Active,alt_data_review;narrative_review;ml_drawdown_risk;ml_downside_tail_risk;ml_asymmetric_downside;,0.0,score_weighted,True,False,True,optimal,143,140,0.9500000000000002,0.9500000000000002,False,False,True,True,True
TSCO.LSE,TSCO.LSE,NAME:tescoplc,Tesco PLC,United Kingdom,UK,Consumer Staples,GBX,Grocery Stores,0.0,0.0,Watchlist,58.69670122599846,58.69670122599846,72.83719581881459,68.7047426177076,33.4375,84.07541813822725,0.18100793414180122,0.0302,0.22580035617837316,-0.4061511187768481,0.18100793414180122,0.6820057862971509,-0.2270494740394532,-0.3060795987018838,-0.3060795987018838,0.24947396794505167,0.30049804388471424,43.72565695741197,48.10606487604674,38.56073140107391,65.28866714183891,112555115.56434222,60,39231163980.0836,0.0302,0.07712642634496389,45.2407187074956,56.872871835166244,71.41381507513239,False,False,True,False,False,False,100.0,False,yahoo_finance,yahoo_finance_3m_average_volume,yahoo_finance,"bloomberg_database_as_of,yahoo_finance_timeseries",False,False,Equity,Active,narrative_review;ml_drawdown_risk;ml_downside_tail_risk;ml_asymmetric_downside;ml_cvar_risk;ml_expected_shortfall_risk;,0.0,score_weighted,True,False,True,optimal,143,140,0.9500000000000002,0.9500000000000002,False,False,True,True,True
UNP.US,UNP.US,NAME:unionpacificcorporation,Union Pacific Corporation,United States,US,Industrials,USD,Railroads,0.0,0.0,Watchlist,58.507100436392626,58.507100436392626,79.57539972965802,59.60292036519971,55.47916666666667,71.77379906466153,0.04612723513494431,0.0192,0.2224456871598636,-0.5289271360653255,0.04612723513494431,0.5385093682109724,-0.35553341758855256,-0.4333894080945048,-0.4333894080945048,0.24449116426911782,0.2929407185071192,61.912772584929264,46.96576098069701,37.826467981931785,95.72344975053457,882784778.58,60,175478030336.0,0.0192,0.03133725623356201,47.732120545462536,66.07631519858198,56.099984263059156,False,False,True,False,False,False,100.0,False,yahoo_finance,yahoo_finance_3m_average_volume,yahoo_finance,"bloomberg_database_as_of,finnhub_reported,yahoo_finance_timeseries",False,False,Equity,Active,narrative_review;ml_downside_tail_risk;ml_cvar_risk;ml_expected_shortfall_risk;,0.0,score_weighted,True,False,True,optimal,143,140,0.9500000000000002,0.9500000000000002,False,False,True,True,True
SEB-A.ST,SEB-A.ST,NAME:skandinaviskaenskildabankenabpubl,Skandinaviska Enskilda Banken AB (publ),Sweden,EU ex-DACH,Financials,SEK,Banks - Regional,0.0,0.0,Hold,58.469988708689925,58.469988708689925,88.08902953000249,65.78576638432688,68.97916666666667,81.00001336983581,0.35,0.0381,0.1901467817454433,-0.1389839311943552,0.35,0.7688241534797349,0.006688799165011805,-0.05986257444589335,-0.05986257444589335,0.24694115019254465,0.29086036891064676,8.551796349413337,46.85764296159625,32.16975746200905,52.102637205987165,54827271.472250536,60,44936874150.117874,0.0381,0.07778423890047793,42.50712758374911,70.94543980408986,74.16236684087283,False,False,True,False,False,False,100.0,False,yahoo_finance,yahoo_finance_3m_average_volume,yahoo_finance,yahoo_finance_timeseries,False,False,Equity,Active,narrative_review;,0.0,score_weighted,True,False,True,optimal,143,140,0.9500000000000002,0.9500000000000002,False,False,True,True,True
TGT.US,TGT.US,NAME:targetcorporation,Target Corporation,United States,US,Consumer Staples,USD,Discount Stores,0.0,0.0,Watchlist,58.38322500722612,58.38322500722612,72.59513094169594,63.60191793406479,48.77083333333333,86.71868425443364,0.18930092409854038,0.031400000000000004,0.3072477818240468,-0.6390733475116659,0.18930092409854038,0.8852716507126164,-0.36812087875014066,-0.47565760238855703,-0.47565760238855703,0.2747230828435506,0.3329909976068371,67.95108605550814,53.21481956928778,54.01781467820559,94.08410548823949,717237679.12,60,66802429952.0,0.031400000000000004,0.0424385759924759,61.01968664021478,48.846801048538445,58.38201987881661,False,False,True,False,True,False,100.0,False,yahoo_finance,yahoo_finance_3m_average_volume,yahoo_finance,"bloomberg_database_as_of,finnhub_reported,yahoo_finance_timeseries",False,False,Equity,Active,alt_data_review;narrative_review;ml_drawdown_risk;ml_downside_tail_risk;ml_asymmetric_downside;ml_cvar_risk;ml_expected_shortfall_risk;,0.0,score_weighted,True,False,True,optimal,143,140,0.9500000000000002,0.9500000000000002,False,False,True,True,True
AMGN.US,AMGN.US,NAME:amgeninc,Amgen Inc,United States,US,Healthcare,USD,Drug Manufacturers - General,0.0,0.0,Watchlist,58.19139266515642,58.19139266515642,80.91401057827589,61.79624842769569,76.95416666666668,85.54950311424149,0.07809549687577885,0.024700000000000003,0.27341696147764555,-0.6469109734419336,0.07809549687577885,0.6920604877564585,-0.41691834703649544,-0.5126142835536713,-0.5126142835536713,0.27730237915378725,0.30903980443874823,73.23061193623876,50.590105543521034,47.44878117137297,97.22024233784748,1114263796.8,60,219023851520.0,0.024700000000000003,0.03698227359160632,30.107819818191345,67.39497342945369,56.02308633348344,False,False,True,False,False,False,100.0,False,yahoo_finance,yahoo_finance_3m_average_volume,yahoo_finance,"bloomberg_database_as_of,finnhub_reported,yahoo_finance_timeseries",False,False,Equity,Active,narrative_review;ml_drawdown_risk;ml_downside_tail_risk;ml_cvar_risk;ml_expected_shortfall_risk;,0.0,score_weighted,True,False,True,optimal,143,140,0.9500000000000002,0.9500000000000002,False,False,True,True,True
ELE.MC,ELE.MC,NAME:endesasa,Endesa SA,Spain,EU ex-DACH,Utilities,EUR,Utilities - Regulated Electric,0.0,0.0,Watchlist,58.09042782844931,58.09042782844931,80.4841783393314,50.58984491870093,82.20416666666668,84.07541813822725,0.35,0.038,0.19896884512610513,-0.1581736653525887,0.35,0.7874183612946759,-0.008835546675525108,-0.0784746424696619,-0.0784746424696619,0.22695540536004288,0.2862246738652412,11.210663209951703,45.2465995807609,33.508697123107154,45.54526015680685,38649938.813638486,60,49320200991.10286,0.038,0.05165104383487416,58.025798954549636,60.32082874731664,54.18501663972593,False,False,True,False,False,False,100.0,False,yahoo_finance,yahoo_finance_3m_average_volume,yahoo_finance,"bloomberg_database_as_of,yahoo_finance_timeseries",False,False,Equity,Active,narrative_review;,0.0,score_weighted,True,False,True,optimal,143,140,0.9500000000000002,0.9500000000000002,False,False,True,True,True
600000.SHG,600000.SHG,NAME:shanghaipudongdevelopmentbankcoltd,Shanghai Pudong Development Bank Co Ltd,China,Mainland China,Financials,CNY,Banks - Regional,0.0,0.0,Hold,58.01541775420492,58.01541775420492,86.80320156300638,75.17610308853534,34.60416666666667,86.71868425443364,0.35,0.0452,0.23153913045231908,-0.2727536712378733,0.35,0.8704026916053113,-0.07067394532371107,-0.15171264098202275,-0.15171264098202275,0.29049670574810027,0.3412263842048042,21.67323442600325,55.014405410067425,40.50973278897399,64.14825374198146,104157567.63465309,60,45339179529.38394,0.0452,1.161358159900871,42.50712758374911,85.05955664335082,60.588682686518865,False,False,True,False,False,False,100.0,False,yahoo_finance,observed_price_volume_fx,yahoo_finance,"bloomberg_database_as_of,eastmoney_china_financials,yahoo_finance_timeseries",False,False,Equity,Active,narrative_review;ml_drawdown_risk;ml_downside_tail_risk;ml_asymmetric_downside;ml_downside_skew;,0.0,score_weighted,True,False,True,optimal,143,140,0.9500000000000002,0.9500000000000002,False,False,True,True,True
UBS.US,UBS.US,NAME:ubsgroupag,UBS Group AG,United States,US,Financials,USD,Banks - Diversified,0.0,0.0,Hold,57.617686382315775,57.617686382315775,80.51942266571632,69.42262610147517,55.4375,90.2262276750101,0.35,0.020499999999999997,0.2619560454748544,-0.3522173156097802,0.35,0.9398506109940129,-0.12526586617438096,-0.21695048209058,-0.21695048209058,0.2883367057481002,0.327261723296993,30.992926012939996,53.28679068993535,45.78667289376175,64.64718460441911,108219437.56,60,173199212544.0,0.020499999999999997,0.11252360627822694,42.50712758374911,75.75895689968976,60.971274657101475,False,False,True,False,True,False,100.0,False,yahoo_finance,yahoo_finance_3m_average_volume,yahoo_finance,yahoo_finance_timeseries,False,False,Equity,Active,alt_data_review;narrative_review;ml_drawdown_risk;ml_downside_tail_risk;ml_asymmetric_downside;,0.0,score_weighted,True,False,True,optimal,143,140,0.9500000000000002,0.9500000000000002,False,False,True,True,True
OR.PA,OR.PA,NAME:loralsa,LOréal S.A.,France,EU ex-DACH,Consumer Staples,EUR,Household & Personal Products,0.20859200397318103,16800.0,Watchlist,57.54818541262425,57.54818541262425,56.10659574068906,53.864554250290674,30.145833333333332,81.44223886264008,-0.017505721768666528,0.018500000000000003,0.2558188243646443,-0.6913810463554518,-0.017505721768666528,0.5542584385276642,-0.4804549558484733,-0.5699915443760988,-0.5699915443760988,0.2523998498044873,0.3151580222922775,81.42736348229982,49.95514833088903,44.14140035795985,72.9864575908767,181661815.82574818,60,237468834813.9119,0.018500000000000003,0.03481008202077095,92.99507023890962,63.678701751245754,56.841400291534086,False,False,True,False,False,False,100.0,False,yahoo_finance,yahoo_finance_3m_average_volume,yahoo_finance,"bloomberg_database_as_of,yahoo_finance_timeseries",False,False,Equity,Active,narrative_review;ml_drawdown_risk;ml_downside_tail_risk;ml_cvar_risk;ml_expected_shortfall_risk;,0.0,score_weighted,False,False,True,optimal,143,140,0.9500000000000002,0.9500000000000002,False,False,True,True,True
BVI.PA,BVI.PA,NAME:bureauveritassa,Bureau Veritas SA,France,EU ex-DACH,Industrials,EUR,Consulting Services,0.0,0.0,Watchlist,57.54565237858586,57.54565237858586,70.1887889762634,54.793844734051696,55.47916666666667,86.71868425443364,0.22515856524254516,0.0323,0.23349713823961235,-0.40449200454422407,0.22515856524254516,0.751341408513453,-0.19902241010388952,-0.28074640848775384,-0.28074640848775384,0.3421242942489318,0.31704102824030905,40.106629783964834,55.00373448728582,40.95896609898613,42.69422665716322,31813416.468256228,60,14382987042.754128,0.0323,0.06899211280185266,60.79099438952486,71.88440570442762,55.88181277237457,False,False,True,False,False,False,100.0,False,yahoo_finance,yahoo_finance_3m_average_volume,yahoo_finance,"bloomberg_database_as_of,yahoo_finance_timeseries",False,False,Equity,Active,narrative_review;ml_drawdown_risk;ml_downside_tail_risk;ml_asymmetric_downside;ml_cvar_risk;ml_expected_shortfall_risk;ml_downside_skew;,0.0,score_weighted,True,False,True,optimal,143,140,0.9500000000000002,0.9500000000000002,False,False,True,True,True
DB1.XETRA,DB1.XETRA,NAME:deutschebrseag,Deutsche Börse AG,Germany,DACH,Financials,EUR,Financial Data & Stock Exchanges,0.0,0.0,Watchlist,57.52777855305981,57.52777855305981,67.3176305837238,58.09023705344144,56.77083333333333,73.98492652868289,0.14306325335753853,0.015600000000000001,0.2273363712770693,-0.45548839843889877,0.14306325335753853,0.6496140220138947,-0.268612259335547,-0.34817998928252125,-0.34817998928252125,0.2513855946369891,0.32298305166941943,49.73999846893161,50.803422596155485,39.16122519376829,65.35994297933001,112647516.88862054,60,55535691195.13335,0.015600000000000001,0.05050515398024204,42.50712758374911,72.88387925587526,59.913659680232854,False,False,True,False,False,False,100.0,False,yahoo_finance,yahoo_finance_3m_average_volume,yahoo_finance,"bloomberg_database_as_of,yahoo_finance_timeseries",False,False,Equity,Active,narrative_review;ml_drawdown_risk;ml_downside_tail_risk;ml_asymmetric_downside;ml_cvar_risk;ml_expected_shortfall_risk;,0.0,score_weighted,True,False,True,optimal,143,140,0.9500000000000002,0.9500000000000002,False,False,True,True,True
ACA.PA,ACA.PA,NAME:creditagricolesa,Credit Agricole SA,France,EU ex-DACH,Financials,EUR,Banks - Regional,0.0,0.0,Watchlist,57.522616515437655,57.522616515437655,80.84040278901449,73.88244855957173,61.10416666666667,83.2973760420765,0.35,0.0584,0.2194093533261985,-0.22146668067030417,0.35,0.8367163746838715,-0.046687989039193634,-0.1234812627033631,-0.1234812627033631,0.24694115019254465,0.3068860792391896,17.64018038619473,48.70676338412043,37.49855593473005,65.71632216678546,115443110.35987286,60,66916296146.09084,0.0584,0.3086749706945353,42.50712758374911,81.17861151544273,60.39522518904212,False,False,True,False,False,False,100.0,False,yahoo_finance,yahoo_finance_3m_average_volume,yahoo_finance,"bloomberg_database_as_of,yahoo_finance_timeseries",False,False,Equity,Active,narrative_review;ml_drawdown_risk;ml_downside_tail_risk;ml_asymmetric_downside;,0.0,score_weighted,True,False,True,optimal,143,140,0.9500000000000002,0.9500000000000002,False,False,True,True,True
HEIA.AS,HEIA.AS,NAME:heineken,Heineken,Netherlands,EU ex-DACH,Consumer Staples,EUR,Beverages - Brewers,0.0,0.0,Watchlist,57.519595415667844,57.519595415667844,61.47654101033278,57.861940719300385,72.52083333333334,84.07541813822725,0.3326221670004861,0.0242,0.20867811819119572,-0.2071110118143762,0.3326221670004861,0.7938679624291167,-0.044358358529168085,-0.11739569989608659,-0.11739569989608659,0.23867774517473805,0.30113559758804476,16.770814270869515,47.5982936926449,35.471429886575926,58.303635067712044,77558927.33051571,60,49214941802.89584,0.0242,0.061213207812072276,48.86105231487464,67.31498935882084,56.827823702634035,False,False,True,False,False,False,100.0,False,yahoo_finance,yahoo_finance_3m_average_volume,yahoo_finance,"bloomberg_database_as_of,yahoo_finance_timeseries",False,False,Equity,Active,narrative_review;ml_drawdown_risk;ml_downside_tail_risk;ml_asymmetric_downside;,0.0,score_weighted,True,False,True,optimal,143,140,0.9500000000000002,0.9500000000000002,False,False,True,True,True
BIRG.IR,BIRG.IR,NAME:bankofirelandgroupplc,Bank of Ireland Group PLC,Ireland,EU ex-DACH,Financials,EUR,Banks - Regional,0.0,0.0,Watchlist,56.91461501134228,56.91461501134228,80.27243197688588,70.07318187861068,46.9375,81.00001336983581,0.35,0.0446,0.2624127475651185,-0.3574408511898822,0.35,0.9423735018633275,-0.12648141491010367,-0.21832587655789515,-0.21832587655789515,0.308274483525878,0.327042740400351,31.189410936842165,54.33509608220316,46.061180980087606,49.109052031361365,45963404.30161425,60,20298225155.78542,0.0446,0.2003347022980178,42.50712758374911,81.09191315882667,67.02509759839286,False,False,True,False,False,False,100.0,False,yahoo_finance,yahoo_finance_3m_average_volume,yahoo_finance,"bloomberg_database_as_of,yahoo_finance_timeseries",False,False,Equity,Active,narrative_review;ml_drawdown_risk;ml_downside_tail_risk;ml_asymmetric_downside;ml_downside_skew;,0.0,score_weighted,True,False,True,optimal,143,140,0.9500000000000002,0.9500000000000002,False,False,True,True,True
AI.PA,AI.PA,NAME:airliquidesa,Air Liquide SA,France,EU ex-DACH,Materials,EUR,Specialty Chemicals,0.0,0.0,Watchlist,56.86234575181481,56.86234575181481,70.53569858374009,50.19280932059206,48.77083333333333,86.28947834408092,0.028848550286026654,0.0194,0.17704702825751045,-0.4253679299048322,0.028848550286026654,0.4183070017733544,-0.29071543479239165,-0.3526818946825203,-0.3526818946825203,0.27195540536004287,0.2761835199490615,50.38312781178862,46.511081821201714,29.897087707263672,73.20028510334996,184885517.68605962,60,125853966357.18436,0.0194,0.02453344218911734,78.99121367674077,58.940497608450585,53.50883102900046,False,False,True,False,True,False,100.0,False,yahoo_finance,yahoo_finance_3m_average_volume,yahoo_finance,"bloomberg_database_as_of,yahoo_finance_timeseries",False,False,Equity,Active,alt_data_review;narrative_review;ml_downside_tail_risk;ml_cvar_risk;ml_expected_shortfall_risk;,0.0,score_weighted,True,False,True,optimal,143,140,0.9500000000000002,0.9500000000000002,False,False,True,True,True
ALFA.ST,ALFA.ST,NAME:alfalavalab,Alfa Laval AB,Sweden,EU ex-DACH,Industrials,SEK,Specialty Industrial Machinery,0.0,0.0,Watchlist,56.63163984325721,56.63163984325721,75.01724465524143,43.64711003600412,68.97916666666667,90.2262276750101,0.009157666248163138,0.0159,0.21708551371212392,-0.550000451454362,0.009157666248163138,0.488703811011729,-0.382680808482168,-0.4586607382814114,-0.4586607382814114,0.2346662726189011,0.2929502840371309,65.5229626116302,46.43783206837901,36.8082910500685,42.62295081967213,31729452.52581406,60,24296542465.17805,0.0159,0.028049224430059687,84.63577630749812,48.87047197547574,58.02239157013295,False,False,True,False,False,False,100.0,False,yahoo_finance,yahoo_finance_3m_average_volume,yahoo_finance,"bloomberg_database_as_of,yahoo_finance_timeseries",False,False,Equity,Active,narrative_review;ml_downside_tail_risk;ml_cvar_risk;ml_expected_shortfall_risk;,0.0,score_weighted,True,False,True,optimal,143,140,0.9500000000000002,0.9500000000000002,False,False,True,True,True
ASSA-B.ST,ASSA-B.ST,NAME:assaabloyabpubl,ASSA ABLOY AB (publ),Sweden,EU ex-DACH,Industrials,SEK,Security & Protection Services,0.0,0.0,Watchlist,56.5595411318234,56.5595411318234,75.39678848988147,55.47583233563998,24.020833333333332,90.2262276750101,-0.09902301854739731,0.0175,0.21344732321246704,-0.6571935792921895,-0.09902301854739731,0.3752850718354168,-0.48512602822788053,-0.559832591352244,-0.559832591352244,0.2799554053600429,0.29798473802508585,79.97608447889199,49.45737621458914,36.58767569072887,56.59301496792587,70991774.76141945,60,42024183279.28596,0.0175,0.046457014757556515,57.24735219239917,65.96069442787437,63.16585432624559,False,False,True,False,True,False,100.0,False,yahoo_finance,yahoo_finance_3m_average_volume,yahoo_finance,yahoo_finance_timeseries,False,False,Equity,Active,alt_data_review;narrative_review;ml_downside_tail_risk;ml_cvar_risk;ml_expected_shortfall_risk;,0.0,score_weighted,True,False,True,optimal,143,140,0.9500000000000002,0.9500000000000002,False,False,True,True,True
KRZ.IR,KRZ.IR,NAME:kerrygroup,Kerry Group,Ireland,EU ex-DACH,Consumer Staples,EUR,Packaged Foods,0.0,0.0,Watchlist,56.542606020762165,56.542606020762165,59.07925215593036,48.73383097832075,76.95416666666668,73.98492652868289,0.19038439591146553,0.0173,0.23349419904500976,-0.42477440608163064,0.19038439591146553,0.7106931275514518,-0.23252478406017832,-0.3142477537259317,-0.3142477537259317,0.22695540536004288,0.33601656788240736,44.892536246561676,50.99181812120315,40.23726576094063,44.4048467569494,35875448.787323,60,15199444508.492727,0.0173,0.03750705086124862,62.95230158021333,53.44838245882083,63.544577665378306,False,False,True,False,False,False,100.0,False,yahoo_finance,yahoo_finance_3m_average_volume,yahoo_finance,yahoo_finance_timeseries,False,False,Equity,Active,narrative_review;ml_drawdown_risk;ml_downside_tail_risk;ml_asymmetric_downside;ml_cvar_risk;ml_expected_shortfall_risk;,0.0,score_weighted,True,False,True,optimal,143,140,0.9500000000000002,0.9500000000000002,False,False,True,True,True
RXL.PA,RXL.PA,NAME:rexelsa,Rexel S.A,France,EU ex-DACH,Technology,EUR,Electronics & Computer Distribution,0.0,0.0,Watchlist,56.128178964162736,56.128178964162736,68.10886662922634,56.3793355480271,52.60416666666667,84.07541813822725,0.13957871966451502,0.032,0.27600055938348195,-0.6041102310657893,0.13957871966451502,0.7628435937343716,-0.36148479700284536,-0.45808499278706405,-0.45808499278706405,0.2812391450619674,0.3371548867830659,65.44071325529487,54.04613320907507,48.44038486545753,41.48253741981468,30133148.266709197,60,12615230649.001493,0.032,0.059500438463095294,47.13590792681552,55.44022852416233,68.36413353809596,False,False,True,False,False,False,100.0,False,yahoo_finance,yahoo_finance_3m_average_volume,yahoo_finance,"bloomberg_database_as_of,yahoo_finance_timeseries",False,False,Equity,Active,narrative_review;ml_drawdown_risk;ml_downside_tail_risk;ml_asymmetric_downside;ml_cvar_risk;ml_expected_shortfall_risk;ml_downside_skew;,0.0,score_weighted,True,False,True,optimal,143,140,0.9500000000000002,0.9500000000000002,False,False,True,True,True
NSC.US,NSC.US,NAME:norfolksoutherncorporation,Norfolk Southern Corporation,United States,US,Industrials,USD,Railroads,0.0,0.0,Watchlist,55.91483295777778,55.91483295777778,78.30366059922325,54.54006816575233,52.77083333333333,81.00001336983581,-0.06382526880540057,0.0158,0.20361634847018142,-0.5904601686925142,-0.06382526880540057,0.3865418457931668,-0.4315730106726182,-0.5028387326371817,-0.5028387326371817,0.2769277059515304,0.28130237543563547,71.83410466245454,47.369458255348036,34.62176464002541,86.10121168923735,402559332.78,60,76919382016.0,0.0158,0.02804234698026204,47.513849704256245,63.41829170208419,51.949324175848744,False,False,True,False,False,False,100.0,False,yahoo_finance,yahoo_finance_3m_average_volume,yahoo_finance,"bloomberg_database_as_of,finnhub_reported,yahoo_finance_timeseries",False,False,Equity,Active,narrative_review;ml_downside_tail_risk;ml_cvar_risk;ml_expected_shortfall_risk;,0.0,score_weighted,True,False,True,optimal,143,140,0.9500000000000002,0.9500000000000002,False,False,True,True,True
GIVN.SW,GIVN.SW,NAME:givaudansa,Givaudan SA,Switzerland,DACH,Materials,CHF,Specialty Chemicals,0.0,0.0,Watchlist,55.72333744512861,55.72333744512861,70.27300132516065,49.18609755432075,74.32916666666668,90.2262276750101,0.058129714083434494,0.0212,0.23983177168827452,-0.5767320661557995,0.058129714083434494,0.594259772809106,-0.37640753356348117,-0.46034865365437727,-0.46034865365437727,0.2587509609155984,0.32568903769401125,65.76409337919675,51.512248398610446,41.49613126987844,59.94297933000713,85594287.70761679,60,38269384570.56829,0.0212,0.03882749198221037,61.529681431203144,63.73382994940846,50.23540345934634,False,False,True,False,False,False,100.0,False,yahoo_finance,yahoo_finance_3m_average_volume,yahoo_finance,"bloomberg_database_as_of,yahoo_finance_timeseries",False,False,Equity,Active,narrative_review;ml_drawdown_risk;ml_downside_tail_risk;ml_cvar_risk;ml_expected_shortfall_risk;,0.0,score_weighted,True,False,True,optimal,143,140,0.9500000000000002,0.9500000000000002,False,False,True,True,True
HSBC.US,HSBC.US,NAME:hsbcholdingsplcadr,HSBC Holdings PLC ADR,United States,US,Financials,USD,Banks - Diversified,0.0,0.0,Watchlist,55.42398096348601,55.42398096348601,87.28741981468282,66.13768849856305,19.9375,81.00001336983581,0.19616656109740888,0.0365,0.26987770230449987,-0.5324828611375396,0.19616656109740888,0.8062892498511163,-0.293863392617851,-0.38832058842442596,-0.38832058842442596,0.316274483525878,0.3233556596969527,55.474369774917996,54.340432924118744,47.44171685017395,70.7056307911618,158088035.20000002,60,351744065536.0,0.0365,0.07137291701494414,42.50712758374911,75.49054349207196,63.00005490985435,False,False,True,False,True,False,100.0,False,yahoo_finance,yahoo_finance_3m_average_volume,yahoo_finance,"bloomberg_database_as_of,yahoo_finance_timeseries",False,False,Equity,Active,alt_data_review;narrative_review;ml_drawdown_risk;ml_downside_tail_risk;ml_asymmetric_downside;ml_cvar_risk;ml_expected_shortfall_risk;ml_downside_skew;,0.0,score_weighted,True,False,True,optimal,143,140,0.9500000000000002,0.9500000000000002,False,False,True,True,True
UNA.AS,UNA.AS,NAME:unileverplc,Unilever PLC,Netherlands,EU ex-DACH,Consumer Staples,EUR,Household & Personal Products,0.0,0.0,Watchlist,55.043555575514645,55.043555575514645,64.37622026906408,55.748452417992965,61.10416666666667,90.2262276750101,0.14938555426240877,0.0342,0.2104113232700411,-0.4086650104046319,0.14938555426240877,0.6195027390926762,-0.23204500360067157,-0.305688966745186,-0.305688966745186,0.3170131831378206,0.305504542505632,43.66985239216943,52.32046476576327,36.43491139810963,58.802565930149676,81111905.76548456,60,134367819259.29301,0.0342,0.05806157132999031,53.21832598043251,64.83587639501698,52.7850091486491,False,False,True,False,False,False,100.0,False,yahoo_finance,yahoo_finance_3m_average_volume,yahoo_finance,"bloomberg_database_as_of,yahoo_finance_timeseries",False,False,Equity,Active,narrative_review;ml_drawdown_risk;ml_downside_tail_risk;ml_asymmetric_downside;ml_cvar_risk;ml_expected_shortfall_risk;,0.0,score_weighted,True,False,True,optimal,143,140,0.9500000000000002,0.9500000000000002,False,False,True,True,True
SAB.MC,SAB.MC,NAME:bancodesabadellsa,Banco de Sabadell S.A,Spain,EU ex-DACH,Financials,EUR,Banks - Diversified,0.0,0.0,Watchlist,54.5351630510244,54.5351630510244,82.34156953925223,63.39424493170882,55.4375,81.08624857805513,0.292212316452262,0.0601,0.27973952527939383,-0.46696642710156455,0.292212316452262,0.9263285700264551,-0.21607161280890053,-0.31398044665668834,-0.31398044665668834,0.3163340041646624,0.33049451689007125,44.854349522384055,55.16735217310543,49.37383009397896,61.36849607982894,92033512.89686835,60,18589076870.849045,0.0601,0.06626483019098767,42.50712758374911,65.31125380341052,66.58614324241417,False,False,True,False,True,False,100.0,False,yahoo_finance,yahoo_finance_3m_average_volume,yahoo_finance,"bloomberg_database_as_of,yahoo_finance_timeseries",False,False,Equity,Active,alt_data_review;narrative_review;ml_drawdown_risk;ml_downside_tail_risk;ml_asymmetric_downside;ml_cvar_risk;ml_expected_shortfall_risk;ml_downside_skew;,0.0,score_weighted,True,False,True,optimal,143,140,0.9500000000000002,0.9500000000000002,False,False,True,True,True
ENX.PA,ENX.PA,NAME:euronextnv,Euronext N.V.,France,EU ex-DACH,Financials,EUR,Financial Data & Stock Exchanges,0.0,0.0,Watchlist,54.500882473332396,54.500882473332396,69.25148618174435,49.783096085573604,52.77083333333333,73.98492652868289,0.04159579840652033,0.0197,0.21298998263492105,-0.5234936394978495,0.04159579840652033,0.5172117693380042,-0.3446256227979699,-0.4191721167201922,-0.4191721167201922,0.2869411501925447,0.3221456246800094,59.88173096002747,52.62132631959964,36.87920515013884,45.188880969351395,38123257.88040692,60,18293432610.701633,0.0197,0.04304883518459187,42.50712758374911,67.96196247182995,60.45348499757614,False,False,True,False,False,False,100.0,False,yahoo_finance,yahoo_finance_3m_average_volume,yahoo_finance,"bloomberg_database_as_of,yahoo_finance_timeseries",False,False,Equity,Active,narrative_review;ml_drawdown_risk;ml_downside_tail_risk;ml_cvar_risk;ml_expected_shortfall_risk;,0.0,score_weighted,True,False,True,optimal,143,140,0.9500000000000002,0.9500000000000002,False,False,True,True,True
0002.HK,0002.HK,NAME:clpholdings,CLP Holdings,Hong Kong,Hong Kong,Utilities,HKD,Utilities - Regulated Electric,0.03973181028060591,3200.0,Watchlist,54.359320991064145,54.359320991064145,91.42988325771817,43.57056276387559,56.77083333333333,90.2262276750101,0.10432570702373663,0.04190000000000001,0.11481703191289189,-0.1888410201904006,0.10432570702373663,0.3555235985511248,-0.10291843160924906,-0.14310439277876122,-0.14310439277876122,0.3506154569075914,0.2414092542477358,20.443484682680175,46.7342077851475,19.29050649741775,43.83464005702067,33285494.169860646,60,24947432596.801937,0.04190000000000001,0.038913907450546306,56.269421413071306,54.548458891929116,47.85561461708066,False,False,True,False,False,False,100.0,False,yahoo_finance,observed_price_volume_fx,yahoo_finance,"bloomberg_database_as_of,eastmoney_hk_financials,yahoo_finance_timeseries",False,False,Equity,Active,narrative_review;ml_dividend_cut_risk;,0.0,score_weighted,False,False,True,optimal,143,140,0.9500000000000002,0.9500000000000002,False,False,True,True,True
BAER.SW,BAER.SW,NAME:juliusbaergruppeag,Julius Baer Gruppe AG,Switzerland,DACH,Financials,CHF,Asset Management,0.0,0.0,Watchlist,53.92595061768089,53.92595061768089,76.38686447555267,60.118263025261136,52.60416666666667,83.2973760420765,0.2435347508367558,0.0351,0.2536697474608238,-0.4375629504206954,0.2435347508367558,0.8145984758341634,-0.2169234421267442,-0.30570785373803255,-0.30570785373803255,0.29049670574810027,0.33154391939827876,43.67255053400465,53.89719793239141,44.37251668711849,49.46543121881682,46908346.70322273,60,18742681808.056206,0.0351,0.06468444473132257,42.50712758374911,66.43695496111872,68.42668368687788,False,False,True,False,False,False,100.0,False,yahoo_finance,yahoo_finance_3m_average_volume,yahoo_finance,"bloomberg_database_as_of,yahoo_finance_timeseries",False,False,Equity,Active,narrative_review;ml_drawdown_risk;ml_downside_tail_risk;ml_asymmetric_downside;ml_cvar_risk;ml_expected_shortfall_risk;ml_downside_skew;,0.0,score_weighted,True,False,True,optimal,143,140,0.9500000000000002,0.9500000000000002,False,False,True,True,True
ABN.AS,ABN.AS,NAME:abnamrogroupnv,ABN Amro Group NV,Netherlands,EU ex-DACH,Financials,EUR,Banks - Diversified,0.0,0.0,Watchlist,53.728806567046504,53.728806567046504,72.46747564240734,61.95526400327985,52.77083333333333,86.28947834408092,0.2488229482599859,0.031,0.2779506919354713,-0.4985169183811023,0.2488229482599859,0.8762774529833139,-0.25552800317787855,-0.3528107453552935,-0.3528107453552935,0.2869411501925447,0.32928497198537,50.401535050756216,53.44509716252587,48.71822826165534,62.86528866714184,98793995.78496487,60,36986409651.29128,0.031,0.05751548245429052,42.50712758374911,63.311181934583985,67.46407778556485,False,False,True,False,False,False,100.0,False,yahoo_finance,yahoo_finance_3m_average_volume,yahoo_finance,"bloomberg_database_as_of,yahoo_finance_timeseries",False,False,Equity,Active,narrative_review;ml_drawdown_risk;ml_downside_tail_risk;ml_asymmetric_downside;ml_cvar_risk;ml_expected_shortfall_risk;,0.0,score_weighted,True,False,True,optimal,143,140,0.9500000000000002,0.9500000000000002,False,False,True,True,True
FRE.XETRA,FRE.XETRA,NAME:freseniussecokgaa,Fresenius SE & Co. KGaA,Germany,DACH,Healthcare,EUR,Medical Care Facilities,0.0,0.0,Watchlist,53.11329071316827,53.11329071316827,66.52458485408808,47.07567213346653,74.32916666666668,81.44223886264008,0.15174818811891927,0.0225,0.23541082700065208,-0.47055271278334104,0.15174818811891927,0.6771170093046088,-0.2748331497582012,-0.35722693920842946,-0.35722693920842946,0.23366059884659474,0.33823818464060673,51.032419886918504,51.609207396425106,40.669671519080296,55.23877405559515,65948962.440619275,60,30080043453.59474,0.0225,0.04132747305211135,46.64740325672408,52.7283493630195,45.956965692401084,False,False,True,False,False,False,100.0,False,yahoo_finance,yahoo_finance_3m_average_volume,yahoo_finance,"bloomberg_database_as_of,yahoo_finance_timeseries",False,False,Equity,Active,narrative_review;ml_drawdown_risk;ml_downside_tail_risk;ml_asymmetric_downside;ml_cvar_risk;ml_expected_shortfall_risk;,0.0,score_weighted,True,False,True,optimal,143,140,0.9500000000000002,0.9500000000000002,False,False,True,True,True
NESN.SW,NESN.SW,NAME:nestlesa,Nestle S.A.,Switzerland,DACH,Consumer Staples,CHF,Packaged Foods,0.13037000248323813,10500.0,Avoid,53.01926693444415,53.01926693444415,69.3096860801139,60.30047240164076,48.77083333333333,81.00001336983581,0.015363944407687194,0.0381,0.22423281754275168,-0.6210353657833363,0.015363944407687194,0.5325450871784324,-0.39524787743928497,-0.47372936357924805,-0.47372936357924805,0.5670596838596811,0.2941971225734137,67.67562336846402,64.47980481245362,40.879128541819,84.31931575196009,356457271.46546555,60,255392811779.53757,0.0381,0.05298965661255753,39.046977181352666,68.34464333615362,47.19796920782402,False,False,True,False,True,False,100.0,False,yahoo_finance,yahoo_finance_3m_average_volume,yahoo_finance,"bloomberg_database_as_of,yahoo_finance_timeseries",False,False,Equity,Active,alt_data_review;narrative_review;ml_dividend_cut_risk;ml_downside_tail_risk;ml_cvar_risk;ml_expected_shortfall_risk;ml_downside_skew;,0.0,score_weighted,False,False,True,optimal,143,140,0.9500000000000002,0.9500000000000002,False,False,False,True,True
MUV2.XETRA,MUV2.XETRA,NAME:mnchenerrckag,Münchener Rück AG,Germany,DACH,Financials,EUR,Insurance - Reinsurance,0.0,0.0,Watchlist,52.75543402924741,52.75543402924741,77.99724569420134,71.26164815017346,22.9375,71.77379906466153,0.0374117738728635,0.0466,0.21697141175912316,-0.543145521588352,0.0374117738728635,0.523792759957153,-0.35650242474744526,-0.4324424188631384,-0.4324424188631384,0.308274483525878,0.3255364560196404,61.777488409019774,54.161294038274995,37.80881259343916,74.26942266571632,198360307.58364567,60,73732493509.98508,0.0466,0.07210520563463042,42.50712758374911,54.44955777628894,73.72995082922995,False,False,True,False,True,False,100.0,False,yahoo_finance,yahoo_finance_3m_average_volume,yahoo_finance,"bloomberg_database_as_of,yahoo_finance_timeseries",False,False,Equity,Active,alt_data_review;narrative_review;ml_drawdown_risk;ml_downside_tail_risk;ml_cvar_risk;ml_expected_shortfall_risk;ml_downside_skew;,0.0,score_weighted,True,False,True,optimal,143,140,0.9500000000000002,0.9500000000000002,False,False,True,True,True
DANSKE.CO,DANSKE.CO,NAME:danskebankas,Danske Bank A/S,Denmark,EU ex-DACH,Financials,DKK,Banks - Regional,0.0,0.0,Watchlist,51.756358121163046,51.756358121163046,90.33439660056555,57.06788451901619,57.10416666666667,86.28947834408092,0.26136496330456754,0.045,0.2017325045369807,-0.2620650971184371,0.26136496330456754,0.7080150117395726,-0.10316916200465143,-0.17377553859259465,-0.17377553859259465,0.28249670574810026,0.2849001914704721,24.82507694179924,48.08446009456757,34.37647488222705,53.100498930862436,56450407.40515194,60,45828969402.59424,0.045,0.06920705187229367,42.50712758374911,63.89097021801646,53.10302816450408,False,False,True,False,False,False,100.0,False,yahoo_finance,yahoo_finance_3m_average_volume,yahoo_finance,"bloomberg_database_as_of,yahoo_finance_timeseries",False,False,Equity,Active,narrative_review;ml_downside_tail_risk;ml_asymmetric_downside;,0.0,score_weighted,True,False,True,optimal,143,140,0.9500000000000002,0.9500000000000002,False,False,True,True,True
BAC.US,BAC.US,NAME:bankofamericacorp,Bank of America Corp,United States,US,Financials,USD,Banks - Diversified,0.0,0.0,Watchlist,50.964647743566914,50.964647743566914,82.18050605844618,61.16575843046446,57.10416666666667,90.2262276750101,0.0031384754817671556,0.0202,0.21849142395351281,-0.571307995856926,0.0031384754817671556,0.490331731011815,-0.3922519130806175,-0.468723911464347,-0.468723911464347,0.31811052647770927,0.2857148323835015,66.960558780621,50.0961243930499,37.6210490983477,99.42979330007128,2273476905.0,60,440543150080.0,0.0202,0.028630566603315828,42.50712758374911,35.16090802932957,58.8851625658113,False,False,True,False,False,False,100.0,False,yahoo_finance,yahoo_finance_3m_average_volume,yahoo_finance,"bloomberg_database_as_of,finnhub_reported,yahoo_finance_timeseries",False,False,Equity,Active,narrative_review;ml_downside_tail_risk;ml_cvar_risk;ml_expected_shortfall_risk;,0.0,score_weighted,True,False,True,optimal,143,140,0.9500000000000002,0.9500000000000002,False,False,True,True,True
HBAN.SW,HBAN.SW,NAME:helvetiaholdingag,Helvetia Holding AG,Switzerland,DACH,Financials,CHF,Insurance - Diversified,0.0,0.0,Watchlist,50.47307796426363,50.47307796426363,80.43123368439086,43.04617438242536,54.8125,90.2262276750101,0.020403840087577348,0.0356,0.17571232387076102,-0.43678226777470075,0.020403840087577348,0.40914888418986894,-0.2973687220523176,-0.358868035407084,-0.358868035407084,0.3142091984082884,0.28017250189144166,51.26686220101201,49.24655320945879,29.977040794947246,44.83250178189594,37366749.488990344,60,26190115078.150818,0.0356,0.03356643149744329,42.50712758374911,43.16072371191059,50.91901569808124,False,False,True,False,False,False,100.0,False,yahoo_finance,yahoo_finance_3m_average_volume,yahoo_finance,yahoo_finance_timeseries,False,False,Equity,Active,narrative_review;ml_downside_tail_risk;ml_cvar_risk;ml_expected_shortfall_risk;,0.0,score_weighted,True,False,True,optimal,143,140,0.9500000000000002,0.9500000000000002,False,False,True,True,True
KBC.BR,KBC.BR,NAME:kbcgroepnv,KBC Groep NV,Belgium,EU ex-DACH,Financials,EUR,Banks - Regional,0.0,0.0,Watchlist,49.37458127747228,49.37458127747228,81.09246048722088,52.82448508198654,61.10416666666667,81.00001336983581,0.15834637667725007,0.039900000000000005,0.2194708937809633,-0.4131697902097029,0.15834637667725007,0.645171865717594,-0.23843940621528162,-0.3152542190386188,-0.3152542190386188,0.24694115019254465,0.3064945364808526,45.03631700551697,48.66158537354309,37.504176221723284,52.38774055595153,55739604.24237592,60,57391240181.81611,0.039900000000000005,0.05681649647095185,42.50712758374911,58.53471332099803,50.855824396756184,False,False,True,False,False,False,100.0,False,yahoo_finance,yahoo_finance_3m_average_volume,yahoo_finance,"bloomberg_database_as_of,yahoo_finance_timeseries",False,False,Equity,Active,narrative_review;ml_drawdown_risk;ml_downside_tail_risk;ml_asymmetric_downside;ml_cvar_risk;ml_expected_shortfall_risk;,0.0,score_weighted,True,False,True,optimal,143,140,0.9500000000000002,0.9500000000000002,False,False,True,True,True
BNP.PA,BNP.PA,NAME:bnpparibassa,BNP Paribas SA,France,EU ex-DACH,Financials,EUR,Banks - Regional,0.0,0.0,Watchlist,47.106973534536614,47.106973534536614,79.8404027890145,74.05737704918032,50.4375,81.44223886264008,0.35,0.08869999999999999,0.2801038421269097,-0.4065377730119458,0.35,0.9835218058118119,-0.1586119194126242,-0.25664826415704256,-0.25664826415704256,0.29360781685921133,0.33371744942156256,36.66403773672037,54.31551122567628,49.25917742245795,77.76193870277976,245664131.23568884,60,140438229284.24146,0.08869999999999999,0.35913517629208047,42.50712758374911,84.41411453784627,50.0,False,False,True,False,False,False,100.0,False,yahoo_finance,yahoo_finance_3m_average_volume,yahoo_finance,yahoo_finance_timeseries,False,False,Equity,Active,narrative_review;ml_drawdown_risk;ml_downside_tail_risk;ml_asymmetric_downside;ml_cvar_risk;ml_expected_shortfall_risk;ml_downside_skew;,0.0,score_weighted,True,False,True,optimal,143,140,0.9500000000000002,0.9500000000000002,False,False,True,True,True
