ticker,company_name,investment_thesis,key_risks,dividend_safety_view,cashflow_quality_view,regulatory_governance_view,bull_case,base_case,bear_case,qualitative_score,llm_recommendation,llm_confidence
EVO.ST,Evolution AB (publ),"Mock analyst view: quality, dividends and balance-sheet resilience are reviewed against sector risk. Narrative is improving toward quality, growth and capital return. Current regime lens: steady_state_low_chaos.","Mock risks: valuation compression, policy/regulatory shocks, dividend sustainability and liquidity stress. Distributional ML forecast shows attractive upside but asymmetric downside risk.",Constructive,Constructive,No major mock concern,Dividend quality compounds with stable cash flow.,Moderate total return with risk controls intact.,Macro or governance shock reduces valuation and income confidence.,77.65677490519394,Buy,0.8265677490519394
0788.HK,China Tower Corp,"Mock analyst view: quality, dividends and balance-sheet resilience are reviewed against sector risk. Narrative is improving toward quality, growth and capital return. Current regime lens: steady_state_low_chaos.","Mock risks: valuation compression, policy/regulatory shocks, dividend sustainability and liquidity stress.",Constructive,Constructive,No major mock concern,Dividend quality compounds with stable cash flow.,Moderate total return with risk controls intact.,Macro or governance shock reduces valuation and income confidence.,71.27986597407478,Avoid,0.7627986597407479
1698.HK,Tencent Music Entertainment Group,"Mock analyst view: quality, dividends and balance-sheet resilience are reviewed against sector risk. Narrative is improving toward quality, growth and capital return. Current regime lens: steady_state_low_chaos.","Mock risks: valuation compression, policy/regulatory shocks, dividend sustainability and liquidity stress. Narrative is reframing toward risk/deterioration. Distributional ML forecast shows attractive upside but asymmetric downside risk. Forecast uncertainty is high; analyst placeholder treats this as Watchlist risk.",Constructive,Constructive,No major mock concern,Dividend quality compounds with stable cash flow.,Moderate total return with risk controls intact.,Macro or governance shock reduces valuation and income confidence.,70.49185490835706,Avoid,0.7549185490835706
ACN.US,Accenture plc,"Mock analyst view: quality, dividends and balance-sheet resilience are reviewed against sector risk. Narrative is improving toward quality, growth and capital return. Current regime lens: steady_state_low_chaos.","Mock risks: valuation compression, policy/regulatory shocks, dividend sustainability and liquidity stress. Distributional ML forecast shows attractive upside but asymmetric downside risk. Forecast uncertainty is high; analyst placeholder treats this as Watchlist risk.",Constructive,Constructive,No major mock concern,Dividend quality compounds with stable cash flow.,Moderate total return with risk controls intact.,Macro or governance shock reduces valuation and income confidence.,70.40007179023254,Hold,0.7540007179023255
600415.SHG,Zhejiang China Commodities City Group Co Ltd,"Mock analyst view: quality, dividends and balance-sheet resilience are reviewed against sector risk. Narrative is improving toward quality, growth and capital return. Current regime lens: steady_state_low_chaos.","Mock risks: valuation compression, policy/regulatory shocks, dividend sustainability and liquidity stress. Distributional ML forecast shows attractive upside but asymmetric downside risk.",Constructive,Constructive,No major mock concern,Dividend quality compounds with stable cash flow.,Moderate total return with risk controls intact.,Macro or governance shock reduces valuation and income confidence.,70.27518417238339,Buy,0.7527518417238339
9999.HK,NetEase Inc,"Mock analyst view: quality, dividends and balance-sheet resilience are reviewed against sector risk. Current regime lens: steady_state_low_chaos.","Mock risks: valuation compression, policy/regulatory shocks, dividend sustainability and liquidity stress. Narrative is reframing toward risk/deterioration. Credit/refinancing pressure is increasingly central to the equity story. Distributional ML forecast shows attractive upside but asymmetric downside risk.",Needs review,Constructive,No major mock concern,Dividend quality compounds with stable cash flow.,Moderate total return with risk controls intact.,Macro or governance shock reduces valuation and income confidence.,70.27089511474378,Avoid,0.7527089511474379
1585.HK,Yadea Group Holdings Ltd,"Mock analyst view: quality, dividends and balance-sheet resilience are reviewed against sector risk. Narrative is improving toward quality, growth and capital return. Current regime lens: steady_state_low_chaos.","Mock risks: valuation compression, policy/regulatory shocks, dividend sustainability and liquidity stress. Distributional ML forecast shows attractive upside but asymmetric downside risk.",Constructive,Constructive,No major mock concern,Dividend quality compounds with stable cash flow.,Moderate total return with risk controls intact.,Macro or governance shock reduces valuation and income confidence.,70.08328059365877,Avoid,0.7508328059365877
1398.HK,Industrial and Commercial Bank of China,"Mock analyst view: quality, dividends and balance-sheet resilience are reviewed against sector risk. Current regime lens: steady_state_low_chaos.","Mock risks: valuation compression, policy/regulatory shocks, dividend sustainability and liquidity stress. Narrative is reframing toward risk/deterioration.",Constructive,Constructive,No major mock concern,Dividend quality compounds with stable cash flow.,Moderate total return with risk controls intact.,Macro or governance shock reduces valuation and income confidence.,69.87397323994819,Buy,0.7487397323994819
MPE.LSE,M.P.Evans Group,"Mock analyst view: quality, dividends and balance-sheet resilience are reviewed against sector risk. Narrative is improving toward quality, growth and capital return. Current regime lens: steady_state_low_chaos.","Mock risks: valuation compression, policy/regulatory shocks, dividend sustainability and liquidity stress. Narrative is reframing toward risk/deterioration. Distributional ML forecast shows attractive upside but asymmetric downside risk. Forecast uncertainty is high; analyst placeholder treats this as Watchlist risk.",Constructive,Constructive,No major mock concern,Dividend quality compounds with stable cash flow.,Moderate total return with risk controls intact.,Macro or governance shock reduces valuation and income confidence.,69.87315375884576,Avoid,0.7487315375884577
NTES.US,NetEase Inc,"Mock analyst view: quality, dividends and balance-sheet resilience are reviewed against sector risk. Current regime lens: steady_state_low_chaos.","Mock risks: valuation compression, policy/regulatory shocks, dividend sustainability and liquidity stress. Narrative is reframing toward risk/deterioration. Distributional ML forecast shows attractive upside but asymmetric downside risk.",Constructive,Constructive,No major mock concern,Dividend quality compounds with stable cash flow.,Moderate total return with risk controls intact.,Macro or governance shock reduces valuation and income confidence.,69.60011086760255,Avoid,0.7460011086760255
FGP.LSE,FirstGroup PLC,"Mock analyst view: quality, dividends and balance-sheet resilience are reviewed against sector risk. Narrative is improving toward quality, growth and capital return. Current regime lens: steady_state_low_chaos.","Mock risks: valuation compression, policy/regulatory shocks, dividend sustainability and liquidity stress. Distributional ML forecast shows attractive upside but asymmetric downside risk.",Constructive,Constructive,No major mock concern,Dividend quality compounds with stable cash flow.,Moderate total return with risk controls intact.,Macro or governance shock reduces valuation and income confidence.,69.50920845899958,Avoid,0.7450920845899959
AM.PA,Dassault Aviation SA,"Mock analyst view: quality, dividends and balance-sheet resilience are reviewed against sector risk. Narrative is improving toward quality, growth and capital return. Current regime lens: steady_state_low_chaos.","Mock risks: valuation compression, policy/regulatory shocks, dividend sustainability and liquidity stress. Distributional ML forecast shows attractive upside but asymmetric downside risk.",Constructive,Constructive,No major mock concern,Dividend quality compounds with stable cash flow.,Moderate total return with risk controls intact.,Macro or governance shock reduces valuation and income confidence.,69.21835603730653,Avoid,0.7421835603730654
1318.HK,Mao Geping Cosmetics Co Ltd,"Mock analyst view: quality, dividends and balance-sheet resilience are reviewed against sector risk. Narrative is improving toward quality, growth and capital return. Current regime lens: steady_state_low_chaos.","Mock risks: valuation compression, policy/regulatory shocks, dividend sustainability and liquidity stress. Distributional ML forecast shows attractive upside but asymmetric downside risk. Forecast uncertainty is high; analyst placeholder treats this as Watchlist risk.",Constructive,Mixed,No major mock concern,Dividend quality compounds with stable cash flow.,Moderate total return with risk controls intact.,Macro or governance shock reduces valuation and income confidence.,68.90256889451213,Avoid,0.7390256889451213
MOON.LSE,Moonpig Group PLC,"Mock analyst view: quality, dividends and balance-sheet resilience are reviewed against sector risk. Narrative is improving toward quality, growth and capital return. Current regime lens: steady_state_low_chaos.","Mock risks: valuation compression, policy/regulatory shocks, dividend sustainability and liquidity stress. Distributional ML forecast shows attractive upside but asymmetric downside risk.",Constructive,Constructive,No major mock concern,Dividend quality compounds with stable cash flow.,Moderate total return with risk controls intact.,Macro or governance shock reduces valuation and income confidence.,68.90208912485382,Avoid,0.7390208912485382
002001.SHE,Zhejiang Nhu Co Ltd,"Mock analyst view: quality, dividends and balance-sheet resilience are reviewed against sector risk. Narrative is improving toward quality, growth and capital return. Current regime lens: steady_state_low_chaos.","Mock risks: valuation compression, policy/regulatory shocks, dividend sustainability and liquidity stress. Distributional ML forecast shows attractive upside but asymmetric downside risk.",Constructive,Mixed,No major mock concern,Dividend quality compounds with stable cash flow.,Moderate total return with risk controls intact.,Macro or governance shock reduces valuation and income confidence.,68.85083327199497,Buy,0.7385083327199498
2883.HK,China Oilfield Services Ltd,"Mock analyst view: quality, dividends and balance-sheet resilience are reviewed against sector risk. Narrative is improving toward quality, growth and capital return. Current regime lens: steady_state_low_chaos.","Mock risks: valuation compression, policy/regulatory shocks, dividend sustainability and liquidity stress. Distributional ML forecast shows attractive upside but asymmetric downside risk.",Constructive,Constructive,No major mock concern,Dividend quality compounds with stable cash flow.,Moderate total return with risk controls intact.,Macro or governance shock reduces valuation and income confidence.,68.58824203004957,Avoid,0.7358824203004958
600015.SHG,Hua Xia Bank Co Ltd,"Mock analyst view: quality, dividends and balance-sheet resilience are reviewed against sector risk. Narrative is improving toward quality, growth and capital return. Current regime lens: steady_state_low_chaos.","Mock risks: valuation compression, policy/regulatory shocks, dividend sustainability and liquidity stress.",Constructive,Constructive,No major mock concern,Dividend quality compounds with stable cash flow.,Moderate total return with risk controls intact.,Macro or governance shock reduces valuation and income confidence.,68.56029856795948,Avoid,0.7356029856795948
0728.HK,China Telecom,"Mock analyst view: quality, dividends and balance-sheet resilience are reviewed against sector risk. Narrative is improving toward quality, growth and capital return. Current regime lens: steady_state_low_chaos.","Mock risks: valuation compression, policy/regulatory shocks, dividend sustainability and liquidity stress. Distributional ML forecast shows attractive upside but asymmetric downside risk.",Needs review,Constructive,No major mock concern,Dividend quality compounds with stable cash flow.,Moderate total return with risk controls intact.,Macro or governance shock reduces valuation and income confidence.,68.50857290600473,Buy,0.7350857290600473
BCG.LSE,Baltic Classifieds Group PLC,"Mock analyst view: quality, dividends and balance-sheet resilience are reviewed against sector risk. Narrative is improving toward quality, growth and capital return. Current regime lens: steady_state_low_chaos.","Mock risks: valuation compression, policy/regulatory shocks, dividend sustainability and liquidity stress. Distributional ML forecast shows attractive upside but asymmetric downside risk.",Constructive,Constructive,No major mock concern,Dividend quality compounds with stable cash flow.,Moderate total return with risk controls intact.,Macro or governance shock reduces valuation and income confidence.,68.45287636287006,Avoid,0.7345287636287006
601808.SHG,China Oilfield Services Ltd Class A,"Mock analyst view: quality, dividends and balance-sheet resilience are reviewed against sector risk. Narrative is improving toward quality, growth and capital return. Current regime lens: steady_state_low_chaos.","Mock risks: valuation compression, policy/regulatory shocks, dividend sustainability and liquidity stress. Distributional ML forecast shows attractive upside but asymmetric downside risk.",Constructive,Constructive,No major mock concern,Dividend quality compounds with stable cash flow.,Moderate total return with risk controls intact.,Macro or governance shock reduces valuation and income confidence.,68.42209872635742,Buy,0.7342209872635742
3933.HK,United Laboratories International Holdings Ltd,"Mock analyst view: quality, dividends and balance-sheet resilience are reviewed against sector risk. Narrative is improving toward quality, growth and capital return. Current regime lens: steady_state_low_chaos.","Mock risks: valuation compression, policy/regulatory shocks, dividend sustainability and liquidity stress. Narrative is reframing toward risk/deterioration. Distributional ML forecast shows attractive upside but asymmetric downside risk. Forecast uncertainty is high; analyst placeholder treats this as Watchlist risk.",Constructive,Mixed,No major mock concern,Dividend quality compounds with stable cash flow.,Moderate total return with risk controls intact.,Macro or governance shock reduces valuation and income confidence.,68.08475421701093,Avoid,0.7308475421701093
VH2.XETRA,Friedrich Vorwerk Group SE,"Mock analyst view: quality, dividends and balance-sheet resilience are reviewed against sector risk. Narrative is improving toward quality, growth and capital return. Current regime lens: steady_state_low_chaos.","Mock risks: valuation compression, policy/regulatory shocks, dividend sustainability and liquidity stress. Narrative is reframing toward risk/deterioration. Distributional ML forecast shows attractive upside but asymmetric downside risk. Forecast uncertainty is high; analyst placeholder treats this as Watchlist risk.",Needs review,Constructive,No major mock concern,Dividend quality compounds with stable cash flow.,Moderate total return with risk controls intact.,Macro or governance shock reduces valuation and income confidence.,68.02697689818895,Avoid,0.7302697689818896
QCOM.US,Qualcomm Incorporated,"Mock analyst view: quality, dividends and balance-sheet resilience are reviewed against sector risk. Narrative is improving toward quality, growth and capital return. Current regime lens: steady_state_low_chaos.","Mock risks: valuation compression, policy/regulatory shocks, dividend sustainability and liquidity stress. Narrative is reframing toward risk/deterioration. Distributional ML forecast shows attractive upside but asymmetric downside risk. Forecast uncertainty is high; analyst placeholder treats this as Watchlist risk.",Needs review,Constructive,No major mock concern,Dividend quality compounds with stable cash flow.,Moderate total return with risk controls intact.,Macro or governance shock reduces valuation and income confidence.,67.9208146589189,Hold,0.7292081465891891
1288.HK,Agricultural Bank Of China,"Mock analyst view: quality, dividends and balance-sheet resilience are reviewed against sector risk. Narrative is improving toward quality, growth and capital return. Current regime lens: steady_state_low_chaos.","Mock risks: valuation compression, policy/regulatory shocks, dividend sustainability and liquidity stress. Distributional ML forecast shows attractive upside but asymmetric downside risk.",Constructive,Constructive,No major mock concern,Dividend quality compounds with stable cash flow.,Moderate total return with risk controls intact.,Macro or governance shock reduces valuation and income confidence.,67.80965814564087,Hold,0.7280965814564087
002027.SHE,Focus Media Information Technology Co Ltd,"Mock analyst view: quality, dividends and balance-sheet resilience are reviewed against sector risk. Narrative is improving toward quality, growth and capital return. Current regime lens: steady_state_low_chaos.","Mock risks: valuation compression, policy/regulatory shocks, dividend sustainability and liquidity stress. Distributional ML forecast shows attractive upside but asymmetric downside risk. ML dividend-cut probability is elevated.",Needs review,Constructive,No major mock concern,Dividend quality compounds with stable cash flow.,Moderate total return with risk controls intact.,Macro or governance shock reduces valuation and income confidence.,67.68365251524177,Avoid,0.7268365251524178
601398.SHG,Industrial and Commercial Bank of China Ltd,"Mock analyst view: quality, dividends and balance-sheet resilience are reviewed against sector risk. Narrative is improving toward quality, growth and capital return. Current regime lens: steady_state_low_chaos.","Mock risks: valuation compression, policy/regulatory shocks, dividend sustainability and liquidity stress.",Constructive,Constructive,No major mock concern,Dividend quality compounds with stable cash flow.,Moderate total return with risk controls intact.,Macro or governance shock reduces valuation and income confidence.,67.67034485880596,Hold,0.7267034485880597
LOGN.SW,Logitech International S.A.,"Mock analyst view: quality, dividends and balance-sheet resilience are reviewed against sector risk. Narrative is improving toward quality, growth and capital return. Current regime lens: steady_state_low_chaos.","Mock risks: valuation compression, policy/regulatory shocks, dividend sustainability and liquidity stress. Distributional ML forecast shows attractive upside but asymmetric downside risk.",Needs review,Constructive,No major mock concern,Dividend quality compounds with stable cash flow.,Moderate total return with risk controls intact.,Macro or governance shock reduces valuation and income confidence.,67.63693411709785,Hold,0.7263693411709786
601318.SHG,Ping An Insurance Group Co of China Ltd,"Mock analyst view: quality, dividends and balance-sheet resilience are reviewed against sector risk. Current regime lens: steady_state_low_chaos.","Mock risks: valuation compression, policy/regulatory shocks, dividend sustainability and liquidity stress. Narrative is reframing toward risk/deterioration. Credit/refinancing pressure is increasingly central to the equity story. Distributional ML forecast shows attractive upside but asymmetric downside risk.",Constructive,Constructive,No major mock concern,Dividend quality compounds with stable cash flow.,Moderate total return with risk controls intact.,Macro or governance shock reduces valuation and income confidence.,67.56875903079957,Avoid,0.7256875903079958
0762.HK,China Unicom Hong Kong Ltd,"Mock analyst view: quality, dividends and balance-sheet resilience are reviewed against sector risk. Narrative is improving toward quality, growth and capital return. Current regime lens: steady_state_low_chaos.","Mock risks: valuation compression, policy/regulatory shocks, dividend sustainability and liquidity stress. Distributional ML forecast shows attractive upside but asymmetric downside risk.",Constructive,Constructive,No major mock concern,Dividend quality compounds with stable cash flow.,Moderate total return with risk controls intact.,Macro or governance shock reduces valuation and income confidence.,67.16865483782823,Avoid,0.7216865483782824
1378.HK,China Hongqiao Group Ltd,"Mock analyst view: quality, dividends and balance-sheet resilience are reviewed against sector risk. Current regime lens: steady_state_low_chaos.","Mock risks: valuation compression, policy/regulatory shocks, dividend sustainability and liquidity stress. Narrative is reframing toward risk/deterioration. Distributional ML forecast shows attractive upside but asymmetric downside risk. Forecast uncertainty is high; analyst placeholder treats this as Watchlist risk.",Constructive,Constructive,No major mock concern,Dividend quality compounds with stable cash flow.,Moderate total return with risk controls intact.,Macro or governance shock reduces valuation and income confidence.,67.16632564841039,Avoid,0.721663256484104
2648.HK,"Anjoy Foods Group Co., Ltd.","Mock analyst view: quality, dividends and balance-sheet resilience are reviewed against sector risk. Narrative is improving toward quality, growth and capital return. Current regime lens: steady_state_low_chaos.","Mock risks: valuation compression, policy/regulatory shocks, dividend sustainability and liquidity stress. Distributional ML forecast shows attractive upside but asymmetric downside risk.",Constructive,Mixed,No major mock concern,Dividend quality compounds with stable cash flow.,Moderate total return with risk controls intact.,Macro or governance shock reduces valuation and income confidence.,67.16177611933936,Avoid,0.7216177611933937
TCEHY.US,Tencent Holdings Ltd ADR,"Mock analyst view: quality, dividends and balance-sheet resilience are reviewed against sector risk. Narrative is improving toward quality, growth and capital return. Current regime lens: steady_state_low_chaos.","Mock risks: valuation compression, policy/regulatory shocks, dividend sustainability and liquidity stress. Distributional ML forecast shows attractive upside but asymmetric downside risk.",Constructive,Constructive,No major mock concern,Dividend quality compounds with stable cash flow.,Moderate total return with risk controls intact.,Macro or governance shock reduces valuation and income confidence.,67.13272084702538,Avoid,0.7213272084702539
HLUN-B.CO,H Lundbeck A/S,"Mock analyst view: quality, dividends and balance-sheet resilience are reviewed against sector risk. Narrative is improving toward quality, growth and capital return. Current regime lens: steady_state_low_chaos.","Mock risks: valuation compression, policy/regulatory shocks, dividend sustainability and liquidity stress. Distributional ML forecast shows attractive upside but asymmetric downside risk.",Constructive,Constructive,No major mock concern,Dividend quality compounds with stable cash flow.,Moderate total return with risk controls intact.,Macro or governance shock reduces valuation and income confidence.,67.09449075626827,Avoid,0.7209449075626828
0857.HK,PetroChina Company Limited,"Mock analyst view: quality, dividends and balance-sheet resilience are reviewed against sector risk. Narrative is improving toward quality, growth and capital return. Current regime lens: steady_state_low_chaos.","Mock risks: valuation compression, policy/regulatory shocks, dividend sustainability and liquidity stress. Distributional ML forecast shows attractive upside but asymmetric downside risk.",Constructive,Mixed,No major mock concern,Dividend quality compounds with stable cash flow.,Moderate total return with risk controls intact.,Macro or governance shock reduces valuation and income confidence.,67.03612106527126,Avoid,0.7203612106527126
2628.HK,China Life Insurance Co Ltd,"Mock analyst view: quality, dividends and balance-sheet resilience are reviewed against sector risk. Narrative is improving toward quality, growth and capital return. Current regime lens: steady_state_low_chaos.","Mock risks: valuation compression, policy/regulatory shocks, dividend sustainability and liquidity stress. Narrative is reframing toward risk/deterioration. Distributional ML forecast shows attractive upside but asymmetric downside risk. Forecast uncertainty is high; analyst placeholder treats this as Watchlist risk.",Constructive,Constructive,No major mock concern,Dividend quality compounds with stable cash flow.,Moderate total return with risk controls intact.,Macro or governance shock reduces valuation and income confidence.,66.88289536928626,Hold,0.7188289536928627
1651.HK,Precision Tsugami China Corporation Ltd,"Mock analyst view: quality, dividends and balance-sheet resilience are reviewed against sector risk. Narrative is improving toward quality, growth and capital return. Current regime lens: steady_state_low_chaos.","Mock risks: valuation compression, policy/regulatory shocks, dividend sustainability and liquidity stress. Narrative is reframing toward risk/deterioration. Distributional ML forecast shows attractive upside but asymmetric downside risk. Forecast uncertainty is high; analyst placeholder treats this as Watchlist risk.",Constructive,Mixed,No major mock concern,Dividend quality compounds with stable cash flow.,Moderate total return with risk controls intact.,Macro or governance shock reduces valuation and income confidence.,66.78246336109616,Avoid,0.7178246336109617
R6C0.XETRA,Shell PLC,"Mock analyst view: quality, dividends and balance-sheet resilience are reviewed against sector risk. Narrative is improving toward quality, growth and capital return. Current regime lens: steady_state_low_chaos.","Mock risks: valuation compression, policy/regulatory shocks, dividend sustainability and liquidity stress. Distributional ML forecast shows attractive upside but asymmetric downside risk.",Constructive,Constructive,No major mock concern,Dividend quality compounds with stable cash flow.,Moderate total return with risk controls intact.,Macro or governance shock reduces valuation and income confidence.,66.75251971074503,Avoid,0.7175251971074503
6031.HK,"Sany Heavy Industry Co.,Ltd","Mock analyst view: quality, dividends and balance-sheet resilience are reviewed against sector risk. Narrative is improving toward quality, growth and capital return. Current regime lens: steady_state_low_chaos.","Mock risks: valuation compression, policy/regulatory shocks, dividend sustainability and liquidity stress. Distributional ML forecast shows attractive upside but asymmetric downside risk. Forecast uncertainty is high; analyst placeholder treats this as Watchlist risk.",Needs review,Constructive,No major mock concern,Dividend quality compounds with stable cash flow.,Moderate total return with risk controls intact.,Macro or governance shock reduces valuation and income confidence.,66.71807722002501,Avoid,0.7171807722002501
0291.HK,China Resources Beer Holdings Co Ltd,"Mock analyst view: quality, dividends and balance-sheet resilience are reviewed against sector risk. Narrative is improving toward quality, growth and capital return. Current regime lens: steady_state_low_chaos.","Mock risks: valuation compression, policy/regulatory shocks, dividend sustainability and liquidity stress. Distributional ML forecast shows attractive upside but asymmetric downside risk.",Constructive,Constructive,No major mock concern,Dividend quality compounds with stable cash flow.,Moderate total return with risk controls intact.,Macro or governance shock reduces valuation and income confidence.,66.65233596031304,Hold,0.7165233596031304
SOP.PA,Sopra Steria Group SA,"Mock analyst view: quality, dividends and balance-sheet resilience are reviewed against sector risk. Current regime lens: steady_state_low_chaos.","Mock risks: valuation compression, policy/regulatory shocks, dividend sustainability and liquidity stress. Narrative is reframing toward risk/deterioration. Distributional ML forecast shows attractive upside but asymmetric downside risk. Forecast uncertainty is high; analyst placeholder treats this as Watchlist risk.",Constructive,Constructive,No major mock concern,Dividend quality compounds with stable cash flow.,Moderate total return with risk controls intact.,Macro or governance shock reduces valuation and income confidence.,66.64517842146235,Avoid,0.7164517842146235
2611.HK,Guotai Junan Securities Co Ltd,"Mock analyst view: quality, dividends and balance-sheet resilience are reviewed against sector risk. Narrative is improving toward quality, growth and capital return. Current regime lens: steady_state_low_chaos.","Mock risks: valuation compression, policy/regulatory shocks, dividend sustainability and liquidity stress. Distributional ML forecast shows attractive upside but asymmetric downside risk.",Constructive,Constructive,No major mock concern,Dividend quality compounds with stable cash flow.,Moderate total return with risk controls intact.,Macro or governance shock reduces valuation and income confidence.,66.59469462060434,Avoid,0.7159469462060435
3968.HK,China Merchants Bank Co Ltd Class H,"Mock analyst view: quality, dividends and balance-sheet resilience are reviewed against sector risk. Current regime lens: steady_state_low_chaos.","Mock risks: valuation compression, policy/regulatory shocks, dividend sustainability and liquidity stress. Narrative is reframing toward risk/deterioration.",Constructive,Constructive,No major mock concern,Dividend quality compounds with stable cash flow.,Moderate total return with risk controls intact.,Macro or governance shock reduces valuation and income confidence.,66.537254471548,Hold,0.71537254471548
RYA.IR,Ryanair Holdings plc,"Mock analyst view: quality, dividends and balance-sheet resilience are reviewed against sector risk. Narrative is improving toward quality, growth and capital return. Current regime lens: steady_state_low_chaos.","Mock risks: valuation compression, policy/regulatory shocks, dividend sustainability and liquidity stress. Distributional ML forecast shows attractive upside but asymmetric downside risk.",Constructive,Constructive,No major mock concern,Dividend quality compounds with stable cash flow.,Moderate total return with risk controls intact.,Macro or governance shock reduces valuation and income confidence.,66.51182093462288,Hold,0.7151182093462288
DSY.PA,Dassault Systemes SE,"Mock analyst view: quality, dividends and balance-sheet resilience are reviewed against sector risk. Narrative is improving toward quality, growth and capital return. Current regime lens: steady_state_low_chaos.","Mock risks: valuation compression, policy/regulatory shocks, dividend sustainability and liquidity stress. Distributional ML forecast shows attractive upside but asymmetric downside risk.",Needs review,Constructive,No major mock concern,Dividend quality compounds with stable cash flow.,Moderate total return with risk controls intact.,Macro or governance shock reduces valuation and income confidence.,66.48024384445954,Avoid,0.7148024384445955
PUB.PA,Publicis Groupe SA,"Mock analyst view: quality, dividends and balance-sheet resilience are reviewed against sector risk. Narrative is improving toward quality, growth and capital return. Current regime lens: steady_state_low_chaos.","Mock risks: valuation compression, policy/regulatory shocks, dividend sustainability and liquidity stress. Distributional ML forecast shows attractive upside but asymmetric downside risk.",Constructive,Constructive,No major mock concern,Dividend quality compounds with stable cash flow.,Moderate total return with risk controls intact.,Macro or governance shock reduces valuation and income confidence.,66.36489949466062,Hold,0.7136489949466063
RMV.LSE,Rightmove PLC,"Mock analyst view: quality, dividends and balance-sheet resilience are reviewed against sector risk. Narrative is improving toward quality, growth and capital return. Current regime lens: steady_state_low_chaos.","Mock risks: valuation compression, policy/regulatory shocks, dividend sustainability and liquidity stress. Distributional ML forecast shows attractive upside but asymmetric downside risk.",Needs review,Constructive,No major mock concern,Dividend quality compounds with stable cash flow.,Moderate total return with risk controls intact.,Macro or governance shock reduces valuation and income confidence.,66.36023342287055,Avoid,0.7136023342287056
2318.HK,Ping An Insurance,"Mock analyst view: quality, dividends and balance-sheet resilience are reviewed against sector risk. Narrative is improving toward quality, growth and capital return. Current regime lens: steady_state_low_chaos.","Mock risks: valuation compression, policy/regulatory shocks, dividend sustainability and liquidity stress. Distributional ML forecast shows attractive upside but asymmetric downside risk.",Constructive,Constructive,No major mock concern,Dividend quality compounds with stable cash flow.,Moderate total return with risk controls intact.,Macro or governance shock reduces valuation and income confidence.,66.35823473051964,Hold,0.7135823473051964
1882.HK,Haitian International Holdings Ltd,"Mock analyst view: quality, dividends and balance-sheet resilience are reviewed against sector risk. Narrative is improving toward quality, growth and capital return. Current regime lens: steady_state_low_chaos.","Mock risks: valuation compression, policy/regulatory shocks, dividend sustainability and liquidity stress. Distributional ML forecast shows attractive upside but asymmetric downside risk.",Constructive,Mixed,No major mock concern,Dividend quality compounds with stable cash flow.,Moderate total return with risk controls intact.,Macro or governance shock reduces valuation and income confidence.,66.2613077378298,Avoid,0.712613077378298
ALV.XETRA,Allianz SE VNA O.N.,"Mock analyst view: quality, dividends and balance-sheet resilience are reviewed against sector risk. Narrative is improving toward quality, growth and capital return. Current regime lens: steady_state_low_chaos.","Mock risks: valuation compression, policy/regulatory shocks, dividend sustainability and liquidity stress. Narrative is reframing toward risk/deterioration.",Constructive,Constructive,No major mock concern,Dividend quality compounds with stable cash flow.,Moderate total return with risk controls intact.,Macro or governance shock reduces valuation and income confidence.,66.24662541719486,Hold,0.7124662541719486
0921.HK,Hisense Home Appliances Group Co Ltd,"Mock analyst view: quality, dividends and balance-sheet resilience are reviewed against sector risk. Current regime lens: steady_state_low_chaos.","Mock risks: valuation compression, policy/regulatory shocks, dividend sustainability and liquidity stress. Narrative is reframing toward risk/deterioration. Distributional ML forecast shows attractive upside but asymmetric downside risk.",Constructive,Mixed,No major mock concern,Dividend quality compounds with stable cash flow.,Moderate total return with risk controls intact.,Macro or governance shock reduces valuation and income confidence.,66.12297370345073,Avoid,0.7112297370345073
ACT.XETRA,AlzChem Group AG,"Mock analyst view: quality, dividends and balance-sheet resilience are reviewed against sector risk. Narrative is improving toward quality, growth and capital return. Current regime lens: steady_state_low_chaos.","Mock risks: valuation compression, policy/regulatory shocks, dividend sustainability and liquidity stress. Distributional ML forecast shows attractive upside but asymmetric downside risk. Forecast uncertainty is high; analyst placeholder treats this as Watchlist risk.",Constructive,Constructive,No major mock concern,Dividend quality compounds with stable cash flow.,Moderate total return with risk controls intact.,Macro or governance shock reduces valuation and income confidence.,66.0095360202706,Avoid,0.710095360202706
600352.SHG,Zhejiang Longsheng Group Co Ltd,"Mock analyst view: quality, dividends and balance-sheet resilience are reviewed against sector risk. Narrative is improving toward quality, growth and capital return. Current regime lens: steady_state_low_chaos.","Mock risks: valuation compression, policy/regulatory shocks, dividend sustainability and liquidity stress. Distributional ML forecast shows attractive upside but asymmetric downside risk. Forecast uncertainty is high; analyst placeholder treats this as Watchlist risk.",Needs review,Constructive,No major mock concern,Dividend quality compounds with stable cash flow.,Moderate total return with risk controls intact.,Macro or governance shock reduces valuation and income confidence.,65.8547306346297,Hold,0.708547306346297
601169.SHG,Bank of Beijing Co Ltd,"Mock analyst view: quality, dividends and balance-sheet resilience are reviewed against sector risk. Narrative is improving toward quality, growth and capital return. Current regime lens: steady_state_low_chaos.","Mock risks: valuation compression, policy/regulatory shocks, dividend sustainability and liquidity stress. Narrative is reframing toward risk/deterioration.",Constructive,Constructive,No major mock concern,Dividend quality compounds with stable cash flow.,Moderate total return with risk controls intact.,Macro or governance shock reduces valuation and income confidence.,65.85467831170408,Hold,0.7085467831170408
600050.SHG,China United Network Communications Ltd,"Mock analyst view: quality, dividends and balance-sheet resilience are reviewed against sector risk. Narrative is improving toward quality, growth and capital return. Current regime lens: steady_state_low_chaos.","Mock risks: valuation compression, policy/regulatory shocks, dividend sustainability and liquidity stress. Distributional ML forecast shows attractive upside but asymmetric downside risk.",Constructive,Constructive,No major mock concern,Dividend quality compounds with stable cash flow.,Moderate total return with risk controls intact.,Macro or governance shock reduces valuation and income confidence.,65.84307717292404,Hold,0.7084307717292404
AUTO.LSE,Auto Trader Group plc,"Mock analyst view: quality, dividends and balance-sheet resilience are reviewed against sector risk. Narrative is improving toward quality, growth and capital return. Current regime lens: steady_state_low_chaos.","Mock risks: valuation compression, policy/regulatory shocks, dividend sustainability and liquidity stress. Distributional ML forecast shows attractive upside but asymmetric downside risk.",Constructive,Constructive,No major mock concern,Dividend quality compounds with stable cash flow.,Moderate total return with risk controls intact.,Macro or governance shock reduces valuation and income confidence.,65.74553391424092,Avoid,0.7074553391424092
KRN.XETRA,Krones AG,"Mock analyst view: quality, dividends and balance-sheet resilience are reviewed against sector risk. Narrative is improving toward quality, growth and capital return. Current regime lens: steady_state_low_chaos.","Mock risks: valuation compression, policy/regulatory shocks, dividend sustainability and liquidity stress. Distributional ML forecast shows attractive upside but asymmetric downside risk.",Constructive,Mixed,No major mock concern,Dividend quality compounds with stable cash flow.,Moderate total return with risk controls intact.,Macro or governance shock reduces valuation and income confidence.,65.73656179922143,Avoid,0.7073656179922144
600219.SHG,Shandong Nanshan Aluminium Co Ltd,"Mock analyst view: quality, dividends and balance-sheet resilience are reviewed against sector risk. Narrative is improving toward quality, growth and capital return. Current regime lens: steady_state_low_chaos.","Mock risks: valuation compression, policy/regulatory shocks, dividend sustainability and liquidity stress. Distributional ML forecast shows attractive upside but asymmetric downside risk. Forecast uncertainty is high; analyst placeholder treats this as Watchlist risk.",Constructive,Mixed,No major mock concern,Dividend quality compounds with stable cash flow.,Moderate total return with risk controls intact.,Macro or governance shock reduces valuation and income confidence.,65.69605227588615,Hold,0.7069605227588616
1336.HK,New China Life Insurance,"Mock analyst view: quality, dividends and balance-sheet resilience are reviewed against sector risk. Current regime lens: steady_state_low_chaos.","Mock risks: valuation compression, policy/regulatory shocks, dividend sustainability and liquidity stress. Narrative is reframing toward risk/deterioration. Credit/refinancing pressure is increasingly central to the equity story. Distributional ML forecast shows attractive upside but asymmetric downside risk.",Constructive,Constructive,No major mock concern,Dividend quality compounds with stable cash flow.,Moderate total return with risk controls intact.,Macro or governance shock reduces valuation and income confidence.,65.65665137705827,Avoid,0.7065665137705828
EDV.LSE,Endeavour Mining Corp,"Mock analyst view: quality, dividends and balance-sheet resilience are reviewed against sector risk. Current regime lens: steady_state_low_chaos.","Mock risks: valuation compression, policy/regulatory shocks, dividend sustainability and liquidity stress. Narrative is reframing toward risk/deterioration. Distributional ML forecast shows attractive upside but asymmetric downside risk. Forecast uncertainty is high; analyst placeholder treats this as Watchlist risk.",Constructive,Constructive,No major mock concern,Dividend quality compounds with stable cash flow.,Moderate total return with risk controls intact.,Macro or governance shock reduces valuation and income confidence.,65.55029143275087,Hold,0.7055029143275087
MONY.LSE,MONY Group plc,"Mock analyst view: quality, dividends and balance-sheet resilience are reviewed against sector risk. Narrative is improving toward quality, growth and capital return. Current regime lens: steady_state_low_chaos.","Mock risks: valuation compression, policy/regulatory shocks, dividend sustainability and liquidity stress. Narrative is reframing toward risk/deterioration. Distributional ML forecast shows attractive upside but asymmetric downside risk. ML dividend-cut probability is elevated.",Needs review,Constructive,No major mock concern,Dividend quality compounds with stable cash flow.,Moderate total return with risk controls intact.,Macro or governance shock reduces valuation and income confidence.,65.50001825681684,Avoid,0.7050001825681684
1415.HK,Cowell e Holdings Inc,"Mock analyst view: quality, dividends and balance-sheet resilience are reviewed against sector risk. Current regime lens: steady_state_low_chaos.","Mock risks: valuation compression, policy/regulatory shocks, dividend sustainability and liquidity stress. Narrative is reframing toward risk/deterioration. Distributional ML forecast shows attractive upside but asymmetric downside risk. Forecast uncertainty is high; analyst placeholder treats this as Watchlist risk.",Constructive,Mixed,No major mock concern,Dividend quality compounds with stable cash flow.,Moderate total return with risk controls intact.,Macro or governance shock reduces valuation and income confidence.,65.35610955198675,Avoid,0.7035610955198676
0189.HK,Dongyue Group Ltd,"Mock analyst view: quality, dividends and balance-sheet resilience are reviewed against sector risk. Current regime lens: steady_state_low_chaos.","Mock risks: valuation compression, policy/regulatory shocks, dividend sustainability and liquidity stress. Narrative is reframing toward risk/deterioration. Distributional ML forecast shows attractive upside but asymmetric downside risk. Forecast uncertainty is high; analyst placeholder treats this as Watchlist risk.",Needs review,Constructive,No major mock concern,Dividend quality compounds with stable cash flow.,Moderate total return with risk controls intact.,Macro or governance shock reduces valuation and income confidence.,65.21657340379068,Hold,0.7021657340379068
2333.HK,Great Wall Motor Co Ltd,"Mock analyst view: quality, dividends and balance-sheet resilience are reviewed against sector risk. Current regime lens: steady_state_low_chaos.","Mock risks: valuation compression, policy/regulatory shocks, dividend sustainability and liquidity stress. Narrative is reframing toward risk/deterioration. Distributional ML forecast shows attractive upside but asymmetric downside risk.",Constructive,Constructive,No major mock concern,Dividend quality compounds with stable cash flow.,Moderate total return with risk controls intact.,Macro or governance shock reduces valuation and income confidence.,65.12651204591512,Avoid,0.7012651204591512
2367.HK,Giant Biogene Holding Co Ltd,"Mock analyst view: quality, dividends and balance-sheet resilience are reviewed against sector risk. Narrative is improving toward quality, growth and capital return. Current regime lens: steady_state_low_chaos.","Mock risks: valuation compression, policy/regulatory shocks, dividend sustainability and liquidity stress. Distributional ML forecast shows attractive upside but asymmetric downside risk. Forecast uncertainty is high; analyst placeholder treats this as Watchlist risk.",Constructive,Constructive,No major mock concern,Dividend quality compounds with stable cash flow.,Moderate total return with risk controls intact.,Macro or governance shock reduces valuation and income confidence.,64.82651651898293,Avoid,0.6982651651898293
1658.HK,Postal Savings Bank of China,"Mock analyst view: quality, dividends and balance-sheet resilience are reviewed against sector risk. Narrative is improving toward quality, growth and capital return. Current regime lens: steady_state_low_chaos.","Mock risks: valuation compression, policy/regulatory shocks, dividend sustainability and liquidity stress.",Constructive,Constructive,No major mock concern,Dividend quality compounds with stable cash flow.,Moderate total return with risk controls intact.,Macro or governance shock reduces valuation and income confidence.,64.80110676392206,Avoid,0.6980110676392207
000807.SHE,Yunnan Aluminium Co Ltd,"Mock analyst view: quality, dividends and balance-sheet resilience are reviewed against sector risk. Narrative is improving toward quality, growth and capital return. Current regime lens: steady_state_low_chaos.","Mock risks: valuation compression, policy/regulatory shocks, dividend sustainability and liquidity stress. Distributional ML forecast shows attractive upside but asymmetric downside risk. Forecast uncertainty is high; analyst placeholder treats this as Watchlist risk.",Constructive,Mixed,No major mock concern,Dividend quality compounds with stable cash flow.,Moderate total return with risk controls intact.,Macro or governance shock reduces valuation and income confidence.,64.68899112093197,Avoid,0.6968899112093198
HIAB.HE,Hiab B,"Mock analyst view: quality, dividends and balance-sheet resilience are reviewed against sector risk. Narrative is improving toward quality, growth and capital return. Current regime lens: steady_state_low_chaos.","Mock risks: valuation compression, policy/regulatory shocks, dividend sustainability and liquidity stress. Distributional ML forecast shows attractive upside but asymmetric downside risk.",Needs review,Mixed,No major mock concern,Dividend quality compounds with stable cash flow.,Moderate total return with risk controls intact.,Macro or governance shock reduces valuation and income confidence.,64.68100375982164,Avoid,0.6968100375982164
0939.HK,China Construction Bank Corp,"Mock analyst view: quality, dividends and balance-sheet resilience are reviewed against sector risk. Current regime lens: steady_state_low_chaos.","Mock risks: valuation compression, policy/regulatory shocks, dividend sustainability and liquidity stress. Narrative is reframing toward risk/deterioration.",Constructive,Constructive,No major mock concern,Dividend quality compounds with stable cash flow.,Moderate total return with risk controls intact.,Macro or governance shock reduces valuation and income confidence.,64.67254529670366,Hold,0.6967254529670366
9636.HK,JF Wealth Holdings Ltd,"Mock analyst view: quality, dividends and balance-sheet resilience are reviewed against sector risk. Narrative is improving toward quality, growth and capital return. Current regime lens: steady_state_low_chaos.","Mock risks: valuation compression, policy/regulatory shocks, dividend sustainability and liquidity stress. Distributional ML forecast shows attractive upside but asymmetric downside risk. Forecast uncertainty is high; analyst placeholder treats this as Watchlist risk.",Constructive,Mixed,No major mock concern,Dividend quality compounds with stable cash flow.,Moderate total return with risk controls intact.,Macro or governance shock reduces valuation and income confidence.,64.67170829560074,Avoid,0.6967170829560074
2331.HK,Li Ning Co Ltd,"Mock analyst view: quality, dividends and balance-sheet resilience are reviewed against sector risk. Current regime lens: steady_state_low_chaos.","Mock risks: valuation compression, policy/regulatory shocks, dividend sustainability and liquidity stress. Narrative is reframing toward risk/deterioration. Distributional ML forecast shows attractive upside but asymmetric downside risk.",Needs review,Constructive,No major mock concern,Dividend quality compounds with stable cash flow.,Moderate total return with risk controls intact.,Macro or governance shock reduces valuation and income confidence.,64.63894848000413,Hold,0.6963894848000414
600809.SHG,Shanxi Xinghuacun Fen Wine Factory Co Ltd,"Mock analyst view: quality, dividends and balance-sheet resilience are reviewed against sector risk. Narrative is improving toward quality, growth and capital return. Current regime lens: steady_state_low_chaos.","Mock risks: valuation compression, policy/regulatory shocks, dividend sustainability and liquidity stress. Narrative is reframing toward risk/deterioration. Distributional ML forecast shows attractive upside but asymmetric downside risk.",Constructive,Mixed,No major mock concern,Dividend quality compounds with stable cash flow.,Moderate total return with risk controls intact.,Macro or governance shock reduces valuation and income confidence.,64.62736074356242,Hold,0.6962736074356243
SQN.SW,Swissquote Group Holding SA,"Mock analyst view: quality, dividends and balance-sheet resilience are reviewed against sector risk. Narrative is improving toward quality, growth and capital return. Current regime lens: steady_state_low_chaos.","Mock risks: valuation compression, policy/regulatory shocks, dividend sustainability and liquidity stress. Distributional ML forecast shows attractive upside but asymmetric downside risk.",Constructive,Constructive,No major mock concern,Dividend quality compounds with stable cash flow.,Moderate total return with risk controls intact.,Macro or governance shock reduces valuation and income confidence.,64.57322898393707,Avoid,0.6957322898393707
BYIT.LSE,Bytes Technology Ltd,"Mock analyst view: quality, dividends and balance-sheet resilience are reviewed against sector risk. Narrative is improving toward quality, growth and capital return. Current regime lens: steady_state_low_chaos.","Mock risks: valuation compression, policy/regulatory shocks, dividend sustainability and liquidity stress. Distributional ML forecast shows attractive upside but asymmetric downside risk.",Constructive,Constructive,No major mock concern,Dividend quality compounds with stable cash flow.,Moderate total return with risk controls intact.,Macro or governance shock reduces valuation and income confidence.,64.53929192686893,Avoid,0.6953929192686893
2099.HK,China Gold International Resources,"Mock analyst view: quality, dividends and balance-sheet resilience are reviewed against sector risk. Narrative is improving toward quality, growth and capital return. Current regime lens: steady_state_low_chaos.","Mock risks: valuation compression, policy/regulatory shocks, dividend sustainability and liquidity stress. Distributional ML forecast shows attractive upside but asymmetric downside risk. Forecast uncertainty is high; analyst placeholder treats this as Watchlist risk.",Constructive,Constructive,No major mock concern,Dividend quality compounds with stable cash flow.,Moderate total return with risk controls intact.,Macro or governance shock reduces valuation and income confidence.,64.5055282767597,Avoid,0.6950552827675971
BARC.LSE,Barclays PLC,"Mock analyst view: quality, dividends and balance-sheet resilience are reviewed against sector risk. Narrative is improving toward quality, growth and capital return. Current regime lens: steady_state_low_chaos.","Mock risks: valuation compression, policy/regulatory shocks, dividend sustainability and liquidity stress. Narrative is reframing toward risk/deterioration. Distributional ML forecast shows attractive upside but asymmetric downside risk.",Constructive,Constructive,No major mock concern,Dividend quality compounds with stable cash flow.,Moderate total return with risk controls intact.,Macro or governance shock reduces valuation and income confidence.,64.43554621332585,Hold,0.6943554621332586
002236.SHE,Zhejiang Dahua Technology Co Ltd,"Mock analyst view: quality, dividends and balance-sheet resilience are reviewed against sector risk. Narrative is improving toward quality, growth and capital return. Current regime lens: steady_state_low_chaos.","Mock risks: valuation compression, policy/regulatory shocks, dividend sustainability and liquidity stress. Distributional ML forecast shows attractive upside but asymmetric downside risk.",Constructive,Mixed,No major mock concern,Dividend quality compounds with stable cash flow.,Moderate total return with risk controls intact.,Macro or governance shock reduces valuation and income confidence.,64.42920791381532,Hold,0.6942920791381533
WRT1V.HE,Wartsila Oyj Abp,"Mock analyst view: quality, dividends and balance-sheet resilience are reviewed against sector risk. Narrative is improving toward quality, growth and capital return. Current regime lens: steady_state_low_chaos.","Mock risks: valuation compression, policy/regulatory shocks, dividend sustainability and liquidity stress. Narrative is reframing toward risk/deterioration. Distributional ML forecast shows attractive upside but asymmetric downside risk.",Constructive,Constructive,No major mock concern,Dividend quality compounds with stable cash flow.,Moderate total return with risk controls intact.,Macro or governance shock reduces valuation and income confidence.,64.39426084478237,Hold,0.6939426084478237
DUE.XETRA,Dürr Aktiengesellschaft,"Mock analyst view: quality, dividends and balance-sheet resilience are reviewed against sector risk. Narrative is improving toward quality, growth and capital return. Current regime lens: steady_state_low_chaos.","Mock risks: valuation compression, policy/regulatory shocks, dividend sustainability and liquidity stress. Distributional ML forecast shows attractive upside but asymmetric downside risk.",Constructive,Constructive,No major mock concern,Dividend quality compounds with stable cash flow.,Moderate total return with risk controls intact.,Macro or governance shock reduces valuation and income confidence.,64.38395167264419,Avoid,0.693839516726442
0288.HK,WH Group Ltd,"Mock analyst view: quality, dividends and balance-sheet resilience are reviewed against sector risk. Narrative is improving toward quality, growth and capital return. Current regime lens: steady_state_low_chaos.","Mock risks: valuation compression, policy/regulatory shocks, dividend sustainability and liquidity stress. Distributional ML forecast shows attractive upside but asymmetric downside risk.",Constructive,Mixed,No major mock concern,Dividend quality compounds with stable cash flow.,Moderate total return with risk controls intact.,Macro or governance shock reduces valuation and income confidence.,64.32844921554104,Hold,0.6932844921554104
EQT.US,EQT Corporation,"Mock analyst view: quality, dividends and balance-sheet resilience are reviewed against sector risk. Narrative is improving toward quality, growth and capital return. Current regime lens: steady_state_low_chaos.","Mock risks: valuation compression, policy/regulatory shocks, dividend sustainability and liquidity stress. Distributional ML forecast shows attractive upside but asymmetric downside risk.",Constructive,Constructive,No major mock concern,Dividend quality compounds with stable cash flow.,Moderate total return with risk controls intact.,Macro or governance shock reduces valuation and income confidence.,64.24516984625097,Avoid,0.6924516984625098
0700.HK,Tencent Holdings Ltd,"Mock analyst view: quality, dividends and balance-sheet resilience are reviewed against sector risk. Narrative is improving toward quality, growth and capital return. Current regime lens: steady_state_low_chaos.","Mock risks: valuation compression, policy/regulatory shocks, dividend sustainability and liquidity stress. Distributional ML forecast shows attractive upside but asymmetric downside risk.",Constructive,Constructive,No major mock concern,Dividend quality compounds with stable cash flow.,Moderate total return with risk controls intact.,Macro or governance shock reduces valuation and income confidence.,64.23161749269693,Avoid,0.6923161749269693
TLX.XETRA,Talanx AG,"Mock analyst view: quality, dividends and balance-sheet resilience are reviewed against sector risk. Narrative is improving toward quality, growth and capital return. Current regime lens: steady_state_low_chaos.","Mock risks: valuation compression, policy/regulatory shocks, dividend sustainability and liquidity stress. Distributional ML forecast shows attractive upside but asymmetric downside risk.",Constructive,Constructive,No major mock concern,Dividend quality compounds with stable cash flow.,Moderate total return with risk controls intact.,Macro or governance shock reduces valuation and income confidence.,64.19272814855098,Avoid,0.6919272814855099
HEN3.XETRA,Henkel AG & Co. KGaA vz. (Pref Shares),"Mock analyst view: quality, dividends and balance-sheet resilience are reviewed against sector risk. Current regime lens: steady_state_low_chaos.","Mock risks: valuation compression, policy/regulatory shocks, dividend sustainability and liquidity stress. Narrative is reframing toward risk/deterioration.",Needs review,Mixed,No major mock concern,Dividend quality compounds with stable cash flow.,Moderate total return with risk controls intact.,Macro or governance shock reduces valuation and income confidence.,64.17227690386414,Hold,0.6917227690386415
FGR.PA,Eiffage SA,"Mock analyst view: quality, dividends and balance-sheet resilience are reviewed against sector risk. Narrative is improving toward quality, growth and capital return. Current regime lens: steady_state_low_chaos.","Mock risks: valuation compression, policy/regulatory shocks, dividend sustainability and liquidity stress. Distributional ML forecast shows attractive upside but asymmetric downside risk.",Constructive,Constructive,No major mock concern,Dividend quality compounds with stable cash flow.,Moderate total return with risk controls intact.,Macro or governance shock reduces valuation and income confidence.,64.14852898597945,Hold,0.6914852898597945
1530.HK,3SBio Inc,"Mock analyst view: quality, dividends and balance-sheet resilience are reviewed against sector risk. Narrative is improving toward quality, growth and capital return. Current regime lens: steady_state_low_chaos.","Mock risks: valuation compression, policy/regulatory shocks, dividend sustainability and liquidity stress. Distributional ML forecast shows attractive upside but asymmetric downside risk. Forecast uncertainty is high; analyst placeholder treats this as Watchlist risk.",Needs review,Constructive,No major mock concern,Dividend quality compounds with stable cash flow.,Moderate total return with risk controls intact.,Macro or governance shock reduces valuation and income confidence.,64.12082791346235,Avoid,0.6912082791346236
NTAP.US,NetApp Inc,"Mock analyst view: quality, dividends and balance-sheet resilience are reviewed against sector risk. Current regime lens: steady_state_low_chaos.","Mock risks: valuation compression, policy/regulatory shocks, dividend sustainability and liquidity stress. Narrative is reframing toward risk/deterioration. Credit/refinancing pressure is increasingly central to the equity story. Distributional ML forecast shows attractive upside but asymmetric downside risk. Forecast uncertainty is high; analyst placeholder treats this as Watchlist risk.",Needs review,Constructive,No major mock concern,Dividend quality compounds with stable cash flow.,Moderate total return with risk controls intact.,Macro or governance shock reduces valuation and income confidence.,64.03347252564586,Avoid,0.6903347252564587
2020.HK,ANTA Sports Products Ltd,"Mock analyst view: quality, dividends and balance-sheet resilience are reviewed against sector risk. Narrative is improving toward quality, growth and capital return. Current regime lens: steady_state_low_chaos.","Mock risks: valuation compression, policy/regulatory shocks, dividend sustainability and liquidity stress. Distributional ML forecast shows attractive upside but asymmetric downside risk.",Constructive,Constructive,No major mock concern,Dividend quality compounds with stable cash flow.,Moderate total return with risk controls intact.,Macro or governance shock reduces valuation and income confidence.,63.98496721982271,Hold,0.6898496721982271
300760.SHE,Shenzhen Mindray Bio-Medical Electronics Co Ltd Class A,"Mock analyst view: quality, dividends and balance-sheet resilience are reviewed against sector risk. Narrative is improving toward quality, growth and capital return. Current regime lens: steady_state_low_chaos.","Mock risks: valuation compression, policy/regulatory shocks, dividend sustainability and liquidity stress. Distributional ML forecast shows attractive upside but asymmetric downside risk.",Needs review,Constructive,No major mock concern,Dividend quality compounds with stable cash flow.,Moderate total return with risk controls intact.,Macro or governance shock reduces valuation and income confidence.,63.9595518369882,Hold,0.689595518369882
MGNS.LSE,Morgan Sindall Group PLC,"Mock analyst view: quality, dividends and balance-sheet resilience are reviewed against sector risk. Narrative is improving toward quality, growth and capital return. Current regime lens: steady_state_low_chaos.","Mock risks: valuation compression, policy/regulatory shocks, dividend sustainability and liquidity stress. Distributional ML forecast shows attractive upside but asymmetric downside risk.",Constructive,Mixed,No major mock concern,Dividend quality compounds with stable cash flow.,Moderate total return with risk controls intact.,Macro or governance shock reduces valuation and income confidence.,63.89222054967743,Avoid,0.6889222054967744
AIBG.LSE,AIB Group PLC,"Mock analyst view: quality, dividends and balance-sheet resilience are reviewed against sector risk. Narrative is improving toward quality, growth and capital return. Current regime lens: steady_state_low_chaos.","Mock risks: valuation compression, policy/regulatory shocks, dividend sustainability and liquidity stress. Distributional ML forecast shows attractive upside but asymmetric downside risk.",Constructive,Constructive,No major mock concern,Dividend quality compounds with stable cash flow.,Moderate total return with risk controls intact.,Macro or governance shock reduces valuation and income confidence.,63.870584407584744,Avoid,0.6887058440758475
002532.SHE,Tianshan Aluminum Group Co Ltd,"Mock analyst view: quality, dividends and balance-sheet resilience are reviewed against sector risk. Current regime lens: steady_state_low_chaos.","Mock risks: valuation compression, policy/regulatory shocks, dividend sustainability and liquidity stress. Narrative is reframing toward risk/deterioration. Credit/refinancing pressure is increasingly central to the equity story. Distributional ML forecast shows attractive upside but asymmetric downside risk. Forecast uncertainty is high; analyst placeholder treats this as Watchlist risk.",Constructive,Constructive,No major mock concern,Dividend quality compounds with stable cash flow.,Moderate total return with risk controls intact.,Macro or governance shock reduces valuation and income confidence.,63.848882576689306,Avoid,0.6884888257668931
0027.HK,Galaxy Entertainment Group Ltd,"Mock analyst view: quality, dividends and balance-sheet resilience are reviewed against sector risk. Narrative is improving toward quality, growth and capital return. Current regime lens: steady_state_low_chaos.","Mock risks: valuation compression, policy/regulatory shocks, dividend sustainability and liquidity stress. Distributional ML forecast shows attractive upside but asymmetric downside risk.",Needs review,Constructive,No major mock concern,Dividend quality compounds with stable cash flow.,Moderate total return with risk controls intact.,Macro or governance shock reduces valuation and income confidence.,63.84502875674535,Hold,0.6884502875674535
MO.US,Altria Group,"Mock analyst view: quality, dividends and balance-sheet resilience are reviewed against sector risk. Narrative is improving toward quality, growth and capital return. Current regime lens: steady_state_low_chaos.","Mock risks: valuation compression, policy/regulatory shocks, dividend sustainability and liquidity stress. Distributional ML forecast shows attractive upside but asymmetric downside risk. ML dividend-cut probability is elevated.",Needs review,Constructive,No major mock concern,Dividend quality compounds with stable cash flow.,Moderate total return with risk controls intact.,Macro or governance shock reduces valuation and income confidence.,63.81172765089329,Avoid,0.688117276508933
601600.SHG,Aluminum Corp of China Ltd,"Mock analyst view: quality, dividends and balance-sheet resilience are reviewed against sector risk. Narrative is improving toward quality, growth and capital return. Current regime lens: steady_state_low_chaos.","Mock risks: valuation compression, policy/regulatory shocks, dividend sustainability and liquidity stress. Distributional ML forecast shows attractive upside but asymmetric downside risk. Forecast uncertainty is high; analyst placeholder treats this as Watchlist risk.",Constructive,Constructive,No major mock concern,Dividend quality compounds with stable cash flow.,Moderate total return with risk controls intact.,Macro or governance shock reduces valuation and income confidence.,63.798240644957986,Hold,0.6879824064495799
0144.HK,China Merchants Port Holdings Co Ltd,"Mock analyst view: quality, dividends and balance-sheet resilience are reviewed against sector risk. Narrative is improving toward quality, growth and capital return. Current regime lens: steady_state_low_chaos.","Mock risks: valuation compression, policy/regulatory shocks, dividend sustainability and liquidity stress. Distributional ML forecast shows attractive upside but asymmetric downside risk.",Constructive,Constructive,No major mock concern,Dividend quality compounds with stable cash flow.,Moderate total return with risk controls intact.,Macro or governance shock reduces valuation and income confidence.,63.745107253496116,Avoid,0.6874510725349612
SAN.PA,Sanofi SA,"Mock analyst view: quality, dividends and balance-sheet resilience are reviewed against sector risk. Narrative is improving toward quality, growth and capital return. Current regime lens: steady_state_low_chaos.","Mock risks: valuation compression, policy/regulatory shocks, dividend sustainability and liquidity stress. Distributional ML forecast shows attractive upside but asymmetric downside risk. ML dividend-cut probability is elevated.",Needs review,Constructive,No major mock concern,Dividend quality compounds with stable cash flow.,Moderate total return with risk controls intact.,Macro or governance shock reduces valuation and income confidence.,63.7217081840963,Avoid,0.6872170818409631
0883.HK,CNOOC Ltd,"Mock analyst view: quality, dividends and balance-sheet resilience are reviewed against sector risk. Narrative is improving toward quality, growth and capital return. Current regime lens: steady_state_low_chaos.","Mock risks: valuation compression, policy/regulatory shocks, dividend sustainability and liquidity stress. Distributional ML forecast shows attractive upside but asymmetric downside risk.",Constructive,Constructive,No major mock concern,Dividend quality compounds with stable cash flow.,Moderate total return with risk controls intact.,Macro or governance shock reduces valuation and income confidence.,63.62563141404752,Hold,0.6862563141404752
ERIC-B.ST,Telefonaktiebolaget LM Ericsson (publ),"Mock analyst view: quality, dividends and balance-sheet resilience are reviewed against sector risk. Narrative is improving toward quality, growth and capital return. Current regime lens: steady_state_low_chaos.","Mock risks: valuation compression, policy/regulatory shocks, dividend sustainability and liquidity stress. Distributional ML forecast shows attractive upside but asymmetric downside risk.",Constructive,Constructive,No major mock concern,Dividend quality compounds with stable cash flow.,Moderate total return with risk controls intact.,Macro or governance shock reduces valuation and income confidence.,63.57834916010469,Hold,0.685783491601047
300274.SHE,Sungrow Power Supply Co Ltd,"Mock analyst view: quality, dividends and balance-sheet resilience are reviewed against sector risk. Narrative is improving toward quality, growth and capital return. Current regime lens: steady_state_low_chaos.","Mock risks: valuation compression, policy/regulatory shocks, dividend sustainability and liquidity stress. Distributional ML forecast shows attractive upside but asymmetric downside risk. Forecast uncertainty is high; analyst placeholder treats this as Watchlist risk.",Constructive,Mixed,No major mock concern,Dividend quality compounds with stable cash flow.,Moderate total return with risk controls intact.,Macro or governance shock reduces valuation and income confidence.,63.534030559103826,Hold,0.6853403055910383
STR.VI,Strabag SE,"Mock analyst view: quality, dividends and balance-sheet resilience are reviewed against sector risk. Current regime lens: steady_state_low_chaos.","Mock risks: valuation compression, policy/regulatory shocks, dividend sustainability and liquidity stress. Narrative is reframing toward risk/deterioration. Distributional ML forecast shows attractive upside but asymmetric downside risk.",Constructive,Constructive,No major mock concern,Dividend quality compounds with stable cash flow.,Moderate total return with risk controls intact.,Macro or governance shock reduces valuation and income confidence.,63.533421991181456,Avoid,0.6853342199118146
CMCSA.US,Comcast Corp,"Mock analyst view: quality, dividends and balance-sheet resilience are reviewed against sector risk. Current regime lens: steady_state_low_chaos.","Mock risks: valuation compression, policy/regulatory shocks, dividend sustainability and liquidity stress. Narrative is reframing toward risk/deterioration. Distributional ML forecast shows attractive upside but asymmetric downside risk.",Constructive,Constructive,No major mock concern,Dividend quality compounds with stable cash flow.,Moderate total return with risk controls intact.,Macro or governance shock reduces valuation and income confidence.,63.530457239369966,Hold,0.6853045723936997
600938.SHG,CNOOC Limited,"Mock analyst view: quality, dividends and balance-sheet resilience are reviewed against sector risk. Narrative is improving toward quality, growth and capital return. Current regime lens: steady_state_low_chaos.","Mock risks: valuation compression, policy/regulatory shocks, dividend sustainability and liquidity stress. Distributional ML forecast shows attractive upside but asymmetric downside risk.",Needs review,Constructive,No major mock concern,Dividend quality compounds with stable cash flow.,Moderate total return with risk controls intact.,Macro or governance shock reduces valuation and income confidence.,63.51987302552239,Hold,0.6851987302552239
603195.SHG,Gongniu Group Co Ltd,"Mock analyst view: quality, dividends and balance-sheet resilience are reviewed against sector risk. Narrative is improving toward quality, growth and capital return. Current regime lens: steady_state_low_chaos.","Mock risks: valuation compression, policy/regulatory shocks, dividend sustainability and liquidity stress. Distributional ML forecast shows attractive upside but asymmetric downside risk.",Needs review,Constructive,No major mock concern,Dividend quality compounds with stable cash flow.,Moderate total return with risk controls intact.,Macro or governance shock reduces valuation and income confidence.,63.50419582333076,Hold,0.6850419582333076
002142.SHE,Bank of Ningbo Co Ltd,"Mock analyst view: quality, dividends and balance-sheet resilience are reviewed against sector risk. Current regime lens: steady_state_low_chaos.","Mock risks: valuation compression, policy/regulatory shocks, dividend sustainability and liquidity stress. Distributional ML forecast shows attractive upside but asymmetric downside risk.",Constructive,Constructive,No major mock concern,Dividend quality compounds with stable cash flow.,Moderate total return with risk controls intact.,Macro or governance shock reduces valuation and income confidence.,63.48264313783133,Avoid,0.6848264313783133
1339.HK,People’s Insurance Group of China Co Ltd,"Mock analyst view: quality, dividends and balance-sheet resilience are reviewed against sector risk. Narrative is improving toward quality, growth and capital return. Current regime lens: steady_state_low_chaos.","Mock risks: valuation compression, policy/regulatory shocks, dividend sustainability and liquidity stress. Distributional ML forecast shows attractive upside but asymmetric downside risk.",Constructive,Constructive,No major mock concern,Dividend quality compounds with stable cash flow.,Moderate total return with risk controls intact.,Macro or governance shock reduces valuation and income confidence.,63.40950850013785,Avoid,0.6840950850013785
MF.PA,Wendel,"Mock analyst view: quality, dividends and balance-sheet resilience are reviewed against sector risk. Narrative is improving toward quality, growth and capital return. Current regime lens: steady_state_low_chaos.","Mock risks: valuation compression, policy/regulatory shocks, dividend sustainability and liquidity stress. Distributional ML forecast shows attractive upside but asymmetric downside risk.",Constructive,Constructive,No major mock concern,Dividend quality compounds with stable cash flow.,Moderate total return with risk controls intact.,Macro or governance shock reduces valuation and income confidence.,63.40757854075203,Avoid,0.6840757854075203
GALE.SW,Galenica Sante AG,"Mock analyst view: quality, dividends and balance-sheet resilience are reviewed against sector risk. Narrative is improving toward quality, growth and capital return. Current regime lens: steady_state_low_chaos.","Mock risks: valuation compression, policy/regulatory shocks, dividend sustainability and liquidity stress.",Needs review,Mixed,No major mock concern,Dividend quality compounds with stable cash flow.,Moderate total return with risk controls intact.,Macro or governance shock reduces valuation and income confidence.,63.382671184628805,Avoid,0.6838267118462881
1066.HK,Shandong Weigao Group Medical Polymer Co Ltd,"Mock analyst view: quality, dividends and balance-sheet resilience are reviewed against sector risk. Narrative is improving toward quality, growth and capital return. Current regime lens: steady_state_low_chaos.","Mock risks: valuation compression, policy/regulatory shocks, dividend sustainability and liquidity stress. Distributional ML forecast shows attractive upside but asymmetric downside risk.",Constructive,Constructive,No major mock concern,Dividend quality compounds with stable cash flow.,Moderate total return with risk controls intact.,Macro or governance shock reduces valuation and income confidence.,63.36336674299727,Avoid,0.6836336674299728
600406.SHG,NARI Technology Co Ltd,"Mock analyst view: quality, dividends and balance-sheet resilience are reviewed against sector risk. Narrative is improving toward quality, growth and capital return. Current regime lens: steady_state_low_chaos.","Mock risks: valuation compression, policy/regulatory shocks, dividend sustainability and liquidity stress. Distributional ML forecast shows attractive upside but asymmetric downside risk.",Needs review,Mixed,No major mock concern,Dividend quality compounds with stable cash flow.,Moderate total return with risk controls intact.,Macro or governance shock reduces valuation and income confidence.,63.34243722005016,Hold,0.6834243722005016
1766.HK,CRRC Corp Ltd,"Mock analyst view: quality, dividends and balance-sheet resilience are reviewed against sector risk. Narrative is improving toward quality, growth and capital return. Current regime lens: steady_state_low_chaos.","Mock risks: valuation compression, policy/regulatory shocks, dividend sustainability and liquidity stress. Distributional ML forecast shows attractive upside but asymmetric downside risk.",Constructive,Mixed,No major mock concern,Dividend quality compounds with stable cash flow.,Moderate total return with risk controls intact.,Macro or governance shock reduces valuation and income confidence.,63.27461571237433,Avoid,0.6827461571237433
1898.HK,China Coal Energy,"Mock analyst view: quality, dividends and balance-sheet resilience are reviewed against sector risk. Narrative is improving toward quality, growth and capital return. Current regime lens: steady_state_low_chaos.","Mock risks: valuation compression, policy/regulatory shocks, dividend sustainability and liquidity stress. Narrative is reframing toward risk/deterioration. Distributional ML forecast shows attractive upside but asymmetric downside risk.",Constructive,Mixed,No major mock concern,Dividend quality compounds with stable cash flow.,Moderate total return with risk controls intact.,Macro or governance shock reduces valuation and income confidence.,63.27122503195915,Avoid,0.6827122503195915
3988.HK,Bank of China Ltd H,"Mock analyst view: quality, dividends and balance-sheet resilience are reviewed against sector risk. Narrative is improving toward quality, growth and capital return. Current regime lens: steady_state_low_chaos.","Mock risks: valuation compression, policy/regulatory shocks, dividend sustainability and liquidity stress.",Constructive,Constructive,No major mock concern,Dividend quality compounds with stable cash flow.,Moderate total return with risk controls intact.,Macro or governance shock reduces valuation and income confidence.,63.20816182684388,Hold,0.6820816182684388
3692.HK,Hansoh Pharmaceutical Group Co Ltd,"Mock analyst view: quality, dividends and balance-sheet resilience are reviewed against sector risk. Narrative is improving toward quality, growth and capital return. Current regime lens: steady_state_low_chaos.","Mock risks: valuation compression, policy/regulatory shocks, dividend sustainability and liquidity stress. Distributional ML forecast shows attractive upside but asymmetric downside risk.",Needs review,Mixed,No major mock concern,Dividend quality compounds with stable cash flow.,Moderate total return with risk controls intact.,Macro or governance shock reduces valuation and income confidence.,63.1883086960233,Avoid,0.681883086960233
6613.HK,"Lens Technology Co., Ltd.","Mock analyst view: quality, dividends and balance-sheet resilience are reviewed against sector risk. Narrative is improving toward quality, growth and capital return. Current regime lens: steady_state_low_chaos.","Mock risks: valuation compression, policy/regulatory shocks, dividend sustainability and liquidity stress. Distributional ML forecast shows attractive upside but asymmetric downside risk. ML dividend-cut probability is elevated. Forecast uncertainty is high; analyst placeholder treats this as Watchlist risk.",Constructive,Mixed,No major mock concern,Dividend quality compounds with stable cash flow.,Moderate total return with risk controls intact.,Macro or governance shock reduces valuation and income confidence.,63.161485544647306,Hold,0.6816148554464732
TE.PA,Technip Energies BV,"Mock analyst view: quality, dividends and balance-sheet resilience are reviewed against sector risk. Narrative is improving toward quality, growth and capital return. Current regime lens: steady_state_low_chaos.","Mock risks: valuation compression, policy/regulatory shocks, dividend sustainability and liquidity stress. Distributional ML forecast shows attractive upside but asymmetric downside risk.",Constructive,Constructive,No major mock concern,Dividend quality compounds with stable cash flow.,Moderate total return with risk controls intact.,Macro or governance shock reduces valuation and income confidence.,63.11387943250841,Avoid,0.6811387943250842
BREE.LSE,Breedon Group PLC,"Mock analyst view: quality, dividends and balance-sheet resilience are reviewed against sector risk. Narrative is improving toward quality, growth and capital return. Current regime lens: steady_state_low_chaos.","Mock risks: valuation compression, policy/regulatory shocks, dividend sustainability and liquidity stress. Narrative is reframing toward risk/deterioration. Distributional ML forecast shows attractive upside but asymmetric downside risk.",Constructive,Constructive,No major mock concern,Dividend quality compounds with stable cash flow.,Moderate total return with risk controls intact.,Macro or governance shock reduces valuation and income confidence.,63.10871989862942,Avoid,0.6810871989862942
WKL.AS,Wolters Kluwer N.V.,"Mock analyst view: quality, dividends and balance-sheet resilience are reviewed against sector risk. Narrative is improving toward quality, growth and capital return. Current regime lens: steady_state_low_chaos.","Mock risks: valuation compression, policy/regulatory shocks, dividend sustainability and liquidity stress. Distributional ML forecast shows attractive upside but asymmetric downside risk.",Constructive,Constructive,No major mock concern,Dividend quality compounds with stable cash flow.,Moderate total return with risk controls intact.,Macro or governance shock reduces valuation and income confidence.,63.09065872647132,Hold,0.6809065872647132
601336.SHG,New China Life Insurance Co Ltd,"Mock analyst view: quality, dividends and balance-sheet resilience are reviewed against sector risk. Current regime lens: steady_state_low_chaos.","Mock risks: valuation compression, policy/regulatory shocks, dividend sustainability and liquidity stress. Distributional ML forecast shows attractive upside but asymmetric downside risk.",Constructive,Constructive,No major mock concern,Dividend quality compounds with stable cash flow.,Moderate total return with risk controls intact.,Macro or governance shock reduces valuation and income confidence.,63.07075905871977,Avoid,0.6807075905871978
2600.HK,Aluminum Corp of China Ltd,"Mock analyst view: quality, dividends and balance-sheet resilience are reviewed against sector risk. Narrative is improving toward quality, growth and capital return. Current regime lens: steady_state_low_chaos.","Mock risks: valuation compression, policy/regulatory shocks, dividend sustainability and liquidity stress. Distributional ML forecast shows attractive upside but asymmetric downside risk. Forecast uncertainty is high; analyst placeholder treats this as Watchlist risk.",Constructive,Constructive,No major mock concern,Dividend quality compounds with stable cash flow.,Moderate total return with risk controls intact.,Macro or governance shock reduces valuation and income confidence.,63.053227272285994,Hold,0.68053227272286
601628.SHG,China Life Insurance Co Ltd A,"Mock analyst view: quality, dividends and balance-sheet resilience are reviewed against sector risk. Narrative is improving toward quality, growth and capital return. Current regime lens: steady_state_low_chaos.","Mock risks: valuation compression, policy/regulatory shocks, dividend sustainability and liquidity stress. Narrative is reframing toward risk/deterioration. Distributional ML forecast shows attractive upside but asymmetric downside risk.",Constructive,Constructive,No major mock concern,Dividend quality compounds with stable cash flow.,Moderate total return with risk controls intact.,Macro or governance shock reduces valuation and income confidence.,63.04271884727825,Hold,0.6804271884727826
GEN.LSE,Genuit Group plc,"Mock analyst view: quality, dividends and balance-sheet resilience are reviewed against sector risk. Current regime lens: steady_state_low_chaos.","Mock risks: valuation compression, policy/regulatory shocks, dividend sustainability and liquidity stress. Narrative is reframing toward risk/deterioration. Distributional ML forecast shows attractive upside but asymmetric downside risk.",Needs review,Constructive,No major mock concern,Dividend quality compounds with stable cash flow.,Moderate total return with risk controls intact.,Macro or governance shock reduces valuation and income confidence.,62.99938982343981,Avoid,0.6799938982343982
BCHN.SW,Burckhardt Compression,"Mock analyst view: quality, dividends and balance-sheet resilience are reviewed against sector risk. Narrative is improving toward quality, growth and capital return. Current regime lens: steady_state_low_chaos.","Mock risks: valuation compression, policy/regulatory shocks, dividend sustainability and liquidity stress. Distributional ML forecast shows attractive upside but asymmetric downside risk.",Constructive,Mixed,No major mock concern,Dividend quality compounds with stable cash flow.,Moderate total return with risk controls intact.,Macro or governance shock reduces valuation and income confidence.,62.947813120687954,Avoid,0.6794781312068796
BBVA.US,Banco Bilbao Viscaya Argentaria SA ADR,"Mock analyst view: quality, dividends and balance-sheet resilience are reviewed against sector risk. Narrative is improving toward quality, growth and capital return. Current regime lens: steady_state_low_chaos.","Mock risks: valuation compression, policy/regulatory shocks, dividend sustainability and liquidity stress. Narrative is reframing toward risk/deterioration. Distributional ML forecast shows attractive upside but asymmetric downside risk.",Constructive,Constructive,No major mock concern,Dividend quality compounds with stable cash flow.,Moderate total return with risk controls intact.,Macro or governance shock reduces valuation and income confidence.,62.927563697869346,Hold,0.6792756369786935
1070.HK,TCL Multimedia Technology Holdings Ltd,"Mock analyst view: quality, dividends and balance-sheet resilience are reviewed against sector risk. Current regime lens: steady_state_low_chaos.","Mock risks: valuation compression, policy/regulatory shocks, dividend sustainability and liquidity stress. Narrative is reframing toward risk/deterioration. Credit/refinancing pressure is increasingly central to the equity story. Distributional ML forecast shows attractive upside but asymmetric downside risk. Forecast uncertainty is high; analyst placeholder treats this as Watchlist risk.",Needs review,Mixed,No major mock concern,Dividend quality compounds with stable cash flow.,Moderate total return with risk controls intact.,Macro or governance shock reduces valuation and income confidence.,62.907672054643925,Avoid,0.6790767205464393
1109.HK,China Resources Land Ltd,"Mock analyst view: quality, dividends and balance-sheet resilience are reviewed against sector risk. Narrative is improving toward quality, growth and capital return. Current regime lens: steady_state_low_chaos.","Mock risks: valuation compression, policy/regulatory shocks, dividend sustainability and liquidity stress. Distributional ML forecast shows attractive upside but asymmetric downside risk.",Constructive,Constructive,No major mock concern,Dividend quality compounds with stable cash flow.,Moderate total return with risk controls intact.,Macro or governance shock reduces valuation and income confidence.,62.813034206622206,Hold,0.6781303420662221
0696.HK,TravelSky Technology Ltd,"Mock analyst view: quality, dividends and balance-sheet resilience are reviewed against sector risk. Narrative is improving toward quality, growth and capital return. Current regime lens: steady_state_low_chaos.","Mock risks: valuation compression, policy/regulatory shocks, dividend sustainability and liquidity stress. Distributional ML forecast shows attractive upside but asymmetric downside risk.",Constructive,Constructive,No major mock concern,Dividend quality compounds with stable cash flow.,Moderate total return with risk controls intact.,Macro or governance shock reduces valuation and income confidence.,62.786353649367555,Avoid,0.6778635364936756
1209.HK,China Resources Mixc Lifestyle Serv,"Mock analyst view: quality, dividends and balance-sheet resilience are reviewed against sector risk. Narrative is improving toward quality, growth and capital return. Current regime lens: steady_state_low_chaos.","Mock risks: valuation compression, policy/regulatory shocks, dividend sustainability and liquidity stress. Distributional ML forecast shows attractive upside but asymmetric downside risk.",Constructive,Mixed,No major mock concern,Dividend quality compounds with stable cash flow.,Moderate total return with risk controls intact.,Macro or governance shock reduces valuation and income confidence.,62.77916105247573,Avoid,0.6777916105247573
AU.US,AngloGold Ashanti plc,"Mock analyst view: quality, dividends and balance-sheet resilience are reviewed against sector risk. Current regime lens: steady_state_low_chaos.","Mock risks: valuation compression, policy/regulatory shocks, dividend sustainability and liquidity stress. Distributional ML forecast shows attractive upside but asymmetric downside risk. Forecast uncertainty is high; analyst placeholder treats this as Watchlist risk.",Needs review,Constructive,No major mock concern,Dividend quality compounds with stable cash flow.,Moderate total return with risk controls intact.,Macro or governance shock reduces valuation and income confidence.,62.756881134062155,Avoid,0.6775688113406216
ABT.US,Abbott Laboratories,"Mock analyst view: quality, dividends and balance-sheet resilience are reviewed against sector risk. Narrative is improving toward quality, growth and capital return. Current regime lens: steady_state_low_chaos.","Mock risks: valuation compression, policy/regulatory shocks, dividend sustainability and liquidity stress. Distributional ML forecast shows attractive upside but asymmetric downside risk.",Needs review,Constructive,No major mock concern,Dividend quality compounds with stable cash flow.,Moderate total return with risk controls intact.,Macro or governance shock reduces valuation and income confidence.,62.7473092905677,Hold,0.677473092905677
VPK.AS,Koninklijke Vopak NV,"Mock analyst view: quality, dividends and balance-sheet resilience are reviewed against sector risk. Narrative is improving toward quality, growth and capital return. Current regime lens: steady_state_low_chaos.","Mock risks: valuation compression, policy/regulatory shocks, dividend sustainability and liquidity stress. Distributional ML forecast shows attractive upside but asymmetric downside risk.",Constructive,Constructive,No major mock concern,Dividend quality compounds with stable cash flow.,Moderate total return with risk controls intact.,Macro or governance shock reduces valuation and income confidence.,62.695766515486994,Avoid,0.67695766515487
NEM.XETRA,Nemetschek AG O.N.,"Mock analyst view: quality, dividends and balance-sheet resilience are reviewed against sector risk. Narrative is improving toward quality, growth and capital return. Current regime lens: steady_state_low_chaos.","Mock risks: valuation compression, policy/regulatory shocks, dividend sustainability and liquidity stress. Distributional ML forecast shows attractive upside but asymmetric downside risk. Forecast uncertainty is high; analyst placeholder treats this as Watchlist risk.",Needs review,Constructive,No major mock concern,Dividend quality compounds with stable cash flow.,Moderate total return with risk controls intact.,Macro or governance shock reduces valuation and income confidence.,62.66347908327819,Avoid,0.6766347908327819
002555.SHE,37 Interactive Entertainment Network Technology Group Co Ltd,"Mock analyst view: quality, dividends and balance-sheet resilience are reviewed against sector risk. Current regime lens: steady_state_low_chaos.","Mock risks: valuation compression, policy/regulatory shocks, dividend sustainability and liquidity stress. Distributional ML forecast shows attractive upside but asymmetric downside risk. Forecast uncertainty is high; analyst placeholder treats this as Watchlist risk.",Constructive,Constructive,No major mock concern,Dividend quality compounds with stable cash flow.,Moderate total return with risk controls intact.,Macro or governance shock reduces valuation and income confidence.,62.64129779240193,Avoid,0.6764129779240193
000858.SHE,Wuliangye Yibin Co Ltd,"Mock analyst view: quality, dividends and balance-sheet resilience are reviewed against sector risk. Narrative is improving toward quality, growth and capital return. Current regime lens: steady_state_low_chaos.","Mock risks: valuation compression, policy/regulatory shocks, dividend sustainability and liquidity stress. Distributional ML forecast shows attractive upside but asymmetric downside risk. ML dividend-cut probability is elevated.",Needs review,Constructive,No major mock concern,Dividend quality compounds with stable cash flow.,Moderate total return with risk controls intact.,Macro or governance shock reduces valuation and income confidence.,62.635067172530796,Avoid,0.676350671725308
CA.PA,Carrefour SA,"Mock analyst view: quality, dividends and balance-sheet resilience are reviewed against sector risk. Narrative is improving toward quality, growth and capital return. Current regime lens: steady_state_low_chaos.","Mock risks: valuation compression, policy/regulatory shocks, dividend sustainability and liquidity stress. Narrative is reframing toward risk/deterioration. Distributional ML forecast shows attractive upside but asymmetric downside risk.",Constructive,Constructive,No major mock concern,Dividend quality compounds with stable cash flow.,Moderate total return with risk controls intact.,Macro or governance shock reduces valuation and income confidence.,62.61433713885597,Hold,0.6761433713885597
600926.SHG,Bank of Hangzhou Co Ltd,"Mock analyst view: quality, dividends and balance-sheet resilience are reviewed against sector risk. Current regime lens: steady_state_low_chaos.","Mock risks: valuation compression, policy/regulatory shocks, dividend sustainability and liquidity stress. Narrative is reframing toward risk/deterioration.",Constructive,Constructive,No major mock concern,Dividend quality compounds with stable cash flow.,Moderate total return with risk controls intact.,Macro or governance shock reduces valuation and income confidence.,62.61227723337521,Avoid,0.6761227723337522
9633.HK,Nongfu Spring Co Ltd,"Mock analyst view: quality, dividends and balance-sheet resilience are reviewed against sector risk. Narrative is improving toward quality, growth and capital return. Current regime lens: steady_state_low_chaos.","Mock risks: valuation compression, policy/regulatory shocks, dividend sustainability and liquidity stress. Distributional ML forecast shows attractive upside but asymmetric downside risk.",Needs review,Mixed,No major mock concern,Dividend quality compounds with stable cash flow.,Moderate total return with risk controls intact.,Macro or governance shock reduces valuation and income confidence.,62.58091086448901,Hold,0.6758091086448902
601728.SHG,China Telecom Corp Ltd,"Mock analyst view: quality, dividends and balance-sheet resilience are reviewed against sector risk. Narrative is improving toward quality, growth and capital return. Current regime lens: steady_state_low_chaos.","Mock risks: valuation compression, policy/regulatory shocks, dividend sustainability and liquidity stress. Distributional ML forecast shows attractive upside but asymmetric downside risk.",Needs review,Constructive,No major mock concern,Dividend quality compounds with stable cash flow.,Moderate total return with risk controls intact.,Macro or governance shock reduces valuation and income confidence.,62.52093031765722,Hold,0.6752093031765722
IPN.PA,Ipsen SA,"Mock analyst view: quality, dividends and balance-sheet resilience are reviewed against sector risk. Current regime lens: steady_state_low_chaos.","Mock risks: valuation compression, policy/regulatory shocks, dividend sustainability and liquidity stress. Distributional ML forecast shows attractive upside but asymmetric downside risk.",Needs review,Constructive,No major mock concern,Dividend quality compounds with stable cash flow.,Moderate total return with risk controls intact.,Macro or governance shock reduces valuation and income confidence.,62.4400514306909,Avoid,0.6744005143069091
CTSH.US,Cognizant Technology Solutions Corp Class A,"Mock analyst view: quality, dividends and balance-sheet resilience are reviewed against sector risk. Current regime lens: steady_state_low_chaos.","Mock risks: valuation compression, policy/regulatory shocks, dividend sustainability and liquidity stress. Narrative is reframing toward risk/deterioration. Distributional ML forecast shows attractive upside but asymmetric downside risk.",Constructive,Constructive,No major mock concern,Dividend quality compounds with stable cash flow.,Moderate total return with risk controls intact.,Macro or governance shock reduces valuation and income confidence.,62.428770253938424,Avoid,0.6742877025393843
3698.HK,Huishang Bank Corp Ltd,"Mock analyst view: quality, dividends and balance-sheet resilience are reviewed against sector risk. Narrative is improving toward quality, growth and capital return. Current regime lens: steady_state_low_chaos.","Mock risks: valuation compression, policy/regulatory shocks, dividend sustainability and liquidity stress. Distributional ML forecast shows attractive upside but asymmetric downside risk.",Constructive,Constructive,No major mock concern,Dividend quality compounds with stable cash flow.,Moderate total return with risk controls intact.,Macro or governance shock reduces valuation and income confidence.,62.367480845565325,Avoid,0.6736748084556533
VIE.PA,Veolia Environnement VE SA,"Mock analyst view: quality, dividends and balance-sheet resilience are reviewed against sector risk. Narrative is improving toward quality, growth and capital return. Current regime lens: steady_state_low_chaos.","Mock risks: valuation compression, policy/regulatory shocks, dividend sustainability and liquidity stress. ML dividend-cut probability is elevated.",Needs review,Constructive,No major mock concern,Dividend quality compounds with stable cash flow.,Moderate total return with risk controls intact.,Macro or governance shock reduces valuation and income confidence.,62.32551687454878,Avoid,0.6732551687454879
ITX.MC,Industria de Diseno Textil SA,"Mock analyst view: quality, dividends and balance-sheet resilience are reviewed against sector risk. Narrative is improving toward quality, growth and capital return. Current regime lens: steady_state_low_chaos.","Mock risks: valuation compression, policy/regulatory shocks, dividend sustainability and liquidity stress. Distributional ML forecast shows attractive upside but asymmetric downside risk.",Needs review,Constructive,No major mock concern,Dividend quality compounds with stable cash flow.,Moderate total return with risk controls intact.,Macro or governance shock reduces valuation and income confidence.,62.31550572956601,Avoid,0.6731550572956602
HESAY.US,Hermes International SA,"Mock analyst view: quality, dividends and balance-sheet resilience are reviewed against sector risk. Narrative is improving toward quality, growth and capital return. Current regime lens: steady_state_low_chaos.","Mock risks: valuation compression, policy/regulatory shocks, dividend sustainability and liquidity stress.",Needs review,Mixed,No major mock concern,Dividend quality compounds with stable cash flow.,Moderate total return with risk controls intact.,Macro or governance shock reduces valuation and income confidence.,62.30251086363947,Avoid,0.6730251086363948
0966.HK,China Taiping Insurance Holdings Co Ltd,"Mock analyst view: quality, dividends and balance-sheet resilience are reviewed against sector risk. Narrative is improving toward quality, growth and capital return. Current regime lens: steady_state_low_chaos.","Mock risks: valuation compression, policy/regulatory shocks, dividend sustainability and liquidity stress. Distributional ML forecast shows attractive upside but asymmetric downside risk. Forecast uncertainty is high; analyst placeholder treats this as Watchlist risk.",Constructive,Constructive,No major mock concern,Dividend quality compounds with stable cash flow.,Moderate total return with risk controls intact.,Macro or governance shock reduces valuation and income confidence.,62.28949396483709,Avoid,0.672894939648371
DOC.VI,DO & CO Aktiengesellschaft,"Mock analyst view: quality, dividends and balance-sheet resilience are reviewed against sector risk. Narrative is improving toward quality, growth and capital return. Current regime lens: steady_state_low_chaos.","Mock risks: valuation compression, policy/regulatory shocks, dividend sustainability and liquidity stress. Distributional ML forecast shows attractive upside but asymmetric downside risk. Forecast uncertainty is high; analyst placeholder treats this as Watchlist risk.",Constructive,Constructive,No major mock concern,Dividend quality compounds with stable cash flow.,Moderate total return with risk controls intact.,Macro or governance shock reduces valuation and income confidence.,62.27941559685132,Avoid,0.6727941559685133
LRE.LSE,Lancashire Holdings Ltd,"Mock analyst view: quality, dividends and balance-sheet resilience are reviewed against sector risk. Narrative is improving toward quality, growth and capital return. Current regime lens: steady_state_low_chaos.","Mock risks: valuation compression, policy/regulatory shocks, dividend sustainability and liquidity stress. Distributional ML forecast shows attractive upside but asymmetric downside risk.",Constructive,Constructive,No major mock concern,Dividend quality compounds with stable cash flow.,Moderate total return with risk controls intact.,Macro or governance shock reduces valuation and income confidence.,62.19575166537042,Avoid,0.6719575166537043
6936.HK,S.F. Holding Co Ltd,"Mock analyst view: quality, dividends and balance-sheet resilience are reviewed against sector risk. Narrative is improving toward quality, growth and capital return. Current regime lens: steady_state_low_chaos.","Mock risks: valuation compression, policy/regulatory shocks, dividend sustainability and liquidity stress. Distributional ML forecast shows attractive upside but asymmetric downside risk.",Constructive,Constructive,No major mock concern,Dividend quality compounds with stable cash flow.,Moderate total return with risk controls intact.,Macro or governance shock reduces valuation and income confidence.,62.18309288784825,Avoid,0.6718309288784825
CDI.PA,Christian Dior SE,"Mock analyst view: quality, dividends and balance-sheet resilience are reviewed against sector risk. Current regime lens: steady_state_low_chaos.","Mock risks: valuation compression, policy/regulatory shocks, dividend sustainability and liquidity stress. Narrative is reframing toward risk/deterioration. Credit/refinancing pressure is increasingly central to the equity story. Distributional ML forecast shows attractive upside but asymmetric downside risk.",Needs review,Constructive,No major mock concern,Dividend quality compounds with stable cash flow.,Moderate total return with risk controls intact.,Macro or governance shock reduces valuation and income confidence.,62.17464227807554,Avoid,0.6717464227807555
FOUR.LSE,4Imprint Group Plc,"Mock analyst view: quality, dividends and balance-sheet resilience are reviewed against sector risk. Narrative is improving toward quality, growth and capital return. Current regime lens: steady_state_low_chaos.","Mock risks: valuation compression, policy/regulatory shocks, dividend sustainability and liquidity stress. Distributional ML forecast shows attractive upside but asymmetric downside risk.",Needs review,Constructive,No major mock concern,Dividend quality compounds with stable cash flow.,Moderate total return with risk controls intact.,Macro or governance shock reduces valuation and income confidence.,62.16502772596277,Avoid,0.6716502772596278
DRW3.XETRA,Drägerwerk AG & Co. KGaA (pref),"Mock analyst view: quality, dividends and balance-sheet resilience are reviewed against sector risk. Narrative is improving toward quality, growth and capital return. Current regime lens: steady_state_low_chaos.","Mock risks: valuation compression, policy/regulatory shocks, dividend sustainability and liquidity stress. Distributional ML forecast shows attractive upside but asymmetric downside risk.",Constructive,Mixed,No major mock concern,Dividend quality compounds with stable cash flow.,Moderate total return with risk controls intact.,Macro or governance shock reduces valuation and income confidence.,62.10161908312331,Avoid,0.6710161908312331
HPQ.US,HP Inc,"Mock analyst view: quality, dividends and balance-sheet resilience are reviewed against sector risk. Narrative is improving toward quality, growth and capital return. Current regime lens: steady_state_low_chaos.","Mock risks: valuation compression, policy/regulatory shocks, dividend sustainability and liquidity stress. Distributional ML forecast shows attractive upside but asymmetric downside risk. Forecast uncertainty is high; analyst placeholder treats this as Watchlist risk.",Constructive,Constructive,No major mock concern,Dividend quality compounds with stable cash flow.,Moderate total return with risk controls intact.,Macro or governance shock reduces valuation and income confidence.,62.07210760938044,Hold,0.6707210760938045
600690.SHG,Qingdao Haier Co Ltd,"Mock analyst view: quality, dividends and balance-sheet resilience are reviewed against sector risk. Narrative is improving toward quality, growth and capital return. Current regime lens: steady_state_low_chaos.","Mock risks: valuation compression, policy/regulatory shocks, dividend sustainability and liquidity stress. Distributional ML forecast shows attractive upside but asymmetric downside risk.",Constructive,Mixed,No major mock concern,Dividend quality compounds with stable cash flow.,Moderate total return with risk controls intact.,Macro or governance shock reduces valuation and income confidence.,62.06443741071507,Hold,0.6706443741071508
FNTN.XETRA,freenet AG,"Mock analyst view: quality, dividends and balance-sheet resilience are reviewed against sector risk. Narrative is improving toward quality, growth and capital return. Current regime lens: steady_state_low_chaos.","Mock risks: valuation compression, policy/regulatory shocks, dividend sustainability and liquidity stress. Distributional ML forecast shows attractive upside but asymmetric downside risk. ML dividend-cut probability is elevated.",Needs review,Constructive,No major mock concern,Dividend quality compounds with stable cash flow.,Moderate total return with risk controls intact.,Macro or governance shock reduces valuation and income confidence.,62.06070576603787,Avoid,0.6706070576603788
OMV.VI,OMV Aktiengesellschaft,"Mock analyst view: quality, dividends and balance-sheet resilience are reviewed against sector risk. Narrative is improving toward quality, growth and capital return. Current regime lens: steady_state_low_chaos.","Mock risks: valuation compression, policy/regulatory shocks, dividend sustainability and liquidity stress. Distributional ML forecast shows attractive upside but asymmetric downside risk.",Constructive,Mixed,No major mock concern,Dividend quality compounds with stable cash flow.,Moderate total return with risk controls intact.,Macro or governance shock reduces valuation and income confidence.,62.04450947641247,Avoid,0.6704450947641247
1308.HK,SITC International Holdings Co Ltd,"Mock analyst view: quality, dividends and balance-sheet resilience are reviewed against sector risk. Narrative is improving toward quality, growth and capital return. Current regime lens: steady_state_low_chaos.","Mock risks: valuation compression, policy/regulatory shocks, dividend sustainability and liquidity stress. Distributional ML forecast shows attractive upside but asymmetric downside risk.",Needs review,Constructive,No major mock concern,Dividend quality compounds with stable cash flow.,Moderate total return with risk controls intact.,Macro or governance shock reduces valuation and income confidence.,62.03421088053685,Avoid,0.6703421088053685
0151.HK,Want Want China,"Mock analyst view: quality, dividends and balance-sheet resilience are reviewed against sector risk. Narrative is improving toward quality, growth and capital return. Current regime lens: steady_state_low_chaos.","Mock risks: valuation compression, policy/regulatory shocks, dividend sustainability and liquidity stress. Distributional ML forecast shows attractive upside but asymmetric downside risk.",Needs review,Constructive,No major mock concern,Dividend quality compounds with stable cash flow.,Moderate total return with risk controls intact.,Macro or governance shock reduces valuation and income confidence.,62.01876729569068,Avoid,0.6701876729569068
6690.HK,Haier Smart Home Co Ltd,"Mock analyst view: quality, dividends and balance-sheet resilience are reviewed against sector risk. Current regime lens: steady_state_low_chaos.","Mock risks: valuation compression, policy/regulatory shocks, dividend sustainability and liquidity stress. Narrative is reframing toward risk/deterioration. Distributional ML forecast shows attractive upside but asymmetric downside risk.",Constructive,Constructive,No major mock concern,Dividend quality compounds with stable cash flow.,Moderate total return with risk controls intact.,Macro or governance shock reduces valuation and income confidence.,62.00549085698319,Avoid,0.670054908569832
600036.SHG,China Merchants Bank Co Ltd,"Mock analyst view: quality, dividends and balance-sheet resilience are reviewed against sector risk. Narrative is improving toward quality, growth and capital return. Current regime lens: steady_state_low_chaos.","Mock risks: valuation compression, policy/regulatory shocks, dividend sustainability and liquidity stress.",Constructive,Constructive,No major mock concern,Dividend quality compounds with stable cash flow.,Moderate total return with risk controls intact.,Macro or governance shock reduces valuation and income confidence.,61.97212531535423,Hold,0.6697212531535424
601838.SHG,Bank of Chengdu Co Ltd,"Mock analyst view: quality, dividends and balance-sheet resilience are reviewed against sector risk. Narrative is improving toward quality, growth and capital return. Current regime lens: steady_state_low_chaos.","Mock risks: valuation compression, policy/regulatory shocks, dividend sustainability and liquidity stress.",Constructive,Constructive,No major mock concern,Dividend quality compounds with stable cash flow.,Moderate total return with risk controls intact.,Macro or governance shock reduces valuation and income confidence.,61.9106375169747,Hold,0.669106375169747
601168.SHG,Western Mining Co Ltd,"Mock analyst view: quality, dividends and balance-sheet resilience are reviewed against sector risk. Narrative is improving toward quality, growth and capital return. Current regime lens: steady_state_low_chaos.","Mock risks: valuation compression, policy/regulatory shocks, dividend sustainability and liquidity stress. Distributional ML forecast shows attractive upside but asymmetric downside risk. Forecast uncertainty is high; analyst placeholder treats this as Watchlist risk.",Constructive,Mixed,No major mock concern,Dividend quality compounds with stable cash flow.,Moderate total return with risk controls intact.,Macro or governance shock reduces valuation and income confidence.,61.897670382410084,Hold,0.6689767038241009
A5G.IR,AIB Group PLC,"Mock analyst view: quality, dividends and balance-sheet resilience are reviewed against sector risk. Narrative is improving toward quality, growth and capital return. Current regime lens: steady_state_low_chaos.","Mock risks: valuation compression, policy/regulatory shocks, dividend sustainability and liquidity stress. Distributional ML forecast shows attractive upside but asymmetric downside risk.",Constructive,Constructive,No major mock concern,Dividend quality compounds with stable cash flow.,Moderate total return with risk controls intact.,Macro or governance shock reduces valuation and income confidence.,61.88059940857627,Hold,0.6688059940857628
601658.SHG,Postal Savings Bank of China Co Ltd,"Mock analyst view: quality, dividends and balance-sheet resilience are reviewed against sector risk. Narrative is improving toward quality, growth and capital return. Current regime lens: steady_state_low_chaos.","Mock risks: valuation compression, policy/regulatory shocks, dividend sustainability and liquidity stress.",Constructive,Constructive,No major mock concern,Dividend quality compounds with stable cash flow.,Moderate total return with risk controls intact.,Macro or governance shock reduces valuation and income confidence.,61.841840318252565,Hold,0.6684184031825257
ATE.PA,Alten SA,"Mock analyst view: quality, dividends and balance-sheet resilience are reviewed against sector risk. Narrative is improving toward quality, growth and capital return. Current regime lens: steady_state_low_chaos.","Mock risks: valuation compression, policy/regulatory shocks, dividend sustainability and liquidity stress. Distributional ML forecast shows attractive upside but asymmetric downside risk. Forecast uncertainty is high; analyst placeholder treats this as Watchlist risk.",Needs review,Constructive,No major mock concern,Dividend quality compounds with stable cash flow.,Moderate total return with risk controls intact.,Macro or governance shock reduces valuation and income confidence.,61.83049260803061,Avoid,0.6683049260803061
SAP.XETRA,SAP SE,"Mock analyst view: quality, dividends and balance-sheet resilience are reviewed against sector risk. Narrative is improving toward quality, growth and capital return. Current regime lens: steady_state_low_chaos.","Mock risks: valuation compression, policy/regulatory shocks, dividend sustainability and liquidity stress. Distributional ML forecast shows attractive upside but asymmetric downside risk. Forecast uncertainty is high; analyst placeholder treats this as Watchlist risk.",Needs review,Constructive,No major mock concern,Dividend quality compounds with stable cash flow.,Moderate total return with risk controls intact.,Macro or governance shock reduces valuation and income confidence.,61.818897654119866,Avoid,0.6681889765411987
0998.HK,China Citic Bank Corp Ltd,"Mock analyst view: quality, dividends and balance-sheet resilience are reviewed against sector risk. Narrative is improving toward quality, growth and capital return. Current regime lens: steady_state_low_chaos.","Mock risks: valuation compression, policy/regulatory shocks, dividend sustainability and liquidity stress. Distributional ML forecast shows attractive upside but asymmetric downside risk.",Constructive,Constructive,No major mock concern,Dividend quality compounds with stable cash flow.,Moderate total return with risk controls intact.,Macro or governance shock reduces valuation and income confidence.,61.8098996852663,Avoid,0.668098996852663
RBI.VI,Raiffeisen Bank International AG,"Mock analyst view: quality, dividends and balance-sheet resilience are reviewed against sector risk. Narrative is improving toward quality, growth and capital return. Current regime lens: steady_state_low_chaos.","Mock risks: valuation compression, policy/regulatory shocks, dividend sustainability and liquidity stress. Narrative is reframing toward risk/deterioration. Distributional ML forecast shows attractive upside but asymmetric downside risk.",Constructive,Constructive,No major mock concern,Dividend quality compounds with stable cash flow.,Moderate total return with risk controls intact.,Macro or governance shock reduces valuation and income confidence.,61.80183012124532,Avoid,0.6680183012124532
HWDN.LSE,Howden Joinery Group Plc,"Mock analyst view: quality, dividends and balance-sheet resilience are reviewed against sector risk. Narrative is improving toward quality, growth and capital return. Current regime lens: steady_state_low_chaos.","Mock risks: valuation compression, policy/regulatory shocks, dividend sustainability and liquidity stress. Narrative is reframing toward risk/deterioration. Distributional ML forecast shows attractive upside but asymmetric downside risk.",Needs review,Constructive,No major mock concern,Dividend quality compounds with stable cash flow.,Moderate total return with risk controls intact.,Macro or governance shock reduces valuation and income confidence.,61.78701915876199,Avoid,0.66787019158762
688188.SHG,Shanghai Friendess Electronics Tech,"Mock analyst view: quality, dividends and balance-sheet resilience are reviewed against sector risk. Narrative is improving toward quality, growth and capital return. Current regime lens: steady_state_low_chaos.","Mock risks: valuation compression, policy/regulatory shocks, dividend sustainability and liquidity stress.",Needs review,Mixed,No major mock concern,Dividend quality compounds with stable cash flow.,Moderate total return with risk controls intact.,Macro or governance shock reduces valuation and income confidence.,61.7866301999438,Hold,0.6678663019994381
AZA.ST,Avanza Bank Holding AB (publ),"Mock analyst view: quality, dividends and balance-sheet resilience are reviewed against sector risk. Narrative is improving toward quality, growth and capital return. Current regime lens: steady_state_low_chaos.","Mock risks: valuation compression, policy/regulatory shocks, dividend sustainability and liquidity stress. Distributional ML forecast shows attractive upside but asymmetric downside risk.",Needs review,Constructive,No major mock concern,Dividend quality compounds with stable cash flow.,Moderate total return with risk controls intact.,Macro or governance shock reduces valuation and income confidence.,61.78551926853166,Avoid,0.6678551926853167
3288.HK,Haitian Flav,"Mock analyst view: quality, dividends and balance-sheet resilience are reviewed against sector risk. Narrative is improving toward quality, growth and capital return. Current regime lens: steady_state_low_chaos.","Mock risks: valuation compression, policy/regulatory shocks, dividend sustainability and liquidity stress. Distributional ML forecast shows attractive upside but asymmetric downside risk. ML dividend-cut probability is elevated.",Constructive,Mixed,No major mock concern,Dividend quality compounds with stable cash flow.,Moderate total return with risk controls intact.,Macro or governance shock reduces valuation and income confidence.,61.77655978734991,Avoid,0.6677655978734991
3328.HK,Bank of Communications Co Ltd,"Mock analyst view: quality, dividends and balance-sheet resilience are reviewed against sector risk. Narrative is improving toward quality, growth and capital return. Current regime lens: steady_state_low_chaos.","Mock risks: valuation compression, policy/regulatory shocks, dividend sustainability and liquidity stress.",Constructive,Constructive,No major mock concern,Dividend quality compounds with stable cash flow.,Moderate total return with risk controls intact.,Macro or governance shock reduces valuation and income confidence.,61.759674146593355,Avoid,0.6675967414659336
2259.HK,Zijin Gold Intl Co Ltd,"Mock analyst view: quality, dividends and balance-sheet resilience are reviewed against sector risk. Narrative is improving toward quality, growth and capital return. Current regime lens: steady_state_low_chaos.","Mock risks: valuation compression, policy/regulatory shocks, dividend sustainability and liquidity stress. Distributional ML forecast shows attractive upside but asymmetric downside risk. Forecast uncertainty is high; analyst placeholder treats this as Watchlist risk.",Constructive,Mixed,No major mock concern,Dividend quality compounds with stable cash flow.,Moderate total return with risk controls intact.,Macro or governance shock reduces valuation and income confidence.,61.75689914216662,Avoid,0.6675689914216663
ITH.LSE,Ithaca Energy PLC,"Mock analyst view: quality, dividends and balance-sheet resilience are reviewed against sector risk. Current regime lens: steady_state_low_chaos.","Mock risks: valuation compression, policy/regulatory shocks, dividend sustainability and liquidity stress. Narrative is reframing toward risk/deterioration. Credit/refinancing pressure is increasingly central to the equity story. Distributional ML forecast shows attractive upside but asymmetric downside risk. ML dividend-cut probability is elevated. Forecast uncertainty is high; analyst placeholder treats this as Watchlist risk. Forecast distribution has downside skew risk.",Needs review,Constructive,No major mock concern,Dividend quality compounds with stable cash flow.,Moderate total return with risk controls intact.,Macro or governance shock reduces valuation and income confidence.,61.724896416254666,Avoid,0.6672489641625468
000333.SHE,Midea Group Co Ltd,"Mock analyst view: quality, dividends and balance-sheet resilience are reviewed against sector risk. Narrative is improving toward quality, growth and capital return. Current regime lens: steady_state_low_chaos.","Mock risks: valuation compression, policy/regulatory shocks, dividend sustainability and liquidity stress.",Constructive,Mixed,No major mock concern,Dividend quality compounds with stable cash flow.,Moderate total return with risk controls intact.,Macro or governance shock reduces valuation and income confidence.,61.70782616474071,Hold,0.6670782616474071
IAG.MC,International Consolidated Airlines Group S.A,"Mock analyst view: quality, dividends and balance-sheet resilience are reviewed against sector risk. Narrative is improving toward quality, growth and capital return. Current regime lens: steady_state_low_chaos.","Mock risks: valuation compression, policy/regulatory shocks, dividend sustainability and liquidity stress. Distributional ML forecast shows attractive upside but asymmetric downside risk.",Constructive,Constructive,No major mock concern,Dividend quality compounds with stable cash flow.,Moderate total return with risk controls intact.,Macro or governance shock reduces valuation and income confidence.,61.68387974333854,Hold,0.6668387974333854
2313.HK,Shenzhou International Group Holdings Ltd,"Mock analyst view: quality, dividends and balance-sheet resilience are reviewed against sector risk. Narrative is improving toward quality, growth and capital return. Current regime lens: steady_state_low_chaos.","Mock risks: valuation compression, policy/regulatory shocks, dividend sustainability and liquidity stress. Distributional ML forecast shows attractive upside but asymmetric downside risk.",Needs review,Mixed,No major mock concern,Dividend quality compounds with stable cash flow.,Moderate total return with risk controls intact.,Macro or governance shock reduces valuation and income confidence.,61.67957719752175,Hold,0.6667957719752176
0300.HK,"Midea Group Co., Ltd.","Mock analyst view: quality, dividends and balance-sheet resilience are reviewed against sector risk. Current regime lens: steady_state_low_chaos.","Mock risks: valuation compression, policy/regulatory shocks, dividend sustainability and liquidity stress. Narrative is reframing toward risk/deterioration. Distributional ML forecast shows attractive upside but asymmetric downside risk.",Constructive,Mixed,No major mock concern,Dividend quality compounds with stable cash flow.,Moderate total return with risk controls intact.,Macro or governance shock reduces valuation and income confidence.,61.62455123397716,Avoid,0.6662455123397716
BBVA.MC,Banco Bilbao Vizcaya Argentaria SA,"Mock analyst view: quality, dividends and balance-sheet resilience are reviewed against sector risk. Narrative is improving toward quality, growth and capital return. Current regime lens: steady_state_low_chaos.","Mock risks: valuation compression, policy/regulatory shocks, dividend sustainability and liquidity stress. Distributional ML forecast shows attractive upside but asymmetric downside risk.",Constructive,Constructive,No major mock concern,Dividend quality compounds with stable cash flow.,Moderate total return with risk controls intact.,Macro or governance shock reduces valuation and income confidence.,61.51615205213112,Hold,0.6651615205213113
G24.XETRA,Scout24 AG,"Mock analyst view: quality, dividends and balance-sheet resilience are reviewed against sector risk. Narrative is improving toward quality, growth and capital return. Current regime lens: steady_state_low_chaos.","Mock risks: valuation compression, policy/regulatory shocks, dividend sustainability and liquidity stress. Distributional ML forecast shows attractive upside but asymmetric downside risk.",Constructive,Constructive,No major mock concern,Dividend quality compounds with stable cash flow.,Moderate total return with risk controls intact.,Macro or governance shock reduces valuation and income confidence.,61.4879179972007,Hold,0.6648791799720071
BCS.US,Barclays PLC ADR,"Mock analyst view: quality, dividends and balance-sheet resilience are reviewed against sector risk. Narrative is improving toward quality, growth and capital return. Current regime lens: steady_state_low_chaos.","Mock risks: valuation compression, policy/regulatory shocks, dividend sustainability and liquidity stress. Narrative is reframing toward risk/deterioration. Distributional ML forecast shows attractive upside but asymmetric downside risk.",Constructive,Constructive,No major mock concern,Dividend quality compounds with stable cash flow.,Moderate total return with risk controls intact.,Macro or governance shock reduces valuation and income confidence.,61.47461773290435,Hold,0.6647461773290435
RBREW.CO,Royal Unibrew A/S,"Mock analyst view: quality, dividends and balance-sheet resilience are reviewed against sector risk. Narrative is improving toward quality, growth and capital return. Current regime lens: steady_state_low_chaos.","Mock risks: valuation compression, policy/regulatory shocks, dividend sustainability and liquidity stress. Distributional ML forecast shows attractive upside but asymmetric downside risk.",Needs review,Constructive,No major mock concern,Dividend quality compounds with stable cash flow.,Moderate total return with risk controls intact.,Macro or governance shock reduces valuation and income confidence.,61.471504934536654,Avoid,0.6647150493453666
605117.SHG,Ningbo Deye Technology Co Ltd,"Mock analyst view: quality, dividends and balance-sheet resilience are reviewed against sector risk. Narrative is improving toward quality, growth and capital return. Current regime lens: steady_state_low_chaos.","Mock risks: valuation compression, policy/regulatory shocks, dividend sustainability and liquidity stress. Distributional ML forecast shows attractive upside but asymmetric downside risk. Forecast uncertainty is high; analyst placeholder treats this as Watchlist risk.",Needs review,Mixed,No major mock concern,Dividend quality compounds with stable cash flow.,Moderate total return with risk controls intact.,Macro or governance shock reduces valuation and income confidence.,61.45827349306877,Hold,0.6645827349306878
MC.PA,LVMH Moët Hennessy - Louis Vuitton,"Mock analyst view: quality, dividends and balance-sheet resilience are reviewed against sector risk. Narrative is improving toward quality, growth and capital return. Current regime lens: steady_state_low_chaos.","Mock risks: valuation compression, policy/regulatory shocks, dividend sustainability and liquidity stress. Distributional ML forecast shows attractive upside but asymmetric downside risk.",Constructive,Constructive,No major mock concern,Dividend quality compounds with stable cash flow.,Moderate total return with risk controls intact.,Macro or governance shock reduces valuation and income confidence.,61.42464528822575,Hold,0.6642464528822575
0868.HK,Xinyi Glass Holdings Ltd,"Mock analyst view: quality, dividends and balance-sheet resilience are reviewed against sector risk. Narrative is improving toward quality, growth and capital return. Current regime lens: steady_state_low_chaos.","Mock risks: valuation compression, policy/regulatory shocks, dividend sustainability and liquidity stress. Distributional ML forecast shows attractive upside but asymmetric downside risk.",Needs review,Constructive,No major mock concern,Dividend quality compounds with stable cash flow.,Moderate total return with risk controls intact.,Macro or governance shock reduces valuation and income confidence.,61.40935172841209,Avoid,0.6640935172841209
TREL-B.ST,Trelleborg AB (publ),"Mock analyst view: quality, dividends and balance-sheet resilience are reviewed against sector risk. Narrative is improving toward quality, growth and capital return. Current regime lens: steady_state_low_chaos.","Mock risks: valuation compression, policy/regulatory shocks, dividend sustainability and liquidity stress. Distributional ML forecast shows attractive upside but asymmetric downside risk. Forecast uncertainty is high; analyst placeholder treats this as Watchlist risk.",Needs review,Mixed,No major mock concern,Dividend quality compounds with stable cash flow.,Moderate total return with risk controls intact.,Macro or governance shock reduces valuation and income confidence.,61.403544611819314,Avoid,0.6640354461181932
HO.PA,Thales S.A.,"Mock analyst view: quality, dividends and balance-sheet resilience are reviewed against sector risk. Current regime lens: steady_state_low_chaos.","Mock risks: valuation compression, policy/regulatory shocks, dividend sustainability and liquidity stress. Narrative is reframing toward risk/deterioration. Credit/refinancing pressure is increasingly central to the equity story. Distributional ML forecast shows attractive upside but asymmetric downside risk.",Needs review,Mixed,No major mock concern,Dividend quality compounds with stable cash flow.,Moderate total return with risk controls intact.,Macro or governance shock reduces valuation and income confidence.,61.330196565563796,Avoid,0.663301965655638
NXT.LSE,Next PLC,"Mock analyst view: quality, dividends and balance-sheet resilience are reviewed against sector risk. Narrative is improving toward quality, growth and capital return. Current regime lens: steady_state_low_chaos.","Mock risks: valuation compression, policy/regulatory shocks, dividend sustainability and liquidity stress. Distributional ML forecast shows attractive upside but asymmetric downside risk.",Needs review,Constructive,No major mock concern,Dividend quality compounds with stable cash flow.,Moderate total return with risk controls intact.,Macro or governance shock reduces valuation and income confidence.,61.25510268340997,Hold,0.6625510268340997
0175.HK,Geely Automobile Holdings Ltd,"Mock analyst view: quality, dividends and balance-sheet resilience are reviewed against sector risk. Narrative is improving toward quality, growth and capital return. Current regime lens: steady_state_low_chaos.","Mock risks: valuation compression, policy/regulatory shocks, dividend sustainability and liquidity stress. Distributional ML forecast shows attractive upside but asymmetric downside risk.",Constructive,Constructive,No major mock concern,Dividend quality compounds with stable cash flow.,Moderate total return with risk controls intact.,Macro or governance shock reduces valuation and income confidence.,61.22277830078367,Avoid,0.6622277830078368
2338.HK,Weichai Power Co Ltd,"Mock analyst view: quality, dividends and balance-sheet resilience are reviewed against sector risk. Current regime lens: steady_state_low_chaos.","Mock risks: valuation compression, policy/regulatory shocks, dividend sustainability and liquidity stress. Narrative is reframing toward risk/deterioration. Credit/refinancing pressure is increasingly central to the equity story. Distributional ML forecast shows attractive upside but asymmetric downside risk. Forecast uncertainty is high; analyst placeholder treats this as Watchlist risk.",Needs review,Constructive,No major mock concern,Dividend quality compounds with stable cash flow.,Moderate total return with risk controls intact.,Macro or governance shock reduces valuation and income confidence.,61.20087164107245,Avoid,0.6620087164107246
T.US,AT&T Inc.,"Mock analyst view: quality, dividends and balance-sheet resilience are reviewed against sector risk. Narrative is improving toward quality, growth and capital return. Current regime lens: steady_state_low_chaos.","Mock risks: valuation compression, policy/regulatory shocks, dividend sustainability and liquidity stress. Distributional ML forecast shows attractive upside but asymmetric downside risk.",Constructive,Constructive,No major mock concern,Dividend quality compounds with stable cash flow.,Moderate total return with risk controls intact.,Macro or governance shock reduces valuation and income confidence.,61.142115267916836,Hold,0.6614211526791685
SEPL.LSE,Seplat Petroleum Development Company PLC,"Mock analyst view: quality, dividends and balance-sheet resilience are reviewed against sector risk. Narrative is improving toward quality, growth and capital return. Current regime lens: steady_state_low_chaos.","Mock risks: valuation compression, policy/regulatory shocks, dividend sustainability and liquidity stress. Narrative is reframing toward risk/deterioration. Distributional ML forecast shows attractive upside but asymmetric downside risk.",Constructive,Constructive,No major mock concern,Dividend quality compounds with stable cash flow.,Moderate total return with risk controls intact.,Macro or governance shock reduces valuation and income confidence.,61.095159456661335,Avoid,0.6609515945666133
BAMNB.AS,Koninklijke BAM Groep NV,"Mock analyst view: quality, dividends and balance-sheet resilience are reviewed against sector risk. Narrative is improving toward quality, growth and capital return. Current regime lens: steady_state_low_chaos.","Mock risks: valuation compression, policy/regulatory shocks, dividend sustainability and liquidity stress. Distributional ML forecast shows attractive upside but asymmetric downside risk.",Constructive,Mixed,No major mock concern,Dividend quality compounds with stable cash flow.,Moderate total return with risk controls intact.,Macro or governance shock reduces valuation and income confidence.,61.07010425709964,Avoid,0.6607010425709965
0270.HK,Guangdong Investment Ltd,"Mock analyst view: quality, dividends and balance-sheet resilience are reviewed against sector risk. Narrative is improving toward quality, growth and capital return. Current regime lens: steady_state_low_chaos.","Mock risks: valuation compression, policy/regulatory shocks, dividend sustainability and liquidity stress.",Needs review,Constructive,No major mock concern,Dividend quality compounds with stable cash flow.,Moderate total return with risk controls intact.,Macro or governance shock reduces valuation and income confidence.,61.0279667046692,Avoid,0.660279667046692
601988.SHG,Bank of China Limited,"Mock analyst view: quality, dividends and balance-sheet resilience are reviewed against sector risk. Current regime lens: steady_state_low_chaos.","Mock risks: valuation compression, policy/regulatory shocks, dividend sustainability and liquidity stress. Narrative is reframing toward risk/deterioration.",Constructive,Constructive,No major mock concern,Dividend quality compounds with stable cash flow.,Moderate total return with risk controls intact.,Macro or governance shock reduces valuation and income confidence.,60.952986727253915,Hold,0.6595298672725391
INTU.US,Intuit Inc,"Mock analyst view: quality, dividends and balance-sheet resilience are reviewed against sector risk. Narrative is improving toward quality, growth and capital return. Current regime lens: steady_state_low_chaos.","Mock risks: valuation compression, policy/regulatory shocks, dividend sustainability and liquidity stress. Distributional ML forecast shows attractive upside but asymmetric downside risk. Forecast uncertainty is high; analyst placeholder treats this as Watchlist risk.",Constructive,Constructive,No major mock concern,Dividend quality compounds with stable cash flow.,Moderate total return with risk controls intact.,Macro or governance shock reduces valuation and income confidence.,60.85729843738227,Avoid,0.6585729843738227
CCC.LSE,Computacenter PLC,"Mock analyst view: quality, dividends and balance-sheet resilience are reviewed against sector risk. Narrative is improving toward quality, growth and capital return. Current regime lens: steady_state_low_chaos.","Mock risks: valuation compression, policy/regulatory shocks, dividend sustainability and liquidity stress. Distributional ML forecast shows attractive upside but asymmetric downside risk.",Needs review,Mixed,No major mock concern,Dividend quality compounds with stable cash flow.,Moderate total return with risk controls intact.,Macro or governance shock reduces valuation and income confidence.,60.84870681385057,Avoid,0.6584870681385058
JET2.LSE,Jet2 PLC,"Mock analyst view: quality, dividends and balance-sheet resilience are reviewed against sector risk. Current regime lens: steady_state_low_chaos.","Mock risks: valuation compression, policy/regulatory shocks, dividend sustainability and liquidity stress. Narrative is reframing toward risk/deterioration. Credit/refinancing pressure is increasingly central to the equity story. Distributional ML forecast shows attractive upside but asymmetric downside risk.",Constructive,Constructive,No major mock concern,Dividend quality compounds with stable cash flow.,Moderate total return with risk controls intact.,Macro or governance shock reduces valuation and income confidence.,60.80109661016864,Avoid,0.6580109661016864
AD.AS,Koninklijke Ahold Delhaize NV,"Mock analyst view: quality, dividends and balance-sheet resilience are reviewed against sector risk. Narrative is improving toward quality, growth and capital return. Current regime lens: steady_state_low_chaos.","Mock risks: valuation compression, policy/regulatory shocks, dividend sustainability and liquidity stress.",Constructive,Constructive,No major mock concern,Dividend quality compounds with stable cash flow.,Moderate total return with risk controls intact.,Macro or governance shock reduces valuation and income confidence.,60.79638564584418,Hold,0.6579638564584419
HEI.XETRA,Heidelberg Materials AG,"Mock analyst view: quality, dividends and balance-sheet resilience are reviewed against sector risk. Current regime lens: steady_state_low_chaos.","Mock risks: valuation compression, policy/regulatory shocks, dividend sustainability and liquidity stress. Narrative is reframing toward risk/deterioration. Distributional ML forecast shows attractive upside but asymmetric downside risk.",Constructive,Constructive,No major mock concern,Dividend quality compounds with stable cash flow.,Moderate total return with risk controls intact.,Macro or governance shock reduces valuation and income confidence.,60.791263272262,Hold,0.65791263272262
000651.SHE,Gree Electric Appliances Inc of Zhuhai,"Mock analyst view: quality, dividends and balance-sheet resilience are reviewed against sector risk. Current regime lens: steady_state_low_chaos.","Mock risks: valuation compression, policy/regulatory shocks, dividend sustainability and liquidity stress. Narrative is reframing toward risk/deterioration. ML dividend-cut probability is elevated.",Needs review,Constructive,No major mock concern,Dividend quality compounds with stable cash flow.,Moderate total return with risk controls intact.,Macro or governance shock reduces valuation and income confidence.,60.77508835010896,Hold,0.6577508835010897
601288.SHG,Agricultural Bank of China Ltd Class A,"Mock analyst view: quality, dividends and balance-sheet resilience are reviewed against sector risk. Narrative is improving toward quality, growth and capital return. Current regime lens: steady_state_low_chaos.","Mock risks: valuation compression, policy/regulatory shocks, dividend sustainability and liquidity stress. Distributional ML forecast shows attractive upside but asymmetric downside risk.",Constructive,Constructive,No major mock concern,Dividend quality compounds with stable cash flow.,Moderate total return with risk controls intact.,Macro or governance shock reduces valuation and income confidence.,60.75345438430905,Hold,0.6575345438430906
ADDT-B.ST,Addtech AB (publ.),"Mock analyst view: quality, dividends and balance-sheet resilience are reviewed against sector risk. Narrative is improving toward quality, growth and capital return. Current regime lens: steady_state_low_chaos.","Mock risks: valuation compression, policy/regulatory shocks, dividend sustainability and liquidity stress.",Needs review,Mixed,No major mock concern,Dividend quality compounds with stable cash flow.,Moderate total return with risk controls intact.,Macro or governance shock reduces valuation and income confidence.,60.749029891366234,Avoid,0.6574902989136624
AEM.US,Agnico Eagle Mines Limited,"Mock analyst view: quality, dividends and balance-sheet resilience are reviewed against sector risk. Narrative is improving toward quality, growth and capital return. Current regime lens: steady_state_low_chaos.","Mock risks: valuation compression, policy/regulatory shocks, dividend sustainability and liquidity stress. Distributional ML forecast shows attractive upside but asymmetric downside risk. Forecast uncertainty is high; analyst placeholder treats this as Watchlist risk.",Needs review,Constructive,No major mock concern,Dividend quality compounds with stable cash flow.,Moderate total return with risk controls intact.,Macro or governance shock reduces valuation and income confidence.,60.66918431115772,Avoid,0.6566918431115772
6963.HK,Sunshine Ins Grp Co Ltd,"Mock analyst view: quality, dividends and balance-sheet resilience are reviewed against sector risk. Narrative is improving toward quality, growth and capital return. Current regime lens: steady_state_low_chaos.","Mock risks: valuation compression, policy/regulatory shocks, dividend sustainability and liquidity stress. Distributional ML forecast shows attractive upside but asymmetric downside risk.",Constructive,Constructive,No major mock concern,Dividend quality compounds with stable cash flow.,Moderate total return with risk controls intact.,Macro or governance shock reduces valuation and income confidence.,60.65371217950789,Avoid,0.656537121795079
GRI.LSE,Grainger PLC,"Mock analyst view: quality, dividends and balance-sheet resilience are reviewed against sector risk. Narrative is improving toward quality, growth and capital return. Current regime lens: steady_state_low_chaos.","Mock risks: valuation compression, policy/regulatory shocks, dividend sustainability and liquidity stress. Distributional ML forecast shows attractive upside but asymmetric downside risk. ML dividend-cut probability is elevated.",Constructive,Constructive,No major mock concern,Dividend quality compounds with stable cash flow.,Moderate total return with risk controls intact.,Macro or governance shock reduces valuation and income confidence.,60.501425622708595,Avoid,0.655014256227086
601766.SHG,CRRC Corp Ltd Class A,"Mock analyst view: quality, dividends and balance-sheet resilience are reviewed against sector risk. Narrative is improving toward quality, growth and capital return. Current regime lens: steady_state_low_chaos.","Mock risks: valuation compression, policy/regulatory shocks, dividend sustainability and liquidity stress. Distributional ML forecast shows attractive upside but asymmetric downside risk.",Constructive,Mixed,No major mock concern,Dividend quality compounds with stable cash flow.,Moderate total return with risk controls intact.,Macro or governance shock reduces valuation and income confidence.,60.48306115481704,Hold,0.6548306115481703
SWEC-B.ST,Sweco AB (publ),"Mock analyst view: quality, dividends and balance-sheet resilience are reviewed against sector risk. Narrative is improving toward quality, growth and capital return. Current regime lens: steady_state_low_chaos.","Mock risks: valuation compression, policy/regulatory shocks, dividend sustainability and liquidity stress. Distributional ML forecast shows attractive upside but asymmetric downside risk.",Needs review,Constructive,No major mock concern,Dividend quality compounds with stable cash flow.,Moderate total return with risk controls intact.,Macro or governance shock reduces valuation and income confidence.,60.41034794669184,Avoid,0.6541034794669185
ALIZY.US,Allianz SE ADR,"Mock analyst view: quality, dividends and balance-sheet resilience are reviewed against sector risk. Narrative is improving toward quality, growth and capital return. Current regime lens: steady_state_low_chaos.","Mock risks: valuation compression, policy/regulatory shocks, dividend sustainability and liquidity stress. Narrative is reframing toward risk/deterioration.",Constructive,Constructive,No major mock concern,Dividend quality compounds with stable cash flow.,Moderate total return with risk controls intact.,Macro or governance shock reduces valuation and income confidence.,60.40238982499727,Avoid,0.6540238982499728
IMI.LSE,IMI PLC,"Mock analyst view: quality, dividends and balance-sheet resilience are reviewed against sector risk. Narrative is improving toward quality, growth and capital return. Current regime lens: steady_state_low_chaos.","Mock risks: valuation compression, policy/regulatory shocks, dividend sustainability and liquidity stress. Distributional ML forecast shows attractive upside but asymmetric downside risk.",Needs review,Mixed,No major mock concern,Dividend quality compounds with stable cash flow.,Moderate total return with risk controls intact.,Macro or governance shock reduces valuation and income confidence.,60.39121661139902,Avoid,0.6539121661139902
RICA.LSE,Ruffer Investment Company Limited,"Mock analyst view: quality, dividends and balance-sheet resilience are reviewed against sector risk. Current regime lens: steady_state_low_chaos.","Mock risks: valuation compression, policy/regulatory shocks, dividend sustainability and liquidity stress. Narrative is reframing toward risk/deterioration. Credit/refinancing pressure is increasingly central to the equity story.",Constructive,Constructive,No major mock concern,Dividend quality compounds with stable cash flow.,Moderate total return with risk controls intact.,Macro or governance shock reduces valuation and income confidence.,60.37531055480335,Avoid,0.6537531055480336
BUD.US,Anheuser Busch Inbev NV ADR,"Mock analyst view: quality, dividends and balance-sheet resilience are reviewed against sector risk. Current regime lens: steady_state_low_chaos.","Mock risks: valuation compression, policy/regulatory shocks, dividend sustainability and liquidity stress. Narrative is reframing toward risk/deterioration. Credit/refinancing pressure is increasingly central to the equity story. Distributional ML forecast shows attractive upside but asymmetric downside risk.",Constructive,Constructive,No major mock concern,Dividend quality compounds with stable cash flow.,Moderate total return with risk controls intact.,Macro or governance shock reduces valuation and income confidence.,60.33620987464107,Avoid,0.6533620987464107
MOH.XETRA,LVMH Moët Hennessy - Louis Vuitton Société Européenne,"Mock analyst view: quality, dividends and balance-sheet resilience are reviewed against sector risk. Current regime lens: steady_state_low_chaos.","Mock risks: valuation compression, policy/regulatory shocks, dividend sustainability and liquidity stress. Narrative is reframing toward risk/deterioration. Distributional ML forecast shows attractive upside but asymmetric downside risk.",Needs review,Constructive,No major mock concern,Dividend quality compounds with stable cash flow.,Moderate total return with risk controls intact.,Macro or governance shock reduces valuation and income confidence.,60.33356294765571,Avoid,0.6533356294765571
RS1.LSE,RS GROUP PLC,"Mock analyst view: quality, dividends and balance-sheet resilience are reviewed against sector risk. Narrative is improving toward quality, growth and capital return. Current regime lens: steady_state_low_chaos.","Mock risks: valuation compression, policy/regulatory shocks, dividend sustainability and liquidity stress. Distributional ML forecast shows attractive upside but asymmetric downside risk.",Needs review,Mixed,No major mock concern,Dividend quality compounds with stable cash flow.,Moderate total return with risk controls intact.,Macro or governance shock reduces valuation and income confidence.,60.330886328618064,Avoid,0.6533088632861807
RMS.PA,Hermes International SCA,"Mock analyst view: quality, dividends and balance-sheet resilience are reviewed against sector risk. Current regime lens: steady_state_low_chaos.","Mock risks: valuation compression, policy/regulatory shocks, dividend sustainability and liquidity stress. Narrative is reframing toward risk/deterioration.",Needs review,Mixed,No major mock concern,Dividend quality compounds with stable cash flow.,Moderate total return with risk controls intact.,Macro or governance shock reduces valuation and income confidence.,60.31969809214783,Avoid,0.6531969809214784
STT.US,State Street Corp,"Mock analyst view: quality, dividends and balance-sheet resilience are reviewed against sector risk. Narrative is improving toward quality, growth and capital return. Current regime lens: steady_state_low_chaos.","Mock risks: valuation compression, policy/regulatory shocks, dividend sustainability and liquidity stress. Distributional ML forecast shows attractive upside but asymmetric downside risk.",Needs review,Constructive,No major mock concern,Dividend quality compounds with stable cash flow.,Moderate total return with risk controls intact.,Macro or governance shock reduces valuation and income confidence.,60.27960550593279,Hold,0.6527960550593279
SHEL.US,Shell PLC ADR,"Mock analyst view: quality, dividends and balance-sheet resilience are reviewed against sector risk. Current regime lens: steady_state_low_chaos.","Mock risks: valuation compression, policy/regulatory shocks, dividend sustainability and liquidity stress. Narrative is reframing toward risk/deterioration. Credit/refinancing pressure is increasingly central to the equity story. Distributional ML forecast shows attractive upside but asymmetric downside risk.",Constructive,Constructive,No major mock concern,Dividend quality compounds with stable cash flow.,Moderate total return with risk controls intact.,Macro or governance shock reduces valuation and income confidence.,60.21783006302414,Avoid,0.6521783006302414
300015.SHE,Aier Eye Hospital Group,"Mock analyst view: quality, dividends and balance-sheet resilience are reviewed against sector risk. Narrative is improving toward quality, growth and capital return. Current regime lens: steady_state_low_chaos.","Mock risks: valuation compression, policy/regulatory shocks, dividend sustainability and liquidity stress. Distributional ML forecast shows attractive upside but asymmetric downside risk.",Needs review,Constructive,No major mock concern,Dividend quality compounds with stable cash flow.,Moderate total return with risk controls intact.,Macro or governance shock reduces valuation and income confidence.,60.17107548965713,Hold,0.6517107548965713
000963.SHE,Huadong Medicine Co Ltd,"Mock analyst view: quality, dividends and balance-sheet resilience are reviewed against sector risk. Narrative is improving toward quality, growth and capital return. Current regime lens: steady_state_low_chaos.","Mock risks: valuation compression, policy/regulatory shocks, dividend sustainability and liquidity stress. Distributional ML forecast shows attractive upside but asymmetric downside risk.",Constructive,Mixed,No major mock concern,Dividend quality compounds with stable cash flow.,Moderate total return with risk controls intact.,Macro or governance shock reduces valuation and income confidence.,60.08568623314898,Hold,0.6508568623314899
HNR1.XETRA,Hannover Rück SE,"Mock analyst view: quality, dividends and balance-sheet resilience are reviewed against sector risk. Narrative is improving toward quality, growth and capital return. Current regime lens: steady_state_low_chaos.","Mock risks: valuation compression, policy/regulatory shocks, dividend sustainability and liquidity stress.",Constructive,Constructive,No major mock concern,Dividend quality compounds with stable cash flow.,Moderate total return with risk controls intact.,Macro or governance shock reduces valuation and income confidence.,60.0749223910921,Hold,0.650749223910921
1177.HK,Sino Biopharmaceutical Ltd,"Mock analyst view: quality, dividends and balance-sheet resilience are reviewed against sector risk. Narrative is improving toward quality, growth and capital return. Current regime lens: steady_state_low_chaos.","Mock risks: valuation compression, policy/regulatory shocks, dividend sustainability and liquidity stress. Distributional ML forecast shows attractive upside but asymmetric downside risk. Forecast uncertainty is high; analyst placeholder treats this as Watchlist risk.",Needs review,Constructive,No major mock concern,Dividend quality compounds with stable cash flow.,Moderate total return with risk controls intact.,Macro or governance shock reduces valuation and income confidence.,60.05837851500881,Hold,0.6505837851500882
SPIE.PA,SPIE SA,"Mock analyst view: quality, dividends and balance-sheet resilience are reviewed against sector risk. Narrative is improving toward quality, growth and capital return. Current regime lens: steady_state_low_chaos.","Mock risks: valuation compression, policy/regulatory shocks, dividend sustainability and liquidity stress. Distributional ML forecast shows attractive upside but asymmetric downside risk.",Needs review,Constructive,No major mock concern,Dividend quality compounds with stable cash flow.,Moderate total return with risk controls intact.,Macro or governance shock reduces valuation and income confidence.,60.055423114287294,Avoid,0.6505542311428729
000975.SHE,Yintai Resources Co Ltd,"Mock analyst view: quality, dividends and balance-sheet resilience are reviewed against sector risk. Narrative is improving toward quality, growth and capital return. Current regime lens: steady_state_low_chaos.","Mock risks: valuation compression, policy/regulatory shocks, dividend sustainability and liquidity stress. Narrative is reframing toward risk/deterioration. Distributional ML forecast shows attractive upside but asymmetric downside risk. Forecast uncertainty is high; analyst placeholder treats this as Watchlist risk.",Constructive,Mixed,No major mock concern,Dividend quality compounds with stable cash flow.,Moderate total return with risk controls intact.,Macro or governance shock reduces valuation and income confidence.,60.03208373278085,Hold,0.6503208373278085
1357.HK,Meitu Inc,"Mock analyst view: quality, dividends and balance-sheet resilience are reviewed against sector risk. Narrative is improving toward quality, growth and capital return. Current regime lens: steady_state_low_chaos.","Mock risks: valuation compression, policy/regulatory shocks, dividend sustainability and liquidity stress. Forecast uncertainty is high; analyst placeholder treats this as Watchlist risk.",Needs review,Mixed,No major mock concern,Dividend quality compounds with stable cash flow.,Moderate total return with risk controls intact.,Macro or governance shock reduces valuation and income confidence.,60.021838091755484,Hold,0.6502183809175549
3606.HK,Fuyao Glass Industry Group,"Mock analyst view: quality, dividends and balance-sheet resilience are reviewed against sector risk. Narrative is improving toward quality, growth and capital return. Current regime lens: steady_state_low_chaos.","Mock risks: valuation compression, policy/regulatory shocks, dividend sustainability and liquidity stress. Distributional ML forecast shows attractive upside but asymmetric downside risk. ML dividend-cut probability is elevated.",Needs review,Mixed,No major mock concern,Dividend quality compounds with stable cash flow.,Moderate total return with risk controls intact.,Macro or governance shock reduces valuation and income confidence.,60.02065870752891,Avoid,0.6502065870752891
LRLCY.US,L’Oreal Co ADR,"Mock analyst view: quality, dividends and balance-sheet resilience are reviewed against sector risk. Narrative is improving toward quality, growth and capital return. Current regime lens: steady_state_low_chaos.","Mock risks: valuation compression, policy/regulatory shocks, dividend sustainability and liquidity stress. Narrative is reframing toward risk/deterioration.",Needs review,Mixed,No major mock concern,Dividend quality compounds with stable cash flow.,Moderate total return with risk controls intact.,Macro or governance shock reduces valuation and income confidence.,60.01665555479613,Avoid,0.6501665555479613
AOF.XETRA,ATOSS Software SE,"Mock analyst view: quality, dividends and balance-sheet resilience are reviewed against sector risk. Current regime lens: steady_state_low_chaos.","Mock risks: valuation compression, policy/regulatory shocks, dividend sustainability and liquidity stress. Narrative is reframing toward risk/deterioration. Regime suitability requires review. Distributional ML forecast shows attractive upside but asymmetric downside risk. Forecast uncertainty is high; analyst placeholder treats this as Watchlist risk.",Needs review,Mixed,No major mock concern,Dividend quality compounds with stable cash flow.,Moderate total return with risk controls intact.,Macro or governance shock reduces valuation and income confidence.,59.966308215940586,Avoid,0.6496630821594059
6818.HK,China Everbright Bank Co Ltd,"Mock analyst view: quality, dividends and balance-sheet resilience are reviewed against sector risk. Current regime lens: steady_state_low_chaos.","Mock risks: valuation compression, policy/regulatory shocks, dividend sustainability and liquidity stress. Narrative is reframing toward risk/deterioration. Credit/refinancing pressure is increasingly central to the equity story. Distributional ML forecast shows attractive upside but asymmetric downside risk.",Constructive,Constructive,No major mock concern,Dividend quality compounds with stable cash flow.,Moderate total return with risk controls intact.,Macro or governance shock reduces valuation and income confidence.,59.93233875546686,Avoid,0.6493233875546687
ICG.LSE,Intermediate Capital Group PLC,"Mock analyst view: quality, dividends and balance-sheet resilience are reviewed against sector risk. Narrative is improving toward quality, growth and capital return. Current regime lens: steady_state_low_chaos.","Mock risks: valuation compression, policy/regulatory shocks, dividend sustainability and liquidity stress. Distributional ML forecast shows attractive upside but asymmetric downside risk.",Constructive,Constructive,No major mock concern,Dividend quality compounds with stable cash flow.,Moderate total return with risk controls intact.,Macro or governance shock reduces valuation and income confidence.,59.926657148330165,Hold,0.6492665714833017
CS.PA,AXA SA,"Mock analyst view: quality, dividends and balance-sheet resilience are reviewed against sector risk. Narrative is improving toward quality, growth and capital return. Current regime lens: steady_state_low_chaos.","Mock risks: valuation compression, policy/regulatory shocks, dividend sustainability and liquidity stress.",Constructive,Constructive,No major mock concern,Dividend quality compounds with stable cash flow.,Moderate total return with risk controls intact.,Macro or governance shock reduces valuation and income confidence.,59.908565267243844,Avoid,0.6490856526724385
0168.HK,Tsingtao Brew,"Mock analyst view: quality, dividends and balance-sheet resilience are reviewed against sector risk. Narrative is improving toward quality, growth and capital return. Current regime lens: steady_state_low_chaos.","Mock risks: valuation compression, policy/regulatory shocks, dividend sustainability and liquidity stress. Distributional ML forecast shows attractive upside but asymmetric downside risk.",Constructive,Mixed,No major mock concern,Dividend quality compounds with stable cash flow.,Moderate total return with risk controls intact.,Macro or governance shock reduces valuation and income confidence.,59.90675606287924,Avoid,0.6490675606287925
600919.SHG,Bank of Jiangsu Co Ltd,"Mock analyst view: quality, dividends and balance-sheet resilience are reviewed against sector risk. Narrative is improving toward quality, growth and capital return. Current regime lens: steady_state_low_chaos.","Mock risks: valuation compression, policy/regulatory shocks, dividend sustainability and liquidity stress.",Constructive,Constructive,No major mock concern,Dividend quality compounds with stable cash flow.,Moderate total return with risk controls intact.,Macro or governance shock reduces valuation and income confidence.,59.82698606763577,Hold,0.6482698606763577
EOG.US,EOG Resources Inc,"Mock analyst view: quality, dividends and balance-sheet resilience are reviewed against sector risk. Narrative is improving toward quality, growth and capital return. Current regime lens: steady_state_low_chaos.","Mock risks: valuation compression, policy/regulatory shocks, dividend sustainability and liquidity stress. Narrative is reframing toward risk/deterioration. Distributional ML forecast shows attractive upside but asymmetric downside risk.",Needs review,Constructive,No major mock concern,Dividend quality compounds with stable cash flow.,Moderate total return with risk controls intact.,Macro or governance shock reduces valuation and income confidence.,59.819298150142785,Avoid,0.6481929815014279
FRES.LSE,Fresnillo PLC,"Mock analyst view: quality, dividends and balance-sheet resilience are reviewed against sector risk. Narrative is improving toward quality, growth and capital return. Current regime lens: steady_state_low_chaos.","Mock risks: valuation compression, policy/regulatory shocks, dividend sustainability and liquidity stress. Distributional ML forecast shows attractive upside but asymmetric downside risk. Forecast uncertainty is high; analyst placeholder treats this as Watchlist risk.",Needs review,Mixed,No major mock concern,Dividend quality compounds with stable cash flow.,Moderate total return with risk controls intact.,Macro or governance shock reduces valuation and income confidence.,59.72415284803486,Hold,0.6472415284803487
TEL.US,TE Connectivity Ltd,"Mock analyst view: quality, dividends and balance-sheet resilience are reviewed against sector risk. Narrative is improving toward quality, growth and capital return. Current regime lens: steady_state_low_chaos.","Mock risks: valuation compression, policy/regulatory shocks, dividend sustainability and liquidity stress. Distributional ML forecast shows attractive upside but asymmetric downside risk.",Needs review,Constructive,No major mock concern,Dividend quality compounds with stable cash flow.,Moderate total return with risk controls intact.,Macro or governance shock reduces valuation and income confidence.,59.65372645517908,Avoid,0.6465372645517908
EDEN.PA,Edenred SA,"Mock analyst view: quality, dividends and balance-sheet resilience are reviewed against sector risk. Narrative is improving toward quality, growth and capital return. Current regime lens: steady_state_low_chaos.","Mock risks: valuation compression, policy/regulatory shocks, dividend sustainability and liquidity stress. Distributional ML forecast shows attractive upside but asymmetric downside risk. Forecast uncertainty is high; analyst placeholder treats this as Watchlist risk.",Constructive,Constructive,No major mock concern,Dividend quality compounds with stable cash flow.,Moderate total return with risk controls intact.,Macro or governance shock reduces valuation and income confidence.,59.62817653077063,Hold,0.6462817653077063
0293.HK,Cathay Pacific Airways Limited,"Mock analyst view: quality, dividends and balance-sheet resilience are reviewed against sector risk. Narrative is improving toward quality, growth and capital return. Current regime lens: steady_state_low_chaos.","Mock risks: valuation compression, policy/regulatory shocks, dividend sustainability and liquidity stress. Distributional ML forecast shows attractive upside but asymmetric downside risk.",Constructive,Constructive,No major mock concern,Dividend quality compounds with stable cash flow.,Moderate total return with risk controls intact.,Macro or governance shock reduces valuation and income confidence.,59.60722217098278,Hold,0.6460722217098278
KNOS.LSE,Kainos Group PLC,"Mock analyst view: quality, dividends and balance-sheet resilience are reviewed against sector risk. Current regime lens: steady_state_low_chaos.","Mock risks: valuation compression, policy/regulatory shocks, dividend sustainability and liquidity stress. Narrative is reframing toward risk/deterioration. Distributional ML forecast shows attractive upside but asymmetric downside risk. ML dividend-cut probability is elevated. Forecast uncertainty is high; analyst placeholder treats this as Watchlist risk.",Needs review,Constructive,No major mock concern,Dividend quality compounds with stable cash flow.,Moderate total return with risk controls intact.,Macro or governance shock reduces valuation and income confidence.,59.5446103677197,Avoid,0.645446103677197
002714.SHE,Muyuan Foodstuff Co Ltd,"Mock analyst view: quality, dividends and balance-sheet resilience are reviewed against sector risk. Narrative is improving toward quality, growth and capital return. Current regime lens: steady_state_low_chaos.","Mock risks: valuation compression, policy/regulatory shocks, dividend sustainability and liquidity stress. Narrative is reframing toward risk/deterioration. Distributional ML forecast shows attractive upside but asymmetric downside risk. ML dividend-cut probability is elevated.",Constructive,Mixed,No major mock concern,Dividend quality compounds with stable cash flow.,Moderate total return with risk controls intact.,Macro or governance shock reduces valuation and income confidence.,59.51804134414806,Hold,0.6451804134414807
INFY.US,Infosys Ltd ADR,"Mock analyst view: quality, dividends and balance-sheet resilience are reviewed against sector risk. Narrative is improving toward quality, growth and capital return. Current regime lens: steady_state_low_chaos.","Mock risks: valuation compression, policy/regulatory shocks, dividend sustainability and liquidity stress. Distributional ML forecast shows attractive upside but asymmetric downside risk.",Needs review,Mixed,No major mock concern,Dividend quality compounds with stable cash flow.,Moderate total return with risk controls intact.,Macro or governance shock reduces valuation and income confidence.,59.490040820579054,Hold,0.6449004082057905
LOW.US,Lowe's Companies Inc,"Mock analyst view: quality, dividends and balance-sheet resilience are reviewed against sector risk. Narrative is improving toward quality, growth and capital return. Current regime lens: steady_state_low_chaos.","Mock risks: valuation compression, policy/regulatory shocks, dividend sustainability and liquidity stress. Narrative is reframing toward risk/deterioration. Distributional ML forecast shows attractive upside but asymmetric downside risk.",Needs review,Mixed,No major mock concern,Dividend quality compounds with stable cash flow.,Moderate total return with risk controls intact.,Macro or governance shock reduces valuation and income confidence.,59.460143343993295,Hold,0.644601433439933
AMP.US,Ameriprise Financial Inc,"Mock analyst view: quality, dividends and balance-sheet resilience are reviewed against sector risk. Current regime lens: steady_state_low_chaos.","Mock risks: valuation compression, policy/regulatory shocks, dividend sustainability and liquidity stress. Narrative is reframing toward risk/deterioration. Distributional ML forecast shows attractive upside but asymmetric downside risk.",Needs review,Constructive,No major mock concern,Dividend quality compounds with stable cash flow.,Moderate total return with risk controls intact.,Macro or governance shock reduces valuation and income confidence.,59.443708565368425,Avoid,0.6444370856536843
RACE.US,Ferrari NV,"Mock analyst view: quality, dividends and balance-sheet resilience are reviewed against sector risk. Current regime lens: steady_state_low_chaos.","Mock risks: valuation compression, policy/regulatory shocks, dividend sustainability and liquidity stress. Narrative is reframing toward risk/deterioration.",Needs review,Mixed,No major mock concern,Dividend quality compounds with stable cash flow.,Moderate total return with risk controls intact.,Macro or governance shock reduces valuation and income confidence.,59.387821909689606,Avoid,0.6438782190968961
SOON.SW,Sonova H Ag,"Mock analyst view: quality, dividends and balance-sheet resilience are reviewed against sector risk. Narrative is improving toward quality, growth and capital return. Current regime lens: steady_state_low_chaos.","Mock risks: valuation compression, policy/regulatory shocks, dividend sustainability and liquidity stress. Distributional ML forecast shows attractive upside but asymmetric downside risk.",Needs review,Constructive,No major mock concern,Dividend quality compounds with stable cash flow.,Moderate total return with risk controls intact.,Macro or governance shock reduces valuation and income confidence.,59.379359763117264,Hold,0.6437935976311727
TEMN.SW,Temenos Group AG,"Mock analyst view: quality, dividends and balance-sheet resilience are reviewed against sector risk. Narrative is improving toward quality, growth and capital return. Current regime lens: steady_state_low_chaos.","Mock risks: valuation compression, policy/regulatory shocks, dividend sustainability and liquidity stress. Distributional ML forecast shows attractive upside but asymmetric downside risk. Forecast uncertainty is high; analyst placeholder treats this as Watchlist risk.",Constructive,Constructive,No major mock concern,Dividend quality compounds with stable cash flow.,Moderate total return with risk controls intact.,Macro or governance shock reduces valuation and income confidence.,59.371465018249665,Avoid,0.6437146501824967
CAP.PA,Capgemini SE,"Mock analyst view: quality, dividends and balance-sheet resilience are reviewed against sector risk. Current regime lens: steady_state_low_chaos.","Mock risks: valuation compression, policy/regulatory shocks, dividend sustainability and liquidity stress. Narrative is reframing toward risk/deterioration. Distributional ML forecast shows attractive upside but asymmetric downside risk.",Constructive,Constructive,No major mock concern,Dividend quality compounds with stable cash flow.,Moderate total return with risk controls intact.,Macro or governance shock reduces valuation and income confidence.,59.30163362969985,Hold,0.6430163362969985
000933.SHE,Henan Shenhuo Coal & Power Co Ltd,"Mock analyst view: quality, dividends and balance-sheet resilience are reviewed against sector risk. Narrative is improving toward quality, growth and capital return. Current regime lens: steady_state_low_chaos.","Mock risks: valuation compression, policy/regulatory shocks, dividend sustainability and liquidity stress. Distributional ML forecast shows attractive upside but asymmetric downside risk. Forecast uncertainty is high; analyst placeholder treats this as Watchlist risk.",Needs review,Constructive,No major mock concern,Dividend quality compounds with stable cash flow.,Moderate total return with risk controls intact.,Macro or governance shock reduces valuation and income confidence.,59.289258548111064,Hold,0.6428925854811107
3908.HK,China Intl Capital Corp Ltd,"Mock analyst view: quality, dividends and balance-sheet resilience are reviewed against sector risk. Narrative is improving toward quality, growth and capital return. Current regime lens: steady_state_low_chaos.","Mock risks: valuation compression, policy/regulatory shocks, dividend sustainability and liquidity stress. Distributional ML forecast shows attractive upside but asymmetric downside risk. ML dividend-cut probability is elevated.",Constructive,Constructive,No major mock concern,Dividend quality compounds with stable cash flow.,Moderate total return with risk controls intact.,Macro or governance shock reduces valuation and income confidence.,59.28313882975259,Hold,0.642831388297526
601328.SHG,Bank of Communications Co,"Mock analyst view: quality, dividends and balance-sheet resilience are reviewed against sector risk. Narrative is improving toward quality, growth and capital return. Current regime lens: steady_state_low_chaos.","Mock risks: valuation compression, policy/regulatory shocks, dividend sustainability and liquidity stress.",Constructive,Constructive,No major mock concern,Dividend quality compounds with stable cash flow.,Moderate total return with risk controls intact.,Macro or governance shock reduces valuation and income confidence.,59.27631207972229,Avoid,0.6427631207972229
002429.SHE,Shenzhen MTC Co Ltd,"Mock analyst view: quality, dividends and balance-sheet resilience are reviewed against sector risk. Narrative is improving toward quality, growth and capital return. Current regime lens: steady_state_low_chaos.","Mock risks: valuation compression, policy/regulatory shocks, dividend sustainability and liquidity stress. Distributional ML forecast shows attractive upside but asymmetric downside risk. Forecast uncertainty is high; analyst placeholder treats this as Watchlist risk.",Needs review,Mixed,No major mock concern,Dividend quality compounds with stable cash flow.,Moderate total return with risk controls intact.,Macro or governance shock reduces valuation and income confidence.,59.264551887078696,Avoid,0.642645518870787
VLK.AS,Van Lanschot NV,"Mock analyst view: quality, dividends and balance-sheet resilience are reviewed against sector risk. Narrative is improving toward quality, growth and capital return. Current regime lens: steady_state_low_chaos.","Mock risks: valuation compression, policy/regulatory shocks, dividend sustainability and liquidity stress. Distributional ML forecast shows attractive upside but asymmetric downside risk. ML dividend-cut probability is elevated.",Constructive,Constructive,No major mock concern,Dividend quality compounds with stable cash flow.,Moderate total return with risk controls intact.,Macro or governance shock reduces valuation and income confidence.,59.235828072695256,Avoid,0.6423582807269526
TRV.US,The Travelers Companies Inc,"Mock analyst view: quality, dividends and balance-sheet resilience are reviewed against sector risk. Narrative is improving toward quality, growth and capital return. Current regime lens: steady_state_low_chaos.","Mock risks: valuation compression, policy/regulatory shocks, dividend sustainability and liquidity stress.",Needs review,Constructive,No major mock concern,Dividend quality compounds with stable cash flow.,Moderate total return with risk controls intact.,Macro or governance shock reduces valuation and income confidence.,59.21959131090695,Avoid,0.6421959131090695
RAT.LSE,Rathbone Brothers PLC,"Mock analyst view: quality, dividends and balance-sheet resilience are reviewed against sector risk. Narrative is improving toward quality, growth and capital return. Current regime lens: steady_state_low_chaos.","Mock risks: valuation compression, policy/regulatory shocks, dividend sustainability and liquidity stress. Narrative is reframing toward risk/deterioration. Distributional ML forecast shows attractive upside but asymmetric downside risk. ML dividend-cut probability is elevated.",Needs review,Constructive,No major mock concern,Dividend quality compounds with stable cash flow.,Moderate total return with risk controls intact.,Macro or governance shock reduces valuation and income confidence.,59.20760353730924,Avoid,0.6420760353730924
DEC.PA,JC Decaux SA,"Mock analyst view: quality, dividends and balance-sheet resilience are reviewed against sector risk. Narrative is improving toward quality, growth and capital return. Current regime lens: steady_state_low_chaos.","Mock risks: valuation compression, policy/regulatory shocks, dividend sustainability and liquidity stress. Distributional ML forecast shows attractive upside but asymmetric downside risk.",Needs review,Constructive,No major mock concern,Dividend quality compounds with stable cash flow.,Moderate total return with risk controls intact.,Macro or governance shock reduces valuation and income confidence.,59.162521657276756,Avoid,0.6416252165727676
9896.HK,MINISO Group Holding Limited,"Mock analyst view: quality, dividends and balance-sheet resilience are reviewed against sector risk. Narrative is improving toward quality, growth and capital return. Current regime lens: steady_state_low_chaos.","Mock risks: valuation compression, policy/regulatory shocks, dividend sustainability and liquidity stress. Distributional ML forecast shows attractive upside but asymmetric downside risk. Forecast uncertainty is high; analyst placeholder treats this as Watchlist risk.",Constructive,Mixed,No major mock concern,Dividend quality compounds with stable cash flow.,Moderate total return with risk controls intact.,Macro or governance shock reduces valuation and income confidence.,59.12424560945621,Avoid,0.6412424560945622
600741.SHG,HUAYU Automotive Systems Co Ltd,"Mock analyst view: quality, dividends and balance-sheet resilience are reviewed against sector risk. Narrative is improving toward quality, growth and capital return. Current regime lens: steady_state_low_chaos.","Mock risks: valuation compression, policy/regulatory shocks, dividend sustainability and liquidity stress. Distributional ML forecast shows attractive upside but asymmetric downside risk.",Constructive,Mixed,No major mock concern,Dividend quality compounds with stable cash flow.,Moderate total return with risk controls intact.,Macro or governance shock reduces valuation and income confidence.,59.11773034576022,Hold,0.6411773034576023
PGR.US,Progressive Corp,"Mock analyst view: quality, dividends and balance-sheet resilience are reviewed against sector risk. Narrative is improving toward quality, growth and capital return. Current regime lens: steady_state_low_chaos.","Mock risks: valuation compression, policy/regulatory shocks, dividend sustainability and liquidity stress. Distributional ML forecast shows attractive upside but asymmetric downside risk.",Constructive,Constructive,No major mock concern,Dividend quality compounds with stable cash flow.,Moderate total return with risk controls intact.,Macro or governance shock reduces valuation and income confidence.,59.0278809292752,Hold,0.640278809292752
VID.MC,Vidrala SA,"Mock analyst view: quality, dividends and balance-sheet resilience are reviewed against sector risk. Current regime lens: steady_state_low_chaos.","Mock risks: valuation compression, policy/regulatory shocks, dividend sustainability and liquidity stress. Distributional ML forecast shows attractive upside but asymmetric downside risk.",Needs review,Constructive,No major mock concern,Dividend quality compounds with stable cash flow.,Moderate total return with risk controls intact.,Macro or governance shock reduces valuation and income confidence.,59.01520174898131,Avoid,0.6401520174898132
SAVE.ST,Nordnet AB,"Mock analyst view: quality, dividends and balance-sheet resilience are reviewed against sector risk. Current regime lens: steady_state_low_chaos.","Mock risks: valuation compression, policy/regulatory shocks, dividend sustainability and liquidity stress. Narrative is reframing toward risk/deterioration. Distributional ML forecast shows attractive upside but asymmetric downside risk.",Needs review,Constructive,No major mock concern,Dividend quality compounds with stable cash flow.,Moderate total return with risk controls intact.,Macro or governance shock reduces valuation and income confidence.,59.01116029122616,Avoid,0.6401116029122617
603259.SHG,WuXi AppTec Co Ltd,"Mock analyst view: quality, dividends and balance-sheet resilience are reviewed against sector risk. Narrative is improving toward quality, growth and capital return. Current regime lens: steady_state_low_chaos.","Mock risks: valuation compression, policy/regulatory shocks, dividend sustainability and liquidity stress. Distributional ML forecast shows attractive upside but asymmetric downside risk. Forecast uncertainty is high; analyst placeholder treats this as Watchlist risk.",Constructive,Mixed,No major mock concern,Dividend quality compounds with stable cash flow.,Moderate total return with risk controls intact.,Macro or governance shock reduces valuation and income confidence.,59.002080300834464,Avoid,0.6400208030083447
COL.MC,Inmobiliaria Colonial SA,"Mock analyst view: quality, dividends and balance-sheet resilience are reviewed against sector risk. Current regime lens: steady_state_low_chaos.","Mock risks: valuation compression, policy/regulatory shocks, dividend sustainability and liquidity stress. Narrative is reframing toward risk/deterioration. ML dividend-cut probability is elevated.",Constructive,Constructive,No major mock concern,Dividend quality compounds with stable cash flow.,Moderate total return with risk controls intact.,Macro or governance shock reduces valuation and income confidence.,58.96471457912891,Avoid,0.6396471457912891
PGHN.SW,Partners Group Holding AG,"Mock analyst view: quality, dividends and balance-sheet resilience are reviewed against sector risk. Narrative is improving toward quality, growth and capital return. Current regime lens: steady_state_low_chaos.","Mock risks: valuation compression, policy/regulatory shocks, dividend sustainability and liquidity stress. Distributional ML forecast shows attractive upside but asymmetric downside risk. ML dividend-cut probability is elevated.",Needs review,Constructive,No major mock concern,Dividend quality compounds with stable cash flow.,Moderate total return with risk controls intact.,Macro or governance shock reduces valuation and income confidence.,58.95643998161752,Avoid,0.6395643998161753
1508.HK,China Reinsurance(Group)Corp,"Mock analyst view: quality, dividends and balance-sheet resilience are reviewed against sector risk. Narrative is improving toward quality, growth and capital return. Current regime lens: steady_state_low_chaos.","Mock risks: valuation compression, policy/regulatory shocks, dividend sustainability and liquidity stress. Distributional ML forecast shows attractive upside but asymmetric downside risk.",Constructive,Constructive,No major mock concern,Dividend quality compounds with stable cash flow.,Moderate total return with risk controls intact.,Macro or governance shock reduces valuation and income confidence.,58.932591912033985,Avoid,0.6393259191203399
SRP.LSE,Serco Group,"Mock analyst view: quality, dividends and balance-sheet resilience are reviewed against sector risk. Narrative is improving toward quality, growth and capital return. Current regime lens: steady_state_low_chaos.","Mock risks: valuation compression, policy/regulatory shocks, dividend sustainability and liquidity stress. Distributional ML forecast shows attractive upside but asymmetric downside risk.",Constructive,Constructive,No major mock concern,Dividend quality compounds with stable cash flow.,Moderate total return with risk controls intact.,Macro or governance shock reduces valuation and income confidence.,58.916735804675085,Avoid,0.639167358046751
601601.SHG,China Pacific Insurance Group Co Ltd,"Mock analyst view: quality, dividends and balance-sheet resilience are reviewed against sector risk. Narrative is improving toward quality, growth and capital return. Current regime lens: steady_state_low_chaos.","Mock risks: valuation compression, policy/regulatory shocks, dividend sustainability and liquidity stress. Narrative is reframing toward risk/deterioration. Distributional ML forecast shows attractive upside but asymmetric downside risk.",Needs review,Constructive,No major mock concern,Dividend quality compounds with stable cash flow.,Moderate total return with risk controls intact.,Macro or governance shock reduces valuation and income confidence.,58.91172686751466,Hold,0.6391172686751466
SEQI.LSE,Sequoia Econ Infrastructure,"Mock analyst view: quality, dividends and balance-sheet resilience are reviewed against sector risk. Narrative is improving toward quality, growth and capital return. Current regime lens: steady_state_low_chaos.","Mock risks: valuation compression, policy/regulatory shocks, dividend sustainability and liquidity stress. ML dividend-cut probability is elevated.",Needs review,Constructive,No major mock concern,Dividend quality compounds with stable cash flow.,Moderate total return with risk controls intact.,Macro or governance shock reduces valuation and income confidence.,58.86987921273209,Avoid,0.638698792127321
AAF.LSE,Airtel Africa Plc,"Mock analyst view: quality, dividends and balance-sheet resilience are reviewed against sector risk. Current regime lens: steady_state_low_chaos.","Mock risks: valuation compression, policy/regulatory shocks, dividend sustainability and liquidity stress. Narrative is reframing toward risk/deterioration. Distributional ML forecast shows attractive upside but asymmetric downside risk. Forecast uncertainty is high; analyst placeholder treats this as Watchlist risk.",Needs review,Constructive,No major mock concern,Dividend quality compounds with stable cash flow.,Moderate total return with risk controls intact.,Macro or governance shock reduces valuation and income confidence.,58.845225262087055,Avoid,0.6384522526208706
DBK.XETRA,Deutsche Bank Aktiengesellschaft,"Mock analyst view: quality, dividends and balance-sheet resilience are reviewed against sector risk. Narrative is improving toward quality, growth and capital return. Current regime lens: steady_state_low_chaos.","Mock risks: valuation compression, policy/regulatory shocks, dividend sustainability and liquidity stress. Narrative is reframing toward risk/deterioration. Distributional ML forecast shows attractive upside but asymmetric downside risk.",Constructive,Constructive,No major mock concern,Dividend quality compounds with stable cash flow.,Moderate total return with risk controls intact.,Macro or governance shock reduces valuation and income confidence.,58.84387322395287,Hold,0.6384387322395287
METSO.HE,Metso Oyj,"Mock analyst view: quality, dividends and balance-sheet resilience are reviewed against sector risk. Narrative is improving toward quality, growth and capital return. Current regime lens: steady_state_low_chaos.","Mock risks: valuation compression, policy/regulatory shocks, dividend sustainability and liquidity stress.",Needs review,Mixed,No major mock concern,Dividend quality compounds with stable cash flow.,Moderate total return with risk controls intact.,Macro or governance shock reduces valuation and income confidence.,58.80946479166967,Avoid,0.6380946479166967
VCT.PA,Vicat S.A.,"Mock analyst view: quality, dividends and balance-sheet resilience are reviewed against sector risk. Narrative is improving toward quality, growth and capital return. Current regime lens: steady_state_low_chaos.","Mock risks: valuation compression, policy/regulatory shocks, dividend sustainability and liquidity stress. Distributional ML forecast shows attractive upside but asymmetric downside risk.",Constructive,Constructive,No major mock concern,Dividend quality compounds with stable cash flow.,Moderate total return with risk controls intact.,Macro or governance shock reduces valuation and income confidence.,58.806573898095465,Avoid,0.6380657389809548
ISS.CO,ISS A/S,"Mock analyst view: quality, dividends and balance-sheet resilience are reviewed against sector risk. Narrative is improving toward quality, growth and capital return. Current regime lens: steady_state_low_chaos.","Mock risks: valuation compression, policy/regulatory shocks, dividend sustainability and liquidity stress. Distributional ML forecast shows attractive upside but asymmetric downside risk.",Constructive,Constructive,No major mock concern,Dividend quality compounds with stable cash flow.,Moderate total return with risk controls intact.,Macro or governance shock reduces valuation and income confidence.,58.78120911434176,Avoid,0.6378120911434176
KCR.HE,Konecranes Plc,"Mock analyst view: quality, dividends and balance-sheet resilience are reviewed against sector risk. Narrative is improving toward quality, growth and capital return. Current regime lens: steady_state_low_chaos.","Mock risks: valuation compression, policy/regulatory shocks, dividend sustainability and liquidity stress. Narrative is reframing toward risk/deterioration. Distributional ML forecast shows attractive upside but asymmetric downside risk. ML dividend-cut probability is elevated. Forecast uncertainty is high; analyst placeholder treats this as Watchlist risk. Forecast distribution has downside skew risk.",Needs review,Constructive,No major mock concern,Dividend quality compounds with stable cash flow.,Moderate total return with risk controls intact.,Macro or governance shock reduces valuation and income confidence.,58.75277029519356,Avoid,0.6375277029519356
FIE.XETRA,Fielmann Aktiengesellschaft,"Mock analyst view: quality, dividends and balance-sheet resilience are reviewed against sector risk. Narrative is improving toward quality, growth and capital return. Current regime lens: steady_state_low_chaos.","Mock risks: valuation compression, policy/regulatory shocks, dividend sustainability and liquidity stress. Distributional ML forecast shows attractive upside but asymmetric downside risk.",Needs review,Constructive,No major mock concern,Dividend quality compounds with stable cash flow.,Moderate total return with risk controls intact.,Macro or governance shock reduces valuation and income confidence.,58.74758365074909,Avoid,0.637475836507491
601088.SHG,China Shenhua Energy Co,"Mock analyst view: quality, dividends and balance-sheet resilience are reviewed against sector risk. Narrative is improving toward quality, growth and capital return. Current regime lens: steady_state_low_chaos.","Mock risks: valuation compression, policy/regulatory shocks, dividend sustainability and liquidity stress. Distributional ML forecast shows attractive upside but asymmetric downside risk. ML dividend-cut probability is elevated.",Needs review,Mixed,No major mock concern,Dividend quality compounds with stable cash flow.,Moderate total return with risk controls intact.,Macro or governance shock reduces valuation and income confidence.,58.73490181873305,Avoid,0.6373490181873306
605499.SHG,Eastroc Beverage Group Co Ltd,"Mock analyst view: quality, dividends and balance-sheet resilience are reviewed against sector risk. Narrative is improving toward quality, growth and capital return. Current regime lens: steady_state_low_chaos.","Mock risks: valuation compression, policy/regulatory shocks, dividend sustainability and liquidity stress. Distributional ML forecast shows attractive upside but asymmetric downside risk.",Constructive,Mixed,No major mock concern,Dividend quality compounds with stable cash flow.,Moderate total return with risk controls intact.,Macro or governance shock reduces valuation and income confidence.,58.71529424358168,Hold,0.6371529424358169
601009.SHG,Bank of Nanjing Co Ltd,"Mock analyst view: quality, dividends and balance-sheet resilience are reviewed against sector risk. Narrative is improving toward quality, growth and capital return. Current regime lens: steady_state_low_chaos.","Mock risks: valuation compression, policy/regulatory shocks, dividend sustainability and liquidity stress.",Needs review,Constructive,No major mock concern,Dividend quality compounds with stable cash flow.,Moderate total return with risk controls intact.,Macro or governance shock reduces valuation and income confidence.,58.70388515925174,Hold,0.6370388515925174
BEZ.LSE,Beazley plc,"Mock analyst view: quality, dividends and balance-sheet resilience are reviewed against sector risk. Narrative is improving toward quality, growth and capital return. Current regime lens: steady_state_low_chaos.","Mock risks: valuation compression, policy/regulatory shocks, dividend sustainability and liquidity stress. Distributional ML forecast shows attractive upside but asymmetric downside risk. Forecast uncertainty is high; analyst placeholder treats this as Watchlist risk.",Needs review,Constructive,No major mock concern,Dividend quality compounds with stable cash flow.,Moderate total return with risk controls intact.,Macro or governance shock reduces valuation and income confidence.,58.69056198926177,Hold,0.6369056198926177
ROVI.MC,Laboratorios Farmaceuticos ROVI,"Mock analyst view: quality, dividends and balance-sheet resilience are reviewed against sector risk. Narrative is improving toward quality, growth and capital return. Current regime lens: steady_state_low_chaos.","Mock risks: valuation compression, policy/regulatory shocks, dividend sustainability and liquidity stress. Distributional ML forecast shows attractive upside but asymmetric downside risk.",Needs review,Mixed,No major mock concern,Dividend quality compounds with stable cash flow.,Moderate total return with risk controls intact.,Macro or governance shock reduces valuation and income confidence.,58.685769569257246,Avoid,0.6368576956925724
600096.SHG,Yunnan Yuntianhua Co Ltd,"Mock analyst view: quality, dividends and balance-sheet resilience are reviewed against sector risk. Narrative is improving toward quality, growth and capital return. Current regime lens: steady_state_low_chaos.","Mock risks: valuation compression, policy/regulatory shocks, dividend sustainability and liquidity stress. Distributional ML forecast shows attractive upside but asymmetric downside risk. Forecast uncertainty is high; analyst placeholder treats this as Watchlist risk.",Needs review,Constructive,No major mock concern,Dividend quality compounds with stable cash flow.,Moderate total return with risk controls intact.,Macro or governance shock reduces valuation and income confidence.,58.68437889237936,Hold,0.6368437889237937
GTT.PA,Gaztransport & Technigaz SAS,"Mock analyst view: quality, dividends and balance-sheet resilience are reviewed against sector risk. Narrative is improving toward quality, growth and capital return. Current regime lens: steady_state_low_chaos.","Mock risks: valuation compression, policy/regulatory shocks, dividend sustainability and liquidity stress. Distributional ML forecast shows attractive upside but asymmetric downside risk.",Needs review,Constructive,No major mock concern,Dividend quality compounds with stable cash flow.,Moderate total return with risk controls intact.,Macro or governance shock reduces valuation and income confidence.,58.67743334552435,Avoid,0.6367743334552436
HIG.US,Hartford Financial Services Group,"Mock analyst view: quality, dividends and balance-sheet resilience are reviewed against sector risk. Narrative is improving toward quality, growth and capital return. Current regime lens: steady_state_low_chaos.","Mock risks: valuation compression, policy/regulatory shocks, dividend sustainability and liquidity stress.",Constructive,Constructive,No major mock concern,Dividend quality compounds with stable cash flow.,Moderate total return with risk controls intact.,Macro or governance shock reduces valuation and income confidence.,58.674224369674036,Hold,0.6367422436967404
000708.SHE,CITIC Pacific Special Steel Group Co Ltd,"Mock analyst view: quality, dividends and balance-sheet resilience are reviewed against sector risk. Current regime lens: steady_state_low_chaos.","Mock risks: valuation compression, policy/regulatory shocks, dividend sustainability and liquidity stress. Narrative is reframing toward risk/deterioration. Credit/refinancing pressure is increasingly central to the equity story. Distributional ML forecast shows attractive upside but asymmetric downside risk.",Needs review,Constructive,No major mock concern,Dividend quality compounds with stable cash flow.,Moderate total return with risk controls intact.,Macro or governance shock reduces valuation and income confidence.,58.674037424805846,Avoid,0.6367403742480585
NEM.US,Newmont Goldcorp Corp,"Mock analyst view: quality, dividends and balance-sheet resilience are reviewed against sector risk. Current regime lens: steady_state_low_chaos.","Mock risks: valuation compression, policy/regulatory shocks, dividend sustainability and liquidity stress. Narrative is reframing toward risk/deterioration. Distributional ML forecast shows attractive upside but asymmetric downside risk. Forecast uncertainty is high; analyst placeholder treats this as Watchlist risk.",Needs review,Constructive,No major mock concern,Dividend quality compounds with stable cash flow.,Moderate total return with risk controls intact.,Macro or governance shock reduces valuation and income confidence.,58.65720077630384,Avoid,0.6365720077630385
OR.PA,LOréal S.A.,"Mock analyst view: quality, dividends and balance-sheet resilience are reviewed against sector risk. Narrative is improving toward quality, growth and capital return. Current regime lens: steady_state_low_chaos.","Mock risks: valuation compression, policy/regulatory shocks, dividend sustainability and liquidity stress. Distributional ML forecast shows attractive upside but asymmetric downside risk.",Needs review,Mixed,No major mock concern,Dividend quality compounds with stable cash flow.,Moderate total return with risk controls intact.,Macro or governance shock reduces valuation and income confidence.,58.62584880235799,Hold,0.63625848802358
ABF.LSE,Associated British Foods PLC,"Mock analyst view: quality, dividends and balance-sheet resilience are reviewed against sector risk. Narrative is improving toward quality, growth and capital return. Current regime lens: steady_state_low_chaos.","Mock risks: valuation compression, policy/regulatory shocks, dividend sustainability and liquidity stress. Narrative is reframing toward risk/deterioration. Distributional ML forecast shows attractive upside but asymmetric downside risk.",Constructive,Mixed,No major mock concern,Dividend quality compounds with stable cash flow.,Moderate total return with risk controls intact.,Macro or governance shock reduces valuation and income confidence.,58.622616561052524,Hold,0.6362261656105253
LOOMIS.ST,Loomis AB ser. B,"Mock analyst view: quality, dividends and balance-sheet resilience are reviewed against sector risk. Current regime lens: steady_state_low_chaos.","Mock risks: valuation compression, policy/regulatory shocks, dividend sustainability and liquidity stress. Narrative is reframing toward risk/deterioration. Distributional ML forecast shows attractive upside but asymmetric downside risk.",Constructive,Constructive,No major mock concern,Dividend quality compounds with stable cash flow.,Moderate total return with risk controls intact.,Macro or governance shock reduces valuation and income confidence.,58.59447795237499,Avoid,0.63594477952375
MET.US,MetLife Inc,"Mock analyst view: quality, dividends and balance-sheet resilience are reviewed against sector risk. Narrative is improving toward quality, growth and capital return. Current regime lens: steady_state_low_chaos.","Mock risks: valuation compression, policy/regulatory shocks, dividend sustainability and liquidity stress. Distributional ML forecast shows attractive upside but asymmetric downside risk.",Needs review,Constructive,No major mock concern,Dividend quality compounds with stable cash flow.,Moderate total return with risk controls intact.,Macro or governance shock reduces valuation and income confidence.,58.42050741429232,Hold,0.6342050741429233
PFD.LSE,Premier Foods PLC,"Mock analyst view: quality, dividends and balance-sheet resilience are reviewed against sector risk. Narrative is improving toward quality, growth and capital return. Current regime lens: steady_state_low_chaos.","Mock risks: valuation compression, policy/regulatory shocks, dividend sustainability and liquidity stress.",Constructive,Constructive,No major mock concern,Dividend quality compounds with stable cash flow.,Moderate total return with risk controls intact.,Macro or governance shock reduces valuation and income confidence.,58.394262437527146,Avoid,0.6339426243752715
002056.SHE,Hengdian Group DMEGC Magnetics Co Ltd,"Mock analyst view: quality, dividends and balance-sheet resilience are reviewed against sector risk. Narrative is improving toward quality, growth and capital return. Current regime lens: steady_state_low_chaos.","Mock risks: valuation compression, policy/regulatory shocks, dividend sustainability and liquidity stress. Distributional ML forecast shows attractive upside but asymmetric downside risk. Forecast uncertainty is high; analyst placeholder treats this as Watchlist risk.",Needs review,Mixed,No major mock concern,Dividend quality compounds with stable cash flow.,Moderate total return with risk controls intact.,Macro or governance shock reduces valuation and income confidence.,58.34709742354059,Hold,0.6334709742354059
COA.LSE,Coats Group PLC,"Mock analyst view: quality, dividends and balance-sheet resilience are reviewed against sector risk. Narrative is improving toward quality, growth and capital return. Current regime lens: steady_state_low_chaos.","Mock risks: valuation compression, policy/regulatory shocks, dividend sustainability and liquidity stress. Distributional ML forecast shows attractive upside but asymmetric downside risk.",Constructive,Constructive,No major mock concern,Dividend quality compounds with stable cash flow.,Moderate total return with risk controls intact.,Macro or governance shock reduces valuation and income confidence.,58.33424377341676,Avoid,0.6333424377341677
JD.LSE,JD Sports Fashion PLC,"Mock analyst view: quality, dividends and balance-sheet resilience are reviewed against sector risk. Narrative is improving toward quality, growth and capital return. Current regime lens: steady_state_low_chaos.","Mock risks: valuation compression, policy/regulatory shocks, dividend sustainability and liquidity stress. Distributional ML forecast shows attractive upside but asymmetric downside risk.",Constructive,Constructive,No major mock concern,Dividend quality compounds with stable cash flow.,Moderate total return with risk controls intact.,Macro or governance shock reduces valuation and income confidence.,58.322498454357074,Avoid,0.6332249845435708
0135.HK,Kunlun Energy,"Mock analyst view: quality, dividends and balance-sheet resilience are reviewed against sector risk. Narrative is improving toward quality, growth and capital return. Current regime lens: steady_state_low_chaos.","Mock risks: valuation compression, policy/regulatory shocks, dividend sustainability and liquidity stress.",Needs review,Constructive,No major mock concern,Dividend quality compounds with stable cash flow.,Moderate total return with risk controls intact.,Macro or governance shock reduces valuation and income confidence.,58.277272499064054,Avoid,0.6327727249906405
SCT.LSE,Softcat plc,"Mock analyst view: quality, dividends and balance-sheet resilience are reviewed against sector risk. Narrative is improving toward quality, growth and capital return. Current regime lens: steady_state_low_chaos.","Mock risks: valuation compression, policy/regulatory shocks, dividend sustainability and liquidity stress.",Needs review,Mixed,No major mock concern,Dividend quality compounds with stable cash flow.,Moderate total return with risk controls intact.,Macro or governance shock reduces valuation and income confidence.,58.23148041490312,Avoid,0.6323148041490312
601818.SHG,China Everbright Bank Co Ltd,"Mock analyst view: quality, dividends and balance-sheet resilience are reviewed against sector risk. Narrative is improving toward quality, growth and capital return. Current regime lens: steady_state_low_chaos.","Mock risks: valuation compression, policy/regulatory shocks, dividend sustainability and liquidity stress.",Constructive,Constructive,No major mock concern,Dividend quality compounds with stable cash flow.,Moderate total return with risk controls intact.,Macro or governance shock reduces valuation and income confidence.,58.2308163574274,Hold,0.632308163574274
EPI-A.ST,Epiroc AB (publ),"Mock analyst view: quality, dividends and balance-sheet resilience are reviewed against sector risk. Narrative is improving toward quality, growth and capital return. Current regime lens: steady_state_low_chaos.","Mock risks: valuation compression, policy/regulatory shocks, dividend sustainability and liquidity stress.",Needs review,Mixed,No major mock concern,Dividend quality compounds with stable cash flow.,Moderate total return with risk controls intact.,Macro or governance shock reduces valuation and income confidence.,58.20705681258058,Hold,0.6320705681258059
9992.HK,Pop Mart International Group Ltd,"Mock analyst view: quality, dividends and balance-sheet resilience are reviewed against sector risk. Current regime lens: steady_state_low_chaos.","Mock risks: valuation compression, policy/regulatory shocks, dividend sustainability and liquidity stress. Narrative is reframing toward risk/deterioration. Credit/refinancing pressure is increasingly central to the equity story. Distributional ML forecast shows attractive upside but asymmetric downside risk. Forecast uncertainty is high; analyst placeholder treats this as Watchlist risk.",Needs review,Mixed,No major mock concern,Dividend quality compounds with stable cash flow.,Moderate total return with risk controls intact.,Macro or governance shock reduces valuation and income confidence.,58.15753789244826,Avoid,0.6315753789244827
1113.HK,CK Asset Holdings Ltd,"Mock analyst view: quality, dividends and balance-sheet resilience are reviewed against sector risk. Narrative is improving toward quality, growth and capital return. Current regime lens: steady_state_low_chaos.","Mock risks: valuation compression, policy/regulatory shocks, dividend sustainability and liquidity stress. Distributional ML forecast shows attractive upside but asymmetric downside risk.",Needs review,Constructive,No major mock concern,Dividend quality compounds with stable cash flow.,Moderate total return with risk controls intact.,Macro or governance shock reduces valuation and income confidence.,57.984114442445374,Hold,0.6298411444244538
BMY.US,Bristol-Myers Squibb Company,"Mock analyst view: quality, dividends and balance-sheet resilience are reviewed against sector risk. Narrative is improving toward quality, growth and capital return. Current regime lens: steady_state_low_chaos.","Mock risks: valuation compression, policy/regulatory shocks, dividend sustainability and liquidity stress. Distributional ML forecast shows attractive upside but asymmetric downside risk.",Constructive,Constructive,No major mock concern,Dividend quality compounds with stable cash flow.,Moderate total return with risk controls intact.,Macro or governance shock reduces valuation and income confidence.,57.973705337794854,Hold,0.6297370533779486
STAN.LSE,Standard Chartered PLC,"Mock analyst view: quality, dividends and balance-sheet resilience are reviewed against sector risk. Narrative is improving toward quality, growth and capital return. Current regime lens: steady_state_low_chaos.","Mock risks: valuation compression, policy/regulatory shocks, dividend sustainability and liquidity stress. Distributional ML forecast shows attractive upside but asymmetric downside risk.",Constructive,Constructive,No major mock concern,Dividend quality compounds with stable cash flow.,Moderate total return with risk controls intact.,Macro or governance shock reduces valuation and income confidence.,57.96003296512934,Hold,0.6296003296512935
AMS.MC,Amadeus IT Group S.A.,"Mock analyst view: quality, dividends and balance-sheet resilience are reviewed against sector risk. Narrative is improving toward quality, growth and capital return. Current regime lens: steady_state_low_chaos.","Mock risks: valuation compression, policy/regulatory shocks, dividend sustainability and liquidity stress. Distributional ML forecast shows attractive upside but asymmetric downside risk.",Needs review,Constructive,No major mock concern,Dividend quality compounds with stable cash flow.,Moderate total return with risk controls intact.,Macro or governance shock reduces valuation and income confidence.,57.9419240326188,Hold,0.629419240326188
NEX.PA,Nexans S.A.,"Mock analyst view: quality, dividends and balance-sheet resilience are reviewed against sector risk. Narrative is improving toward quality, growth and capital return. Current regime lens: steady_state_low_chaos.","Mock risks: valuation compression, policy/regulatory shocks, dividend sustainability and liquidity stress. Distributional ML forecast shows attractive upside but asymmetric downside risk.",Needs review,Constructive,No major mock concern,Dividend quality compounds with stable cash flow.,Moderate total return with risk controls intact.,Macro or governance shock reduces valuation and income confidence.,57.94124746077429,Avoid,0.629412474607743
DRX.LSE,Drax Group PLC,"Mock analyst view: quality, dividends and balance-sheet resilience are reviewed against sector risk. Narrative is improving toward quality, growth and capital return. Current regime lens: steady_state_low_chaos.","Mock risks: valuation compression, policy/regulatory shocks, dividend sustainability and liquidity stress. Distributional ML forecast shows attractive upside but asymmetric downside risk. ML dividend-cut probability is elevated.",Needs review,Constructive,No major mock concern,Dividend quality compounds with stable cash flow.,Moderate total return with risk controls intact.,Macro or governance shock reduces valuation and income confidence.,57.91824096438225,Avoid,0.6291824096438225
BRKN.SW,Burkhalter Holding AG,"Mock analyst view: quality, dividends and balance-sheet resilience are reviewed against sector risk. Narrative is improving toward quality, growth and capital return. Current regime lens: steady_state_low_chaos.","Mock risks: valuation compression, policy/regulatory shocks, dividend sustainability and liquidity stress. ML dividend-cut probability is elevated.",Needs review,Constructive,No major mock concern,Dividend quality compounds with stable cash flow.,Moderate total return with risk controls intact.,Macro or governance shock reduces valuation and income confidence.,57.86430504349474,Avoid,0.6286430504349474
SAP.US,SAP SE ADR,"Mock analyst view: quality, dividends and balance-sheet resilience are reviewed against sector risk. Narrative is improving toward quality, growth and capital return. Current regime lens: steady_state_low_chaos.","Mock risks: valuation compression, policy/regulatory shocks, dividend sustainability and liquidity stress.",Needs review,Constructive,No major mock concern,Dividend quality compounds with stable cash flow.,Moderate total return with risk controls intact.,Macro or governance shock reduces valuation and income confidence.,57.809851959322685,Avoid,0.6280985195932269
ORA.PA,Orange S.A.,"Mock analyst view: quality, dividends and balance-sheet resilience are reviewed against sector risk. Narrative is improving toward quality, growth and capital return. Current regime lens: steady_state_low_chaos.","Mock risks: valuation compression, policy/regulatory shocks, dividend sustainability and liquidity stress. Distributional ML forecast shows attractive upside but asymmetric downside risk.",Needs review,Constructive,No major mock concern,Dividend quality compounds with stable cash flow.,Moderate total return with risk controls intact.,Macro or governance shock reduces valuation and income confidence.,57.78505904484872,Hold,0.6278505904484872
GSK.US,GlaxoSmithKline PLC ADR,"Mock analyst view: quality, dividends and balance-sheet resilience are reviewed against sector risk. Current regime lens: steady_state_low_chaos.","Mock risks: valuation compression, policy/regulatory shocks, dividend sustainability and liquidity stress. Narrative is reframing toward risk/deterioration. Credit/refinancing pressure is increasingly central to the equity story. Distributional ML forecast shows attractive upside but asymmetric downside risk.",Needs review,Constructive,No major mock concern,Dividend quality compounds with stable cash flow.,Moderate total return with risk controls intact.,Macro or governance shock reduces valuation and income confidence.,57.721729560292616,Avoid,0.6272172956029262
HILS.LSE,Hill & Smith Holdings PLC,"Mock analyst view: quality, dividends and balance-sheet resilience are reviewed against sector risk. Current regime lens: steady_state_low_chaos.","Mock risks: valuation compression, policy/regulatory shocks, dividend sustainability and liquidity stress. Narrative is reframing toward risk/deterioration.",Needs review,Mixed,No major mock concern,Dividend quality compounds with stable cash flow.,Moderate total return with risk controls intact.,Macro or governance shock reduces valuation and income confidence.,57.71827657019682,Avoid,0.6271827657019683
0220.HK,Uni-President China Holdings Ltd,"Mock analyst view: quality, dividends and balance-sheet resilience are reviewed against sector risk. Current regime lens: steady_state_low_chaos.","Mock risks: valuation compression, policy/regulatory shocks, dividend sustainability and liquidity stress. Narrative is reframing toward risk/deterioration. Distributional ML forecast shows attractive upside but asymmetric downside risk. ML dividend-cut probability is elevated.",Needs review,Constructive,No major mock concern,Dividend quality compounds with stable cash flow.,Moderate total return with risk controls intact.,Macro or governance shock reduces valuation and income confidence.,57.7138260454724,Avoid,0.6271382604547241
2282.HK,MGM China Holdings Ltd,"Mock analyst view: quality, dividends and balance-sheet resilience are reviewed against sector risk. Narrative is improving toward quality, growth and capital return. Current regime lens: steady_state_low_chaos.","Mock risks: valuation compression, policy/regulatory shocks, dividend sustainability and liquidity stress. Distributional ML forecast shows attractive upside but asymmetric downside risk.",Constructive,Constructive,No major mock concern,Dividend quality compounds with stable cash flow.,Moderate total return with risk controls intact.,Macro or governance shock reduces valuation and income confidence.,57.713328212307374,Avoid,0.6271332821230737
000338.SHE,Weichai Power Co Ltd Class A,"Mock analyst view: quality, dividends and balance-sheet resilience are reviewed against sector risk. Narrative is improving toward quality, growth and capital return. Current regime lens: steady_state_low_chaos.","Mock risks: valuation compression, policy/regulatory shocks, dividend sustainability and liquidity stress. Distributional ML forecast shows attractive upside but asymmetric downside risk. Forecast uncertainty is high; analyst placeholder treats this as Watchlist risk.",Needs review,Constructive,No major mock concern,Dividend quality compounds with stable cash flow.,Moderate total return with risk controls intact.,Macro or governance shock reduces valuation and income confidence.,57.69131518744548,Hold,0.6269131518744548
BIM.PA,Biomerieux SA,"Mock analyst view: quality, dividends and balance-sheet resilience are reviewed against sector risk. Narrative is improving toward quality, growth and capital return. Current regime lens: steady_state_low_chaos.","Mock risks: valuation compression, policy/regulatory shocks, dividend sustainability and liquidity stress. Distributional ML forecast shows attractive upside but asymmetric downside risk.",Needs review,Mixed,No major mock concern,Dividend quality compounds with stable cash flow.,Moderate total return with risk controls intact.,Macro or governance shock reduces valuation and income confidence.,57.62903419810172,Avoid,0.6262903419810173
ALLEI.ST,Alleima AB (publ),"Mock analyst view: quality, dividends and balance-sheet resilience are reviewed against sector risk. Narrative is improving toward quality, growth and capital return. Current regime lens: steady_state_low_chaos.","Mock risks: valuation compression, policy/regulatory shocks, dividend sustainability and liquidity stress. Distributional ML forecast shows attractive upside but asymmetric downside risk.",Needs review,Mixed,No major mock concern,Dividend quality compounds with stable cash flow.,Moderate total return with risk controls intact.,Macro or governance shock reduces valuation and income confidence.,57.61965724408653,Avoid,0.6261965724408654
3808.HK,Sinotruk Hong Kong Ltd,"Mock analyst view: quality, dividends and balance-sheet resilience are reviewed against sector risk. Narrative is improving toward quality, growth and capital return. Current regime lens: steady_state_low_chaos.","Mock risks: valuation compression, policy/regulatory shocks, dividend sustainability and liquidity stress. Distributional ML forecast shows attractive upside but asymmetric downside risk. Forecast uncertainty is high; analyst placeholder treats this as Watchlist risk.",Needs review,Mixed,No major mock concern,Dividend quality compounds with stable cash flow.,Moderate total return with risk controls intact.,Macro or governance shock reduces valuation and income confidence.,57.61456577137011,Hold,0.6261456577137011
SEB-A.ST,Skandinaviska Enskilda Banken AB (publ),"Mock analyst view: quality, dividends and balance-sheet resilience are reviewed against sector risk. Narrative is improving toward quality, growth and capital return. Current regime lens: steady_state_low_chaos.","Mock risks: valuation compression, policy/regulatory shocks, dividend sustainability and liquidity stress.",Constructive,Constructive,No major mock concern,Dividend quality compounds with stable cash flow.,Moderate total return with risk controls intact.,Macro or governance shock reduces valuation and income confidence.,57.60664138740323,Hold,0.6260664138740324
CIS.XETRA,Cisco Systems Inc,"Mock analyst view: quality, dividends and balance-sheet resilience are reviewed against sector risk. Narrative is improving toward quality, growth and capital return. Current regime lens: steady_state_low_chaos.","Mock risks: valuation compression, policy/regulatory shocks, dividend sustainability and liquidity stress. Regime suitability requires review.",Needs review,Constructive,No major mock concern,Dividend quality compounds with stable cash flow.,Moderate total return with risk controls intact.,Macro or governance shock reduces valuation and income confidence.,57.60024665848138,Avoid,0.6260024665848138
0322.HK,Tingyi,"Mock analyst view: quality, dividends and balance-sheet resilience are reviewed against sector risk. Narrative is improving toward quality, growth and capital return. Current regime lens: steady_state_low_chaos.","Mock risks: valuation compression, policy/regulatory shocks, dividend sustainability and liquidity stress. Distributional ML forecast shows attractive upside but asymmetric downside risk.",Needs review,Constructive,No major mock concern,Dividend quality compounds with stable cash flow.,Moderate total return with risk controls intact.,Macro or governance shock reduces valuation and income confidence.,57.57803270499758,Avoid,0.6257803270499759
601127.SHG,Chongqing Sokon Ind Grp Co,"Mock analyst view: quality, dividends and balance-sheet resilience are reviewed against sector risk. Narrative is improving toward quality, growth and capital return. Current regime lens: steady_state_low_chaos.","Mock risks: valuation compression, policy/regulatory shocks, dividend sustainability and liquidity stress. Distributional ML forecast shows attractive upside but asymmetric downside risk.",Constructive,Constructive,No major mock concern,Dividend quality compounds with stable cash flow.,Moderate total return with risk controls intact.,Macro or governance shock reduces valuation and income confidence.,57.572296662397065,Hold,0.6257229666239708
6066.HK,China Securities Co Ltd HK,"Mock analyst view: quality, dividends and balance-sheet resilience are reviewed against sector risk. Narrative is improving toward quality, growth and capital return. Current regime lens: steady_state_low_chaos.","Mock risks: valuation compression, policy/regulatory shocks, dividend sustainability and liquidity stress. Distributional ML forecast shows attractive upside but asymmetric downside risk.",Constructive,Constructive,No major mock concern,Dividend quality compounds with stable cash flow.,Moderate total return with risk controls intact.,Macro or governance shock reduces valuation and income confidence.,57.57227967620098,Avoid,0.6257227967620098
FITB.US,Fifth Third Bancorp,"Mock analyst view: quality, dividends and balance-sheet resilience are reviewed against sector risk. Narrative is improving toward quality, growth and capital return. Current regime lens: steady_state_low_chaos.","Mock risks: valuation compression, policy/regulatory shocks, dividend sustainability and liquidity stress. Distributional ML forecast shows attractive upside but asymmetric downside risk.",Constructive,Constructive,No major mock concern,Dividend quality compounds with stable cash flow.,Moderate total return with risk controls intact.,Macro or governance shock reduces valuation and income confidence.,57.56104340464701,Hold,0.6256104340464701
603156.SHG,Hebei Yangyuan ZhiHui Beverage Co Ltd,"Mock analyst view: quality, dividends and balance-sheet resilience are reviewed against sector risk. Narrative is improving toward quality, growth and capital return. Current regime lens: steady_state_low_chaos.","Mock risks: valuation compression, policy/regulatory shocks, dividend sustainability and liquidity stress. Narrative is reframing toward risk/deterioration. Distributional ML forecast shows attractive upside but asymmetric downside risk. ML dividend-cut probability is elevated. Forecast uncertainty is high; analyst placeholder treats this as Watchlist risk. Forecast distribution has downside skew risk.",Needs review,Constructive,No major mock concern,Dividend quality compounds with stable cash flow.,Moderate total return with risk controls intact.,Macro or governance shock reduces valuation and income confidence.,57.55765119767423,Avoid,0.6255765119767424
IMB.LSE,Imperial Brands PLC,"Mock analyst view: quality, dividends and balance-sheet resilience are reviewed against sector risk. Narrative is improving toward quality, growth and capital return. Current regime lens: steady_state_low_chaos.","Mock risks: valuation compression, policy/regulatory shocks, dividend sustainability and liquidity stress. Distributional ML forecast shows attractive upside but asymmetric downside risk.",Needs review,Constructive,No major mock concern,Dividend quality compounds with stable cash flow.,Moderate total return with risk controls intact.,Macro or governance shock reduces valuation and income confidence.,57.53807551645522,Hold,0.6253807551645523
TEP.PA,Teleperformance SE,"Mock analyst view: quality, dividends and balance-sheet resilience are reviewed against sector risk. Narrative is improving toward quality, growth and capital return. Current regime lens: steady_state_low_chaos.","Mock risks: valuation compression, policy/regulatory shocks, dividend sustainability and liquidity stress. Narrative is reframing toward risk/deterioration. Distributional ML forecast shows attractive upside but asymmetric downside risk. Forecast uncertainty is high; analyst placeholder treats this as Watchlist risk.",Constructive,Constructive,No major mock concern,Dividend quality compounds with stable cash flow.,Moderate total return with risk controls intact.,Macro or governance shock reduces valuation and income confidence.,57.52664580803102,Avoid,0.6252664580803102
DHI.US,DR Horton Inc,"Mock analyst view: quality, dividends and balance-sheet resilience are reviewed against sector risk. Narrative is improving toward quality, growth and capital return. Current regime lens: steady_state_low_chaos.","Mock risks: valuation compression, policy/regulatory shocks, dividend sustainability and liquidity stress. Distributional ML forecast shows attractive upside but asymmetric downside risk.",Constructive,Mixed,No major mock concern,Dividend quality compounds with stable cash flow.,Moderate total return with risk controls intact.,Macro or governance shock reduces valuation and income confidence.,57.5224077809317,Avoid,0.625224077809317
600563.SHG,Xiamen Faratronic Co Ltd,"Mock analyst view: quality, dividends and balance-sheet resilience are reviewed against sector risk. Narrative is improving toward quality, growth and capital return. Current regime lens: steady_state_low_chaos.","Mock risks: valuation compression, policy/regulatory shocks, dividend sustainability and liquidity stress. Distributional ML forecast shows attractive upside but asymmetric downside risk. Forecast uncertainty is high; analyst placeholder treats this as Watchlist risk.",Needs review,Mixed,No major mock concern,Dividend quality compounds with stable cash flow.,Moderate total return with risk controls intact.,Macro or governance shock reduces valuation and income confidence.,57.48237529639391,Hold,0.6248237529639391
601166.SHG,Industrial Bank Co Ltd,"Mock analyst view: quality, dividends and balance-sheet resilience are reviewed against sector risk. Narrative is improving toward quality, growth and capital return. Current regime lens: steady_state_low_chaos.","Mock risks: valuation compression, policy/regulatory shocks, dividend sustainability and liquidity stress.",Constructive,Constructive,No major mock concern,Dividend quality compounds with stable cash flow.,Moderate total return with risk controls intact.,Macro or governance shock reduces valuation and income confidence.,57.45364568312729,Hold,0.624536456831273
PLUS.LSE,Plus500 Ltd,"Mock analyst view: quality, dividends and balance-sheet resilience are reviewed against sector risk. Narrative is improving toward quality, growth and capital return. Current regime lens: steady_state_low_chaos.","Mock risks: valuation compression, policy/regulatory shocks, dividend sustainability and liquidity stress. Distributional ML forecast shows attractive upside but asymmetric downside risk.",Constructive,Constructive,No major mock concern,Dividend quality compounds with stable cash flow.,Moderate total return with risk controls intact.,Macro or governance shock reduces valuation and income confidence.,57.445981746528005,Avoid,0.6244598174652801
603129.SHG,Zhejiang CFMoto Power Co Ltd,"Mock analyst view: quality, dividends and balance-sheet resilience are reviewed against sector risk. Current regime lens: steady_state_low_chaos.","Mock risks: valuation compression, policy/regulatory shocks, dividend sustainability and liquidity stress. Narrative is reframing toward risk/deterioration. Distributional ML forecast shows attractive upside but asymmetric downside risk. Forecast uncertainty is high; analyst placeholder treats this as Watchlist risk.",Constructive,Constructive,No major mock concern,Dividend quality compounds with stable cash flow.,Moderate total return with risk controls intact.,Macro or governance shock reduces valuation and income confidence.,57.43869645691245,Avoid,0.6243869645691246
603379.SHG,Zhejiang Sanmei Chemical Industry Co Ltd,"Mock analyst view: quality, dividends and balance-sheet resilience are reviewed against sector risk. Current regime lens: steady_state_low_chaos.","Mock risks: valuation compression, policy/regulatory shocks, dividend sustainability and liquidity stress. Narrative is reframing toward risk/deterioration. Credit/refinancing pressure is increasingly central to the equity story. Distributional ML forecast shows attractive upside but asymmetric downside risk. Forecast uncertainty is high; analyst placeholder treats this as Watchlist risk.",Constructive,Mixed,No major mock concern,Dividend quality compounds with stable cash flow.,Moderate total return with risk controls intact.,Macro or governance shock reduces valuation and income confidence.,57.43273132937631,Avoid,0.6243273132937631
SLB.US,Schlumberger NV,"Mock analyst view: quality, dividends and balance-sheet resilience are reviewed against sector risk. Narrative is improving toward quality, growth and capital return. Current regime lens: steady_state_low_chaos.","Mock risks: valuation compression, policy/regulatory shocks, dividend sustainability and liquidity stress. Distributional ML forecast shows attractive upside but asymmetric downside risk.",Needs review,Constructive,No major mock concern,Dividend quality compounds with stable cash flow.,Moderate total return with risk controls intact.,Macro or governance shock reduces valuation and income confidence.,57.4193372434742,Avoid,0.624193372434742
601633.SHG,Great Wall Motor Co Ltd,"Mock analyst view: quality, dividends and balance-sheet resilience are reviewed against sector risk. Narrative is improving toward quality, growth and capital return. Current regime lens: steady_state_low_chaos.","Mock risks: valuation compression, policy/regulatory shocks, dividend sustainability and liquidity stress. Distributional ML forecast shows attractive upside but asymmetric downside risk.",Needs review,Constructive,No major mock concern,Dividend quality compounds with stable cash flow.,Moderate total return with risk controls intact.,Macro or governance shock reduces valuation and income confidence.,57.378090900523205,Hold,0.6237809090052321
000425.SHE,XCMG Construction Machinery Co Ltd,"Mock analyst view: quality, dividends and balance-sheet resilience are reviewed against sector risk. Narrative is improving toward quality, growth and capital return. Current regime lens: steady_state_low_chaos.","Mock risks: valuation compression, policy/regulatory shocks, dividend sustainability and liquidity stress. Distributional ML forecast shows attractive upside but asymmetric downside risk. Forecast uncertainty is high; analyst placeholder treats this as Watchlist risk.",Constructive,Mixed,No major mock concern,Dividend quality compounds with stable cash flow.,Moderate total return with risk controls intact.,Macro or governance shock reduces valuation and income confidence.,57.32948534360763,Hold,0.6232948534360764
601939.SHG,China Construction Bank Co,"Mock analyst view: quality, dividends and balance-sheet resilience are reviewed against sector risk. Narrative is improving toward quality, growth and capital return. Current regime lens: steady_state_low_chaos.","Mock risks: valuation compression, policy/regulatory shocks, dividend sustainability and liquidity stress. Narrative is reframing toward risk/deterioration.",Constructive,Constructive,No major mock concern,Dividend quality compounds with stable cash flow.,Moderate total return with risk controls intact.,Macro or governance shock reduces valuation and income confidence.,57.29809874927204,Hold,0.6229809874927205
1299.HK,AIA Group Ltd,"Mock analyst view: quality, dividends and balance-sheet resilience are reviewed against sector risk. Narrative is improving toward quality, growth and capital return. Current regime lens: steady_state_low_chaos.","Mock risks: valuation compression, policy/regulatory shocks, dividend sustainability and liquidity stress. Distributional ML forecast shows attractive upside but asymmetric downside risk.",Constructive,Mixed,No major mock concern,Dividend quality compounds with stable cash flow.,Moderate total return with risk controls intact.,Macro or governance shock reduces valuation and income confidence.,57.24356600100491,Hold,0.6224356600100491
2328.HK,PICC Property & Casualty-H,"Mock analyst view: quality, dividends and balance-sheet resilience are reviewed against sector risk. Current regime lens: steady_state_low_chaos.","Mock risks: valuation compression, policy/regulatory shocks, dividend sustainability and liquidity stress. Narrative is reframing toward risk/deterioration. Distributional ML forecast shows attractive upside but asymmetric downside risk.",Constructive,Constructive,No major mock concern,Dividend quality compounds with stable cash flow.,Moderate total return with risk controls intact.,Macro or governance shock reduces valuation and income confidence.,57.2391514045423,Hold,0.622391514045423
601899.SHG,Zijin Mining Group Co Ltd Class A,"Mock analyst view: quality, dividends and balance-sheet resilience are reviewed against sector risk. Narrative is improving toward quality, growth and capital return. Current regime lens: steady_state_low_chaos.","Mock risks: valuation compression, policy/regulatory shocks, dividend sustainability and liquidity stress. Distributional ML forecast shows attractive upside but asymmetric downside risk. Forecast uncertainty is high; analyst placeholder treats this as Watchlist risk.",Constructive,Mixed,No major mock concern,Dividend quality compounds with stable cash flow.,Moderate total return with risk controls intact.,Macro or governance shock reduces valuation and income confidence.,57.23162089497046,Hold,0.6223162089497046
JEN.XETRA,Jenoptik AG,"Mock analyst view: quality, dividends and balance-sheet resilience are reviewed against sector risk. Narrative is improving toward quality, growth and capital return. Current regime lens: steady_state_low_chaos.","Mock risks: valuation compression, policy/regulatory shocks, dividend sustainability and liquidity stress. Distributional ML forecast shows attractive upside but asymmetric downside risk. Forecast uncertainty is high; analyst placeholder treats this as Watchlist risk.",Needs review,Constructive,No major mock concern,Dividend quality compounds with stable cash flow.,Moderate total return with risk controls intact.,Macro or governance shock reduces valuation and income confidence.,57.20234989776594,Avoid,0.6220234989776594
LVMUY.US,LVMH Moet Hennessy Louis Vuitton SA ADR,"Mock analyst view: quality, dividends and balance-sheet resilience are reviewed against sector risk. Narrative is improving toward quality, growth and capital return. Current regime lens: steady_state_low_chaos.","Mock risks: valuation compression, policy/regulatory shocks, dividend sustainability and liquidity stress. Distributional ML forecast shows attractive upside but asymmetric downside risk.",Needs review,Constructive,No major mock concern,Dividend quality compounds with stable cash flow.,Moderate total return with risk controls intact.,Macro or governance shock reduces valuation and income confidence.,57.135518325550635,Hold,0.6213551832555064
FME.XETRA,Fresenius Medical Care AG & Co. KGaA,"Mock analyst view: quality, dividends and balance-sheet resilience are reviewed against sector risk. Current regime lens: steady_state_low_chaos.","Mock risks: valuation compression, policy/regulatory shocks, dividend sustainability and liquidity stress. Narrative is reframing toward risk/deterioration. Credit/refinancing pressure is increasingly central to the equity story. Distributional ML forecast shows attractive upside but asymmetric downside risk.",Constructive,Constructive,No major mock concern,Dividend quality compounds with stable cash flow.,Moderate total return with risk controls intact.,Macro or governance shock reduces valuation and income confidence.,57.13434967737001,Avoid,0.6213434967737002
FDJU.PA,FDJ United,"Mock analyst view: quality, dividends and balance-sheet resilience are reviewed against sector risk. Narrative is improving toward quality, growth and capital return. Current regime lens: steady_state_low_chaos.","Mock risks: valuation compression, policy/regulatory shocks, dividend sustainability and liquidity stress. Distributional ML forecast shows attractive upside but asymmetric downside risk. ML dividend-cut probability is elevated.",Constructive,Constructive,No major mock concern,Dividend quality compounds with stable cash flow.,Moderate total return with risk controls intact.,Macro or governance shock reduces valuation and income confidence.,57.12936784243779,Avoid,0.6212936784243779
NOV.XETRA,Novo Nordisk A/S,"Mock analyst view: quality, dividends and balance-sheet resilience are reviewed against sector risk. Narrative is improving toward quality, growth and capital return. Current regime lens: steady_state_low_chaos.","Mock risks: valuation compression, policy/regulatory shocks, dividend sustainability and liquidity stress. Distributional ML forecast shows attractive upside but asymmetric downside risk. ML dividend-cut probability is elevated. Forecast uncertainty is high; analyst placeholder treats this as Watchlist risk. Forecast distribution has downside skew risk.",Constructive,Mixed,No major mock concern,Dividend quality compounds with stable cash flow.,Moderate total return with risk controls intact.,Macro or governance shock reduces valuation and income confidence.,57.06989573754805,Avoid,0.6206989573754805
INRN.SW,Interroll Holding AG,"Mock analyst view: quality, dividends and balance-sheet resilience are reviewed against sector risk. Narrative is improving toward quality, growth and capital return. Current regime lens: steady_state_low_chaos.","Mock risks: valuation compression, policy/regulatory shocks, dividend sustainability and liquidity stress. Regime suitability requires review.",Needs review,Mixed,No major mock concern,Dividend quality compounds with stable cash flow.,Moderate total return with risk controls intact.,Macro or governance shock reduces valuation and income confidence.,57.03151250513201,Avoid,0.6203151250513201
601998.SHG,China Citic Bank Corp Ltd Class A,"Mock analyst view: quality, dividends and balance-sheet resilience are reviewed against sector risk. Narrative is improving toward quality, growth and capital return. Current regime lens: steady_state_low_chaos.","Mock risks: valuation compression, policy/regulatory shocks, dividend sustainability and liquidity stress. Distributional ML forecast shows attractive upside but asymmetric downside risk.",Constructive,Constructive,No major mock concern,Dividend quality compounds with stable cash flow.,Moderate total return with risk controls intact.,Macro or governance shock reduces valuation and income confidence.,56.97935572730759,Hold,0.619793557273076
1963.HK,Bank Of Chongqing Co Ltd,"Mock analyst view: quality, dividends and balance-sheet resilience are reviewed against sector risk. Narrative is improving toward quality, growth and capital return. Current regime lens: steady_state_low_chaos.","Mock risks: valuation compression, policy/regulatory shocks, dividend sustainability and liquidity stress. Distributional ML forecast shows attractive upside but asymmetric downside risk.",Needs review,Constructive,No major mock concern,Dividend quality compounds with stable cash flow.,Moderate total return with risk controls intact.,Macro or governance shock reduces valuation and income confidence.,56.97663497887446,Avoid,0.6197663497887447
601066.SHG,China Securities Co Ltd,"Mock analyst view: quality, dividends and balance-sheet resilience are reviewed against sector risk. Narrative is improving toward quality, growth and capital return. Current regime lens: steady_state_low_chaos.","Mock risks: valuation compression, policy/regulatory shocks, dividend sustainability and liquidity stress. Distributional ML forecast shows attractive upside but asymmetric downside risk.",Needs review,Constructive,No major mock concern,Dividend quality compounds with stable cash flow.,Moderate total return with risk controls intact.,Macro or governance shock reduces valuation and income confidence.,56.94652013367643,Avoid,0.6194652013367643
CI.US,Cigna Corp,"Mock analyst view: quality, dividends and balance-sheet resilience are reviewed against sector risk. Narrative is improving toward quality, growth and capital return. Current regime lens: steady_state_low_chaos.","Mock risks: valuation compression, policy/regulatory shocks, dividend sustainability and liquidity stress. Narrative is reframing toward risk/deterioration. Distributional ML forecast shows attractive upside but asymmetric downside risk.",Constructive,Constructive,No major mock concern,Dividend quality compounds with stable cash flow.,Moderate total return with risk controls intact.,Macro or governance shock reduces valuation and income confidence.,56.94002175322838,Hold,0.6194002175322838
ALL.US,The Allstate Corporation,"Mock analyst view: quality, dividends and balance-sheet resilience are reviewed against sector risk. Current regime lens: steady_state_low_chaos.","Mock risks: valuation compression, policy/regulatory shocks, dividend sustainability and liquidity stress. Narrative is reframing toward risk/deterioration. Distributional ML forecast shows attractive upside but asymmetric downside risk.",Constructive,Constructive,No major mock concern,Dividend quality compounds with stable cash flow.,Moderate total return with risk controls intact.,Macro or governance shock reduces valuation and income confidence.,56.93449013140335,Hold,0.6193449013140335
601211.SHG,Guotai Junan Securities Co Ltd,"Mock analyst view: quality, dividends and balance-sheet resilience are reviewed against sector risk. Current regime lens: steady_state_low_chaos.","Mock risks: valuation compression, policy/regulatory shocks, dividend sustainability and liquidity stress. Narrative is reframing toward risk/deterioration. Distributional ML forecast shows attractive upside but asymmetric downside risk.",Needs review,Constructive,No major mock concern,Dividend quality compounds with stable cash flow.,Moderate total return with risk controls intact.,Macro or governance shock reduces valuation and income confidence.,56.90752871647571,Hold,0.6190752871647571
IHP.LSE,IntegraFin Holdings plc,"Mock analyst view: quality, dividends and balance-sheet resilience are reviewed against sector risk. Narrative is improving toward quality, growth and capital return. Current regime lens: steady_state_low_chaos.","Mock risks: valuation compression, policy/regulatory shocks, dividend sustainability and liquidity stress. Distributional ML forecast shows attractive upside but asymmetric downside risk.",Needs review,Constructive,No major mock concern,Dividend quality compounds with stable cash flow.,Moderate total return with risk controls intact.,Macro or governance shock reduces valuation and income confidence.,56.86811241326447,Avoid,0.6186811241326448
ACA.PA,Credit Agricole SA,"Mock analyst view: quality, dividends and balance-sheet resilience are reviewed against sector risk. Narrative is improving toward quality, growth and capital return. Current regime lens: steady_state_low_chaos.","Mock risks: valuation compression, policy/regulatory shocks, dividend sustainability and liquidity stress. Distributional ML forecast shows attractive upside but asymmetric downside risk.",Needs review,Constructive,No major mock concern,Dividend quality compounds with stable cash flow.,Moderate total return with risk controls intact.,Macro or governance shock reduces valuation and income confidence.,56.840564923513284,Hold,0.6184056492351329
ICE.US,Intercontinental Exchange Inc,"Mock analyst view: quality, dividends and balance-sheet resilience are reviewed against sector risk. Narrative is improving toward quality, growth and capital return. Current regime lens: steady_state_low_chaos.","Mock risks: valuation compression, policy/regulatory shocks, dividend sustainability and liquidity stress. Distributional ML forecast shows attractive upside but asymmetric downside risk.",Needs review,Constructive,No major mock concern,Dividend quality compounds with stable cash flow.,Moderate total return with risk controls intact.,Macro or governance shock reduces valuation and income confidence.,56.82961723074139,Avoid,0.618296172307414
ADP.US,Automatic Data Processing Inc,"Mock analyst view: quality, dividends and balance-sheet resilience are reviewed against sector risk. Narrative is improving toward quality, growth and capital return. Current regime lens: steady_state_low_chaos.","Mock risks: valuation compression, policy/regulatory shocks, dividend sustainability and liquidity stress. Distributional ML forecast shows attractive upside but asymmetric downside risk.",Needs review,Constructive,No major mock concern,Dividend quality compounds with stable cash flow.,Moderate total return with risk controls intact.,Macro or governance shock reduces valuation and income confidence.,56.750423783942765,Hold,0.6175042378394276
HEIJM.AS,Koninklijke Heijmans N.V.,"Mock analyst view: quality, dividends and balance-sheet resilience are reviewed against sector risk. Narrative is improving toward quality, growth and capital return. Current regime lens: steady_state_low_chaos.","Mock risks: valuation compression, policy/regulatory shocks, dividend sustainability and liquidity stress. Distributional ML forecast shows attractive upside but asymmetric downside risk. Forecast uncertainty is high; analyst placeholder treats this as Watchlist risk.",Needs review,Constructive,No major mock concern,Dividend quality compounds with stable cash flow.,Moderate total return with risk controls intact.,Macro or governance shock reduces valuation and income confidence.,56.723319844734334,Avoid,0.6172331984473434
BIRG.IR,Bank of Ireland Group PLC,"Mock analyst view: quality, dividends and balance-sheet resilience are reviewed against sector risk. Narrative is improving toward quality, growth and capital return. Current regime lens: steady_state_low_chaos.","Mock risks: valuation compression, policy/regulatory shocks, dividend sustainability and liquidity stress. Distributional ML forecast shows attractive upside but asymmetric downside risk.",Constructive,Constructive,No major mock concern,Dividend quality compounds with stable cash flow.,Moderate total return with risk controls intact.,Macro or governance shock reduces valuation and income confidence.,56.705136694634945,Hold,0.6170513669463495
JUN3.XETRA,Jungheinrich AG O.N.VZO,"Mock analyst view: quality, dividends and balance-sheet resilience are reviewed against sector risk. Narrative is improving toward quality, growth and capital return. Current regime lens: steady_state_low_chaos.","Mock risks: valuation compression, policy/regulatory shocks, dividend sustainability and liquidity stress. Distributional ML forecast shows attractive upside but asymmetric downside risk.",Needs review,Mixed,No major mock concern,Dividend quality compounds with stable cash flow.,Moderate total return with risk controls intact.,Macro or governance shock reduces valuation and income confidence.,56.666179728491755,Avoid,0.6166617972849175
CKN.LSE,Clarkson,"Mock analyst view: quality, dividends and balance-sheet resilience are reviewed against sector risk. Narrative is improving toward quality, growth and capital return. Current regime lens: steady_state_low_chaos.","Mock risks: valuation compression, policy/regulatory shocks, dividend sustainability and liquidity stress. Distributional ML forecast shows attractive upside but asymmetric downside risk.",Needs review,Mixed,No major mock concern,Dividend quality compounds with stable cash flow.,Moderate total return with risk controls intact.,Macro or governance shock reduces valuation and income confidence.,56.63884176267288,Avoid,0.6163884176267289
5.HK,HSBC Holdings PLC (HK Reg),"Mock analyst view: quality, dividends and balance-sheet resilience are reviewed against sector risk. Current regime lens: steady_state_low_chaos.","Mock risks: valuation compression, policy/regulatory shocks, dividend sustainability and liquidity stress. Narrative is reframing toward risk/deterioration. Credit/refinancing pressure is increasingly central to the equity story. Distributional ML forecast shows attractive upside but asymmetric downside risk.",Needs review,Constructive,No major mock concern,Dividend quality compounds with stable cash flow.,Moderate total return with risk controls intact.,Macro or governance shock reduces valuation and income confidence.,56.615266824618516,Avoid,0.6161526682461852
COF.US,Capital One Financial Corporation,"Mock analyst view: quality, dividends and balance-sheet resilience are reviewed against sector risk. Narrative is improving toward quality, growth and capital return. Current regime lens: steady_state_low_chaos.","Mock risks: valuation compression, policy/regulatory shocks, dividend sustainability and liquidity stress. Distributional ML forecast shows attractive upside but asymmetric downside risk.",Needs review,Constructive,No major mock concern,Dividend quality compounds with stable cash flow.,Moderate total return with risk controls intact.,Macro or governance shock reduces valuation and income confidence.,56.60134406665283,Avoid,0.6160134406665283
300251.SHE,Beijing Enlight Media,"Mock analyst view: quality, dividends and balance-sheet resilience are reviewed against sector risk. Narrative is improving toward quality, growth and capital return. Current regime lens: steady_state_low_chaos.","Mock risks: valuation compression, policy/regulatory shocks, dividend sustainability and liquidity stress. Distributional ML forecast shows attractive upside but asymmetric downside risk. Forecast uncertainty is high; analyst placeholder treats this as Watchlist risk.",Needs review,Mixed,No major mock concern,Dividend quality compounds with stable cash flow.,Moderate total return with risk controls intact.,Macro or governance shock reduces valuation and income confidence.,56.59013478384037,Avoid,0.6159013478384038
600519.SHG,Kweichow Moutai Co Ltd,"Mock analyst view: quality, dividends and balance-sheet resilience are reviewed against sector risk. Current regime lens: steady_state_low_chaos.","Mock risks: valuation compression, policy/regulatory shocks, dividend sustainability and liquidity stress. Narrative is reframing toward risk/deterioration. Distributional ML forecast shows attractive upside but asymmetric downside risk. ML dividend-cut probability is elevated.",Needs review,Mixed,No major mock concern,Dividend quality compounds with stable cash flow.,Moderate total return with risk controls intact.,Macro or governance shock reduces valuation and income confidence.,56.58152215344178,Avoid,0.6158152215344179
002415.SHE,Hangzhou Hikvision Digital Technology Co Ltd,"Mock analyst view: quality, dividends and balance-sheet resilience are reviewed against sector risk. Current regime lens: steady_state_low_chaos.","Mock risks: valuation compression, policy/regulatory shocks, dividend sustainability and liquidity stress. Narrative is reframing toward risk/deterioration. Distributional ML forecast shows attractive upside but asymmetric downside risk.",Needs review,Constructive,No major mock concern,Dividend quality compounds with stable cash flow.,Moderate total return with risk controls intact.,Macro or governance shock reduces valuation and income confidence.,56.53483919132624,Hold,0.6153483919132625
2319.HK,China Mengniu Dairy Co,"Mock analyst view: quality, dividends and balance-sheet resilience are reviewed against sector risk. Narrative is improving toward quality, growth and capital return. Current regime lens: steady_state_low_chaos.","Mock risks: valuation compression, policy/regulatory shocks, dividend sustainability and liquidity stress. Narrative is reframing toward risk/deterioration. Distributional ML forecast shows attractive upside but asymmetric downside risk. ML dividend-cut probability is elevated.",Needs review,Constructive,No major mock concern,Dividend quality compounds with stable cash flow.,Moderate total return with risk controls intact.,Macro or governance shock reduces valuation and income confidence.,56.52614382968831,Avoid,0.6152614382968831
3939.HK,Wanguo International Mining Group Ltd,"Mock analyst view: quality, dividends and balance-sheet resilience are reviewed against sector risk. Current regime lens: steady_state_low_chaos.","Mock risks: valuation compression, policy/regulatory shocks, dividend sustainability and liquidity stress. Narrative is reframing toward risk/deterioration. Forecast uncertainty is high; analyst placeholder treats this as Watchlist risk.",Needs review,Mixed,No major mock concern,Dividend quality compounds with stable cash flow.,Moderate total return with risk controls intact.,Macro or governance shock reduces valuation and income confidence.,56.5157823365811,Avoid,0.615157823365811
QLT.LSE,Quilter PLC,"Mock analyst view: quality, dividends and balance-sheet resilience are reviewed against sector risk. Narrative is improving toward quality, growth and capital return. Current regime lens: steady_state_low_chaos.","Mock risks: valuation compression, policy/regulatory shocks, dividend sustainability and liquidity stress. Narrative is reframing toward risk/deterioration. Distributional ML forecast shows attractive upside but asymmetric downside risk.",Needs review,Constructive,No major mock concern,Dividend quality compounds with stable cash flow.,Moderate total return with risk controls intact.,Macro or governance shock reduces valuation and income confidence.,56.49383366652399,Avoid,0.6149383366652399
TMUS.US,T-Mobile US Inc,"Mock analyst view: quality, dividends and balance-sheet resilience are reviewed against sector risk. Current regime lens: steady_state_low_chaos.","Mock risks: valuation compression, policy/regulatory shocks, dividend sustainability and liquidity stress. Narrative is reframing toward risk/deterioration. Credit/refinancing pressure is increasingly central to the equity story. Distributional ML forecast shows attractive upside but asymmetric downside risk.",Constructive,Mixed,No major mock concern,Dividend quality compounds with stable cash flow.,Moderate total return with risk controls intact.,Macro or governance shock reduces valuation and income confidence.,56.49232547041306,Avoid,0.6149232547041306
DNLM.LSE,Dunelm Group PLC,"Mock analyst view: quality, dividends and balance-sheet resilience are reviewed against sector risk. Narrative is improving toward quality, growth and capital return. Current regime lens: steady_state_low_chaos.","Mock risks: valuation compression, policy/regulatory shocks, dividend sustainability and liquidity stress. Distributional ML forecast shows attractive upside but asymmetric downside risk.",Needs review,Constructive,No major mock concern,Dividend quality compounds with stable cash flow.,Moderate total return with risk controls intact.,Macro or governance shock reduces valuation and income confidence.,56.47572508220858,Avoid,0.6147572508220858
SHELL.AS,Shell PLC,"Mock analyst view: quality, dividends and balance-sheet resilience are reviewed against sector risk. Narrative is improving toward quality, growth and capital return. Current regime lens: steady_state_low_chaos.","Mock risks: valuation compression, policy/regulatory shocks, dividend sustainability and liquidity stress. Distributional ML forecast shows attractive upside but asymmetric downside risk.",Constructive,Constructive,No major mock concern,Dividend quality compounds with stable cash flow.,Moderate total return with risk controls intact.,Macro or governance shock reduces valuation and income confidence.,56.47028751309212,Hold,0.6147028751309213
1044.HK,Hengan Intl Group Ltd-H,"Mock analyst view: quality, dividends and balance-sheet resilience are reviewed against sector risk. Narrative is improving toward quality, growth and capital return. Current regime lens: steady_state_low_chaos.","Mock risks: valuation compression, policy/regulatory shocks, dividend sustainability and liquidity stress.",Needs review,Constructive,No major mock concern,Dividend quality compounds with stable cash flow.,Moderate total return with risk controls intact.,Macro or governance shock reduces valuation and income confidence.,56.455434312221,Avoid,0.61455434312221
ABBN.SW,ABB Ltd,"Mock analyst view: quality, dividends and balance-sheet resilience are reviewed against sector risk. Narrative is improving toward quality, growth and capital return. Current regime lens: steady_state_low_chaos.","Mock risks: valuation compression, policy/regulatory shocks, dividend sustainability and liquidity stress.",Needs review,Mixed,No major mock concern,Dividend quality compounds with stable cash flow.,Moderate total return with risk controls intact.,Macro or governance shock reduces valuation and income confidence.,56.443935296706314,Avoid,0.6144393529670632
DOM.LSE,Domino’s Pizza Group PLC,"Mock analyst view: quality, dividends and balance-sheet resilience are reviewed against sector risk. Narrative is improving toward quality, growth and capital return. Current regime lens: steady_state_low_chaos.","Mock risks: valuation compression, policy/regulatory shocks, dividend sustainability and liquidity stress. Distributional ML forecast shows attractive upside but asymmetric downside risk.",Needs review,Constructive,No major mock concern,Dividend quality compounds with stable cash flow.,Moderate total return with risk controls intact.,Macro or governance shock reduces valuation and income confidence.,56.43348797081801,Avoid,0.6143348797081801
URW.PA,Unibail-Rodamco-Westfield,"Mock analyst view: quality, dividends and balance-sheet resilience are reviewed against sector risk. Narrative is improving toward quality, growth and capital return. Current regime lens: steady_state_low_chaos.","Mock risks: valuation compression, policy/regulatory shocks, dividend sustainability and liquidity stress. ML dividend-cut probability is elevated.",Constructive,Constructive,No major mock concern,Dividend quality compounds with stable cash flow.,Moderate total return with risk controls intact.,Macro or governance shock reduces valuation and income confidence.,56.42189549334017,Avoid,0.6142189549334018
JYSK.CO,Jyske Bank A/S,"Mock analyst view: quality, dividends and balance-sheet resilience are reviewed against sector risk. Narrative is improving toward quality, growth and capital return. Current regime lens: steady_state_low_chaos.","Mock risks: valuation compression, policy/regulatory shocks, dividend sustainability and liquidity stress. Distributional ML forecast shows attractive upside but asymmetric downside risk.",Constructive,Mixed,No major mock concern,Dividend quality compounds with stable cash flow.,Moderate total return with risk controls intact.,Macro or governance shock reduces valuation and income confidence.,56.35278030625257,Avoid,0.6135278030625257
PG.US,Procter & Gamble Company,"Mock analyst view: quality, dividends and balance-sheet resilience are reviewed against sector risk. Narrative is improving toward quality, growth and capital return. Current regime lens: steady_state_low_chaos.","Mock risks: valuation compression, policy/regulatory shocks, dividend sustainability and liquidity stress. Distributional ML forecast shows attractive upside but asymmetric downside risk.",Needs review,Constructive,No major mock concern,Dividend quality compounds with stable cash flow.,Moderate total return with risk controls intact.,Macro or governance shock reduces valuation and income confidence.,56.340116646832406,Hold,0.6134011664683241
1099.HK,Sinopharm Group Co Ltd,"Mock analyst view: quality, dividends and balance-sheet resilience are reviewed against sector risk. Narrative is improving toward quality, growth and capital return. Current regime lens: steady_state_low_chaos.","Mock risks: valuation compression, policy/regulatory shocks, dividend sustainability and liquidity stress. Distributional ML forecast shows attractive upside but asymmetric downside risk.",Needs review,Constructive,No major mock concern,Dividend quality compounds with stable cash flow.,Moderate total return with risk controls intact.,Macro or governance shock reduces valuation and income confidence.,56.324136100948664,Avoid,0.6132413610094867
BMT.XETRA,British American Tobacco p.l.c,"Mock analyst view: quality, dividends and balance-sheet resilience are reviewed against sector risk. Current regime lens: steady_state_low_chaos.","Mock risks: valuation compression, policy/regulatory shocks, dividend sustainability and liquidity stress. Narrative is reframing toward risk/deterioration. Credit/refinancing pressure is increasingly central to the equity story. Distributional ML forecast shows attractive upside but asymmetric downside risk.",Needs review,Constructive,No major mock concern,Dividend quality compounds with stable cash flow.,Moderate total return with risk controls intact.,Macro or governance shock reduces valuation and income confidence.,56.30104801822214,Avoid,0.6130104801822215
600863.SHG,Inner Mongolia MengDian HuaNeng Thermal Power Corp Ltd,"Mock analyst view: quality, dividends and balance-sheet resilience are reviewed against sector risk. Narrative is improving toward quality, growth and capital return. Current regime lens: steady_state_low_chaos.","Mock risks: valuation compression, policy/regulatory shocks, dividend sustainability and liquidity stress. Distributional ML forecast shows attractive upside but asymmetric downside risk.",Needs review,Constructive,No major mock concern,Dividend quality compounds with stable cash flow.,Moderate total return with risk controls intact.,Macro or governance shock reduces valuation and income confidence.,56.29417932151825,Hold,0.6129417932151826
1997.HK,Wharf Real Estate Investment Co Ltd,"Mock analyst view: quality, dividends and balance-sheet resilience are reviewed against sector risk. Narrative is improving toward quality, growth and capital return. Current regime lens: steady_state_low_chaos.","Mock risks: valuation compression, policy/regulatory shocks, dividend sustainability and liquidity stress. Distributional ML forecast shows attractive upside but asymmetric downside risk. ML dividend-cut probability is elevated.",Needs review,Constructive,No major mock concern,Dividend quality compounds with stable cash flow.,Moderate total return with risk controls intact.,Macro or governance shock reduces valuation and income confidence.,56.27835449483938,Avoid,0.6127835449483938
CFR.SW,Compagnie Financière Richemont SA,"Mock analyst view: quality, dividends and balance-sheet resilience are reviewed against sector risk. Narrative is improving toward quality, growth and capital return. Current regime lens: steady_state_low_chaos.","Mock risks: valuation compression, policy/regulatory shocks, dividend sustainability and liquidity stress.",Needs review,Mixed,No major mock concern,Dividend quality compounds with stable cash flow.,Moderate total return with risk controls intact.,Macro or governance shock reduces valuation and income confidence.,56.26629797008931,Hold,0.6126629797008931
SBGSY.US,Schneider Electric SA,"Mock analyst view: quality, dividends and balance-sheet resilience are reviewed against sector risk. Narrative is improving toward quality, growth and capital return. Current regime lens: steady_state_low_chaos.","Mock risks: valuation compression, policy/regulatory shocks, dividend sustainability and liquidity stress.",Needs review,Mixed,No major mock concern,Dividend quality compounds with stable cash flow.,Moderate total return with risk controls intact.,Macro or governance shock reduces valuation and income confidence.,56.26230574641141,Avoid,0.612623057464114
2276.HK,Shanghai Conant Optical Co Ltd,"Mock analyst view: quality, dividends and balance-sheet resilience are reviewed against sector risk. Narrative is improving toward quality, growth and capital return. Current regime lens: steady_state_low_chaos.","Mock risks: valuation compression, policy/regulatory shocks, dividend sustainability and liquidity stress. Forecast uncertainty is high; analyst placeholder treats this as Watchlist risk.",Needs review,Mixed,No major mock concern,Dividend quality compounds with stable cash flow.,Moderate total return with risk controls intact.,Macro or governance shock reduces valuation and income confidence.,56.24989710558196,Avoid,0.6124989710558196
SNY.US,Sanofi ADR,"Mock analyst view: quality, dividends and balance-sheet resilience are reviewed against sector risk. Narrative is improving toward quality, growth and capital return. Current regime lens: steady_state_low_chaos.","Mock risks: valuation compression, policy/regulatory shocks, dividend sustainability and liquidity stress. Distributional ML forecast shows attractive upside but asymmetric downside risk. ML dividend-cut probability is elevated.",Needs review,Constructive,No major mock concern,Dividend quality compounds with stable cash flow.,Moderate total return with risk controls intact.,Macro or governance shock reduces valuation and income confidence.,56.1914165189785,Avoid,0.611914165189785
0823.HK,Link Real Estate Investment Trust,"Mock analyst view: quality, dividends and balance-sheet resilience are reviewed against sector risk. Current regime lens: steady_state_low_chaos.","Mock risks: valuation compression, policy/regulatory shocks, dividend sustainability and liquidity stress. Narrative is reframing toward risk/deterioration. Credit/refinancing pressure is increasingly central to the equity story.",Constructive,Constructive,No major mock concern,Dividend quality compounds with stable cash flow.,Moderate total return with risk controls intact.,Macro or governance shock reduces valuation and income confidence.,56.18744059101287,Avoid,0.6118744059101288
000568.SHE,Luzhou Lao Jiao Co Ltd,"Mock analyst view: quality, dividends and balance-sheet resilience are reviewed against sector risk. Narrative is improving toward quality, growth and capital return. Current regime lens: steady_state_low_chaos.","Mock risks: valuation compression, policy/regulatory shocks, dividend sustainability and liquidity stress. Distributional ML forecast shows attractive upside but asymmetric downside risk. ML dividend-cut probability is elevated.",Needs review,Mixed,No major mock concern,Dividend quality compounds with stable cash flow.,Moderate total return with risk controls intact.,Macro or governance shock reduces valuation and income confidence.,56.13990507072395,Avoid,0.6113990507072395
ITRK.LSE,Intertek Group PLC,"Mock analyst view: quality, dividends and balance-sheet resilience are reviewed against sector risk. Narrative is improving toward quality, growth and capital return. Current regime lens: steady_state_low_chaos.","Mock risks: valuation compression, policy/regulatory shocks, dividend sustainability and liquidity stress. Distributional ML forecast shows attractive upside but asymmetric downside risk.",Needs review,Constructive,No major mock concern,Dividend quality compounds with stable cash flow.,Moderate total return with risk controls intact.,Macro or governance shock reduces valuation and income confidence.,56.12114391083367,Hold,0.6112114391083368
000001.SHE,Ping An Bank Co Ltd,"Mock analyst view: quality, dividends and balance-sheet resilience are reviewed against sector risk. Narrative is improving toward quality, growth and capital return. Current regime lens: steady_state_low_chaos.","Mock risks: valuation compression, policy/regulatory shocks, dividend sustainability and liquidity stress.",Constructive,Constructive,No major mock concern,Dividend quality compounds with stable cash flow.,Moderate total return with risk controls intact.,Macro or governance shock reduces valuation and income confidence.,56.09327167343211,Avoid,0.6109327167343211
KLR.LSE,Keller Group PLC,"Mock analyst view: quality, dividends and balance-sheet resilience are reviewed against sector risk. Current regime lens: steady_state_low_chaos.","Mock risks: valuation compression, policy/regulatory shocks, dividend sustainability and liquidity stress. Narrative is reframing toward risk/deterioration. Distributional ML forecast shows attractive upside but asymmetric downside risk.",Constructive,Mixed,No major mock concern,Dividend quality compounds with stable cash flow.,Moderate total return with risk controls intact.,Macro or governance shock reduces valuation and income confidence.,56.0867928398408,Avoid,0.610867928398408
300487.SHE,Xian Sunresin New Materials Co Ltd,"Mock analyst view: quality, dividends and balance-sheet resilience are reviewed against sector risk. Narrative is improving toward quality, growth and capital return. Current regime lens: steady_state_low_chaos.","Mock risks: valuation compression, policy/regulatory shocks, dividend sustainability and liquidity stress. Forecast uncertainty is high; analyst placeholder treats this as Watchlist risk.",Needs review,Mixed,No major mock concern,Dividend quality compounds with stable cash flow.,Moderate total return with risk controls intact.,Macro or governance shock reduces valuation and income confidence.,56.08475722717491,Avoid,0.6108475722717491
2688.HK,ENN Energy Holdings Ltd,"Mock analyst view: quality, dividends and balance-sheet resilience are reviewed against sector risk. Narrative is improving toward quality, growth and capital return. Current regime lens: steady_state_low_chaos.","Mock risks: valuation compression, policy/regulatory shocks, dividend sustainability and liquidity stress. Distributional ML forecast shows attractive upside but asymmetric downside risk.",Constructive,Mixed,No major mock concern,Dividend quality compounds with stable cash flow.,Moderate total return with risk controls intact.,Macro or governance shock reduces valuation and income confidence.,56.07841821257573,Hold,0.6107841821257574
VALMT.HE,Valmet Oyj,"Mock analyst view: quality, dividends and balance-sheet resilience are reviewed against sector risk. Narrative is improving toward quality, growth and capital return. Current regime lens: steady_state_low_chaos.","Mock risks: valuation compression, policy/regulatory shocks, dividend sustainability and liquidity stress. Narrative is reframing toward risk/deterioration. Distributional ML forecast shows attractive upside but asymmetric downside risk. ML dividend-cut probability is elevated.",Constructive,Constructive,No major mock concern,Dividend quality compounds with stable cash flow.,Moderate total return with risk controls intact.,Macro or governance shock reduces valuation and income confidence.,56.063389698191095,Avoid,0.610633896981911
2888.HK,Standard Chartered PLC,"Mock analyst view: quality, dividends and balance-sheet resilience are reviewed against sector risk. Narrative is improving toward quality, growth and capital return. Current regime lens: steady_state_low_chaos.","Mock risks: valuation compression, policy/regulatory shocks, dividend sustainability and liquidity stress. Distributional ML forecast shows attractive upside but asymmetric downside risk.",Constructive,Constructive,No major mock concern,Dividend quality compounds with stable cash flow.,Moderate total return with risk controls intact.,Macro or governance shock reduces valuation and income confidence.,56.061949869551604,Hold,0.6106194986955161
PAYX.US,Paychex Inc,"Mock analyst view: quality, dividends and balance-sheet resilience are reviewed against sector risk. Narrative is improving toward quality, growth and capital return. Current regime lens: steady_state_low_chaos.","Mock risks: valuation compression, policy/regulatory shocks, dividend sustainability and liquidity stress. Distributional ML forecast shows attractive upside but asymmetric downside risk. ML dividend-cut probability is elevated.",Needs review,Constructive,No major mock concern,Dividend quality compounds with stable cash flow.,Moderate total return with risk controls intact.,Macro or governance shock reduces valuation and income confidence.,56.03841781113404,Avoid,0.6103841781113404
600909.SHG,Huaan Securities Co Ltd,"Mock analyst view: quality, dividends and balance-sheet resilience are reviewed against sector risk. Narrative is improving toward quality, growth and capital return. Current regime lens: steady_state_low_chaos.","Mock risks: valuation compression, policy/regulatory shocks, dividend sustainability and liquidity stress. Distributional ML forecast shows attractive upside but asymmetric downside risk. Forecast uncertainty is high; analyst placeholder treats this as Watchlist risk.",Constructive,Constructive,No major mock concern,Dividend quality compounds with stable cash flow.,Moderate total return with risk controls intact.,Macro or governance shock reduces valuation and income confidence.,56.01222669394448,Hold,0.6101222669394448
CWK.LSE,Cranswick PLC,"Mock analyst view: quality, dividends and balance-sheet resilience are reviewed against sector risk. Narrative is improving toward quality, growth and capital return. Current regime lens: steady_state_low_chaos.","Mock risks: valuation compression, policy/regulatory shocks, dividend sustainability and liquidity stress. Distributional ML forecast shows attractive upside but asymmetric downside risk.",Constructive,Mixed,No major mock concern,Dividend quality compounds with stable cash flow.,Moderate total return with risk controls intact.,Macro or governance shock reduces valuation and income confidence.,55.998787871646776,Avoid,0.6099878787164678
ELIS.PA,Elis SA,"Mock analyst view: quality, dividends and balance-sheet resilience are reviewed against sector risk. Narrative is improving toward quality, growth and capital return. Current regime lens: steady_state_low_chaos.","Mock risks: valuation compression, policy/regulatory shocks, dividend sustainability and liquidity stress. Distributional ML forecast shows attractive upside but asymmetric downside risk.",Needs review,Constructive,No major mock concern,Dividend quality compounds with stable cash flow.,Moderate total return with risk controls intact.,Macro or governance shock reduces valuation and income confidence.,55.982321768506836,Avoid,0.6098232176850684
ATCO-A.ST,Atlas Copco AB Series A,"Mock analyst view: quality, dividends and balance-sheet resilience are reviewed against sector risk. Current regime lens: steady_state_low_chaos.","Mock risks: valuation compression, policy/regulatory shocks, dividend sustainability and liquidity stress. Narrative is reframing toward risk/deterioration. Credit/refinancing pressure is increasingly central to the equity story.",Needs review,Mixed,No major mock concern,Dividend quality compounds with stable cash flow.,Moderate total return with risk controls intact.,Macro or governance shock reduces valuation and income confidence.,55.97973578989417,Avoid,0.6097973578989417
LAGR-B.ST,Lagercrantz Group AB (publ),"Mock analyst view: quality, dividends and balance-sheet resilience are reviewed against sector risk. Current regime lens: steady_state_low_chaos.","Mock risks: valuation compression, policy/regulatory shocks, dividend sustainability and liquidity stress. Narrative is reframing toward risk/deterioration. Credit/refinancing pressure is increasingly central to the equity story.",Needs review,Mixed,No major mock concern,Dividend quality compounds with stable cash flow.,Moderate total return with risk controls intact.,Macro or governance shock reduces valuation and income confidence.,55.953945735271596,Avoid,0.609539457352716
600031.SHG,Sany Heavy Industry Co Ltd,"Mock analyst view: quality, dividends and balance-sheet resilience are reviewed against sector risk. Narrative is improving toward quality, growth and capital return. Current regime lens: steady_state_low_chaos.","Mock risks: valuation compression, policy/regulatory shocks, dividend sustainability and liquidity stress. Distributional ML forecast shows attractive upside but asymmetric downside risk.",Needs review,Constructive,No major mock concern,Dividend quality compounds with stable cash flow.,Moderate total return with risk controls intact.,Macro or governance shock reduces valuation and income confidence.,55.9307108443747,Hold,0.609307108443747
6198.HK,Qingdao Port International Co Ltd,"Mock analyst view: quality, dividends and balance-sheet resilience are reviewed against sector risk. Narrative is improving toward quality, growth and capital return. Current regime lens: steady_state_low_chaos.","Mock risks: valuation compression, policy/regulatory shocks, dividend sustainability and liquidity stress. Distributional ML forecast shows attractive upside but asymmetric downside risk.",Needs review,Mixed,No major mock concern,Dividend quality compounds with stable cash flow.,Moderate total return with risk controls intact.,Macro or governance shock reduces valuation and income confidence.,55.92114610338606,Avoid,0.6092114610338606
POLR.LSE,Polar Capital Holdings plc,"Mock analyst view: quality, dividends and balance-sheet resilience are reviewed against sector risk. Narrative is improving toward quality, growth and capital return. Current regime lens: steady_state_low_chaos.","Mock risks: valuation compression, policy/regulatory shocks, dividend sustainability and liquidity stress. Distributional ML forecast shows attractive upside but asymmetric downside risk.",Needs review,Constructive,No major mock concern,Dividend quality compounds with stable cash flow.,Moderate total return with risk controls intact.,Macro or governance shock reduces valuation and income confidence.,55.919677894575656,Avoid,0.6091967789457566
FR.PA,Valeo SA,"Mock analyst view: quality, dividends and balance-sheet resilience are reviewed against sector risk. Narrative is improving toward quality, growth and capital return. Current regime lens: steady_state_low_chaos.","Mock risks: valuation compression, policy/regulatory shocks, dividend sustainability and liquidity stress. Distributional ML forecast shows attractive upside but asymmetric downside risk. Forecast uncertainty is high; analyst placeholder treats this as Watchlist risk.",Needs review,Constructive,No major mock concern,Dividend quality compounds with stable cash flow.,Moderate total return with risk controls intact.,Macro or governance shock reduces valuation and income confidence.,55.90545720069893,Avoid,0.6090545720069894
2601.HK,China Pacific Insurance,"Mock analyst view: quality, dividends and balance-sheet resilience are reviewed against sector risk. Narrative is improving toward quality, growth and capital return. Current regime lens: steady_state_low_chaos.","Mock risks: valuation compression, policy/regulatory shocks, dividend sustainability and liquidity stress. Distributional ML forecast shows attractive upside but asymmetric downside risk.",Constructive,Constructive,No major mock concern,Dividend quality compounds with stable cash flow.,Moderate total return with risk controls intact.,Macro or governance shock reduces valuation and income confidence.,55.7992828943086,Hold,0.607992828943086
002558.SHE,Giant Network Group Co Ltd,"Mock analyst view: quality, dividends and balance-sheet resilience are reviewed against sector risk. Current regime lens: steady_state_low_chaos.","Mock risks: valuation compression, policy/regulatory shocks, dividend sustainability and liquidity stress. Narrative is reframing toward risk/deterioration. Distributional ML forecast shows attractive upside but asymmetric downside risk. Forecast uncertainty is high; analyst placeholder treats this as Watchlist risk.",Needs review,Constructive,No major mock concern,Dividend quality compounds with stable cash flow.,Moderate total return with risk controls intact.,Macro or governance shock reduces valuation and income confidence.,55.78970536572521,Avoid,0.6078970536572521
SAX.XETRA,Ströer SE & Co. KGaA,"Mock analyst view: quality, dividends and balance-sheet resilience are reviewed against sector risk. Current regime lens: steady_state_low_chaos.","Mock risks: valuation compression, policy/regulatory shocks, dividend sustainability and liquidity stress. Narrative is reframing toward risk/deterioration. Credit/refinancing pressure is increasingly central to the equity story. Distributional ML forecast shows attractive upside but asymmetric downside risk. ML dividend-cut probability is elevated. Forecast distribution has downside skew risk.",Needs review,Constructive,No major mock concern,Dividend quality compounds with stable cash flow.,Moderate total return with risk controls intact.,Macro or governance shock reduces valuation and income confidence.,55.75099084437635,Avoid,0.6075099084437636
0631.HK,Sany Heavy Equipment International Holdings Co Ltd,"Mock analyst view: quality, dividends and balance-sheet resilience are reviewed against sector risk. Narrative is improving toward quality, growth and capital return. Current regime lens: steady_state_low_chaos.","Mock risks: valuation compression, policy/regulatory shocks, dividend sustainability and liquidity stress. Distributional ML forecast shows attractive upside but asymmetric downside risk. Forecast uncertainty is high; analyst placeholder treats this as Watchlist risk.",Needs review,Mixed,No major mock concern,Dividend quality compounds with stable cash flow.,Moderate total return with risk controls intact.,Macro or governance shock reduces valuation and income confidence.,55.74890585536792,Avoid,0.6074890585536793
002352.SHE,S.F. Holding Co. Ltd,"Mock analyst view: quality, dividends and balance-sheet resilience are reviewed against sector risk. Current regime lens: steady_state_low_chaos.","Mock risks: valuation compression, policy/regulatory shocks, dividend sustainability and liquidity stress. Narrative is reframing toward risk/deterioration.",Needs review,Mixed,No major mock concern,Dividend quality compounds with stable cash flow.,Moderate total return with risk controls intact.,Macro or governance shock reduces valuation and income confidence.,55.72545401292425,Hold,0.6072545401292426
3393.HK,Wasion Group Holdings Ltd,"Mock analyst view: quality, dividends and balance-sheet resilience are reviewed against sector risk. Narrative is improving toward quality, growth and capital return. Current regime lens: steady_state_low_chaos.","Mock risks: valuation compression, policy/regulatory shocks, dividend sustainability and liquidity stress. Distributional ML forecast shows attractive upside but asymmetric downside risk. Forecast uncertainty is high; analyst placeholder treats this as Watchlist risk.",Needs review,Mixed,No major mock concern,Dividend quality compounds with stable cash flow.,Moderate total return with risk controls intact.,Macro or governance shock reduces valuation and income confidence.,55.72278271266227,Avoid,0.6072278271266228
0564.HK,Zhengzhou Coal Mining Machinery Group Co Ltd,"Mock analyst view: quality, dividends and balance-sheet resilience are reviewed against sector risk. Narrative is improving toward quality, growth and capital return. Current regime lens: steady_state_low_chaos.","Mock risks: valuation compression, policy/regulatory shocks, dividend sustainability and liquidity stress. Distributional ML forecast shows attractive upside but asymmetric downside risk. ML dividend-cut probability is elevated. Forecast uncertainty is high; analyst placeholder treats this as Watchlist risk. Forecast distribution has downside skew risk.",Constructive,Mixed,No major mock concern,Dividend quality compounds with stable cash flow.,Moderate total return with risk controls intact.,Macro or governance shock reduces valuation and income confidence.,55.66131781397914,Avoid,0.6066131781397914
EBAY.US,eBay Inc,"Mock analyst view: quality, dividends and balance-sheet resilience are reviewed against sector risk. Narrative is improving toward quality, growth and capital return. Current regime lens: steady_state_low_chaos.","Mock risks: valuation compression, policy/regulatory shocks, dividend sustainability and liquidity stress.",Needs review,Mixed,No major mock concern,Dividend quality compounds with stable cash flow.,Moderate total return with risk controls intact.,Macro or governance shock reduces valuation and income confidence.,55.63554351255232,Avoid,0.6063554351255233
1179.HK,Huazhu Group Ltd,"Mock analyst view: quality, dividends and balance-sheet resilience are reviewed against sector risk. Narrative is improving toward quality, growth and capital return. Current regime lens: steady_state_low_chaos.","Mock risks: valuation compression, policy/regulatory shocks, dividend sustainability and liquidity stress. Distributional ML forecast shows attractive upside but asymmetric downside risk.",Constructive,Constructive,No major mock concern,Dividend quality compounds with stable cash flow.,Moderate total return with risk controls intact.,Macro or governance shock reduces valuation and income confidence.,55.62565099927751,Avoid,0.6062565099927751
ROR.LSE,Rotork PLC,"Mock analyst view: quality, dividends and balance-sheet resilience are reviewed against sector risk. Narrative is improving toward quality, growth and capital return. Current regime lens: steady_state_low_chaos.","Mock risks: valuation compression, policy/regulatory shocks, dividend sustainability and liquidity stress. Forecast uncertainty is high; analyst placeholder treats this as Watchlist risk.",Needs review,Mixed,No major mock concern,Dividend quality compounds with stable cash flow.,Moderate total return with risk controls intact.,Macro or governance shock reduces valuation and income confidence.,55.620516418634224,Avoid,0.6062051641863423
600989.SHG,Ningxia Baofeng Energy Group Co Ltd,"Mock analyst view: quality, dividends and balance-sheet resilience are reviewed against sector risk. Narrative is improving toward quality, growth and capital return. Current regime lens: steady_state_low_chaos.","Mock risks: valuation compression, policy/regulatory shocks, dividend sustainability and liquidity stress. Distributional ML forecast shows attractive upside but asymmetric downside risk. Forecast uncertainty is high; analyst placeholder treats this as Watchlist risk.",Needs review,Mixed,No major mock concern,Dividend quality compounds with stable cash flow.,Moderate total return with risk controls intact.,Macro or governance shock reduces valuation and income confidence.,55.60846523333587,Avoid,0.6060846523333587
HSBA.LSE,HSBC Holdings PLC,"Mock analyst view: quality, dividends and balance-sheet resilience are reviewed against sector risk. Narrative is improving toward quality, growth and capital return. Current regime lens: steady_state_low_chaos.","Mock risks: valuation compression, policy/regulatory shocks, dividend sustainability and liquidity stress. Distributional ML forecast shows attractive upside but asymmetric downside risk.",Needs review,Constructive,No major mock concern,Dividend quality compounds with stable cash flow.,Moderate total return with risk controls intact.,Macro or governance shock reduces valuation and income confidence.,55.6064038947176,Hold,0.6060640389471761
SFSN.SW,SFS Group AG,"Mock analyst view: quality, dividends and balance-sheet resilience are reviewed against sector risk. Current regime lens: steady_state_low_chaos.","Mock risks: valuation compression, policy/regulatory shocks, dividend sustainability and liquidity stress. Narrative is reframing toward risk/deterioration. Distributional ML forecast shows attractive upside but asymmetric downside risk.",Needs review,Mixed,No major mock concern,Dividend quality compounds with stable cash flow.,Moderate total return with risk controls intact.,Macro or governance shock reduces valuation and income confidence.,55.59983055184492,Avoid,0.6059983055184492
0941.HK,China Mobile Ltd,"Mock analyst view: quality, dividends and balance-sheet resilience are reviewed against sector risk. Current regime lens: steady_state_low_chaos.","Mock risks: valuation compression, policy/regulatory shocks, dividend sustainability and liquidity stress. Narrative is reframing toward risk/deterioration. ML dividend-cut probability is elevated.",Needs review,Mixed,No major mock concern,Dividend quality compounds with stable cash flow.,Moderate total return with risk controls intact.,Macro or governance shock reduces valuation and income confidence.,55.56124821539163,Hold,0.6056124821539164
CMBN.SW,Cembra Money Bank AG,"Mock analyst view: quality, dividends and balance-sheet resilience are reviewed against sector risk. Current regime lens: steady_state_low_chaos.","Mock risks: valuation compression, policy/regulatory shocks, dividend sustainability and liquidity stress. Narrative is reframing toward risk/deterioration.",Needs review,Constructive,No major mock concern,Dividend quality compounds with stable cash flow.,Moderate total return with risk controls intact.,Macro or governance shock reduces valuation and income confidence.,55.48329722634214,Avoid,0.6048329722634215
1093.HK,CSPC Pharmaceutical Group Ltd,"Mock analyst view: quality, dividends and balance-sheet resilience are reviewed against sector risk. Narrative is improving toward quality, growth and capital return. Current regime lens: steady_state_low_chaos.","Mock risks: valuation compression, policy/regulatory shocks, dividend sustainability and liquidity stress. Distributional ML forecast shows attractive upside but asymmetric downside risk. Forecast uncertainty is high; analyst placeholder treats this as Watchlist risk.",Needs review,Mixed,No major mock concern,Dividend quality compounds with stable cash flow.,Moderate total return with risk controls intact.,Macro or governance shock reduces valuation and income confidence.,55.48305199821444,Hold,0.6048305199821444
REL.LSE,Relx PLC,"Mock analyst view: quality, dividends and balance-sheet resilience are reviewed against sector risk. Current regime lens: steady_state_low_chaos.","Mock risks: valuation compression, policy/regulatory shocks, dividend sustainability and liquidity stress. Narrative is reframing toward risk/deterioration. Distributional ML forecast shows attractive upside but asymmetric downside risk.",Needs review,Constructive,No major mock concern,Dividend quality compounds with stable cash flow.,Moderate total return with risk controls intact.,Macro or governance shock reduces valuation and income confidence.,55.4760847244594,Hold,0.604760847244594
IGG.LSE,IG Group Holdings PLC,"Mock analyst view: quality, dividends and balance-sheet resilience are reviewed against sector risk. Narrative is improving toward quality, growth and capital return. Current regime lens: steady_state_low_chaos.","Mock risks: valuation compression, policy/regulatory shocks, dividend sustainability and liquidity stress. Distributional ML forecast shows attractive upside but asymmetric downside risk.",Needs review,Constructive,No major mock concern,Dividend quality compounds with stable cash flow.,Moderate total return with risk controls intact.,Macro or governance shock reduces valuation and income confidence.,55.45634734152357,Avoid,0.6045634734152358
601225.SHG,Shaanxi Coal Industry Co Ltd,"Mock analyst view: quality, dividends and balance-sheet resilience are reviewed against sector risk. Current regime lens: steady_state_low_chaos.","Mock risks: valuation compression, policy/regulatory shocks, dividend sustainability and liquidity stress. Narrative is reframing toward risk/deterioration. Distributional ML forecast shows attractive upside but asymmetric downside risk.",Needs review,Constructive,No major mock concern,Dividend quality compounds with stable cash flow.,Moderate total return with risk controls intact.,Macro or governance shock reduces valuation and income confidence.,55.43505563952251,Hold,0.6043505563952252
LI.PA,Klepierre SA,"Mock analyst view: quality, dividends and balance-sheet resilience are reviewed against sector risk. Current regime lens: steady_state_low_chaos.","Mock risks: valuation compression, policy/regulatory shocks, dividend sustainability and liquidity stress.",Constructive,Constructive,No major mock concern,Dividend quality compounds with stable cash flow.,Moderate total return with risk controls intact.,Macro or governance shock reduces valuation and income confidence.,55.42377517584201,Avoid,0.6042377517584201
KGF.LSE,Kingfisher PLC,"Mock analyst view: quality, dividends and balance-sheet resilience are reviewed against sector risk. Narrative is improving toward quality, growth and capital return. Current regime lens: steady_state_low_chaos.","Mock risks: valuation compression, policy/regulatory shocks, dividend sustainability and liquidity stress. Narrative is reframing toward risk/deterioration. Distributional ML forecast shows attractive upside but asymmetric downside risk. ML dividend-cut probability is elevated.",Needs review,Constructive,No major mock concern,Dividend quality compounds with stable cash flow.,Moderate total return with risk controls intact.,Macro or governance shock reduces valuation and income confidence.,55.42314888166392,Avoid,0.6042314888166392
MSI.US,Motorola Solutions Inc,"Mock analyst view: quality, dividends and balance-sheet resilience are reviewed against sector risk. Narrative is improving toward quality, growth and capital return. Current regime lens: steady_state_low_chaos.","Mock risks: valuation compression, policy/regulatory shocks, dividend sustainability and liquidity stress.",Needs review,Constructive,No major mock concern,Dividend quality compounds with stable cash flow.,Moderate total return with risk controls intact.,Macro or governance shock reduces valuation and income confidence.,55.38419619873308,Avoid,0.6038419619873309
GEBN.SW,Geberit AG,"Mock analyst view: quality, dividends and balance-sheet resilience are reviewed against sector risk. Narrative is improving toward quality, growth and capital return. Current regime lens: steady_state_low_chaos.","Mock risks: valuation compression, policy/regulatory shocks, dividend sustainability and liquidity stress.",Needs review,Constructive,No major mock concern,Dividend quality compounds with stable cash flow.,Moderate total return with risk controls intact.,Macro or governance shock reduces valuation and income confidence.,55.376143266969954,Hold,0.6037614326696996
9987.HK,Yum China Holdings Inc,"Mock analyst view: quality, dividends and balance-sheet resilience are reviewed against sector risk. Narrative is improving toward quality, growth and capital return. Current regime lens: steady_state_low_chaos.","Mock risks: valuation compression, policy/regulatory shocks, dividend sustainability and liquidity stress. Distributional ML forecast shows attractive upside but asymmetric downside risk.",Needs review,Mixed,No major mock concern,Dividend quality compounds with stable cash flow.,Moderate total return with risk controls intact.,Macro or governance shock reduces valuation and income confidence.,55.364440934314885,Hold,0.6036444093431489
REP.MC,Repsol S.A.,"Mock analyst view: quality, dividends and balance-sheet resilience are reviewed against sector risk. Narrative is improving toward quality, growth and capital return. Current regime lens: steady_state_low_chaos.","Mock risks: valuation compression, policy/regulatory shocks, dividend sustainability and liquidity stress. Distributional ML forecast shows attractive upside but asymmetric downside risk.",Constructive,Mixed,No major mock concern,Dividend quality compounds with stable cash flow.,Moderate total return with risk controls intact.,Macro or governance shock reduces valuation and income confidence.,55.3600736228803,Hold,0.6036007362288031
KYGA.LSE,Kerry Group,"Mock analyst view: quality, dividends and balance-sheet resilience are reviewed against sector risk. Narrative is improving toward quality, growth and capital return. Current regime lens: steady_state_low_chaos.","Mock risks: valuation compression, policy/regulatory shocks, dividend sustainability and liquidity stress.",Needs review,Mixed,No major mock concern,Dividend quality compounds with stable cash flow.,Moderate total return with risk controls intact.,Macro or governance shock reduces valuation and income confidence.,55.35793985139579,Avoid,0.6035793985139579
KRZ.IR,Kerry Group,"Mock analyst view: quality, dividends and balance-sheet resilience are reviewed against sector risk. Narrative is improving toward quality, growth and capital return. Current regime lens: steady_state_low_chaos.","Mock risks: valuation compression, policy/regulatory shocks, dividend sustainability and liquidity stress. Distributional ML forecast shows attractive upside but asymmetric downside risk.",Needs review,Mixed,No major mock concern,Dividend quality compounds with stable cash flow.,Moderate total return with risk controls intact.,Macro or governance shock reduces valuation and income confidence.,55.344209466231746,Hold,0.6034420946623175
DB.US,Deutsche Bank AG,"Mock analyst view: quality, dividends and balance-sheet resilience are reviewed against sector risk. Narrative is improving toward quality, growth and capital return. Current regime lens: steady_state_low_chaos.","Mock risks: valuation compression, policy/regulatory shocks, dividend sustainability and liquidity stress. Distributional ML forecast shows attractive upside but asymmetric downside risk.",Constructive,Constructive,No major mock concern,Dividend quality compounds with stable cash flow.,Moderate total return with risk controls intact.,Macro or governance shock reduces valuation and income confidence.,55.334160881559235,Hold,0.6033416088155924
000408.SHE,Zangge Holding Co Ltd,"Mock analyst view: quality, dividends and balance-sheet resilience are reviewed against sector risk. Narrative is improving toward quality, growth and capital return. Current regime lens: steady_state_low_chaos.","Mock risks: valuation compression, policy/regulatory shocks, dividend sustainability and liquidity stress. ML dividend-cut probability is elevated. Forecast uncertainty is high; analyst placeholder treats this as Watchlist risk.",Needs review,Mixed,No major mock concern,Dividend quality compounds with stable cash flow.,Moderate total return with risk controls intact.,Macro or governance shock reduces valuation and income confidence.,55.30733015755335,Hold,0.6030733015755335
DG.PA,Vinci S.A.,"Mock analyst view: quality, dividends and balance-sheet resilience are reviewed against sector risk. Narrative is improving toward quality, growth and capital return. Current regime lens: steady_state_low_chaos.","Mock risks: valuation compression, policy/regulatory shocks, dividend sustainability and liquidity stress. Distributional ML forecast shows attractive upside but asymmetric downside risk.",Constructive,Constructive,No major mock concern,Dividend quality compounds with stable cash flow.,Moderate total return with risk controls intact.,Macro or governance shock reduces valuation and income confidence.,55.260432325080764,Hold,0.6026043232508077
SCHP.SW,Schindler Ps,"Mock analyst view: quality, dividends and balance-sheet resilience are reviewed against sector risk. Narrative is improving toward quality, growth and capital return. Current regime lens: steady_state_low_chaos.","Mock risks: valuation compression, policy/regulatory shocks, dividend sustainability and liquidity stress.",Needs review,Mixed,No major mock concern,Dividend quality compounds with stable cash flow.,Moderate total return with risk controls intact.,Macro or governance shock reduces valuation and income confidence.,55.214862856937394,Hold,0.602148628569374
DTEGY.US,Deutsche Telekom AG ADR,"Mock analyst view: quality, dividends and balance-sheet resilience are reviewed against sector risk. Narrative is improving toward quality, growth and capital return. Current regime lens: steady_state_low_chaos.","Mock risks: valuation compression, policy/regulatory shocks, dividend sustainability and liquidity stress. Distributional ML forecast shows attractive upside but asymmetric downside risk. ML dividend-cut probability is elevated.",Needs review,Constructive,No major mock concern,Dividend quality compounds with stable cash flow.,Moderate total return with risk controls intact.,Macro or governance shock reduces valuation and income confidence.,55.19269097575884,Avoid,0.6019269097575884
BP.US,BP PLC ADR,"Mock analyst view: quality, dividends and balance-sheet resilience are reviewed against sector risk. Narrative is improving toward quality, growth and capital return. Current regime lens: steady_state_low_chaos.","Mock risks: valuation compression, policy/regulatory shocks, dividend sustainability and liquidity stress. Distributional ML forecast shows attractive upside but asymmetric downside risk. ML dividend-cut probability is elevated.",Constructive,Mixed,No major mock concern,Dividend quality compounds with stable cash flow.,Moderate total return with risk controls intact.,Macro or governance shock reduces valuation and income confidence.,55.172417633166894,Avoid,0.601724176331669
2899.HK,Zijin Mining Group Co Ltd-H,"Mock analyst view: quality, dividends and balance-sheet resilience are reviewed against sector risk. Narrative is improving toward quality, growth and capital return. Current regime lens: steady_state_low_chaos.","Mock risks: valuation compression, policy/regulatory shocks, dividend sustainability and liquidity stress. Distributional ML forecast shows attractive upside but asymmetric downside risk. Forecast uncertainty is high; analyst placeholder treats this as Watchlist risk.",Constructive,Mixed,No major mock concern,Dividend quality compounds with stable cash flow.,Moderate total return with risk controls intact.,Macro or governance shock reduces valuation and income confidence.,55.16859541285257,Hold,0.6016859541285258
LOG.MC,Cia de Distribucion Integral,"Mock analyst view: quality, dividends and balance-sheet resilience are reviewed against sector risk. Narrative is improving toward quality, growth and capital return. Current regime lens: steady_state_low_chaos.","Mock risks: valuation compression, policy/regulatory shocks, dividend sustainability and liquidity stress. ML dividend-cut probability is elevated.",Needs review,Mixed,No major mock concern,Dividend quality compounds with stable cash flow.,Moderate total return with risk controls intact.,Macro or governance shock reduces valuation and income confidence.,55.15171480444404,Avoid,0.6015171480444405
SUN.SW,Sulzer AG,"Mock analyst view: quality, dividends and balance-sheet resilience are reviewed against sector risk. Narrative is improving toward quality, growth and capital return. Current regime lens: steady_state_low_chaos.","Mock risks: valuation compression, policy/regulatory shocks, dividend sustainability and liquidity stress.",Constructive,Mixed,No major mock concern,Dividend quality compounds with stable cash flow.,Moderate total return with risk controls intact.,Macro or governance shock reduces valuation and income confidence.,55.124871802605114,Avoid,0.6012487180260512
SDR.LSE,Schroders PLC,"Mock analyst view: quality, dividends and balance-sheet resilience are reviewed against sector risk. Narrative is improving toward quality, growth and capital return. Current regime lens: steady_state_low_chaos.","Mock risks: valuation compression, policy/regulatory shocks, dividend sustainability and liquidity stress. Narrative is reframing toward risk/deterioration. Distributional ML forecast shows attractive upside but asymmetric downside risk.",Needs review,Constructive,No major mock concern,Dividend quality compounds with stable cash flow.,Moderate total return with risk controls intact.,Macro or governance shock reduces valuation and income confidence.,55.10804312810702,Avoid,0.6010804312810702
CIE.MC,CIE Automotive S.A.,"Mock analyst view: quality, dividends and balance-sheet resilience are reviewed against sector risk. Current regime lens: steady_state_low_chaos.","Mock risks: valuation compression, policy/regulatory shocks, dividend sustainability and liquidity stress. Narrative is reframing toward risk/deterioration. Distributional ML forecast shows attractive upside but asymmetric downside risk.",Constructive,Constructive,No major mock concern,Dividend quality compounds with stable cash flow.,Moderate total return with risk controls intact.,Macro or governance shock reduces valuation and income confidence.,55.106353741729386,Avoid,0.6010635374172939
TIETO.HE,TietoEVRY Corp,"Mock analyst view: quality, dividends and balance-sheet resilience are reviewed against sector risk. Current regime lens: steady_state_low_chaos.","Mock risks: valuation compression, policy/regulatory shocks, dividend sustainability and liquidity stress. Narrative is reframing toward risk/deterioration. Distributional ML forecast shows attractive upside but asymmetric downside risk.",Needs review,Mixed,No major mock concern,Dividend quality compounds with stable cash flow.,Moderate total return with risk controls intact.,Macro or governance shock reduces valuation and income confidence.,55.07888236149348,Avoid,0.6007888236149348
600000.SHG,Shanghai Pudong Development Bank Co Ltd,"Mock analyst view: quality, dividends and balance-sheet resilience are reviewed against sector risk. Narrative is improving toward quality, growth and capital return. Current regime lens: steady_state_low_chaos.","Mock risks: valuation compression, policy/regulatory shocks, dividend sustainability and liquidity stress. Distributional ML forecast shows attractive upside but asymmetric downside risk.",Needs review,Constructive,No major mock concern,Dividend quality compounds with stable cash flow.,Moderate total return with risk controls intact.,Macro or governance shock reduces valuation and income confidence.,55.040285019369406,Hold,0.6004028501936941
BBY.LSE,Balfour Beatty plc,"Mock analyst view: quality, dividends and balance-sheet resilience are reviewed against sector risk. Narrative is improving toward quality, growth and capital return. Current regime lens: steady_state_low_chaos.","Mock risks: valuation compression, policy/regulatory shocks, dividend sustainability and liquidity stress. Distributional ML forecast shows attractive upside but asymmetric downside risk.",Constructive,Constructive,No major mock concern,Dividend quality compounds with stable cash flow.,Moderate total return with risk controls intact.,Macro or governance shock reduces valuation and income confidence.,55.01296142563116,Avoid,0.6001296142563116
ELG.XETRA,Elmos Semiconductor SE,"Mock analyst view: quality, dividends and balance-sheet resilience are reviewed against sector risk. Narrative is improving toward quality, growth and capital return. Current regime lens: steady_state_low_chaos.","Mock risks: valuation compression, policy/regulatory shocks, dividend sustainability and liquidity stress. Forecast uncertainty is high; analyst placeholder treats this as Watchlist risk.",Constructive,Mixed,No major mock concern,Dividend quality compounds with stable cash flow.,Moderate total return with risk controls intact.,Macro or governance shock reduces valuation and income confidence.,55.003666378738906,Avoid,0.6000366637873891
CME.US,CME Group Inc,"Mock analyst view: quality, dividends and balance-sheet resilience are reviewed against sector risk. Narrative is improving toward quality, growth and capital return. Current regime lens: steady_state_low_chaos.","Mock risks: valuation compression, policy/regulatory shocks, dividend sustainability and liquidity stress. Distributional ML forecast shows attractive upside but asymmetric downside risk. ML dividend-cut probability is elevated.",Needs review,Constructive,No major mock concern,Dividend quality compounds with stable cash flow.,Moderate total return with risk controls intact.,Macro or governance shock reduces valuation and income confidence.,54.97210533897979,Avoid,0.5997210533897979
NOVN.SW,Novartis AG,"Mock analyst view: quality, dividends and balance-sheet resilience are reviewed against sector risk. Narrative is improving toward quality, growth and capital return. Current regime lens: steady_state_low_chaos.","Mock risks: valuation compression, policy/regulatory shocks, dividend sustainability and liquidity stress. Distributional ML forecast shows attractive upside but asymmetric downside risk.",Needs review,Constructive,No major mock concern,Dividend quality compounds with stable cash flow.,Moderate total return with risk controls intact.,Macro or governance shock reduces valuation and income confidence.,54.96954726960225,Hold,0.5996954726960225
USB.US,U.S. Bancorp,"Mock analyst view: quality, dividends and balance-sheet resilience are reviewed against sector risk. Narrative is improving toward quality, growth and capital return. Current regime lens: steady_state_low_chaos.","Mock risks: valuation compression, policy/regulatory shocks, dividend sustainability and liquidity stress. Distributional ML forecast shows attractive upside but asymmetric downside risk.",Constructive,Constructive,No major mock concern,Dividend quality compounds with stable cash flow.,Moderate total return with risk controls intact.,Macro or governance shock reduces valuation and income confidence.,54.963564279598046,Hold,0.5996356427959805
BVI.PA,Bureau Veritas SA,"Mock analyst view: quality, dividends and balance-sheet resilience are reviewed against sector risk. Narrative is improving toward quality, growth and capital return. Current regime lens: steady_state_low_chaos.","Mock risks: valuation compression, policy/regulatory shocks, dividend sustainability and liquidity stress. Distributional ML forecast shows attractive upside but asymmetric downside risk.",Needs review,Constructive,No major mock concern,Dividend quality compounds with stable cash flow.,Moderate total return with risk controls intact.,Macro or governance shock reduces valuation and income confidence.,54.94969652879771,Hold,0.5994969652879771
PUIG.MC,Puig Brands SA,"Mock analyst view: quality, dividends and balance-sheet resilience are reviewed against sector risk. Narrative is improving toward quality, growth and capital return. Current regime lens: steady_state_low_chaos.","Mock risks: valuation compression, policy/regulatory shocks, dividend sustainability and liquidity stress. Narrative is reframing toward risk/deterioration. Distributional ML forecast shows attractive upside but asymmetric downside risk.",Needs review,Mixed,No major mock concern,Dividend quality compounds with stable cash flow.,Moderate total return with risk controls intact.,Macro or governance shock reduces valuation and income confidence.,54.92574886134237,Avoid,0.5992574886134238
601377.SHG,Industrial Securities Co Ltd,"Mock analyst view: quality, dividends and balance-sheet resilience are reviewed against sector risk. Narrative is improving toward quality, growth and capital return. Current regime lens: steady_state_low_chaos.","Mock risks: valuation compression, policy/regulatory shocks, dividend sustainability and liquidity stress. Distributional ML forecast shows attractive upside but asymmetric downside risk.",Needs review,Constructive,No major mock concern,Dividend quality compounds with stable cash flow.,Moderate total return with risk controls intact.,Macro or governance shock reduces valuation and income confidence.,54.89705754072643,Hold,0.5989705754072643
SHEL.LSE,Shell plc,"Mock analyst view: quality, dividends and balance-sheet resilience are reviewed against sector risk. Narrative is improving toward quality, growth and capital return. Current regime lens: steady_state_low_chaos.","Mock risks: valuation compression, policy/regulatory shocks, dividend sustainability and liquidity stress. Distributional ML forecast shows attractive upside but asymmetric downside risk.",Needs review,Constructive,No major mock concern,Dividend quality compounds with stable cash flow.,Moderate total return with risk controls intact.,Macro or governance shock reduces valuation and income confidence.,54.88563556972904,Hold,0.5988563556972905
ZTS.US,Zoetis Inc,"Mock analyst view: quality, dividends and balance-sheet resilience are reviewed against sector risk. Narrative is improving toward quality, growth and capital return. Current regime lens: steady_state_low_chaos.","Mock risks: valuation compression, policy/regulatory shocks, dividend sustainability and liquidity stress. Distributional ML forecast shows attractive upside but asymmetric downside risk.",Constructive,Constructive,No major mock concern,Dividend quality compounds with stable cash flow.,Moderate total return with risk controls intact.,Macro or governance shock reduces valuation and income confidence.,54.842515944546314,Hold,0.5984251594454632
WIE.VI,Wienerberger AG,"Mock analyst view: quality, dividends and balance-sheet resilience are reviewed against sector risk. Narrative is improving toward quality, growth and capital return. Current regime lens: steady_state_low_chaos.","Mock risks: valuation compression, policy/regulatory shocks, dividend sustainability and liquidity stress. Distributional ML forecast shows attractive upside but asymmetric downside risk.",Needs review,Constructive,No major mock concern,Dividend quality compounds with stable cash flow.,Moderate total return with risk controls intact.,Macro or governance shock reduces valuation and income confidence.,54.840626103146306,Avoid,0.5984062610314631
002311.SHE,Guangdong Haid Group Co Ltd,"Mock analyst view: quality, dividends and balance-sheet resilience are reviewed against sector risk. Narrative is improving toward quality, growth and capital return. Current regime lens: steady_state_low_chaos.","Mock risks: valuation compression, policy/regulatory shocks, dividend sustainability and liquidity stress. Distributional ML forecast shows attractive upside but asymmetric downside risk. ML dividend-cut probability is elevated.",Needs review,Mixed,No major mock concern,Dividend quality compounds with stable cash flow.,Moderate total return with risk controls intact.,Macro or governance shock reduces valuation and income confidence.,54.81699070079907,Hold,0.5981699070079907
000895.SHE,Henan Shuanghui Investment & Development Co Ltd,"Mock analyst view: quality, dividends and balance-sheet resilience are reviewed against sector risk. Narrative is improving toward quality, growth and capital return. Current regime lens: steady_state_low_chaos.","Mock risks: valuation compression, policy/regulatory shocks, dividend sustainability and liquidity stress. ML dividend-cut probability is elevated.",Needs review,Constructive,No major mock concern,Dividend quality compounds with stable cash flow.,Moderate total return with risk controls intact.,Macro or governance shock reduces valuation and income confidence.,54.76834289651088,Avoid,0.5976834289651088
A.US,Agilent Technologies Inc,"Mock analyst view: quality, dividends and balance-sheet resilience are reviewed against sector risk. Current regime lens: steady_state_low_chaos.","Mock risks: valuation compression, policy/regulatory shocks, dividend sustainability and liquidity stress. Narrative is reframing toward risk/deterioration. Credit/refinancing pressure is increasingly central to the equity story.",Needs review,Mixed,No major mock concern,Dividend quality compounds with stable cash flow.,Moderate total return with risk controls intact.,Macro or governance shock reduces valuation and income confidence.,54.75826561804369,Avoid,0.5975826561804369
DB1.XETRA,Deutsche Börse AG,"Mock analyst view: quality, dividends and balance-sheet resilience are reviewed against sector risk. Narrative is improving toward quality, growth and capital return. Current regime lens: steady_state_low_chaos.","Mock risks: valuation compression, policy/regulatory shocks, dividend sustainability and liquidity stress. Narrative is reframing toward risk/deterioration. Distributional ML forecast shows attractive upside but asymmetric downside risk.",Needs review,Constructive,No major mock concern,Dividend quality compounds with stable cash flow.,Moderate total return with risk controls intact.,Macro or governance shock reduces valuation and income confidence.,54.720855542848085,Hold,0.597208555428481
1919.HK,COSCO SHIPPING Holdings Co Ltd H,"Mock analyst view: quality, dividends and balance-sheet resilience are reviewed against sector risk. Current regime lens: steady_state_low_chaos.","Mock risks: valuation compression, policy/regulatory shocks, dividend sustainability and liquidity stress. Narrative is reframing toward risk/deterioration. Credit/refinancing pressure is increasingly central to the equity story. Distributional ML forecast shows attractive upside but asymmetric downside risk. ML dividend-cut probability is elevated.",Needs review,Mixed,No major mock concern,Dividend quality compounds with stable cash flow.,Moderate total return with risk controls intact.,Macro or governance shock reduces valuation and income confidence.,54.7092995192726,Avoid,0.5970929951927261
EL.PA,EssilorLuxottica S. A.,"Mock analyst view: quality, dividends and balance-sheet resilience are reviewed against sector risk. Narrative is improving toward quality, growth and capital return. Current regime lens: steady_state_low_chaos.","Mock risks: valuation compression, policy/regulatory shocks, dividend sustainability and liquidity stress. Distributional ML forecast shows attractive upside but asymmetric downside risk.",Needs review,Constructive,No major mock concern,Dividend quality compounds with stable cash flow.,Moderate total return with risk controls intact.,Macro or governance shock reduces valuation and income confidence.,54.63405747677452,Hold,0.5963405747677453
ANDR.VI,Andritz AG,"Mock analyst view: quality, dividends and balance-sheet resilience are reviewed against sector risk. Narrative is improving toward quality, growth and capital return. Current regime lens: steady_state_low_chaos.","Mock risks: valuation compression, policy/regulatory shocks, dividend sustainability and liquidity stress. Distributional ML forecast shows attractive upside but asymmetric downside risk.",Constructive,Mixed,No major mock concern,Dividend quality compounds with stable cash flow.,Moderate total return with risk controls intact.,Macro or governance shock reduces valuation and income confidence.,54.61934454204577,Avoid,0.5961934454204578
BHP.LSE,BHP Group Limited,"Mock analyst view: quality, dividends and balance-sheet resilience are reviewed against sector risk. Narrative is improving toward quality, growth and capital return. Current regime lens: steady_state_low_chaos.","Mock risks: valuation compression, policy/regulatory shocks, dividend sustainability and liquidity stress. Distributional ML forecast shows attractive upside but asymmetric downside risk.",Needs review,Mixed,No major mock concern,Dividend quality compounds with stable cash flow.,Moderate total return with risk controls intact.,Macro or governance shock reduces valuation and income confidence.,54.595697419910685,Hold,0.5959569741991069
ELISA.HE,Elisa Oyj,"Mock analyst view: quality, dividends and balance-sheet resilience are reviewed against sector risk. Narrative is improving toward quality, growth and capital return. Current regime lens: steady_state_low_chaos.","Mock risks: valuation compression, policy/regulatory shocks, dividend sustainability and liquidity stress. Distributional ML forecast shows attractive upside but asymmetric downside risk. ML dividend-cut probability is elevated.",Needs review,Constructive,No major mock concern,Dividend quality compounds with stable cash flow.,Moderate total return with risk controls intact.,Macro or governance shock reduces valuation and income confidence.,54.59202382280598,Avoid,0.5959202382280598
SAND.ST,Sandvik AB,"Mock analyst view: quality, dividends and balance-sheet resilience are reviewed against sector risk. Narrative is improving toward quality, growth and capital return. Current regime lens: steady_state_low_chaos.","Mock risks: valuation compression, policy/regulatory shocks, dividend sustainability and liquidity stress.",Needs review,Mixed,No major mock concern,Dividend quality compounds with stable cash flow.,Moderate total return with risk controls intact.,Macro or governance shock reduces valuation and income confidence.,54.537267490557284,Hold,0.5953726749055729
2057.HK,Zto Express Cayman Inc,"Mock analyst view: quality, dividends and balance-sheet resilience are reviewed against sector risk. Narrative is improving toward quality, growth and capital return. Current regime lens: steady_state_low_chaos.","Mock risks: valuation compression, policy/regulatory shocks, dividend sustainability and liquidity stress. Narrative is reframing toward risk/deterioration. Distributional ML forecast shows attractive upside but asymmetric downside risk.",Needs review,Mixed,No major mock concern,Dividend quality compounds with stable cash flow.,Moderate total return with risk controls intact.,Macro or governance shock reduces valuation and income confidence.,54.52375946872146,Hold,0.5952375946872146
RAA.XETRA,RATIONAL Aktiengesellschaft,"Mock analyst view: quality, dividends and balance-sheet resilience are reviewed against sector risk. Narrative is improving toward quality, growth and capital return. Current regime lens: steady_state_low_chaos.","Mock risks: valuation compression, policy/regulatory shocks, dividend sustainability and liquidity stress.",Needs review,Mixed,No major mock concern,Dividend quality compounds with stable cash flow.,Moderate total return with risk controls intact.,Macro or governance shock reduces valuation and income confidence.,54.5107824478238,Avoid,0.5951078244782381
002379.SHE,Shandong Hongchuang Aluminum Industry Holding Co Ltd,"Mock analyst view: quality, dividends and balance-sheet resilience are reviewed against sector risk. Current regime lens: steady_state_low_chaos.","Mock risks: valuation compression, policy/regulatory shocks, dividend sustainability and liquidity stress. Narrative is reframing toward risk/deterioration. Distributional ML forecast shows attractive upside but asymmetric downside risk. Forecast uncertainty is high; analyst placeholder treats this as Watchlist risk.",Constructive,Mixed,No major mock concern,Dividend quality compounds with stable cash flow.,Moderate total return with risk controls intact.,Macro or governance shock reduces valuation and income confidence.,54.447370961170456,Avoid,0.5944737096117046
0551.HK,Yue Yuen Ind,"Mock analyst view: quality, dividends and balance-sheet resilience are reviewed against sector risk. Narrative is improving toward quality, growth and capital return. Current regime lens: steady_state_low_chaos.","Mock risks: valuation compression, policy/regulatory shocks, dividend sustainability and liquidity stress. Distributional ML forecast shows attractive upside but asymmetric downside risk.",Needs review,Mixed,No major mock concern,Dividend quality compounds with stable cash flow.,Moderate total return with risk controls intact.,Macro or governance shock reduces valuation and income confidence.,54.43593868421365,Avoid,0.5943593868421366
002648.SHE,Zhejiang Satellite Petrochemical Co Ltd,"Mock analyst view: quality, dividends and balance-sheet resilience are reviewed against sector risk. Narrative is improving toward quality, growth and capital return. Current regime lens: steady_state_low_chaos.","Mock risks: valuation compression, policy/regulatory shocks, dividend sustainability and liquidity stress. Distributional ML forecast shows attractive upside but asymmetric downside risk. Forecast uncertainty is high; analyst placeholder treats this as Watchlist risk.",Needs review,Mixed,No major mock concern,Dividend quality compounds with stable cash flow.,Moderate total return with risk controls intact.,Macro or governance shock reduces valuation and income confidence.,54.43028864934079,Hold,0.5943028864934079
002155.SHE,Hunan Gold Corp Ltd,"Mock analyst view: quality, dividends and balance-sheet resilience are reviewed against sector risk. Current regime lens: steady_state_low_chaos.","Mock risks: valuation compression, policy/regulatory shocks, dividend sustainability and liquidity stress. Forecast uncertainty is high; analyst placeholder treats this as Watchlist risk.",Constructive,Mixed,No major mock concern,Dividend quality compounds with stable cash flow.,Moderate total return with risk controls intact.,Macro or governance shock reduces valuation and income confidence.,54.41768027523102,Avoid,0.5941768027523102
ELE.MC,Endesa SA,"Mock analyst view: quality, dividends and balance-sheet resilience are reviewed against sector risk. Narrative is improving toward quality, growth and capital return. Current regime lens: steady_state_low_chaos.","Mock risks: valuation compression, policy/regulatory shocks, dividend sustainability and liquidity stress.",Needs review,Mixed,No major mock concern,Dividend quality compounds with stable cash flow.,Moderate total return with risk controls intact.,Macro or governance shock reduces valuation and income confidence.,54.32291380567447,Hold,0.5932291380567447
0005.HK,HSBC Holdings PLC,"Mock analyst view: quality, dividends and balance-sheet resilience are reviewed against sector risk. Narrative is improving toward quality, growth and capital return. Current regime lens: steady_state_low_chaos.","Mock risks: valuation compression, policy/regulatory shocks, dividend sustainability and liquidity stress. Distributional ML forecast shows attractive upside but asymmetric downside risk.",Needs review,Constructive,No major mock concern,Dividend quality compounds with stable cash flow.,Moderate total return with risk controls intact.,Macro or governance shock reduces valuation and income confidence.,54.30965253689682,Hold,0.5930965253689683
EMG.LSE,Man Group PLC,"Mock analyst view: quality, dividends and balance-sheet resilience are reviewed against sector risk. Current regime lens: steady_state_low_chaos.","Mock risks: valuation compression, policy/regulatory shocks, dividend sustainability and liquidity stress. Narrative is reframing toward risk/deterioration. Credit/refinancing pressure is increasingly central to the equity story. Distributional ML forecast shows attractive upside but asymmetric downside risk.",Needs review,Mixed,No major mock concern,Dividend quality compounds with stable cash flow.,Moderate total return with risk controls intact.,Macro or governance shock reduces valuation and income confidence.,54.280089007631446,Avoid,0.5928008900763145
1359.HK,China Cinda Asset Mgmt Co Ltd,"Mock analyst view: quality, dividends and balance-sheet resilience are reviewed against sector risk. Narrative is improving toward quality, growth and capital return. Current regime lens: steady_state_low_chaos.","Mock risks: valuation compression, policy/regulatory shocks, dividend sustainability and liquidity stress. Narrative is reframing toward risk/deterioration. Distributional ML forecast shows attractive upside but asymmetric downside risk.",Needs review,Constructive,No major mock concern,Dividend quality compounds with stable cash flow.,Moderate total return with risk controls intact.,Macro or governance shock reduces valuation and income confidence.,54.2746309619715,Avoid,0.5927463096197151
3993.HK,CMOC Group Ltd,"Mock analyst view: quality, dividends and balance-sheet resilience are reviewed against sector risk. Narrative is improving toward quality, growth and capital return. Current regime lens: steady_state_low_chaos.","Mock risks: valuation compression, policy/regulatory shocks, dividend sustainability and liquidity stress. Distributional ML forecast shows attractive upside but asymmetric downside risk. Forecast uncertainty is high; analyst placeholder treats this as Watchlist risk.",Constructive,Mixed,No major mock concern,Dividend quality compounds with stable cash flow.,Moderate total return with risk controls intact.,Macro or governance shock reduces valuation and income confidence.,54.26749100313032,Hold,0.5926749100313032
DHL.XETRA,Deutsche Post AG,"Mock analyst view: quality, dividends and balance-sheet resilience are reviewed against sector risk. Narrative is improving toward quality, growth and capital return. Current regime lens: steady_state_low_chaos.","Mock risks: valuation compression, policy/regulatory shocks, dividend sustainability and liquidity stress. Distributional ML forecast shows attractive upside but asymmetric downside risk.",Needs review,Constructive,No major mock concern,Dividend quality compounds with stable cash flow.,Moderate total return with risk controls intact.,Macro or governance shock reduces valuation and income confidence.,54.26342490603929,Hold,0.592634249060393
CVX.US,Chevron Corp,"Mock analyst view: quality, dividends and balance-sheet resilience are reviewed against sector risk. Narrative is improving toward quality, growth and capital return. Current regime lens: steady_state_low_chaos.","Mock risks: valuation compression, policy/regulatory shocks, dividend sustainability and liquidity stress. Distributional ML forecast shows attractive upside but asymmetric downside risk.",Needs review,Mixed,No major mock concern,Dividend quality compounds with stable cash flow.,Moderate total return with risk controls intact.,Macro or governance shock reduces valuation and income confidence.,54.24577755148961,Hold,0.5924577755148961
600660.SHG,Fuyao Glass Industry Group Co Ltd Class A,"Mock analyst view: quality, dividends and balance-sheet resilience are reviewed against sector risk. Narrative is improving toward quality, growth and capital return. Current regime lens: steady_state_low_chaos.","Mock risks: valuation compression, policy/regulatory shocks, dividend sustainability and liquidity stress. Distributional ML forecast shows attractive upside but asymmetric downside risk. ML dividend-cut probability is elevated.",Needs review,Mixed,No major mock concern,Dividend quality compounds with stable cash flow.,Moderate total return with risk controls intact.,Macro or governance shock reduces valuation and income confidence.,54.22520954304504,Hold,0.5922520954304504
ROK.US,Rockwell Automation Inc,"Mock analyst view: quality, dividends and balance-sheet resilience are reviewed against sector risk. Narrative is improving toward quality, growth and capital return. Current regime lens: steady_state_low_chaos.","Mock risks: valuation compression, policy/regulatory shocks, dividend sustainability and liquidity stress.",Needs review,Mixed,No major mock concern,Dividend quality compounds with stable cash flow.,Moderate total return with risk controls intact.,Macro or governance shock reduces valuation and income confidence.,54.222794790042684,Avoid,0.5922279479004269
AZN.LSE,AstraZeneca PLC,"Mock analyst view: quality, dividends and balance-sheet resilience are reviewed against sector risk. Narrative is improving toward quality, growth and capital return. Current regime lens: steady_state_low_chaos.","Mock risks: valuation compression, policy/regulatory shocks, dividend sustainability and liquidity stress. Distributional ML forecast shows attractive upside but asymmetric downside risk.",Needs review,Mixed,No major mock concern,Dividend quality compounds with stable cash flow.,Moderate total return with risk controls intact.,Macro or governance shock reduces valuation and income confidence.,54.21101876440841,Hold,0.5921101876440841
IAG.LSE,International Consolidated Airlines Group S.A,"Mock analyst view: quality, dividends and balance-sheet resilience are reviewed against sector risk. Current regime lens: steady_state_low_chaos.","Mock risks: valuation compression, policy/regulatory shocks, dividend sustainability and liquidity stress. Narrative is reframing toward risk/deterioration. Credit/refinancing pressure is increasingly central to the equity story. Distributional ML forecast shows attractive upside but asymmetric downside risk.",Needs review,Constructive,No major mock concern,Dividend quality compounds with stable cash flow.,Moderate total return with risk controls intact.,Macro or governance shock reduces valuation and income confidence.,54.19831796854356,Avoid,0.5919831796854357
ENO.MC,Elecnor S.A,"Mock analyst view: quality, dividends and balance-sheet resilience are reviewed against sector risk. Narrative is improving toward quality, growth and capital return. Current regime lens: steady_state_low_chaos.","Mock risks: valuation compression, policy/regulatory shocks, dividend sustainability and liquidity stress. Distributional ML forecast shows attractive upside but asymmetric downside risk.",Needs review,Constructive,No major mock concern,Dividend quality compounds with stable cash flow.,Moderate total return with risk controls intact.,Macro or governance shock reduces valuation and income confidence.,54.19746180979461,Avoid,0.5919746180979462
ALSYDB.CO,AL Sydbank A/S,"Mock analyst view: quality, dividends and balance-sheet resilience are reviewed against sector risk. Narrative is improving toward quality, growth and capital return. Current regime lens: steady_state_low_chaos.","Mock risks: valuation compression, policy/regulatory shocks, dividend sustainability and liquidity stress. Distributional ML forecast shows attractive upside but asymmetric downside risk. ML dividend-cut probability is elevated.",Constructive,Constructive,No major mock concern,Dividend quality compounds with stable cash flow.,Moderate total return with risk controls intact.,Macro or governance shock reduces valuation and income confidence.,54.17486756620405,Avoid,0.5917486756620406
ROP.SW,Roche Holding AG,"Mock analyst view: quality, dividends and balance-sheet resilience are reviewed against sector risk. Narrative is improving toward quality, growth and capital return. Current regime lens: steady_state_low_chaos.","Mock risks: valuation compression, policy/regulatory shocks, dividend sustainability and liquidity stress. Distributional ML forecast shows attractive upside but asymmetric downside risk.",Needs review,Constructive,No major mock concern,Dividend quality compounds with stable cash flow.,Moderate total return with risk controls intact.,Macro or governance shock reduces valuation and income confidence.,54.16989986155413,Hold,0.5916989986155413
TRI.US,Thomson Reuters Corporation Common Shares,"Mock analyst view: quality, dividends and balance-sheet resilience are reviewed against sector risk. Narrative is improving toward quality, growth and capital return. Current regime lens: steady_state_low_chaos.","Mock risks: valuation compression, policy/regulatory shocks, dividend sustainability and liquidity stress. Forecast uncertainty is high; analyst placeholder treats this as Watchlist risk.",Needs review,Constructive,No major mock concern,Dividend quality compounds with stable cash flow.,Moderate total return with risk controls intact.,Macro or governance shock reduces valuation and income confidence.,54.16536110927275,Hold,0.5916536110927275
RUI.PA,Rubis SCA,"Mock analyst view: quality, dividends and balance-sheet resilience are reviewed against sector risk. Narrative is improving toward quality, growth and capital return. Current regime lens: steady_state_low_chaos.","Mock risks: valuation compression, policy/regulatory shocks, dividend sustainability and liquidity stress. Distributional ML forecast shows attractive upside but asymmetric downside risk.",Needs review,Constructive,No major mock concern,Dividend quality compounds with stable cash flow.,Moderate total return with risk controls intact.,Macro or governance shock reduces valuation and income confidence.,54.09894455416277,Avoid,0.5909894455416278
DCC.LSE,DCC plc,"Mock analyst view: quality, dividends and balance-sheet resilience are reviewed against sector risk. Narrative is improving toward quality, growth and capital return. Current regime lens: steady_state_low_chaos.","Mock risks: valuation compression, policy/regulatory shocks, dividend sustainability and liquidity stress. Distributional ML forecast shows attractive upside but asymmetric downside risk.",Needs review,Mixed,No major mock concern,Dividend quality compounds with stable cash flow.,Moderate total return with risk controls intact.,Macro or governance shock reduces valuation and income confidence.,54.09317741167767,Hold,0.5909317741167768
GAW.LSE,Games Workshop Group PLC,"Mock analyst view: quality, dividends and balance-sheet resilience are reviewed against sector risk. Narrative is improving toward quality, growth and capital return. Current regime lens: steady_state_low_chaos.","Mock risks: valuation compression, policy/regulatory shocks, dividend sustainability and liquidity stress. Narrative is reframing toward risk/deterioration. ML dividend-cut probability is elevated.",Needs review,Constructive,No major mock concern,Dividend quality compounds with stable cash flow.,Moderate total return with risk controls intact.,Macro or governance shock reduces valuation and income confidence.,54.08096397371453,Avoid,0.5908096397371454
0179.HK,Johnson Electric Holdings Ltd,"Mock analyst view: quality, dividends and balance-sheet resilience are reviewed against sector risk. Current regime lens: steady_state_low_chaos.","Mock risks: valuation compression, policy/regulatory shocks, dividend sustainability and liquidity stress. Narrative is reframing toward risk/deterioration. Distributional ML forecast shows attractive upside but asymmetric downside risk. Forecast uncertainty is high; analyst placeholder treats this as Watchlist risk.",Needs review,Mixed,No major mock concern,Dividend quality compounds with stable cash flow.,Moderate total return with risk controls intact.,Macro or governance shock reduces valuation and income confidence.,54.077017903783535,Avoid,0.5907701790378354
ESSITY-B.ST,Essity AB (publ),"Mock analyst view: quality, dividends and balance-sheet resilience are reviewed against sector risk. Narrative is improving toward quality, growth and capital return. Current regime lens: steady_state_low_chaos.","Mock risks: valuation compression, policy/regulatory shocks, dividend sustainability and liquidity stress.",Needs review,Mixed,No major mock concern,Dividend quality compounds with stable cash flow.,Moderate total return with risk controls intact.,Macro or governance shock reduces valuation and income confidence.,54.00805837031385,Hold,0.5900805837031385
2096.HK,Simcere Pharmaceutical Group Ltd,"Mock analyst view: quality, dividends and balance-sheet resilience are reviewed against sector risk. Narrative is improving toward quality, growth and capital return. Current regime lens: steady_state_low_chaos.","Mock risks: valuation compression, policy/regulatory shocks, dividend sustainability and liquidity stress. Forecast uncertainty is high; analyst placeholder treats this as Watchlist risk.",Needs review,Mixed,No major mock concern,Dividend quality compounds with stable cash flow.,Moderate total return with risk controls intact.,Macro or governance shock reduces valuation and income confidence.,54.00246624923424,Avoid,0.5900246624923424
GILD.US,Gilead Sciences Inc,"Mock analyst view: quality, dividends and balance-sheet resilience are reviewed against sector risk. Narrative is improving toward quality, growth and capital return. Current regime lens: steady_state_low_chaos.","Mock risks: valuation compression, policy/regulatory shocks, dividend sustainability and liquidity stress. Narrative is reframing toward risk/deterioration. Distributional ML forecast shows attractive upside but asymmetric downside risk.",Needs review,Constructive,No major mock concern,Dividend quality compounds with stable cash flow.,Moderate total return with risk controls intact.,Macro or governance shock reduces valuation and income confidence.,53.99991787635725,Hold,0.5899991787635726
603288.SHG,Foshan Haitian Flavouring and Food Co Ltd,"Mock analyst view: quality, dividends and balance-sheet resilience are reviewed against sector risk. Narrative is improving toward quality, growth and capital return. Current regime lens: steady_state_low_chaos.","Mock risks: valuation compression, policy/regulatory shocks, dividend sustainability and liquidity stress. Distributional ML forecast shows attractive upside but asymmetric downside risk. ML dividend-cut probability is elevated.",Needs review,Mixed,No major mock concern,Dividend quality compounds with stable cash flow.,Moderate total return with risk controls intact.,Macro or governance shock reduces valuation and income confidence.,53.9946509690651,Avoid,0.589946509690651
OSB.LSE,OneSavings Bank PLC,"Mock analyst view: quality, dividends and balance-sheet resilience are reviewed against sector risk. Narrative is improving toward quality, growth and capital return. Current regime lens: steady_state_low_chaos.","Mock risks: valuation compression, policy/regulatory shocks, dividend sustainability and liquidity stress. Distributional ML forecast shows attractive upside but asymmetric downside risk.",Needs review,Constructive,No major mock concern,Dividend quality compounds with stable cash flow.,Moderate total return with risk controls intact.,Macro or governance shock reduces valuation and income confidence.,53.994534742860765,Avoid,0.5899453474286077
ALSN.SW,Also Holding AG,"Mock analyst view: quality, dividends and balance-sheet resilience are reviewed against sector risk. Narrative is improving toward quality, growth and capital return. Current regime lens: steady_state_low_chaos.","Mock risks: valuation compression, policy/regulatory shocks, dividend sustainability and liquidity stress. Distributional ML forecast shows attractive upside but asymmetric downside risk. Forecast uncertainty is high; analyst placeholder treats this as Watchlist risk.",Needs review,Mixed,No major mock concern,Dividend quality compounds with stable cash flow.,Moderate total return with risk controls intact.,Macro or governance shock reduces valuation and income confidence.,53.993848572692514,Avoid,0.5899384857269252
601857.SHG,PetroChina Co Ltd Class A,"Mock analyst view: quality, dividends and balance-sheet resilience are reviewed against sector risk. Current regime lens: steady_state_low_chaos.","Mock risks: valuation compression, policy/regulatory shocks, dividend sustainability and liquidity stress. Narrative is reframing toward risk/deterioration. Credit/refinancing pressure is increasingly central to the equity story. Distributional ML forecast shows attractive upside but asymmetric downside risk.",Needs review,Mixed,No major mock concern,Dividend quality compounds with stable cash flow.,Moderate total return with risk controls intact.,Macro or governance shock reduces valuation and income confidence.,53.98446195169955,Avoid,0.5898446195169955
B.US,Barrick Mining Corporation,"Mock analyst view: quality, dividends and balance-sheet resilience are reviewed against sector risk. Narrative is improving toward quality, growth and capital return. Current regime lens: steady_state_low_chaos.","Mock risks: valuation compression, policy/regulatory shocks, dividend sustainability and liquidity stress. Distributional ML forecast shows attractive upside but asymmetric downside risk. Forecast uncertainty is high; analyst placeholder treats this as Watchlist risk.",Needs review,Mixed,No major mock concern,Dividend quality compounds with stable cash flow.,Moderate total return with risk controls intact.,Macro or governance shock reduces valuation and income confidence.,53.95029211207917,Hold,0.5895029211207917
EMMN.SW,Emmi AG,"Mock analyst view: quality, dividends and balance-sheet resilience are reviewed against sector risk. Narrative is improving toward quality, growth and capital return. Current regime lens: steady_state_low_chaos.","Mock risks: valuation compression, policy/regulatory shocks, dividend sustainability and liquidity stress.",Needs review,Mixed,No major mock concern,Dividend quality compounds with stable cash flow.,Moderate total return with risk controls intact.,Macro or governance shock reduces valuation and income confidence.,53.93768278015785,Avoid,0.5893768278015785
G1A.XETRA,GEA GROUP,"Mock analyst view: quality, dividends and balance-sheet resilience are reviewed against sector risk. Narrative is improving toward quality, growth and capital return. Current regime lens: steady_state_low_chaos.","Mock risks: valuation compression, policy/regulatory shocks, dividend sustainability and liquidity stress.",Needs review,Mixed,No major mock concern,Dividend quality compounds with stable cash flow.,Moderate total return with risk controls intact.,Macro or governance shock reduces valuation and income confidence.,53.91687608576188,Hold,0.5891687608576188
SCMN.SW,Swisscom AG,"Mock analyst view: quality, dividends and balance-sheet resilience are reviewed against sector risk. Current regime lens: steady_state_low_chaos.","Mock risks: valuation compression, policy/regulatory shocks, dividend sustainability and liquidity stress. Narrative is reframing toward risk/deterioration. Credit/refinancing pressure is increasingly central to the equity story. ML dividend-cut probability is elevated.",Needs review,Constructive,No major mock concern,Dividend quality compounds with stable cash flow.,Moderate total return with risk controls intact.,Macro or governance shock reduces valuation and income confidence.,53.91336972891491,Avoid,0.5891336972891491
MKS.LSE,Marks and Spencer Group PLC,"Mock analyst view: quality, dividends and balance-sheet resilience are reviewed against sector risk. Narrative is improving toward quality, growth and capital return. Current regime lens: steady_state_low_chaos.","Mock risks: valuation compression, policy/regulatory shocks, dividend sustainability and liquidity stress. Distributional ML forecast shows attractive upside but asymmetric downside risk.",Constructive,Mixed,No major mock concern,Dividend quality compounds with stable cash flow.,Moderate total return with risk controls intact.,Macro or governance shock reduces valuation and income confidence.,53.91022139423465,Avoid,0.5891022139423465
ADI.US,Analog Devices Inc,"Mock analyst view: quality, dividends and balance-sheet resilience are reviewed against sector risk. Narrative is improving toward quality, growth and capital return. Current regime lens: steady_state_low_chaos.","Mock risks: valuation compression, policy/regulatory shocks, dividend sustainability and liquidity stress.",Needs review,Constructive,No major mock concern,Dividend quality compounds with stable cash flow.,Moderate total return with risk controls intact.,Macro or governance shock reduces valuation and income confidence.,53.885937603156684,Avoid,0.5888593760315669
SMG.SW,SMG Swiss Marketplace Group AG,"Mock analyst view: quality, dividends and balance-sheet resilience are reviewed against sector risk. Narrative is improving toward quality, growth and capital return. Current regime lens: steady_state_low_chaos.","Mock risks: valuation compression, policy/regulatory shocks, dividend sustainability and liquidity stress. Narrative is reframing toward risk/deterioration. Regime suitability requires review. Forecast uncertainty is high; analyst placeholder treats this as Watchlist risk.",Needs review,Constructive,No major mock concern,Dividend quality compounds with stable cash flow.,Moderate total return with risk controls intact.,Macro or governance shock reduces valuation and income confidence.,53.87383596436417,Avoid,0.5887383596436417
600489.SHG,Zhongjin Gold Corp Ltd,"Mock analyst view: quality, dividends and balance-sheet resilience are reviewed against sector risk. Current regime lens: steady_state_low_chaos.","Mock risks: valuation compression, policy/regulatory shocks, dividend sustainability and liquidity stress. Narrative is reframing toward risk/deterioration. Credit/refinancing pressure is increasingly central to the equity story. Distributional ML forecast shows attractive upside but asymmetric downside risk. Forecast uncertainty is high; analyst placeholder treats this as Watchlist risk.",Needs review,Mixed,No major mock concern,Dividend quality compounds with stable cash flow.,Moderate total return with risk controls intact.,Macro or governance shock reduces valuation and income confidence.,53.87026729536347,Avoid,0.5887026729536348
AXFO.ST,Axfood AB,"Mock analyst view: quality, dividends and balance-sheet resilience are reviewed against sector risk. Current regime lens: steady_state_low_chaos.","Mock risks: valuation compression, policy/regulatory shocks, dividend sustainability and liquidity stress. Narrative is reframing toward risk/deterioration. Distributional ML forecast shows attractive upside but asymmetric downside risk. ML dividend-cut probability is elevated.",Needs review,Constructive,No major mock concern,Dividend quality compounds with stable cash flow.,Moderate total return with risk controls intact.,Macro or governance shock reduces valuation and income confidence.,53.85307020484484,Avoid,0.5885307020484485
LSEG.LSE,London Stock Exchange Group PLC,"Mock analyst view: quality, dividends and balance-sheet resilience are reviewed against sector risk. Narrative is improving toward quality, growth and capital return. Current regime lens: steady_state_low_chaos.","Mock risks: valuation compression, policy/regulatory shocks, dividend sustainability and liquidity stress.",Needs review,Mixed,No major mock concern,Dividend quality compounds with stable cash flow.,Moderate total return with risk controls intact.,Macro or governance shock reduces valuation and income confidence.,53.84355985232689,Hold,0.588435598523269
PNDORA.CO,Pandora A/S,"Mock analyst view: quality, dividends and balance-sheet resilience are reviewed against sector risk. Narrative is improving toward quality, growth and capital return. Current regime lens: steady_state_low_chaos.","Mock risks: valuation compression, policy/regulatory shocks, dividend sustainability and liquidity stress. Distributional ML forecast shows attractive upside but asymmetric downside risk. Forecast uncertainty is high; analyst placeholder treats this as Watchlist risk.",Needs review,Constructive,No major mock concern,Dividend quality compounds with stable cash flow.,Moderate total return with risk controls intact.,Macro or governance shock reduces valuation and income confidence.,53.83813250265614,Hold,0.5883813250265614
UQA.VI,UNIQA Insurance Group AG,"Mock analyst view: quality, dividends and balance-sheet resilience are reviewed against sector risk. Current regime lens: steady_state_low_chaos.","Mock risks: valuation compression, policy/regulatory shocks, dividend sustainability and liquidity stress. Narrative is reframing toward risk/deterioration. Distributional ML forecast shows attractive upside but asymmetric downside risk.",Constructive,Constructive,No major mock concern,Dividend quality compounds with stable cash flow.,Moderate total return with risk controls intact.,Macro or governance shock reduces valuation and income confidence.,53.833493465424375,Avoid,0.5883349346542438
PCAR.US,PACCAR Inc,"Mock analyst view: quality, dividends and balance-sheet resilience are reviewed against sector risk. Narrative is improving toward quality, growth and capital return. Current regime lens: steady_state_low_chaos.","Mock risks: valuation compression, policy/regulatory shocks, dividend sustainability and liquidity stress.",Needs review,Mixed,No major mock concern,Dividend quality compounds with stable cash flow.,Moderate total return with risk controls intact.,Macro or governance shock reduces valuation and income confidence.,53.81635542229198,Avoid,0.5881635542229198
HOC.LSE,Hochschild Mining plc,"Mock analyst view: quality, dividends and balance-sheet resilience are reviewed against sector risk. Current regime lens: steady_state_low_chaos.","Mock risks: valuation compression, policy/regulatory shocks, dividend sustainability and liquidity stress. Narrative is reframing toward risk/deterioration. Distributional ML forecast shows attractive upside but asymmetric downside risk. Forecast uncertainty is high; analyst placeholder treats this as Watchlist risk.",Needs review,Mixed,No major mock concern,Dividend quality compounds with stable cash flow.,Moderate total return with risk controls intact.,Macro or governance shock reduces valuation and income confidence.,53.80790321564551,Avoid,0.5880790321564552
CCH.LSE,Coca Cola HBC AG,"Mock analyst view: quality, dividends and balance-sheet resilience are reviewed against sector risk. Narrative is improving toward quality, growth and capital return. Current regime lens: steady_state_low_chaos.","Mock risks: valuation compression, policy/regulatory shocks, dividend sustainability and liquidity stress. Distributional ML forecast shows attractive upside but asymmetric downside risk.",Needs review,Mixed,No major mock concern,Dividend quality compounds with stable cash flow.,Moderate total return with risk controls intact.,Macro or governance shock reduces valuation and income confidence.,53.801946285222705,Avoid,0.5880194628522271
601898.SHG,China Coal Energy Co Ltd,"Mock analyst view: quality, dividends and balance-sheet resilience are reviewed against sector risk. Narrative is improving toward quality, growth and capital return. Current regime lens: steady_state_low_chaos.","Mock risks: valuation compression, policy/regulatory shocks, dividend sustainability and liquidity stress. Distributional ML forecast shows attractive upside but asymmetric downside risk. Forecast uncertainty is high; analyst placeholder treats this as Watchlist risk.",Needs review,Mixed,No major mock concern,Dividend quality compounds with stable cash flow.,Moderate total return with risk controls intact.,Macro or governance shock reduces valuation and income confidence.,53.78693851467639,Hold,0.587869385146764
GDWN.LSE,Goodwin PLC,"Mock analyst view: quality, dividends and balance-sheet resilience are reviewed against sector risk. Current regime lens: steady_state_low_chaos.","Mock risks: valuation compression, policy/regulatory shocks, dividend sustainability and liquidity stress. Narrative is reframing toward risk/deterioration. Regime suitability requires review. Forecast uncertainty is high; analyst placeholder treats this as Watchlist risk.",Needs review,Mixed,No major mock concern,Dividend quality compounds with stable cash flow.,Moderate total return with risk controls intact.,Macro or governance shock reduces valuation and income confidence.,53.778047552627676,Avoid,0.5877804755262768
ARCAD.AS,Arcadis N.V.,"Mock analyst view: quality, dividends and balance-sheet resilience are reviewed against sector risk. Narrative is improving toward quality, growth and capital return. Current regime lens: steady_state_low_chaos.","Mock risks: valuation compression, policy/regulatory shocks, dividend sustainability and liquidity stress. Distributional ML forecast shows attractive upside but asymmetric downside risk. Forecast uncertainty is high; analyst placeholder treats this as Watchlist risk.",Needs review,Constructive,No major mock concern,Dividend quality compounds with stable cash flow.,Moderate total return with risk controls intact.,Macro or governance shock reduces valuation and income confidence.,53.755169918590994,Avoid,0.58755169918591
BN.PA,Danone SA,"Mock analyst view: quality, dividends and balance-sheet resilience are reviewed against sector risk. Narrative is improving toward quality, growth and capital return. Current regime lens: steady_state_low_chaos.","Mock risks: valuation compression, policy/regulatory shocks, dividend sustainability and liquidity stress. Distributional ML forecast shows attractive upside but asymmetric downside risk.",Needs review,Constructive,No major mock concern,Dividend quality compounds with stable cash flow.,Moderate total return with risk controls intact.,Macro or governance shock reduces valuation and income confidence.,53.74004579264819,Hold,0.587400457926482
ACLN.SW,Accelleron Industries AG,"Mock analyst view: quality, dividends and balance-sheet resilience are reviewed against sector risk. Narrative is improving toward quality, growth and capital return. Current regime lens: steady_state_low_chaos.","Mock risks: valuation compression, policy/regulatory shocks, dividend sustainability and liquidity stress. Narrative is reframing toward risk/deterioration.",Needs review,Mixed,No major mock concern,Dividend quality compounds with stable cash flow.,Moderate total return with risk controls intact.,Macro or governance shock reduces valuation and income confidence.,53.73588380331981,Avoid,0.5873588380331981
ALIV-SDB.ST,Autoliv Inc,"Mock analyst view: quality, dividends and balance-sheet resilience are reviewed against sector risk. Narrative is improving toward quality, growth and capital return. Current regime lens: steady_state_low_chaos.","Mock risks: valuation compression, policy/regulatory shocks, dividend sustainability and liquidity stress.",Constructive,Mixed,No major mock concern,Dividend quality compounds with stable cash flow.,Moderate total return with risk controls intact.,Macro or governance shock reduces valuation and income confidence.,53.7345023115764,Avoid,0.5873450231157641
CB.US,Chubb Ltd,"Mock analyst view: quality, dividends and balance-sheet resilience are reviewed against sector risk. Narrative is improving toward quality, growth and capital return. Current regime lens: steady_state_low_chaos.","Mock risks: valuation compression, policy/regulatory shocks, dividend sustainability and liquidity stress.",Needs review,Constructive,No major mock concern,Dividend quality compounds with stable cash flow.,Moderate total return with risk controls intact.,Macro or governance shock reduces valuation and income confidence.,53.70484324438557,Avoid,0.5870484324438557
ABB.ST,ABB Ltd,"Mock analyst view: quality, dividends and balance-sheet resilience are reviewed against sector risk. Narrative is improving toward quality, growth and capital return. Current regime lens: steady_state_low_chaos.","Mock risks: valuation compression, policy/regulatory shocks, dividend sustainability and liquidity stress.",Needs review,Mixed,No major mock concern,Dividend quality compounds with stable cash flow.,Moderate total return with risk controls intact.,Macro or governance shock reduces valuation and income confidence.,53.676854499976194,Avoid,0.5867685449997619
EVK.XETRA,Evonik Industries AG,"Mock analyst view: quality, dividends and balance-sheet resilience are reviewed against sector risk. Narrative is improving toward quality, growth and capital return. Current regime lens: steady_state_low_chaos.","Mock risks: valuation compression, policy/regulatory shocks, dividend sustainability and liquidity stress. Distributional ML forecast shows attractive upside but asymmetric downside risk. ML dividend-cut probability is elevated.",Needs review,Constructive,No major mock concern,Dividend quality compounds with stable cash flow.,Moderate total return with risk controls intact.,Macro or governance shock reduces valuation and income confidence.,53.675323230021945,Avoid,0.5867532323002195
MRSH.US,"Marsh & McLennan Companies, Inc.","Mock analyst view: quality, dividends and balance-sheet resilience are reviewed against sector risk. Narrative is improving toward quality, growth and capital return. Current regime lens: steady_state_low_chaos.","Mock risks: valuation compression, policy/regulatory shocks, dividend sustainability and liquidity stress. Distributional ML forecast shows attractive upside but asymmetric downside risk.",Constructive,Constructive,No major mock concern,Dividend quality compounds with stable cash flow.,Moderate total return with risk controls intact.,Macro or governance shock reduces valuation and income confidence.,53.64654194400532,Hold,0.5864654194400533
000538.SHE,Yunnan Baiyao Group Co Ltd,"Mock analyst view: quality, dividends and balance-sheet resilience are reviewed against sector risk. Narrative is improving toward quality, growth and capital return. Current regime lens: steady_state_low_chaos.","Mock risks: valuation compression, policy/regulatory shocks, dividend sustainability and liquidity stress.",Needs review,Mixed,No major mock concern,Dividend quality compounds with stable cash flow.,Moderate total return with risk controls intact.,Macro or governance shock reduces valuation and income confidence.,53.619691487810684,Hold,0.5861969148781069
PAH3.XETRA,Porsche Automobil Holding SE,"Mock analyst view: quality, dividends and balance-sheet resilience are reviewed against sector risk. Narrative is improving toward quality, growth and capital return. Current regime lens: steady_state_low_chaos.","Mock risks: valuation compression, policy/regulatory shocks, dividend sustainability and liquidity stress. Distributional ML forecast shows attractive upside but asymmetric downside risk.",Needs review,Constructive,No major mock concern,Dividend quality compounds with stable cash flow.,Moderate total return with risk controls intact.,Macro or governance shock reduces valuation and income confidence.,53.59453791139274,Avoid,0.5859453791139274
HBR.LSE,Harbour Energy PLC,"Mock analyst view: quality, dividends and balance-sheet resilience are reviewed against sector risk. Narrative is improving toward quality, growth and capital return. Current regime lens: steady_state_low_chaos.","Mock risks: valuation compression, policy/regulatory shocks, dividend sustainability and liquidity stress. Distributional ML forecast shows attractive upside but asymmetric downside risk. ML dividend-cut probability is elevated. Forecast uncertainty is high; analyst placeholder treats this as Watchlist risk. Forecast distribution has downside skew risk.",Needs review,Mixed,No major mock concern,Dividend quality compounds with stable cash flow.,Moderate total return with risk controls intact.,Macro or governance shock reduces valuation and income confidence.,53.5927019035989,Avoid,0.5859270190359891
DTE.XETRA,Deutsche Telekom AG,"Mock analyst view: quality, dividends and balance-sheet resilience are reviewed against sector risk. Narrative is improving toward quality, growth and capital return. Current regime lens: steady_state_low_chaos.","Mock risks: valuation compression, policy/regulatory shocks, dividend sustainability and liquidity stress. Distributional ML forecast shows attractive upside but asymmetric downside risk. ML dividend-cut probability is elevated.",Needs review,Constructive,No major mock concern,Dividend quality compounds with stable cash flow.,Moderate total return with risk controls intact.,Macro or governance shock reduces valuation and income confidence.,53.587965608520186,Avoid,0.5858796560852019
2245.HK,Lygend Resources & Tech Co,"Mock analyst view: quality, dividends and balance-sheet resilience are reviewed against sector risk. Narrative is improving toward quality, growth and capital return. Current regime lens: steady_state_low_chaos.","Mock risks: valuation compression, policy/regulatory shocks, dividend sustainability and liquidity stress. Distributional ML forecast shows attractive upside but asymmetric downside risk. Forecast uncertainty is high; analyst placeholder treats this as Watchlist risk.",Constructive,Mixed,No major mock concern,Dividend quality compounds with stable cash flow.,Moderate total return with risk controls intact.,Macro or governance shock reduces valuation and income confidence.,53.57529437813928,Avoid,0.5857529437813929
601319.SHG,People's Insurance of China Ltd,"Mock analyst view: quality, dividends and balance-sheet resilience are reviewed against sector risk. Narrative is improving toward quality, growth and capital return. Current regime lens: steady_state_low_chaos.","Mock risks: valuation compression, policy/regulatory shocks, dividend sustainability and liquidity stress. Distributional ML forecast shows attractive upside but asymmetric downside risk.",Constructive,Constructive,No major mock concern,Dividend quality compounds with stable cash flow.,Moderate total return with risk controls intact.,Macro or governance shock reduces valuation and income confidence.,53.55098251485014,Hold,0.5855098251485015
AIR.XETRA,Airbus SE,"Mock analyst view: quality, dividends and balance-sheet resilience are reviewed against sector risk. Narrative is improving toward quality, growth and capital return. Current regime lens: steady_state_low_chaos.","Mock risks: valuation compression, policy/regulatory shocks, dividend sustainability and liquidity stress.",Needs review,Mixed,No major mock concern,Dividend quality compounds with stable cash flow.,Moderate total return with risk controls intact.,Macro or governance shock reduces valuation and income confidence.,53.52825046109031,Avoid,0.5852825046109031
HBAN.US,Huntington Bancshares Incorporated,"Mock analyst view: quality, dividends and balance-sheet resilience are reviewed against sector risk. Narrative is improving toward quality, growth and capital return. Current regime lens: steady_state_low_chaos.","Mock risks: valuation compression, policy/regulatory shocks, dividend sustainability and liquidity stress. Distributional ML forecast shows attractive upside but asymmetric downside risk.",Needs review,Constructive,No major mock concern,Dividend quality compounds with stable cash flow.,Moderate total return with risk controls intact.,Macro or governance shock reduces valuation and income confidence.,53.51998508259063,Avoid,0.5851998508259063
UBSG.SW,UBS Group AG,"Mock analyst view: quality, dividends and balance-sheet resilience are reviewed against sector risk. Narrative is improving toward quality, growth and capital return. Current regime lens: steady_state_low_chaos.","Mock risks: valuation compression, policy/regulatory shocks, dividend sustainability and liquidity stress. Distributional ML forecast shows attractive upside but asymmetric downside risk.",Needs review,Constructive,No major mock concern,Dividend quality compounds with stable cash flow.,Moderate total return with risk controls intact.,Macro or governance shock reduces valuation and income confidence.,53.50381210129083,Hold,0.5850381210129084
002736.SHE,Guosen Securities Co Ltd,"Mock analyst view: quality, dividends and balance-sheet resilience are reviewed against sector risk. Narrative is improving toward quality, growth and capital return. Current regime lens: steady_state_low_chaos.","Mock risks: valuation compression, policy/regulatory shocks, dividend sustainability and liquidity stress. Narrative is reframing toward risk/deterioration. Distributional ML forecast shows attractive upside but asymmetric downside risk.",Needs review,Constructive,No major mock concern,Dividend quality compounds with stable cash flow.,Moderate total return with risk controls intact.,Macro or governance shock reduces valuation and income confidence.,53.483906433584266,Hold,0.5848390643358428
GIVN.SW,Givaudan SA,"Mock analyst view: quality, dividends and balance-sheet resilience are reviewed against sector risk. Narrative is improving toward quality, growth and capital return. Current regime lens: steady_state_low_chaos.","Mock risks: valuation compression, policy/regulatory shocks, dividend sustainability and liquidity stress.",Needs review,Mixed,No major mock concern,Dividend quality compounds with stable cash flow.,Moderate total return with risk controls intact.,Macro or governance shock reduces valuation and income confidence.,53.48247382943353,Hold,0.5848247382943353
BAER.SW,Julius Baer Gruppe AG,"Mock analyst view: quality, dividends and balance-sheet resilience are reviewed against sector risk. Narrative is improving toward quality, growth and capital return. Current regime lens: steady_state_low_chaos.","Mock risks: valuation compression, policy/regulatory shocks, dividend sustainability and liquidity stress. Distributional ML forecast shows attractive upside but asymmetric downside risk.",Constructive,Constructive,No major mock concern,Dividend quality compounds with stable cash flow.,Moderate total return with risk controls intact.,Macro or governance shock reduces valuation and income confidence.,53.44379946241972,Hold,0.5844379946241972
VZ.US,Verizon Communications Inc,"Mock analyst view: quality, dividends and balance-sheet resilience are reviewed against sector risk. Narrative is improving toward quality, growth and capital return. Current regime lens: steady_state_low_chaos.","Mock risks: valuation compression, policy/regulatory shocks, dividend sustainability and liquidity stress. Distributional ML forecast shows attractive upside but asymmetric downside risk.",Needs review,Constructive,No major mock concern,Dividend quality compounds with stable cash flow.,Moderate total return with risk controls intact.,Macro or governance shock reduces valuation and income confidence.,53.422424791080594,Hold,0.584224247910806
NVS.US,Novartis AG ADR,"Mock analyst view: quality, dividends and balance-sheet resilience are reviewed against sector risk. Current regime lens: steady_state_low_chaos.","Mock risks: valuation compression, policy/regulatory shocks, dividend sustainability and liquidity stress. Narrative is reframing toward risk/deterioration. Distributional ML forecast shows attractive upside but asymmetric downside risk.",Needs review,Constructive,No major mock concern,Dividend quality compounds with stable cash flow.,Moderate total return with risk controls intact.,Macro or governance shock reduces valuation and income confidence.,53.39266076985122,Avoid,0.5839266076985122
CBOE.US,Cboe Global Markets Inc,"Mock analyst view: quality, dividends and balance-sheet resilience are reviewed against sector risk. Narrative is improving toward quality, growth and capital return. Current regime lens: steady_state_low_chaos.","Mock risks: valuation compression, policy/regulatory shocks, dividend sustainability and liquidity stress. Distributional ML forecast shows attractive upside but asymmetric downside risk.",Needs review,Constructive,No major mock concern,Dividend quality compounds with stable cash flow.,Moderate total return with risk controls intact.,Macro or governance shock reduces valuation and income confidence.,53.384197509586095,Avoid,0.583841975095861
BNZL.LSE,Bunzl PLC,"Mock analyst view: quality, dividends and balance-sheet resilience are reviewed against sector risk. Narrative is improving toward quality, growth and capital return. Current regime lens: steady_state_low_chaos.","Mock risks: valuation compression, policy/regulatory shocks, dividend sustainability and liquidity stress. Distributional ML forecast shows attractive upside but asymmetric downside risk.",Needs review,Constructive,No major mock concern,Dividend quality compounds with stable cash flow.,Moderate total return with risk controls intact.,Macro or governance shock reduces valuation and income confidence.,53.37929558306092,Hold,0.5837929558306093
DSCV.LSE,Discoverie Group PLC,"Mock analyst view: quality, dividends and balance-sheet resilience are reviewed against sector risk. Narrative is improving toward quality, growth and capital return. Current regime lens: steady_state_low_chaos.","Mock risks: valuation compression, policy/regulatory shocks, dividend sustainability and liquidity stress. Distributional ML forecast shows attractive upside but asymmetric downside risk.",Needs review,Mixed,No major mock concern,Dividend quality compounds with stable cash flow.,Moderate total return with risk controls intact.,Macro or governance shock reduces valuation and income confidence.,53.37554288603661,Avoid,0.5837554288603661
1876.HK,Budweiser Brewing Company,"Mock analyst view: quality, dividends and balance-sheet resilience are reviewed against sector risk. Narrative is improving toward quality, growth and capital return. Current regime lens: steady_state_low_chaos.","Mock risks: valuation compression, policy/regulatory shocks, dividend sustainability and liquidity stress. Distributional ML forecast shows attractive upside but asymmetric downside risk. ML dividend-cut probability is elevated.",Needs review,Mixed,No major mock concern,Dividend quality compounds with stable cash flow.,Moderate total return with risk controls intact.,Macro or governance shock reduces valuation and income confidence.,53.3486565184261,Avoid,0.583486565184261
300628.SHE,Yealink Network Technology Corp Ltd,"Mock analyst view: quality, dividends and balance-sheet resilience are reviewed against sector risk. Narrative is improving toward quality, growth and capital return. Current regime lens: steady_state_low_chaos.","Mock risks: valuation compression, policy/regulatory shocks, dividend sustainability and liquidity stress. ML dividend-cut probability is elevated.",Needs review,Mixed,No major mock concern,Dividend quality compounds with stable cash flow.,Moderate total return with risk controls intact.,Macro or governance shock reduces valuation and income confidence.,53.327588143261025,Hold,0.5832758814326103
AZN.ST,AstraZeneca PLC,"Mock analyst view: quality, dividends and balance-sheet resilience are reviewed against sector risk. Narrative is improving toward quality, growth and capital return. Current regime lens: steady_state_low_chaos.","Mock risks: valuation compression, policy/regulatory shocks, dividend sustainability and liquidity stress.",Needs review,Mixed,No major mock concern,Dividend quality compounds with stable cash flow.,Moderate total return with risk controls intact.,Macro or governance shock reduces valuation and income confidence.,53.304289628514766,Avoid,0.5830428962851477
VLO.US,Valero Energy Corporation,"Mock analyst view: quality, dividends and balance-sheet resilience are reviewed against sector risk. Narrative is improving toward quality, growth and capital return. Current regime lens: steady_state_low_chaos.","Mock risks: valuation compression, policy/regulatory shocks, dividend sustainability and liquidity stress. Distributional ML forecast shows attractive upside but asymmetric downside risk.",Needs review,Mixed,No major mock concern,Dividend quality compounds with stable cash flow.,Moderate total return with risk controls intact.,Macro or governance shock reduces valuation and income confidence.,53.29765875920053,Hold,0.5829765875920053
QQ.LSE,Qinetiq Group PLC,"Mock analyst view: quality, dividends and balance-sheet resilience are reviewed against sector risk. Narrative is improving toward quality, growth and capital return. Current regime lens: steady_state_low_chaos.","Mock risks: valuation compression, policy/regulatory shocks, dividend sustainability and liquidity stress.",Needs review,Mixed,No major mock concern,Dividend quality compounds with stable cash flow.,Moderate total return with risk controls intact.,Macro or governance shock reduces valuation and income confidence.,53.29760075925101,Avoid,0.5829760075925101
EADSY.US,Airbus Group NV,"Mock analyst view: quality, dividends and balance-sheet resilience are reviewed against sector risk. Narrative is improving toward quality, growth and capital return. Current regime lens: steady_state_low_chaos.","Mock risks: valuation compression, policy/regulatory shocks, dividend sustainability and liquidity stress.",Needs review,Mixed,No major mock concern,Dividend quality compounds with stable cash flow.,Moderate total return with risk controls intact.,Macro or governance shock reduces valuation and income confidence.,53.29207844514053,Hold,0.5829207844514054
CRH.US,CRH PLC ADR,"Mock analyst view: quality, dividends and balance-sheet resilience are reviewed against sector risk. Narrative is improving toward quality, growth and capital return. Current regime lens: steady_state_low_chaos.","Mock risks: valuation compression, policy/regulatory shocks, dividend sustainability and liquidity stress. Distributional ML forecast shows attractive upside but asymmetric downside risk.",Needs review,Mixed,No major mock concern,Dividend quality compounds with stable cash flow.,Moderate total return with risk controls intact.,Macro or governance shock reduces valuation and income confidence.,53.2911772887777,Hold,0.5829117728877771
SHC.LSE,Shaftesbury Capital PLC,"Mock analyst view: quality, dividends and balance-sheet resilience are reviewed against sector risk. Narrative is improving toward quality, growth and capital return. Current regime lens: steady_state_low_chaos.","Mock risks: valuation compression, policy/regulatory shocks, dividend sustainability and liquidity stress. Distributional ML forecast shows attractive upside but asymmetric downside risk.",Constructive,Mixed,No major mock concern,Dividend quality compounds with stable cash flow.,Moderate total return with risk controls intact.,Macro or governance shock reduces valuation and income confidence.,53.25796458074098,Avoid,0.5825796458074098
DIS.US,Walt Disney Company,"Mock analyst view: quality, dividends and balance-sheet resilience are reviewed against sector risk. Narrative is improving toward quality, growth and capital return. Current regime lens: steady_state_low_chaos.","Mock risks: valuation compression, policy/regulatory shocks, dividend sustainability and liquidity stress. Distributional ML forecast shows attractive upside but asymmetric downside risk.",Needs review,Mixed,No major mock concern,Dividend quality compounds with stable cash flow.,Moderate total return with risk controls intact.,Macro or governance shock reduces valuation and income confidence.,53.25452235526161,Avoid,0.5825452235526161
AGS.BR,ageas SA/NV,"Mock analyst view: quality, dividends and balance-sheet resilience are reviewed against sector risk. Narrative is improving toward quality, growth and capital return. Current regime lens: steady_state_low_chaos.","Mock risks: valuation compression, policy/regulatory shocks, dividend sustainability and liquidity stress.",Needs review,Constructive,No major mock concern,Dividend quality compounds with stable cash flow.,Moderate total return with risk controls intact.,Macro or governance shock reduces valuation and income confidence.,53.19577212265884,Avoid,0.5819577212265884
CCEP.US,Coca-Cola European Partners PLC,"Mock analyst view: quality, dividends and balance-sheet resilience are reviewed against sector risk. Narrative is improving toward quality, growth and capital return. Current regime lens: steady_state_low_chaos.","Mock risks: valuation compression, policy/regulatory shocks, dividend sustainability and liquidity stress. Distributional ML forecast shows attractive upside but asymmetric downside risk.",Constructive,Mixed,No major mock concern,Dividend quality compounds with stable cash flow.,Moderate total return with risk controls intact.,Macro or governance shock reduces valuation and income confidence.,53.16962797961723,Hold,0.5816962797961723
HUH1V.HE,Huhtamaki Oyj,"Mock analyst view: quality, dividends and balance-sheet resilience are reviewed against sector risk. Narrative is improving toward quality, growth and capital return. Current regime lens: steady_state_low_chaos.","Mock risks: valuation compression, policy/regulatory shocks, dividend sustainability and liquidity stress.",Needs review,Constructive,No major mock concern,Dividend quality compounds with stable cash flow.,Moderate total return with risk controls intact.,Macro or governance shock reduces valuation and income confidence.,53.14914442458718,Avoid,0.5814914442458718
600900.SHG,China Yangtze Power Co Ltd,"Mock analyst view: quality, dividends and balance-sheet resilience are reviewed against sector risk. Narrative is improving toward quality, growth and capital return. Current regime lens: steady_state_low_chaos.","Mock risks: valuation compression, policy/regulatory shocks, dividend sustainability and liquidity stress. ML dividend-cut probability is elevated.",Needs review,Constructive,No major mock concern,Dividend quality compounds with stable cash flow.,Moderate total return with risk controls intact.,Macro or governance shock reduces valuation and income confidence.,53.139489062234844,Avoid,0.5813948906223485
HON.US,Honeywell International Inc,"Mock analyst view: quality, dividends and balance-sheet resilience are reviewed against sector risk. Narrative is improving toward quality, growth and capital return. Current regime lens: steady_state_low_chaos.","Mock risks: valuation compression, policy/regulatory shocks, dividend sustainability and liquidity stress. Distributional ML forecast shows attractive upside but asymmetric downside risk.",Needs review,Constructive,No major mock concern,Dividend quality compounds with stable cash flow.,Moderate total return with risk controls intact.,Macro or governance shock reduces valuation and income confidence.,53.117623157843305,Avoid,0.5811762315784331
AIG.US,American International Group Inc,"Mock analyst view: quality, dividends and balance-sheet resilience are reviewed against sector risk. Narrative is improving toward quality, growth and capital return. Current regime lens: steady_state_low_chaos.","Mock risks: valuation compression, policy/regulatory shocks, dividend sustainability and liquidity stress. Distributional ML forecast shows attractive upside but asymmetric downside risk.",Constructive,Constructive,No major mock concern,Dividend quality compounds with stable cash flow.,Moderate total return with risk controls intact.,Macro or governance shock reduces valuation and income confidence.,53.111946710937886,Hold,0.5811194671093789
HBC1.XETRA,HSBC Holdings plc,"Mock analyst view: quality, dividends and balance-sheet resilience are reviewed against sector risk. Narrative is improving toward quality, growth and capital return. Current regime lens: steady_state_low_chaos.","Mock risks: valuation compression, policy/regulatory shocks, dividend sustainability and liquidity stress. Narrative is reframing toward risk/deterioration. Distributional ML forecast shows attractive upside but asymmetric downside risk.",Needs review,Constructive,No major mock concern,Dividend quality compounds with stable cash flow.,Moderate total return with risk controls intact.,Macro or governance shock reduces valuation and income confidence.,53.065080307952705,Avoid,0.5806508030795271
6655.HK,Huaxin Cement Co. Ltd.,"Mock analyst view: quality, dividends and balance-sheet resilience are reviewed against sector risk. Current regime lens: steady_state_low_chaos.","Mock risks: valuation compression, policy/regulatory shocks, dividend sustainability and liquidity stress. Narrative is reframing toward risk/deterioration. Distributional ML forecast shows attractive upside but asymmetric downside risk. Forecast uncertainty is high; analyst placeholder treats this as Watchlist risk.",Needs review,Constructive,No major mock concern,Dividend quality compounds with stable cash flow.,Moderate total return with risk controls intact.,Macro or governance shock reduces valuation and income confidence.,53.061271933924374,Avoid,0.5806127193392437
BOY.LSE,Bodycote PLC,"Mock analyst view: quality, dividends and balance-sheet resilience are reviewed against sector risk. Narrative is improving toward quality, growth and capital return. Current regime lens: steady_state_low_chaos.","Mock risks: valuation compression, policy/regulatory shocks, dividend sustainability and liquidity stress.",Needs review,Mixed,No major mock concern,Dividend quality compounds with stable cash flow.,Moderate total return with risk controls intact.,Macro or governance shock reduces valuation and income confidence.,53.053489942917096,Avoid,0.580534899429171
HSBC.US,HSBC Holdings PLC ADR,"Mock analyst view: quality, dividends and balance-sheet resilience are reviewed against sector risk. Narrative is improving toward quality, growth and capital return. Current regime lens: steady_state_low_chaos.","Mock risks: valuation compression, policy/regulatory shocks, dividend sustainability and liquidity stress. Distributional ML forecast shows attractive upside but asymmetric downside risk.",Needs review,Constructive,No major mock concern,Dividend quality compounds with stable cash flow.,Moderate total return with risk controls intact.,Macro or governance shock reduces valuation and income confidence.,53.012661916348705,Hold,0.5801266191634871
600941.SHG,China Mobile Limited,"Mock analyst view: quality, dividends and balance-sheet resilience are reviewed against sector risk. Current regime lens: steady_state_low_chaos.","Mock risks: valuation compression, policy/regulatory shocks, dividend sustainability and liquidity stress. Narrative is reframing toward risk/deterioration. ML dividend-cut probability is elevated.",Needs review,Mixed,No major mock concern,Dividend quality compounds with stable cash flow.,Moderate total return with risk controls intact.,Macro or governance shock reduces valuation and income confidence.,52.992189584347955,Hold,0.5799218958434796
MTB.US,M&T Bank Corporation,"Mock analyst view: quality, dividends and balance-sheet resilience are reviewed against sector risk. Narrative is improving toward quality, growth and capital return. Current regime lens: steady_state_low_chaos.","Mock risks: valuation compression, policy/regulatory shocks, dividend sustainability and liquidity stress. Distributional ML forecast shows attractive upside but asymmetric downside risk.",Constructive,Constructive,No major mock concern,Dividend quality compounds with stable cash flow.,Moderate total return with risk controls intact.,Macro or governance shock reduces valuation and income confidence.,52.970093309080234,Hold,0.5797009330908024
COLR.BR,Etablissementen Franz Colruyt NV,"Mock analyst view: quality, dividends and balance-sheet resilience are reviewed against sector risk. Narrative is improving toward quality, growth and capital return. Current regime lens: steady_state_low_chaos.","Mock risks: valuation compression, policy/regulatory shocks, dividend sustainability and liquidity stress. Narrative is reframing toward risk/deterioration.",Needs review,Mixed,No major mock concern,Dividend quality compounds with stable cash flow.,Moderate total return with risk controls intact.,Macro or governance shock reduces valuation and income confidence.,52.93984661965789,Avoid,0.579398466196579
PSON.LSE,Pearson PLC,"Mock analyst view: quality, dividends and balance-sheet resilience are reviewed against sector risk. Narrative is improving toward quality, growth and capital return. Current regime lens: steady_state_low_chaos.","Mock risks: valuation compression, policy/regulatory shocks, dividend sustainability and liquidity stress. Distributional ML forecast shows attractive upside but asymmetric downside risk.",Needs review,Constructive,No major mock concern,Dividend quality compounds with stable cash flow.,Moderate total return with risk controls intact.,Macro or governance shock reduces valuation and income confidence.,52.91367414782007,Hold,0.5791367414782007
601108.SHG,Caitong Securities Co Ltd,"Mock analyst view: quality, dividends and balance-sheet resilience are reviewed against sector risk. Narrative is improving toward quality, growth and capital return. Current regime lens: steady_state_low_chaos.","Mock risks: valuation compression, policy/regulatory shocks, dividend sustainability and liquidity stress. Distributional ML forecast shows attractive upside but asymmetric downside risk.",Needs review,Constructive,No major mock concern,Dividend quality compounds with stable cash flow.,Moderate total return with risk controls intact.,Macro or governance shock reduces valuation and income confidence.,52.900334400919284,Hold,0.5790033440091928
601877.SHG,Zhejiang Chint Electrics Co,"Mock analyst view: quality, dividends and balance-sheet resilience are reviewed against sector risk. Narrative is improving toward quality, growth and capital return. Current regime lens: steady_state_low_chaos.","Mock risks: valuation compression, policy/regulatory shocks, dividend sustainability and liquidity stress. Distributional ML forecast shows attractive upside but asymmetric downside risk.",Needs review,Constructive,No major mock concern,Dividend quality compounds with stable cash flow.,Moderate total return with risk controls intact.,Macro or governance shock reduces valuation and income confidence.,52.885809293778905,Avoid,0.5788580929377891
1258.HK,China Nonferrous Mining Corp Ltd,"Mock analyst view: quality, dividends and balance-sheet resilience are reviewed against sector risk. Narrative is improving toward quality, growth and capital return. Current regime lens: steady_state_low_chaos.","Mock risks: valuation compression, policy/regulatory shocks, dividend sustainability and liquidity stress. Distributional ML forecast shows attractive upside but asymmetric downside risk. Forecast uncertainty is high; analyst placeholder treats this as Watchlist risk.",Needs review,Constructive,No major mock concern,Dividend quality compounds with stable cash flow.,Moderate total return with risk controls intact.,Macro or governance shock reduces valuation and income confidence.,52.88440434771316,Hold,0.5788440434771316
GSK.LSE,GSK plc,"Mock analyst view: quality, dividends and balance-sheet resilience are reviewed against sector risk. Narrative is improving toward quality, growth and capital return. Current regime lens: steady_state_low_chaos.","Mock risks: valuation compression, policy/regulatory shocks, dividend sustainability and liquidity stress. Distributional ML forecast shows attractive upside but asymmetric downside risk.",Needs review,Constructive,No major mock concern,Dividend quality compounds with stable cash flow.,Moderate total return with risk controls intact.,Macro or governance shock reduces valuation and income confidence.,52.87276516884485,Hold,0.5787276516884485
1133.HK,Harbin Electric,"Mock analyst view: quality, dividends and balance-sheet resilience are reviewed against sector risk. Narrative is improving toward quality, growth and capital return. Current regime lens: steady_state_low_chaos.","Mock risks: valuation compression, policy/regulatory shocks, dividend sustainability and liquidity stress. Distributional ML forecast shows attractive upside but asymmetric downside risk. Forecast uncertainty is high; analyst placeholder treats this as Watchlist risk.",Constructive,Mixed,No major mock concern,Dividend quality compounds with stable cash flow.,Moderate total return with risk controls intact.,Macro or governance shock reduces valuation and income confidence.,52.85168382807889,Avoid,0.5785168382807889
0992.HK,Lenovo Group,"Mock analyst view: quality, dividends and balance-sheet resilience are reviewed against sector risk. Narrative is improving toward quality, growth and capital return. Current regime lens: steady_state_low_chaos.","Mock risks: valuation compression, policy/regulatory shocks, dividend sustainability and liquidity stress. Forecast uncertainty is high; analyst placeholder treats this as Watchlist risk.",Constructive,Mixed,No major mock concern,Dividend quality compounds with stable cash flow.,Moderate total return with risk controls intact.,Macro or governance shock reduces valuation and income confidence.,52.82876085767949,Hold,0.578287608576795
6178.HK,Everbright Securities Co Ltd,"Mock analyst view: quality, dividends and balance-sheet resilience are reviewed against sector risk. Narrative is improving toward quality, growth and capital return. Current regime lens: steady_state_low_chaos.","Mock risks: valuation compression, policy/regulatory shocks, dividend sustainability and liquidity stress. Distributional ML forecast shows attractive upside but asymmetric downside risk.",Needs review,Constructive,No major mock concern,Dividend quality compounds with stable cash flow.,Moderate total return with risk controls intact.,Macro or governance shock reduces valuation and income confidence.,52.82362658955207,Avoid,0.5782362658955208
BA.LSE,BAE Systems plc,"Mock analyst view: quality, dividends and balance-sheet resilience are reviewed against sector risk. Narrative is improving toward quality, growth and capital return. Current regime lens: steady_state_low_chaos.","Mock risks: valuation compression, policy/regulatory shocks, dividend sustainability and liquidity stress.",Needs review,Mixed,No major mock concern,Dividend quality compounds with stable cash flow.,Moderate total return with risk controls intact.,Macro or governance shock reduces valuation and income confidence.,52.81284421189362,Hold,0.5781284421189362
601816.SHG,Beijing-Shanghai High Speed Railway Co Ltd,"Mock analyst view: quality, dividends and balance-sheet resilience are reviewed against sector risk. Narrative is improving toward quality, growth and capital return. Current regime lens: steady_state_low_chaos.","Mock risks: valuation compression, policy/regulatory shocks, dividend sustainability and liquidity stress.",Needs review,Constructive,No major mock concern,Dividend quality compounds with stable cash flow.,Moderate total return with risk controls intact.,Macro or governance shock reduces valuation and income confidence.,52.80495643634631,Hold,0.5780495643634631
HEIO.AS,Heineken Holding NV,"Mock analyst view: quality, dividends and balance-sheet resilience are reviewed against sector risk. Narrative is improving toward quality, growth and capital return. Current regime lens: steady_state_low_chaos.","Mock risks: valuation compression, policy/regulatory shocks, dividend sustainability and liquidity stress.",Needs review,Constructive,No major mock concern,Dividend quality compounds with stable cash flow.,Moderate total return with risk controls intact.,Macro or governance shock reduces valuation and income confidence.,52.78722063921348,Avoid,0.5778722063921349
300017.SHE,Wangsu Science Tech,"Mock analyst view: quality, dividends and balance-sheet resilience are reviewed against sector risk. Narrative is improving toward quality, growth and capital return. Current regime lens: steady_state_low_chaos.","Mock risks: valuation compression, policy/regulatory shocks, dividend sustainability and liquidity stress. ML dividend-cut probability is elevated. Forecast uncertainty is high; analyst placeholder treats this as Watchlist risk.",Needs review,Mixed,No major mock concern,Dividend quality compounds with stable cash flow.,Moderate total return with risk controls intact.,Macro or governance shock reduces valuation and income confidence.,52.74275085621708,Avoid,0.5774275085621708
GLB.LSE,Glanbia plc,"Mock analyst view: quality, dividends and balance-sheet resilience are reviewed against sector risk. Current regime lens: steady_state_low_chaos.","Mock risks: valuation compression, policy/regulatory shocks, dividend sustainability and liquidity stress. Narrative is reframing toward risk/deterioration. Forecast uncertainty is high; analyst placeholder treats this as Watchlist risk.",Needs review,Mixed,No major mock concern,Dividend quality compounds with stable cash flow.,Moderate total return with risk controls intact.,Macro or governance shock reduces valuation and income confidence.,52.7299407740855,Avoid,0.5772994077408551
BT-A.LSE,BT Group Plc,"Mock analyst view: quality, dividends and balance-sheet resilience are reviewed against sector risk. Current regime lens: steady_state_low_chaos.","Mock risks: valuation compression, policy/regulatory shocks, dividend sustainability and liquidity stress. Narrative is reframing toward risk/deterioration. Distributional ML forecast shows attractive upside but asymmetric downside risk.",Needs review,Constructive,No major mock concern,Dividend quality compounds with stable cash flow.,Moderate total return with risk controls intact.,Macro or governance shock reduces valuation and income confidence.,52.69670434160385,Hold,0.5769670434160385
BVA.LSE,Banco Bilbao Vizcaya Argentaria S.A,"Mock analyst view: quality, dividends and balance-sheet resilience are reviewed against sector risk. Current regime lens: steady_state_low_chaos.","Mock risks: valuation compression, policy/regulatory shocks, dividend sustainability and liquidity stress. Narrative is reframing toward risk/deterioration. Distributional ML forecast shows attractive upside but asymmetric downside risk. Forecast uncertainty is high; analyst placeholder treats this as Watchlist risk.",Constructive,Constructive,No major mock concern,Dividend quality compounds with stable cash flow.,Moderate total return with risk controls intact.,Macro or governance shock reduces valuation and income confidence.,52.63557608922098,Hold,0.5763557608922099
UNH.US,UnitedHealth Group Incorporated,"Mock analyst view: quality, dividends and balance-sheet resilience are reviewed against sector risk. Narrative is improving toward quality, growth and capital return. Current regime lens: steady_state_low_chaos.","Mock risks: valuation compression, policy/regulatory shocks, dividend sustainability and liquidity stress. Narrative is reframing toward risk/deterioration. Distributional ML forecast shows attractive upside but asymmetric downside risk.",Needs review,Mixed,No major mock concern,Dividend quality compounds with stable cash flow.,Moderate total return with risk controls intact.,Macro or governance shock reduces valuation and income confidence.,52.624035949434464,Hold,0.5762403594943447
600600.SHG,Tsingtao Brewery Co Ltd,"Mock analyst view: quality, dividends and balance-sheet resilience are reviewed against sector risk. Narrative is improving toward quality, growth and capital return. Current regime lens: steady_state_low_chaos.","Mock risks: valuation compression, policy/regulatory shocks, dividend sustainability and liquidity stress. Distributional ML forecast shows attractive upside but asymmetric downside risk. ML dividend-cut probability is elevated.",Needs review,Mixed,No major mock concern,Dividend quality compounds with stable cash flow.,Moderate total return with risk controls intact.,Macro or governance shock reduces valuation and income confidence.,52.61349207737753,Hold,0.5761349207737754
6055.HK,China Tobacco International HK Co Ltd,"Mock analyst view: quality, dividends and balance-sheet resilience are reviewed against sector risk. Narrative is improving toward quality, growth and capital return. Current regime lens: steady_state_low_chaos.","Mock risks: valuation compression, policy/regulatory shocks, dividend sustainability and liquidity stress. Forecast uncertainty is high; analyst placeholder treats this as Watchlist risk.",Constructive,Mixed,No major mock concern,Dividend quality compounds with stable cash flow.,Moderate total return with risk controls intact.,Macro or governance shock reduces valuation and income confidence.,52.57264082944367,Avoid,0.5757264082944368
LIGHT.AS,Signify N.V.,"Mock analyst view: quality, dividends and balance-sheet resilience are reviewed against sector risk. Narrative is improving toward quality, growth and capital return. Current regime lens: steady_state_low_chaos.","Mock risks: valuation compression, policy/regulatory shocks, dividend sustainability and liquidity stress. Distributional ML forecast shows attractive upside but asymmetric downside risk. ML dividend-cut probability is elevated. Forecast distribution has downside skew risk.",Needs review,Constructive,No major mock concern,Dividend quality compounds with stable cash flow.,Moderate total return with risk controls intact.,Macro or governance shock reduces valuation and income confidence.,52.568705970044064,Avoid,0.5756870597004407
002064.SHE,Zhejiang Huafon Spandex Co Ltd,"Mock analyst view: quality, dividends and balance-sheet resilience are reviewed against sector risk. Narrative is improving toward quality, growth and capital return. Current regime lens: steady_state_low_chaos.","Mock risks: valuation compression, policy/regulatory shocks, dividend sustainability and liquidity stress. Distributional ML forecast shows attractive upside but asymmetric downside risk. Forecast uncertainty is high; analyst placeholder treats this as Watchlist risk.",Needs review,Mixed,No major mock concern,Dividend quality compounds with stable cash flow.,Moderate total return with risk controls intact.,Macro or governance shock reduces valuation and income confidence.,52.56706827713361,Avoid,0.5756706827713362
002850.SHE,Shenzhen Kedali Industry Co Ltd,"Mock analyst view: quality, dividends and balance-sheet resilience are reviewed against sector risk. Narrative is improving toward quality, growth and capital return. Current regime lens: steady_state_low_chaos.","Mock risks: valuation compression, policy/regulatory shocks, dividend sustainability and liquidity stress. Forecast uncertainty is high; analyst placeholder treats this as Watchlist risk.",Needs review,Mixed,No major mock concern,Dividend quality compounds with stable cash flow.,Moderate total return with risk controls intact.,Macro or governance shock reduces valuation and income confidence.,52.539173825392645,Avoid,0.5753917382539265
600009.SHG,Shanghai International Airport Co Ltd,"Mock analyst view: quality, dividends and balance-sheet resilience are reviewed against sector risk. Current regime lens: steady_state_low_chaos.","Mock risks: valuation compression, policy/regulatory shocks, dividend sustainability and liquidity stress. Narrative is reframing toward risk/deterioration. Credit/refinancing pressure is increasingly central to the equity story. Distributional ML forecast shows attractive upside but asymmetric downside risk.",Needs review,Constructive,No major mock concern,Dividend quality compounds with stable cash flow.,Moderate total return with risk controls intact.,Macro or governance shock reduces valuation and income confidence.,52.518162369488024,Avoid,0.5751816236948802
BKR.US,Baker Hughes Co,"Mock analyst view: quality, dividends and balance-sheet resilience are reviewed against sector risk. Narrative is improving toward quality, growth and capital return. Current regime lens: steady_state_low_chaos.","Mock risks: valuation compression, policy/regulatory shocks, dividend sustainability and liquidity stress. Distributional ML forecast shows attractive upside but asymmetric downside risk.",Needs review,Mixed,No major mock concern,Dividend quality compounds with stable cash flow.,Moderate total return with risk controls intact.,Macro or governance shock reduces valuation and income confidence.,52.517811676856425,Avoid,0.5751781167685643
COP.US,ConocoPhillips,"Mock analyst view: quality, dividends and balance-sheet resilience are reviewed against sector risk. Narrative is improving toward quality, growth and capital return. Current regime lens: steady_state_low_chaos.","Mock risks: valuation compression, policy/regulatory shocks, dividend sustainability and liquidity stress. Distributional ML forecast shows attractive upside but asymmetric downside risk.",Needs review,Mixed,No major mock concern,Dividend quality compounds with stable cash flow.,Moderate total return with risk controls intact.,Macro or governance shock reduces valuation and income confidence.,52.51606231536288,Hold,0.5751606231536288
600023.SHG,Zhejiang Zheneng Electric Power Co Ltd,"Mock analyst view: quality, dividends and balance-sheet resilience are reviewed against sector risk. Current regime lens: steady_state_low_chaos.","Mock risks: valuation compression, policy/regulatory shocks, dividend sustainability and liquidity stress. Narrative is reframing toward risk/deterioration. Distributional ML forecast shows attractive upside but asymmetric downside risk.",Needs review,Mixed,No major mock concern,Dividend quality compounds with stable cash flow.,Moderate total return with risk controls intact.,Macro or governance shock reduces valuation and income confidence.,52.47926109319181,Hold,0.5747926109319181
INCH.LSE,Inchcape PLC,"Mock analyst view: quality, dividends and balance-sheet resilience are reviewed against sector risk. Narrative is improving toward quality, growth and capital return. Current regime lens: steady_state_low_chaos.","Mock risks: valuation compression, policy/regulatory shocks, dividend sustainability and liquidity stress. Distributional ML forecast shows attractive upside but asymmetric downside risk.",Needs review,Constructive,No major mock concern,Dividend quality compounds with stable cash flow.,Moderate total return with risk controls intact.,Macro or governance shock reduces valuation and income confidence.,52.4402515021888,Avoid,0.5744025150218881
002128.SHE,Huolinhe Opencut Coal Industry Corp Ltd of Inner Mongolia,"Mock analyst view: quality, dividends and balance-sheet resilience are reviewed against sector risk. Narrative is improving toward quality, growth and capital return. Current regime lens: steady_state_low_chaos.","Mock risks: valuation compression, policy/regulatory shocks, dividend sustainability and liquidity stress. Distributional ML forecast shows attractive upside but asymmetric downside risk. ML dividend-cut probability is elevated. Forecast uncertainty is high; analyst placeholder treats this as Watchlist risk.",Needs review,Mixed,No major mock concern,Dividend quality compounds with stable cash flow.,Moderate total return with risk controls intact.,Macro or governance shock reduces valuation and income confidence.,52.41590024421518,Hold,0.5741590024421519
BKW.SW,BKW AG,"Mock analyst view: quality, dividends and balance-sheet resilience are reviewed against sector risk. Narrative is improving toward quality, growth and capital return. Current regime lens: steady_state_low_chaos.","Mock risks: valuation compression, policy/regulatory shocks, dividend sustainability and liquidity stress. Distributional ML forecast shows attractive upside but asymmetric downside risk.",Needs review,Mixed,No major mock concern,Dividend quality compounds with stable cash flow.,Moderate total return with risk controls intact.,Macro or governance shock reduces valuation and income confidence.,52.415271553322576,Avoid,0.5741527155332258
GD.US,General Dynamics Corporation,"Mock analyst view: quality, dividends and balance-sheet resilience are reviewed against sector risk. Narrative is improving toward quality, growth and capital return. Current regime lens: steady_state_low_chaos.","Mock risks: valuation compression, policy/regulatory shocks, dividend sustainability and liquidity stress. Narrative is reframing toward risk/deterioration.",Needs review,Mixed,No major mock concern,Dividend quality compounds with stable cash flow.,Moderate total return with risk controls intact.,Macro or governance shock reduces valuation and income confidence.,52.40513123677684,Hold,0.5740513123677684
UBS.US,UBS Group AG,"Mock analyst view: quality, dividends and balance-sheet resilience are reviewed against sector risk. Narrative is improving toward quality, growth and capital return. Current regime lens: steady_state_low_chaos.","Mock risks: valuation compression, policy/regulatory shocks, dividend sustainability and liquidity stress. Distributional ML forecast shows attractive upside but asymmetric downside risk.",Needs review,Constructive,No major mock concern,Dividend quality compounds with stable cash flow.,Moderate total return with risk controls intact.,Macro or governance shock reduces valuation and income confidence.,52.38237843509968,Hold,0.5738237843509969
MDT.US,Medtronic PLC,"Mock analyst view: quality, dividends and balance-sheet resilience are reviewed against sector risk. Narrative is improving toward quality, growth and capital return. Current regime lens: steady_state_low_chaos.","Mock risks: valuation compression, policy/regulatory shocks, dividend sustainability and liquidity stress. Distributional ML forecast shows attractive upside but asymmetric downside risk.",Needs review,Constructive,No major mock concern,Dividend quality compounds with stable cash flow.,Moderate total return with risk controls intact.,Macro or governance shock reduces valuation and income confidence.,52.36176641480632,Hold,0.5736176641480633
TFC.US,Truist Financial Corp,"Mock analyst view: quality, dividends and balance-sheet resilience are reviewed against sector risk. Narrative is improving toward quality, growth and capital return. Current regime lens: steady_state_low_chaos.","Mock risks: valuation compression, policy/regulatory shocks, dividend sustainability and liquidity stress. Distributional ML forecast shows attractive upside but asymmetric downside risk.",Constructive,Constructive,No major mock concern,Dividend quality compounds with stable cash flow.,Moderate total return with risk controls intact.,Macro or governance shock reduces valuation and income confidence.,52.33662832007786,Hold,0.5733662832007786
3320.HK,China Resources Pharmaceutical Group Ltd,"Mock analyst view: quality, dividends and balance-sheet resilience are reviewed against sector risk. Current regime lens: steady_state_low_chaos.","Mock risks: valuation compression, policy/regulatory shocks, dividend sustainability and liquidity stress. Narrative is reframing toward risk/deterioration. Distributional ML forecast shows attractive upside but asymmetric downside risk.",Needs review,Constructive,No major mock concern,Dividend quality compounds with stable cash flow.,Moderate total return with risk controls intact.,Macro or governance shock reduces valuation and income confidence.,52.32567901142292,Avoid,0.5732567901142293
SCCO.US,Southern Copper Corporation,"Mock analyst view: quality, dividends and balance-sheet resilience are reviewed against sector risk. Narrative is improving toward quality, growth and capital return. Current regime lens: steady_state_low_chaos.","Mock risks: valuation compression, policy/regulatory shocks, dividend sustainability and liquidity stress. Narrative is reframing toward risk/deterioration. Forecast uncertainty is high; analyst placeholder treats this as Watchlist risk.",Needs review,Mixed,No major mock concern,Dividend quality compounds with stable cash flow.,Moderate total return with risk controls intact.,Macro or governance shock reduces valuation and income confidence.,52.32507872023258,Hold,0.5732507872023259
FHZN.SW,Flughafen Zurich,"Mock analyst view: quality, dividends and balance-sheet resilience are reviewed against sector risk. Narrative is improving toward quality, growth and capital return. Current regime lens: steady_state_low_chaos.","Mock risks: valuation compression, policy/regulatory shocks, dividend sustainability and liquidity stress. ML dividend-cut probability is elevated.",Needs review,Mixed,No major mock concern,Dividend quality compounds with stable cash flow.,Moderate total return with risk controls intact.,Macro or governance shock reduces valuation and income confidence.,52.31365174902848,Avoid,0.5731365174902848
603993.SHG,China Molybdenum Co Ltd Class A,"Mock analyst view: quality, dividends and balance-sheet resilience are reviewed against sector risk. Narrative is improving toward quality, growth and capital return. Current regime lens: steady_state_low_chaos.","Mock risks: valuation compression, policy/regulatory shocks, dividend sustainability and liquidity stress. Forecast uncertainty is high; analyst placeholder treats this as Watchlist risk.",Needs review,Mixed,No major mock concern,Dividend quality compounds with stable cash flow.,Moderate total return with risk controls intact.,Macro or governance shock reduces valuation and income confidence.,52.30279070136226,Avoid,0.5730279070136227
2039.HK,China International Marine Containers Group Co Ltd,"Mock analyst view: quality, dividends and balance-sheet resilience are reviewed against sector risk. Narrative is improving toward quality, growth and capital return. Current regime lens: steady_state_low_chaos.","Mock risks: valuation compression, policy/regulatory shocks, dividend sustainability and liquidity stress. Distributional ML forecast shows attractive upside but asymmetric downside risk. ML dividend-cut probability is elevated. Forecast uncertainty is high; analyst placeholder treats this as Watchlist risk. Forecast distribution has downside skew risk.",Needs review,Constructive,No major mock concern,Dividend quality compounds with stable cash flow.,Moderate total return with risk controls intact.,Macro or governance shock reduces valuation and income confidence.,52.29250420824478,Avoid,0.5729250420824479
0012.HK,Henderson Land,"Mock analyst view: quality, dividends and balance-sheet resilience are reviewed against sector risk. Narrative is improving toward quality, growth and capital return. Current regime lens: steady_state_low_chaos.","Mock risks: valuation compression, policy/regulatory shocks, dividend sustainability and liquidity stress. Distributional ML forecast shows attractive upside but asymmetric downside risk. ML dividend-cut probability is elevated. Forecast distribution has downside skew risk.",Needs review,Constructive,No major mock concern,Dividend quality compounds with stable cash flow.,Moderate total return with risk controls intact.,Macro or governance shock reduces valuation and income confidence.,52.283265486863286,Avoid,0.5728326548686329
0991.HK,Datang Intl Power Gen Co-H,"Mock analyst view: quality, dividends and balance-sheet resilience are reviewed against sector risk. Narrative is improving toward quality, growth and capital return. Current regime lens: steady_state_low_chaos.","Mock risks: valuation compression, policy/regulatory shocks, dividend sustainability and liquidity stress. Distributional ML forecast shows attractive upside but asymmetric downside risk. ML dividend-cut probability is elevated. Forecast uncertainty is high; analyst placeholder treats this as Watchlist risk.",Constructive,Constructive,No major mock concern,Dividend quality compounds with stable cash flow.,Moderate total return with risk controls intact.,Macro or governance shock reduces valuation and income confidence.,52.22509253252304,Avoid,0.5722509253252305
0914.HK,Anhui Conch Cement,"Mock analyst view: quality, dividends and balance-sheet resilience are reviewed against sector risk. Narrative is improving toward quality, growth and capital return. Current regime lens: steady_state_low_chaos.","Mock risks: valuation compression, policy/regulatory shocks, dividend sustainability and liquidity stress. Distributional ML forecast shows attractive upside but asymmetric downside risk.",Needs review,Mixed,No major mock concern,Dividend quality compounds with stable cash flow.,Moderate total return with risk controls intact.,Macro or governance shock reduces valuation and income confidence.,52.19896293535838,Avoid,0.5719896293535839
PRU.US,"Prudential Financial, Inc.","Mock analyst view: quality, dividends and balance-sheet resilience are reviewed against sector risk. Narrative is improving toward quality, growth and capital return. Current regime lens: steady_state_low_chaos.","Mock risks: valuation compression, policy/regulatory shocks, dividend sustainability and liquidity stress. Distributional ML forecast shows attractive upside but asymmetric downside risk.",Constructive,Constructive,No major mock concern,Dividend quality compounds with stable cash flow.,Moderate total return with risk controls intact.,Macro or governance shock reduces valuation and income confidence.,52.17973643366527,Avoid,0.5717973643366527
0388.HK,Hong Kong Exchange and Clearing Ltd,"Mock analyst view: quality, dividends and balance-sheet resilience are reviewed against sector risk. Narrative is improving toward quality, growth and capital return. Current regime lens: steady_state_low_chaos.","Mock risks: valuation compression, policy/regulatory shocks, dividend sustainability and liquidity stress. Distributional ML forecast shows attractive upside but asymmetric downside risk. ML dividend-cut probability is elevated.",Needs review,Constructive,No major mock concern,Dividend quality compounds with stable cash flow.,Moderate total return with risk controls intact.,Macro or governance shock reduces valuation and income confidence.,52.161215874780915,Hold,0.5716121587478092
MSCI.US,MSCI Inc,"Mock analyst view: quality, dividends and balance-sheet resilience are reviewed against sector risk. Narrative is improving toward quality, growth and capital return. Current regime lens: steady_state_low_chaos.","Mock risks: valuation compression, policy/regulatory shocks, dividend sustainability and liquidity stress.",Needs review,Constructive,No major mock concern,Dividend quality compounds with stable cash flow.,Moderate total return with risk controls intact.,Macro or governance shock reduces valuation and income confidence.,52.14385761469211,Avoid,0.5714385761469212
2050.HK,Zhejiang Sanhua Intel Controls Co Ltd,"Mock analyst view: quality, dividends and balance-sheet resilience are reviewed against sector risk. Narrative is improving toward quality, growth and capital return. Current regime lens: steady_state_low_chaos.","Mock risks: valuation compression, policy/regulatory shocks, dividend sustainability and liquidity stress. ML dividend-cut probability is elevated. Forecast uncertainty is high; analyst placeholder treats this as Watchlist risk.",Needs review,Mixed,No major mock concern,Dividend quality compounds with stable cash flow.,Moderate total return with risk controls intact.,Macro or governance shock reduces valuation and income confidence.,52.1330803926697,Hold,0.571330803926697
TSCO.LSE,Tesco PLC,"Mock analyst view: quality, dividends and balance-sheet resilience are reviewed against sector risk. Narrative is improving toward quality, growth and capital return. Current regime lens: steady_state_low_chaos.","Mock risks: valuation compression, policy/regulatory shocks, dividend sustainability and liquidity stress. Distributional ML forecast shows attractive upside but asymmetric downside risk.",Constructive,Mixed,No major mock concern,Dividend quality compounds with stable cash flow.,Moderate total return with risk controls intact.,Macro or governance shock reduces valuation and income confidence.,52.12171486296669,Hold,0.571217148629667
PLD.US,Prologis Inc,"Mock analyst view: quality, dividends and balance-sheet resilience are reviewed against sector risk. Narrative is improving toward quality, growth and capital return. Current regime lens: steady_state_low_chaos.","Mock risks: valuation compression, policy/regulatory shocks, dividend sustainability and liquidity stress. ML dividend-cut probability is elevated.",Needs review,Constructive,No major mock concern,Dividend quality compounds with stable cash flow.,Moderate total return with risk controls intact.,Macro or governance shock reduces valuation and income confidence.,52.09566515645717,Avoid,0.5709566515645718
BTI.US,British American Tobacco p.l.c.,"Mock analyst view: quality, dividends and balance-sheet resilience are reviewed against sector risk. Narrative is improving toward quality, growth and capital return. Current regime lens: steady_state_low_chaos.","Mock risks: valuation compression, policy/regulatory shocks, dividend sustainability and liquidity stress. Distributional ML forecast shows attractive upside but asymmetric downside risk. ML dividend-cut probability is elevated.",Needs review,Constructive,No major mock concern,Dividend quality compounds with stable cash flow.,Moderate total return with risk controls intact.,Macro or governance shock reduces valuation and income confidence.,52.07834098045191,Hold,0.5707834098045191
IMCD.AS,IMCD NV,"Mock analyst view: quality, dividends and balance-sheet resilience are reviewed against sector risk. Narrative is improving toward quality, growth and capital return. Current regime lens: steady_state_low_chaos.","Mock risks: valuation compression, policy/regulatory shocks, dividend sustainability and liquidity stress.",Needs review,Mixed,No major mock concern,Dividend quality compounds with stable cash flow.,Moderate total return with risk controls intact.,Macro or governance shock reduces valuation and income confidence.,52.05040913639586,Avoid,0.5705040913639586
600887.SHG,Inner Mongolia Yili Industrial Group Co Ltd,"Mock analyst view: quality, dividends and balance-sheet resilience are reviewed against sector risk. Current regime lens: steady_state_low_chaos.","Mock risks: valuation compression, policy/regulatory shocks, dividend sustainability and liquidity stress. Narrative is reframing toward risk/deterioration. Credit/refinancing pressure is increasingly central to the equity story. ML dividend-cut probability is elevated.",Needs review,Mixed,No major mock concern,Dividend quality compounds with stable cash flow.,Moderate total return with risk controls intact.,Macro or governance shock reduces valuation and income confidence.,52.0364718515637,Avoid,0.570364718515637
601888.SHG,China International Travel Service Corp Ltd,"Mock analyst view: quality, dividends and balance-sheet resilience are reviewed against sector risk. Narrative is improving toward quality, growth and capital return. Current regime lens: steady_state_low_chaos.","Mock risks: valuation compression, policy/regulatory shocks, dividend sustainability and liquidity stress. Distributional ML forecast shows attractive upside but asymmetric downside risk. Forecast uncertainty is high; analyst placeholder treats this as Watchlist risk.",Needs review,Mixed,No major mock concern,Dividend quality compounds with stable cash flow.,Moderate total return with risk controls intact.,Macro or governance shock reduces valuation and income confidence.,52.03293080530234,Avoid,0.5703293080530235
GL9.IR,Glanbia PLC,"Mock analyst view: quality, dividends and balance-sheet resilience are reviewed against sector risk. Narrative is improving toward quality, growth and capital return. Current regime lens: steady_state_low_chaos.","Mock risks: valuation compression, policy/regulatory shocks, dividend sustainability and liquidity stress.",Needs review,Mixed,No major mock concern,Dividend quality compounds with stable cash flow.,Moderate total return with risk controls intact.,Macro or governance shock reduces valuation and income confidence.,52.03102565389632,Avoid,0.5703102565389633
INDT.ST,Indutrade AB,"Mock analyst view: quality, dividends and balance-sheet resilience are reviewed against sector risk. Narrative is improving toward quality, growth and capital return. Current regime lens: steady_state_low_chaos.","Mock risks: valuation compression, policy/regulatory shocks, dividend sustainability and liquidity stress.",Needs review,Mixed,No major mock concern,Dividend quality compounds with stable cash flow.,Moderate total return with risk controls intact.,Macro or governance shock reduces valuation and income confidence.,51.99913669361104,Avoid,0.5699913669361105
MRK.XETRA,Merck KGaA,"Mock analyst view: quality, dividends and balance-sheet resilience are reviewed against sector risk. Narrative is improving toward quality, growth and capital return. Current regime lens: steady_state_low_chaos.","Mock risks: valuation compression, policy/regulatory shocks, dividend sustainability and liquidity stress.",Needs review,Mixed,No major mock concern,Dividend quality compounds with stable cash flow.,Moderate total return with risk controls intact.,Macro or governance shock reduces valuation and income confidence.,51.98569496935982,Hold,0.5698569496935982
CSCO.US,Cisco Systems Inc,"Mock analyst view: quality, dividends and balance-sheet resilience are reviewed against sector risk. Narrative is improving toward quality, growth and capital return. Current regime lens: steady_state_low_chaos.","Mock risks: valuation compression, policy/regulatory shocks, dividend sustainability and liquidity stress.",Needs review,Constructive,No major mock concern,Dividend quality compounds with stable cash flow.,Moderate total return with risk controls intact.,Macro or governance shock reduces valuation and income confidence.,51.983585331275044,Avoid,0.5698358533127504
SU.PA,Schneider Electric S.E.,"Mock analyst view: quality, dividends and balance-sheet resilience are reviewed against sector risk. Narrative is improving toward quality, growth and capital return. Current regime lens: steady_state_low_chaos.","Mock risks: valuation compression, policy/regulatory shocks, dividend sustainability and liquidity stress.",Needs review,Mixed,No major mock concern,Dividend quality compounds with stable cash flow.,Moderate total return with risk controls intact.,Macro or governance shock reduces valuation and income confidence.,51.98168093557251,Avoid,0.5698168093557252
SGE.LSE,Sage Group PLC,"Mock analyst view: quality, dividends and balance-sheet resilience are reviewed against sector risk. Narrative is improving toward quality, growth and capital return. Current regime lens: steady_state_low_chaos.","Mock risks: valuation compression, policy/regulatory shocks, dividend sustainability and liquidity stress.",Needs review,Constructive,No major mock concern,Dividend quality compounds with stable cash flow.,Moderate total return with risk controls intact.,Macro or governance shock reduces valuation and income confidence.,51.89559438009594,Hold,0.5689559438009595
SIEGY.US,Siemens AG ADR,"Mock analyst view: quality, dividends and balance-sheet resilience are reviewed against sector risk. Narrative is improving toward quality, growth and capital return. Current regime lens: steady_state_low_chaos.","Mock risks: valuation compression, policy/regulatory shocks, dividend sustainability and liquidity stress.",Needs review,Constructive,No major mock concern,Dividend quality compounds with stable cash flow.,Moderate total return with risk controls intact.,Macro or governance shock reduces valuation and income confidence.,51.88518138698832,Avoid,0.5688518138698833
SBRY.LSE,J Sainsbury PLC,"Mock analyst view: quality, dividends and balance-sheet resilience are reviewed against sector risk. Narrative is improving toward quality, growth and capital return. Current regime lens: steady_state_low_chaos.","Mock risks: valuation compression, policy/regulatory shocks, dividend sustainability and liquidity stress. Distributional ML forecast shows attractive upside but asymmetric downside risk. ML dividend-cut probability is elevated.",Constructive,Mixed,No major mock concern,Dividend quality compounds with stable cash flow.,Moderate total return with risk controls intact.,Macro or governance shock reduces valuation and income confidence.,51.86349792662669,Hold,0.5686349792662669
NOVO-B.CO,Novo Nordisk A/S,"Mock analyst view: quality, dividends and balance-sheet resilience are reviewed against sector risk. Narrative is improving toward quality, growth and capital return. Current regime lens: steady_state_low_chaos.","Mock risks: valuation compression, policy/regulatory shocks, dividend sustainability and liquidity stress. Distributional ML forecast shows attractive upside but asymmetric downside risk. ML dividend-cut probability is elevated. Forecast uncertainty is high; analyst placeholder treats this as Watchlist risk. Forecast distribution has downside skew risk.",Constructive,Mixed,No major mock concern,Dividend quality compounds with stable cash flow.,Moderate total return with risk controls intact.,Macro or governance shock reduces valuation and income confidence.,51.84208696586074,Hold,0.5684208696586074
RSW.LSE,Renishaw PLC,"Mock analyst view: quality, dividends and balance-sheet resilience are reviewed against sector risk. Narrative is improving toward quality, growth and capital return. Current regime lens: steady_state_low_chaos.","Mock risks: valuation compression, policy/regulatory shocks, dividend sustainability and liquidity stress. Regime suitability requires review.",Needs review,Mixed,No major mock concern,Dividend quality compounds with stable cash flow.,Moderate total return with risk controls intact.,Macro or governance shock reduces valuation and income confidence.,51.83712083847826,Avoid,0.5683712083847827
LR.PA,Legrand SA,"Mock analyst view: quality, dividends and balance-sheet resilience are reviewed against sector risk. Narrative is improving toward quality, growth and capital return. Current regime lens: steady_state_low_chaos.","Mock risks: valuation compression, policy/regulatory shocks, dividend sustainability and liquidity stress.",Needs review,Mixed,No major mock concern,Dividend quality compounds with stable cash flow.,Moderate total return with risk controls intact.,Macro or governance shock reduces valuation and income confidence.,51.82661766150906,Hold,0.5682661766150907
ABDN.LSE,Abrdn PLC,"Mock analyst view: quality, dividends and balance-sheet resilience are reviewed against sector risk. Narrative is improving toward quality, growth and capital return. Current regime lens: steady_state_low_chaos.","Mock risks: valuation compression, policy/regulatory shocks, dividend sustainability and liquidity stress. Narrative is reframing toward risk/deterioration. Distributional ML forecast shows attractive upside but asymmetric downside risk.",Needs review,Constructive,No major mock concern,Dividend quality compounds with stable cash flow.,Moderate total return with risk controls intact.,Macro or governance shock reduces valuation and income confidence.,51.797941461438334,Avoid,0.5679794146143834
ARES.US,Ares Management LP,"Mock analyst view: quality, dividends and balance-sheet resilience are reviewed against sector risk. Narrative is improving toward quality, growth and capital return. Current regime lens: steady_state_low_chaos.","Mock risks: valuation compression, policy/regulatory shocks, dividend sustainability and liquidity stress. ML dividend-cut probability is elevated. Forecast uncertainty is high; analyst placeholder treats this as Watchlist risk. Forecast distribution has downside skew risk.",Needs review,Constructive,No major mock concern,Dividend quality compounds with stable cash flow.,Moderate total return with risk controls intact.,Macro or governance shock reduces valuation and income confidence.,51.77450113306041,Avoid,0.5677450113306042
TJX.US,The TJX Companies Inc,"Mock analyst view: quality, dividends and balance-sheet resilience are reviewed against sector risk. Narrative is improving toward quality, growth and capital return. Current regime lens: steady_state_low_chaos.","Mock risks: valuation compression, policy/regulatory shocks, dividend sustainability and liquidity stress. Narrative is reframing toward risk/deterioration.",Needs review,Mixed,No major mock concern,Dividend quality compounds with stable cash flow.,Moderate total return with risk controls intact.,Macro or governance shock reduces valuation and income confidence.,51.76410992575973,Avoid,0.5676410992575974
RSG.US,Republic Services Inc,"Mock analyst view: quality, dividends and balance-sheet resilience are reviewed against sector risk. Narrative is improving toward quality, growth and capital return. Current regime lens: steady_state_low_chaos.","Mock risks: valuation compression, policy/regulatory shocks, dividend sustainability and liquidity stress.",Needs review,Mixed,No major mock concern,Dividend quality compounds with stable cash flow.,Moderate total return with risk controls intact.,Macro or governance shock reduces valuation and income confidence.,51.74434059315179,Avoid,0.567443405931518
6862.HK,Haidilao International Holding Ltd,"Mock analyst view: quality, dividends and balance-sheet resilience are reviewed against sector risk. Narrative is improving toward quality, growth and capital return. Current regime lens: steady_state_low_chaos.","Mock risks: valuation compression, policy/regulatory shocks, dividend sustainability and liquidity stress. Distributional ML forecast shows attractive upside but asymmetric downside risk. ML dividend-cut probability is elevated.",Needs review,Mixed,No major mock concern,Dividend quality compounds with stable cash flow.,Moderate total return with risk controls intact.,Macro or governance shock reduces valuation and income confidence.,51.73931117816529,Avoid,0.567393111781653
RKT.LSE,Reckitt Benckiser Group PLC,"Mock analyst view: quality, dividends and balance-sheet resilience are reviewed against sector risk. Current regime lens: steady_state_low_chaos.","Mock risks: valuation compression, policy/regulatory shocks, dividend sustainability and liquidity stress. Narrative is reframing toward risk/deterioration. Distributional ML forecast shows attractive upside but asymmetric downside risk.",Needs review,Mixed,No major mock concern,Dividend quality compounds with stable cash flow.,Moderate total return with risk controls intact.,Macro or governance shock reduces valuation and income confidence.,51.73110290886534,Avoid,0.5673110290886534
300033.SHE,Hithink RoyalFlush Info Network,"Mock analyst view: quality, dividends and balance-sheet resilience are reviewed against sector risk. Narrative is improving toward quality, growth and capital return. Current regime lens: steady_state_low_chaos.","Mock risks: valuation compression, policy/regulatory shocks, dividend sustainability and liquidity stress. Forecast uncertainty is high; analyst placeholder treats this as Watchlist risk.",Constructive,Mixed,No major mock concern,Dividend quality compounds with stable cash flow.,Moderate total return with risk controls intact.,Macro or governance shock reduces valuation and income confidence.,51.717421137236926,Hold,0.5671742113723693
BC8.XETRA,Bechtle AG,"Mock analyst view: quality, dividends and balance-sheet resilience are reviewed against sector risk. Narrative is improving toward quality, growth and capital return. Current regime lens: steady_state_low_chaos.","Mock risks: valuation compression, policy/regulatory shocks, dividend sustainability and liquidity stress. Forecast uncertainty is high; analyst placeholder treats this as Watchlist risk.",Needs review,Mixed,No major mock concern,Dividend quality compounds with stable cash flow.,Moderate total return with risk controls intact.,Macro or governance shock reduces valuation and income confidence.,51.67058128113177,Avoid,0.5667058128113177
AFL.US,Aflac Incorporated,"Mock analyst view: quality, dividends and balance-sheet resilience are reviewed against sector risk. Narrative is improving toward quality, growth and capital return. Current regime lens: steady_state_low_chaos.","Mock risks: valuation compression, policy/regulatory shocks, dividend sustainability and liquidity stress.",Constructive,Mixed,No major mock concern,Dividend quality compounds with stable cash flow.,Moderate total return with risk controls intact.,Macro or governance shock reduces valuation and income confidence.,51.660117276505666,Hold,0.5666011727650567
CTAS.US,Cintas Corporation,"Mock analyst view: quality, dividends and balance-sheet resilience are reviewed against sector risk. Current regime lens: steady_state_low_chaos.","Mock risks: valuation compression, policy/regulatory shocks, dividend sustainability and liquidity stress. Narrative is reframing toward risk/deterioration.",Needs review,Mixed,No major mock concern,Dividend quality compounds with stable cash flow.,Moderate total return with risk controls intact.,Macro or governance shock reduces valuation and income confidence.,51.65695538456454,Avoid,0.5665695538456454
LGEN.LSE,Legal & General Group PLC,"Mock analyst view: quality, dividends and balance-sheet resilience are reviewed against sector risk. Narrative is improving toward quality, growth and capital return. Current regime lens: steady_state_low_chaos.","Mock risks: valuation compression, policy/regulatory shocks, dividend sustainability and liquidity stress. Distributional ML forecast shows attractive upside but asymmetric downside risk. ML dividend-cut probability is elevated.",Needs review,Constructive,No major mock concern,Dividend quality compounds with stable cash flow.,Moderate total return with risk controls intact.,Macro or governance shock reduces valuation and income confidence.,51.656841656148174,Avoid,0.5665684165614818
HEXA-B.ST,Hexagon AB (publ),"Mock analyst view: quality, dividends and balance-sheet resilience are reviewed against sector risk. Narrative is improving toward quality, growth and capital return. Current regime lens: steady_state_low_chaos.","Mock risks: valuation compression, policy/regulatory shocks, dividend sustainability and liquidity stress.",Constructive,Constructive,No major mock concern,Dividend quality compounds with stable cash flow.,Moderate total return with risk controls intact.,Macro or governance shock reduces valuation and income confidence.,51.572098269766684,Hold,0.5657209826976669
6823.HK,HKT Trust,"Mock analyst view: quality, dividends and balance-sheet resilience are reviewed against sector risk. Current regime lens: steady_state_low_chaos.","Mock risks: valuation compression, policy/regulatory shocks, dividend sustainability and liquidity stress. Narrative is reframing toward risk/deterioration. ML dividend-cut probability is elevated.",Needs review,Constructive,No major mock concern,Dividend quality compounds with stable cash flow.,Moderate total return with risk controls intact.,Macro or governance shock reduces valuation and income confidence.,51.56150649201272,Avoid,0.5656150649201273
0425.HK,Minth Group Ltd,"Mock analyst view: quality, dividends and balance-sheet resilience are reviewed against sector risk. Current regime lens: steady_state_low_chaos.","Mock risks: valuation compression, policy/regulatory shocks, dividend sustainability and liquidity stress. Distributional ML forecast shows attractive upside but asymmetric downside risk. Forecast uncertainty is high; analyst placeholder treats this as Watchlist risk.",Needs review,Mixed,No major mock concern,Dividend quality compounds with stable cash flow.,Moderate total return with risk controls intact.,Macro or governance shock reduces valuation and income confidence.,51.55708754775818,Avoid,0.5655708754775819
ACS.MC,ACS Actividades de Construccion y Servicios SA,"Mock analyst view: quality, dividends and balance-sheet resilience are reviewed against sector risk. Narrative is improving toward quality, growth and capital return. Current regime lens: steady_state_low_chaos.","Mock risks: valuation compression, policy/regulatory shocks, dividend sustainability and liquidity stress. Distributional ML forecast shows attractive upside but asymmetric downside risk.",Needs review,Mixed,No major mock concern,Dividend quality compounds with stable cash flow.,Moderate total return with risk controls intact.,Macro or governance shock reduces valuation and income confidence.,51.5275151465168,Hold,0.565275151465168
BION.SW,BB Biotech AG,"Mock analyst view: quality, dividends and balance-sheet resilience are reviewed against sector risk. Current regime lens: steady_state_low_chaos.","Mock risks: valuation compression, policy/regulatory shocks, dividend sustainability and liquidity stress. Narrative is reframing toward risk/deterioration. Credit/refinancing pressure is increasingly central to the equity story. Distributional ML forecast shows attractive upside but asymmetric downside risk.",Needs review,Constructive,No major mock concern,Dividend quality compounds with stable cash flow.,Moderate total return with risk controls intact.,Macro or governance shock reduces valuation and income confidence.,51.526590198267805,Avoid,0.5652659019826781
ABN.AS,ABN Amro Group NV,"Mock analyst view: quality, dividends and balance-sheet resilience are reviewed against sector risk. Narrative is improving toward quality, growth and capital return. Current regime lens: steady_state_low_chaos.","Mock risks: valuation compression, policy/regulatory shocks, dividend sustainability and liquidity stress. Distributional ML forecast shows attractive upside but asymmetric downside risk.",Constructive,Mixed,No major mock concern,Dividend quality compounds with stable cash flow.,Moderate total return with risk controls intact.,Macro or governance shock reduces valuation and income confidence.,51.51847052702646,Hold,0.5651847052702647
601788.SHG,Everbright Securities Co Ltd,"Mock analyst view: quality, dividends and balance-sheet resilience are reviewed against sector risk. Narrative is improving toward quality, growth and capital return. Current regime lens: steady_state_low_chaos.","Mock risks: valuation compression, policy/regulatory shocks, dividend sustainability and liquidity stress. Distributional ML forecast shows attractive upside but asymmetric downside risk.",Needs review,Constructive,No major mock concern,Dividend quality compounds with stable cash flow.,Moderate total return with risk controls intact.,Macro or governance shock reduces valuation and income confidence.,51.503365636923135,Avoid,0.5650336563692314
O.US,Realty Income Corporation,"Mock analyst view: quality, dividends and balance-sheet resilience are reviewed against sector risk. Narrative is improving toward quality, growth and capital return. Current regime lens: steady_state_low_chaos.","Mock risks: valuation compression, policy/regulatory shocks, dividend sustainability and liquidity stress. Distributional ML forecast shows attractive upside but asymmetric downside risk. ML dividend-cut probability is elevated.",Needs review,Constructive,No major mock concern,Dividend quality compounds with stable cash flow.,Moderate total return with risk controls intact.,Macro or governance shock reduces valuation and income confidence.,51.43238655435568,Avoid,0.5643238655435568
601958.SHG,Jinduicheng Molybdenum Co Ltd,"Mock analyst view: quality, dividends and balance-sheet resilience are reviewed against sector risk. Current regime lens: steady_state_low_chaos.","Mock risks: valuation compression, policy/regulatory shocks, dividend sustainability and liquidity stress. Narrative is reframing toward risk/deterioration. Forecast uncertainty is high; analyst placeholder treats this as Watchlist risk.",Needs review,Mixed,No major mock concern,Dividend quality compounds with stable cash flow.,Moderate total return with risk controls intact.,Macro or governance shock reduces valuation and income confidence.,51.410283402767575,Hold,0.5641028340276758
ZURN.SW,Zurich Insurance Group AG,"Mock analyst view: quality, dividends and balance-sheet resilience are reviewed against sector risk. Current regime lens: steady_state_low_chaos.","Mock risks: valuation compression, policy/regulatory shocks, dividend sustainability and liquidity stress. Narrative is reframing toward risk/deterioration. Credit/refinancing pressure is increasingly central to the equity story.",Needs review,Mixed,No major mock concern,Dividend quality compounds with stable cash flow.,Moderate total return with risk controls intact.,Macro or governance shock reduces valuation and income confidence.,51.39536999933578,Avoid,0.5639536999933579
NVO.US,Novo Nordisk A/S,"Mock analyst view: quality, dividends and balance-sheet resilience are reviewed against sector risk. Current regime lens: steady_state_low_chaos.","Mock risks: valuation compression, policy/regulatory shocks, dividend sustainability and liquidity stress. Narrative is reframing toward risk/deterioration. Distributional ML forecast shows attractive upside but asymmetric downside risk. ML dividend-cut probability is elevated. Forecast uncertainty is high; analyst placeholder treats this as Watchlist risk.",Needs review,Mixed,No major mock concern,Dividend quality compounds with stable cash flow.,Moderate total return with risk controls intact.,Macro or governance shock reduces valuation and income confidence.,51.327443890022366,Avoid,0.5632744389002237
SAGA-B.ST,AB Sagax (publ),"Mock analyst view: quality, dividends and balance-sheet resilience are reviewed against sector risk. Narrative is improving toward quality, growth and capital return. Current regime lens: steady_state_low_chaos.","Mock risks: valuation compression, policy/regulatory shocks, dividend sustainability and liquidity stress. ML dividend-cut probability is elevated.",Constructive,Constructive,No major mock concern,Dividend quality compounds with stable cash flow.,Moderate total return with risk controls intact.,Macro or governance shock reduces valuation and income confidence.,51.308154565009836,Avoid,0.5630815456500984
HSY.US,Hershey Co,"Mock analyst view: quality, dividends and balance-sheet resilience are reviewed against sector risk. Narrative is improving toward quality, growth and capital return. Current regime lens: steady_state_low_chaos.","Mock risks: valuation compression, policy/regulatory shocks, dividend sustainability and liquidity stress.",Needs review,Constructive,No major mock concern,Dividend quality compounds with stable cash flow.,Moderate total return with risk controls intact.,Macro or governance shock reduces valuation and income confidence.,51.28024177181007,Hold,0.5628024177181007
AFX.XETRA,Carl Zeiss Meditec AG,"Mock analyst view: quality, dividends and balance-sheet resilience are reviewed against sector risk. Narrative is improving toward quality, growth and capital return. Current regime lens: steady_state_low_chaos.","Mock risks: valuation compression, policy/regulatory shocks, dividend sustainability and liquidity stress. Distributional ML forecast shows attractive upside but asymmetric downside risk. Forecast uncertainty is high; analyst placeholder treats this as Watchlist risk.",Needs review,Mixed,No major mock concern,Dividend quality compounds with stable cash flow.,Moderate total return with risk controls intact.,Macro or governance shock reduces valuation and income confidence.,51.27420538477922,Avoid,0.5627420538477923
0001.HK,CK Hutchison Holdings Limited,"Mock analyst view: quality, dividends and balance-sheet resilience are reviewed against sector risk. Current regime lens: steady_state_low_chaos.","Mock risks: valuation compression, policy/regulatory shocks, dividend sustainability and liquidity stress. Narrative is reframing toward risk/deterioration. Credit/refinancing pressure is increasingly central to the equity story. Distributional ML forecast shows attractive upside but asymmetric downside risk.",Needs review,Constructive,No major mock concern,Dividend quality compounds with stable cash flow.,Moderate total return with risk controls intact.,Macro or governance shock reduces valuation and income confidence.,51.26919112092421,Avoid,0.5626919112092421
DVN.US,Devon Energy Corporation,"Mock analyst view: quality, dividends and balance-sheet resilience are reviewed against sector risk. Narrative is improving toward quality, growth and capital return. Current regime lens: steady_state_low_chaos.","Mock risks: valuation compression, policy/regulatory shocks, dividend sustainability and liquidity stress. Distributional ML forecast shows attractive upside but asymmetric downside risk.",Needs review,Constructive,No major mock concern,Dividend quality compounds with stable cash flow.,Moderate total return with risk controls intact.,Macro or governance shock reduces valuation and income confidence.,51.25614974898779,Hold,0.5625614974898779
1071.HK,Huadian Power International Corp Ltd,"Mock analyst view: quality, dividends and balance-sheet resilience are reviewed against sector risk. Current regime lens: steady_state_low_chaos.","Mock risks: valuation compression, policy/regulatory shocks, dividend sustainability and liquidity stress. Narrative is reframing toward risk/deterioration. Distributional ML forecast shows attractive upside but asymmetric downside risk. ML dividend-cut probability is elevated.",Constructive,Constructive,No major mock concern,Dividend quality compounds with stable cash flow.,Moderate total return with risk controls intact.,Macro or governance shock reduces valuation and income confidence.,51.2465615760093,Avoid,0.562465615760093
ENOG.LSE,Energean Oil & Gas PLC,"Mock analyst view: quality, dividends and balance-sheet resilience are reviewed against sector risk. Narrative is improving toward quality, growth and capital return. Current regime lens: steady_state_low_chaos.","Mock risks: valuation compression, policy/regulatory shocks, dividend sustainability and liquidity stress. Distributional ML forecast shows attractive upside but asymmetric downside risk. ML dividend-cut probability is elevated. Forecast distribution has downside skew risk.",Constructive,Constructive,No major mock concern,Dividend quality compounds with stable cash flow.,Moderate total return with risk controls intact.,Macro or governance shock reduces valuation and income confidence.,51.24480439815768,Avoid,0.5624480439815769
SAB.MC,Banco de Sabadell S.A,"Mock analyst view: quality, dividends and balance-sheet resilience are reviewed against sector risk. Narrative is improving toward quality, growth and capital return. Current regime lens: steady_state_low_chaos.","Mock risks: valuation compression, policy/regulatory shocks, dividend sustainability and liquidity stress. Distributional ML forecast shows attractive upside but asymmetric downside risk.",Constructive,Constructive,No major mock concern,Dividend quality compounds with stable cash flow.,Moderate total return with risk controls intact.,Macro or governance shock reduces valuation and income confidence.,51.21471491229492,Hold,0.5621471491229493
600066.SHG,Zhengzhou Yutong Bus Co Ltd,"Mock analyst view: quality, dividends and balance-sheet resilience are reviewed against sector risk. Narrative is improving toward quality, growth and capital return. Current regime lens: steady_state_low_chaos.","Mock risks: valuation compression, policy/regulatory shocks, dividend sustainability and liquidity stress. Distributional ML forecast shows attractive upside but asymmetric downside risk. ML dividend-cut probability is elevated.",Needs review,Mixed,No major mock concern,Dividend quality compounds with stable cash flow.,Moderate total return with risk controls intact.,Macro or governance shock reduces valuation and income confidence.,51.21050450967854,Hold,0.5621050450967855
BP.LSE,BP PLC,"Mock analyst view: quality, dividends and balance-sheet resilience are reviewed against sector risk. Narrative is improving toward quality, growth and capital return. Current regime lens: steady_state_low_chaos.","Mock risks: valuation compression, policy/regulatory shocks, dividend sustainability and liquidity stress. Distributional ML forecast shows attractive upside but asymmetric downside risk. ML dividend-cut probability is elevated.",Needs review,Constructive,No major mock concern,Dividend quality compounds with stable cash flow.,Moderate total return with risk controls intact.,Macro or governance shock reduces valuation and income confidence.,51.134376570665545,Avoid,0.5613437657066555
SGO.PA,Compagnie de Saint-Gobain S.A.,"Mock analyst view: quality, dividends and balance-sheet resilience are reviewed against sector risk. Current regime lens: steady_state_low_chaos.","Mock risks: valuation compression, policy/regulatory shocks, dividend sustainability and liquidity stress. Distributional ML forecast shows attractive upside but asymmetric downside risk.",Constructive,Constructive,No major mock concern,Dividend quality compounds with stable cash flow.,Moderate total return with risk controls intact.,Macro or governance shock reduces valuation and income confidence.,51.12767814413401,Avoid,0.5612767814413402
SECU-B.ST,Securitas AB,"Mock analyst view: quality, dividends and balance-sheet resilience are reviewed against sector risk. Narrative is improving toward quality, growth and capital return. Current regime lens: steady_state_low_chaos.","Mock risks: valuation compression, policy/regulatory shocks, dividend sustainability and liquidity stress. Distributional ML forecast shows attractive upside but asymmetric downside risk.",Constructive,Mixed,No major mock concern,Dividend quality compounds with stable cash flow.,Moderate total return with risk controls intact.,Macro or governance shock reduces valuation and income confidence.,51.11519451158322,Avoid,0.5611519451158322
CCI.US,Crown Castle,"Mock analyst view: quality, dividends and balance-sheet resilience are reviewed against sector risk. Narrative is improving toward quality, growth and capital return. Current regime lens: steady_state_low_chaos.","Mock risks: valuation compression, policy/regulatory shocks, dividend sustainability and liquidity stress. Distributional ML forecast shows attractive upside but asymmetric downside risk. ML dividend-cut probability is elevated. Forecast distribution has downside skew risk.",Needs review,Constructive,No major mock concern,Dividend quality compounds with stable cash flow.,Moderate total return with risk controls intact.,Macro or governance shock reduces valuation and income confidence.,51.10024323451717,Avoid,0.5610024323451718
EMSN.SW,EMS-CHEMIE HOLDING AG,"Mock analyst view: quality, dividends and balance-sheet resilience are reviewed against sector risk. Narrative is improving toward quality, growth and capital return. Current regime lens: steady_state_low_chaos.","Mock risks: valuation compression, policy/regulatory shocks, dividend sustainability and liquidity stress. Regime suitability requires review.",Needs review,Mixed,No major mock concern,Dividend quality compounds with stable cash flow.,Moderate total return with risk controls intact.,Macro or governance shock reduces valuation and income confidence.,51.053541746350795,Avoid,0.560535417463508
RXL.PA,Rexel S.A,"Mock analyst view: quality, dividends and balance-sheet resilience are reviewed against sector risk. Narrative is improving toward quality, growth and capital return. Current regime lens: steady_state_low_chaos.","Mock risks: valuation compression, policy/regulatory shocks, dividend sustainability and liquidity stress. Distributional ML forecast shows attractive upside but asymmetric downside risk.",Constructive,Mixed,No major mock concern,Dividend quality compounds with stable cash flow.,Moderate total return with risk controls intact.,Macro or governance shock reduces valuation and income confidence.,51.052295787130646,Hold,0.5605229578713065
300346.SHE,Jiangsu Nata Opto Electr Material,"Mock analyst view: quality, dividends and balance-sheet resilience are reviewed against sector risk. Narrative is improving toward quality, growth and capital return. Current regime lens: steady_state_low_chaos.","Mock risks: valuation compression, policy/regulatory shocks, dividend sustainability and liquidity stress. Forecast uncertainty is high; analyst placeholder treats this as Watchlist risk.",Needs review,Mixed,No major mock concern,Dividend quality compounds with stable cash flow.,Moderate total return with risk controls intact.,Macro or governance shock reduces valuation and income confidence.,51.02504300131237,Avoid,0.5602504300131237
IHG.LSE,InterContinental Hotels Group PLC,"Mock analyst view: quality, dividends and balance-sheet resilience are reviewed against sector risk. Narrative is improving toward quality, growth and capital return. Current regime lens: steady_state_low_chaos.","Mock risks: valuation compression, policy/regulatory shocks, dividend sustainability and liquidity stress.",Needs review,Mixed,No major mock concern,Dividend quality compounds with stable cash flow.,Moderate total return with risk controls intact.,Macro or governance shock reduces valuation and income confidence.,51.00689418869497,Avoid,0.5600689418869498
NWG.LSE,NatWest Group PLC,"Mock analyst view: quality, dividends and balance-sheet resilience are reviewed against sector risk. Narrative is improving toward quality, growth and capital return. Current regime lens: steady_state_low_chaos.","Mock risks: valuation compression, policy/regulatory shocks, dividend sustainability and liquidity stress. Distributional ML forecast shows attractive upside but asymmetric downside risk.",Constructive,Constructive,No major mock concern,Dividend quality compounds with stable cash flow.,Moderate total return with risk controls intact.,Macro or governance shock reduces valuation and income confidence.,51.00387207983208,Avoid,0.5600387207983208
KEMIRA.HE,Kemira Oyj,"Mock analyst view: quality, dividends and balance-sheet resilience are reviewed against sector risk. Current regime lens: steady_state_low_chaos.","Mock risks: valuation compression, policy/regulatory shocks, dividend sustainability and liquidity stress. Narrative is reframing toward risk/deterioration. Distributional ML forecast shows attractive upside but asymmetric downside risk. ML dividend-cut probability is elevated.",Needs review,Constructive,No major mock concern,Dividend quality compounds with stable cash flow.,Moderate total return with risk controls intact.,Macro or governance shock reduces valuation and income confidence.,50.97950626479426,Avoid,0.5597950626479427
AVOL.SW,Avolta AG,"Mock analyst view: quality, dividends and balance-sheet resilience are reviewed against sector risk. Narrative is improving toward quality, growth and capital return. Current regime lens: steady_state_low_chaos.","Mock risks: valuation compression, policy/regulatory shocks, dividend sustainability and liquidity stress. Distributional ML forecast shows attractive upside but asymmetric downside risk. ML dividend-cut probability is elevated.",Needs review,Constructive,No major mock concern,Dividend quality compounds with stable cash flow.,Moderate total return with risk controls intact.,Macro or governance shock reduces valuation and income confidence.,50.942108612823304,Hold,0.559421086128233
NXPI.US,NXP Semiconductors NV,"Mock analyst view: quality, dividends and balance-sheet resilience are reviewed against sector risk. Narrative is improving toward quality, growth and capital return. Current regime lens: steady_state_low_chaos.","Mock risks: valuation compression, policy/regulatory shocks, dividend sustainability and liquidity stress. Narrative is reframing toward risk/deterioration. ML dividend-cut probability is elevated. Forecast uncertainty is high; analyst placeholder treats this as Watchlist risk.",Needs review,Constructive,No major mock concern,Dividend quality compounds with stable cash flow.,Moderate total return with risk controls intact.,Macro or governance shock reduces valuation and income confidence.,50.91677755339242,Hold,0.5591677755339243
CPG.LSE,Compass Group PLC,"Mock analyst view: quality, dividends and balance-sheet resilience are reviewed against sector risk. Narrative is improving toward quality, growth and capital return. Current regime lens: steady_state_low_chaos.","Mock risks: valuation compression, policy/regulatory shocks, dividend sustainability and liquidity stress. Forecast uncertainty is high; analyst placeholder treats this as Watchlist risk.",Needs review,Mixed,No major mock concern,Dividend quality compounds with stable cash flow.,Moderate total return with risk controls intact.,Macro or governance shock reduces valuation and income confidence.,50.90957101939306,Hold,0.5590957101939307
600801.SHG,Huaxin Cement Co Ltd A,"Mock analyst view: quality, dividends and balance-sheet resilience are reviewed against sector risk. Narrative is improving toward quality, growth and capital return. Current regime lens: steady_state_low_chaos.","Mock risks: valuation compression, policy/regulatory shocks, dividend sustainability and liquidity stress. Narrative is reframing toward risk/deterioration. Distributional ML forecast shows attractive upside but asymmetric downside risk. Forecast uncertainty is high; analyst placeholder treats this as Watchlist risk.",Needs review,Constructive,No major mock concern,Dividend quality compounds with stable cash flow.,Moderate total return with risk controls intact.,Macro or governance shock reduces valuation and income confidence.,50.90505432940356,Hold,0.5590505432940357
HOLM-B.ST,Holmen AB (publ),"Mock analyst view: quality, dividends and balance-sheet resilience are reviewed against sector risk. Narrative is improving toward quality, growth and capital return. Current regime lens: steady_state_low_chaos.","Mock risks: valuation compression, policy/regulatory shocks, dividend sustainability and liquidity stress. Regime suitability requires review. Distributional ML forecast shows attractive upside but asymmetric downside risk.",Needs review,Mixed,No major mock concern,Dividend quality compounds with stable cash flow.,Moderate total return with risk controls intact.,Macro or governance shock reduces valuation and income confidence.,50.903989688014846,Avoid,0.5590398968801485
MBG.XETRA,Mercedes-Benz Group AG,"Mock analyst view: quality, dividends and balance-sheet resilience are reviewed against sector risk. Current regime lens: steady_state_low_chaos.","Mock risks: valuation compression, policy/regulatory shocks, dividend sustainability and liquidity stress. Narrative is reframing toward risk/deterioration. Distributional ML forecast shows attractive upside but asymmetric downside risk.",Needs review,Mixed,No major mock concern,Dividend quality compounds with stable cash flow.,Moderate total return with risk controls intact.,Macro or governance shock reduces valuation and income confidence.,50.892868239176195,Avoid,0.558928682391762
PETS.LSE,Pets at Home Group Plc,"Mock analyst view: quality, dividends and balance-sheet resilience are reviewed against sector risk. Narrative is improving toward quality, growth and capital return. Current regime lens: steady_state_low_chaos.","Mock risks: valuation compression, policy/regulatory shocks, dividend sustainability and liquidity stress. Distributional ML forecast shows attractive upside but asymmetric downside risk. ML dividend-cut probability is elevated.",Needs review,Constructive,No major mock concern,Dividend quality compounds with stable cash flow.,Moderate total return with risk controls intact.,Macro or governance shock reduces valuation and income confidence.,50.86458219161525,Avoid,0.5586458219161525
XOM.US,Exxon Mobil Corp,"Mock analyst view: quality, dividends and balance-sheet resilience are reviewed against sector risk. Narrative is improving toward quality, growth and capital return. Current regime lens: steady_state_low_chaos.","Mock risks: valuation compression, policy/regulatory shocks, dividend sustainability and liquidity stress. Distributional ML forecast shows attractive upside but asymmetric downside risk.",Needs review,Mixed,No major mock concern,Dividend quality compounds with stable cash flow.,Moderate total return with risk controls intact.,Macro or governance shock reduces valuation and income confidence.,50.86161969767054,Hold,0.5586161969767055
2419.HK,Dekon Food & Agriculture Group,"Mock analyst view: quality, dividends and balance-sheet resilience are reviewed against sector risk. Narrative is improving toward quality, growth and capital return. Current regime lens: steady_state_low_chaos.","Mock risks: valuation compression, policy/regulatory shocks, dividend sustainability and liquidity stress. Forecast uncertainty is high; analyst placeholder treats this as Watchlist risk.",Constructive,Mixed,No major mock concern,Dividend quality compounds with stable cash flow.,Moderate total return with risk controls intact.,Macro or governance shock reduces valuation and income confidence.,50.82877566374734,Avoid,0.5582877566374734
ELM.LSE,Elementis PLC,"Mock analyst view: quality, dividends and balance-sheet resilience are reviewed against sector risk. Narrative is improving toward quality, growth and capital return. Current regime lens: steady_state_low_chaos.","Mock risks: valuation compression, policy/regulatory shocks, dividend sustainability and liquidity stress.",Constructive,Mixed,No major mock concern,Dividend quality compounds with stable cash flow.,Moderate total return with risk controls intact.,Macro or governance shock reduces valuation and income confidence.,50.738445564895486,Avoid,0.5573844556489549
JNJ.US,Johnson & Johnson,"Mock analyst view: quality, dividends and balance-sheet resilience are reviewed against sector risk. Current regime lens: steady_state_low_chaos.","Mock risks: valuation compression, policy/regulatory shocks, dividend sustainability and liquidity stress. Narrative is reframing toward risk/deterioration. Credit/refinancing pressure is increasingly central to the equity story.",Needs review,Mixed,No major mock concern,Dividend quality compounds with stable cash flow.,Moderate total return with risk controls intact.,Macro or governance shock reduces valuation and income confidence.,50.726891307549955,Avoid,0.5572689130754996
TRMD-A.CO,TORM plc,"Mock analyst view: quality, dividends and balance-sheet resilience are reviewed against sector risk. Narrative is improving toward quality, growth and capital return. Current regime lens: steady_state_low_chaos.","Mock risks: valuation compression, policy/regulatory shocks, dividend sustainability and liquidity stress. Narrative is reframing toward risk/deterioration. Distributional ML forecast shows attractive upside but asymmetric downside risk. Forecast uncertainty is high; analyst placeholder treats this as Watchlist risk.",Needs review,Constructive,No major mock concern,Dividend quality compounds with stable cash flow.,Moderate total return with risk controls intact.,Macro or governance shock reduces valuation and income confidence.,50.68038144779579,Avoid,0.5568038144779579
MTO.LSE,Mitie Group PLC,"Mock analyst view: quality, dividends and balance-sheet resilience are reviewed against sector risk. Narrative is improving toward quality, growth and capital return. Current regime lens: steady_state_low_chaos.","Mock risks: valuation compression, policy/regulatory shocks, dividend sustainability and liquidity stress. Forecast uncertainty is high; analyst placeholder treats this as Watchlist risk.",Needs review,Mixed,No major mock concern,Dividend quality compounds with stable cash flow.,Moderate total return with risk controls intact.,Macro or governance shock reduces valuation and income confidence.,50.679893592327964,Avoid,0.5567989359232797
UNP.US,Union Pacific Corporation,"Mock analyst view: quality, dividends and balance-sheet resilience are reviewed against sector risk. Narrative is improving toward quality, growth and capital return. Current regime lens: steady_state_low_chaos.","Mock risks: valuation compression, policy/regulatory shocks, dividend sustainability and liquidity stress. Narrative is reframing toward risk/deterioration.",Needs review,Constructive,No major mock concern,Dividend quality compounds with stable cash flow.,Moderate total return with risk controls intact.,Macro or governance shock reduces valuation and income confidence.,50.67308875761616,Hold,0.5567308875761616
BRAV.ST,Bravida Holding AB,"Mock analyst view: quality, dividends and balance-sheet resilience are reviewed against sector risk. Narrative is improving toward quality, growth and capital return. Current regime lens: steady_state_low_chaos.","Mock risks: valuation compression, policy/regulatory shocks, dividend sustainability and liquidity stress.",Needs review,Mixed,No major mock concern,Dividend quality compounds with stable cash flow.,Moderate total return with risk controls intact.,Macro or governance shock reduces valuation and income confidence.,50.6592043491788,Avoid,0.556592043491788
600104.SHG,SAIC Motor Corp Ltd,"Mock analyst view: quality, dividends and balance-sheet resilience are reviewed against sector risk. Narrative is improving toward quality, growth and capital return. Current regime lens: steady_state_low_chaos.","Mock risks: valuation compression, policy/regulatory shocks, dividend sustainability and liquidity stress. Distributional ML forecast shows attractive upside but asymmetric downside risk.",Needs review,Mixed,No major mock concern,Dividend quality compounds with stable cash flow.,Moderate total return with risk controls intact.,Macro or governance shock reduces valuation and income confidence.,50.63984385738112,Hold,0.5563984385738113
2382.HK,Sunny Optical Technology Group Co Ltd,"Mock analyst view: quality, dividends and balance-sheet resilience are reviewed against sector risk. Narrative is improving toward quality, growth and capital return. Current regime lens: steady_state_low_chaos.","Mock risks: valuation compression, policy/regulatory shocks, dividend sustainability and liquidity stress. Distributional ML forecast shows attractive upside but asymmetric downside risk. Forecast uncertainty is high; analyst placeholder treats this as Watchlist risk.",Needs review,Mixed,No major mock concern,Dividend quality compounds with stable cash flow.,Moderate total return with risk controls intact.,Macro or governance shock reduces valuation and income confidence.,50.604349879107176,Hold,0.5560434987910718
SRE.LSE,Sirius Real Estate Limited,"Mock analyst view: quality, dividends and balance-sheet resilience are reviewed against sector risk. Current regime lens: steady_state_low_chaos.","Mock risks: valuation compression, policy/regulatory shocks, dividend sustainability and liquidity stress. Distributional ML forecast shows attractive upside but asymmetric downside risk. ML dividend-cut probability is elevated.",Needs review,Mixed,No major mock concern,Dividend quality compounds with stable cash flow.,Moderate total return with risk controls intact.,Macro or governance shock reduces valuation and income confidence.,50.54191239250913,Avoid,0.5554191239250914
RI.PA,Pernod Ricard S.A.,"Mock analyst view: quality, dividends and balance-sheet resilience are reviewed against sector risk. Current regime lens: steady_state_low_chaos.","Mock risks: valuation compression, policy/regulatory shocks, dividend sustainability and liquidity stress. Narrative is reframing toward risk/deterioration. Distributional ML forecast shows attractive upside but asymmetric downside risk. ML dividend-cut probability is elevated.",Needs review,Mixed,No major mock concern,Dividend quality compounds with stable cash flow.,Moderate total return with risk controls intact.,Macro or governance shock reduces valuation and income confidence.,50.526948450031846,Hold,0.5552694845003185
APO.US,Apollo Global Management LLC Class A,"Mock analyst view: quality, dividends and balance-sheet resilience are reviewed against sector risk. Current regime lens: steady_state_low_chaos.","Mock risks: valuation compression, policy/regulatory shocks, dividend sustainability and liquidity stress. Narrative is reframing toward risk/deterioration. Credit/refinancing pressure is increasingly central to the equity story. Distributional ML forecast shows attractive upside but asymmetric downside risk.",Needs review,Constructive,No major mock concern,Dividend quality compounds with stable cash flow.,Moderate total return with risk controls intact.,Macro or governance shock reduces valuation and income confidence.,50.51721796011098,Avoid,0.5551721796011099
600019.SHG,Baoshan Iron & Steel Co Ltd,"Mock analyst view: quality, dividends and balance-sheet resilience are reviewed against sector risk. Narrative is improving toward quality, growth and capital return. Current regime lens: steady_state_low_chaos.","Mock risks: valuation compression, policy/regulatory shocks, dividend sustainability and liquidity stress. Distributional ML forecast shows attractive upside but asymmetric downside risk.",Needs review,Constructive,No major mock concern,Dividend quality compounds with stable cash flow.,Moderate total return with risk controls intact.,Macro or governance shock reduces valuation and income confidence.,50.49827347977435,Hold,0.5549827347977435
TEF.MC,Telefonica,"Mock analyst view: quality, dividends and balance-sheet resilience are reviewed against sector risk. Narrative is improving toward quality, growth and capital return. Current regime lens: steady_state_low_chaos.","Mock risks: valuation compression, policy/regulatory shocks, dividend sustainability and liquidity stress. Distributional ML forecast shows attractive upside but asymmetric downside risk. ML dividend-cut probability is elevated. Forecast distribution has downside skew risk.",Needs review,Constructive,No major mock concern,Dividend quality compounds with stable cash flow.,Moderate total return with risk controls intact.,Macro or governance shock reduces valuation and income confidence.,50.49383731745614,Avoid,0.5549383731745614
1908.HK,C&D International Investment Group Ltd,"Mock analyst view: quality, dividends and balance-sheet resilience are reviewed against sector risk. Narrative is improving toward quality, growth and capital return. Current regime lens: steady_state_low_chaos.","Mock risks: valuation compression, policy/regulatory shocks, dividend sustainability and liquidity stress. Narrative is reframing toward risk/deterioration. Distributional ML forecast shows attractive upside but asymmetric downside risk.",Needs review,Constructive,No major mock concern,Dividend quality compounds with stable cash flow.,Moderate total return with risk controls intact.,Macro or governance shock reduces valuation and income confidence.,50.47910810408036,Avoid,0.5547910810408037
MUV2.XETRA,Münchener Rück AG,"Mock analyst view: quality, dividends and balance-sheet resilience are reviewed against sector risk. Narrative is improving toward quality, growth and capital return. Current regime lens: steady_state_low_chaos.","Mock risks: valuation compression, policy/regulatory shocks, dividend sustainability and liquidity stress. Distributional ML forecast shows attractive upside but asymmetric downside risk.",Constructive,Mixed,No major mock concern,Dividend quality compounds with stable cash flow.,Moderate total return with risk controls intact.,Macro or governance shock reduces valuation and income confidence.,50.45951182312004,Hold,0.5545951182312004
AXP.US,American Express Company,"Mock analyst view: quality, dividends and balance-sheet resilience are reviewed against sector risk. Narrative is improving toward quality, growth and capital return. Current regime lens: steady_state_low_chaos.","Mock risks: valuation compression, policy/regulatory shocks, dividend sustainability and liquidity stress. Distributional ML forecast shows attractive upside but asymmetric downside risk.",Needs review,Constructive,No major mock concern,Dividend quality compounds with stable cash flow.,Moderate total return with risk controls intact.,Macro or governance shock reduces valuation and income confidence.,50.41851741025774,Avoid,0.5541851741025775
1088.HK,China Shenhua Energy Co Ltd H,"Mock analyst view: quality, dividends and balance-sheet resilience are reviewed against sector risk. Current regime lens: steady_state_low_chaos.","Mock risks: valuation compression, policy/regulatory shocks, dividend sustainability and liquidity stress. Narrative is reframing toward risk/deterioration. Distributional ML forecast shows attractive upside but asymmetric downside risk. ML dividend-cut probability is elevated. Forecast distribution has downside skew risk.",Needs review,Mixed,No major mock concern,Dividend quality compounds with stable cash flow.,Moderate total return with risk controls intact.,Macro or governance shock reduces valuation and income confidence.,50.40701282455747,Avoid,0.5540701282455748
2507.HK,Cirrus Aircraft Ltd,"Mock analyst view: quality, dividends and balance-sheet resilience are reviewed against sector risk. Current regime lens: steady_state_low_chaos.","Mock risks: valuation compression, policy/regulatory shocks, dividend sustainability and liquidity stress. Narrative is reframing toward risk/deterioration. Credit/refinancing pressure is increasingly central to the equity story. Forecast uncertainty is high; analyst placeholder treats this as Watchlist risk. Forecast distribution has downside skew risk.",Needs review,Mixed,No major mock concern,Dividend quality compounds with stable cash flow.,Moderate total return with risk controls intact.,Macro or governance shock reduces valuation and income confidence.,50.38958341955805,Avoid,0.5538958341955805
AMGN.US,Amgen Inc,"Mock analyst view: quality, dividends and balance-sheet resilience are reviewed against sector risk. Current regime lens: steady_state_low_chaos.","Mock risks: valuation compression, policy/regulatory shocks, dividend sustainability and liquidity stress. Narrative is reframing toward risk/deterioration.",Needs review,Constructive,No major mock concern,Dividend quality compounds with stable cash flow.,Moderate total return with risk controls intact.,Macro or governance shock reduces valuation and income confidence.,50.31781808819195,Hold,0.5531781808819195
EQNR.US,Equinor ASA ADR,"Mock analyst view: quality, dividends and balance-sheet resilience are reviewed against sector risk. Current regime lens: steady_state_low_chaos.","Mock risks: valuation compression, policy/regulatory shocks, dividend sustainability and liquidity stress. Narrative is reframing toward risk/deterioration. Distributional ML forecast shows attractive upside but asymmetric downside risk.",Needs review,Mixed,No major mock concern,Dividend quality compounds with stable cash flow.,Moderate total return with risk controls intact.,Macro or governance shock reduces valuation and income confidence.,50.30109402937379,Hold,0.553010940293738
BEIJ-B.ST,Beijer Ref AB (publ),"Mock analyst view: quality, dividends and balance-sheet resilience are reviewed against sector risk. Narrative is improving toward quality, growth and capital return. Current regime lens: steady_state_low_chaos.","Mock risks: valuation compression, policy/regulatory shocks, dividend sustainability and liquidity stress.",Needs review,Mixed,No major mock concern,Dividend quality compounds with stable cash flow.,Moderate total return with risk controls intact.,Macro or governance shock reduces valuation and income confidence.,50.285750782941726,Avoid,0.5528575078294173
MCD.US,McDonald’s Corporation,"Mock analyst view: quality, dividends and balance-sheet resilience are reviewed against sector risk. Narrative is improving toward quality, growth and capital return. Current regime lens: steady_state_low_chaos.","Mock risks: valuation compression, policy/regulatory shocks, dividend sustainability and liquidity stress. Distributional ML forecast shows attractive upside but asymmetric downside risk.",Needs review,Constructive,No major mock concern,Dividend quality compounds with stable cash flow.,Moderate total return with risk controls intact.,Macro or governance shock reduces valuation and income confidence.,50.27843768266761,Hold,0.5527843768266761
EVD.XETRA,CTS Eventim AG & Co. KGaA,"Mock analyst view: quality, dividends and balance-sheet resilience are reviewed against sector risk. Narrative is improving toward quality, growth and capital return. Current regime lens: steady_state_low_chaos.","Mock risks: valuation compression, policy/regulatory shocks, dividend sustainability and liquidity stress. ML dividend-cut probability is elevated. Forecast uncertainty is high; analyst placeholder treats this as Watchlist risk. Forecast distribution has downside skew risk.",Needs review,Mixed,No major mock concern,Dividend quality compounds with stable cash flow.,Moderate total return with risk controls intact.,Macro or governance shock reduces valuation and income confidence.,50.27514846086642,Avoid,0.5527514846086642
BFSA.XETRA,Befesa SA,"Mock analyst view: quality, dividends and balance-sheet resilience are reviewed against sector risk. Narrative is improving toward quality, growth and capital return. Current regime lens: steady_state_low_chaos.","Mock risks: valuation compression, policy/regulatory shocks, dividend sustainability and liquidity stress. Distributional ML forecast shows attractive upside but asymmetric downside risk.",Needs review,Constructive,No major mock concern,Dividend quality compounds with stable cash flow.,Moderate total return with risk controls intact.,Macro or governance shock reduces valuation and income confidence.,50.26346203674558,Avoid,0.5526346203674558
NWG.US,Natwest Group PLC,"Mock analyst view: quality, dividends and balance-sheet resilience are reviewed against sector risk. Narrative is improving toward quality, growth and capital return. Current regime lens: steady_state_low_chaos.","Mock risks: valuation compression, policy/regulatory shocks, dividend sustainability and liquidity stress. Narrative is reframing toward risk/deterioration. Distributional ML forecast shows attractive upside but asymmetric downside risk.",Needs review,Constructive,No major mock concern,Dividend quality compounds with stable cash flow.,Moderate total return with risk controls intact.,Macro or governance shock reduces valuation and income confidence.,50.257736529294625,Hold,0.5525773652929463
VACN.SW,VAT Group AG,"Mock analyst view: quality, dividends and balance-sheet resilience are reviewed against sector risk. Narrative is improving toward quality, growth and capital return. Current regime lens: steady_state_low_chaos.","Mock risks: valuation compression, policy/regulatory shocks, dividend sustainability and liquidity stress. Narrative is reframing toward risk/deterioration. Regime suitability requires review. ML dividend-cut probability is elevated. Forecast uncertainty is high; analyst placeholder treats this as Watchlist risk.",Needs review,Mixed,No major mock concern,Dividend quality compounds with stable cash flow.,Moderate total return with risk controls intact.,Macro or governance shock reduces valuation and income confidence.,50.23177620027719,Avoid,0.5523177620027719
MRK.US,Merck & Company Inc,"Mock analyst view: quality, dividends and balance-sheet resilience are reviewed against sector risk. Narrative is improving toward quality, growth and capital return. Current regime lens: steady_state_low_chaos.","Mock risks: valuation compression, policy/regulatory shocks, dividend sustainability and liquidity stress. ML dividend-cut probability is elevated.",Needs review,Mixed,No major mock concern,Dividend quality compounds with stable cash flow.,Moderate total return with risk controls intact.,Macro or governance shock reduces valuation and income confidence.,50.12219694884297,Avoid,0.5512219694884297
VONN.SW,Vontobel Holding,"Mock analyst view: quality, dividends and balance-sheet resilience are reviewed against sector risk. Narrative is improving toward quality, growth and capital return. Current regime lens: steady_state_low_chaos.","Mock risks: valuation compression, policy/regulatory shocks, dividend sustainability and liquidity stress. Distributional ML forecast shows attractive upside but asymmetric downside risk.",Needs review,Constructive,No major mock concern,Dividend quality compounds with stable cash flow.,Moderate total return with risk controls intact.,Macro or governance shock reduces valuation and income confidence.,50.084133514672544,Avoid,0.5508413351467255
SKF-B.ST,AB SKF (publ),"Mock analyst view: quality, dividends and balance-sheet resilience are reviewed against sector risk. Narrative is improving toward quality, growth and capital return. Current regime lens: steady_state_low_chaos.","Mock risks: valuation compression, policy/regulatory shocks, dividend sustainability and liquidity stress.",Needs review,Mixed,No major mock concern,Dividend quality compounds with stable cash flow.,Moderate total return with risk controls intact.,Macro or governance shock reduces valuation and income confidence.,50.08298282663416,Hold,0.5508298282663416
NOA3.XETRA,Nokia Corporation,"Mock analyst view: quality, dividends and balance-sheet resilience are reviewed against sector risk. Narrative is improving toward quality, growth and capital return. Current regime lens: steady_state_low_chaos.","Mock risks: valuation compression, policy/regulatory shocks, dividend sustainability and liquidity stress. ML dividend-cut probability is elevated. Forecast uncertainty is high; analyst placeholder treats this as Watchlist risk. Forecast distribution has downside skew risk.",Needs review,Mixed,No major mock concern,Dividend quality compounds with stable cash flow.,Moderate total return with risk controls intact.,Macro or governance shock reduces valuation and income confidence.,50.03730630883162,Avoid,0.5503730630883162
SPX.LSE,Spirax Group plc,"Mock analyst view: quality, dividends and balance-sheet resilience are reviewed against sector risk. Current regime lens: steady_state_low_chaos.","Mock risks: valuation compression, policy/regulatory shocks, dividend sustainability and liquidity stress.",Needs review,Constructive,No major mock concern,Dividend quality compounds with stable cash flow.,Moderate total return with risk controls intact.,Macro or governance shock reduces valuation and income confidence.,50.021834463977996,Avoid,0.55021834463978
601919.SHG,COSCO SHIPPING Holdings Co Ltd,"Mock analyst view: quality, dividends and balance-sheet resilience are reviewed against sector risk. Narrative is improving toward quality, growth and capital return. Current regime lens: steady_state_low_chaos.","Mock risks: valuation compression, policy/regulatory shocks, dividend sustainability and liquidity stress. Distributional ML forecast shows attractive upside but asymmetric downside risk. ML dividend-cut probability is elevated.",Needs review,Mixed,No major mock concern,Dividend quality compounds with stable cash flow.,Moderate total return with risk controls intact.,Macro or governance shock reduces valuation and income confidence.,49.99883746446596,Hold,0.5500116253553404
BPE5.XETRA,BP PLC (Reg. Shares),"Mock analyst view: quality, dividends and balance-sheet resilience are reviewed against sector risk. Current regime lens: steady_state_low_chaos.","Mock risks: valuation compression, policy/regulatory shocks, dividend sustainability and liquidity stress. Distributional ML forecast shows attractive upside but asymmetric downside risk. ML dividend-cut probability is elevated.",Needs review,Constructive,No major mock concern,Dividend quality compounds with stable cash flow.,Moderate total return with risk controls intact.,Macro or governance shock reduces valuation and income confidence.,49.90806006517339,Avoid,0.5509193993482662
DKSH.SW,DKSH Holding AG,"Mock analyst view: quality, dividends and balance-sheet resilience are reviewed against sector risk. Current regime lens: steady_state_low_chaos.","Mock risks: valuation compression, policy/regulatory shocks, dividend sustainability and liquidity stress. Narrative is reframing toward risk/deterioration. ML dividend-cut probability is elevated.",Needs review,Mixed,No major mock concern,Dividend quality compounds with stable cash flow.,Moderate total return with risk controls intact.,Macro or governance shock reduces valuation and income confidence.,49.884679938056856,Avoid,0.5511532006194315
600497.SHG,Yunnan Chihong Zinc&Germanium Co Ltd,"Mock analyst view: quality, dividends and balance-sheet resilience are reviewed against sector risk. Current regime lens: steady_state_low_chaos.","Mock risks: valuation compression, policy/regulatory shocks, dividend sustainability and liquidity stress. Narrative is reframing toward risk/deterioration. Forecast uncertainty is high; analyst placeholder treats this as Watchlist risk.",Needs review,Mixed,No major mock concern,Dividend quality compounds with stable cash flow.,Moderate total return with risk controls intact.,Macro or governance shock reduces valuation and income confidence.,49.866512764053745,Avoid,0.5513348723594625
ALFA.ST,Alfa Laval AB,"Mock analyst view: quality, dividends and balance-sheet resilience are reviewed against sector risk. Narrative is improving toward quality, growth and capital return. Current regime lens: steady_state_low_chaos.","Mock risks: valuation compression, policy/regulatory shocks, dividend sustainability and liquidity stress.",Needs review,Mixed,No major mock concern,Dividend quality compounds with stable cash flow.,Moderate total return with risk controls intact.,Macro or governance shock reduces valuation and income confidence.,49.86020141711137,Hold,0.5513979858288863
REN.AS,Relx PLC,"Mock analyst view: quality, dividends and balance-sheet resilience are reviewed against sector risk. Narrative is improving toward quality, growth and capital return. Current regime lens: steady_state_low_chaos.","Mock risks: valuation compression, policy/regulatory shocks, dividend sustainability and liquidity stress.",Needs review,Constructive,No major mock concern,Dividend quality compounds with stable cash flow.,Moderate total return with risk controls intact.,Macro or governance shock reduces valuation and income confidence.,49.83619528080747,Avoid,0.5516380471919253
FDX.US,FedEx Corporation,"Mock analyst view: quality, dividends and balance-sheet resilience are reviewed against sector risk. Narrative is improving toward quality, growth and capital return. Current regime lens: steady_state_low_chaos.","Mock risks: valuation compression, policy/regulatory shocks, dividend sustainability and liquidity stress. Distributional ML forecast shows attractive upside but asymmetric downside risk.",Needs review,Mixed,No major mock concern,Dividend quality compounds with stable cash flow.,Moderate total return with risk controls intact.,Macro or governance shock reduces valuation and income confidence.,49.82569621392321,Hold,0.551743037860768
KMI.US,Kinder Morgan Inc,"Mock analyst view: quality, dividends and balance-sheet resilience are reviewed against sector risk. Narrative is improving toward quality, growth and capital return. Current regime lens: steady_state_low_chaos.","Mock risks: valuation compression, policy/regulatory shocks, dividend sustainability and liquidity stress. Distributional ML forecast shows attractive upside but asymmetric downside risk. ML dividend-cut probability is elevated.",Needs review,Constructive,No major mock concern,Dividend quality compounds with stable cash flow.,Moderate total return with risk controls intact.,Macro or governance shock reduces valuation and income confidence.,49.82140249346685,Avoid,0.5517859750653316
LIN.US,Linde plc Ordinary Shares,"Mock analyst view: quality, dividends and balance-sheet resilience are reviewed against sector risk. Narrative is improving toward quality, growth and capital return. Current regime lens: steady_state_low_chaos.","Mock risks: valuation compression, policy/regulatory shocks, dividend sustainability and liquidity stress.",Needs review,Mixed,No major mock concern,Dividend quality compounds with stable cash flow.,Moderate total return with risk controls intact.,Macro or governance shock reduces valuation and income confidence.,49.820462966793414,Avoid,0.5517953703320659
RAND.AS,Randstad NV,"Mock analyst view: quality, dividends and balance-sheet resilience are reviewed against sector risk. Narrative is improving toward quality, growth and capital return. Current regime lens: steady_state_low_chaos.","Mock risks: valuation compression, policy/regulatory shocks, dividend sustainability and liquidity stress. Distributional ML forecast shows attractive upside but asymmetric downside risk. ML dividend-cut probability is elevated.",Needs review,Constructive,No major mock concern,Dividend quality compounds with stable cash flow.,Moderate total return with risk controls intact.,Macro or governance shock reduces valuation and income confidence.,49.81913680141189,Avoid,0.5518086319858811
BYG.LSE,Big Yellow Group PLC,"Mock analyst view: quality, dividends and balance-sheet resilience are reviewed against sector risk. Narrative is improving toward quality, growth and capital return. Current regime lens: steady_state_low_chaos.","Mock risks: valuation compression, policy/regulatory shocks, dividend sustainability and liquidity stress. Distributional ML forecast shows attractive upside but asymmetric downside risk. ML dividend-cut probability is elevated.",Needs review,Constructive,No major mock concern,Dividend quality compounds with stable cash flow.,Moderate total return with risk controls intact.,Macro or governance shock reduces valuation and income confidence.,49.79115970871173,Avoid,0.5520884029128827
ECL.US,Ecolab Inc,"Mock analyst view: quality, dividends and balance-sheet resilience are reviewed against sector risk. Narrative is improving toward quality, growth and capital return. Current regime lens: steady_state_low_chaos.","Mock risks: valuation compression, policy/regulatory shocks, dividend sustainability and liquidity stress.",Needs review,Mixed,No major mock concern,Dividend quality compounds with stable cash flow.,Moderate total return with risk controls intact.,Macro or governance shock reduces valuation and income confidence.,49.779648130387095,Avoid,0.552203518696129
INDU-C.ST,Industrivarden AB ser. C,"Mock analyst view: quality, dividends and balance-sheet resilience are reviewed against sector risk. Narrative is improving toward quality, growth and capital return. Current regime lens: steady_state_low_chaos.","Mock risks: valuation compression, policy/regulatory shocks, dividend sustainability and liquidity stress.",Constructive,Mixed,No major mock concern,Dividend quality compounds with stable cash flow.,Moderate total return with risk controls intact.,Macro or governance shock reduces valuation and income confidence.,49.77449760616012,Avoid,0.5522550239383989
EN.PA,Bouygues SA,"Mock analyst view: quality, dividends and balance-sheet resilience are reviewed against sector risk. Narrative is improving toward quality, growth and capital return. Current regime lens: steady_state_low_chaos.","Mock risks: valuation compression, policy/regulatory shocks, dividend sustainability and liquidity stress. Distributional ML forecast shows attractive upside but asymmetric downside risk.",Needs review,Mixed,No major mock concern,Dividend quality compounds with stable cash flow.,Moderate total return with risk controls intact.,Macro or governance shock reduces valuation and income confidence.,49.74537487132025,Hold,0.5525462512867976
BOL.PA,Bollore SA,"Mock analyst view: quality, dividends and balance-sheet resilience are reviewed against sector risk. Narrative is improving toward quality, growth and capital return. Current regime lens: steady_state_low_chaos.","Mock risks: valuation compression, policy/regulatory shocks, dividend sustainability and liquidity stress. Distributional ML forecast shows attractive upside but asymmetric downside risk.",Needs review,Mixed,No major mock concern,Dividend quality compounds with stable cash flow.,Moderate total return with risk controls intact.,Macro or governance shock reduces valuation and income confidence.,49.73887581149864,Avoid,0.5526112418850136
1913.HK,Prada SpA,"Mock analyst view: quality, dividends and balance-sheet resilience are reviewed against sector risk. Narrative is improving toward quality, growth and capital return. Current regime lens: steady_state_low_chaos.","Mock risks: valuation compression, policy/regulatory shocks, dividend sustainability and liquidity stress.",Needs review,Constructive,No major mock concern,Dividend quality compounds with stable cash flow.,Moderate total return with risk controls intact.,Macro or governance shock reduces valuation and income confidence.,49.73851558824198,Avoid,0.5526148441175802
ABBNY.US,ABB Ltd,"Mock analyst view: quality, dividends and balance-sheet resilience are reviewed against sector risk. Narrative is improving toward quality, growth and capital return. Current regime lens: steady_state_low_chaos.","Mock risks: valuation compression, policy/regulatory shocks, dividend sustainability and liquidity stress.",Needs review,Mixed,No major mock concern,Dividend quality compounds with stable cash flow.,Moderate total return with risk controls intact.,Macro or governance shock reduces valuation and income confidence.,49.73615532023297,Avoid,0.5526384467976704
VER.VI,VERBUND AG,"Mock analyst view: quality, dividends and balance-sheet resilience are reviewed against sector risk. Current regime lens: steady_state_low_chaos.","Mock risks: valuation compression, policy/regulatory shocks, dividend sustainability and liquidity stress. Narrative is reframing toward risk/deterioration. Distributional ML forecast shows attractive upside but asymmetric downside risk.",Needs review,Mixed,No major mock concern,Dividend quality compounds with stable cash flow.,Moderate total return with risk controls intact.,Macro or governance shock reduces valuation and income confidence.,49.72708502702724,Avoid,0.5527291497297276
HPOL-B.ST,HEXPOL AB (publ),"Mock analyst view: quality, dividends and balance-sheet resilience are reviewed against sector risk. Narrative is improving toward quality, growth and capital return. Current regime lens: steady_state_low_chaos.","Mock risks: valuation compression, policy/regulatory shocks, dividend sustainability and liquidity stress. Regime suitability requires review. Distributional ML forecast shows attractive upside but asymmetric downside risk.",Needs review,Mixed,No major mock concern,Dividend quality compounds with stable cash flow.,Moderate total return with risk controls intact.,Macro or governance shock reduces valuation and income confidence.,49.68936241478951,Avoid,0.553106375852105
ITV.LSE,ITV PLC,"Mock analyst view: quality, dividends and balance-sheet resilience are reviewed against sector risk. Narrative is improving toward quality, growth and capital return. Current regime lens: steady_state_low_chaos.","Mock risks: valuation compression, policy/regulatory shocks, dividend sustainability and liquidity stress. Distributional ML forecast shows attractive upside but asymmetric downside risk. ML dividend-cut probability is elevated.",Needs review,Mixed,No major mock concern,Dividend quality compounds with stable cash flow.,Moderate total return with risk controls intact.,Macro or governance shock reduces valuation and income confidence.,49.68888270971062,Avoid,0.5531111729028939
EXPN.LSE,Experian PLC,"Mock analyst view: quality, dividends and balance-sheet resilience are reviewed against sector risk. Narrative is improving toward quality, growth and capital return. Current regime lens: steady_state_low_chaos.","Mock risks: valuation compression, policy/regulatory shocks, dividend sustainability and liquidity stress.",Needs review,Constructive,No major mock concern,Dividend quality compounds with stable cash flow.,Moderate total return with risk controls intact.,Macro or governance shock reduces valuation and income confidence.,49.64130518471107,Avoid,0.5535869481528893
BNY.US,The Bank of New York Mellon Corporation,"Mock analyst view: quality, dividends and balance-sheet resilience are reviewed against sector risk. Narrative is improving toward quality, growth and capital return. Current regime lens: steady_state_low_chaos.","Mock risks: valuation compression, policy/regulatory shocks, dividend sustainability and liquidity stress. Distributional ML forecast shows attractive upside but asymmetric downside risk.",Needs review,Mixed,No major mock concern,Dividend quality compounds with stable cash flow.,Moderate total return with risk controls intact.,Macro or governance shock reduces valuation and income confidence.,49.59746869217261,Avoid,0.554025313078274
6030.HK,CITIC Securities Co Ltd,"Mock analyst view: quality, dividends and balance-sheet resilience are reviewed against sector risk. Narrative is improving toward quality, growth and capital return. Current regime lens: steady_state_low_chaos.","Mock risks: valuation compression, policy/regulatory shocks, dividend sustainability and liquidity stress. Distributional ML forecast shows attractive upside but asymmetric downside risk.",Needs review,Constructive,No major mock concern,Dividend quality compounds with stable cash flow.,Moderate total return with risk controls intact.,Macro or governance shock reduces valuation and income confidence.,49.529227265612924,Hold,0.5547077273438707
0669.HK,Techtronic Industries Co Ltd,"Mock analyst view: quality, dividends and balance-sheet resilience are reviewed against sector risk. Narrative is improving toward quality, growth and capital return. Current regime lens: steady_state_low_chaos.","Mock risks: valuation compression, policy/regulatory shocks, dividend sustainability and liquidity stress.",Needs review,Mixed,No major mock concern,Dividend quality compounds with stable cash flow.,Moderate total return with risk controls intact.,Macro or governance shock reduces valuation and income confidence.,49.5226472209148,Hold,0.5547735277908521
0598.HK,Sinotrans Ltd,"Mock analyst view: quality, dividends and balance-sheet resilience are reviewed against sector risk. Narrative is improving toward quality, growth and capital return. Current regime lens: steady_state_low_chaos.","Mock risks: valuation compression, policy/regulatory shocks, dividend sustainability and liquidity stress. Narrative is reframing toward risk/deterioration. Distributional ML forecast shows attractive upside but asymmetric downside risk. ML dividend-cut probability is elevated.",Needs review,Mixed,No major mock concern,Dividend quality compounds with stable cash flow.,Moderate total return with risk controls intact.,Macro or governance shock reduces valuation and income confidence.,49.447663576208484,Avoid,0.5555233642379152
NOC.US,Northrop Grumman Corporation,"Mock analyst view: quality, dividends and balance-sheet resilience are reviewed against sector risk. Narrative is improving toward quality, growth and capital return. Current regime lens: steady_state_low_chaos.","Mock risks: valuation compression, policy/regulatory shocks, dividend sustainability and liquidity stress.",Needs review,Mixed,No major mock concern,Dividend quality compounds with stable cash flow.,Moderate total return with risk controls intact.,Macro or governance shock reduces valuation and income confidence.,49.430266712760975,Hold,0.5556973328723903
CURY.LSE,Currys PLC,"Mock analyst view: quality, dividends and balance-sheet resilience are reviewed against sector risk. Narrative is improving toward quality, growth and capital return. Current regime lens: steady_state_low_chaos.","Mock risks: valuation compression, policy/regulatory shocks, dividend sustainability and liquidity stress. Narrative is reframing toward risk/deterioration. Distributional ML forecast shows attractive upside but asymmetric downside risk.",Needs review,Constructive,No major mock concern,Dividend quality compounds with stable cash flow.,Moderate total return with risk controls intact.,Macro or governance shock reduces valuation and income confidence.,49.41020442367176,Avoid,0.5558979557632825
UMG.AS,Universal Music Group N.V.,"Mock analyst view: quality, dividends and balance-sheet resilience are reviewed against sector risk. Narrative is improving toward quality, growth and capital return. Current regime lens: steady_state_low_chaos.","Mock risks: valuation compression, policy/regulatory shocks, dividend sustainability and liquidity stress. ML dividend-cut probability is elevated.",Needs review,Mixed,No major mock concern,Dividend quality compounds with stable cash flow.,Moderate total return with risk controls intact.,Macro or governance shock reduces valuation and income confidence.,49.399149418968406,Avoid,0.556008505810316
TTE.US,TotalEnergies SE ADR,"Mock analyst view: quality, dividends and balance-sheet resilience are reviewed against sector risk. Narrative is improving toward quality, growth and capital return. Current regime lens: steady_state_low_chaos.","Mock risks: valuation compression, policy/regulatory shocks, dividend sustainability and liquidity stress. Distributional ML forecast shows attractive upside but asymmetric downside risk.",Needs review,Mixed,No major mock concern,Dividend quality compounds with stable cash flow.,Moderate total return with risk controls intact.,Macro or governance shock reduces valuation and income confidence.,49.33663206924108,Hold,0.5566336793075892
SCHW.US,Charles Schwab Corp,"Mock analyst view: quality, dividends and balance-sheet resilience are reviewed against sector risk. Narrative is improving toward quality, growth and capital return. Current regime lens: steady_state_low_chaos.","Mock risks: valuation compression, policy/regulatory shocks, dividend sustainability and liquidity stress. Narrative is reframing toward risk/deterioration. Distributional ML forecast shows attractive upside but asymmetric downside risk.",Needs review,Mixed,No major mock concern,Dividend quality compounds with stable cash flow.,Moderate total return with risk controls intact.,Macro or governance shock reduces valuation and income confidence.,49.31615632216091,Avoid,0.556838436778391
CL.US,Colgate-Palmolive Company,"Mock analyst view: quality, dividends and balance-sheet resilience are reviewed against sector risk. Current regime lens: steady_state_low_chaos.","Mock risks: valuation compression, policy/regulatory shocks, dividend sustainability and liquidity stress. Narrative is reframing toward risk/deterioration. ML dividend-cut probability is elevated.",Needs review,Constructive,No major mock concern,Dividend quality compounds with stable cash flow.,Moderate total return with risk controls intact.,Macro or governance shock reduces valuation and income confidence.,49.30022903247838,Hold,0.5569977096752162
ASSA-B.ST,ASSA ABLOY AB (publ),"Mock analyst view: quality, dividends and balance-sheet resilience are reviewed against sector risk. Narrative is improving toward quality, growth and capital return. Current regime lens: steady_state_low_chaos.","Mock risks: valuation compression, policy/regulatory shocks, dividend sustainability and liquidity stress.",Needs review,Constructive,No major mock concern,Dividend quality compounds with stable cash flow.,Moderate total return with risk controls intact.,Macro or governance shock reduces valuation and income confidence.,49.29936737153908,Hold,0.5570063262846092
MNG.LSE,M&G Plc,"Mock analyst view: quality, dividends and balance-sheet resilience are reviewed against sector risk. Narrative is improving toward quality, growth and capital return. Current regime lens: steady_state_low_chaos.","Mock risks: valuation compression, policy/regulatory shocks, dividend sustainability and liquidity stress. Distributional ML forecast shows attractive upside but asymmetric downside risk. ML dividend-cut probability is elevated.",Constructive,Mixed,No major mock concern,Dividend quality compounds with stable cash flow.,Moderate total return with risk controls intact.,Macro or governance shock reduces valuation and income confidence.,49.27363735219205,Avoid,0.5572636264780796
IBM.US,International Business Machines,"Mock analyst view: quality, dividends and balance-sheet resilience are reviewed against sector risk. Narrative is improving toward quality, growth and capital return. Current regime lens: steady_state_low_chaos.","Mock risks: valuation compression, policy/regulatory shocks, dividend sustainability and liquidity stress. Forecast uncertainty is high; analyst placeholder treats this as Watchlist risk.",Needs review,Constructive,No major mock concern,Dividend quality compounds with stable cash flow.,Moderate total return with risk controls intact.,Macro or governance shock reduces valuation and income confidence.,49.26795030639511,Hold,0.557320496936049
600578.SHG,Beijing Jingneng Power Co Ltd,"Mock analyst view: quality, dividends and balance-sheet resilience are reviewed against sector risk. Narrative is improving toward quality, growth and capital return. Current regime lens: steady_state_low_chaos.","Mock risks: valuation compression, policy/regulatory shocks, dividend sustainability and liquidity stress. Distributional ML forecast shows attractive upside but asymmetric downside risk. Forecast uncertainty is high; analyst placeholder treats this as Watchlist risk.",Constructive,Constructive,No major mock concern,Dividend quality compounds with stable cash flow.,Moderate total return with risk controls intact.,Macro or governance shock reduces valuation and income confidence.,49.23875598150939,Avoid,0.5576124401849061
MAP.MC,Mapfre,"Mock analyst view: quality, dividends and balance-sheet resilience are reviewed against sector risk. Narrative is improving toward quality, growth and capital return. Current regime lens: steady_state_low_chaos.","Mock risks: valuation compression, policy/regulatory shocks, dividend sustainability and liquidity stress. Distributional ML forecast shows attractive upside but asymmetric downside risk.",Constructive,Mixed,No major mock concern,Dividend quality compounds with stable cash flow.,Moderate total return with risk controls intact.,Macro or governance shock reduces valuation and income confidence.,49.23752372313201,Avoid,0.55762476276868
COFA.PA,Coface SA,"Mock analyst view: quality, dividends and balance-sheet resilience are reviewed against sector risk. Current regime lens: steady_state_low_chaos.","Mock risks: valuation compression, policy/regulatory shocks, dividend sustainability and liquidity stress. Narrative is reframing toward risk/deterioration. ML dividend-cut probability is elevated.",Needs review,Constructive,No major mock concern,Dividend quality compounds with stable cash flow.,Moderate total return with risk controls intact.,Macro or governance shock reduces valuation and income confidence.,49.231962889828765,Avoid,0.5576803711017124
WEIR.LSE,Weir Group PLC,"Mock analyst view: quality, dividends and balance-sheet resilience are reviewed against sector risk. Current regime lens: steady_state_low_chaos.","Mock risks: valuation compression, policy/regulatory shocks, dividend sustainability and liquidity stress. Narrative is reframing toward risk/deterioration.",Needs review,Mixed,No major mock concern,Dividend quality compounds with stable cash flow.,Moderate total return with risk controls intact.,Macro or governance shock reduces valuation and income confidence.,49.19366231821586,Avoid,0.5580633768178415
TECN.SW,Tecan Group AG,"Mock analyst view: quality, dividends and balance-sheet resilience are reviewed against sector risk. Narrative is improving toward quality, growth and capital return. Current regime lens: steady_state_low_chaos.","Mock risks: valuation compression, policy/regulatory shocks, dividend sustainability and liquidity stress. Distributional ML forecast shows attractive upside but asymmetric downside risk.",Needs review,Mixed,No major mock concern,Dividend quality compounds with stable cash flow.,Moderate total return with risk controls intact.,Macro or governance shock reduces valuation and income confidence.,49.15945029226151,Avoid,0.558405497077385
RELX.US,Relx PLC ADR,"Mock analyst view: quality, dividends and balance-sheet resilience are reviewed against sector risk. Current regime lens: steady_state_low_chaos.","Mock risks: valuation compression, policy/regulatory shocks, dividend sustainability and liquidity stress. Narrative is reframing toward risk/deterioration.",Needs review,Constructive,No major mock concern,Dividend quality compounds with stable cash flow.,Moderate total return with risk controls intact.,Macro or governance shock reduces valuation and income confidence.,49.14064392560063,Hold,0.5585935607439938
RHHBY.US,Roche Holding Ltd ADR,"Mock analyst view: quality, dividends and balance-sheet resilience are reviewed against sector risk. Narrative is improving toward quality, growth and capital return. Current regime lens: steady_state_low_chaos.","Mock risks: valuation compression, policy/regulatory shocks, dividend sustainability and liquidity stress.",Needs review,Constructive,No major mock concern,Dividend quality compounds with stable cash flow.,Moderate total return with risk controls intact.,Macro or governance shock reduces valuation and income confidence.,49.07379756591196,Hold,0.5592620243408805
SCR.PA,SCOR SE,"Mock analyst view: quality, dividends and balance-sheet resilience are reviewed against sector risk. Narrative is improving toward quality, growth and capital return. Current regime lens: steady_state_low_chaos.","Mock risks: valuation compression, policy/regulatory shocks, dividend sustainability and liquidity stress. Distributional ML forecast shows attractive upside but asymmetric downside risk.",Needs review,Constructive,No major mock concern,Dividend quality compounds with stable cash flow.,Moderate total return with risk controls intact.,Macro or governance shock reduces valuation and income confidence.,49.053721779425736,Avoid,0.5594627822057426
GET.PA,Getlink SE,"Mock analyst view: quality, dividends and balance-sheet resilience are reviewed against sector risk. Narrative is improving toward quality, growth and capital return. Current regime lens: steady_state_low_chaos.","Mock risks: valuation compression, policy/regulatory shocks, dividend sustainability and liquidity stress. ML dividend-cut probability is elevated.",Needs review,Constructive,No major mock concern,Dividend quality compounds with stable cash flow.,Moderate total return with risk controls intact.,Macro or governance shock reduces valuation and income confidence.,49.02087849680405,Avoid,0.5597912150319595
300433.SHE,Lens Technology Co Ltd,"Mock analyst view: quality, dividends and balance-sheet resilience are reviewed against sector risk. Narrative is improving toward quality, growth and capital return. Current regime lens: steady_state_low_chaos.","Mock risks: valuation compression, policy/regulatory shocks, dividend sustainability and liquidity stress. ML dividend-cut probability is elevated. Forecast uncertainty is high; analyst placeholder treats this as Watchlist risk. Forecast distribution has downside skew risk.",Needs review,Mixed,No major mock concern,Dividend quality compounds with stable cash flow.,Moderate total return with risk controls intact.,Macro or governance shock reduces valuation and income confidence.,48.97948533817101,Hold,0.5602051466182899
0023.HK,Bank Of E Asia,"Mock analyst view: quality, dividends and balance-sheet resilience are reviewed against sector risk. Narrative is improving toward quality, growth and capital return. Current regime lens: steady_state_low_chaos.","Mock risks: valuation compression, policy/regulatory shocks, dividend sustainability and liquidity stress. Distributional ML forecast shows attractive upside but asymmetric downside risk.",Needs review,Constructive,No major mock concern,Dividend quality compounds with stable cash flow.,Moderate total return with risk controls intact.,Macro or governance shock reduces valuation and income confidence.,48.9780835778451,Avoid,0.560219164221549
UPM.HE,UPM-Kymmene Oyj,"Mock analyst view: quality, dividends and balance-sheet resilience are reviewed against sector risk. Narrative is improving toward quality, growth and capital return. Current regime lens: steady_state_low_chaos.","Mock risks: valuation compression, policy/regulatory shocks, dividend sustainability and liquidity stress. Distributional ML forecast shows attractive upside but asymmetric downside risk. ML dividend-cut probability is elevated.",Needs review,Mixed,No major mock concern,Dividend quality compounds with stable cash flow.,Moderate total return with risk controls intact.,Macro or governance shock reduces valuation and income confidence.,48.94240205502072,Avoid,0.5605759794497929
KNEBV.HE,KONE Oyj,"Mock analyst view: quality, dividends and balance-sheet resilience are reviewed against sector risk. Current regime lens: steady_state_low_chaos.","Mock risks: valuation compression, policy/regulatory shocks, dividend sustainability and liquidity stress. Narrative is reframing toward risk/deterioration. ML dividend-cut probability is elevated. Forecast uncertainty is high; analyst placeholder treats this as Watchlist risk. Forecast distribution has downside skew risk.",Needs review,Mixed,No major mock concern,Dividend quality compounds with stable cash flow.,Moderate total return with risk controls intact.,Macro or governance shock reduces valuation and income confidence.,48.93889882438077,Avoid,0.5606110117561923
JMAT.LSE,Johnson Matthey PLC,"Mock analyst view: quality, dividends and balance-sheet resilience are reviewed against sector risk. Narrative is improving toward quality, growth and capital return. Current regime lens: steady_state_low_chaos.","Mock risks: valuation compression, policy/regulatory shocks, dividend sustainability and liquidity stress.",Needs review,Mixed,No major mock concern,Dividend quality compounds with stable cash flow.,Moderate total return with risk controls intact.,Macro or governance shock reduces valuation and income confidence.,48.88790470612318,Avoid,0.5611209529387683
INPP.LSE,International Public Partnership,"Mock analyst view: quality, dividends and balance-sheet resilience are reviewed against sector risk. Narrative is improving toward quality, growth and capital return. Current regime lens: steady_state_low_chaos.","Mock risks: valuation compression, policy/regulatory shocks, dividend sustainability and liquidity stress.",Needs review,Constructive,No major mock concern,Dividend quality compounds with stable cash flow.,Moderate total return with risk controls intact.,Macro or governance shock reduces valuation and income confidence.,48.881122030248655,Avoid,0.5611887796975135
III.LSE,3I Group PLC,"Mock analyst view: quality, dividends and balance-sheet resilience are reviewed against sector risk. Narrative is improving toward quality, growth and capital return. Current regime lens: steady_state_low_chaos.","Mock risks: valuation compression, policy/regulatory shocks, dividend sustainability and liquidity stress. Distributional ML forecast shows attractive upside but asymmetric downside risk. Forecast uncertainty is high; analyst placeholder treats this as Watchlist risk.",Constructive,Mixed,No major mock concern,Dividend quality compounds with stable cash flow.,Moderate total return with risk controls intact.,Macro or governance shock reduces valuation and income confidence.,48.85958526421859,Hold,0.5614041473578142
NTGY.MC,Naturgy Energy Group SA,"Mock analyst view: quality, dividends and balance-sheet resilience are reviewed against sector risk. Narrative is improving toward quality, growth and capital return. Current regime lens: steady_state_low_chaos.","Mock risks: valuation compression, policy/regulatory shocks, dividend sustainability and liquidity stress. Narrative is reframing toward risk/deterioration. Distributional ML forecast shows attractive upside but asymmetric downside risk. ML dividend-cut probability is elevated.",Needs review,Constructive,No major mock concern,Dividend quality compounds with stable cash flow.,Moderate total return with risk controls intact.,Macro or governance shock reduces valuation and income confidence.,48.82449584043569,Hold,0.5617550415956432
BNR.XETRA,Brenntag SE,"Mock analyst view: quality, dividends and balance-sheet resilience are reviewed against sector risk. Current regime lens: steady_state_low_chaos.","Mock risks: valuation compression, policy/regulatory shocks, dividend sustainability and liquidity stress. Distributional ML forecast shows attractive upside but asymmetric downside risk. ML dividend-cut probability is elevated.",Needs review,Mixed,No major mock concern,Dividend quality compounds with stable cash flow.,Moderate total return with risk controls intact.,Macro or governance shock reduces valuation and income confidence.,48.818261943776555,Avoid,0.5618173805622345
SBMO.AS,SBM Offshore N.V.,"Mock analyst view: quality, dividends and balance-sheet resilience are reviewed against sector risk. Narrative is improving toward quality, growth and capital return. Current regime lens: steady_state_low_chaos.","Mock risks: valuation compression, policy/regulatory shocks, dividend sustainability and liquidity stress. Distributional ML forecast shows attractive upside but asymmetric downside risk. ML dividend-cut probability is elevated.",Constructive,Constructive,No major mock concern,Dividend quality compounds with stable cash flow.,Moderate total return with risk controls intact.,Macro or governance shock reduces valuation and income confidence.,48.8009599546319,Avoid,0.5619904004536811
AC.PA,Accor S. A.,"Mock analyst view: quality, dividends and balance-sheet resilience are reviewed against sector risk. Narrative is improving toward quality, growth and capital return. Current regime lens: steady_state_low_chaos.","Mock risks: valuation compression, policy/regulatory shocks, dividend sustainability and liquidity stress. ML dividend-cut probability is elevated.",Needs review,Mixed,No major mock concern,Dividend quality compounds with stable cash flow.,Moderate total return with risk controls intact.,Macro or governance shock reduces valuation and income confidence.,48.788642145791265,Avoid,0.5621135785420874
0552.HK,China Communications Services Corp Ltd,"Mock analyst view: quality, dividends and balance-sheet resilience are reviewed against sector risk. Narrative is improving toward quality, growth and capital return. Current regime lens: steady_state_low_chaos.","Mock risks: valuation compression, policy/regulatory shocks, dividend sustainability and liquidity stress. Regime suitability requires review. Distributional ML forecast shows attractive upside but asymmetric downside risk. ML dividend-cut probability is elevated.",Needs review,Mixed,No major mock concern,Dividend quality compounds with stable cash flow.,Moderate total return with risk controls intact.,Macro or governance shock reduces valuation and income confidence.,48.77107329915504,Avoid,0.5622892670084496
HLN.LSE,Haleon PLC,"Mock analyst view: quality, dividends and balance-sheet resilience are reviewed against sector risk. Narrative is improving toward quality, growth and capital return. Current regime lens: steady_state_low_chaos.","Mock risks: valuation compression, policy/regulatory shocks, dividend sustainability and liquidity stress. Distributional ML forecast shows attractive upside but asymmetric downside risk.",Needs review,Constructive,No major mock concern,Dividend quality compounds with stable cash flow.,Moderate total return with risk controls intact.,Macro or governance shock reduces valuation and income confidence.,48.747050696833085,Hold,0.5625294930316692
LMP.LSE,LondonMetric Property Plc,"Mock analyst view: quality, dividends and balance-sheet resilience are reviewed against sector risk. Narrative is improving toward quality, growth and capital return. Current regime lens: steady_state_low_chaos.","Mock risks: valuation compression, policy/regulatory shocks, dividend sustainability and liquidity stress. Distributional ML forecast shows attractive upside but asymmetric downside risk. ML dividend-cut probability is elevated.",Needs review,Constructive,No major mock concern,Dividend quality compounds with stable cash flow.,Moderate total return with risk controls intact.,Macro or governance shock reduces valuation and income confidence.,48.74082742196435,Avoid,0.5625917257803565
SYK.US,Stryker Corporation,"Mock analyst view: quality, dividends and balance-sheet resilience are reviewed against sector risk. Narrative is improving toward quality, growth and capital return. Current regime lens: steady_state_low_chaos.","Mock risks: valuation compression, policy/regulatory shocks, dividend sustainability and liquidity stress.",Needs review,Mixed,No major mock concern,Dividend quality compounds with stable cash flow.,Moderate total return with risk controls intact.,Macro or governance shock reduces valuation and income confidence.,48.69949856782892,Avoid,0.5630050143217109
ULVR.LSE,Unilever PLC,"Mock analyst view: quality, dividends and balance-sheet resilience are reviewed against sector risk. Narrative is improving toward quality, growth and capital return. Current regime lens: steady_state_low_chaos.","Mock risks: valuation compression, policy/regulatory shocks, dividend sustainability and liquidity stress. Distributional ML forecast shows attractive upside but asymmetric downside risk. ML dividend-cut probability is elevated.",Needs review,Constructive,No major mock concern,Dividend quality compounds with stable cash flow.,Moderate total return with risk controls intact.,Macro or governance shock reduces valuation and income confidence.,48.6854169748736,Hold,0.5631458302512641
GBF.XETRA,Bilfinger SE,"Mock analyst view: quality, dividends and balance-sheet resilience are reviewed against sector risk. Narrative is improving toward quality, growth and capital return. Current regime lens: steady_state_low_chaos.","Mock risks: valuation compression, policy/regulatory shocks, dividend sustainability and liquidity stress. Distributional ML forecast shows attractive upside but asymmetric downside risk.",Needs review,Constructive,No major mock concern,Dividend quality compounds with stable cash flow.,Moderate total return with risk controls intact.,Macro or governance shock reduces valuation and income confidence.,48.66993921529998,Avoid,0.5633006078470002
6186.HK,China Feihe Ltd,"Mock analyst view: quality, dividends and balance-sheet resilience are reviewed against sector risk. Narrative is improving toward quality, growth and capital return. Current regime lens: steady_state_low_chaos.","Mock risks: valuation compression, policy/regulatory shocks, dividend sustainability and liquidity stress. Regime suitability requires review. Distributional ML forecast shows attractive upside but asymmetric downside risk. ML dividend-cut probability is elevated. Forecast distribution has downside skew risk.",Needs review,Mixed,No major mock concern,Dividend quality compounds with stable cash flow.,Moderate total return with risk controls intact.,Macro or governance shock reduces valuation and income confidence.,48.656949710839115,Avoid,0.5634305028916089
STJ.LSE,St. James's Place plc,"Mock analyst view: quality, dividends and balance-sheet resilience are reviewed against sector risk. Narrative is improving toward quality, growth and capital return. Current regime lens: steady_state_low_chaos.","Mock risks: valuation compression, policy/regulatory shocks, dividend sustainability and liquidity stress. Distributional ML forecast shows attractive upside but asymmetric downside risk.",Needs review,Mixed,No major mock concern,Dividend quality compounds with stable cash flow.,Moderate total return with risk controls intact.,Macro or governance shock reduces valuation and income confidence.,48.651297868252456,Hold,0.5634870213174755
2607.HK,Shanghai Pharmaceuticals Holding Co Ltd,"Mock analyst view: quality, dividends and balance-sheet resilience are reviewed against sector risk. Narrative is improving toward quality, growth and capital return. Current regime lens: steady_state_low_chaos.","Mock risks: valuation compression, policy/regulatory shocks, dividend sustainability and liquidity stress. Narrative is reframing toward risk/deterioration.",Needs review,Mixed,No major mock concern,Dividend quality compounds with stable cash flow.,Moderate total return with risk controls intact.,Macro or governance shock reduces valuation and income confidence.,48.62951385949398,Avoid,0.5637048614050603
ORNBV.HE,Orion Oyj B,"Mock analyst view: quality, dividends and balance-sheet resilience are reviewed against sector risk. Narrative is improving toward quality, growth and capital return. Current regime lens: steady_state_low_chaos.","Mock risks: valuation compression, policy/regulatory shocks, dividend sustainability and liquidity stress. Regime suitability requires review.",Needs review,Mixed,No major mock concern,Dividend quality compounds with stable cash flow.,Moderate total return with risk controls intact.,Macro or governance shock reduces valuation and income confidence.,48.61124371526709,Avoid,0.5638875628473291
VZN.SW,VZ Holding AG,"Mock analyst view: quality, dividends and balance-sheet resilience are reviewed against sector risk. Narrative is improving toward quality, growth and capital return. Current regime lens: steady_state_low_chaos.","Mock risks: valuation compression, policy/regulatory shocks, dividend sustainability and liquidity stress. Regime suitability requires review.",Needs review,Mixed,No major mock concern,Dividend quality compounds with stable cash flow.,Moderate total return with risk controls intact.,Macro or governance shock reduces valuation and income confidence.,48.61109551350353,Avoid,0.5638890448649647
BEI.XETRA,Beiersdorf Aktiengesellschaft,"Mock analyst view: quality, dividends and balance-sheet resilience are reviewed against sector risk. Narrative is improving toward quality, growth and capital return. Current regime lens: steady_state_low_chaos.","Mock risks: valuation compression, policy/regulatory shocks, dividend sustainability and liquidity stress.",Needs review,Mixed,No major mock concern,Dividend quality compounds with stable cash flow.,Moderate total return with risk controls intact.,Macro or governance shock reduces valuation and income confidence.,48.60572514060861,Avoid,0.5639427485939139
HM-B.ST,H & M Hennes & Mauritz AB (publ),"Mock analyst view: quality, dividends and balance-sheet resilience are reviewed against sector risk. Narrative is improving toward quality, growth and capital return. Current regime lens: steady_state_low_chaos.","Mock risks: valuation compression, policy/regulatory shocks, dividend sustainability and liquidity stress. ML dividend-cut probability is elevated.",Needs review,Constructive,No major mock concern,Dividend quality compounds with stable cash flow.,Moderate total return with risk controls intact.,Macro or governance shock reduces valuation and income confidence.,48.59922520760085,Avoid,0.5640077479239916
TUI1.XETRA,TUI AG,"Mock analyst view: quality, dividends and balance-sheet resilience are reviewed against sector risk. Narrative is improving toward quality, growth and capital return. Current regime lens: steady_state_low_chaos.","Mock risks: valuation compression, policy/regulatory shocks, dividend sustainability and liquidity stress. Distributional ML forecast shows attractive upside but asymmetric downside risk.",Needs review,Constructive,No major mock concern,Dividend quality compounds with stable cash flow.,Moderate total return with risk controls intact.,Macro or governance shock reduces valuation and income confidence.,48.576942784931106,Avoid,0.564230572150689
UL.US,Unilever PLC ADR,"Mock analyst view: quality, dividends and balance-sheet resilience are reviewed against sector risk. Narrative is improving toward quality, growth and capital return. Current regime lens: steady_state_low_chaos.","Mock risks: valuation compression, policy/regulatory shocks, dividend sustainability and liquidity stress. ML dividend-cut probability is elevated.",Needs review,Mixed,No major mock concern,Dividend quality compounds with stable cash flow.,Moderate total return with risk controls intact.,Macro or governance shock reduces valuation and income confidence.,48.549549190925326,Hold,0.5645045080907468
SVS.LSE,Savills,"Mock analyst view: quality, dividends and balance-sheet resilience are reviewed against sector risk. Narrative is improving toward quality, growth and capital return. Current regime lens: steady_state_low_chaos.","Mock risks: valuation compression, policy/regulatory shocks, dividend sustainability and liquidity stress. Distributional ML forecast shows attractive upside but asymmetric downside risk.",Needs review,Mixed,No major mock concern,Dividend quality compounds with stable cash flow.,Moderate total return with risk controls intact.,Macro or governance shock reduces valuation and income confidence.,48.54690756321441,Avoid,0.5645309243678559
TRYG.CO,Tryg A/S,"Mock analyst view: quality, dividends and balance-sheet resilience are reviewed against sector risk. Current regime lens: steady_state_low_chaos.","Mock risks: valuation compression, policy/regulatory shocks, dividend sustainability and liquidity stress. Narrative is reframing toward risk/deterioration. Distributional ML forecast shows attractive upside but asymmetric downside risk. ML dividend-cut probability is elevated.",Needs review,Constructive,No major mock concern,Dividend quality compounds with stable cash flow.,Moderate total return with risk controls intact.,Macro or governance shock reduces valuation and income confidence.,48.48497398191961,Avoid,0.5651502601808039
ROCK-B.CO,ROCKWOOL International A/S,"Mock analyst view: quality, dividends and balance-sheet resilience are reviewed against sector risk. Narrative is improving toward quality, growth and capital return. Current regime lens: steady_state_low_chaos.","Mock risks: valuation compression, policy/regulatory shocks, dividend sustainability and liquidity stress. Regime suitability requires review. Distributional ML forecast shows attractive upside but asymmetric downside risk. ML dividend-cut probability is elevated. Forecast distribution has downside skew risk.",Needs review,Mixed,No major mock concern,Dividend quality compounds with stable cash flow.,Moderate total return with risk controls intact.,Macro or governance shock reduces valuation and income confidence.,48.483782580129784,Avoid,0.5651621741987022
ENX.PA,Euronext N.V.,"Mock analyst view: quality, dividends and balance-sheet resilience are reviewed against sector risk. Narrative is improving toward quality, growth and capital return. Current regime lens: steady_state_low_chaos.","Mock risks: valuation compression, policy/regulatory shocks, dividend sustainability and liquidity stress. Narrative is reframing toward risk/deterioration.",Needs review,Constructive,No major mock concern,Dividend quality compounds with stable cash flow.,Moderate total return with risk controls intact.,Macro or governance shock reduces valuation and income confidence.,48.477420767189194,Hold,0.5652257923281081
CCEP.LSE,Coca-Cola Europacific Partners PLC,"Mock analyst view: quality, dividends and balance-sheet resilience are reviewed against sector risk. Narrative is improving toward quality, growth and capital return. Current regime lens: steady_state_low_chaos.","Mock risks: valuation compression, policy/regulatory shocks, dividend sustainability and liquidity stress.",Needs review,Constructive,No major mock concern,Dividend quality compounds with stable cash flow.,Moderate total return with risk controls intact.,Macro or governance shock reduces valuation and income confidence.,48.356270400400746,Avoid,0.5664372959959926
SDZ.SW,Sandoz Group AG,"Mock analyst view: quality, dividends and balance-sheet resilience are reviewed against sector risk. Narrative is improving toward quality, growth and capital return. Current regime lens: steady_state_low_chaos.","Mock risks: valuation compression, policy/regulatory shocks, dividend sustainability and liquidity stress.",Needs review,Mixed,No major mock concern,Dividend quality compounds with stable cash flow.,Moderate total return with risk controls intact.,Macro or governance shock reduces valuation and income confidence.,48.32949059182107,Avoid,0.5667050940817894
CTEC.LSE,ConvaTec Group PLC,"Mock analyst view: quality, dividends and balance-sheet resilience are reviewed against sector risk. Current regime lens: steady_state_low_chaos.","Mock risks: valuation compression, policy/regulatory shocks, dividend sustainability and liquidity stress. Narrative is reframing toward risk/deterioration. ML dividend-cut probability is elevated.",Needs review,Constructive,No major mock concern,Dividend quality compounds with stable cash flow.,Moderate total return with risk controls intact.,Macro or governance shock reduces valuation and income confidence.,48.32806294752053,Avoid,0.5667193705247947
AI.PA,Air Liquide SA,"Mock analyst view: quality, dividends and balance-sheet resilience are reviewed against sector risk. Narrative is improving toward quality, growth and capital return. Current regime lens: steady_state_low_chaos.","Mock risks: valuation compression, policy/regulatory shocks, dividend sustainability and liquidity stress.",Needs review,Mixed,No major mock concern,Dividend quality compounds with stable cash flow.,Moderate total return with risk controls intact.,Macro or governance shock reduces valuation and income confidence.,48.31706962774964,Hold,0.5668293037225036
SGRO.LSE,Segro Plc,"Mock analyst view: quality, dividends and balance-sheet resilience are reviewed against sector risk. Narrative is improving toward quality, growth and capital return. Current regime lens: steady_state_low_chaos.","Mock risks: valuation compression, policy/regulatory shocks, dividend sustainability and liquidity stress. ML dividend-cut probability is elevated.",Needs review,Mixed,No major mock concern,Dividend quality compounds with stable cash flow.,Moderate total return with risk controls intact.,Macro or governance shock reduces valuation and income confidence.,48.271396427105834,Avoid,0.5672860357289417
VOE.VI,Voestalpine AG,"Mock analyst view: quality, dividends and balance-sheet resilience are reviewed against sector risk. Narrative is improving toward quality, growth and capital return. Current regime lens: steady_state_low_chaos.","Mock risks: valuation compression, policy/regulatory shocks, dividend sustainability and liquidity stress. Distributional ML forecast shows attractive upside but asymmetric downside risk.",Needs review,Mixed,No major mock concern,Dividend quality compounds with stable cash flow.,Moderate total return with risk controls intact.,Macro or governance shock reduces valuation and income confidence.,48.2468607578872,Avoid,0.567531392421128
GRMN.US,Garmin Ltd,"Mock analyst view: quality, dividends and balance-sheet resilience are reviewed against sector risk. Narrative is improving toward quality, growth and capital return. Current regime lens: steady_state_low_chaos.","Mock risks: valuation compression, policy/regulatory shocks, dividend sustainability and liquidity stress.",Needs review,Mixed,No major mock concern,Dividend quality compounds with stable cash flow.,Moderate total return with risk controls intact.,Macro or governance shock reduces valuation and income confidence.,48.18804505345714,Avoid,0.5681195494654286
JUP.LSE,Jupiter Fund Management Plc,"Mock analyst view: quality, dividends and balance-sheet resilience are reviewed against sector risk. Narrative is improving toward quality, growth and capital return. Current regime lens: steady_state_low_chaos.","Mock risks: valuation compression, policy/regulatory shocks, dividend sustainability and liquidity stress. Distributional ML forecast shows attractive upside but asymmetric downside risk.",Needs review,Mixed,No major mock concern,Dividend quality compounds with stable cash flow.,Moderate total return with risk controls intact.,Macro or governance shock reduces valuation and income confidence.,48.13068917480804,Avoid,0.5686931082519197
FDR.MC,Fluidra,"Mock analyst view: quality, dividends and balance-sheet resilience are reviewed against sector risk. Narrative is improving toward quality, growth and capital return. Current regime lens: steady_state_low_chaos.","Mock risks: valuation compression, policy/regulatory shocks, dividend sustainability and liquidity stress.",Needs review,Constructive,No major mock concern,Dividend quality compounds with stable cash flow.,Moderate total return with risk controls intact.,Macro or governance shock reduces valuation and income confidence.,48.10626376585299,Avoid,0.5689373623414702
FRE.XETRA,Fresenius SE & Co. KGaA,"Mock analyst view: quality, dividends and balance-sheet resilience are reviewed against sector risk. Narrative is improving toward quality, growth and capital return. Current regime lens: steady_state_low_chaos.","Mock risks: valuation compression, policy/regulatory shocks, dividend sustainability and liquidity stress. Distributional ML forecast shows attractive upside but asymmetric downside risk.",Needs review,Mixed,No major mock concern,Dividend quality compounds with stable cash flow.,Moderate total return with risk controls intact.,Macro or governance shock reduces valuation and income confidence.,48.065643420697995,Hold,0.5693435657930201
SOLB.BR,Solvay SA,"Mock analyst view: quality, dividends and balance-sheet resilience are reviewed against sector risk. Narrative is improving toward quality, growth and capital return. Current regime lens: steady_state_low_chaos.","Mock risks: valuation compression, policy/regulatory shocks, dividend sustainability and liquidity stress. Distributional ML forecast shows attractive upside but asymmetric downside risk. ML dividend-cut probability is elevated.",Needs review,Constructive,No major mock concern,Dividend quality compounds with stable cash flow.,Moderate total return with risk controls intact.,Macro or governance shock reduces valuation and income confidence.,48.06553526549361,Avoid,0.569344647345064
UNCRY.US,UniCredit SpA ADR,"Mock analyst view: quality, dividends and balance-sheet resilience are reviewed against sector risk. Current regime lens: steady_state_low_chaos.","Mock risks: valuation compression, policy/regulatory shocks, dividend sustainability and liquidity stress. Narrative is reframing toward risk/deterioration.",Constructive,Mixed,No major mock concern,Dividend quality compounds with stable cash flow.,Moderate total return with risk controls intact.,Macro or governance shock reduces valuation and income confidence.,48.05085842179295,Avoid,0.5694914157820705
AED.BR,Aedifica,"Mock analyst view: quality, dividends and balance-sheet resilience are reviewed against sector risk. Narrative is improving toward quality, growth and capital return. Current regime lens: steady_state_low_chaos.","Mock risks: valuation compression, policy/regulatory shocks, dividend sustainability and liquidity stress. ML dividend-cut probability is elevated.",Constructive,Mixed,No major mock concern,Dividend quality compounds with stable cash flow.,Moderate total return with risk controls intact.,Macro or governance shock reduces valuation and income confidence.,48.039034228001135,Avoid,0.5696096577199887
YUM.US,Yum! Brands Inc,"Mock analyst view: quality, dividends and balance-sheet resilience are reviewed against sector risk. Narrative is improving toward quality, growth and capital return. Current regime lens: steady_state_low_chaos.","Mock risks: valuation compression, policy/regulatory shocks, dividend sustainability and liquidity stress.",Needs review,Constructive,No major mock concern,Dividend quality compounds with stable cash flow.,Moderate total return with risk controls intact.,Macro or governance shock reduces valuation and income confidence.,48.01099441406261,Avoid,0.5698900558593739
HIK.LSE,Hikma Pharmaceuticals PLC,"Mock analyst view: quality, dividends and balance-sheet resilience are reviewed against sector risk. Current regime lens: steady_state_low_chaos.","Mock risks: valuation compression, policy/regulatory shocks, dividend sustainability and liquidity stress. Narrative is reframing toward risk/deterioration. Credit/refinancing pressure is increasingly central to the equity story. Distributional ML forecast shows attractive upside but asymmetric downside risk.",Needs review,Mixed,No major mock concern,Dividend quality compounds with stable cash flow.,Moderate total return with risk controls intact.,Macro or governance shock reduces valuation and income confidence.,47.919882734541005,Avoid,0.57080117265459
NKE.US,Nike Inc,"Mock analyst view: quality, dividends and balance-sheet resilience are reviewed against sector risk. Narrative is improving toward quality, growth and capital return. Current regime lens: steady_state_low_chaos.","Mock risks: valuation compression, policy/regulatory shocks, dividend sustainability and liquidity stress. ML dividend-cut probability is elevated.",Needs review,Mixed,No major mock concern,Dividend quality compounds with stable cash flow.,Moderate total return with risk controls intact.,Macro or governance shock reduces valuation and income confidence.,47.873442234623454,Hold,0.5712655776537655
MPC.US,Marathon Petroleum Corp,"Mock analyst view: quality, dividends and balance-sheet resilience are reviewed against sector risk. Narrative is improving toward quality, growth and capital return. Current regime lens: steady_state_low_chaos.","Mock risks: valuation compression, policy/regulatory shocks, dividend sustainability and liquidity stress. Distributional ML forecast shows attractive upside but asymmetric downside risk.",Constructive,Mixed,No major mock concern,Dividend quality compounds with stable cash flow.,Moderate total return with risk controls intact.,Macro or governance shock reduces valuation and income confidence.,47.870091136428506,Avoid,0.571299088635715
UMI.BR,Umicore S.A.,"Mock analyst view: quality, dividends and balance-sheet resilience are reviewed against sector risk. Narrative is improving toward quality, growth and capital return. Current regime lens: steady_state_low_chaos.","Mock risks: valuation compression, policy/regulatory shocks, dividend sustainability and liquidity stress. Distributional ML forecast shows attractive upside but asymmetric downside risk. Forecast uncertainty is high; analyst placeholder treats this as Watchlist risk.",Needs review,Mixed,No major mock concern,Dividend quality compounds with stable cash flow.,Moderate total return with risk controls intact.,Macro or governance shock reduces valuation and income confidence.,47.82793365239176,Avoid,0.5717206634760824
NKE.XETRA,Nike Inc,"Mock analyst view: quality, dividends and balance-sheet resilience are reviewed against sector risk. Narrative is improving toward quality, growth and capital return. Current regime lens: steady_state_low_chaos.","Mock risks: valuation compression, policy/regulatory shocks, dividend sustainability and liquidity stress. Regime suitability requires review. ML dividend-cut probability is elevated.",Needs review,Mixed,No major mock concern,Dividend quality compounds with stable cash flow.,Moderate total return with risk controls intact.,Macro or governance shock reduces valuation and income confidence.,47.81356866033853,Avoid,0.5718643133966147
SIE.XETRA,Siemens Aktiengesellschaft,"Mock analyst view: quality, dividends and balance-sheet resilience are reviewed against sector risk. Narrative is improving toward quality, growth and capital return. Current regime lens: steady_state_low_chaos.","Mock risks: valuation compression, policy/regulatory shocks, dividend sustainability and liquidity stress. Narrative is reframing toward risk/deterioration.",Needs review,Constructive,No major mock concern,Dividend quality compounds with stable cash flow.,Moderate total return with risk controls intact.,Macro or governance shock reduces valuation and income confidence.,47.80895095177031,Avoid,0.5719104904822969
600547.SHG,Shandong Gold Mining Co Ltd,"Mock analyst view: quality, dividends and balance-sheet resilience are reviewed against sector risk. Current regime lens: steady_state_low_chaos.","Mock risks: valuation compression, policy/regulatory shocks, dividend sustainability and liquidity stress. Narrative is reframing toward risk/deterioration. Forecast uncertainty is high; analyst placeholder treats this as Watchlist risk.",Constructive,Mixed,No major mock concern,Dividend quality compounds with stable cash flow.,Moderate total return with risk controls intact.,Macro or governance shock reduces valuation and income confidence.,47.80047628986832,Avoid,0.5719952371013168
AIR.PA,Airbus Group SE,"Mock analyst view: quality, dividends and balance-sheet resilience are reviewed against sector risk. Narrative is improving toward quality, growth and capital return. Current regime lens: steady_state_low_chaos.","Mock risks: valuation compression, policy/regulatory shocks, dividend sustainability and liquidity stress.",Needs review,Mixed,No major mock concern,Dividend quality compounds with stable cash flow.,Moderate total return with risk controls intact.,Macro or governance shock reduces valuation and income confidence.,47.779371537323485,Avoid,0.5722062846267651
BATS.LSE,British American Tobacco PLC,"Mock analyst view: quality, dividends and balance-sheet resilience are reviewed against sector risk. Narrative is improving toward quality, growth and capital return. Current regime lens: steady_state_low_chaos.","Mock risks: valuation compression, policy/regulatory shocks, dividend sustainability and liquidity stress. Distributional ML forecast shows attractive upside but asymmetric downside risk. ML dividend-cut probability is elevated.",Needs review,Constructive,No major mock concern,Dividend quality compounds with stable cash flow.,Moderate total return with risk controls intact.,Macro or governance shock reduces valuation and income confidence.,47.68975529187922,Hold,0.5731024470812078
0371.HK,Beijing Enterprises Water Group Ltd,"Mock analyst view: quality, dividends and balance-sheet resilience are reviewed against sector risk. Narrative is improving toward quality, growth and capital return. Current regime lens: steady_state_low_chaos.","Mock risks: valuation compression, policy/regulatory shocks, dividend sustainability and liquidity stress. Narrative is reframing toward risk/deterioration. Distributional ML forecast shows attractive upside but asymmetric downside risk. ML dividend-cut probability is elevated. Forecast distribution has downside skew risk.",Needs review,Constructive,No major mock concern,Dividend quality compounds with stable cash flow.,Moderate total return with risk controls intact.,Macro or governance shock reduces valuation and income confidence.,47.6552446321911,Avoid,0.5734475536780891
R3NK.XETRA,Renk Group AG,"Mock analyst view: quality, dividends and balance-sheet resilience are reviewed against sector risk. Narrative is improving toward quality, growth and capital return. Current regime lens: steady_state_low_chaos.","Mock risks: valuation compression, policy/regulatory shocks, dividend sustainability and liquidity stress. Forecast uncertainty is high; analyst placeholder treats this as Watchlist risk.",Needs review,Mixed,No major mock concern,Dividend quality compounds with stable cash flow.,Moderate total return with risk controls intact.,Macro or governance shock reduces valuation and income confidence.,47.63900803528606,Avoid,0.5736099196471395
SREN.SW,Swiss Re AG,"Mock analyst view: quality, dividends and balance-sheet resilience are reviewed against sector risk. Narrative is improving toward quality, growth and capital return. Current regime lens: steady_state_low_chaos.","Mock risks: valuation compression, policy/regulatory shocks, dividend sustainability and liquidity stress. Distributional ML forecast shows attractive upside but asymmetric downside risk.",Needs review,Mixed,No major mock concern,Dividend quality compounds with stable cash flow.,Moderate total return with risk controls intact.,Macro or governance shock reduces valuation and income confidence.,47.632532558489494,Hold,0.5736746744151051
SN.LSE,Smith & Nephew PLC,"Mock analyst view: quality, dividends and balance-sheet resilience are reviewed against sector risk. Narrative is improving toward quality, growth and capital return. Current regime lens: steady_state_low_chaos.","Mock risks: valuation compression, policy/regulatory shocks, dividend sustainability and liquidity stress.",Needs review,Constructive,No major mock concern,Dividend quality compounds with stable cash flow.,Moderate total return with risk controls intact.,Macro or governance shock reduces valuation and income confidence.,47.62391004664496,Hold,0.5737608995335505
SLHN.SW,Swiss Life Holding AG,"Mock analyst view: quality, dividends and balance-sheet resilience are reviewed against sector risk. Narrative is improving toward quality, growth and capital return. Current regime lens: steady_state_low_chaos.","Mock risks: valuation compression, policy/regulatory shocks, dividend sustainability and liquidity stress. Distributional ML forecast shows attractive upside but asymmetric downside risk. ML dividend-cut probability is elevated.",Needs review,Mixed,No major mock concern,Dividend quality compounds with stable cash flow.,Moderate total return with risk controls intact.,Macro or governance shock reduces valuation and income confidence.,47.61686559791029,Hold,0.5738313440208971
SKA-B.ST,Skanska AB (publ),"Mock analyst view: quality, dividends and balance-sheet resilience are reviewed against sector risk. Narrative is improving toward quality, growth and capital return. Current regime lens: steady_state_low_chaos.","Mock risks: valuation compression, policy/regulatory shocks, dividend sustainability and liquidity stress. Distributional ML forecast shows attractive upside but asymmetric downside risk.",Needs review,Mixed,No major mock concern,Dividend quality compounds with stable cash flow.,Moderate total return with risk controls intact.,Macro or governance shock reduces valuation and income confidence.,47.60553859277815,Avoid,0.5739446140722185
002920.SHE,Huizhou Desay SV Automotive Co Ltd Class A,"Mock analyst view: quality, dividends and balance-sheet resilience are reviewed against sector risk. Narrative is improving toward quality, growth and capital return. Current regime lens: steady_state_low_chaos.","Mock risks: valuation compression, policy/regulatory shocks, dividend sustainability and liquidity stress. Forecast uncertainty is high; analyst placeholder treats this as Watchlist risk.",Needs review,Mixed,No major mock concern,Dividend quality compounds with stable cash flow.,Moderate total return with risk controls intact.,Macro or governance shock reduces valuation and income confidence.,47.58765609102397,Avoid,0.5741234390897603
VIG.VI,Vienna Insurance Group AG,"Mock analyst view: quality, dividends and balance-sheet resilience are reviewed against sector risk. Narrative is improving toward quality, growth and capital return. Current regime lens: steady_state_low_chaos.","Mock risks: valuation compression, policy/regulatory shocks, dividend sustainability and liquidity stress. Distributional ML forecast shows attractive upside but asymmetric downside risk.",Needs review,Mixed,No major mock concern,Dividend quality compounds with stable cash flow.,Moderate total return with risk controls intact.,Macro or governance shock reduces valuation and income confidence.,47.58418397952572,Avoid,0.5741581602047429
ADM.US,Archer-Daniels-Midland Company,"Mock analyst view: quality, dividends and balance-sheet resilience are reviewed against sector risk. Narrative is improving toward quality, growth and capital return. Current regime lens: steady_state_low_chaos.","Mock risks: valuation compression, policy/regulatory shocks, dividend sustainability and liquidity stress. Distributional ML forecast shows attractive upside but asymmetric downside risk.",Needs review,Mixed,No major mock concern,Dividend quality compounds with stable cash flow.,Moderate total return with risk controls intact.,Macro or governance shock reduces valuation and income confidence.,47.56728801749673,Hold,0.5743271198250327
CMI.US,Cummins Inc,"Mock analyst view: quality, dividends and balance-sheet resilience are reviewed against sector risk. Narrative is improving toward quality, growth and capital return. Current regime lens: steady_state_low_chaos.","Mock risks: valuation compression, policy/regulatory shocks, dividend sustainability and liquidity stress.",Needs review,Mixed,No major mock concern,Dividend quality compounds with stable cash flow.,Moderate total return with risk controls intact.,Macro or governance shock reduces valuation and income confidence.,47.52843450216185,Avoid,0.5747156549783815
002273.SHE,Zhejiang Crystal Optech Co Ltd,"Mock analyst view: quality, dividends and balance-sheet resilience are reviewed against sector risk. Narrative is improving toward quality, growth and capital return. Current regime lens: steady_state_low_chaos.","Mock risks: valuation compression, policy/regulatory shocks, dividend sustainability and liquidity stress. Forecast uncertainty is high; analyst placeholder treats this as Watchlist risk.",Needs review,Mixed,No major mock concern,Dividend quality compounds with stable cash flow.,Moderate total return with risk controls intact.,Macro or governance shock reduces valuation and income confidence.,47.52347315062608,Avoid,0.5747652684937392
BSP.XETRA,BAE Systems plc,"Mock analyst view: quality, dividends and balance-sheet resilience are reviewed against sector risk. Narrative is improving toward quality, growth and capital return. Current regime lens: steady_state_low_chaos.","Mock risks: valuation compression, policy/regulatory shocks, dividend sustainability and liquidity stress. Regime suitability requires review.",Needs review,Mixed,No major mock concern,Dividend quality compounds with stable cash flow.,Moderate total return with risk controls intact.,Macro or governance shock reduces valuation and income confidence.,47.49478073115182,Avoid,0.5750521926884818
AENA.MC,Aena SA,"Mock analyst view: quality, dividends and balance-sheet resilience are reviewed against sector risk. Narrative is improving toward quality, growth and capital return. Current regime lens: steady_state_low_chaos.","Mock risks: valuation compression, policy/regulatory shocks, dividend sustainability and liquidity stress. Distributional ML forecast shows attractive upside but asymmetric downside risk.",Needs review,Constructive,No major mock concern,Dividend quality compounds with stable cash flow.,Moderate total return with risk controls intact.,Macro or governance shock reduces valuation and income confidence.,47.47806099879247,Hold,0.5752193900120753
VOLV-B.ST,AB Volvo (publ),"Mock analyst view: quality, dividends and balance-sheet resilience are reviewed against sector risk. Narrative is improving toward quality, growth and capital return. Current regime lens: steady_state_low_chaos.","Mock risks: valuation compression, policy/regulatory shocks, dividend sustainability and liquidity stress.",Needs review,Mixed,No major mock concern,Dividend quality compounds with stable cash flow.,Moderate total return with risk controls intact.,Macro or governance shock reduces valuation and income confidence.,47.477718164158546,Hold,0.5752228183584146
ITW.US,Illinois Tool Works Inc,"Mock analyst view: quality, dividends and balance-sheet resilience are reviewed against sector risk. Current regime lens: steady_state_low_chaos.","Mock risks: valuation compression, policy/regulatory shocks, dividend sustainability and liquidity stress. Narrative is reframing toward risk/deterioration.",Needs review,Mixed,No major mock concern,Dividend quality compounds with stable cash flow.,Moderate total return with risk controls intact.,Macro or governance shock reduces valuation and income confidence.,47.45197639446499,Hold,0.5754802360553501
0083.HK,Sino Land,"Mock analyst view: quality, dividends and balance-sheet resilience are reviewed against sector risk. Narrative is improving toward quality, growth and capital return. Current regime lens: steady_state_low_chaos.","Mock risks: valuation compression, policy/regulatory shocks, dividend sustainability and liquidity stress. Regime suitability requires review. Distributional ML forecast shows attractive upside but asymmetric downside risk. ML dividend-cut probability is elevated.",Needs review,Mixed,No major mock concern,Dividend quality compounds with stable cash flow.,Moderate total return with risk controls intact.,Macro or governance shock reduces valuation and income confidence.,47.45021123845157,Avoid,0.5754978876154844
PM.US,Philip Morris International Inc,"Mock analyst view: quality, dividends and balance-sheet resilience are reviewed against sector risk. Narrative is improving toward quality, growth and capital return. Current regime lens: steady_state_low_chaos.","Mock risks: valuation compression, policy/regulatory shocks, dividend sustainability and liquidity stress. Distributional ML forecast shows attractive upside but asymmetric downside risk.",Needs review,Constructive,No major mock concern,Dividend quality compounds with stable cash flow.,Moderate total return with risk controls intact.,Macro or governance shock reduces valuation and income confidence.,47.421703764151104,Hold,0.575782962358489
MAERSK-B.CO,A.P. Møller - Mærsk A/S,"Mock analyst view: quality, dividends and balance-sheet resilience are reviewed against sector risk. Narrative is improving toward quality, growth and capital return. Current regime lens: steady_state_low_chaos.","Mock risks: valuation compression, policy/regulatory shocks, dividend sustainability and liquidity stress. Distributional ML forecast shows attractive upside but asymmetric downside risk.",Needs review,Constructive,No major mock concern,Dividend quality compounds with stable cash flow.,Moderate total return with risk controls intact.,Macro or governance shock reduces valuation and income confidence.,47.408124126805,Hold,0.5759187587319501
HEIA.AS,Heineken,"Mock analyst view: quality, dividends and balance-sheet resilience are reviewed against sector risk. Narrative is improving toward quality, growth and capital return. Current regime lens: steady_state_low_chaos.","Mock risks: valuation compression, policy/regulatory shocks, dividend sustainability and liquidity stress.",Needs review,Constructive,No major mock concern,Dividend quality compounds with stable cash flow.,Moderate total return with risk controls intact.,Macro or governance shock reduces valuation and income confidence.,47.37046082950917,Hold,0.5762953917049083
600256.SHG,Guanghui Energy Co Ltd,"Mock analyst view: quality, dividends and balance-sheet resilience are reviewed against sector risk. Narrative is improving toward quality, growth and capital return. Current regime lens: steady_state_low_chaos.","Mock risks: valuation compression, policy/regulatory shocks, dividend sustainability and liquidity stress. Distributional ML forecast shows attractive upside but asymmetric downside risk. ML dividend-cut probability is elevated. Forecast uncertainty is high; analyst placeholder treats this as Watchlist risk. Forecast distribution has downside skew risk.",Needs review,Constructive,No major mock concern,Dividend quality compounds with stable cash flow.,Moderate total return with risk controls intact.,Macro or governance shock reduces valuation and income confidence.,47.370248830528865,Avoid,0.5762975116947114
600030.SHG,CITIC Securities Co Ltd,"Mock analyst view: quality, dividends and balance-sheet resilience are reviewed against sector risk. Narrative is improving toward quality, growth and capital return. Current regime lens: steady_state_low_chaos.","Mock risks: valuation compression, policy/regulatory shocks, dividend sustainability and liquidity stress. Distributional ML forecast shows attractive upside but asymmetric downside risk.",Needs review,Constructive,No major mock concern,Dividend quality compounds with stable cash flow.,Moderate total return with risk controls intact.,Macro or governance shock reduces valuation and income confidence.,47.29355137088062,Hold,0.5770644862911938
600886.SHG,SDIC Power Holdings Co Ltd,"Mock analyst view: quality, dividends and balance-sheet resilience are reviewed against sector risk. Narrative is improving toward quality, growth and capital return. Current regime lens: steady_state_low_chaos.","Mock risks: valuation compression, policy/regulatory shocks, dividend sustainability and liquidity stress. ML dividend-cut probability is elevated.",Needs review,Constructive,No major mock concern,Dividend quality compounds with stable cash flow.,Moderate total return with risk controls intact.,Macro or governance shock reduces valuation and income confidence.,47.292059857810116,Avoid,0.5770794014218988
600585.SHG,Anhui Conch Cement Co Ltd,"Mock analyst view: quality, dividends and balance-sheet resilience are reviewed against sector risk. Narrative is improving toward quality, growth and capital return. Current regime lens: steady_state_low_chaos.","Mock risks: valuation compression, policy/regulatory shocks, dividend sustainability and liquidity stress. Distributional ML forecast shows attractive upside but asymmetric downside risk.",Needs review,Mixed,No major mock concern,Dividend quality compounds with stable cash flow.,Moderate total return with risk controls intact.,Macro or governance shock reduces valuation and income confidence.,47.25549590504662,Hold,0.5774450409495339
CVS.US,CVS Health Corp,"Mock analyst view: quality, dividends and balance-sheet resilience are reviewed against sector risk. Narrative is improving toward quality, growth and capital return. Current regime lens: steady_state_low_chaos.","Mock risks: valuation compression, policy/regulatory shocks, dividend sustainability and liquidity stress. Distributional ML forecast shows attractive upside but asymmetric downside risk. ML dividend-cut probability is elevated.",Needs review,Mixed,No major mock concern,Dividend quality compounds with stable cash flow.,Moderate total return with risk controls intact.,Macro or governance shock reduces valuation and income confidence.,47.252714366809556,Avoid,0.5774728563319045
RTX.US,RTX Corporation,"Mock analyst view: quality, dividends and balance-sheet resilience are reviewed against sector risk. Narrative is improving toward quality, growth and capital return. Current regime lens: steady_state_low_chaos.","Mock risks: valuation compression, policy/regulatory shocks, dividend sustainability and liquidity stress.",Needs review,Mixed,No major mock concern,Dividend quality compounds with stable cash flow.,Moderate total return with risk controls intact.,Macro or governance shock reduces valuation and income confidence.,47.19521145983903,Avoid,0.5780478854016098
IBE.MC,Iberdrola S.A.,"Mock analyst view: quality, dividends and balance-sheet resilience are reviewed against sector risk. Narrative is improving toward quality, growth and capital return. Current regime lens: steady_state_low_chaos.","Mock risks: valuation compression, policy/regulatory shocks, dividend sustainability and liquidity stress. ML dividend-cut probability is elevated.",Needs review,Mixed,No major mock concern,Dividend quality compounds with stable cash flow.,Moderate total return with risk controls intact.,Macro or governance shock reduces valuation and income confidence.,47.180766553411885,Hold,0.5781923344658811
3360.HK,Far East Horizon Ltd,"Mock analyst view: quality, dividends and balance-sheet resilience are reviewed against sector risk. Current regime lens: steady_state_low_chaos.","Mock risks: valuation compression, policy/regulatory shocks, dividend sustainability and liquidity stress. ML dividend-cut probability is elevated.",Constructive,Mixed,No major mock concern,Dividend quality compounds with stable cash flow.,Moderate total return with risk controls intact.,Macro or governance shock reduces valuation and income confidence.,47.15247180696899,Avoid,0.5784752819303102
2378.HK,Prudential PLC,"Mock analyst view: quality, dividends and balance-sheet resilience are reviewed against sector risk. Narrative is improving toward quality, growth and capital return. Current regime lens: steady_state_low_chaos.","Mock risks: valuation compression, policy/regulatory shocks, dividend sustainability and liquidity stress.",Constructive,Mixed,No major mock concern,Dividend quality compounds with stable cash flow.,Moderate total return with risk controls intact.,Macro or governance shock reduces valuation and income confidence.,47.11981967492953,Avoid,0.5788018032507047
IFCN.SW,Inficon Holding,"Mock analyst view: quality, dividends and balance-sheet resilience are reviewed against sector risk. Narrative is improving toward quality, growth and capital return. Current regime lens: steady_state_low_chaos.","Mock risks: valuation compression, policy/regulatory shocks, dividend sustainability and liquidity stress. Regime suitability requires review. Forecast uncertainty is high; analyst placeholder treats this as Watchlist risk.",Needs review,Mixed,No major mock concern,Dividend quality compounds with stable cash flow.,Moderate total return with risk controls intact.,Macro or governance shock reduces valuation and income confidence.,47.116254733824036,Avoid,0.5788374526617597
DEZ.XETRA,Deutz AG,"Mock analyst view: quality, dividends and balance-sheet resilience are reviewed against sector risk. Narrative is improving toward quality, growth and capital return. Current regime lens: steady_state_low_chaos.","Mock risks: valuation compression, policy/regulatory shocks, dividend sustainability and liquidity stress. Forecast uncertainty is high; analyst placeholder treats this as Watchlist risk.",Needs review,Mixed,No major mock concern,Dividend quality compounds with stable cash flow.,Moderate total return with risk controls intact.,Macro or governance shock reduces valuation and income confidence.,47.107863092871305,Avoid,0.578921369071287
MELE.BR,Melexis NV,"Mock analyst view: quality, dividends and balance-sheet resilience are reviewed against sector risk. Narrative is improving toward quality, growth and capital return. Current regime lens: steady_state_low_chaos.","Mock risks: valuation compression, policy/regulatory shocks, dividend sustainability and liquidity stress. Regime suitability requires review. ML dividend-cut probability is elevated. Forecast uncertainty is high; analyst placeholder treats this as Watchlist risk. Forecast distribution has downside skew risk.",Needs review,Mixed,No major mock concern,Dividend quality compounds with stable cash flow.,Moderate total return with risk controls intact.,Macro or governance shock reduces valuation and income confidence.,47.10158562031,Avoid,0.5789841437969001
AZE.BR,Azelis Group NV,"Mock analyst view: quality, dividends and balance-sheet resilience are reviewed against sector risk. Narrative is improving toward quality, growth and capital return. Current regime lens: steady_state_low_chaos.","Mock risks: valuation compression, policy/regulatory shocks, dividend sustainability and liquidity stress. Distributional ML forecast shows attractive upside but asymmetric downside risk. ML dividend-cut probability is elevated.",Needs review,Constructive,No major mock concern,Dividend quality compounds with stable cash flow.,Moderate total return with risk controls intact.,Macro or governance shock reduces valuation and income confidence.,47.0962881331985,Avoid,0.5790371186680151
LMT.US,Lockheed Martin Corporation,"Mock analyst view: quality, dividends and balance-sheet resilience are reviewed against sector risk. Narrative is improving toward quality, growth and capital return. Current regime lens: steady_state_low_chaos.","Mock risks: valuation compression, policy/regulatory shocks, dividend sustainability and liquidity stress.",Needs review,Constructive,No major mock concern,Dividend quality compounds with stable cash flow.,Moderate total return with risk controls intact.,Macro or governance shock reduces valuation and income confidence.,47.07713902162611,Hold,0.5792286097837389
000783.SHE,Changjiang Securities Co Ltd,"Mock analyst view: quality, dividends and balance-sheet resilience are reviewed against sector risk. Narrative is improving toward quality, growth and capital return. Current regime lens: steady_state_low_chaos.","Mock risks: valuation compression, policy/regulatory shocks, dividend sustainability and liquidity stress. Forecast uncertainty is high; analyst placeholder treats this as Watchlist risk.",Needs review,Mixed,No major mock concern,Dividend quality compounds with stable cash flow.,Moderate total return with risk controls intact.,Macro or governance shock reduces valuation and income confidence.,47.06344839004236,Avoid,0.5793655160995764
MANTA.HE,Mandatum Oyj,"Mock analyst view: quality, dividends and balance-sheet resilience are reviewed against sector risk. Narrative is improving toward quality, growth and capital return. Current regime lens: steady_state_low_chaos.","Mock risks: valuation compression, policy/regulatory shocks, dividend sustainability and liquidity stress. ML dividend-cut probability is elevated.",Needs review,Mixed,No major mock concern,Dividend quality compounds with stable cash flow.,Moderate total return with risk controls intact.,Macro or governance shock reduces valuation and income confidence.,47.046933059447355,Avoid,0.5795306694055264
ABI.BR,Anheuser Busch Inbev SA NV,"Mock analyst view: quality, dividends and balance-sheet resilience are reviewed against sector risk. Narrative is improving toward quality, growth and capital return. Current regime lens: steady_state_low_chaos.","Mock risks: valuation compression, policy/regulatory shocks, dividend sustainability and liquidity stress. Distributional ML forecast shows attractive upside but asymmetric downside risk.",Needs review,Constructive,No major mock concern,Dividend quality compounds with stable cash flow.,Moderate total return with risk controls intact.,Macro or governance shock reduces valuation and income confidence.,47.031276021619654,Hold,0.5796872397838035
EMR.US,Emerson Electric Company,"Mock analyst view: quality, dividends and balance-sheet resilience are reviewed against sector risk. Current regime lens: steady_state_low_chaos.","Mock risks: valuation compression, policy/regulatory shocks, dividend sustainability and liquidity stress. Narrative is reframing toward risk/deterioration. Credit/refinancing pressure is increasingly central to the equity story.",Needs review,Mixed,No major mock concern,Dividend quality compounds with stable cash flow.,Moderate total return with risk controls intact.,Macro or governance shock reduces valuation and income confidence.,46.990044961673426,Avoid,0.5800995503832658
GETI-B.ST,Getinge AB ser. B,"Mock analyst view: quality, dividends and balance-sheet resilience are reviewed against sector risk. Narrative is improving toward quality, growth and capital return. Current regime lens: steady_state_low_chaos.","Mock risks: valuation compression, policy/regulatory shocks, dividend sustainability and liquidity stress.",Needs review,Mixed,No major mock concern,Dividend quality compounds with stable cash flow.,Moderate total return with risk controls intact.,Macro or governance shock reduces valuation and income confidence.,46.985599390877134,Avoid,0.5801440060912287
ACKB.BR,Ackermans & Van Haaren NV,"Mock analyst view: quality, dividends and balance-sheet resilience are reviewed against sector risk. Narrative is improving toward quality, growth and capital return. Current regime lens: steady_state_low_chaos.","Mock risks: valuation compression, policy/regulatory shocks, dividend sustainability and liquidity stress. Distributional ML forecast shows attractive upside but asymmetric downside risk. ML dividend-cut probability is elevated.",Constructive,Mixed,No major mock concern,Dividend quality compounds with stable cash flow.,Moderate total return with risk controls intact.,Macro or governance shock reduces valuation and income confidence.,46.943258070081924,Avoid,0.5805674192991808
MDLZ.US,Mondelez International Inc,"Mock analyst view: quality, dividends and balance-sheet resilience are reviewed against sector risk. Narrative is improving toward quality, growth and capital return. Current regime lens: steady_state_low_chaos.","Mock risks: valuation compression, policy/regulatory shocks, dividend sustainability and liquidity stress. ML dividend-cut probability is elevated.",Needs review,Mixed,No major mock concern,Dividend quality compounds with stable cash flow.,Moderate total return with risk controls intact.,Macro or governance shock reduces valuation and income confidence.,46.93980005872251,Avoid,0.5806019994127749
2343.HK,Pacific Basin Shipping Ltd,"Mock analyst view: quality, dividends and balance-sheet resilience are reviewed against sector risk. Narrative is improving toward quality, growth and capital return. Current regime lens: steady_state_low_chaos.","Mock risks: valuation compression, policy/regulatory shocks, dividend sustainability and liquidity stress. ML dividend-cut probability is elevated.",Needs review,Mixed,No major mock concern,Dividend quality compounds with stable cash flow.,Moderate total return with risk controls intact.,Macro or governance shock reduces valuation and income confidence.,46.92368028758832,Avoid,0.5807631971241168
PFE.US,Pfizer Inc,"Mock analyst view: quality, dividends and balance-sheet resilience are reviewed against sector risk. Narrative is improving toward quality, growth and capital return. Current regime lens: steady_state_low_chaos.","Mock risks: valuation compression, policy/regulatory shocks, dividend sustainability and liquidity stress. Distributional ML forecast shows attractive upside but asymmetric downside risk. ML dividend-cut probability is elevated.",Needs review,Constructive,No major mock concern,Dividend quality compounds with stable cash flow.,Moderate total return with risk controls intact.,Macro or governance shock reduces valuation and income confidence.,46.90435508699145,Avoid,0.5809564491300855
TCAP.LSE,TP ICAP Group PLC,"Mock analyst view: quality, dividends and balance-sheet resilience are reviewed against sector risk. Narrative is improving toward quality, growth and capital return. Current regime lens: steady_state_low_chaos.","Mock risks: valuation compression, policy/regulatory shocks, dividend sustainability and liquidity stress. Narrative is reframing toward risk/deterioration.",Needs review,Mixed,No major mock concern,Dividend quality compounds with stable cash flow.,Moderate total return with risk controls intact.,Macro or governance shock reduces valuation and income confidence.,46.8862794725404,Avoid,0.581137205274596
KPN.AS,Koninklijke KPN NV,"Mock analyst view: quality, dividends and balance-sheet resilience are reviewed against sector risk. Narrative is improving toward quality, growth and capital return. Current regime lens: steady_state_low_chaos.","Mock risks: valuation compression, policy/regulatory shocks, dividend sustainability and liquidity stress. ML dividend-cut probability is elevated.",Needs review,Constructive,No major mock concern,Dividend quality compounds with stable cash flow.,Moderate total return with risk controls intact.,Macro or governance shock reduces valuation and income confidence.,46.81090623137421,Hold,0.5818909376862579
TTE.PA,TotalEnergies SE,"Mock analyst view: quality, dividends and balance-sheet resilience are reviewed against sector risk. Narrative is improving toward quality, growth and capital return. Current regime lens: steady_state_low_chaos.","Mock risks: valuation compression, policy/regulatory shocks, dividend sustainability and liquidity stress. Distributional ML forecast shows attractive upside but asymmetric downside risk.",Needs review,Mixed,No major mock concern,Dividend quality compounds with stable cash flow.,Moderate total return with risk controls intact.,Macro or governance shock reduces valuation and income confidence.,46.79819533170024,Hold,0.5820180466829976
BDX.US,Becton Dickinson and Company,"Mock analyst view: quality, dividends and balance-sheet resilience are reviewed against sector risk. Narrative is improving toward quality, growth and capital return. Current regime lens: steady_state_low_chaos.","Mock risks: valuation compression, policy/regulatory shocks, dividend sustainability and liquidity stress. Distributional ML forecast shows attractive upside but asymmetric downside risk.",Needs review,Constructive,No major mock concern,Dividend quality compounds with stable cash flow.,Moderate total return with risk controls intact.,Macro or governance shock reduces valuation and income confidence.,46.780390519078665,Hold,0.5821960948092134
600039.SHG,Sichuan Road & Bridge Group Co Ltd,"Mock analyst view: quality, dividends and balance-sheet resilience are reviewed against sector risk. Narrative is improving toward quality, growth and capital return. Current regime lens: steady_state_low_chaos.","Mock risks: valuation compression, policy/regulatory shocks, dividend sustainability and liquidity stress. Distributional ML forecast shows attractive upside but asymmetric downside risk.",Needs review,Mixed,No major mock concern,Dividend quality compounds with stable cash flow.,Moderate total return with risk controls intact.,Macro or governance shock reduces valuation and income confidence.,46.77309976263084,Hold,0.5822690023736916
DANSKE.CO,Danske Bank A/S,"Mock analyst view: quality, dividends and balance-sheet resilience are reviewed against sector risk. Narrative is improving toward quality, growth and capital return. Current regime lens: steady_state_low_chaos.","Mock risks: valuation compression, policy/regulatory shocks, dividend sustainability and liquidity stress. Distributional ML forecast shows attractive upside but asymmetric downside risk.",Needs review,Mixed,No major mock concern,Dividend quality compounds with stable cash flow.,Moderate total return with risk controls intact.,Macro or governance shock reduces valuation and income confidence.,46.75510000295206,Hold,0.5824489999704794
600150.SHG,China CSSC Holdings Ltd,"Mock analyst view: quality, dividends and balance-sheet resilience are reviewed against sector risk. Narrative is improving toward quality, growth and capital return. Current regime lens: steady_state_low_chaos.","Mock risks: valuation compression, policy/regulatory shocks, dividend sustainability and liquidity stress.",Needs review,Mixed,No major mock concern,Dividend quality compounds with stable cash flow.,Moderate total return with risk controls intact.,Macro or governance shock reduces valuation and income confidence.,46.72424321932636,Avoid,0.5827575678067365
HUSQ-B.ST,Husqvarna AB (publ),"Mock analyst view: quality, dividends and balance-sheet resilience are reviewed against sector risk. Narrative is improving toward quality, growth and capital return. Current regime lens: steady_state_low_chaos.","Mock risks: valuation compression, policy/regulatory shocks, dividend sustainability and liquidity stress. Distributional ML forecast shows attractive upside but asymmetric downside risk.",Needs review,Mixed,No major mock concern,Dividend quality compounds with stable cash flow.,Moderate total return with risk controls intact.,Macro or governance shock reduces valuation and income confidence.,46.69581025820195,Avoid,0.5830418974179805
PNC.US,PNC Financial Services Group Inc,"Mock analyst view: quality, dividends and balance-sheet resilience are reviewed against sector risk. Current regime lens: steady_state_low_chaos.","Mock risks: valuation compression, policy/regulatory shocks, dividend sustainability and liquidity stress. Narrative is reframing toward risk/deterioration. Credit/refinancing pressure is increasingly central to the equity story.",Needs review,Mixed,No major mock concern,Dividend quality compounds with stable cash flow.,Moderate total return with risk controls intact.,Macro or governance shock reduces valuation and income confidence.,46.693259688248915,Avoid,0.5830674031175109
LUG.ST,Lundin Gold Inc,"Mock analyst view: quality, dividends and balance-sheet resilience are reviewed against sector risk. Current regime lens: steady_state_low_chaos.","Mock risks: valuation compression, policy/regulatory shocks, dividend sustainability and liquidity stress. Narrative is reframing toward risk/deterioration. ML dividend-cut probability is elevated. Forecast uncertainty is high; analyst placeholder treats this as Watchlist risk. Forecast distribution has downside skew risk.",Constructive,Constructive,No major mock concern,Dividend quality compounds with stable cash flow.,Moderate total return with risk controls intact.,Macro or governance shock reduces valuation and income confidence.,46.66484024490679,Avoid,0.5833515975509321
PEP.US,PepsiCo Inc,"Mock analyst view: quality, dividends and balance-sheet resilience are reviewed against sector risk. Narrative is improving toward quality, growth and capital return. Current regime lens: steady_state_low_chaos.","Mock risks: valuation compression, policy/regulatory shocks, dividend sustainability and liquidity stress. ML dividend-cut probability is elevated.",Needs review,Mixed,No major mock concern,Dividend quality compounds with stable cash flow.,Moderate total return with risk controls intact.,Macro or governance shock reduces valuation and income confidence.,46.658772998941686,Hold,0.5834122700105832
600549.SHG,Xiamen Tungsten Co Ltd,"Mock analyst view: quality, dividends and balance-sheet resilience are reviewed against sector risk. Narrative is improving toward quality, growth and capital return. Current regime lens: steady_state_low_chaos.","Mock risks: valuation compression, policy/regulatory shocks, dividend sustainability and liquidity stress. ML dividend-cut probability is elevated. Forecast uncertainty is high; analyst placeholder treats this as Watchlist risk.",Needs review,Mixed,No major mock concern,Dividend quality compounds with stable cash flow.,Moderate total return with risk controls intact.,Macro or governance shock reduces valuation and income confidence.,46.647472384105846,Hold,0.5835252761589416
ADEN.SW,Adecco Group AG Class N,"Mock analyst view: quality, dividends and balance-sheet resilience are reviewed against sector risk. Narrative is improving toward quality, growth and capital return. Current regime lens: steady_state_low_chaos.","Mock risks: valuation compression, policy/regulatory shocks, dividend sustainability and liquidity stress. Distributional ML forecast shows attractive upside but asymmetric downside risk. Forecast uncertainty is high; analyst placeholder treats this as Watchlist risk.",Needs review,Constructive,No major mock concern,Dividend quality compounds with stable cash flow.,Moderate total return with risk controls intact.,Macro or governance shock reduces valuation and income confidence.,46.589984296246406,Hold,0.5841001570375359
SWON.SW,SoftwareONE Holding AG,"Mock analyst view: quality, dividends and balance-sheet resilience are reviewed against sector risk. Narrative is improving toward quality, growth and capital return. Current regime lens: steady_state_low_chaos.","Mock risks: valuation compression, policy/regulatory shocks, dividend sustainability and liquidity stress. Distributional ML forecast shows attractive upside but asymmetric downside risk. ML dividend-cut probability is elevated. Forecast uncertainty is high; analyst placeholder treats this as Watchlist risk. Forecast distribution has downside skew risk.",Needs review,Constructive,No major mock concern,Dividend quality compounds with stable cash flow.,Moderate total return with risk controls intact.,Macro or governance shock reduces valuation and income confidence.,46.5004926827538,Avoid,0.584995073172462
N91.LSE,Ninety One PLC,"Mock analyst view: quality, dividends and balance-sheet resilience are reviewed against sector risk. Narrative is improving toward quality, growth and capital return. Current regime lens: steady_state_low_chaos.","Mock risks: valuation compression, policy/regulatory shocks, dividend sustainability and liquidity stress. Distributional ML forecast shows attractive upside but asymmetric downside risk.",Needs review,Constructive,No major mock concern,Dividend quality compounds with stable cash flow.,Moderate total return with risk controls intact.,Macro or governance shock reduces valuation and income confidence.,46.433515174160355,Avoid,0.5856648482583965
CLN.SW,Clariant AG,"Mock analyst view: quality, dividends and balance-sheet resilience are reviewed against sector risk. Narrative is improving toward quality, growth and capital return. Current regime lens: steady_state_low_chaos.","Mock risks: valuation compression, policy/regulatory shocks, dividend sustainability and liquidity stress. Narrative is reframing toward risk/deterioration. Distributional ML forecast shows attractive upside but asymmetric downside risk. ML dividend-cut probability is elevated. Forecast distribution has downside skew risk.",Needs review,Mixed,No major mock concern,Dividend quality compounds with stable cash flow.,Moderate total return with risk controls intact.,Macro or governance shock reduces valuation and income confidence.,46.42733920433539,Avoid,0.5857266079566461
RTO.LSE,Rentokil Initial PLC,"Mock analyst view: quality, dividends and balance-sheet resilience are reviewed against sector risk. Narrative is improving toward quality, growth and capital return. Current regime lens: steady_state_low_chaos.","Mock risks: valuation compression, policy/regulatory shocks, dividend sustainability and liquidity stress. ML dividend-cut probability is elevated.",Needs review,Constructive,No major mock concern,Dividend quality compounds with stable cash flow.,Moderate total return with risk controls intact.,Macro or governance shock reduces valuation and income confidence.,46.4220184006205,Avoid,0.585779815993795
HOLN.SW,Holcim AG,"Mock analyst view: quality, dividends and balance-sheet resilience are reviewed against sector risk. Current regime lens: steady_state_low_chaos.","Mock risks: valuation compression, policy/regulatory shocks, dividend sustainability and liquidity stress. Narrative is reframing toward risk/deterioration. Credit/refinancing pressure is increasingly central to the equity story. ML dividend-cut probability is elevated.",Needs review,Mixed,No major mock concern,Dividend quality compounds with stable cash flow.,Moderate total return with risk controls intact.,Macro or governance shock reduces valuation and income confidence.,46.41203857317083,Avoid,0.5858796142682917
ABBV.US,AbbVie Inc,"Mock analyst view: quality, dividends and balance-sheet resilience are reviewed against sector risk. Current regime lens: steady_state_low_chaos.","Mock risks: valuation compression, policy/regulatory shocks, dividend sustainability and liquidity stress. Distributional ML forecast shows attractive upside but asymmetric downside risk. ML dividend-cut probability is elevated.",Needs review,Constructive,No major mock concern,Dividend quality compounds with stable cash flow.,Moderate total return with risk controls intact.,Macro or governance shock reduces valuation and income confidence.,46.39401753525165,Avoid,0.5860598246474835
1880.HK,China Tourism Group Duty Free Corporation Limited,"Mock analyst view: quality, dividends and balance-sheet resilience are reviewed against sector risk. Narrative is improving toward quality, growth and capital return. Current regime lens: steady_state_low_chaos.","Mock risks: valuation compression, policy/regulatory shocks, dividend sustainability and liquidity stress. Forecast uncertainty is high; analyst placeholder treats this as Watchlist risk.",Needs review,Mixed,No major mock concern,Dividend quality compounds with stable cash flow.,Moderate total return with risk controls intact.,Macro or governance shock reduces valuation and income confidence.,46.38195836548157,Avoid,0.5861804163451844
BME.LSE,B&M European Value Retail SA,"Mock analyst view: quality, dividends and balance-sheet resilience are reviewed against sector risk. Narrative is improving toward quality, growth and capital return. Current regime lens: steady_state_low_chaos.","Mock risks: valuation compression, policy/regulatory shocks, dividend sustainability and liquidity stress. Narrative is reframing toward risk/deterioration. Distributional ML forecast shows attractive upside but asymmetric downside risk. ML dividend-cut probability is elevated. Forecast uncertainty is high; analyst placeholder treats this as Watchlist risk. Forecast distribution has downside skew risk.",Needs review,Constructive,No major mock concern,Dividend quality compounds with stable cash flow.,Moderate total return with risk controls intact.,Macro or governance shock reduces valuation and income confidence.,46.28133131836798,Avoid,0.5871866868163202
002294.SHE,Shenzhen Salubris Pharmaceuticals Co Ltd,"Mock analyst view: quality, dividends and balance-sheet resilience are reviewed against sector risk. Narrative is improving toward quality, growth and capital return. Current regime lens: steady_state_low_chaos.","Mock risks: valuation compression, policy/regulatory shocks, dividend sustainability and liquidity stress. ML dividend-cut probability is elevated. Forecast uncertainty is high; analyst placeholder treats this as Watchlist risk. Forecast distribution has downside skew risk.",Needs review,Mixed,No major mock concern,Dividend quality compounds with stable cash flow.,Moderate total return with risk controls intact.,Macro or governance shock reduces valuation and income confidence.,46.27529836681724,Hold,0.5872470163318276
UNA.AS,Unilever PLC,"Mock analyst view: quality, dividends and balance-sheet resilience are reviewed against sector risk. Narrative is improving toward quality, growth and capital return. Current regime lens: steady_state_low_chaos.","Mock risks: valuation compression, policy/regulatory shocks, dividend sustainability and liquidity stress. ML dividend-cut probability is elevated.",Needs review,Mixed,No major mock concern,Dividend quality compounds with stable cash flow.,Moderate total return with risk controls intact.,Macro or governance shock reduces valuation and income confidence.,46.26089653648657,Hold,0.5873910346351343
002138.SHE,Shenzhen Sunlord Electronics Co Ltd,"Mock analyst view: quality, dividends and balance-sheet resilience are reviewed against sector risk. Current regime lens: steady_state_low_chaos.","Mock risks: valuation compression, policy/regulatory shocks, dividend sustainability and liquidity stress. Forecast uncertainty is high; analyst placeholder treats this as Watchlist risk.",Needs review,Mixed,No major mock concern,Dividend quality compounds with stable cash flow.,Moderate total return with risk controls intact.,Macro or governance shock reduces valuation and income confidence.,46.24613200031525,Avoid,0.5875386799968475
FAST.US,Fastenal Company,"Mock analyst view: quality, dividends and balance-sheet resilience are reviewed against sector risk. Narrative is improving toward quality, growth and capital return. Current regime lens: steady_state_low_chaos.","Mock risks: valuation compression, policy/regulatory shocks, dividend sustainability and liquidity stress. ML dividend-cut probability is elevated.",Needs review,Mixed,No major mock concern,Dividend quality compounds with stable cash flow.,Moderate total return with risk controls intact.,Macro or governance shock reduces valuation and income confidence.,46.2244022213164,Hold,0.587755977786836
AKZA.AS,Akzo Nobel NV,"Mock analyst view: quality, dividends and balance-sheet resilience are reviewed against sector risk. Current regime lens: steady_state_low_chaos.","Mock risks: valuation compression, policy/regulatory shocks, dividend sustainability and liquidity stress. Narrative is reframing toward risk/deterioration. Credit/refinancing pressure is increasingly central to the equity story.",Needs review,Mixed,No major mock concern,Dividend quality compounds with stable cash flow.,Moderate total return with risk controls intact.,Macro or governance shock reduces valuation and income confidence.,46.19498181534613,Avoid,0.5880501818465387
SIGN.SW,SIG Combibloc Group AG,"Mock analyst view: quality, dividends and balance-sheet resilience are reviewed against sector risk. Narrative is improving toward quality, growth and capital return. Current regime lens: steady_state_low_chaos.","Mock risks: valuation compression, policy/regulatory shocks, dividend sustainability and liquidity stress. ML dividend-cut probability is elevated. Forecast uncertainty is high; analyst placeholder treats this as Watchlist risk. Forecast distribution has downside skew risk.",Constructive,Mixed,No major mock concern,Dividend quality compounds with stable cash flow.,Moderate total return with risk controls intact.,Macro or governance shock reduces valuation and income confidence.,46.13405078122307,Avoid,0.5886594921877694
AZN.US,AstraZeneca PLC,"Mock analyst view: quality, dividends and balance-sheet resilience are reviewed against sector risk. Narrative is improving toward quality, growth and capital return. Current regime lens: steady_state_low_chaos.","Mock risks: valuation compression, policy/regulatory shocks, dividend sustainability and liquidity stress.",Needs review,Mixed,No major mock concern,Dividend quality compounds with stable cash flow.,Moderate total return with risk controls intact.,Macro or governance shock reduces valuation and income confidence.,46.11478067949647,Hold,0.5888521932050353
TW.LSE,Taylor Wimpey PLC,"Mock analyst view: quality, dividends and balance-sheet resilience are reviewed against sector risk. Narrative is improving toward quality, growth and capital return. Current regime lens: steady_state_low_chaos.","Mock risks: valuation compression, policy/regulatory shocks, dividend sustainability and liquidity stress. Distributional ML forecast shows attractive upside but asymmetric downside risk. ML dividend-cut probability is elevated. Forecast distribution has downside skew risk.",Needs review,Mixed,No major mock concern,Dividend quality compounds with stable cash flow.,Moderate total return with risk controls intact.,Macro or governance shock reduces valuation and income confidence.,46.08425275516071,Avoid,0.5891574724483929
0902.HK,Huaneng Power International,"Mock analyst view: quality, dividends and balance-sheet resilience are reviewed against sector risk. Narrative is improving toward quality, growth and capital return. Current regime lens: steady_state_low_chaos.","Mock risks: valuation compression, policy/regulatory shocks, dividend sustainability and liquidity stress. Distributional ML forecast shows attractive upside but asymmetric downside risk. ML dividend-cut probability is elevated.",Constructive,Mixed,No major mock concern,Dividend quality compounds with stable cash flow.,Moderate total return with risk controls intact.,Macro or governance shock reduces valuation and income confidence.,46.051644879725934,Avoid,0.5894835512027407
WDP.BR,Warehouses de Pauw Comm VA,"Mock analyst view: quality, dividends and balance-sheet resilience are reviewed against sector risk. Narrative is improving toward quality, growth and capital return. Current regime lens: steady_state_low_chaos.","Mock risks: valuation compression, policy/regulatory shocks, dividend sustainability and liquidity stress. Distributional ML forecast shows attractive upside but asymmetric downside risk. ML dividend-cut probability is elevated.",Needs review,Constructive,No major mock concern,Dividend quality compounds with stable cash flow.,Moderate total return with risk controls intact.,Macro or governance shock reduces valuation and income confidence.,46.04489297472138,Avoid,0.5895510702527863
VIS.MC,Viscofan,"Mock analyst view: quality, dividends and balance-sheet resilience are reviewed against sector risk. Narrative is improving toward quality, growth and capital return. Current regime lens: steady_state_low_chaos.","Mock risks: valuation compression, policy/regulatory shocks, dividend sustainability and liquidity stress. Regime suitability requires review. Distributional ML forecast shows attractive upside but asymmetric downside risk. ML dividend-cut probability is elevated.",Needs review,Mixed,No major mock concern,Dividend quality compounds with stable cash flow.,Moderate total return with risk controls intact.,Macro or governance shock reduces valuation and income confidence.,45.99275057154113,Avoid,0.5900724942845887
KTN.XETRA,Kontron AG,"Mock analyst view: quality, dividends and balance-sheet resilience are reviewed against sector risk. Narrative is improving toward quality, growth and capital return. Current regime lens: steady_state_low_chaos.","Mock risks: valuation compression, policy/regulatory shocks, dividend sustainability and liquidity stress.",Needs review,Mixed,No major mock concern,Dividend quality compounds with stable cash flow.,Moderate total return with risk controls intact.,Macro or governance shock reduces valuation and income confidence.,45.99147439841867,Avoid,0.5900852560158134
000596.SHE,Anhui Gujing Distillery Co Ltd,"Mock analyst view: quality, dividends and balance-sheet resilience are reviewed against sector risk. Narrative is improving toward quality, growth and capital return. Current regime lens: steady_state_low_chaos.","Mock risks: valuation compression, policy/regulatory shocks, dividend sustainability and liquidity stress. ML dividend-cut probability is elevated. Forecast uncertainty is high; analyst placeholder treats this as Watchlist risk. Forecast distribution has downside skew risk.",Needs review,Mixed,No major mock concern,Dividend quality compounds with stable cash flow.,Moderate total return with risk controls intact.,Macro or governance shock reduces valuation and income confidence.,45.9231037125292,Avoid,0.590768962874708
0683.HK,Kerry Properties Ltd,"Mock analyst view: quality, dividends and balance-sheet resilience are reviewed against sector risk. Narrative is improving toward quality, growth and capital return. Current regime lens: steady_state_low_chaos.","Mock risks: valuation compression, policy/regulatory shocks, dividend sustainability and liquidity stress. ML dividend-cut probability is elevated. Forecast distribution has downside skew risk.",Needs review,Constructive,No major mock concern,Dividend quality compounds with stable cash flow.,Moderate total return with risk controls intact.,Macro or governance shock reduces valuation and income confidence.,45.868817038804025,Avoid,0.5913118296119598
UPS.US,United Parcel Service Inc,"Mock analyst view: quality, dividends and balance-sheet resilience are reviewed against sector risk. Narrative is improving toward quality, growth and capital return. Current regime lens: steady_state_low_chaos.","Mock risks: valuation compression, policy/regulatory shocks, dividend sustainability and liquidity stress. Distributional ML forecast shows attractive upside but asymmetric downside risk. ML dividend-cut probability is elevated.",Needs review,Mixed,No major mock concern,Dividend quality compounds with stable cash flow.,Moderate total return with risk controls intact.,Macro or governance shock reduces valuation and income confidence.,45.718297404540316,Avoid,0.5928170259545968
LEG.XETRA,LEG Immobilien SE,"Mock analyst view: quality, dividends and balance-sheet resilience are reviewed against sector risk. Current regime lens: steady_state_low_chaos.","Mock risks: valuation compression, policy/regulatory shocks, dividend sustainability and liquidity stress. Narrative is reframing toward risk/deterioration. Credit/refinancing pressure is increasingly central to the equity story. Distributional ML forecast shows attractive upside but asymmetric downside risk. ML dividend-cut probability is elevated.",Needs review,Constructive,No major mock concern,Dividend quality compounds with stable cash flow.,Moderate total return with risk controls intact.,Macro or governance shock reduces valuation and income confidence.,45.70839417137422,Avoid,0.5929160582862578
002050.SHE,Zhejiang Sanhua Co Ltd,"Mock analyst view: quality, dividends and balance-sheet resilience are reviewed against sector risk. Narrative is improving toward quality, growth and capital return. Current regime lens: steady_state_low_chaos.","Mock risks: valuation compression, policy/regulatory shocks, dividend sustainability and liquidity stress. Forecast uncertainty is high; analyst placeholder treats this as Watchlist risk.",Needs review,Mixed,No major mock concern,Dividend quality compounds with stable cash flow.,Moderate total return with risk controls intact.,Macro or governance shock reduces valuation and income confidence.,45.68548977146001,Avoid,0.5931451022854
600027.SHG,Huadian Power International Corp Ltd Class A,"Mock analyst view: quality, dividends and balance-sheet resilience are reviewed against sector risk. Current regime lens: steady_state_low_chaos.","Mock risks: valuation compression, policy/regulatory shocks, dividend sustainability and liquidity stress. Narrative is reframing toward risk/deterioration. Distributional ML forecast shows attractive upside but asymmetric downside risk. ML dividend-cut probability is elevated.",Needs review,Constructive,No major mock concern,Dividend quality compounds with stable cash flow.,Moderate total return with risk controls intact.,Macro or governance shock reduces valuation and income confidence.,45.66630239391566,Avoid,0.5933369760608435
NDAQ.US,Nasdaq Inc,"Mock analyst view: quality, dividends and balance-sheet resilience are reviewed against sector risk. Current regime lens: steady_state_low_chaos.","Mock risks: valuation compression, policy/regulatory shocks, dividend sustainability and liquidity stress. Narrative is reframing toward risk/deterioration.",Needs review,Constructive,No major mock concern,Dividend quality compounds with stable cash flow.,Moderate total return with risk controls intact.,Macro or governance shock reduces valuation and income confidence.,45.65131972122794,Avoid,0.5934868027877206
600346.SHG,Hengli Petrochemical Co Ltd,"Mock analyst view: quality, dividends and balance-sheet resilience are reviewed against sector risk. Narrative is improving toward quality, growth and capital return. Current regime lens: steady_state_low_chaos.","Mock risks: valuation compression, policy/regulatory shocks, dividend sustainability and liquidity stress. Distributional ML forecast shows attractive upside but asymmetric downside risk. ML dividend-cut probability is elevated. Forecast uncertainty is high; analyst placeholder treats this as Watchlist risk.",Needs review,Constructive,No major mock concern,Dividend quality compounds with stable cash flow.,Moderate total return with risk controls intact.,Macro or governance shock reduces valuation and income confidence.,45.63998150525278,Avoid,0.5936001849474722
CAST.ST,Castellum AB,"Mock analyst view: quality, dividends and balance-sheet resilience are reviewed against sector risk. Narrative is improving toward quality, growth and capital return. Current regime lens: steady_state_low_chaos.","Mock risks: valuation compression, policy/regulatory shocks, dividend sustainability and liquidity stress. Distributional ML forecast shows attractive upside but asymmetric downside risk. ML dividend-cut probability is elevated.",Needs review,Constructive,No major mock concern,Dividend quality compounds with stable cash flow.,Moderate total return with risk controls intact.,Macro or governance shock reduces valuation and income confidence.,45.611125393233365,Avoid,0.5938887460676664
LHX.US,L3Harris Technologies Inc,"Mock analyst view: quality, dividends and balance-sheet resilience are reviewed against sector risk. Narrative is improving toward quality, growth and capital return. Current regime lens: steady_state_low_chaos.","Mock risks: valuation compression, policy/regulatory shocks, dividend sustainability and liquidity stress.",Needs review,Mixed,No major mock concern,Dividend quality compounds with stable cash flow.,Moderate total return with risk controls intact.,Macro or governance shock reduces valuation and income confidence.,45.5300475119682,Hold,0.5946995248803181
1910.HK,Samsonite International SA,"Mock analyst view: quality, dividends and balance-sheet resilience are reviewed against sector risk. Narrative is improving toward quality, growth and capital return. Current regime lens: steady_state_low_chaos.","Mock risks: valuation compression, policy/regulatory shocks, dividend sustainability and liquidity stress. Distributional ML forecast shows attractive upside but asymmetric downside risk.",Needs review,Constructive,No major mock concern,Dividend quality compounds with stable cash flow.,Moderate total return with risk controls intact.,Macro or governance shock reduces valuation and income confidence.,45.50408380218643,Avoid,0.5949591619781358
EKTA-B.ST,Elekta AB (publ),"Mock analyst view: quality, dividends and balance-sheet resilience are reviewed against sector risk. Narrative is improving toward quality, growth and capital return. Current regime lens: steady_state_low_chaos.","Mock risks: valuation compression, policy/regulatory shocks, dividend sustainability and liquidity stress. ML dividend-cut probability is elevated. Forecast uncertainty is high; analyst placeholder treats this as Watchlist risk. Forecast distribution has downside skew risk.",Needs review,Mixed,No major mock concern,Dividend quality compounds with stable cash flow.,Moderate total return with risk controls intact.,Macro or governance shock reduces valuation and income confidence.,45.49796610756543,Avoid,0.5950203389243457
1787.HK,Shandong Gold Mining Co Ltd,"Mock analyst view: quality, dividends and balance-sheet resilience are reviewed against sector risk. Narrative is improving toward quality, growth and capital return. Current regime lens: steady_state_low_chaos.","Mock risks: valuation compression, policy/regulatory shocks, dividend sustainability and liquidity stress. Forecast uncertainty is high; analyst placeholder treats this as Watchlist risk.",Constructive,Mixed,No major mock concern,Dividend quality compounds with stable cash flow.,Moderate total return with risk controls intact.,Macro or governance shock reduces valuation and income confidence.,45.4564127865835,Avoid,0.595435872134165
300866.SHE,Anker Innovations Technology Co Ltd,"Mock analyst view: quality, dividends and balance-sheet resilience are reviewed against sector risk. Narrative is improving toward quality, growth and capital return. Current regime lens: steady_state_low_chaos.","Mock risks: valuation compression, policy/regulatory shocks, dividend sustainability and liquidity stress. ML dividend-cut probability is elevated. Forecast uncertainty is high; analyst placeholder treats this as Watchlist risk. Forecast distribution has downside skew risk.",Needs review,Mixed,No major mock concern,Dividend quality compounds with stable cash flow.,Moderate total return with risk controls intact.,Macro or governance shock reduces valuation and income confidence.,45.4219188981384,Hold,0.595780811018616
0006.HK,Power Assets,"Mock analyst view: quality, dividends and balance-sheet resilience are reviewed against sector risk. Narrative is improving toward quality, growth and capital return. Current regime lens: steady_state_low_chaos.","Mock risks: valuation compression, policy/regulatory shocks, dividend sustainability and liquidity stress. Regime suitability requires review. ML dividend-cut probability is elevated.",Needs review,Mixed,No major mock concern,Dividend quality compounds with stable cash flow.,Moderate total return with risk controls intact.,Macro or governance shock reduces valuation and income confidence.,45.39946744635078,Avoid,0.5960053255364922
000559.SHE,Wanxiang Qianchao Co Ltd,"Mock analyst view: quality, dividends and balance-sheet resilience are reviewed against sector risk. Narrative is improving toward quality, growth and capital return. Current regime lens: steady_state_low_chaos.","Mock risks: valuation compression, policy/regulatory shocks, dividend sustainability and liquidity stress. Forecast uncertainty is high; analyst placeholder treats this as Watchlist risk.",Needs review,Mixed,No major mock concern,Dividend quality compounds with stable cash flow.,Moderate total return with risk controls intact.,Macro or governance shock reduces valuation and income confidence.,45.35716265118438,Hold,0.5964283734881562
AJG.US,Arthur J Gallagher & Co,"Mock analyst view: quality, dividends and balance-sheet resilience are reviewed against sector risk. Narrative is improving toward quality, growth and capital return. Current regime lens: steady_state_low_chaos.","Mock risks: valuation compression, policy/regulatory shocks, dividend sustainability and liquidity stress.",Needs review,Mixed,No major mock concern,Dividend quality compounds with stable cash flow.,Moderate total return with risk controls intact.,Macro or governance shock reduces valuation and income confidence.,45.343749756317806,Avoid,0.596562502436822
AKE.PA,Arkema SA,"Mock analyst view: quality, dividends and balance-sheet resilience are reviewed against sector risk. Narrative is improving toward quality, growth and capital return. Current regime lens: steady_state_low_chaos.","Mock risks: valuation compression, policy/regulatory shocks, dividend sustainability and liquidity stress. Distributional ML forecast shows attractive upside but asymmetric downside risk. ML dividend-cut probability is elevated.",Needs review,Mixed,No major mock concern,Dividend quality compounds with stable cash flow.,Moderate total return with risk controls intact.,Macro or governance shock reduces valuation and income confidence.,45.296816220575195,Avoid,0.5970318377942481
SIKA.SW,Sika AG,"Mock analyst view: quality, dividends and balance-sheet resilience are reviewed against sector risk. Narrative is improving toward quality, growth and capital return. Current regime lens: steady_state_low_chaos.","Mock risks: valuation compression, policy/regulatory shocks, dividend sustainability and liquidity stress.",Needs review,Mixed,No major mock concern,Dividend quality compounds with stable cash flow.,Moderate total return with risk controls intact.,Macro or governance shock reduces valuation and income confidence.,45.22925864035035,Hold,0.5977074135964965
600018.SHG,Shanghai International Port Group Co Ltd,"Mock analyst view: quality, dividends and balance-sheet resilience are reviewed against sector risk. Narrative is improving toward quality, growth and capital return. Current regime lens: steady_state_low_chaos.","Mock risks: valuation compression, policy/regulatory shocks, dividend sustainability and liquidity stress.",Needs review,Mixed,No major mock concern,Dividend quality compounds with stable cash flow.,Moderate total return with risk controls intact.,Macro or governance shock reduces valuation and income confidence.,45.21815198469914,Hold,0.5978184801530086
000100.SHE,TCL Corp,"Mock analyst view: quality, dividends and balance-sheet resilience are reviewed against sector risk. Narrative is improving toward quality, growth and capital return. Current regime lens: steady_state_low_chaos.","Mock risks: valuation compression, policy/regulatory shocks, dividend sustainability and liquidity stress. Distributional ML forecast shows attractive upside but asymmetric downside risk.",Needs review,Constructive,No major mock concern,Dividend quality compounds with stable cash flow.,Moderate total return with risk controls intact.,Macro or governance shock reduces valuation and income confidence.,45.152507418981386,Hold,0.5984749258101861
KGX.XETRA,Kion Group AG,"Mock analyst view: quality, dividends and balance-sheet resilience are reviewed against sector risk. Narrative is improving toward quality, growth and capital return. Current regime lens: steady_state_low_chaos.","Mock risks: valuation compression, policy/regulatory shocks, dividend sustainability and liquidity stress. Distributional ML forecast shows attractive upside but asymmetric downside risk. Forecast uncertainty is high; analyst placeholder treats this as Watchlist risk.",Needs review,Constructive,No major mock concern,Dividend quality compounds with stable cash flow.,Moderate total return with risk controls intact.,Macro or governance shock reduces valuation and income confidence.,45.141005500509365,Avoid,0.5985899449949064
YPSN.SW,Ypsomed Holding AG,"Mock analyst view: quality, dividends and balance-sheet resilience are reviewed against sector risk. Narrative is improving toward quality, growth and capital return. Current regime lens: steady_state_low_chaos.","Mock risks: valuation compression, policy/regulatory shocks, dividend sustainability and liquidity stress. Regime suitability requires review. ML dividend-cut probability is elevated. Forecast distribution has downside skew risk.",Needs review,Mixed,No major mock concern,Dividend quality compounds with stable cash flow.,Moderate total return with risk controls intact.,Macro or governance shock reduces valuation and income confidence.,45.13559564767917,Avoid,0.5986440435232083
NOKIA.HE,Nokia Oyj,"Mock analyst view: quality, dividends and balance-sheet resilience are reviewed against sector risk. Narrative is improving toward quality, growth and capital return. Current regime lens: steady_state_low_chaos.","Mock risks: valuation compression, policy/regulatory shocks, dividend sustainability and liquidity stress. ML dividend-cut probability is elevated. Forecast uncertainty is high; analyst placeholder treats this as Watchlist risk. Forecast distribution has downside skew risk.",Needs review,Mixed,No major mock concern,Dividend quality compounds with stable cash flow.,Moderate total return with risk controls intact.,Macro or governance shock reduces valuation and income confidence.,45.08561177348875,Avoid,0.5991438822651125
600845.SHG,Shanghai Baosight Software Co Ltd A,"Mock analyst view: quality, dividends and balance-sheet resilience are reviewed against sector risk. Narrative is improving toward quality, growth and capital return. Current regime lens: steady_state_low_chaos.","Mock risks: valuation compression, policy/regulatory shocks, dividend sustainability and liquidity stress. Regime suitability requires review. ML dividend-cut probability is elevated. Forecast distribution has downside skew risk.",Needs review,Mixed,No major mock concern,Dividend quality compounds with stable cash flow.,Moderate total return with risk controls intact.,Macro or governance shock reduces valuation and income confidence.,45.07283064549553,Avoid,0.5992716935450447
TEL2-B.ST,Tele2 AB (publ),"Mock analyst view: quality, dividends and balance-sheet resilience are reviewed against sector risk. Narrative is improving toward quality, growth and capital return. Current regime lens: steady_state_low_chaos.","Mock risks: valuation compression, policy/regulatory shocks, dividend sustainability and liquidity stress. Narrative is reframing toward risk/deterioration. Distributional ML forecast shows attractive upside but asymmetric downside risk. Forecast uncertainty is high; analyst placeholder treats this as Watchlist risk.",Needs review,Constructive,No major mock concern,Dividend quality compounds with stable cash flow.,Moderate total return with risk controls intact.,Macro or governance shock reduces valuation and income confidence.,45.06183337867054,Hold,0.5993816662132946
NSRGY.US,Nestle SA ADR,"Mock analyst view: quality, dividends and balance-sheet resilience are reviewed against sector risk. Narrative is improving toward quality, growth and capital return. Current regime lens: steady_state_low_chaos.","Mock risks: valuation compression, policy/regulatory shocks, dividend sustainability and liquidity stress. ML dividend-cut probability is elevated.",Needs review,Constructive,No major mock concern,Dividend quality compounds with stable cash flow.,Moderate total return with risk controls intact.,Macro or governance shock reduces valuation and income confidence.,45.0083134507681,Avoid,0.599916865492319
SPG.US,Simon Property Group Inc,"Mock analyst view: quality, dividends and balance-sheet resilience are reviewed against sector risk. Narrative is improving toward quality, growth and capital return. Current regime lens: steady_state_low_chaos.","Mock risks: valuation compression, policy/regulatory shocks, dividend sustainability and liquidity stress. ML dividend-cut probability is elevated.",Needs review,Constructive,No major mock concern,Dividend quality compounds with stable cash flow.,Moderate total return with risk controls intact.,Macro or governance shock reduces valuation and income confidence.,44.996300971933564,Avoid,0.6000369902806644
002241.SHE,Goertek Inc,"Mock analyst view: quality, dividends and balance-sheet resilience are reviewed against sector risk. Narrative is improving toward quality, growth and capital return. Current regime lens: steady_state_low_chaos.","Mock risks: valuation compression, policy/regulatory shocks, dividend sustainability and liquidity stress. ML dividend-cut probability is elevated. Forecast uncertainty is high; analyst placeholder treats this as Watchlist risk. Forecast distribution has downside skew risk.",Needs review,Mixed,No major mock concern,Dividend quality compounds with stable cash flow.,Moderate total return with risk controls intact.,Macro or governance shock reduces valuation and income confidence.,44.99365291514616,Avoid,0.6000634708485385
BHP.US,BHP Group Limited,"Mock analyst view: quality, dividends and balance-sheet resilience are reviewed against sector risk. Narrative is improving toward quality, growth and capital return. Current regime lens: steady_state_low_chaos.","Mock risks: valuation compression, policy/regulatory shocks, dividend sustainability and liquidity stress. Distributional ML forecast shows attractive upside but asymmetric downside risk.",Needs review,Constructive,No major mock concern,Dividend quality compounds with stable cash flow.,Moderate total return with risk controls intact.,Macro or governance shock reduces valuation and income confidence.,44.91471339864564,Avoid,0.6008528660135437
1193.HK,China Resources Gas Group Ltd,"Mock analyst view: quality, dividends and balance-sheet resilience are reviewed against sector risk. Narrative is improving toward quality, growth and capital return. Current regime lens: steady_state_low_chaos.","Mock risks: valuation compression, policy/regulatory shocks, dividend sustainability and liquidity stress. Distributional ML forecast shows attractive upside but asymmetric downside risk.",Needs review,Mixed,No major mock concern,Dividend quality compounds with stable cash flow.,Moderate total return with risk controls intact.,Macro or governance shock reduces valuation and income confidence.,44.87299762010354,Avoid,0.6012700237989647
1128.HK,Wynn Macau Ltd,"Mock analyst view: quality, dividends and balance-sheet resilience are reviewed against sector risk. Narrative is improving toward quality, growth and capital return. Current regime lens: steady_state_low_chaos.","Mock risks: valuation compression, policy/regulatory shocks, dividend sustainability and liquidity stress. Distributional ML forecast shows attractive upside but asymmetric downside risk. ML dividend-cut probability is elevated. Forecast distribution has downside skew risk.",Needs review,Constructive,No major mock concern,Dividend quality compounds with stable cash flow.,Moderate total return with risk controls intact.,Macro or governance shock reduces valuation and income confidence.,44.84920541813158,Avoid,0.6015079458186843
KBC.BR,KBC Groep NV,"Mock analyst view: quality, dividends and balance-sheet resilience are reviewed against sector risk. Narrative is improving toward quality, growth and capital return. Current regime lens: steady_state_low_chaos.","Mock risks: valuation compression, policy/regulatory shocks, dividend sustainability and liquidity stress. Distributional ML forecast shows attractive upside but asymmetric downside risk.",Needs review,Mixed,No major mock concern,Dividend quality compounds with stable cash flow.,Moderate total return with risk controls intact.,Macro or governance shock reduces valuation and income confidence.,44.846876386587844,Avoid,0.6015312361341216
RIO.US,Rio Tinto ADR,"Mock analyst view: quality, dividends and balance-sheet resilience are reviewed against sector risk. Narrative is improving toward quality, growth and capital return. Current regime lens: steady_state_low_chaos.","Mock risks: valuation compression, policy/regulatory shocks, dividend sustainability and liquidity stress. Distributional ML forecast shows attractive upside but asymmetric downside risk. ML dividend-cut probability is elevated.",Needs review,Mixed,No major mock concern,Dividend quality compounds with stable cash flow.,Moderate total return with risk controls intact.,Macro or governance shock reduces valuation and income confidence.,44.83049388315556,Avoid,0.6016950611684444
LATO-B.ST,Investment AB Latour (publ),"Mock analyst view: quality, dividends and balance-sheet resilience are reviewed against sector risk. Current regime lens: steady_state_low_chaos.","Mock risks: valuation compression, policy/regulatory shocks, dividend sustainability and liquidity stress. Narrative is reframing toward risk/deterioration. Regime suitability requires review.",Needs review,Mixed,No major mock concern,Dividend quality compounds with stable cash flow.,Moderate total return with risk controls intact.,Macro or governance shock reduces valuation and income confidence.,44.81197467902879,Avoid,0.6018802532097121
TTE.LSE,TotalEnergies SE,"Mock analyst view: quality, dividends and balance-sheet resilience are reviewed against sector risk. Narrative is improving toward quality, growth and capital return. Current regime lens: steady_state_low_chaos.","Mock risks: valuation compression, policy/regulatory shocks, dividend sustainability and liquidity stress. Distributional ML forecast shows attractive upside but asymmetric downside risk. Forecast uncertainty is high; analyst placeholder treats this as Watchlist risk.",Needs review,Mixed,No major mock concern,Dividend quality compounds with stable cash flow.,Moderate total return with risk controls intact.,Macro or governance shock reduces valuation and income confidence.,44.795236203954985,Avoid,0.6020476379604502
TXN.US,Texas Instruments Incorporated,"Mock analyst view: quality, dividends and balance-sheet resilience are reviewed against sector risk. Narrative is improving toward quality, growth and capital return. Current regime lens: steady_state_low_chaos.","Mock risks: valuation compression, policy/regulatory shocks, dividend sustainability and liquidity stress. ML dividend-cut probability is elevated. Forecast uncertainty is high; analyst placeholder treats this as Watchlist risk.",Needs review,Mixed,No major mock concern,Dividend quality compounds with stable cash flow.,Moderate total return with risk controls intact.,Macro or governance shock reduces valuation and income confidence.,44.788006619197965,Avoid,0.6021199338080204
600233.SHG,YTO Express Group Co Ltd,"Mock analyst view: quality, dividends and balance-sheet resilience are reviewed against sector risk. Narrative is improving toward quality, growth and capital return. Current regime lens: steady_state_low_chaos.","Mock risks: valuation compression, policy/regulatory shocks, dividend sustainability and liquidity stress. ML dividend-cut probability is elevated.",Needs review,Mixed,No major mock concern,Dividend quality compounds with stable cash flow.,Moderate total return with risk controls intact.,Macro or governance shock reduces valuation and income confidence.,44.77394726895026,Avoid,0.6022605273104975
HD.US,The Home Depot Inc,"Mock analyst view: quality, dividends and balance-sheet resilience are reviewed against sector risk. Narrative is improving toward quality, growth and capital return. Current regime lens: steady_state_low_chaos.","Mock risks: valuation compression, policy/regulatory shocks, dividend sustainability and liquidity stress.",Needs review,Mixed,No major mock concern,Dividend quality compounds with stable cash flow.,Moderate total return with risk controls intact.,Macro or governance shock reduces valuation and income confidence.,44.76364782218777,Avoid,0.6023635217781224
AMT.US,American Tower Corp,"Mock analyst view: quality, dividends and balance-sheet resilience are reviewed against sector risk. Narrative is improving toward quality, growth and capital return. Current regime lens: steady_state_low_chaos.","Mock risks: valuation compression, policy/regulatory shocks, dividend sustainability and liquidity stress. ML dividend-cut probability is elevated.",Needs review,Constructive,No major mock concern,Dividend quality compounds with stable cash flow.,Moderate total return with risk controls intact.,Macro or governance shock reduces valuation and income confidence.,44.76329240238162,Avoid,0.6023670759761838
0257.HK,China Everbright Environment Group Ltd,"Mock analyst view: quality, dividends and balance-sheet resilience are reviewed against sector risk. Narrative is improving toward quality, growth and capital return. Current regime lens: steady_state_low_chaos.","Mock risks: valuation compression, policy/regulatory shocks, dividend sustainability and liquidity stress. Distributional ML forecast shows attractive upside but asymmetric downside risk. ML dividend-cut probability is elevated.",Needs review,Constructive,No major mock concern,Dividend quality compounds with stable cash flow.,Moderate total return with risk controls intact.,Macro or governance shock reduces valuation and income confidence.,44.7616500969652,Avoid,0.602383499030348
1928.HK,Sands China Ltd,"Mock analyst view: quality, dividends and balance-sheet resilience are reviewed against sector risk. Narrative is improving toward quality, growth and capital return. Current regime lens: steady_state_low_chaos.","Mock risks: valuation compression, policy/regulatory shocks, dividend sustainability and liquidity stress.",Needs review,Constructive,No major mock concern,Dividend quality compounds with stable cash flow.,Moderate total return with risk controls intact.,Macro or governance shock reduces valuation and income confidence.,44.76011532279067,Avoid,0.6023988467720933
IBM.XETRA,International Business Machines,"Mock analyst view: quality, dividends and balance-sheet resilience are reviewed against sector risk. Narrative is improving toward quality, growth and capital return. Current regime lens: steady_state_low_chaos.","Mock risks: valuation compression, policy/regulatory shocks, dividend sustainability and liquidity stress. Forecast uncertainty is high; analyst placeholder treats this as Watchlist risk.",Needs review,Constructive,No major mock concern,Dividend quality compounds with stable cash flow.,Moderate total return with risk controls intact.,Macro or governance shock reduces valuation and income confidence.,44.72885605046223,Avoid,0.6027114394953778
RIO.LSE,Rio Tinto PLC,"Mock analyst view: quality, dividends and balance-sheet resilience are reviewed against sector risk. Narrative is improving toward quality, growth and capital return. Current regime lens: steady_state_low_chaos.","Mock risks: valuation compression, policy/regulatory shocks, dividend sustainability and liquidity stress. Distributional ML forecast shows attractive upside but asymmetric downside risk. ML dividend-cut probability is elevated.",Needs review,Mixed,No major mock concern,Dividend quality compounds with stable cash flow.,Moderate total return with risk controls intact.,Macro or governance shock reduces valuation and income confidence.,44.718605424187324,Avoid,0.6028139457581269
601699.SHG,Shanxi LuAn Environmental Energy Development Co Ltd,"Mock analyst view: quality, dividends and balance-sheet resilience are reviewed against sector risk. Narrative is improving toward quality, growth and capital return. Current regime lens: steady_state_low_chaos.","Mock risks: valuation compression, policy/regulatory shocks, dividend sustainability and liquidity stress. Distributional ML forecast shows attractive upside but asymmetric downside risk. ML dividend-cut probability is elevated. Forecast uncertainty is high; analyst placeholder treats this as Watchlist risk.",Needs review,Constructive,No major mock concern,Dividend quality compounds with stable cash flow.,Moderate total return with risk controls intact.,Macro or governance shock reduces valuation and income confidence.,44.70542677506271,Avoid,0.602945732249373
3323.HK,China National Building Material Co Ltd,"Mock analyst view: quality, dividends and balance-sheet resilience are reviewed against sector risk. Narrative is improving toward quality, growth and capital return. Current regime lens: steady_state_low_chaos.","Mock risks: valuation compression, policy/regulatory shocks, dividend sustainability and liquidity stress. ML dividend-cut probability is elevated. Forecast uncertainty is high; analyst placeholder treats this as Watchlist risk. Forecast distribution has downside skew risk.",Needs review,Mixed,No major mock concern,Dividend quality compounds with stable cash flow.,Moderate total return with risk controls intact.,Macro or governance shock reduces valuation and income confidence.,44.68956547514935,Avoid,0.6031043452485065
0101.HK,Hang Lung Ppt,"Mock analyst view: quality, dividends and balance-sheet resilience are reviewed against sector risk. Narrative is improving toward quality, growth and capital return. Current regime lens: steady_state_low_chaos.","Mock risks: valuation compression, policy/regulatory shocks, dividend sustainability and liquidity stress. Distributional ML forecast shows attractive upside but asymmetric downside risk. ML dividend-cut probability is elevated. Forecast distribution has downside skew risk.",Needs review,Constructive,No major mock concern,Dividend quality compounds with stable cash flow.,Moderate total return with risk controls intact.,Macro or governance shock reduces valuation and income confidence.,44.68752580262328,Avoid,0.6031247419737673
SY1.XETRA,Symrise AG,"Mock analyst view: quality, dividends and balance-sheet resilience are reviewed against sector risk. Current regime lens: steady_state_low_chaos.","Mock risks: valuation compression, policy/regulatory shocks, dividend sustainability and liquidity stress. Narrative is reframing toward risk/deterioration.",Needs review,Mixed,No major mock concern,Dividend quality compounds with stable cash flow.,Moderate total return with risk controls intact.,Macro or governance shock reduces valuation and income confidence.,44.61584586971815,Avoid,0.6038415413028185
OXY.US,Occidental Petroleum Corporation,"Mock analyst view: quality, dividends and balance-sheet resilience are reviewed against sector risk. Narrative is improving toward quality, growth and capital return. Current regime lens: steady_state_low_chaos.","Mock risks: valuation compression, policy/regulatory shocks, dividend sustainability and liquidity stress. Distributional ML forecast shows attractive upside but asymmetric downside risk. ML dividend-cut probability is elevated.",Needs review,Constructive,No major mock concern,Dividend quality compounds with stable cash flow.,Moderate total return with risk controls intact.,Macro or governance shock reduces valuation and income confidence.,44.607314424950964,Avoid,0.6039268557504904
601117.SHG,China Natl Chem Engineering Co,"Mock analyst view: quality, dividends and balance-sheet resilience are reviewed against sector risk. Narrative is improving toward quality, growth and capital return. Current regime lens: steady_state_low_chaos.","Mock risks: valuation compression, policy/regulatory shocks, dividend sustainability and liquidity stress. Distributional ML forecast shows attractive upside but asymmetric downside risk. ML dividend-cut probability is elevated.",Needs review,Mixed,No major mock concern,Dividend quality compounds with stable cash flow.,Moderate total return with risk controls intact.,Macro or governance shock reduces valuation and income confidence.,44.60512499890259,Avoid,0.6039487500109741
PRU.LSE,Prudential plc,"Mock analyst view: quality, dividends and balance-sheet resilience are reviewed against sector risk. Narrative is improving toward quality, growth and capital return. Current regime lens: steady_state_low_chaos.","Mock risks: valuation compression, policy/regulatory shocks, dividend sustainability and liquidity stress. Distributional ML forecast shows attractive upside but asymmetric downside risk.",Needs review,Mixed,No major mock concern,Dividend quality compounds with stable cash flow.,Moderate total return with risk controls intact.,Macro or governance shock reduces valuation and income confidence.,44.55122613359474,Avoid,0.6044877386640527
PSPN.SW,PSP Swiss Property AG,"Mock analyst view: quality, dividends and balance-sheet resilience are reviewed against sector risk. Narrative is improving toward quality, growth and capital return. Current regime lens: steady_state_low_chaos.","Mock risks: valuation compression, policy/regulatory shocks, dividend sustainability and liquidity stress. Regime suitability requires review. ML dividend-cut probability is elevated.",Needs review,Mixed,No major mock concern,Dividend quality compounds with stable cash flow.,Moderate total return with risk controls intact.,Macro or governance shock reduces valuation and income confidence.,44.42432448989719,Avoid,0.6057567551010281
RF.PA,Eurazeo,"Mock analyst view: quality, dividends and balance-sheet resilience are reviewed against sector risk. Narrative is improving toward quality, growth and capital return. Current regime lens: steady_state_low_chaos.","Mock risks: valuation compression, policy/regulatory shocks, dividend sustainability and liquidity stress. Narrative is reframing toward risk/deterioration. ML dividend-cut probability is elevated.",Needs review,Mixed,No major mock concern,Dividend quality compounds with stable cash flow.,Moderate total return with risk controls intact.,Macro or governance shock reduces valuation and income confidence.,44.05676058346173,Avoid,0.6094323941653828
PSX.US,Phillips 66,"Mock analyst view: quality, dividends and balance-sheet resilience are reviewed against sector risk. Narrative is improving toward quality, growth and capital return. Current regime lens: steady_state_low_chaos.","Mock risks: valuation compression, policy/regulatory shocks, dividend sustainability and liquidity stress. Distributional ML forecast shows attractive upside but asymmetric downside risk.",Needs review,Mixed,No major mock concern,Dividend quality compounds with stable cash flow.,Moderate total return with risk controls intact.,Macro or governance shock reduces valuation and income confidence.,44.03736898375797,Avoid,0.6096263101624203
BPT.LSE,Bridgepoint Group Plc,"Mock analyst view: quality, dividends and balance-sheet resilience are reviewed against sector risk. Narrative is improving toward quality, growth and capital return. Current regime lens: steady_state_low_chaos.","Mock risks: valuation compression, policy/regulatory shocks, dividend sustainability and liquidity stress. ML dividend-cut probability is elevated. Forecast uncertainty is high; analyst placeholder treats this as Watchlist risk. Forecast distribution has downside skew risk.",Needs review,Mixed,No major mock concern,Dividend quality compounds with stable cash flow.,Moderate total return with risk controls intact.,Macro or governance shock reduces valuation and income confidence.,44.00969783413982,Avoid,0.6099030216586019
PHP.LSE,Primary Health Properties,"Mock analyst view: quality, dividends and balance-sheet resilience are reviewed against sector risk. Narrative is improving toward quality, growth and capital return. Current regime lens: steady_state_low_chaos.","Mock risks: valuation compression, policy/regulatory shocks, dividend sustainability and liquidity stress. ML dividend-cut probability is elevated.",Needs review,Constructive,No major mock concern,Dividend quality compounds with stable cash flow.,Moderate total return with risk controls intact.,Macro or governance shock reduces valuation and income confidence.,43.97954718395541,Avoid,0.6102045281604459
002131.SHE,Leo Group Co Ltd,"Mock analyst view: quality, dividends and balance-sheet resilience are reviewed against sector risk. Current regime lens: steady_state_low_chaos.","Mock risks: valuation compression, policy/regulatory shocks, dividend sustainability and liquidity stress. Narrative is reframing toward risk/deterioration. Credit/refinancing pressure is increasingly central to the equity story. ML dividend-cut probability is elevated. Forecast uncertainty is high; analyst placeholder treats this as Watchlist risk. Forecast distribution has downside skew risk.",Needs review,Mixed,No major mock concern,Dividend quality compounds with stable cash flow.,Moderate total return with risk controls intact.,Macro or governance shock reduces valuation and income confidence.,43.92197529532727,Avoid,0.6107802470467273
200725.SHE,BOE Tech Group,"Mock analyst view: quality, dividends and balance-sheet resilience are reviewed against sector risk. Narrative is improving toward quality, growth and capital return. Current regime lens: steady_state_low_chaos.","Mock risks: valuation compression, policy/regulatory shocks, dividend sustainability and liquidity stress.",Needs review,Mixed,No major mock concern,Dividend quality compounds with stable cash flow.,Moderate total return with risk controls intact.,Macro or governance shock reduces valuation and income confidence.,43.86247327737869,Avoid,0.6113752672262132
DSFIR.AS,DSM-Firmenich AG,"Mock analyst view: quality, dividends and balance-sheet resilience are reviewed against sector risk. Narrative is improving toward quality, growth and capital return. Current regime lens: steady_state_low_chaos.","Mock risks: valuation compression, policy/regulatory shocks, dividend sustainability and liquidity stress. ML dividend-cut probability is elevated.",Needs review,Mixed,No major mock concern,Dividend quality compounds with stable cash flow.,Moderate total return with risk controls intact.,Macro or governance shock reduces valuation and income confidence.,43.85834036872516,Avoid,0.6114165963127485
002601.SHE,LB Group Co Ltd,"Mock analyst view: quality, dividends and balance-sheet resilience are reviewed against sector risk. Narrative is improving toward quality, growth and capital return. Current regime lens: steady_state_low_chaos.","Mock risks: valuation compression, policy/regulatory shocks, dividend sustainability and liquidity stress. ML dividend-cut probability is elevated. Forecast distribution has downside skew risk.",Needs review,Mixed,No major mock concern,Dividend quality compounds with stable cash flow.,Moderate total return with risk controls intact.,Macro or governance shock reduces valuation and income confidence.,43.83966702703684,Avoid,0.6116033297296316
6821.HK,Asymchem Laboratories Tianjin Co Ltd,"Mock analyst view: quality, dividends and balance-sheet resilience are reviewed against sector risk. Narrative is improving toward quality, growth and capital return. Current regime lens: steady_state_low_chaos.","Mock risks: valuation compression, policy/regulatory shocks, dividend sustainability and liquidity stress. Regime suitability requires review. ML dividend-cut probability is elevated. Forecast uncertainty is high; analyst placeholder treats this as Watchlist risk. Forecast distribution has downside skew risk.",Needs review,Mixed,No major mock concern,Dividend quality compounds with stable cash flow.,Moderate total return with risk controls intact.,Macro or governance shock reduces valuation and income confidence.,43.77233459460251,Avoid,0.6122766540539749
SCYR.MC,Sacyr SA,"Mock analyst view: quality, dividends and balance-sheet resilience are reviewed against sector risk. Narrative is improving toward quality, growth and capital return. Current regime lens: steady_state_low_chaos.","Mock risks: valuation compression, policy/regulatory shocks, dividend sustainability and liquidity stress. Distributional ML forecast shows attractive upside but asymmetric downside risk. ML dividend-cut probability is elevated.",Needs review,Constructive,No major mock concern,Dividend quality compounds with stable cash flow.,Moderate total return with risk controls intact.,Macro or governance shock reduces valuation and income confidence.,43.671591206258626,Avoid,0.6132840879374137
KMB.US,Kimberly-Clark Corporation,"Mock analyst view: quality, dividends and balance-sheet resilience are reviewed against sector risk. Narrative is improving toward quality, growth and capital return. Current regime lens: steady_state_low_chaos.","Mock risks: valuation compression, policy/regulatory shocks, dividend sustainability and liquidity stress. ML dividend-cut probability is elevated.",Needs review,Mixed,No major mock concern,Dividend quality compounds with stable cash flow.,Moderate total return with risk controls intact.,Macro or governance shock reduces valuation and income confidence.,43.628533695870914,Avoid,0.6137146630412909
SGSN.SW,SGS SA,"Mock analyst view: quality, dividends and balance-sheet resilience are reviewed against sector risk. Current regime lens: steady_state_low_chaos.","Mock risks: valuation compression, policy/regulatory shocks, dividend sustainability and liquidity stress. Narrative is reframing toward risk/deterioration. ML dividend-cut probability is elevated.",Needs review,Constructive,No major mock concern,Dividend quality compounds with stable cash flow.,Moderate total return with risk controls intact.,Macro or governance shock reduces valuation and income confidence.,43.62631316574683,Avoid,0.6137368683425317
0780.HK,Tongcheng-Elong Holdings Ltd,"Mock analyst view: quality, dividends and balance-sheet resilience are reviewed against sector risk. Narrative is improving toward quality, growth and capital return. Current regime lens: steady_state_low_chaos.","Mock risks: valuation compression, policy/regulatory shocks, dividend sustainability and liquidity stress. Distributional ML forecast shows attractive upside but asymmetric downside risk.",Needs review,Constructive,No major mock concern,Dividend quality compounds with stable cash flow.,Moderate total return with risk controls intact.,Macro or governance shock reduces valuation and income confidence.,43.56618233104484,Avoid,0.6143381766895516
WM.US,Waste Management Inc,"Mock analyst view: quality, dividends and balance-sheet resilience are reviewed against sector risk. Current regime lens: steady_state_low_chaos.","Mock risks: valuation compression, policy/regulatory shocks, dividend sustainability and liquidity stress. ML dividend-cut probability is elevated.",Needs review,Mixed,No major mock concern,Dividend quality compounds with stable cash flow.,Moderate total return with risk controls intact.,Macro or governance shock reduces valuation and income confidence.,43.53264538708902,Avoid,0.6146735461291098
600236.SHG,Guangxi Guiguan Electric Power Co Ltd,"Mock analyst view: quality, dividends and balance-sheet resilience are reviewed against sector risk. Narrative is improving toward quality, growth and capital return. Current regime lens: steady_state_low_chaos.","Mock risks: valuation compression, policy/regulatory shocks, dividend sustainability and liquidity stress. ML dividend-cut probability is elevated. Forecast uncertainty is high; analyst placeholder treats this as Watchlist risk.",Needs review,Constructive,No major mock concern,Dividend quality compounds with stable cash flow.,Moderate total return with risk controls intact.,Macro or governance shock reduces valuation and income confidence.,43.50167295368355,Avoid,0.6149832704631645
TELIA.ST,Telia Company AB,"Mock analyst view: quality, dividends and balance-sheet resilience are reviewed against sector risk. Narrative is improving toward quality, growth and capital return. Current regime lens: steady_state_low_chaos.","Mock risks: valuation compression, policy/regulatory shocks, dividend sustainability and liquidity stress. ML dividend-cut probability is elevated.",Needs review,Constructive,No major mock concern,Dividend quality compounds with stable cash flow.,Moderate total return with risk controls intact.,Macro or governance shock reduces valuation and income confidence.,43.46718581440847,Avoid,0.6153281418559153
KR.US,Kroger Company,"Mock analyst view: quality, dividends and balance-sheet resilience are reviewed against sector risk. Narrative is improving toward quality, growth and capital return. Current regime lens: steady_state_low_chaos.","Mock risks: valuation compression, policy/regulatory shocks, dividend sustainability and liquidity stress. ML dividend-cut probability is elevated.",Needs review,Mixed,No major mock concern,Dividend quality compounds with stable cash flow.,Moderate total return with risk controls intact.,Macro or governance shock reduces valuation and income confidence.,43.439662889440456,Avoid,0.6156033711055955
SPSN.SW,Swiss Prime Site AG,"Mock analyst view: quality, dividends and balance-sheet resilience are reviewed against sector risk. Narrative is improving toward quality, growth and capital return. Current regime lens: steady_state_low_chaos.","Mock risks: valuation compression, policy/regulatory shocks, dividend sustainability and liquidity stress. ML dividend-cut probability is elevated.",Needs review,Constructive,No major mock concern,Dividend quality compounds with stable cash flow.,Moderate total return with risk controls intact.,Macro or governance shock reduces valuation and income confidence.,43.421302192188364,Avoid,0.6157869780781164
ALLN.SW,Allreal Holding,"Mock analyst view: quality, dividends and balance-sheet resilience are reviewed against sector risk. Narrative is improving toward quality, growth and capital return. Current regime lens: steady_state_low_chaos.","Mock risks: valuation compression, policy/regulatory shocks, dividend sustainability and liquidity stress. ML dividend-cut probability is elevated.",Needs review,Mixed,No major mock concern,Dividend quality compounds with stable cash flow.,Moderate total return with risk controls intact.,Macro or governance shock reduces valuation and income confidence.,43.379821056069574,Avoid,0.6162017894393044
NSC.US,Norfolk Southern Corporation,"Mock analyst view: quality, dividends and balance-sheet resilience are reviewed against sector risk. Narrative is improving toward quality, growth and capital return. Current regime lens: steady_state_low_chaos.","Mock risks: valuation compression, policy/regulatory shocks, dividend sustainability and liquidity stress.",Needs review,Mixed,No major mock concern,Dividend quality compounds with stable cash flow.,Moderate total return with risk controls intact.,Macro or governance shock reduces valuation and income confidence.,43.31176275148856,Avoid,0.6168823724851145
0002.HK,CLP Holdings,"Mock analyst view: quality, dividends and balance-sheet resilience are reviewed against sector risk. Narrative is improving toward quality, growth and capital return. Current regime lens: steady_state_low_chaos.","Mock risks: valuation compression, policy/regulatory shocks, dividend sustainability and liquidity stress. Narrative is reframing toward risk/deterioration. ML dividend-cut probability is elevated.",Needs review,Mixed,No major mock concern,Dividend quality compounds with stable cash flow.,Moderate total return with risk controls intact.,Macro or governance shock reduces valuation and income confidence.,43.289263608701866,Avoid,0.6171073639129814
APAM.AS,Aperam SA,"Mock analyst view: quality, dividends and balance-sheet resilience are reviewed against sector risk. Narrative is improving toward quality, growth and capital return. Current regime lens: steady_state_low_chaos.","Mock risks: valuation compression, policy/regulatory shocks, dividend sustainability and liquidity stress. ML dividend-cut probability is elevated. Forecast uncertainty is high; analyst placeholder treats this as Watchlist risk. Forecast distribution has downside skew risk.",Needs review,Mixed,No major mock concern,Dividend quality compounds with stable cash flow.,Moderate total return with risk controls intact.,Macro or governance shock reduces valuation and income confidence.,43.23699698142582,Avoid,0.6176300301857418
9927.HK,"Seres Group Co.,Ltd","Mock analyst view: quality, dividends and balance-sheet resilience are reviewed against sector risk. Narrative is improving toward quality, growth and capital return. Current regime lens: steady_state_low_chaos.","Mock risks: valuation compression, policy/regulatory shocks, dividend sustainability and liquidity stress. Distributional ML forecast shows attractive upside but asymmetric downside risk. Forecast uncertainty is high; analyst placeholder treats this as Watchlist risk.",Needs review,Constructive,No major mock concern,Dividend quality compounds with stable cash flow.,Moderate total return with risk controls intact.,Macro or governance shock reduces valuation and income confidence.,43.23216934733337,Avoid,0.6176783065266663
DLN.LSE,Derwent London PLC,"Mock analyst view: quality, dividends and balance-sheet resilience are reviewed against sector risk. Narrative is improving toward quality, growth and capital return. Current regime lens: steady_state_low_chaos.","Mock risks: valuation compression, policy/regulatory shocks, dividend sustainability and liquidity stress. ML dividend-cut probability is elevated.",Needs review,Mixed,No major mock concern,Dividend quality compounds with stable cash flow.,Moderate total return with risk controls intact.,Macro or governance shock reduces valuation and income confidence.,43.190630195627875,Avoid,0.6180936980437213
SAMPO.HE,Sampo Oyj A,"Mock analyst view: quality, dividends and balance-sheet resilience are reviewed against sector risk. Current regime lens: steady_state_low_chaos.","Mock risks: valuation compression, policy/regulatory shocks, dividend sustainability and liquidity stress.",Needs review,Mixed,No major mock concern,Dividend quality compounds with stable cash flow.,Moderate total return with risk controls intact.,Macro or governance shock reduces valuation and income confidence.,43.16688752223334,Avoid,0.6183311247776666
600426.SHG,Shandong Hualu Hengsheng Chemical Co Ltd,"Mock analyst view: quality, dividends and balance-sheet resilience are reviewed against sector risk. Narrative is improving toward quality, growth and capital return. Current regime lens: steady_state_low_chaos.","Mock risks: valuation compression, policy/regulatory shocks, dividend sustainability and liquidity stress. ML dividend-cut probability is elevated. Forecast uncertainty is high; analyst placeholder treats this as Watchlist risk.",Needs review,Mixed,No major mock concern,Dividend quality compounds with stable cash flow.,Moderate total return with risk controls intact.,Macro or governance shock reduces valuation and income confidence.,43.12628437416082,Avoid,0.6187371562583919
0697.HK,Shoucheng Holdings Ltd,"Mock analyst view: quality, dividends and balance-sheet resilience are reviewed against sector risk. Narrative is improving toward quality, growth and capital return. Current regime lens: steady_state_low_chaos.","Mock risks: valuation compression, policy/regulatory shocks, dividend sustainability and liquidity stress. Regime suitability requires review. ML dividend-cut probability is elevated. Forecast uncertainty is high; analyst placeholder treats this as Watchlist risk. Forecast distribution has downside skew risk.",Needs review,Mixed,No major mock concern,Dividend quality compounds with stable cash flow.,Moderate total return with risk controls intact.,Macro or governance shock reduces valuation and income confidence.,43.04091087130604,Avoid,0.6195908912869397
BOL.ST,Boliden AB,"Mock analyst view: quality, dividends and balance-sheet resilience are reviewed against sector risk. Narrative is improving toward quality, growth and capital return. Current regime lens: steady_state_low_chaos.","Mock risks: valuation compression, policy/regulatory shocks, dividend sustainability and liquidity stress. Forecast uncertainty is high; analyst placeholder treats this as Watchlist risk.",Needs review,Mixed,No major mock concern,Dividend quality compounds with stable cash flow.,Moderate total return with risk controls intact.,Macro or governance shock reduces valuation and income confidence.,43.00137523498723,Avoid,0.6199862476501278
AJB.LSE,AJ Bell plc,"Mock analyst view: quality, dividends and balance-sheet resilience are reviewed against sector risk. Narrative is improving toward quality, growth and capital return. Current regime lens: steady_state_low_chaos.","Mock risks: valuation compression, policy/regulatory shocks, dividend sustainability and liquidity stress. Regime suitability requires review.",Needs review,Mixed,No major mock concern,Dividend quality compounds with stable cash flow.,Moderate total return with risk controls intact.,Macro or governance shock reduces valuation and income confidence.,42.98857580473061,Avoid,0.6201142419526939
KO.US,The Coca-Cola Company,"Mock analyst view: quality, dividends and balance-sheet resilience are reviewed against sector risk. Narrative is improving toward quality, growth and capital return. Current regime lens: steady_state_low_chaos.","Mock risks: valuation compression, policy/regulatory shocks, dividend sustainability and liquidity stress. ML dividend-cut probability is elevated.",Needs review,Mixed,No major mock concern,Dividend quality compounds with stable cash flow.,Moderate total return with risk controls intact.,Macro or governance shock reduces valuation and income confidence.,42.96608621491147,Avoid,0.6203391378508853
0576.HK,Zhejiang Expressway Co Ltd,"Mock analyst view: quality, dividends and balance-sheet resilience are reviewed against sector risk. Narrative is improving toward quality, growth and capital return. Current regime lens: steady_state_low_chaos.","Mock risks: valuation compression, policy/regulatory shocks, dividend sustainability and liquidity stress. Distributional ML forecast shows attractive upside but asymmetric downside risk. ML dividend-cut probability is elevated.",Needs review,Mixed,No major mock concern,Dividend quality compounds with stable cash flow.,Moderate total return with risk controls intact.,Macro or governance shock reduces valuation and income confidence.,42.91447564043764,Avoid,0.6208552435956237
TGT.US,Target Corporation,"Mock analyst view: quality, dividends and balance-sheet resilience are reviewed against sector risk. Narrative is improving toward quality, growth and capital return. Current regime lens: steady_state_low_chaos.","Mock risks: valuation compression, policy/regulatory shocks, dividend sustainability and liquidity stress.",Needs review,Mixed,No major mock concern,Dividend quality compounds with stable cash flow.,Moderate total return with risk controls intact.,Macro or governance shock reduces valuation and income confidence.,42.87551929569267,Avoid,0.6212448070430734
PSA.US,Public Storage,"Mock analyst view: quality, dividends and balance-sheet resilience are reviewed against sector risk. Narrative is improving toward quality, growth and capital return. Current regime lens: steady_state_low_chaos.","Mock risks: valuation compression, policy/regulatory shocks, dividend sustainability and liquidity stress. ML dividend-cut probability is elevated.",Needs review,Constructive,No major mock concern,Dividend quality compounds with stable cash flow.,Moderate total return with risk controls intact.,Macro or governance shock reduces valuation and income confidence.,42.86672579831865,Avoid,0.6213327420168135
CON.XETRA,Continental Aktiengesellschaft,"Mock analyst view: quality, dividends and balance-sheet resilience are reviewed against sector risk. Narrative is improving toward quality, growth and capital return. Current regime lens: steady_state_low_chaos.","Mock risks: valuation compression, policy/regulatory shocks, dividend sustainability and liquidity stress.",Needs review,Mixed,No major mock concern,Dividend quality compounds with stable cash flow.,Moderate total return with risk controls intact.,Macro or governance shock reduces valuation and income confidence.,42.778776643553556,Avoid,0.6222122335644644
VOD.LSE,Vodafone Group PLC,"Mock analyst view: quality, dividends and balance-sheet resilience are reviewed against sector risk. Narrative is improving toward quality, growth and capital return. Current regime lens: steady_state_low_chaos.","Mock risks: valuation compression, policy/regulatory shocks, dividend sustainability and liquidity stress. Distributional ML forecast shows attractive upside but asymmetric downside risk. ML dividend-cut probability is elevated.",Needs review,Constructive,No major mock concern,Dividend quality compounds with stable cash flow.,Moderate total return with risk controls intact.,Macro or governance shock reduces valuation and income confidence.,42.67522693560866,Avoid,0.6232477306439135
0148.HK,Kingboard Holdings Ltd,"Mock analyst view: quality, dividends and balance-sheet resilience are reviewed against sector risk. Current regime lens: steady_state_low_chaos.","Mock risks: valuation compression, policy/regulatory shocks, dividend sustainability and liquidity stress. Narrative is reframing toward risk/deterioration. Credit/refinancing pressure is increasingly central to the equity story. Distributional ML forecast shows attractive upside but asymmetric downside risk. ML dividend-cut probability is elevated. Forecast uncertainty is high; analyst placeholder treats this as Watchlist risk. Forecast distribution has downside skew risk.",Needs review,Mixed,No major mock concern,Dividend quality compounds with stable cash flow.,Moderate total return with risk controls intact.,Macro or governance shock reduces valuation and income confidence.,42.67250287302923,Avoid,0.6232749712697078
ERF.PA,Eurofins Scientific SE,"Mock analyst view: quality, dividends and balance-sheet resilience are reviewed against sector risk. Narrative is improving toward quality, growth and capital return. Current regime lens: steady_state_low_chaos.","Mock risks: valuation compression, policy/regulatory shocks, dividend sustainability and liquidity stress. Narrative is reframing toward risk/deterioration.",Needs review,Mixed,No major mock concern,Dividend quality compounds with stable cash flow.,Moderate total return with risk controls intact.,Macro or governance shock reduces valuation and income confidence.,42.64622178465443,Avoid,0.6235377821534558
IMPN.SW,Implenia AG,"Mock analyst view: quality, dividends and balance-sheet resilience are reviewed against sector risk. Narrative is improving toward quality, growth and capital return. Current regime lens: steady_state_low_chaos.","Mock risks: valuation compression, policy/regulatory shocks, dividend sustainability and liquidity stress. Distributional ML forecast shows attractive upside but asymmetric downside risk.",Constructive,Mixed,No major mock concern,Dividend quality compounds with stable cash flow.,Moderate total return with risk controls intact.,Macro or governance shock reduces valuation and income confidence.,42.63517226901627,Avoid,0.6236482773098373
JCI.US,Johnson Controls International PLC,"Mock analyst view: quality, dividends and balance-sheet resilience are reviewed against sector risk. Current regime lens: steady_state_low_chaos.","Mock risks: valuation compression, policy/regulatory shocks, dividend sustainability and liquidity stress. Narrative is reframing toward risk/deterioration.",Needs review,Mixed,No major mock concern,Dividend quality compounds with stable cash flow.,Moderate total return with risk controls intact.,Macro or governance shock reduces valuation and income confidence.,42.62127995070274,Avoid,0.6237872004929726
UTDI.XETRA,United Internet AG NA,"Mock analyst view: quality, dividends and balance-sheet resilience are reviewed against sector risk. Narrative is improving toward quality, growth and capital return. Current regime lens: steady_state_low_chaos.","Mock risks: valuation compression, policy/regulatory shocks, dividend sustainability and liquidity stress. Distributional ML forecast shows attractive upside but asymmetric downside risk. ML dividend-cut probability is elevated. Forecast distribution has downside skew risk.",Needs review,Mixed,No major mock concern,Dividend quality compounds with stable cash flow.,Moderate total return with risk controls intact.,Macro or governance shock reduces valuation and income confidence.,42.55894972278839,Avoid,0.6244105027721161
002472.SHE,Zhejiang Shuanghuan Driveline Co Ltd,"Mock analyst view: quality, dividends and balance-sheet resilience are reviewed against sector risk. Narrative is improving toward quality, growth and capital return. Current regime lens: steady_state_low_chaos.","Mock risks: valuation compression, policy/regulatory shocks, dividend sustainability and liquidity stress. ML dividend-cut probability is elevated. Forecast uncertainty is high; analyst placeholder treats this as Watchlist risk.",Needs review,Mixed,No major mock concern,Dividend quality compounds with stable cash flow.,Moderate total return with risk controls intact.,Macro or governance shock reduces valuation and income confidence.,42.40620140739042,Avoid,0.6259379859260958
3898.HK,Zhuzhou CRRC Times Electric Co Ltd,"Mock analyst view: quality, dividends and balance-sheet resilience are reviewed against sector risk. Narrative is improving toward quality, growth and capital return. Current regime lens: steady_state_low_chaos.","Mock risks: valuation compression, policy/regulatory shocks, dividend sustainability and liquidity stress. ML dividend-cut probability is elevated. Forecast uncertainty is high; analyst placeholder treats this as Watchlist risk. Forecast distribution has downside skew risk.",Needs review,Mixed,No major mock concern,Dividend quality compounds with stable cash flow.,Moderate total return with risk controls intact.,Macro or governance shock reduces valuation and income confidence.,42.38846315387663,Avoid,0.6261153684612337
BX.US,Blackstone Group Inc,"Mock analyst view: quality, dividends and balance-sheet resilience are reviewed against sector risk. Narrative is improving toward quality, growth and capital return. Current regime lens: steady_state_low_chaos.","Mock risks: valuation compression, policy/regulatory shocks, dividend sustainability and liquidity stress. Distributional ML forecast shows attractive upside but asymmetric downside risk. ML dividend-cut probability is elevated. Forecast distribution has downside skew risk.",Needs review,Mixed,No major mock concern,Dividend quality compounds with stable cash flow.,Moderate total return with risk controls intact.,Macro or governance shock reduces valuation and income confidence.,42.35800551876034,Avoid,0.6264199448123966
WPP.LSE,WPP PLC,"Mock analyst view: quality, dividends and balance-sheet resilience are reviewed against sector risk. Narrative is improving toward quality, growth and capital return. Current regime lens: steady_state_low_chaos.","Mock risks: valuation compression, policy/regulatory shocks, dividend sustainability and liquidity stress. ML dividend-cut probability is elevated. Forecast uncertainty is high; analyst placeholder treats this as Watchlist risk. Forecast distribution has downside skew risk.",Needs review,Mixed,No major mock concern,Dividend quality compounds with stable cash flow.,Moderate total return with risk controls intact.,Macro or governance shock reduces valuation and income confidence.,42.35400280725749,Avoid,0.6264599719274252
1972.HK,Swire Properties Close Only,"Mock analyst view: quality, dividends and balance-sheet resilience are reviewed against sector risk. Narrative is improving toward quality, growth and capital return. Current regime lens: steady_state_low_chaos.","Mock risks: valuation compression, policy/regulatory shocks, dividend sustainability and liquidity stress. ML dividend-cut probability is elevated. Forecast distribution has downside skew risk.",Needs review,Mixed,No major mock concern,Dividend quality compounds with stable cash flow.,Moderate total return with risk controls intact.,Macro or governance shock reduces valuation and income confidence.,42.34716844382404,Avoid,0.6265283155617597
COV.PA,Covivio SA,"Mock analyst view: quality, dividends and balance-sheet resilience are reviewed against sector risk. Narrative is improving toward quality, growth and capital return. Current regime lens: steady_state_low_chaos.","Mock risks: valuation compression, policy/regulatory shocks, dividend sustainability and liquidity stress. ML dividend-cut probability is elevated.",Needs review,Mixed,No major mock concern,Dividend quality compounds with stable cash flow.,Moderate total return with risk controls intact.,Macro or governance shock reduces valuation and income confidence.,42.27609396395458,Avoid,0.6272390603604543
1038.HK,CK Infrastructure Holdings Ltd,"Mock analyst view: quality, dividends and balance-sheet resilience are reviewed against sector risk. Narrative is improving toward quality, growth and capital return. Current regime lens: steady_state_low_chaos.","Mock risks: valuation compression, policy/regulatory shocks, dividend sustainability and liquidity stress. Regime suitability requires review. ML dividend-cut probability is elevated.",Needs review,Mixed,No major mock concern,Dividend quality compounds with stable cash flow.,Moderate total return with risk controls intact.,Macro or governance shock reduces valuation and income confidence.,42.27016297479002,Avoid,0.6272983702520999
P911.XETRA,Porsche AG,"Mock analyst view: quality, dividends and balance-sheet resilience are reviewed against sector risk. Narrative is improving toward quality, growth and capital return. Current regime lens: steady_state_low_chaos.","Mock risks: valuation compression, policy/regulatory shocks, dividend sustainability and liquidity stress. Distributional ML forecast shows attractive upside but asymmetric downside risk. ML dividend-cut probability is elevated.",Needs review,Constructive,No major mock concern,Dividend quality compounds with stable cash flow.,Moderate total return with risk controls intact.,Macro or governance shock reduces valuation and income confidence.,42.09570013740513,Avoid,0.6290429986259487
1929.HK,Chow Tai Fook Jewellery Group Ltd,"Mock analyst view: quality, dividends and balance-sheet resilience are reviewed against sector risk. Narrative is improving toward quality, growth and capital return. Current regime lens: steady_state_low_chaos.","Mock risks: valuation compression, policy/regulatory shocks, dividend sustainability and liquidity stress. Regime suitability requires review. ML dividend-cut probability is elevated. Forecast uncertainty is high; analyst placeholder treats this as Watchlist risk. Forecast distribution has downside skew risk.",Needs review,Mixed,No major mock concern,Dividend quality compounds with stable cash flow.,Moderate total return with risk controls intact.,Macro or governance shock reduces valuation and income confidence.,42.08804956666712,Avoid,0.6291195043333289
CARR.US,Carrier Global Corp,"Mock analyst view: quality, dividends and balance-sheet resilience are reviewed against sector risk. Narrative is improving toward quality, growth and capital return. Current regime lens: steady_state_low_chaos.","Mock risks: valuation compression, policy/regulatory shocks, dividend sustainability and liquidity stress.",Needs review,Mixed,No major mock concern,Dividend quality compounds with stable cash flow.,Moderate total return with risk controls intact.,Macro or governance shock reduces valuation and income confidence.,42.028685353035094,Avoid,0.629713146469649
INVE-B.ST,Investor AB ser. B,"Mock analyst view: quality, dividends and balance-sheet resilience are reviewed against sector risk. Narrative is improving toward quality, growth and capital return. Current regime lens: steady_state_low_chaos.","Mock risks: valuation compression, policy/regulatory shocks, dividend sustainability and liquidity stress. Distributional ML forecast shows attractive upside but asymmetric downside risk.",Needs review,Mixed,No major mock concern,Dividend quality compounds with stable cash flow.,Moderate total return with risk controls intact.,Macro or governance shock reduces valuation and income confidence.,42.01130805249015,Avoid,0.6298869194750986
ADM.LSE,Admiral Group PLC,"Mock analyst view: quality, dividends and balance-sheet resilience are reviewed against sector risk. Narrative is improving toward quality, growth and capital return. Current regime lens: steady_state_low_chaos.","Mock risks: valuation compression, policy/regulatory shocks, dividend sustainability and liquidity stress. ML dividend-cut probability is elevated.",Needs review,Mixed,No major mock concern,Dividend quality compounds with stable cash flow.,Moderate total return with risk controls intact.,Macro or governance shock reduces valuation and income confidence.,42.007345647178056,Avoid,0.6299265435282195
688301.SHG,iRay Technology Co Ltd,"Mock analyst view: quality, dividends and balance-sheet resilience are reviewed against sector risk. Current regime lens: steady_state_low_chaos.","Mock risks: valuation compression, policy/regulatory shocks, dividend sustainability and liquidity stress. Narrative is reframing toward risk/deterioration. ML dividend-cut probability is elevated. Forecast uncertainty is high; analyst placeholder treats this as Watchlist risk. Forecast distribution has downside skew risk.",Needs review,Mixed,No major mock concern,Dividend quality compounds with stable cash flow.,Moderate total return with risk controls intact.,Macro or governance shock reduces valuation and income confidence.,41.99743921144265,Avoid,0.6300256078855736
600875.SHG,Dongfang Electric Corp Ltd Class A,"Mock analyst view: quality, dividends and balance-sheet resilience are reviewed against sector risk. Narrative is improving toward quality, growth and capital return. Current regime lens: steady_state_low_chaos.","Mock risks: valuation compression, policy/regulatory shocks, dividend sustainability and liquidity stress. ML dividend-cut probability is elevated. Forecast uncertainty is high; analyst placeholder treats this as Watchlist risk. Forecast distribution has downside skew risk.",Needs review,Mixed,No major mock concern,Dividend quality compounds with stable cash flow.,Moderate total return with risk controls intact.,Macro or governance shock reduces valuation and income confidence.,41.97293921612987,Avoid,0.6302706078387013
RIO1.XETRA,Rio Tinto Group,"Mock analyst view: quality, dividends and balance-sheet resilience are reviewed against sector risk. Narrative is improving toward quality, growth and capital return. Current regime lens: steady_state_low_chaos.","Mock risks: valuation compression, policy/regulatory shocks, dividend sustainability and liquidity stress. Regime suitability requires review.",Needs review,Mixed,No major mock concern,Dividend quality compounds with stable cash flow.,Moderate total return with risk controls intact.,Macro or governance shock reduces valuation and income confidence.,41.80711085596797,Avoid,0.6319288914403204
GAMA.LSE,Gamma Communications PLC,"Mock analyst view: quality, dividends and balance-sheet resilience are reviewed against sector risk. Narrative is improving toward quality, growth and capital return. Current regime lens: steady_state_low_chaos.","Mock risks: valuation compression, policy/regulatory shocks, dividend sustainability and liquidity stress. Distributional ML forecast shows attractive upside but asymmetric downside risk.",Constructive,Constructive,No major mock concern,Dividend quality compounds with stable cash flow.,Moderate total return with risk controls intact.,Macro or governance shock reduces valuation and income confidence.,41.76664554322782,Avoid,0.6323335445677218
ALMB.CO,Alm. Brand,"Mock analyst view: quality, dividends and balance-sheet resilience are reviewed against sector risk. Narrative is improving toward quality, growth and capital return. Current regime lens: steady_state_low_chaos.","Mock risks: valuation compression, policy/regulatory shocks, dividend sustainability and liquidity stress. ML dividend-cut probability is elevated.",Needs review,Mixed,No major mock concern,Dividend quality compounds with stable cash flow.,Moderate total return with risk controls intact.,Macro or governance shock reduces valuation and income confidence.,41.69729123268346,Avoid,0.6330270876731654
BLK.US,BlackRock Inc,"Mock analyst view: quality, dividends and balance-sheet resilience are reviewed against sector risk. Narrative is improving toward quality, growth and capital return. Current regime lens: steady_state_low_chaos.","Mock risks: valuation compression, policy/regulatory shocks, dividend sustainability and liquidity stress.",Needs review,Mixed,No major mock concern,Dividend quality compounds with stable cash flow.,Moderate total return with risk controls intact.,Macro or governance shock reduces valuation and income confidence.,41.69641255795766,Avoid,0.6330358744204234
DGE.LSE,Diageo PLC,"Mock analyst view: quality, dividends and balance-sheet resilience are reviewed against sector risk. Narrative is improving toward quality, growth and capital return. Current regime lens: steady_state_low_chaos.","Mock risks: valuation compression, policy/regulatory shocks, dividend sustainability and liquidity stress. ML dividend-cut probability is elevated.",Needs review,Constructive,No major mock concern,Dividend quality compounds with stable cash flow.,Moderate total return with risk controls intact.,Macro or governance shock reduces valuation and income confidence.,41.6234089047703,Avoid,0.6337659109522971
0386.HK,China Petroleum & Chemical Corp Class H,"Mock analyst view: quality, dividends and balance-sheet resilience are reviewed against sector risk. Narrative is improving toward quality, growth and capital return. Current regime lens: steady_state_low_chaos.","Mock risks: valuation compression, policy/regulatory shocks, dividend sustainability and liquidity stress. Distributional ML forecast shows attractive upside but asymmetric downside risk. ML dividend-cut probability is elevated.",Needs review,Mixed,No major mock concern,Dividend quality compounds with stable cash flow.,Moderate total return with risk controls intact.,Macro or governance shock reduces valuation and income confidence.,41.617045810605525,Avoid,0.6338295418939448
SNR.LSE,Senior PLC,"Mock analyst view: quality, dividends and balance-sheet resilience are reviewed against sector risk. Current regime lens: steady_state_low_chaos.","Mock risks: valuation compression, policy/regulatory shocks, dividend sustainability and liquidity stress. Narrative is reframing toward risk/deterioration. Credit/refinancing pressure is increasingly central to the equity story.",Needs review,Mixed,No major mock concern,Dividend quality compounds with stable cash flow.,Moderate total return with risk controls intact.,Macro or governance shock reduces valuation and income confidence.,41.61014182274095,Avoid,0.6338985817725905
AA.US,Alcoa Corp,"Mock analyst view: quality, dividends and balance-sheet resilience are reviewed against sector risk. Narrative is improving toward quality, growth and capital return. Current regime lens: steady_state_low_chaos.","Mock risks: valuation compression, policy/regulatory shocks, dividend sustainability and liquidity stress. Forecast uncertainty is high; analyst placeholder treats this as Watchlist risk.",Needs review,Mixed,No major mock concern,Dividend quality compounds with stable cash flow.,Moderate total return with risk controls intact.,Macro or governance shock reduces valuation and income confidence.,41.58099710905197,Avoid,0.6341900289094804
DTG.XETRA,Daimler Truck Holding AG,"Mock analyst view: quality, dividends and balance-sheet resilience are reviewed against sector risk. Current regime lens: steady_state_low_chaos.","Mock risks: valuation compression, policy/regulatory shocks, dividend sustainability and liquidity stress. Narrative is reframing toward risk/deterioration. Credit/refinancing pressure is increasingly central to the equity story. ML dividend-cut probability is elevated. Forecast distribution has downside skew risk.",Needs review,Mixed,No major mock concern,Dividend quality compounds with stable cash flow.,Moderate total return with risk controls intact.,Macro or governance shock reduces valuation and income confidence.,41.57020419697639,Avoid,0.6342979580302361
000625.SHE,Chongqing Changan Automobile Co Ltd,"Mock analyst view: quality, dividends and balance-sheet resilience are reviewed against sector risk. Narrative is improving toward quality, growth and capital return. Current regime lens: steady_state_low_chaos.","Mock risks: valuation compression, policy/regulatory shocks, dividend sustainability and liquidity stress. ML dividend-cut probability is elevated. Forecast distribution has downside skew risk.",Needs review,Mixed,No major mock concern,Dividend quality compounds with stable cash flow.,Moderate total return with risk controls intact.,Macro or governance shock reduces valuation and income confidence.,41.54678545403089,Avoid,0.6345321454596912
GRG.LSE,Greggs PLC,"Mock analyst view: quality, dividends and balance-sheet resilience are reviewed against sector risk. Narrative is improving toward quality, growth and capital return. Current regime lens: steady_state_low_chaos.","Mock risks: valuation compression, policy/regulatory shocks, dividend sustainability and liquidity stress. Regime suitability requires review. ML dividend-cut probability is elevated.",Needs review,Mixed,No major mock concern,Dividend quality compounds with stable cash flow.,Moderate total return with risk controls intact.,Macro or governance shock reduces valuation and income confidence.,41.54274469782193,Avoid,0.6345725530217807
2196.HK,Shanghai Fosun Pharmaceutical Group Co Ltd,"Mock analyst view: quality, dividends and balance-sheet resilience are reviewed against sector risk. Narrative is improving toward quality, growth and capital return. Current regime lens: steady_state_low_chaos.","Mock risks: valuation compression, policy/regulatory shocks, dividend sustainability and liquidity stress. Regime suitability requires review. ML dividend-cut probability is elevated.",Needs review,Mixed,No major mock concern,Dividend quality compounds with stable cash flow.,Moderate total return with risk controls intact.,Macro or governance shock reduces valuation and income confidence.,41.52970993867942,Avoid,0.6347029006132059
CVC.AS,CVC Capital Partners PLC,"Mock analyst view: quality, dividends and balance-sheet resilience are reviewed against sector risk. Narrative is improving toward quality, growth and capital return. Current regime lens: steady_state_low_chaos.","Mock risks: valuation compression, policy/regulatory shocks, dividend sustainability and liquidity stress. ML dividend-cut probability is elevated.",Needs review,Mixed,No major mock concern,Dividend quality compounds with stable cash flow.,Moderate total return with risk controls intact.,Macro or governance shock reduces valuation and income confidence.,41.40506049237686,Avoid,0.6359493950762314
AAK.ST,AAK AB,"Mock analyst view: quality, dividends and balance-sheet resilience are reviewed against sector risk. Narrative is improving toward quality, growth and capital return. Current regime lens: steady_state_low_chaos.","Mock risks: valuation compression, policy/regulatory shocks, dividend sustainability and liquidity stress. Regime suitability requires review. ML dividend-cut probability is elevated. Forecast distribution has downside skew risk.",Needs review,Mixed,No major mock concern,Dividend quality compounds with stable cash flow.,Moderate total return with risk controls intact.,Macro or governance shock reduces valuation and income confidence.,41.384592662861145,Avoid,0.6361540733713886
0688.HK,China Overseas,"Mock analyst view: quality, dividends and balance-sheet resilience are reviewed against sector risk. Narrative is improving toward quality, growth and capital return. Current regime lens: steady_state_low_chaos.","Mock risks: valuation compression, policy/regulatory shocks, dividend sustainability and liquidity stress. Distributional ML forecast shows attractive upside but asymmetric downside risk. ML dividend-cut probability is elevated.",Needs review,Mixed,No major mock concern,Dividend quality compounds with stable cash flow.,Moderate total return with risk controls intact.,Macro or governance shock reduces valuation and income confidence.,41.344898972614935,Avoid,0.6365510102738507
CRDA.LSE,Croda International PLC,"Mock analyst view: quality, dividends and balance-sheet resilience are reviewed against sector risk. Narrative is improving toward quality, growth and capital return. Current regime lens: steady_state_low_chaos.","Mock risks: valuation compression, policy/regulatory shocks, dividend sustainability and liquidity stress. ML dividend-cut probability is elevated.",Needs review,Mixed,No major mock concern,Dividend quality compounds with stable cash flow.,Moderate total return with risk controls intact.,Macro or governance shock reduces valuation and income confidence.,41.326013599882465,Avoid,0.6367398640011754
KNIN.SW,Kuehne & Nagel,"Mock analyst view: quality, dividends and balance-sheet resilience are reviewed against sector risk. Narrative is improving toward quality, growth and capital return. Current regime lens: steady_state_low_chaos.","Mock risks: valuation compression, policy/regulatory shocks, dividend sustainability and liquidity stress. ML dividend-cut probability is elevated.",Needs review,Mixed,No major mock concern,Dividend quality compounds with stable cash flow.,Moderate total return with risk controls intact.,Macro or governance shock reduces valuation and income confidence.,41.323529508321336,Avoid,0.6367647049167867
600026.SHG,COSCO Shipping Energy Transportation Co Ltd,"Mock analyst view: quality, dividends and balance-sheet resilience are reviewed against sector risk. Current regime lens: steady_state_low_chaos.","Mock risks: valuation compression, policy/regulatory shocks, dividend sustainability and liquidity stress. Narrative is reframing toward risk/deterioration. Forecast uncertainty is high; analyst placeholder treats this as Watchlist risk.",Needs review,Mixed,No major mock concern,Dividend quality compounds with stable cash flow.,Moderate total return with risk controls intact.,Macro or governance shock reduces valuation and income confidence.,41.2889867140714,Avoid,0.6371101328592861
ASHM.LSE,Ashmore Group Plc,"Mock analyst view: quality, dividends and balance-sheet resilience are reviewed against sector risk. Narrative is improving toward quality, growth and capital return. Current regime lens: steady_state_low_chaos.","Mock risks: valuation compression, policy/regulatory shocks, dividend sustainability and liquidity stress. Regime suitability requires review. ML dividend-cut probability is elevated. Forecast uncertainty is high; analyst placeholder treats this as Watchlist risk. Forecast distribution has downside skew risk.",Needs review,Mixed,No major mock concern,Dividend quality compounds with stable cash flow.,Moderate total return with risk controls intact.,Macro or governance shock reduces valuation and income confidence.,41.274379545467426,Avoid,0.6372562045453258
FER.MC,Ferrovial S.A.,"Mock analyst view: quality, dividends and balance-sheet resilience are reviewed against sector risk. Narrative is improving toward quality, growth and capital return. Current regime lens: steady_state_low_chaos.","Mock risks: valuation compression, policy/regulatory shocks, dividend sustainability and liquidity stress. ML dividend-cut probability is elevated.",Needs review,Constructive,No major mock concern,Dividend quality compounds with stable cash flow.,Moderate total return with risk controls intact.,Macro or governance shock reduces valuation and income confidence.,41.189043500444285,Avoid,0.6381095649955572
605589.SHG,Jinan Shengquan Group Share Holding Co Ltd,"Mock analyst view: quality, dividends and balance-sheet resilience are reviewed against sector risk. Narrative is improving toward quality, growth and capital return. Current regime lens: steady_state_low_chaos.","Mock risks: valuation compression, policy/regulatory shocks, dividend sustainability and liquidity stress. ML dividend-cut probability is elevated. Forecast uncertainty is high; analyst placeholder treats this as Watchlist risk. Forecast distribution has downside skew risk.",Needs review,Mixed,No major mock concern,Dividend quality compounds with stable cash flow.,Moderate total return with risk controls intact.,Macro or governance shock reduces valuation and income confidence.,41.18794793508379,Avoid,0.6381205206491621
1888.HK,Kingboard Laminates Holdings Ltd,"Mock analyst view: quality, dividends and balance-sheet resilience are reviewed against sector risk. Narrative is improving toward quality, growth and capital return. Current regime lens: steady_state_low_chaos.","Mock risks: valuation compression, policy/regulatory shocks, dividend sustainability and liquidity stress. ML dividend-cut probability is elevated. Forecast uncertainty is high; analyst placeholder treats this as Watchlist risk. Forecast distribution has downside skew risk.",Needs review,Mixed,No major mock concern,Dividend quality compounds with stable cash flow.,Moderate total return with risk controls intact.,Macro or governance shock reduces valuation and income confidence.,41.127931793566155,Avoid,0.6387206820643385
0960.HK,Longfor Properties Co Ltd,"Mock analyst view: quality, dividends and balance-sheet resilience are reviewed against sector risk. Narrative is improving toward quality, growth and capital return. Current regime lens: steady_state_low_chaos.","Mock risks: valuation compression, policy/regulatory shocks, dividend sustainability and liquidity stress. ML dividend-cut probability is elevated. Forecast uncertainty is high; analyst placeholder treats this as Watchlist risk. Forecast distribution has downside skew risk.",Needs review,Constructive,No major mock concern,Dividend quality compounds with stable cash flow.,Moderate total return with risk controls intact.,Macro or governance shock reduces valuation and income confidence.,41.11818124469634,Avoid,0.6388181875530367
INF.LSE,Informa PLC,"Mock analyst view: quality, dividends and balance-sheet resilience are reviewed against sector risk. Narrative is improving toward quality, growth and capital return. Current regime lens: steady_state_low_chaos.","Mock risks: valuation compression, policy/regulatory shocks, dividend sustainability and liquidity stress. ML dividend-cut probability is elevated.",Needs review,Constructive,No major mock concern,Dividend quality compounds with stable cash flow.,Moderate total return with risk controls intact.,Macro or governance shock reduces valuation and income confidence.,41.06674405107025,Avoid,0.6393325594892976
CABK.MC,Caixabank SA,"Mock analyst view: quality, dividends and balance-sheet resilience are reviewed against sector risk. Current regime lens: steady_state_low_chaos.","Mock risks: valuation compression, policy/regulatory shocks, dividend sustainability and liquidity stress. Narrative is reframing toward risk/deterioration. Credit/refinancing pressure is increasingly central to the equity story.",Needs review,Mixed,No major mock concern,Dividend quality compounds with stable cash flow.,Moderate total return with risk controls intact.,Macro or governance shock reduces valuation and income confidence.,41.03710640335954,Avoid,0.6396289359664047
CSX.US,CSX Corporation,"Mock analyst view: quality, dividends and balance-sheet resilience are reviewed against sector risk. Current regime lens: steady_state_low_chaos.","Mock risks: valuation compression, policy/regulatory shocks, dividend sustainability and liquidity stress. Narrative is reframing toward risk/deterioration. Credit/refinancing pressure is increasingly central to the equity story.",Needs review,Mixed,No major mock concern,Dividend quality compounds with stable cash flow.,Moderate total return with risk controls intact.,Macro or governance shock reduces valuation and income confidence.,40.97611281313238,Avoid,0.6402388718686762
0867.HK,China Medical System Holdings Ltd,"Mock analyst view: quality, dividends and balance-sheet resilience are reviewed against sector risk. Narrative is improving toward quality, growth and capital return. Current regime lens: steady_state_low_chaos.","Mock risks: valuation compression, policy/regulatory shocks, dividend sustainability and liquidity stress. Regime suitability requires review. ML dividend-cut probability is elevated.",Needs review,Mixed,No major mock concern,Dividend quality compounds with stable cash flow.,Moderate total return with risk controls intact.,Macro or governance shock reduces valuation and income confidence.,40.973609887116936,Avoid,0.6402639011288307
HBAN.SW,Helvetia Holding AG,"Mock analyst view: quality, dividends and balance-sheet resilience are reviewed against sector risk. Narrative is improving toward quality, growth and capital return. Current regime lens: steady_state_low_chaos.","Mock risks: valuation compression, policy/regulatory shocks, dividend sustainability and liquidity stress.",Needs review,Mixed,No major mock concern,Dividend quality compounds with stable cash flow.,Moderate total return with risk controls intact.,Macro or governance shock reduces valuation and income confidence.,40.941289912293506,Avoid,0.6405871008770649
603806.SHG,Hangzhou First PV Material Co Ltd,"Mock analyst view: quality, dividends and balance-sheet resilience are reviewed against sector risk. Narrative is improving toward quality, growth and capital return. Current regime lens: steady_state_low_chaos.","Mock risks: valuation compression, policy/regulatory shocks, dividend sustainability and liquidity stress. ML dividend-cut probability is elevated. Forecast uncertainty is high; analyst placeholder treats this as Watchlist risk. Forecast distribution has downside skew risk.",Needs review,Mixed,No major mock concern,Dividend quality compounds with stable cash flow.,Moderate total return with risk controls intact.,Macro or governance shock reduces valuation and income confidence.,40.87741595876729,Avoid,0.6412258404123272
EQT.ST,EQT AB (publ),"Mock analyst view: quality, dividends and balance-sheet resilience are reviewed against sector risk. Narrative is improving toward quality, growth and capital return. Current regime lens: steady_state_low_chaos.","Mock risks: valuation compression, policy/regulatory shocks, dividend sustainability and liquidity stress. ML dividend-cut probability is elevated.",Needs review,Mixed,No major mock concern,Dividend quality compounds with stable cash flow.,Moderate total return with risk controls intact.,Macro or governance shock reduces valuation and income confidence.,40.83125379699938,Avoid,0.6416874620300063
600011.SHG,Huaneng Power International Inc,"Mock analyst view: quality, dividends and balance-sheet resilience are reviewed against sector risk. Narrative is improving toward quality, growth and capital return. Current regime lens: steady_state_low_chaos.","Mock risks: valuation compression, policy/regulatory shocks, dividend sustainability and liquidity stress. Distributional ML forecast shows attractive upside but asymmetric downside risk. ML dividend-cut probability is elevated.",Needs review,Mixed,No major mock concern,Dividend quality compounds with stable cash flow.,Moderate total return with risk controls intact.,Macro or governance shock reduces valuation and income confidence.,40.73981667952506,Avoid,0.6426018332047494
603929.SHG,L&K Engineering Suzhou Co Ltd,"Mock analyst view: quality, dividends and balance-sheet resilience are reviewed against sector risk. Narrative is improving toward quality, growth and capital return. Current regime lens: steady_state_low_chaos.","Mock risks: valuation compression, policy/regulatory shocks, dividend sustainability and liquidity stress. Forecast uncertainty is high; analyst placeholder treats this as Watchlist risk.",Constructive,Mixed,No major mock concern,Dividend quality compounds with stable cash flow.,Moderate total return with risk controls intact.,Macro or governance shock reduces valuation and income confidence.,40.7366481140906,Avoid,0.642633518859094
CNA.LSE,Centrica PLC,"Mock analyst view: quality, dividends and balance-sheet resilience are reviewed against sector risk. Narrative is improving toward quality, growth and capital return. Current regime lens: steady_state_low_chaos.","Mock risks: valuation compression, policy/regulatory shocks, dividend sustainability and liquidity stress. ML dividend-cut probability is elevated.",Needs review,Mixed,No major mock concern,Dividend quality compounds with stable cash flow.,Moderate total return with risk controls intact.,Macro or governance shock reduces valuation and income confidence.,40.71279494201764,Avoid,0.6428720505798237
8TRA.XETRA,Traton SE,"Mock analyst view: quality, dividends and balance-sheet resilience are reviewed against sector risk. Narrative is improving toward quality, growth and capital return. Current regime lens: steady_state_low_chaos.","Mock risks: valuation compression, policy/regulatory shocks, dividend sustainability and liquidity stress. Narrative is reframing toward risk/deterioration. Regime suitability requires review. ML dividend-cut probability is elevated. Forecast distribution has downside skew risk.",Constructive,Mixed,No major mock concern,Dividend quality compounds with stable cash flow.,Moderate total return with risk controls intact.,Macro or governance shock reduces valuation and income confidence.,40.70131699486673,Avoid,0.6429868300513327
600160.SHG,Zhejiang Juhua Co Ltd,"Mock analyst view: quality, dividends and balance-sheet resilience are reviewed against sector risk. Narrative is improving toward quality, growth and capital return. Current regime lens: steady_state_low_chaos.","Mock risks: valuation compression, policy/regulatory shocks, dividend sustainability and liquidity stress. ML dividend-cut probability is elevated. Forecast uncertainty is high; analyst placeholder treats this as Watchlist risk. Forecast distribution has downside skew risk.",Needs review,Mixed,No major mock concern,Dividend quality compounds with stable cash flow.,Moderate total return with risk controls intact.,Macro or governance shock reduces valuation and income confidence.,40.683376477093134,Avoid,0.6431662352290687
MRO.LSE,Melrose Industries PLC,"Mock analyst view: quality, dividends and balance-sheet resilience are reviewed against sector risk. Current regime lens: steady_state_low_chaos.","Mock risks: valuation compression, policy/regulatory shocks, dividend sustainability and liquidity stress. Narrative is reframing toward risk/deterioration. Credit/refinancing pressure is increasingly central to the equity story.",Needs review,Mixed,No major mock concern,Dividend quality compounds with stable cash flow.,Moderate total return with risk controls intact.,Macro or governance shock reduces valuation and income confidence.,40.54926449249675,Avoid,0.6445073550750325
HOT.XETRA,HOCHTIEF Aktiengesellschaft,"Mock analyst view: quality, dividends and balance-sheet resilience are reviewed against sector risk. Narrative is improving toward quality, growth and capital return. Current regime lens: steady_state_low_chaos.","Mock risks: valuation compression, policy/regulatory shocks, dividend sustainability and liquidity stress. Forecast uncertainty is high; analyst placeholder treats this as Watchlist risk.",Needs review,Mixed,No major mock concern,Dividend quality compounds with stable cash flow.,Moderate total return with risk controls intact.,Macro or governance shock reduces valuation and income confidence.,40.53549818320956,Avoid,0.6446450181679044
GFTU.LSE,Grafton Group plc,"Mock analyst view: quality, dividends and balance-sheet resilience are reviewed against sector risk. Narrative is improving toward quality, growth and capital return. Current regime lens: steady_state_low_chaos.","Mock risks: valuation compression, policy/regulatory shocks, dividend sustainability and liquidity stress. Distributional ML forecast shows attractive upside but asymmetric downside risk.",Needs review,Constructive,No major mock concern,Dividend quality compounds with stable cash flow.,Moderate total return with risk controls intact.,Macro or governance shock reduces valuation and income confidence.,40.49461241694644,Avoid,0.6450538758305356
TEG.XETRA,TAG Immobilien AG,"Mock analyst view: quality, dividends and balance-sheet resilience are reviewed against sector risk. Current regime lens: steady_state_low_chaos.","Mock risks: valuation compression, policy/regulatory shocks, dividend sustainability and liquidity stress. Narrative is reframing toward risk/deterioration. ML dividend-cut probability is elevated. Forecast distribution has downside skew risk.",Needs review,Constructive,No major mock concern,Dividend quality compounds with stable cash flow.,Moderate total return with risk controls intact.,Macro or governance shock reduces valuation and income confidence.,40.453154943559234,Avoid,0.6454684505644077
NESN.SW,Nestle S.A.,"Mock analyst view: quality, dividends and balance-sheet resilience are reviewed against sector risk. Narrative is improving toward quality, growth and capital return. Current regime lens: steady_state_low_chaos.","Mock risks: valuation compression, policy/regulatory shocks, dividend sustainability and liquidity stress. ML dividend-cut probability is elevated.",Needs review,Constructive,No major mock concern,Dividend quality compounds with stable cash flow.,Moderate total return with risk controls intact.,Macro or governance shock reduces valuation and income confidence.,40.41116276187282,Avoid,0.6458883723812718
CARL-B.CO,Carlsberg A/S,"Mock analyst view: quality, dividends and balance-sheet resilience are reviewed against sector risk. Current regime lens: steady_state_low_chaos.","Mock risks: valuation compression, policy/regulatory shocks, dividend sustainability and liquidity stress. ML dividend-cut probability is elevated.",Needs review,Mixed,No major mock concern,Dividend quality compounds with stable cash flow.,Moderate total return with risk controls intact.,Macro or governance shock reduces valuation and income confidence.,40.37780851265353,Avoid,0.6462219148734647
002422.SHE,Sichuan Kelun Pharmaceutical Co Ltd,"Mock analyst view: quality, dividends and balance-sheet resilience are reviewed against sector risk. Narrative is improving toward quality, growth and capital return. Current regime lens: steady_state_low_chaos.","Mock risks: valuation compression, policy/regulatory shocks, dividend sustainability and liquidity stress. ML dividend-cut probability is elevated. Forecast uncertainty is high; analyst placeholder treats this as Watchlist risk.",Needs review,Mixed,No major mock concern,Dividend quality compounds with stable cash flow.,Moderate total return with risk controls intact.,Macro or governance shock reduces valuation and income confidence.,40.333880049156754,Avoid,0.6466611995084325
9618.HK,Jd Com Inc,"Mock analyst view: quality, dividends and balance-sheet resilience are reviewed against sector risk. Current regime lens: steady_state_low_chaos.","Mock risks: valuation compression, policy/regulatory shocks, dividend sustainability and liquidity stress. ML dividend-cut probability is elevated.",Needs review,Mixed,No major mock concern,Dividend quality compounds with stable cash flow.,Moderate total return with risk controls intact.,Macro or governance shock reduces valuation and income confidence.,40.33061358181762,Avoid,0.6466938641818238
KDP.US,Keurig Dr Pepper Inc,"Mock analyst view: quality, dividends and balance-sheet resilience are reviewed against sector risk. Narrative is improving toward quality, growth and capital return. Current regime lens: steady_state_low_chaos.","Mock risks: valuation compression, policy/regulatory shocks, dividend sustainability and liquidity stress.",Needs review,Mixed,No major mock concern,Dividend quality compounds with stable cash flow.,Moderate total return with risk controls intact.,Macro or governance shock reduces valuation and income confidence.,40.32622744770142,Avoid,0.6467377255229858
3618.HK,Chongqing Rural Commercial Bank Co Ltd,"Mock analyst view: quality, dividends and balance-sheet resilience are reviewed against sector risk. Narrative is improving toward quality, growth and capital return. Current regime lens: steady_state_low_chaos.","Mock risks: valuation compression, policy/regulatory shocks, dividend sustainability and liquidity stress. Regime suitability requires review. ML dividend-cut probability is elevated.",Constructive,Mixed,No major mock concern,Dividend quality compounds with stable cash flow.,Moderate total return with risk controls intact.,Macro or governance shock reduces valuation and income confidence.,40.26480875545217,Avoid,0.6473519124454783
DLR.US,Digital Realty Trust Inc,"Mock analyst view: quality, dividends and balance-sheet resilience are reviewed against sector risk. Narrative is improving toward quality, growth and capital return. Current regime lens: steady_state_low_chaos.","Mock risks: valuation compression, policy/regulatory shocks, dividend sustainability and liquidity stress. ML dividend-cut probability is elevated.",Needs review,Constructive,No major mock concern,Dividend quality compounds with stable cash flow.,Moderate total return with risk controls intact.,Macro or governance shock reduces valuation and income confidence.,40.246899854516656,Avoid,0.6475310014548334
TPR.US,Tapestry Inc,"Mock analyst view: quality, dividends and balance-sheet resilience are reviewed against sector risk. Narrative is improving toward quality, growth and capital return. Current regime lens: steady_state_low_chaos.","Mock risks: valuation compression, policy/regulatory shocks, dividend sustainability and liquidity stress. ML dividend-cut probability is elevated. Forecast uncertainty is high; analyst placeholder treats this as Watchlist risk.",Needs review,Mixed,No major mock concern,Dividend quality compounds with stable cash flow.,Moderate total return with risk controls intact.,Macro or governance shock reduces valuation and income confidence.,40.23246634000722,Avoid,0.6476753365999278
BAC.US,Bank of America Corp,"Mock analyst view: quality, dividends and balance-sheet resilience are reviewed against sector risk. Narrative is improving toward quality, growth and capital return. Current regime lens: steady_state_low_chaos.","Mock risks: valuation compression, policy/regulatory shocks, dividend sustainability and liquidity stress.",Needs review,Mixed,No major mock concern,Dividend quality compounds with stable cash flow.,Moderate total return with risk controls intact.,Macro or governance shock reduces valuation and income confidence.,40.166371313166465,Avoid,0.6483362868683353
VSVS.LSE,Vesuvius PLC,"Mock analyst view: quality, dividends and balance-sheet resilience are reviewed against sector risk. Current regime lens: steady_state_low_chaos.","Mock risks: valuation compression, policy/regulatory shocks, dividend sustainability and liquidity stress. Narrative is reframing toward risk/deterioration. Regime suitability requires review. ML dividend-cut probability is elevated. Forecast distribution has downside skew risk.",Needs review,Mixed,No major mock concern,Dividend quality compounds with stable cash flow.,Moderate total return with risk controls intact.,Macro or governance shock reduces valuation and income confidence.,40.01250148693454,Avoid,0.6498749851306547
VODI.XETRA,Vodafone Group PLC,"Mock analyst view: quality, dividends and balance-sheet resilience are reviewed against sector risk. Narrative is improving toward quality, growth and capital return. Current regime lens: steady_state_low_chaos.","Mock risks: valuation compression, policy/regulatory shocks, dividend sustainability and liquidity stress. ML dividend-cut probability is elevated.",Needs review,Constructive,No major mock concern,Dividend quality compounds with stable cash flow.,Moderate total return with risk controls intact.,Macro or governance shock reduces valuation and income confidence.,39.96711352619354,Avoid,0.6503288647380646
LISN.SW,Chocoladefabriken Lindt & Spruengli AG N,"Mock analyst view: quality, dividends and balance-sheet resilience are reviewed against sector risk. Narrative is improving toward quality, growth and capital return. Current regime lens: steady_state_low_chaos.","Mock risks: valuation compression, policy/regulatory shocks, dividend sustainability and liquidity stress. Regime suitability requires review. ML dividend-cut probability is elevated.",Needs review,Mixed,No major mock concern,Dividend quality compounds with stable cash flow.,Moderate total return with risk controls intact.,Macro or governance shock reduces valuation and income confidence.,39.925031720031534,Avoid,0.6507496827996847
1072.HK,Dongfang Electric Corp Ltd,"Mock analyst view: quality, dividends and balance-sheet resilience are reviewed against sector risk. Current regime lens: steady_state_low_chaos.","Mock risks: valuation compression, policy/regulatory shocks, dividend sustainability and liquidity stress. Narrative is reframing toward risk/deterioration. ML dividend-cut probability is elevated. Forecast uncertainty is high; analyst placeholder treats this as Watchlist risk. Forecast distribution has downside skew risk.",Needs review,Mixed,No major mock concern,Dividend quality compounds with stable cash flow.,Moderate total return with risk controls intact.,Macro or governance shock reduces valuation and income confidence.,39.91403436606648,Avoid,0.6508596563393352
OKE.US,ONEOK Inc,"Mock analyst view: quality, dividends and balance-sheet resilience are reviewed against sector risk. Narrative is improving toward quality, growth and capital return. Current regime lens: steady_state_low_chaos.","Mock risks: valuation compression, policy/regulatory shocks, dividend sustainability and liquidity stress. ML dividend-cut probability is elevated.",Needs review,Mixed,No major mock concern,Dividend quality compounds with stable cash flow.,Moderate total return with risk controls intact.,Macro or governance shock reduces valuation and income confidence.,39.908821331558606,Avoid,0.650911786684414
KBCA.BR,KBC Ancora,"Mock analyst view: quality, dividends and balance-sheet resilience are reviewed against sector risk. Narrative is improving toward quality, growth and capital return. Current regime lens: steady_state_low_chaos.","Mock risks: valuation compression, policy/regulatory shocks, dividend sustainability and liquidity stress. Regime suitability requires review. ML dividend-cut probability is elevated.",Needs review,Constructive,No major mock concern,Dividend quality compounds with stable cash flow.,Moderate total return with risk controls intact.,Macro or governance shock reduces valuation and income confidence.,39.88348706485137,Avoid,0.6511651293514863
603920.SHG,Olympic Circuit Technology Co Ltd,"Mock analyst view: quality, dividends and balance-sheet resilience are reviewed against sector risk. Narrative is improving toward quality, growth and capital return. Current regime lens: steady_state_low_chaos.","Mock risks: valuation compression, policy/regulatory shocks, dividend sustainability and liquidity stress. ML dividend-cut probability is elevated. Forecast uncertainty is high; analyst placeholder treats this as Watchlist risk. Forecast distribution has downside skew risk.",Needs review,Mixed,No major mock concern,Dividend quality compounds with stable cash flow.,Moderate total return with risk controls intact.,Macro or governance shock reduces valuation and income confidence.,39.85061549911279,Avoid,0.6514938450088721
SUPR.LSE,Supermarket Income REIT PLC,"Mock analyst view: quality, dividends and balance-sheet resilience are reviewed against sector risk. Narrative is improving toward quality, growth and capital return. Current regime lens: steady_state_low_chaos.","Mock risks: valuation compression, policy/regulatory shocks, dividend sustainability and liquidity stress. Distributional ML forecast shows attractive upside but asymmetric downside risk. ML dividend-cut probability is elevated.",Needs review,Constructive,No major mock concern,Dividend quality compounds with stable cash flow.,Moderate total return with risk controls intact.,Macro or governance shock reduces valuation and income confidence.,39.844338037685816,Avoid,0.6515566196231419
DWS.XETRA,DWS Group GmbH & Co. KGaA,"Mock analyst view: quality, dividends and balance-sheet resilience are reviewed against sector risk. Narrative is improving toward quality, growth and capital return. Current regime lens: steady_state_low_chaos.","Mock risks: valuation compression, policy/regulatory shocks, dividend sustainability and liquidity stress. Regime suitability requires review.",Needs review,Mixed,No major mock concern,Dividend quality compounds with stable cash flow.,Moderate total return with risk controls intact.,Macro or governance shock reduces valuation and income confidence.,39.83876493633156,Avoid,0.6516123506366844
SESG.PA,SES S. A.,"Mock analyst view: quality, dividends and balance-sheet resilience are reviewed against sector risk. Current regime lens: steady_state_low_chaos.","Mock risks: valuation compression, policy/regulatory shocks, dividend sustainability and liquidity stress. Narrative is reframing toward risk/deterioration. Credit/refinancing pressure is increasingly central to the equity story. ML dividend-cut probability is elevated. Forecast uncertainty is high; analyst placeholder treats this as Watchlist risk. Forecast distribution has downside skew risk.",Constructive,Mixed,No major mock concern,Dividend quality compounds with stable cash flow.,Moderate total return with risk controls intact.,Macro or governance shock reduces valuation and income confidence.,39.82582721409041,Avoid,0.651741727859096
600795.SHG,GD Power Development Co Ltd,"Mock analyst view: quality, dividends and balance-sheet resilience are reviewed against sector risk. Narrative is improving toward quality, growth and capital return. Current regime lens: steady_state_low_chaos.","Mock risks: valuation compression, policy/regulatory shocks, dividend sustainability and liquidity stress. Distributional ML forecast shows attractive upside but asymmetric downside risk. ML dividend-cut probability is elevated.",Needs review,Mixed,No major mock concern,Dividend quality compounds with stable cash flow.,Moderate total return with risk controls intact.,Macro or governance shock reduces valuation and income confidence.,39.81501230182937,Avoid,0.6518498769817064
BUCN.SW,Bucher Industries AG,"Mock analyst view: quality, dividends and balance-sheet resilience are reviewed against sector risk. Narrative is improving toward quality, growth and capital return. Current regime lens: steady_state_low_chaos.","Mock risks: valuation compression, policy/regulatory shocks, dividend sustainability and liquidity stress. Distributional ML forecast shows attractive upside but asymmetric downside risk.",Needs review,Constructive,No major mock concern,Dividend quality compounds with stable cash flow.,Moderate total return with risk controls intact.,Macro or governance shock reduces valuation and income confidence.,39.814242082116124,Avoid,0.6518575791788388
0004.HK,Wharf Holdings,"Mock analyst view: quality, dividends and balance-sheet resilience are reviewed against sector risk. Narrative is improving toward quality, growth and capital return. Current regime lens: steady_state_low_chaos.","Mock risks: valuation compression, policy/regulatory shocks, dividend sustainability and liquidity stress. ML dividend-cut probability is elevated. Forecast distribution has downside skew risk.",Needs review,Constructive,No major mock concern,Dividend quality compounds with stable cash flow.,Moderate total return with risk controls intact.,Macro or governance shock reduces valuation and income confidence.,39.811701138337824,Avoid,0.6518829886166218
FPE3.XETRA,Fuchs Petrolub SE Preference Shares,"Mock analyst view: quality, dividends and balance-sheet resilience are reviewed against sector risk. Narrative is improving toward quality, growth and capital return. Current regime lens: steady_state_low_chaos.","Mock risks: valuation compression, policy/regulatory shocks, dividend sustainability and liquidity stress. Distributional ML forecast shows attractive upside but asymmetric downside risk.",Needs review,Mixed,No major mock concern,Dividend quality compounds with stable cash flow.,Moderate total return with risk controls intact.,Macro or governance shock reduces valuation and income confidence.,39.80742913816669,Avoid,0.6519257086183332
ET.US,Energy Transfer LP,"Mock analyst view: quality, dividends and balance-sheet resilience are reviewed against sector risk. Narrative is improving toward quality, growth and capital return. Current regime lens: steady_state_low_chaos.","Mock risks: valuation compression, policy/regulatory shocks, dividend sustainability and liquidity stress. ML dividend-cut probability is elevated.",Needs review,Mixed,No major mock concern,Dividend quality compounds with stable cash flow.,Moderate total return with risk controls intact.,Macro or governance shock reduces valuation and income confidence.,39.76773278231809,Avoid,0.6523226721768192
GF.SW,Georg Fischer AG,"Mock analyst view: quality, dividends and balance-sheet resilience are reviewed against sector risk. Narrative is improving toward quality, growth and capital return. Current regime lens: steady_state_low_chaos.","Mock risks: valuation compression, policy/regulatory shocks, dividend sustainability and liquidity stress. Regime suitability requires review. ML dividend-cut probability is elevated.",Needs review,Mixed,No major mock concern,Dividend quality compounds with stable cash flow.,Moderate total return with risk controls intact.,Macro or governance shock reduces valuation and income confidence.,39.599934998148996,Avoid,0.65400065001851
AALB.AS,Aalberts Industries NV,"Mock analyst view: quality, dividends and balance-sheet resilience are reviewed against sector risk. Narrative is improving toward quality, growth and capital return. Current regime lens: steady_state_low_chaos.","Mock risks: valuation compression, policy/regulatory shocks, dividend sustainability and liquidity stress. Regime suitability requires review. ML dividend-cut probability is elevated.",Needs review,Mixed,No major mock concern,Dividend quality compounds with stable cash flow.,Moderate total return with risk controls intact.,Macro or governance shock reduces valuation and income confidence.,39.53638069260215,Avoid,0.6546361930739786
000039.SHE,China International Marine Containers Group Ltd,"Mock analyst view: quality, dividends and balance-sheet resilience are reviewed against sector risk. Narrative is improving toward quality, growth and capital return. Current regime lens: steady_state_low_chaos.","Mock risks: valuation compression, policy/regulatory shocks, dividend sustainability and liquidity stress. Distributional ML forecast shows attractive upside but asymmetric downside risk. ML dividend-cut probability is elevated. Forecast uncertainty is high; analyst placeholder treats this as Watchlist risk. Forecast distribution has downside skew risk.",Needs review,Constructive,No major mock concern,Dividend quality compounds with stable cash flow.,Moderate total return with risk controls intact.,Macro or governance shock reduces valuation and income confidence.,39.53255783842898,Avoid,0.6546744216157103
VALE.US,Vale SA ADR,"Mock analyst view: quality, dividends and balance-sheet resilience are reviewed against sector risk. Narrative is improving toward quality, growth and capital return. Current regime lens: steady_state_low_chaos.","Mock risks: valuation compression, policy/regulatory shocks, dividend sustainability and liquidity stress. Distributional ML forecast shows attractive upside but asymmetric downside risk. ML dividend-cut probability is elevated. Forecast distribution has downside skew risk.",Needs review,Mixed,No major mock concern,Dividend quality compounds with stable cash flow.,Moderate total return with risk controls intact.,Macro or governance shock reduces valuation and income confidence.,39.52469685666953,Avoid,0.6547530314333048
601058.SHG,Sailun Jinyu Group Co Ltd,"Mock analyst view: quality, dividends and balance-sheet resilience are reviewed against sector risk. Narrative is improving toward quality, growth and capital return. Current regime lens: steady_state_low_chaos.","Mock risks: valuation compression, policy/regulatory shocks, dividend sustainability and liquidity stress. ML dividend-cut probability is elevated. Forecast distribution has downside skew risk.",Needs review,Mixed,No major mock concern,Dividend quality compounds with stable cash flow.,Moderate total return with risk controls intact.,Macro or governance shock reduces valuation and income confidence.,39.52385342802407,Avoid,0.6547614657197594
1138.HK,COSCO Shipping Energy Transportation Co Ltd,"Mock analyst view: quality, dividends and balance-sheet resilience are reviewed against sector risk. Narrative is improving toward quality, growth and capital return. Current regime lens: steady_state_low_chaos.","Mock risks: valuation compression, policy/regulatory shocks, dividend sustainability and liquidity stress. ML dividend-cut probability is elevated. Forecast uncertainty is high; analyst placeholder treats this as Watchlist risk.",Needs review,Mixed,No major mock concern,Dividend quality compounds with stable cash flow.,Moderate total return with risk controls intact.,Macro or governance shock reduces valuation and income confidence.,39.4852460141969,Avoid,0.655147539858031
SGKN.SW,St Galler Kantonalbank AG,"Mock analyst view: quality, dividends and balance-sheet resilience are reviewed against sector risk. Current regime lens: steady_state_low_chaos.","Mock risks: valuation compression, policy/regulatory shocks, dividend sustainability and liquidity stress. Narrative is reframing toward risk/deterioration.",Needs review,Constructive,No major mock concern,Dividend quality compounds with stable cash flow.,Moderate total return with risk controls intact.,Macro or governance shock reduces valuation and income confidence.,39.42597971247533,Avoid,0.6557402028752467
002432.SHE,Andon Health Co Ltd,"Mock analyst view: quality, dividends and balance-sheet resilience are reviewed against sector risk. Narrative is improving toward quality, growth and capital return. Current regime lens: steady_state_low_chaos.","Mock risks: valuation compression, policy/regulatory shocks, dividend sustainability and liquidity stress. ML dividend-cut probability is elevated. Forecast uncertainty is high; analyst placeholder treats this as Watchlist risk. Forecast distribution has downside skew risk.",Needs review,Mixed,No major mock concern,Dividend quality compounds with stable cash flow.,Moderate total return with risk controls intact.,Macro or governance shock reduces valuation and income confidence.,39.40990825868269,Avoid,0.6559009174131731
002179.SHE,AVIC Jonhon Optronic Technology Co Ltd,"Mock analyst view: quality, dividends and balance-sheet resilience are reviewed against sector risk. Narrative is improving toward quality, growth and capital return. Current regime lens: steady_state_low_chaos.","Mock risks: valuation compression, policy/regulatory shocks, dividend sustainability and liquidity stress. ML dividend-cut probability is elevated. Forecast uncertainty is high; analyst placeholder treats this as Watchlist risk. Forecast distribution has downside skew risk.",Needs review,Mixed,No major mock concern,Dividend quality compounds with stable cash flow.,Moderate total return with risk controls intact.,Macro or governance shock reduces valuation and income confidence.,39.34096059255918,Avoid,0.6565903940744082
AYV.PA,Ayvens SA,"Mock analyst view: quality, dividends and balance-sheet resilience are reviewed against sector risk. Narrative is improving toward quality, growth and capital return. Current regime lens: steady_state_low_chaos.","Mock risks: valuation compression, policy/regulatory shocks, dividend sustainability and liquidity stress. Distributional ML forecast shows attractive upside but asymmetric downside risk.",Needs review,Mixed,No major mock concern,Dividend quality compounds with stable cash flow.,Moderate total return with risk controls intact.,Macro or governance shock reduces valuation and income confidence.,39.33001553582992,Avoid,0.6566998446417008
0384.HK,China Gas Holdings Ltd,"Mock analyst view: quality, dividends and balance-sheet resilience are reviewed against sector risk. Current regime lens: steady_state_low_chaos.","Mock risks: valuation compression, policy/regulatory shocks, dividend sustainability and liquidity stress. Narrative is reframing toward risk/deterioration. Distributional ML forecast shows attractive upside but asymmetric downside risk. ML dividend-cut probability is elevated. Forecast distribution has downside skew risk.",Needs review,Mixed,No major mock concern,Dividend quality compounds with stable cash flow.,Moderate total return with risk controls intact.,Macro or governance shock reduces valuation and income confidence.,39.29199636610916,Avoid,0.6570800363389084
LHA.XETRA,Deutsche Lufthansa AG,"Mock analyst view: quality, dividends and balance-sheet resilience are reviewed against sector risk. Current regime lens: steady_state_low_chaos.","Mock risks: valuation compression, policy/regulatory shocks, dividend sustainability and liquidity stress. Narrative is reframing toward risk/deterioration. ML dividend-cut probability is elevated. Forecast uncertainty is high; analyst placeholder treats this as Watchlist risk. Forecast distribution has downside skew risk.",Needs review,Mixed,No major mock concern,Dividend quality compounds with stable cash flow.,Moderate total return with risk controls intact.,Macro or governance shock reduces valuation and income confidence.,39.22572567754126,Avoid,0.6577427432245875
SSAB-B.ST,SSAB AB (publ),"Mock analyst view: quality, dividends and balance-sheet resilience are reviewed against sector risk. Narrative is improving toward quality, growth and capital return. Current regime lens: steady_state_low_chaos.","Mock risks: valuation compression, policy/regulatory shocks, dividend sustainability and liquidity stress. Regime suitability requires review. ML dividend-cut probability is elevated. Forecast uncertainty is high; analyst placeholder treats this as Watchlist risk. Forecast distribution has downside skew risk.",Needs review,Mixed,No major mock concern,Dividend quality compounds with stable cash flow.,Moderate total return with risk controls intact.,Macro or governance shock reduces valuation and income confidence.,39.13444267915546,Avoid,0.6586555732084454
601991.SHG,Datang International Power Generation Co Ltd Class A,"Mock analyst view: quality, dividends and balance-sheet resilience are reviewed against sector risk. Narrative is improving toward quality, growth and capital return. Current regime lens: steady_state_low_chaos.","Mock risks: valuation compression, policy/regulatory shocks, dividend sustainability and liquidity stress. Distributional ML forecast shows attractive upside but asymmetric downside risk. ML dividend-cut probability is elevated. Forecast uncertainty is high; analyst placeholder treats this as Watchlist risk.",Needs review,Mixed,No major mock concern,Dividend quality compounds with stable cash flow.,Moderate total return with risk controls intact.,Macro or governance shock reduces valuation and income confidence.,39.10256043175737,Avoid,0.6589743956824263
6680.HK,Jl Mag Rare Earth Co Ltd,"Mock analyst view: quality, dividends and balance-sheet resilience are reviewed against sector risk. Narrative is improving toward quality, growth and capital return. Current regime lens: steady_state_low_chaos.","Mock risks: valuation compression, policy/regulatory shocks, dividend sustainability and liquidity stress. Narrative is reframing toward risk/deterioration. Regime suitability requires review. ML dividend-cut probability is elevated. Forecast uncertainty is high; analyst placeholder treats this as Watchlist risk. Forecast distribution has downside skew risk.",Needs review,Mixed,No major mock concern,Dividend quality compounds with stable cash flow.,Moderate total return with risk controls intact.,Macro or governance shock reduces valuation and income confidence.,39.06186559060343,Avoid,0.6593813440939658
COPN.SW,COSMO Pharmaceuticals SA,"Mock analyst view: quality, dividends and balance-sheet resilience are reviewed against sector risk. Current regime lens: steady_state_low_chaos.","Mock risks: valuation compression, policy/regulatory shocks, dividend sustainability and liquidity stress. Narrative is reframing toward risk/deterioration. Regime suitability requires review. ML dividend-cut probability is elevated. Forecast uncertainty is high; analyst placeholder treats this as Watchlist risk. Forecast distribution has downside skew risk.",Needs review,Mixed,No major mock concern,Dividend quality compounds with stable cash flow.,Moderate total return with risk controls intact.,Macro or governance shock reduces valuation and income confidence.,39.033611789886365,Avoid,0.6596638821011364
CHG.LSE,Chemring Group PLC,"Mock analyst view: quality, dividends and balance-sheet resilience are reviewed against sector risk. Narrative is improving toward quality, growth and capital return. Current regime lens: steady_state_low_chaos.","Mock risks: valuation compression, policy/regulatory shocks, dividend sustainability and liquidity stress. Regime suitability requires review. ML dividend-cut probability is elevated.",Needs review,Mixed,No major mock concern,Dividend quality compounds with stable cash flow.,Moderate total return with risk controls intact.,Macro or governance shock reduces valuation and income confidence.,39.00765844159389,Avoid,0.6599234155840612
MCHP.US,Microchip Technology Inc,"Mock analyst view: quality, dividends and balance-sheet resilience are reviewed against sector risk. Narrative is improving toward quality, growth and capital return. Current regime lens: steady_state_low_chaos.","Mock risks: valuation compression, policy/regulatory shocks, dividend sustainability and liquidity stress. ML dividend-cut probability is elevated. Forecast uncertainty is high; analyst placeholder treats this as Watchlist risk. Forecast distribution has downside skew risk.",Needs review,Mixed,No major mock concern,Dividend quality compounds with stable cash flow.,Moderate total return with risk controls intact.,Macro or governance shock reduces valuation and income confidence.,38.99303845990643,Avoid,0.6600696154009358
DOKA.SW,Dorma Kaba Holding AG,"Mock analyst view: quality, dividends and balance-sheet resilience are reviewed against sector risk. Narrative is improving toward quality, growth and capital return. Current regime lens: steady_state_low_chaos.","Mock risks: valuation compression, policy/regulatory shocks, dividend sustainability and liquidity stress.",Needs review,Mixed,No major mock concern,Dividend quality compounds with stable cash flow.,Moderate total return with risk controls intact.,Macro or governance shock reduces valuation and income confidence.,38.9252250387958,Avoid,0.660747749612042
CTPNV.AS,CTP N.V.,"Mock analyst view: quality, dividends and balance-sheet resilience are reviewed against sector risk. Current regime lens: steady_state_low_chaos.","Mock risks: valuation compression, policy/regulatory shocks, dividend sustainability and liquidity stress. Narrative is reframing toward risk/deterioration. Regime suitability requires review. ML dividend-cut probability is elevated.",Needs review,Mixed,No major mock concern,Dividend quality compounds with stable cash flow.,Moderate total return with risk controls intact.,Macro or governance shock reduces valuation and income confidence.,38.78376364498223,Avoid,0.6621623635501778
002304.SHE,Jiangsu Yanghe Brewery Joint-Stock Co Ltd,"Mock analyst view: quality, dividends and balance-sheet resilience are reviewed against sector risk. Narrative is improving toward quality, growth and capital return. Current regime lens: steady_state_low_chaos.","Mock risks: valuation compression, policy/regulatory shocks, dividend sustainability and liquidity stress. Regime suitability requires review. ML dividend-cut probability is elevated. Forecast distribution has downside skew risk.",Needs review,Mixed,No major mock concern,Dividend quality compounds with stable cash flow.,Moderate total return with risk controls intact.,Macro or governance shock reduces valuation and income confidence.,38.73237437530332,Avoid,0.6626762562469668
MRL.MC,Merlin Properties SOCIMI SA,"Mock analyst view: quality, dividends and balance-sheet resilience are reviewed against sector risk. Narrative is improving toward quality, growth and capital return. Current regime lens: steady_state_low_chaos.","Mock risks: valuation compression, policy/regulatory shocks, dividend sustainability and liquidity stress. Narrative is reframing toward risk/deterioration. ML dividend-cut probability is elevated.",Needs review,Constructive,No major mock concern,Dividend quality compounds with stable cash flow.,Moderate total return with risk controls intact.,Macro or governance shock reduces valuation and income confidence.,38.73036644847189,Avoid,0.6626963355152812
RRTL.XETRA,RTL Group SA,"Mock analyst view: quality, dividends and balance-sheet resilience are reviewed against sector risk. Narrative is improving toward quality, growth and capital return. Current regime lens: steady_state_low_chaos.","Mock risks: valuation compression, policy/regulatory shocks, dividend sustainability and liquidity stress. ML dividend-cut probability is elevated.",Needs review,Mixed,No major mock concern,Dividend quality compounds with stable cash flow.,Moderate total return with risk controls intact.,Macro or governance shock reduces valuation and income confidence.,38.64852678337303,Avoid,0.6635147321662698
EPD.US,Enterprise Products Partners LP,"Mock analyst view: quality, dividends and balance-sheet resilience are reviewed against sector risk. Current regime lens: steady_state_low_chaos.","Mock risks: valuation compression, policy/regulatory shocks, dividend sustainability and liquidity stress. Narrative is reframing toward risk/deterioration. ML dividend-cut probability is elevated.",Needs review,Mixed,No major mock concern,Dividend quality compounds with stable cash flow.,Moderate total return with risk controls intact.,Macro or governance shock reduces valuation and income confidence.,38.57550757434662,Avoid,0.6642449242565339
9901.HK,New Oriental Education And Tech Inc,"Mock analyst view: quality, dividends and balance-sheet resilience are reviewed against sector risk. Narrative is improving toward quality, growth and capital return. Current regime lens: steady_state_low_chaos.","Mock risks: valuation compression, policy/regulatory shocks, dividend sustainability and liquidity stress. Distributional ML forecast shows attractive upside but asymmetric downside risk. Forecast uncertainty is high; analyst placeholder treats this as Watchlist risk.",Needs review,Mixed,No major mock concern,Dividend quality compounds with stable cash flow.,Moderate total return with risk controls intact.,Macro or governance shock reduces valuation and income confidence.,38.53574495969783,Avoid,0.6646425504030218
0763.HK,ZTE Corp-H,"Mock analyst view: quality, dividends and balance-sheet resilience are reviewed against sector risk. Narrative is improving toward quality, growth and capital return. Current regime lens: steady_state_low_chaos.","Mock risks: valuation compression, policy/regulatory shocks, dividend sustainability and liquidity stress. ML dividend-cut probability is elevated. Forecast uncertainty is high; analyst placeholder treats this as Watchlist risk. Forecast distribution has downside skew risk.",Needs review,Mixed,No major mock concern,Dividend quality compounds with stable cash flow.,Moderate total return with risk controls intact.,Macro or governance shock reduces valuation and income confidence.,38.50114865804214,Avoid,0.6649885134195787
JFN.SW,Jungfraubahn Holding AG,"Mock analyst view: quality, dividends and balance-sheet resilience are reviewed against sector risk. Narrative is improving toward quality, growth and capital return. Current regime lens: steady_state_low_chaos.","Mock risks: valuation compression, policy/regulatory shocks, dividend sustainability and liquidity stress. Distributional ML forecast shows attractive upside but asymmetric downside risk.",Needs review,Constructive,No major mock concern,Dividend quality compounds with stable cash flow.,Moderate total return with risk controls intact.,Macro or governance shock reduces valuation and income confidence.,38.35332302284034,Avoid,0.6664667697715966
000960.SHE,Yunnan Tin Co Ltd,"Mock analyst view: quality, dividends and balance-sheet resilience are reviewed against sector risk. Narrative is improving toward quality, growth and capital return. Current regime lens: steady_state_low_chaos.","Mock risks: valuation compression, policy/regulatory shocks, dividend sustainability and liquidity stress. ML dividend-cut probability is elevated. Forecast uncertainty is high; analyst placeholder treats this as Watchlist risk.",Needs review,Mixed,No major mock concern,Dividend quality compounds with stable cash flow.,Moderate total return with risk controls intact.,Macro or governance shock reduces valuation and income confidence.,38.338092816567084,Avoid,0.6666190718343292
HLAG.XETRA,Hapag Lloyd AG,"Mock analyst view: quality, dividends and balance-sheet resilience are reviewed against sector risk. Current regime lens: steady_state_low_chaos.","Mock risks: valuation compression, policy/regulatory shocks, dividend sustainability and liquidity stress. Narrative is reframing toward risk/deterioration. Regime suitability requires review. ML dividend-cut probability is elevated. Forecast distribution has downside skew risk.",Needs review,Mixed,No major mock concern,Dividend quality compounds with stable cash flow.,Moderate total return with risk controls intact.,Macro or governance shock reduces valuation and income confidence.,38.29688782684355,Avoid,0.6670311217315645
002938.SHE,Avary Holding Shenzhen Co Ltd Class A,"Mock analyst view: quality, dividends and balance-sheet resilience are reviewed against sector risk. Narrative is improving toward quality, growth and capital return. Current regime lens: steady_state_low_chaos.","Mock risks: valuation compression, policy/regulatory shocks, dividend sustainability and liquidity stress. ML dividend-cut probability is elevated. Forecast uncertainty is high; analyst placeholder treats this as Watchlist risk. Forecast distribution has downside skew risk.",Needs review,Mixed,No major mock concern,Dividend quality compounds with stable cash flow.,Moderate total return with risk controls intact.,Macro or governance shock reduces valuation and income confidence.,38.258723519085564,Avoid,0.6674127648091444
0008.HK,PCCW Limited,"Mock analyst view: quality, dividends and balance-sheet resilience are reviewed against sector risk. Narrative is improving toward quality, growth and capital return. Current regime lens: steady_state_low_chaos.","Mock risks: valuation compression, policy/regulatory shocks, dividend sustainability and liquidity stress. ML dividend-cut probability is elevated.",Needs review,Mixed,No major mock concern,Dividend quality compounds with stable cash flow.,Moderate total return with risk controls intact.,Macro or governance shock reduces valuation and income confidence.,38.225148711247286,Avoid,0.6677485128875271
3996.HK,China Energy Engineering Corp,"Mock analyst view: quality, dividends and balance-sheet resilience are reviewed against sector risk. Narrative is improving toward quality, growth and capital return. Current regime lens: steady_state_low_chaos.","Mock risks: valuation compression, policy/regulatory shocks, dividend sustainability and liquidity stress. Regime suitability requires review. ML dividend-cut probability is elevated. Forecast distribution has downside skew risk.",Needs review,Mixed,No major mock concern,Dividend quality compounds with stable cash flow.,Moderate total return with risk controls intact.,Macro or governance shock reduces valuation and income confidence.,38.14500078886341,Avoid,0.6685499921113659
TFIF.LSE,TwentyFour Income Fund Ltd,"Mock analyst view: quality, dividends and balance-sheet resilience are reviewed against sector risk. Current regime lens: steady_state_low_chaos.","Mock risks: valuation compression, policy/regulatory shocks, dividend sustainability and liquidity stress. Narrative is reframing toward risk/deterioration. Regime suitability requires review. ML dividend-cut probability is elevated.",Needs review,Mixed,No major mock concern,Dividend quality compounds with stable cash flow.,Moderate total return with risk controls intact.,Macro or governance shock reduces valuation and income confidence.,38.128961592580424,Avoid,0.6687103840741958
BLND.LSE,British Land Company PLC,"Mock analyst view: quality, dividends and balance-sheet resilience are reviewed against sector risk. Narrative is improving toward quality, growth and capital return. Current regime lens: steady_state_low_chaos.","Mock risks: valuation compression, policy/regulatory shocks, dividend sustainability and liquidity stress. ML dividend-cut probability is elevated.",Needs review,Mixed,No major mock concern,Dividend quality compounds with stable cash flow.,Moderate total return with risk controls intact.,Macro or governance shock reduces valuation and income confidence.,38.01074122779428,Avoid,0.6698925877220573
BOSN.SW,Bossard Holding AG,"Mock analyst view: quality, dividends and balance-sheet resilience are reviewed against sector risk. Narrative is improving toward quality, growth and capital return. Current regime lens: steady_state_low_chaos.","Mock risks: valuation compression, policy/regulatory shocks, dividend sustainability and liquidity stress. Regime suitability requires review.",Needs review,Mixed,No major mock concern,Dividend quality compounds with stable cash flow.,Moderate total return with risk controls intact.,Macro or governance shock reduces valuation and income confidence.,37.89591286605044,Avoid,0.6710408713394956
SCA-B.ST,Svenska Cellulosa Aktiebolaget SCA (publ),"Mock analyst view: quality, dividends and balance-sheet resilience are reviewed against sector risk. Narrative is improving toward quality, growth and capital return. Current regime lens: steady_state_low_chaos.","Mock risks: valuation compression, policy/regulatory shocks, dividend sustainability and liquidity stress. Regime suitability requires review. ML dividend-cut probability is elevated.",Needs review,Mixed,No major mock concern,Dividend quality compounds with stable cash flow.,Moderate total return with risk controls intact.,Macro or governance shock reduces valuation and income confidence.,37.78771358573704,Avoid,0.6721228641426297
2388.HK,BOC Hong Kong Holdings Ltd,"Mock analyst view: quality, dividends and balance-sheet resilience are reviewed against sector risk. Narrative is improving toward quality, growth and capital return. Current regime lens: steady_state_low_chaos.","Mock risks: valuation compression, policy/regulatory shocks, dividend sustainability and liquidity stress. ML dividend-cut probability is elevated.",Needs review,Mixed,No major mock concern,Dividend quality compounds with stable cash flow.,Moderate total return with risk controls intact.,Macro or governance shock reduces valuation and income confidence.,37.75148327421492,Avoid,0.6724851672578509
RCL.US,Royal Caribbean Cruises Ltd,"Mock analyst view: quality, dividends and balance-sheet resilience are reviewed against sector risk. Current regime lens: steady_state_low_chaos.","Mock risks: valuation compression, policy/regulatory shocks, dividend sustainability and liquidity stress. Narrative is reframing toward risk/deterioration. ML dividend-cut probability is elevated. Forecast uncertainty is high; analyst placeholder treats this as Watchlist risk.",Needs review,Mixed,No major mock concern,Dividend quality compounds with stable cash flow.,Moderate total return with risk controls intact.,Macro or governance shock reduces valuation and income confidence.,37.68221965242776,Avoid,0.6731778034757224
INGA.AS,ING Groep NV,"Mock analyst view: quality, dividends and balance-sheet resilience are reviewed against sector risk. Narrative is improving toward quality, growth and capital return. Current regime lens: steady_state_low_chaos.","Mock risks: valuation compression, policy/regulatory shocks, dividend sustainability and liquidity stress. ML dividend-cut probability is elevated.",Needs review,Mixed,No major mock concern,Dividend quality compounds with stable cash flow.,Moderate total return with risk controls intact.,Macro or governance shock reduces valuation and income confidence.,37.59663508979871,Avoid,0.6740336491020129
RWE.XETRA,RWE AG,"Mock analyst view: quality, dividends and balance-sheet resilience are reviewed against sector risk. Narrative is improving toward quality, growth and capital return. Current regime lens: steady_state_low_chaos.","Mock risks: valuation compression, policy/regulatory shocks, dividend sustainability and liquidity stress. ML dividend-cut probability is elevated.",Needs review,Mixed,No major mock concern,Dividend quality compounds with stable cash flow.,Moderate total return with risk controls intact.,Macro or governance shock reduces valuation and income confidence.,37.58287830548978,Avoid,0.6741712169451023
NOK.US,Nokia Corp ADR,"Mock analyst view: quality, dividends and balance-sheet resilience are reviewed against sector risk. Narrative is improving toward quality, growth and capital return. Current regime lens: steady_state_low_chaos.","Mock risks: valuation compression, policy/regulatory shocks, dividend sustainability and liquidity stress. ML dividend-cut probability is elevated. Forecast uncertainty is high; analyst placeholder treats this as Watchlist risk. Forecast distribution has downside skew risk.",Needs review,Mixed,No major mock concern,Dividend quality compounds with stable cash flow.,Moderate total return with risk controls intact.,Macro or governance shock reduces valuation and income confidence.,37.55554337177877,Avoid,0.6744445662822124
RNO.PA,Renault SA,"Mock analyst view: quality, dividends and balance-sheet resilience are reviewed against sector risk. Current regime lens: steady_state_low_chaos.","Mock risks: valuation compression, policy/regulatory shocks, dividend sustainability and liquidity stress. Narrative is reframing toward risk/deterioration. ML dividend-cut probability is elevated. Forecast distribution has downside skew risk.",Needs review,Mixed,No major mock concern,Dividend quality compounds with stable cash flow.,Moderate total return with risk controls intact.,Macro or governance shock reduces valuation and income confidence.,37.539093871557654,Avoid,0.6746090612844236
THULE.ST,Thule Group AB,"Mock analyst view: quality, dividends and balance-sheet resilience are reviewed against sector risk. Narrative is improving toward quality, growth and capital return. Current regime lens: steady_state_low_chaos.","Mock risks: valuation compression, policy/regulatory shocks, dividend sustainability and liquidity stress. Regime suitability requires review. ML dividend-cut probability is elevated.",Needs review,Mixed,No major mock concern,Dividend quality compounds with stable cash flow.,Moderate total return with risk controls intact.,Macro or governance shock reduces valuation and income confidence.,37.382155941824365,Avoid,0.6761784405817564
VK.PA,Vallourec,"Mock analyst view: quality, dividends and balance-sheet resilience are reviewed against sector risk. Narrative is improving toward quality, growth and capital return. Current regime lens: steady_state_low_chaos.","Mock risks: valuation compression, policy/regulatory shocks, dividend sustainability and liquidity stress. Distributional ML forecast shows attractive upside but asymmetric downside risk.",Needs review,Mixed,No major mock concern,Dividend quality compounds with stable cash flow.,Moderate total return with risk controls intact.,Macro or governance shock reduces valuation and income confidence.,37.24235645455067,Avoid,0.6775764354544934
JFJ.LSE,JPMorgan Japanese Investment Trust,"Mock analyst view: quality, dividends and balance-sheet resilience are reviewed against sector risk. Narrative is improving toward quality, growth and capital return. Current regime lens: steady_state_low_chaos.","Mock risks: valuation compression, policy/regulatory shocks, dividend sustainability and liquidity stress. Regime suitability requires review. ML dividend-cut probability is elevated.",Needs review,Mixed,No major mock concern,Dividend quality compounds with stable cash flow.,Moderate total return with risk controls intact.,Macro or governance shock reduces valuation and income confidence.,37.224983277403524,Avoid,0.6777501672259648
6969.HK,Smoore International Holdings Ltd,"Mock analyst view: quality, dividends and balance-sheet resilience are reviewed against sector risk. Narrative is improving toward quality, growth and capital return. Current regime lens: steady_state_low_chaos.","Mock risks: valuation compression, policy/regulatory shocks, dividend sustainability and liquidity stress. Regime suitability requires review. ML dividend-cut probability is elevated. Forecast uncertainty is high; analyst placeholder treats this as Watchlist risk. Forecast distribution has downside skew risk.",Needs review,Mixed,No major mock concern,Dividend quality compounds with stable cash flow.,Moderate total return with risk controls intact.,Macro or governance shock reduces valuation and income confidence.,37.16538437036645,Avoid,0.6783461562963355
2357.HK,AviChina Industry & Technology Co Ltd,"Mock analyst view: quality, dividends and balance-sheet resilience are reviewed against sector risk. Narrative is improving toward quality, growth and capital return. Current regime lens: steady_state_low_chaos.","Mock risks: valuation compression, policy/regulatory shocks, dividend sustainability and liquidity stress. Regime suitability requires review. ML dividend-cut probability is elevated. Forecast distribution has downside skew risk.",Needs review,Mixed,No major mock concern,Dividend quality compounds with stable cash flow.,Moderate total return with risk controls intact.,Macro or governance shock reduces valuation and income confidence.,37.14515090446195,Avoid,0.6785484909553805
DIE.BR,D'Ieteren Group SA,"Mock analyst view: quality, dividends and balance-sheet resilience are reviewed against sector risk. Current regime lens: steady_state_low_chaos.","Mock risks: valuation compression, policy/regulatory shocks, dividend sustainability and liquidity stress. Narrative is reframing toward risk/deterioration.",Needs review,Mixed,No major mock concern,Dividend quality compounds with stable cash flow.,Moderate total return with risk controls intact.,Macro or governance shock reduces valuation and income confidence.,37.10376649086986,Avoid,0.6789623350913014
VTR.US,Ventas Inc,"Mock analyst view: quality, dividends and balance-sheet resilience are reviewed against sector risk. Narrative is improving toward quality, growth and capital return. Current regime lens: steady_state_low_chaos.","Mock risks: valuation compression, policy/regulatory shocks, dividend sustainability and liquidity stress. ML dividend-cut probability is elevated.",Needs review,Mixed,No major mock concern,Dividend quality compounds with stable cash flow.,Moderate total return with risk controls intact.,Macro or governance shock reduces valuation and income confidence.,36.83472832247481,Avoid,0.681652716775252
FORN.SW,Forbo Holding AG,"Mock analyst view: quality, dividends and balance-sheet resilience are reviewed against sector risk. Narrative is improving toward quality, growth and capital return. Current regime lens: steady_state_low_chaos.","Mock risks: valuation compression, policy/regulatory shocks, dividend sustainability and liquidity stress.",Needs review,Mixed,No major mock concern,Dividend quality compounds with stable cash flow.,Moderate total return with risk controls intact.,Macro or governance shock reduces valuation and income confidence.,36.811858719543125,Avoid,0.6818814128045688
UHR.SW,The Swatch Group AG,"Mock analyst view: quality, dividends and balance-sheet resilience are reviewed against sector risk. Narrative is improving toward quality, growth and capital return. Current regime lens: steady_state_low_chaos.","Mock risks: valuation compression, policy/regulatory shocks, dividend sustainability and liquidity stress. Narrative is reframing toward risk/deterioration. Regime suitability requires review. ML dividend-cut probability is elevated. Forecast distribution has downside skew risk.",Needs review,Mixed,No major mock concern,Dividend quality compounds with stable cash flow.,Moderate total return with risk controls intact.,Macro or governance shock reduces valuation and income confidence.,36.78117065338862,Avoid,0.6821882934661139
688187.SHG,Zhuzhou CRRC Times Electric Co Ltd,"Mock analyst view: quality, dividends and balance-sheet resilience are reviewed against sector risk. Narrative is improving toward quality, growth and capital return. Current regime lens: steady_state_low_chaos.","Mock risks: valuation compression, policy/regulatory shocks, dividend sustainability and liquidity stress. ML dividend-cut probability is elevated. Forecast uncertainty is high; analyst placeholder treats this as Watchlist risk. Forecast distribution has downside skew risk.",Needs review,Mixed,No major mock concern,Dividend quality compounds with stable cash flow.,Moderate total return with risk controls intact.,Macro or governance shock reduces valuation and income confidence.,36.74984225516051,Avoid,0.6825015774483949
6881.HK,China Galaxy Securities Co Ltd,"Mock analyst view: quality, dividends and balance-sheet resilience are reviewed against sector risk. Current regime lens: steady_state_low_chaos.","Mock risks: valuation compression, policy/regulatory shocks, dividend sustainability and liquidity stress. Narrative is reframing toward risk/deterioration. Regime suitability requires review. ML dividend-cut probability is elevated. Forecast uncertainty is high; analyst placeholder treats this as Watchlist risk. Forecast distribution has downside skew risk.",Needs review,Mixed,No major mock concern,Dividend quality compounds with stable cash flow.,Moderate total return with risk controls intact.,Macro or governance shock reduces valuation and income confidence.,36.55593739744822,Avoid,0.6844406260255178
601231.SHG,Universal Scientific Industrial Shanghai Co Ltd,"Mock analyst view: quality, dividends and balance-sheet resilience are reviewed against sector risk. Narrative is improving toward quality, growth and capital return. Current regime lens: steady_state_low_chaos.","Mock risks: valuation compression, policy/regulatory shocks, dividend sustainability and liquidity stress. Forecast uncertainty is high; analyst placeholder treats this as Watchlist risk.",Needs review,Mixed,No major mock concern,Dividend quality compounds with stable cash flow.,Moderate total return with risk controls intact.,Macro or governance shock reduces valuation and income confidence.,36.52691304268356,Avoid,0.6847308695731644
002595.SHE,Shandong Himile Mechanical Science & Technology Co Ltd,"Mock analyst view: quality, dividends and balance-sheet resilience are reviewed against sector risk. Current regime lens: steady_state_low_chaos.","Mock risks: valuation compression, policy/regulatory shocks, dividend sustainability and liquidity stress. Narrative is reframing toward risk/deterioration. Regime suitability requires review. ML dividend-cut probability is elevated. Forecast uncertainty is high; analyst placeholder treats this as Watchlist risk. Forecast distribution has downside skew risk.",Needs review,Mixed,No major mock concern,Dividend quality compounds with stable cash flow.,Moderate total return with risk controls intact.,Macro or governance shock reduces valuation and income confidence.,36.51840911514287,Avoid,0.6848159088485714
GNS.LSE,Genus PLC,"Mock analyst view: quality, dividends and balance-sheet resilience are reviewed against sector risk. Narrative is improving toward quality, growth and capital return. Current regime lens: steady_state_low_chaos.","Mock risks: valuation compression, policy/regulatory shocks, dividend sustainability and liquidity stress. Regime suitability requires review.",Needs review,Mixed,No major mock concern,Dividend quality compounds with stable cash flow.,Moderate total return with risk controls intact.,Macro or governance shock reduces valuation and income confidence.,36.51332326506999,Avoid,0.6848667673493001
1364.HK,Guming Holdings Ltd,"Mock analyst view: quality, dividends and balance-sheet resilience are reviewed against sector risk. Narrative is improving toward quality, growth and capital return. Current regime lens: steady_state_low_chaos.","Mock risks: valuation compression, policy/regulatory shocks, dividend sustainability and liquidity stress. Forecast uncertainty is high; analyst placeholder treats this as Watchlist risk.",Needs review,Mixed,No major mock concern,Dividend quality compounds with stable cash flow.,Moderate total return with risk controls intact.,Macro or governance shock reduces valuation and income confidence.,36.47215008422143,Avoid,0.6852784991577857
AGN.AS,Aegon NV,"Mock analyst view: quality, dividends and balance-sheet resilience are reviewed against sector risk. Narrative is improving toward quality, growth and capital return. Current regime lens: steady_state_low_chaos.","Mock risks: valuation compression, policy/regulatory shocks, dividend sustainability and liquidity stress. ML dividend-cut probability is elevated.",Needs review,Mixed,No major mock concern,Dividend quality compounds with stable cash flow.,Moderate total return with risk controls intact.,Macro or governance shock reduces valuation and income confidence.,36.42712369895922,Avoid,0.6857287630104079
0916.HK,China Longyuan Power Group Corp Ltd,"Mock analyst view: quality, dividends and balance-sheet resilience are reviewed against sector risk. Narrative is improving toward quality, growth and capital return. Current regime lens: steady_state_low_chaos.","Mock risks: valuation compression, policy/regulatory shocks, dividend sustainability and liquidity stress. Narrative is reframing toward risk/deterioration. Regime suitability requires review. ML dividend-cut probability is elevated. Forecast distribution has downside skew risk.",Needs review,Mixed,No major mock concern,Dividend quality compounds with stable cash flow.,Moderate total return with risk controls intact.,Macro or governance shock reduces valuation and income confidence.,36.412733540224345,Avoid,0.6858726645977566
PHIA.AS,Koninklijke Philips NV,"Mock analyst view: quality, dividends and balance-sheet resilience are reviewed against sector risk. Current regime lens: steady_state_low_chaos.","Mock risks: valuation compression, policy/regulatory shocks, dividend sustainability and liquidity stress. Narrative is reframing toward risk/deterioration. ML dividend-cut probability is elevated.",Needs review,Mixed,No major mock concern,Dividend quality compounds with stable cash flow.,Moderate total return with risk controls intact.,Macro or governance shock reduces valuation and income confidence.,36.382315246467414,Avoid,0.6861768475353259
300014.SHE,EVE Energy,"Mock analyst view: quality, dividends and balance-sheet resilience are reviewed against sector risk. Narrative is improving toward quality, growth and capital return. Current regime lens: steady_state_low_chaos.","Mock risks: valuation compression, policy/regulatory shocks, dividend sustainability and liquidity stress. ML dividend-cut probability is elevated. Forecast uncertainty is high; analyst placeholder treats this as Watchlist risk. Forecast distribution has downside skew risk.",Needs review,Mixed,No major mock concern,Dividend quality compounds with stable cash flow.,Moderate total return with risk controls intact.,Macro or governance shock reduces valuation and income confidence.,36.36749910935933,Avoid,0.6863250089064068
KER.PA,Kering SA,"Mock analyst view: quality, dividends and balance-sheet resilience are reviewed against sector risk. Current regime lens: steady_state_low_chaos.","Mock risks: valuation compression, policy/regulatory shocks, dividend sustainability and liquidity stress. ML dividend-cut probability is elevated. Forecast uncertainty is high; analyst placeholder treats this as Watchlist risk. Forecast distribution has downside skew risk.",Needs review,Constructive,No major mock concern,Dividend quality compounds with stable cash flow.,Moderate total return with risk controls intact.,Macro or governance shock reduces valuation and income confidence.,36.33490432577326,Avoid,0.6866509567422674
0392.HK,Beijing Enterprises Holdings Ltd,"Mock analyst view: quality, dividends and balance-sheet resilience are reviewed against sector risk. Narrative is improving toward quality, growth and capital return. Current regime lens: steady_state_low_chaos.","Mock risks: valuation compression, policy/regulatory shocks, dividend sustainability and liquidity stress. ML dividend-cut probability is elevated.",Needs review,Mixed,No major mock concern,Dividend quality compounds with stable cash flow.,Moderate total return with risk controls intact.,Macro or governance shock reduces valuation and income confidence.,36.2335411460693,Avoid,0.687664588539307
SYY.US,Sysco Corporation,"Mock analyst view: quality, dividends and balance-sheet resilience are reviewed against sector risk. Narrative is improving toward quality, growth and capital return. Current regime lens: steady_state_low_chaos.","Mock risks: valuation compression, policy/regulatory shocks, dividend sustainability and liquidity stress.",Needs review,Mixed,No major mock concern,Dividend quality compounds with stable cash flow.,Moderate total return with risk controls intact.,Macro or governance shock reduces valuation and income confidence.,36.18254929439707,Avoid,0.6881745070560293
688213.SHG,SmartSens Technology (Shanghai) Co. Ltd. A,"Mock analyst view: quality, dividends and balance-sheet resilience are reviewed against sector risk. Narrative is improving toward quality, growth and capital return. Current regime lens: steady_state_low_chaos.","Mock risks: valuation compression, policy/regulatory shocks, dividend sustainability and liquidity stress. ML dividend-cut probability is elevated. Forecast uncertainty is high; analyst placeholder treats this as Watchlist risk. Forecast distribution has downside skew risk.",Needs review,Mixed,No major mock concern,Dividend quality compounds with stable cash flow.,Moderate total return with risk controls intact.,Macro or governance shock reduces valuation and income confidence.,36.166106281680754,Avoid,0.6883389371831925
0316.HK,Orient Overseas International Ltd,"Mock analyst view: quality, dividends and balance-sheet resilience are reviewed against sector risk. Narrative is improving toward quality, growth and capital return. Current regime lens: steady_state_low_chaos.","Mock risks: valuation compression, policy/regulatory shocks, dividend sustainability and liquidity stress. Regime suitability requires review. ML dividend-cut probability is elevated. Forecast distribution has downside skew risk.",Needs review,Mixed,No major mock concern,Dividend quality compounds with stable cash flow.,Moderate total return with risk controls intact.,Macro or governance shock reduces valuation and income confidence.,36.092984103933446,Avoid,0.6890701589606656
0003.HK,Hong Kong and China Gas Co Ltd,"Mock analyst view: quality, dividends and balance-sheet resilience are reviewed against sector risk. Narrative is improving toward quality, growth and capital return. Current regime lens: steady_state_low_chaos.","Mock risks: valuation compression, policy/regulatory shocks, dividend sustainability and liquidity stress. Narrative is reframing toward risk/deterioration. ML dividend-cut probability is elevated.",Needs review,Mixed,No major mock concern,Dividend quality compounds with stable cash flow.,Moderate total return with risk controls intact.,Macro or governance shock reduces valuation and income confidence.,36.09062907414192,Avoid,0.6890937092585808
ANA.MC,Acciona,"Mock analyst view: quality, dividends and balance-sheet resilience are reviewed against sector risk. Narrative is improving toward quality, growth and capital return. Current regime lens: steady_state_low_chaos.","Mock risks: valuation compression, policy/regulatory shocks, dividend sustainability and liquidity stress. ML dividend-cut probability is elevated. Forecast distribution has downside skew risk.",Needs review,Mixed,No major mock concern,Dividend quality compounds with stable cash flow.,Moderate total return with risk controls intact.,Macro or governance shock reduces valuation and income confidence.,36.08550775259897,Avoid,0.6891449224740103
KVUE.US,Kenvue Inc.,"Mock analyst view: quality, dividends and balance-sheet resilience are reviewed against sector risk. Narrative is improving toward quality, growth and capital return. Current regime lens: steady_state_low_chaos.","Mock risks: valuation compression, policy/regulatory shocks, dividend sustainability and liquidity stress. ML dividend-cut probability is elevated.",Needs review,Mixed,No major mock concern,Dividend quality compounds with stable cash flow.,Moderate total return with risk controls intact.,Macro or governance shock reduces valuation and income confidence.,36.070655631015974,Avoid,0.6892934436898404
RED.MC,Redeia Corporacion S.A.,"Mock analyst view: quality, dividends and balance-sheet resilience are reviewed against sector risk. Narrative is improving toward quality, growth and capital return. Current regime lens: steady_state_low_chaos.","Mock risks: valuation compression, policy/regulatory shocks, dividend sustainability and liquidity stress. Regime suitability requires review. ML dividend-cut probability is elevated. Forecast distribution has downside skew risk.",Needs review,Mixed,No major mock concern,Dividend quality compounds with stable cash flow.,Moderate total return with risk controls intact.,Macro or governance shock reduces valuation and income confidence.,36.03348270499811,Avoid,0.689665172950019
0390.HK,China Railway,"Mock analyst view: quality, dividends and balance-sheet resilience are reviewed against sector risk. Current regime lens: steady_state_low_chaos.","Mock risks: valuation compression, policy/regulatory shocks, dividend sustainability and liquidity stress. Narrative is reframing toward risk/deterioration. Credit/refinancing pressure is increasingly central to the equity story. Regime suitability requires review. ML dividend-cut probability is elevated. Forecast distribution has downside skew risk.",Needs review,Mixed,No major mock concern,Dividend quality compounds with stable cash flow.,Moderate total return with risk controls intact.,Macro or governance shock reduces valuation and income confidence.,36.0330590557551,Avoid,0.689669409442449
VOW3.XETRA,Volkswagen AG VZO O.N.,"Mock analyst view: quality, dividends and balance-sheet resilience are reviewed against sector risk. Narrative is improving toward quality, growth and capital return. Current regime lens: steady_state_low_chaos.","Mock risks: valuation compression, policy/regulatory shocks, dividend sustainability and liquidity stress. Regime suitability requires review. ML dividend-cut probability is elevated.",Needs review,Mixed,No major mock concern,Dividend quality compounds with stable cash flow.,Moderate total return with risk controls intact.,Macro or governance shock reduces valuation and income confidence.,36.01420165874549,Avoid,0.6898579834125451
SBUX.US,Starbucks Corporation,"Mock analyst view: quality, dividends and balance-sheet resilience are reviewed against sector risk. Narrative is improving toward quality, growth and capital return. Current regime lens: steady_state_low_chaos.","Mock risks: valuation compression, policy/regulatory shocks, dividend sustainability and liquidity stress. ML dividend-cut probability is elevated.",Needs review,Mixed,No major mock concern,Dividend quality compounds with stable cash flow.,Moderate total return with risk controls intact.,Macro or governance shock reduces valuation and income confidence.,35.977233767756886,Avoid,0.6902276623224312
3900.HK,Greentown China Holdings Ltd,"Mock analyst view: quality, dividends and balance-sheet resilience are reviewed against sector risk. Narrative is improving toward quality, growth and capital return. Current regime lens: steady_state_low_chaos.","Mock risks: valuation compression, policy/regulatory shocks, dividend sustainability and liquidity stress. ML dividend-cut probability is elevated. Forecast uncertainty is high; analyst placeholder treats this as Watchlist risk. Forecast distribution has downside skew risk.",Needs review,Mixed,No major mock concern,Dividend quality compounds with stable cash flow.,Moderate total return with risk controls intact.,Macro or governance shock reduces valuation and income confidence.,35.929332254835906,Avoid,0.690706677451641
SSPG.LSE,SSP Group PLC,"Mock analyst view: quality, dividends and balance-sheet resilience are reviewed against sector risk. Narrative is improving toward quality, growth and capital return. Current regime lens: steady_state_low_chaos.","Mock risks: valuation compression, policy/regulatory shocks, dividend sustainability and liquidity stress. ML dividend-cut probability is elevated. Forecast distribution has downside skew risk.",Needs review,Constructive,No major mock concern,Dividend quality compounds with stable cash flow.,Moderate total return with risk controls intact.,Macro or governance shock reduces valuation and income confidence.,35.911667851293984,Avoid,0.6908833214870602
GNC.LSE,Greencore Group,"Mock analyst view: quality, dividends and balance-sheet resilience are reviewed against sector risk. Narrative is improving toward quality, growth and capital return. Current regime lens: steady_state_low_chaos.","Mock risks: valuation compression, policy/regulatory shocks, dividend sustainability and liquidity stress. Distributional ML forecast shows attractive upside but asymmetric downside risk. ML dividend-cut probability is elevated.",Needs review,Mixed,No major mock concern,Dividend quality compounds with stable cash flow.,Moderate total return with risk controls intact.,Macro or governance shock reduces valuation and income confidence.,35.9048869515712,Avoid,0.690951130484288
000983.SHE,Shanxi Xishan Coal and Electricity Power Co Ltd,"Mock analyst view: quality, dividends and balance-sheet resilience are reviewed against sector risk. Narrative is improving toward quality, growth and capital return. Current regime lens: steady_state_low_chaos.","Mock risks: valuation compression, policy/regulatory shocks, dividend sustainability and liquidity stress. Narrative is reframing toward risk/deterioration. ML dividend-cut probability is elevated. Forecast uncertainty is high; analyst placeholder treats this as Watchlist risk. Forecast distribution has downside skew risk.",Needs review,Mixed,No major mock concern,Dividend quality compounds with stable cash flow.,Moderate total return with risk controls intact.,Macro or governance shock reduces valuation and income confidence.,35.82834517274196,Avoid,0.6917165482725804
WELL.US,Welltower Inc,"Mock analyst view: quality, dividends and balance-sheet resilience are reviewed against sector risk. Current regime lens: steady_state_low_chaos.","Mock risks: valuation compression, policy/regulatory shocks, dividend sustainability and liquidity stress. Narrative is reframing toward risk/deterioration. Credit/refinancing pressure is increasingly central to the equity story. ML dividend-cut probability is elevated.",Needs review,Mixed,No major mock concern,Dividend quality compounds with stable cash flow.,Moderate total return with risk controls intact.,Macro or governance shock reduces valuation and income confidence.,35.812212164804414,Avoid,0.6918778783519559
600196.SHG,Shanghai Fosun Pharmaceutical Group Co Ltd,"Mock analyst view: quality, dividends and balance-sheet resilience are reviewed against sector risk. Narrative is improving toward quality, growth and capital return. Current regime lens: steady_state_low_chaos.","Mock risks: valuation compression, policy/regulatory shocks, dividend sustainability and liquidity stress. ML dividend-cut probability is elevated.",Needs review,Mixed,No major mock concern,Dividend quality compounds with stable cash flow.,Moderate total return with risk controls intact.,Macro or governance shock reduces valuation and income confidence.,35.793484850076794,Avoid,0.6920651514992321
TKA.XETRA,thyssenkrupp AG,"Mock analyst view: quality, dividends and balance-sheet resilience are reviewed against sector risk. Narrative is improving toward quality, growth and capital return. Current regime lens: steady_state_low_chaos.","Mock risks: valuation compression, policy/regulatory shocks, dividend sustainability and liquidity stress. Regime suitability requires review. ML dividend-cut probability is elevated. Forecast uncertainty is high; analyst placeholder treats this as Watchlist risk. Forecast distribution has downside skew risk.",Needs review,Mixed,No major mock concern,Dividend quality compounds with stable cash flow.,Moderate total return with risk controls intact.,Macro or governance shock reduces valuation and income confidence.,35.69283229534098,Avoid,0.6930716770465902
SDLF.LSE,Standard Life PLC,"Mock analyst view: quality, dividends and balance-sheet resilience are reviewed against sector risk. Narrative is improving toward quality, growth and capital return. Current regime lens: steady_state_low_chaos.","Mock risks: valuation compression, policy/regulatory shocks, dividend sustainability and liquidity stress. Regime suitability requires review. ML dividend-cut probability is elevated.",Needs review,Mixed,No major mock concern,Dividend quality compounds with stable cash flow.,Moderate total return with risk controls intact.,Macro or governance shock reduces valuation and income confidence.,35.57900021410341,Avoid,0.694209997858966
688036.SHG,Shenzhen Transsion Holdings Co Ltd,"Mock analyst view: quality, dividends and balance-sheet resilience are reviewed against sector risk. Narrative is improving toward quality, growth and capital return. Current regime lens: steady_state_low_chaos.","Mock risks: valuation compression, policy/regulatory shocks, dividend sustainability and liquidity stress. Narrative is reframing toward risk/deterioration. ML dividend-cut probability is elevated. Forecast uncertainty is high; analyst placeholder treats this as Watchlist risk. Forecast distribution has downside skew risk.",Needs review,Mixed,No major mock concern,Dividend quality compounds with stable cash flow.,Moderate total return with risk controls intact.,Macro or governance shock reduces valuation and income confidence.,35.418712134609386,Avoid,0.6958128786539062
RCO.PA,Remy Cointreau,"Mock analyst view: quality, dividends and balance-sheet resilience are reviewed against sector risk. Narrative is improving toward quality, growth and capital return. Current regime lens: steady_state_low_chaos.","Mock risks: valuation compression, policy/regulatory shocks, dividend sustainability and liquidity stress. Regime suitability requires review. ML dividend-cut probability is elevated. Forecast distribution has downside skew risk.",Needs review,Mixed,No major mock concern,Dividend quality compounds with stable cash flow.,Moderate total return with risk controls intact.,Macro or governance shock reduces valuation and income confidence.,35.37498225365404,Avoid,0.6962501774634596
POS.VI,PORR AG,"Mock analyst view: quality, dividends and balance-sheet resilience are reviewed against sector risk. Narrative is improving toward quality, growth and capital return. Current regime lens: steady_state_low_chaos.","Mock risks: valuation compression, policy/regulatory shocks, dividend sustainability and liquidity stress. Distributional ML forecast shows attractive upside but asymmetric downside risk.",Needs review,Mixed,No major mock concern,Dividend quality compounds with stable cash flow.,Moderate total return with risk controls intact.,Macro or governance shock reduces valuation and income confidence.,35.3354026054138,Avoid,0.696645973945862
0177.HK,Jiangsu Expressway Co Ltd,"Mock analyst view: quality, dividends and balance-sheet resilience are reviewed against sector risk. Narrative is improving toward quality, growth and capital return. Current regime lens: steady_state_low_chaos.","Mock risks: valuation compression, policy/regulatory shocks, dividend sustainability and liquidity stress. Narrative is reframing toward risk/deterioration. Regime suitability requires review. ML dividend-cut probability is elevated.",Needs review,Mixed,No major mock concern,Dividend quality compounds with stable cash flow.,Moderate total return with risk controls intact.,Macro or governance shock reduces valuation and income confidence.,35.29292371633103,Avoid,0.6970707628366897
TATE.LSE,Tate & Lyle PLC,"Mock analyst view: quality, dividends and balance-sheet resilience are reviewed against sector risk. Narrative is improving toward quality, growth and capital return. Current regime lens: steady_state_low_chaos.","Mock risks: valuation compression, policy/regulatory shocks, dividend sustainability and liquidity stress. ML dividend-cut probability is elevated. Forecast uncertainty is high; analyst placeholder treats this as Watchlist risk. Forecast distribution has downside skew risk.",Needs review,Mixed,No major mock concern,Dividend quality compounds with stable cash flow.,Moderate total return with risk controls intact.,Macro or governance shock reduces valuation and income confidence.,35.20670348574926,Avoid,0.6979329651425075
LAND.LSE,Land Securities Group PLC,"Mock analyst view: quality, dividends and balance-sheet resilience are reviewed against sector risk. Narrative is improving toward quality, growth and capital return. Current regime lens: steady_state_low_chaos.","Mock risks: valuation compression, policy/regulatory shocks, dividend sustainability and liquidity stress. ML dividend-cut probability is elevated.",Needs review,Mixed,No major mock concern,Dividend quality compounds with stable cash flow.,Moderate total return with risk controls intact.,Macro or governance shock reduces valuation and income confidence.,35.17777877812138,Avoid,0.6982222122187862
S32.LSE,South32 Ltd,"Mock analyst view: quality, dividends and balance-sheet resilience are reviewed against sector risk. Narrative is improving toward quality, growth and capital return. Current regime lens: steady_state_low_chaos.","Mock risks: valuation compression, policy/regulatory shocks, dividend sustainability and liquidity stress. Regime suitability requires review. Forecast uncertainty is high; analyst placeholder treats this as Watchlist risk.",Needs review,Mixed,No major mock concern,Dividend quality compounds with stable cash flow.,Moderate total return with risk controls intact.,Macro or governance shock reduces valuation and income confidence.,35.145591425386264,Avoid,0.6985440857461374
TPK.LSE,Travis Perkins PLC,"Mock analyst view: quality, dividends and balance-sheet resilience are reviewed against sector risk. Current regime lens: steady_state_low_chaos.","Mock risks: valuation compression, policy/regulatory shocks, dividend sustainability and liquidity stress. Narrative is reframing toward risk/deterioration. ML dividend-cut probability is elevated. Forecast distribution has downside skew risk.",Needs review,Mixed,No major mock concern,Dividend quality compounds with stable cash flow.,Moderate total return with risk controls intact.,Macro or governance shock reduces valuation and income confidence.,35.12795232885951,Avoid,0.698720476711405
1157.HK,Zoomlion Heavy Industry,"Mock analyst view: quality, dividends and balance-sheet resilience are reviewed against sector risk. Narrative is improving toward quality, growth and capital return. Current regime lens: steady_state_low_chaos.","Mock risks: valuation compression, policy/regulatory shocks, dividend sustainability and liquidity stress. Regime suitability requires review. ML dividend-cut probability is elevated. Forecast distribution has downside skew risk.",Needs review,Mixed,No major mock concern,Dividend quality compounds with stable cash flow.,Moderate total return with risk controls intact.,Macro or governance shock reduces valuation and income confidence.,35.081395383243816,Avoid,0.6991860461675619
600436.SHG,Zhangzhou Pientzehuang Pharmaceutical Co Ltd,"Mock analyst view: quality, dividends and balance-sheet resilience are reviewed against sector risk. Narrative is improving toward quality, growth and capital return. Current regime lens: steady_state_low_chaos.","Mock risks: valuation compression, policy/regulatory shocks, dividend sustainability and liquidity stress. ML dividend-cut probability is elevated. Forecast distribution has downside skew risk.",Needs review,Mixed,No major mock concern,Dividend quality compounds with stable cash flow.,Moderate total return with risk controls intact.,Macro or governance shock reduces valuation and income confidence.,35.01325413150037,Avoid,0.6998674586849963
HPE.US,Hewlett Packard Enterprise Co,"Mock analyst view: quality, dividends and balance-sheet resilience are reviewed against sector risk. Narrative is improving toward quality, growth and capital return. Current regime lens: steady_state_low_chaos.","Mock risks: valuation compression, policy/regulatory shocks, dividend sustainability and liquidity stress. ML dividend-cut probability is elevated. Forecast uncertainty is high; analyst placeholder treats this as Watchlist risk.",Needs review,Mixed,No major mock concern,Dividend quality compounds with stable cash flow.,Moderate total return with risk controls intact.,Macro or governance shock reduces valuation and income confidence.,34.90813940329546,Avoid,0.7009186059670455
COLO-B.CO,Coloplast A/S,"Mock analyst view: quality, dividends and balance-sheet resilience are reviewed against sector risk. Narrative is improving toward quality, growth and capital return. Current regime lens: steady_state_low_chaos.","Mock risks: valuation compression, policy/regulatory shocks, dividend sustainability and liquidity stress. Regime suitability requires review. ML dividend-cut probability is elevated. Forecast distribution has downside skew risk.",Needs review,Mixed,No major mock concern,Dividend quality compounds with stable cash flow.,Moderate total return with risk controls intact.,Macro or governance shock reduces valuation and income confidence.,34.894991624972285,Avoid,0.7010500837502772
1171.HK,Yankuang Energy Group Co Ltd HK,"Mock analyst view: quality, dividends and balance-sheet resilience are reviewed against sector risk. Narrative is improving toward quality, growth and capital return. Current regime lens: steady_state_low_chaos.","Mock risks: valuation compression, policy/regulatory shocks, dividend sustainability and liquidity stress. Regime suitability requires review. ML dividend-cut probability is elevated. Forecast uncertainty is high; analyst placeholder treats this as Watchlist risk. Forecast distribution has downside skew risk.",Needs review,Mixed,No major mock concern,Dividend quality compounds with stable cash flow.,Moderate total return with risk controls intact.,Macro or governance shock reduces valuation and income confidence.,34.894795211661034,Avoid,0.7010520478833897
BNP.PA,BNP Paribas SA,"Mock analyst view: quality, dividends and balance-sheet resilience are reviewed against sector risk. Narrative is improving toward quality, growth and capital return. Current regime lens: steady_state_low_chaos.","Mock risks: valuation compression, policy/regulatory shocks, dividend sustainability and liquidity stress. Distributional ML forecast shows attractive upside but asymmetric downside risk.",Needs review,Constructive,No major mock concern,Dividend quality compounds with stable cash flow.,Moderate total return with risk controls intact.,Macro or governance shock reduces valuation and income confidence.,34.89045602127527,Avoid,0.7010954397872473
ELV.US,Elevance Health Inc,"Mock analyst view: quality, dividends and balance-sheet resilience are reviewed against sector risk. Narrative is improving toward quality, growth and capital return. Current regime lens: steady_state_low_chaos.","Mock risks: valuation compression, policy/regulatory shocks, dividend sustainability and liquidity stress.",Constructive,Mixed,No major mock concern,Dividend quality compounds with stable cash flow.,Moderate total return with risk controls intact.,Macro or governance shock reduces valuation and income confidence.,34.8117301127963,Avoid,0.701882698872037
600674.SHG,Sichuan Chuantou Energy Co Ltd,"Mock analyst view: quality, dividends and balance-sheet resilience are reviewed against sector risk. Narrative is improving toward quality, growth and capital return. Current regime lens: steady_state_low_chaos.","Mock risks: valuation compression, policy/regulatory shocks, dividend sustainability and liquidity stress. ML dividend-cut probability is elevated.",Needs review,Mixed,No major mock concern,Dividend quality compounds with stable cash flow.,Moderate total return with risk controls intact.,Macro or governance shock reduces valuation and income confidence.,34.69849745651446,Avoid,0.7030150254348555
FORTUM.HE,Fortum Oyj,"Mock analyst view: quality, dividends and balance-sheet resilience are reviewed against sector risk. Narrative is improving toward quality, growth and capital return. Current regime lens: steady_state_low_chaos.","Mock risks: valuation compression, policy/regulatory shocks, dividend sustainability and liquidity stress. Regime suitability requires review. ML dividend-cut probability is elevated.",Needs review,Mixed,No major mock concern,Dividend quality compounds with stable cash flow.,Moderate total return with risk controls intact.,Macro or governance shock reduces valuation and income confidence.,34.63666019218665,Avoid,0.7036333980781335
013A.F,JD.com Inc Adr,"Mock analyst view: quality, dividends and balance-sheet resilience are reviewed against sector risk. Narrative is improving toward quality, growth and capital return. Current regime lens: steady_state_low_chaos.","Mock risks: valuation compression, policy/regulatory shocks, dividend sustainability and liquidity stress. Regime suitability requires review. ML dividend-cut probability is elevated. Forecast distribution has downside skew risk.",Needs review,Mixed,No major mock concern,Dividend quality compounds with stable cash flow.,Moderate total return with risk controls intact.,Macro or governance shock reduces valuation and income confidence.,34.58580101336331,Avoid,0.704141989866367
MTLN.LSE,Metlen Energy & Metals PLC,"Mock analyst view: quality, dividends and balance-sheet resilience are reviewed against sector risk. Narrative is improving toward quality, growth and capital return. Current regime lens: steady_state_low_chaos.","Mock risks: valuation compression, policy/regulatory shocks, dividend sustainability and liquidity stress. Regime suitability requires review. ML dividend-cut probability is elevated. Forecast uncertainty is high; analyst placeholder treats this as Watchlist risk. Forecast distribution has downside skew risk.",Needs review,Mixed,No major mock concern,Dividend quality compounds with stable cash flow.,Moderate total return with risk controls intact.,Macro or governance shock reduces valuation and income confidence.,34.54916190388307,Avoid,0.7045083809611694
JD.US,JD.com Inc Adr,"Mock analyst view: quality, dividends and balance-sheet resilience are reviewed against sector risk. Current regime lens: steady_state_low_chaos.","Mock risks: valuation compression, policy/regulatory shocks, dividend sustainability and liquidity stress. Narrative is reframing toward risk/deterioration. ML dividend-cut probability is elevated.",Needs review,Mixed,No major mock concern,Dividend quality compounds with stable cash flow.,Moderate total return with risk controls intact.,Macro or governance shock reduces valuation and income confidence.,34.54477262206109,Avoid,0.7045522737793891
6806.HK,Shenwan Hongyuan Group Co Ltd,"Mock analyst view: quality, dividends and balance-sheet resilience are reviewed against sector risk. Current regime lens: steady_state_low_chaos.","Mock risks: valuation compression, policy/regulatory shocks, dividend sustainability and liquidity stress. Narrative is reframing toward risk/deterioration. Regime suitability requires review. ML dividend-cut probability is elevated.",Needs review,Mixed,No major mock concern,Dividend quality compounds with stable cash flow.,Moderate total return with risk controls intact.,Macro or governance shock reduces valuation and income confidence.,34.23691448247958,Avoid,0.7076308551752043
CORD.LSE,Cordiant Digital Infrastructure Limited,"Mock analyst view: quality, dividends and balance-sheet resilience are reviewed against sector risk. Current regime lens: steady_state_low_chaos.","Mock risks: valuation compression, policy/regulatory shocks, dividend sustainability and liquidity stress. Narrative is reframing toward risk/deterioration. Regime suitability requires review. ML dividend-cut probability is elevated.",Needs review,Mixed,No major mock concern,Dividend quality compounds with stable cash flow.,Moderate total return with risk controls intact.,Macro or governance shock reduces valuation and income confidence.,34.19344447766376,Avoid,0.7080655552233625
688336.SHG,Sunshine Guojian Pharmaceutical Shanghai Co Ltd,"Mock analyst view: quality, dividends and balance-sheet resilience are reviewed against sector risk. Narrative is improving toward quality, growth and capital return. Current regime lens: steady_state_low_chaos.","Mock risks: valuation compression, policy/regulatory shocks, dividend sustainability and liquidity stress. Forecast uncertainty is high; analyst placeholder treats this as Watchlist risk.",Needs review,Mixed,No major mock concern,Dividend quality compounds with stable cash flow.,Moderate total return with risk controls intact.,Macro or governance shock reduces valuation and income confidence.,34.143368642001775,Avoid,0.7085663135799822
F.US,Ford Motor Company,"Mock analyst view: quality, dividends and balance-sheet resilience are reviewed against sector risk. Narrative is improving toward quality, growth and capital return. Current regime lens: steady_state_low_chaos.","Mock risks: valuation compression, policy/regulatory shocks, dividend sustainability and liquidity stress. ML dividend-cut probability is elevated.",Needs review,Mixed,No major mock concern,Dividend quality compounds with stable cash flow.,Moderate total return with risk controls intact.,Macro or governance shock reduces valuation and income confidence.,34.077317970936,Avoid,0.70922682029064
BAM.US,Brookfield Asset Management Ltd.,"Mock analyst view: quality, dividends and balance-sheet resilience are reviewed against sector risk. Narrative is improving toward quality, growth and capital return. Current regime lens: steady_state_low_chaos.","Mock risks: valuation compression, policy/regulatory shocks, dividend sustainability and liquidity stress. ML dividend-cut probability is elevated. Forecast distribution has downside skew risk.",Needs review,Mixed,No major mock concern,Dividend quality compounds with stable cash flow.,Moderate total return with risk controls intact.,Macro or governance shock reduces valuation and income confidence.,34.031340176422376,Avoid,0.7096865982357763
000157.SHE,Zoomlion Heavy Industry Science and Technology Co Ltd,"Mock analyst view: quality, dividends and balance-sheet resilience are reviewed against sector risk. Narrative is improving toward quality, growth and capital return. Current regime lens: steady_state_low_chaos.","Mock risks: valuation compression, policy/regulatory shocks, dividend sustainability and liquidity stress. ML dividend-cut probability is elevated. Forecast distribution has downside skew risk.",Needs review,Mixed,No major mock concern,Dividend quality compounds with stable cash flow.,Moderate total return with risk controls intact.,Macro or governance shock reduces valuation and income confidence.,34.01925185824168,Avoid,0.7098074814175832
002340.SHE,GEM Co Ltd,"Mock analyst view: quality, dividends and balance-sheet resilience are reviewed against sector risk. Narrative is improving toward quality, growth and capital return. Current regime lens: steady_state_low_chaos.","Mock risks: valuation compression, policy/regulatory shocks, dividend sustainability and liquidity stress. Narrative is reframing toward risk/deterioration. ML dividend-cut probability is elevated. Forecast uncertainty is high; analyst placeholder treats this as Watchlist risk. Forecast distribution has downside skew risk.",Needs review,Mixed,No major mock concern,Dividend quality compounds with stable cash flow.,Moderate total return with risk controls intact.,Macro or governance shock reduces valuation and income confidence.,34.00901698547037,Avoid,0.7099098301452964
KESKOB.HE,Kesko Oyj,"Mock analyst view: quality, dividends and balance-sheet resilience are reviewed against sector risk. Current regime lens: steady_state_low_chaos.","Mock risks: valuation compression, policy/regulatory shocks, dividend sustainability and liquidity stress. Narrative is reframing toward risk/deterioration. ML dividend-cut probability is elevated.",Needs review,Mixed,No major mock concern,Dividend quality compounds with stable cash flow.,Moderate total return with risk controls intact.,Macro or governance shock reduces valuation and income confidence.,33.96766177035815,Avoid,0.7103233822964186
600958.SHG,Orient Sec Co Ltd,"Mock analyst view: quality, dividends and balance-sheet resilience are reviewed against sector risk. Narrative is improving toward quality, growth and capital return. Current regime lens: steady_state_low_chaos.","Mock risks: valuation compression, policy/regulatory shocks, dividend sustainability and liquidity stress. ML dividend-cut probability is elevated.",Needs review,Mixed,No major mock concern,Dividend quality compounds with stable cash flow.,Moderate total return with risk controls intact.,Macro or governance shock reduces valuation and income confidence.,33.957850415635036,Avoid,0.7104214958436497
600025.SHG,Huaneng Lancang River Hydropower Inc Class A,"Mock analyst view: quality, dividends and balance-sheet resilience are reviewed against sector risk. Narrative is improving toward quality, growth and capital return. Current regime lens: steady_state_low_chaos.","Mock risks: valuation compression, policy/regulatory shocks, dividend sustainability and liquidity stress. ML dividend-cut probability is elevated.",Needs review,Mixed,No major mock concern,Dividend quality compounds with stable cash flow.,Moderate total return with risk controls intact.,Macro or governance shock reduces valuation and income confidence.,33.93999270493458,Avoid,0.7106000729506542
DE.US,Deere & Company,"Mock analyst view: quality, dividends and balance-sheet resilience are reviewed against sector risk. Narrative is improving toward quality, growth and capital return. Current regime lens: steady_state_low_chaos.","Mock risks: valuation compression, policy/regulatory shocks, dividend sustainability and liquidity stress. ML dividend-cut probability is elevated.",Needs review,Mixed,No major mock concern,Dividend quality compounds with stable cash flow.,Moderate total return with risk controls intact.,Macro or governance shock reduces valuation and income confidence.,33.80859297084109,Avoid,0.7119140702915892
PSH.LSE,Pershing Square Holdings Ltd,"Mock analyst view: quality, dividends and balance-sheet resilience are reviewed against sector risk. Current regime lens: steady_state_low_chaos.","Mock risks: valuation compression, policy/regulatory shocks, dividend sustainability and liquidity stress. Narrative is reframing toward risk/deterioration. Regime suitability requires review. ML dividend-cut probability is elevated.",Needs review,Mixed,No major mock concern,Dividend quality compounds with stable cash flow.,Moderate total return with risk controls intact.,Macro or governance shock reduces valuation and income confidence.,33.78236688538512,Avoid,0.7121763311461489
601126.SHG,Beijing Sifang Automation Co Ltd,"Mock analyst view: quality, dividends and balance-sheet resilience are reviewed against sector risk. Narrative is improving toward quality, growth and capital return. Current regime lens: steady_state_low_chaos.","Mock risks: valuation compression, policy/regulatory shocks, dividend sustainability and liquidity stress. Forecast uncertainty is high; analyst placeholder treats this as Watchlist risk.",Needs review,Mixed,No major mock concern,Dividend quality compounds with stable cash flow.,Moderate total return with risk controls intact.,Macro or governance shock reduces valuation and income confidence.,33.76238246802994,Avoid,0.7123761753197007
BG.VI,BAWAG Group AG,"Mock analyst view: quality, dividends and balance-sheet resilience are reviewed against sector risk. Current regime lens: steady_state_low_chaos.","Mock risks: valuation compression, policy/regulatory shocks, dividend sustainability and liquidity stress. Narrative is reframing toward risk/deterioration. Credit/refinancing pressure is increasingly central to the equity story. Regime suitability requires review. ML dividend-cut probability is elevated. Forecast distribution has downside skew risk.",Needs review,Mixed,No major mock concern,Dividend quality compounds with stable cash flow.,Moderate total return with risk controls intact.,Macro or governance shock reduces valuation and income confidence.,33.71927716685219,Avoid,0.7128072283314781
2423.HK,Ke Holdings Inc,"Mock analyst view: quality, dividends and balance-sheet resilience are reviewed against sector risk. Narrative is improving toward quality, growth and capital return. Current regime lens: steady_state_low_chaos.","Mock risks: valuation compression, policy/regulatory shocks, dividend sustainability and liquidity stress. Regime suitability requires review. ML dividend-cut probability is elevated. Forecast uncertainty is high; analyst placeholder treats this as Watchlist risk. Forecast distribution has downside skew risk.",Needs review,Mixed,No major mock concern,Dividend quality compounds with stable cash flow.,Moderate total return with risk controls intact.,Macro or governance shock reduces valuation and income confidence.,33.65279502457803,Avoid,0.7134720497542197
601138.SHG,Foxconn Industrial Internet Co Ltd,"Mock analyst view: quality, dividends and balance-sheet resilience are reviewed against sector risk. Narrative is improving toward quality, growth and capital return. Current regime lens: steady_state_low_chaos.","Mock risks: valuation compression, policy/regulatory shocks, dividend sustainability and liquidity stress. ML dividend-cut probability is elevated. Forecast uncertainty is high; analyst placeholder treats this as Watchlist risk. Forecast distribution has downside skew risk.",Needs review,Mixed,No major mock concern,Dividend quality compounds with stable cash flow.,Moderate total return with risk controls intact.,Macro or governance shock reduces valuation and income confidence.,33.642606903745516,Avoid,0.7135739309625448
300498.SHE,Guangdong Wens Foodstuff Group Co Ltd,"Mock analyst view: quality, dividends and balance-sheet resilience are reviewed against sector risk. Narrative is improving toward quality, growth and capital return. Current regime lens: steady_state_low_chaos.","Mock risks: valuation compression, policy/regulatory shocks, dividend sustainability and liquidity stress. ML dividend-cut probability is elevated. Forecast distribution has downside skew risk.",Needs review,Mixed,No major mock concern,Dividend quality compounds with stable cash flow.,Moderate total return with risk controls intact.,Macro or governance shock reduces valuation and income confidence.,33.62982120865557,Avoid,0.7137017879134443
1776.HK,GF Securities Co Ltd,"Mock analyst view: quality, dividends and balance-sheet resilience are reviewed against sector risk. Narrative is improving toward quality, growth and capital return. Current regime lens: steady_state_low_chaos.","Mock risks: valuation compression, policy/regulatory shocks, dividend sustainability and liquidity stress. Regime suitability requires review. ML dividend-cut probability is elevated. Forecast uncertainty is high; analyst placeholder treats this as Watchlist risk. Forecast distribution has downside skew risk.",Needs review,Mixed,No major mock concern,Dividend quality compounds with stable cash flow.,Moderate total return with risk controls intact.,Macro or governance shock reduces valuation and income confidence.,33.57679791454348,Avoid,0.7142320208545653
8TRA.ST,Traton SE,"Mock analyst view: quality, dividends and balance-sheet resilience are reviewed against sector risk. Current regime lens: steady_state_low_chaos.","Mock risks: valuation compression, policy/regulatory shocks, dividend sustainability and liquidity stress. Narrative is reframing toward risk/deterioration. Regime suitability requires review. ML dividend-cut probability is elevated. Forecast distribution has downside skew risk.",Constructive,Mixed,No major mock concern,Dividend quality compounds with stable cash flow.,Moderate total return with risk controls intact.,Macro or governance shock reduces valuation and income confidence.,33.56336763680682,Avoid,0.7143663236319319
600028.SHG,China Petroleum & Chemical Corp Class A,"Mock analyst view: quality, dividends and balance-sheet resilience are reviewed against sector risk. Narrative is improving toward quality, growth and capital return. Current regime lens: steady_state_low_chaos.","Mock risks: valuation compression, policy/regulatory shocks, dividend sustainability and liquidity stress. ML dividend-cut probability is elevated.",Needs review,Mixed,No major mock concern,Dividend quality compounds with stable cash flow.,Moderate total return with risk controls intact.,Macro or governance shock reduces valuation and income confidence.,33.54953175029594,Avoid,0.7145046824970407
600392.SHG,Shenghe Resources Holding Co Ltd,"Mock analyst view: quality, dividends and balance-sheet resilience are reviewed against sector risk. Narrative is improving toward quality, growth and capital return. Current regime lens: steady_state_low_chaos.","Mock risks: valuation compression, policy/regulatory shocks, dividend sustainability and liquidity stress. ML dividend-cut probability is elevated. Forecast uncertainty is high; analyst placeholder treats this as Watchlist risk. Forecast distribution has downside skew risk.",Needs review,Mixed,No major mock concern,Dividend quality compounds with stable cash flow.,Moderate total return with risk controls intact.,Macro or governance shock reduces valuation and income confidence.,33.520674536463005,Avoid,0.71479325463537
601916.SHG,China Zheshang Bank Co Ltd,"Mock analyst view: quality, dividends and balance-sheet resilience are reviewed against sector risk. Narrative is improving toward quality, growth and capital return. Current regime lens: steady_state_low_chaos.","Mock risks: valuation compression, policy/regulatory shocks, dividend sustainability and liquidity stress. Regime suitability requires review. ML dividend-cut probability is elevated.",Needs review,Mixed,No major mock concern,Dividend quality compounds with stable cash flow.,Moderate total return with risk controls intact.,Macro or governance shock reduces valuation and income confidence.,33.49445915988235,Avoid,0.7150554084011765
ENT.LSE,Entain PLC,"Mock analyst view: quality, dividends and balance-sheet resilience are reviewed against sector risk. Current regime lens: steady_state_low_chaos.","Mock risks: valuation compression, policy/regulatory shocks, dividend sustainability and liquidity stress. ML dividend-cut probability is elevated. Forecast uncertainty is high; analyst placeholder treats this as Watchlist risk. Forecast distribution has downside skew risk.",Needs review,Mixed,No major mock concern,Dividend quality compounds with stable cash flow.,Moderate total return with risk controls intact.,Macro or governance shock reduces valuation and income confidence.,33.481185924324336,Avoid,0.7151881407567566
2698.HK,Softcare Ltd,"Mock analyst view: quality, dividends and balance-sheet resilience are reviewed against sector risk. Narrative is improving toward quality, growth and capital return. Current regime lens: steady_state_low_chaos.","Mock risks: valuation compression, policy/regulatory shocks, dividend sustainability and liquidity stress. Regime suitability requires review. Distributional ML forecast shows attractive upside but asymmetric downside risk. Forecast uncertainty is high; analyst placeholder treats this as Watchlist risk.",Needs review,Mixed,No major mock concern,Dividend quality compounds with stable cash flow.,Moderate total return with risk controls intact.,Macro or governance shock reduces valuation and income confidence.,33.46005551150029,Avoid,0.7153994448849971
ING.US,ING Group NV ADR,"Mock analyst view: quality, dividends and balance-sheet resilience are reviewed against sector risk. Narrative is improving toward quality, growth and capital return. Current regime lens: steady_state_low_chaos.","Mock risks: valuation compression, policy/regulatory shocks, dividend sustainability and liquidity stress. ML dividend-cut probability is elevated.",Needs review,Mixed,No major mock concern,Dividend quality compounds with stable cash flow.,Moderate total return with risk controls intact.,Macro or governance shock reduces valuation and income confidence.,33.45091718680299,Avoid,0.7154908281319702
NN.AS,NN Group NV,"Mock analyst view: quality, dividends and balance-sheet resilience are reviewed against sector risk. Current regime lens: steady_state_low_chaos.","Mock risks: valuation compression, policy/regulatory shocks, dividend sustainability and liquidity stress. Narrative is reframing toward risk/deterioration. Credit/refinancing pressure is increasingly central to the equity story. Regime suitability requires review. ML dividend-cut probability is elevated. Forecast distribution has downside skew risk.",Needs review,Mixed,No major mock concern,Dividend quality compounds with stable cash flow.,Moderate total return with risk controls intact.,Macro or governance shock reduces valuation and income confidence.,33.40584168407105,Avoid,0.7159415831592896
0586.HK,China Conch Venture Hldgs Ltd,"Mock analyst view: quality, dividends and balance-sheet resilience are reviewed against sector risk. Narrative is improving toward quality, growth and capital return. Current regime lens: steady_state_low_chaos.","Mock risks: valuation compression, policy/regulatory shocks, dividend sustainability and liquidity stress. Narrative is reframing toward risk/deterioration. Regime suitability requires review. ML dividend-cut probability is elevated. Forecast uncertainty is high; analyst placeholder treats this as Watchlist risk. Forecast distribution has downside skew risk.",Needs review,Mixed,No major mock concern,Dividend quality compounds with stable cash flow.,Moderate total return with risk controls intact.,Macro or governance shock reduces valuation and income confidence.,33.34696106499729,Avoid,0.7165303893500272
HSX.LSE,Hiscox Ltd,"Mock analyst view: quality, dividends and balance-sheet resilience are reviewed against sector risk. Narrative is improving toward quality, growth and capital return. Current regime lens: steady_state_low_chaos.","Mock risks: valuation compression, policy/regulatory shocks, dividend sustainability and liquidity stress. Narrative is reframing toward risk/deterioration. Regime suitability requires review. ML dividend-cut probability is elevated.",Needs review,Mixed,No major mock concern,Dividend quality compounds with stable cash flow.,Moderate total return with risk controls intact.,Macro or governance shock reduces valuation and income confidence.,33.25475952128509,Avoid,0.7174524047871491
0019.HK,Swire Pacific A,"Mock analyst view: quality, dividends and balance-sheet resilience are reviewed against sector risk. Narrative is improving toward quality, growth and capital return. Current regime lens: steady_state_low_chaos.","Mock risks: valuation compression, policy/regulatory shocks, dividend sustainability and liquidity stress. Regime suitability requires review. ML dividend-cut probability is elevated. Forecast distribution has downside skew risk.",Needs review,Mixed,No major mock concern,Dividend quality compounds with stable cash flow.,Moderate total return with risk controls intact.,Macro or governance shock reduces valuation and income confidence.,33.2052787379627,Avoid,0.717947212620373
LYG.US,Lloyds Banking Group PLC ADR,"Mock analyst view: quality, dividends and balance-sheet resilience are reviewed against sector risk. Narrative is improving toward quality, growth and capital return. Current regime lens: steady_state_low_chaos.","Mock risks: valuation compression, policy/regulatory shocks, dividend sustainability and liquidity stress. ML dividend-cut probability is elevated.",Needs review,Mixed,No major mock concern,Dividend quality compounds with stable cash flow.,Moderate total return with risk controls intact.,Macro or governance shock reduces valuation and income confidence.,33.160353232332284,Avoid,0.7183964676766772
0066.HK,MTR Corp Ltd,"Mock analyst view: quality, dividends and balance-sheet resilience are reviewed against sector risk. Narrative is improving toward quality, growth and capital return. Current regime lens: steady_state_low_chaos.","Mock risks: valuation compression, policy/regulatory shocks, dividend sustainability and liquidity stress. Regime suitability requires review. ML dividend-cut probability is elevated.",Needs review,Mixed,No major mock concern,Dividend quality compounds with stable cash flow.,Moderate total return with risk controls intact.,Macro or governance shock reduces valuation and income confidence.,33.03060065462757,Avoid,0.7196939934537243
PAG.LSE,Paragon Banking Group PLC,"Mock analyst view: quality, dividends and balance-sheet resilience are reviewed against sector risk. Narrative is improving toward quality, growth and capital return. Current regime lens: steady_state_low_chaos.","Mock risks: valuation compression, policy/regulatory shocks, dividend sustainability and liquidity stress. Regime suitability requires review. ML dividend-cut probability is elevated. Forecast distribution has downside skew risk.",Needs review,Mixed,No major mock concern,Dividend quality compounds with stable cash flow.,Moderate total return with risk controls intact.,Macro or governance shock reduces valuation and income confidence.,32.920912380946355,Avoid,0.7207908761905365
MNDI.LSE,Mondi PLC,"Mock analyst view: quality, dividends and balance-sheet resilience are reviewed against sector risk. Narrative is improving toward quality, growth and capital return. Current regime lens: steady_state_low_chaos.","Mock risks: valuation compression, policy/regulatory shocks, dividend sustainability and liquidity stress. ML dividend-cut probability is elevated. Forecast distribution has downside skew risk.",Needs review,Mixed,No major mock concern,Dividend quality compounds with stable cash flow.,Moderate total return with risk controls intact.,Macro or governance shock reduces valuation and income confidence.,32.8680856836701,Avoid,0.721319143163299
MS.US,Morgan Stanley,"Mock analyst view: quality, dividends and balance-sheet resilience are reviewed against sector risk. Narrative is improving toward quality, growth and capital return. Current regime lens: steady_state_low_chaos.","Mock risks: valuation compression, policy/regulatory shocks, dividend sustainability and liquidity stress. ML dividend-cut probability is elevated.",Needs review,Mixed,No major mock concern,Dividend quality compounds with stable cash flow.,Moderate total return with risk controls intact.,Macro or governance shock reduces valuation and income confidence.,32.7556745098964,Avoid,0.722443254901036
BKT.MC,Bankinter,"Mock analyst view: quality, dividends and balance-sheet resilience are reviewed against sector risk. Narrative is improving toward quality, growth and capital return. Current regime lens: steady_state_low_chaos.","Mock risks: valuation compression, policy/regulatory shocks, dividend sustainability and liquidity stress. ML dividend-cut probability is elevated.",Needs review,Mixed,No major mock concern,Dividend quality compounds with stable cash flow.,Moderate total return with risk controls intact.,Macro or governance shock reduces valuation and income confidence.,32.72225573616535,Avoid,0.7227774426383465
ACX.MC,Acerinox,"Mock analyst view: quality, dividends and balance-sheet resilience are reviewed against sector risk. Narrative is improving toward quality, growth and capital return. Current regime lens: steady_state_low_chaos.","Mock risks: valuation compression, policy/regulatory shocks, dividend sustainability and liquidity stress. ML dividend-cut probability is elevated. Forecast distribution has downside skew risk.",Needs review,Mixed,No major mock concern,Dividend quality compounds with stable cash flow.,Moderate total return with risk controls intact.,Macro or governance shock reduces valuation and income confidence.,32.703297353947235,Avoid,0.7229670264605277
WMB.US,Williams Companies Inc,"Mock analyst view: quality, dividends and balance-sheet resilience are reviewed against sector risk. Current regime lens: steady_state_low_chaos.","Mock risks: valuation compression, policy/regulatory shocks, dividend sustainability and liquidity stress. ML dividend-cut probability is elevated.",Needs review,Mixed,No major mock concern,Dividend quality compounds with stable cash flow.,Moderate total return with risk controls intact.,Macro or governance shock reduces valuation and income confidence.,32.70303012150819,Avoid,0.7229696987849181
WTB.LSE,Whitbread PLC,"Mock analyst view: quality, dividends and balance-sheet resilience are reviewed against sector risk. Narrative is improving toward quality, growth and capital return. Current regime lens: steady_state_low_chaos.","Mock risks: valuation compression, policy/regulatory shocks, dividend sustainability and liquidity stress. ML dividend-cut probability is elevated. Forecast distribution has downside skew risk.",Needs review,Mixed,No major mock concern,Dividend quality compounds with stable cash flow.,Moderate total return with risk controls intact.,Macro or governance shock reduces valuation and income confidence.,32.68013311268204,Avoid,0.7231986688731796
UTG.LSE,Unite Group PLC,"Mock analyst view: quality, dividends and balance-sheet resilience are reviewed against sector risk. Narrative is improving toward quality, growth and capital return. Current regime lens: steady_state_low_chaos.","Mock risks: valuation compression, policy/regulatory shocks, dividend sustainability and liquidity stress. Regime suitability requires review. ML dividend-cut probability is elevated. Forecast distribution has downside skew risk.",Needs review,Mixed,No major mock concern,Dividend quality compounds with stable cash flow.,Moderate total return with risk controls intact.,Macro or governance shock reduces valuation and income confidence.,32.66010413107982,Avoid,0.7233989586892018
0354.HK,ChinaSoft International Ltd,"Mock analyst view: quality, dividends and balance-sheet resilience are reviewed against sector risk. Narrative is improving toward quality, growth and capital return. Current regime lens: steady_state_low_chaos.","Mock risks: valuation compression, policy/regulatory shocks, dividend sustainability and liquidity stress. Regime suitability requires review. ML dividend-cut probability is elevated. Forecast uncertainty is high; analyst placeholder treats this as Watchlist risk. Forecast distribution has downside skew risk.",Needs review,Mixed,No major mock concern,Dividend quality compounds with stable cash flow.,Moderate total return with risk controls intact.,Macro or governance shock reduces valuation and income confidence.,32.636742601535644,Avoid,0.7236325739846436
AEP.US,American Electric Power Co Inc,"Mock analyst view: quality, dividends and balance-sheet resilience are reviewed against sector risk. Narrative is improving toward quality, growth and capital return. Current regime lens: steady_state_low_chaos.","Mock risks: valuation compression, policy/regulatory shocks, dividend sustainability and liquidity stress. ML dividend-cut probability is elevated.",Needs review,Mixed,No major mock concern,Dividend quality compounds with stable cash flow.,Moderate total return with risk controls intact.,Macro or governance shock reduces valuation and income confidence.,32.63144073599339,Avoid,0.7236855926400662
BMW.XETRA,Bayerische Motoren Werke Aktiengesellschaft,"Mock analyst view: quality, dividends and balance-sheet resilience are reviewed against sector risk. Narrative is improving toward quality, growth and capital return. Current regime lens: steady_state_low_chaos.","Mock risks: valuation compression, policy/regulatory shocks, dividend sustainability and liquidity stress. ML dividend-cut probability is elevated. Forecast distribution has downside skew risk.",Needs review,Mixed,No major mock concern,Dividend quality compounds with stable cash flow.,Moderate total return with risk controls intact.,Macro or governance shock reduces valuation and income confidence.,32.559050734048576,Avoid,0.7244094926595143
3311.HK,China State Construction International Holdings Ltd,"Mock analyst view: quality, dividends and balance-sheet resilience are reviewed against sector risk. Narrative is improving toward quality, growth and capital return. Current regime lens: steady_state_low_chaos.","Mock risks: valuation compression, policy/regulatory shocks, dividend sustainability and liquidity stress. ML dividend-cut probability is elevated. Forecast distribution has downside skew risk.",Needs review,Mixed,No major mock concern,Dividend quality compounds with stable cash flow.,Moderate total return with risk controls intact.,Macro or governance shock reduces valuation and income confidence.,32.45504318417282,Avoid,0.7254495681582718
NA9.XETRA,Nagarro SE,"Mock analyst view: quality, dividends and balance-sheet resilience are reviewed against sector risk. Current regime lens: steady_state_low_chaos.","Mock risks: valuation compression, policy/regulatory shocks, dividend sustainability and liquidity stress. Narrative is reframing toward risk/deterioration. Distributional ML forecast shows attractive upside but asymmetric downside risk. Forecast uncertainty is high; analyst placeholder treats this as Watchlist risk.",Needs review,Constructive,No major mock concern,Dividend quality compounds with stable cash flow.,Moderate total return with risk controls intact.,Macro or governance shock reduces valuation and income confidence.,32.37843218885632,Avoid,0.7262156781114368
AMUN.PA,Amundi SA,"Mock analyst view: quality, dividends and balance-sheet resilience are reviewed against sector risk. Narrative is improving toward quality, growth and capital return. Current regime lens: steady_state_low_chaos.","Mock risks: valuation compression, policy/regulatory shocks, dividend sustainability and liquidity stress. Distributional ML forecast shows attractive upside but asymmetric downside risk.",Needs review,Constructive,No major mock concern,Dividend quality compounds with stable cash flow.,Moderate total return with risk controls intact.,Macro or governance shock reduces valuation and income confidence.,32.324176129097225,Avoid,0.7267582387090278
ENG.MC,Enagás S.A.,"Mock analyst view: quality, dividends and balance-sheet resilience are reviewed against sector risk. Narrative is improving toward quality, growth and capital return. Current regime lens: steady_state_low_chaos.","Mock risks: valuation compression, policy/regulatory shocks, dividend sustainability and liquidity stress. Regime suitability requires review. ML dividend-cut probability is elevated.",Needs review,Mixed,No major mock concern,Dividend quality compounds with stable cash flow.,Moderate total return with risk controls intact.,Macro or governance shock reduces valuation and income confidence.,32.22567427970719,Avoid,0.7277432572029281
INVP.LSE,Investec PLC,"Mock analyst view: quality, dividends and balance-sheet resilience are reviewed against sector risk. Narrative is improving toward quality, growth and capital return. Current regime lens: steady_state_low_chaos.","Mock risks: valuation compression, policy/regulatory shocks, dividend sustainability and liquidity stress. ML dividend-cut probability is elevated. Forecast distribution has downside skew risk.",Needs review,Mixed,No major mock concern,Dividend quality compounds with stable cash flow.,Moderate total return with risk controls intact.,Macro or governance shock reduces valuation and income confidence.,32.19620713462975,Avoid,0.7280379286537025
XEL.US,Xcel Energy Inc,"Mock analyst view: quality, dividends and balance-sheet resilience are reviewed against sector risk. Narrative is improving toward quality, growth and capital return. Current regime lens: steady_state_low_chaos.","Mock risks: valuation compression, policy/regulatory shocks, dividend sustainability and liquidity stress. ML dividend-cut probability is elevated.",Needs review,Mixed,No major mock concern,Dividend quality compounds with stable cash flow.,Moderate total return with risk controls intact.,Macro or governance shock reduces valuation and income confidence.,32.11233531051483,Avoid,0.7288766468948518
MMM.US,3M Company,"Mock analyst view: quality, dividends and balance-sheet resilience are reviewed against sector risk. Current regime lens: steady_state_low_chaos.","Mock risks: valuation compression, policy/regulatory shocks, dividend sustainability and liquidity stress. ML dividend-cut probability is elevated.",Needs review,Mixed,No major mock concern,Dividend quality compounds with stable cash flow.,Moderate total return with risk controls intact.,Macro or governance shock reduces valuation and income confidence.,32.08234846425637,Avoid,0.7291765153574363
2208.HK,Xinjiang Goldwind Science & Technology Co Ltd,"Mock analyst view: quality, dividends and balance-sheet resilience are reviewed against sector risk. Narrative is improving toward quality, growth and capital return. Current regime lens: steady_state_low_chaos.","Mock risks: valuation compression, policy/regulatory shocks, dividend sustainability and liquidity stress. Regime suitability requires review. ML dividend-cut probability is elevated. Forecast uncertainty is high; analyst placeholder treats this as Watchlist risk. Forecast distribution has downside skew risk.",Needs review,Mixed,No major mock concern,Dividend quality compounds with stable cash flow.,Moderate total return with risk controls intact.,Macro or governance shock reduces valuation and income confidence.,31.92016295228182,Avoid,0.7307983704771819
ADP.PA,Aeroports de Paris SA,"Mock analyst view: quality, dividends and balance-sheet resilience are reviewed against sector risk. Narrative is improving toward quality, growth and capital return. Current regime lens: steady_state_low_chaos.","Mock risks: valuation compression, policy/regulatory shocks, dividend sustainability and liquidity stress. Regime suitability requires review. ML dividend-cut probability is elevated.",Needs review,Mixed,No major mock concern,Dividend quality compounds with stable cash flow.,Moderate total return with risk controls intact.,Macro or governance shock reduces valuation and income confidence.,31.902674567367484,Avoid,0.7309732543263252
601077.SHG,Chongqing Rural Commercial Bank Co,"Mock analyst view: quality, dividends and balance-sheet resilience are reviewed against sector risk. Narrative is improving toward quality, growth and capital return. Current regime lens: steady_state_low_chaos.","Mock risks: valuation compression, policy/regulatory shocks, dividend sustainability and liquidity stress. ML dividend-cut probability is elevated.",Needs review,Mixed,No major mock concern,Dividend quality compounds with stable cash flow.,Moderate total return with risk controls intact.,Macro or governance shock reduces valuation and income confidence.,31.900816478353455,Avoid,0.7309918352164655
601872.SHG,China Merchants Energy Shipping Co Ltd,"Mock analyst view: quality, dividends and balance-sheet resilience are reviewed against sector risk. Narrative is improving toward quality, growth and capital return. Current regime lens: steady_state_low_chaos.","Mock risks: valuation compression, policy/regulatory shocks, dividend sustainability and liquidity stress. ML dividend-cut probability is elevated. Forecast uncertainty is high; analyst placeholder treats this as Watchlist risk. Forecast distribution has downside skew risk.",Needs review,Mixed,No major mock concern,Dividend quality compounds with stable cash flow.,Moderate total return with risk controls intact.,Macro or governance shock reduces valuation and income confidence.,31.89308688731355,Avoid,0.7310691311268646
EZJ.LSE,EasyJet PLC,"Mock analyst view: quality, dividends and balance-sheet resilience are reviewed against sector risk. Narrative is improving toward quality, growth and capital return. Current regime lens: steady_state_low_chaos.","Mock risks: valuation compression, policy/regulatory shocks, dividend sustainability and liquidity stress. Distributional ML forecast shows attractive upside but asymmetric downside risk. Forecast uncertainty is high; analyst placeholder treats this as Watchlist risk.",Needs review,Constructive,No major mock concern,Dividend quality compounds with stable cash flow.,Moderate total return with risk controls intact.,Macro or governance shock reduces valuation and income confidence.,31.89097572759782,Avoid,0.7310902427240218
300748.SHE,Jl Mag Rare-Earth Co Ltd Class A,"Mock analyst view: quality, dividends and balance-sheet resilience are reviewed against sector risk. Narrative is improving toward quality, growth and capital return. Current regime lens: steady_state_low_chaos.","Mock risks: valuation compression, policy/regulatory shocks, dividend sustainability and liquidity stress. ML dividend-cut probability is elevated. Forecast uncertainty is high; analyst placeholder treats this as Watchlist risk. Forecast distribution has downside skew risk.",Needs review,Mixed,No major mock concern,Dividend quality compounds with stable cash flow.,Moderate total return with risk controls intact.,Macro or governance shock reduces valuation and income confidence.,31.890118206425647,Avoid,0.7310988179357436
0358.HK,Jiangxi Copper,"Mock analyst view: quality, dividends and balance-sheet resilience are reviewed against sector risk. Narrative is improving toward quality, growth and capital return. Current regime lens: steady_state_low_chaos.","Mock risks: valuation compression, policy/regulatory shocks, dividend sustainability and liquidity stress. Narrative is reframing toward risk/deterioration. Regime suitability requires review. ML dividend-cut probability is elevated. Forecast uncertainty is high; analyst placeholder treats this as Watchlist risk. Forecast distribution has downside skew risk.",Needs review,Mixed,No major mock concern,Dividend quality compounds with stable cash flow.,Moderate total return with risk controls intact.,Macro or governance shock reduces valuation and income confidence.,31.885685408537874,Avoid,0.7311431459146213
HUBN.SW,Huber+suhner AG,"Mock analyst view: quality, dividends and balance-sheet resilience are reviewed against sector risk. Current regime lens: steady_state_low_chaos.","Mock risks: valuation compression, policy/regulatory shocks, dividend sustainability and liquidity stress. Narrative is reframing toward risk/deterioration. Regime suitability requires review. Forecast uncertainty is high; analyst placeholder treats this as Watchlist risk.",Needs review,Mixed,No major mock concern,Dividend quality compounds with stable cash flow.,Moderate total return with risk controls intact.,Macro or governance shock reduces valuation and income confidence.,31.88017613745363,Avoid,0.7311982386254637
LAND.SW,Landis+Gyr Group AG,"Mock analyst view: quality, dividends and balance-sheet resilience are reviewed against sector risk. Narrative is improving toward quality, growth and capital return. Current regime lens: steady_state_low_chaos.","Mock risks: valuation compression, policy/regulatory shocks, dividend sustainability and liquidity stress. Regime suitability requires review. ML dividend-cut probability is elevated. Forecast distribution has downside skew risk.",Needs review,Mixed,No major mock concern,Dividend quality compounds with stable cash flow.,Moderate total return with risk controls intact.,Macro or governance shock reduces valuation and income confidence.,31.863901052044255,Avoid,0.7313609894795575
000063.SHE,ZTE Corp,"Mock analyst view: quality, dividends and balance-sheet resilience are reviewed against sector risk. Narrative is improving toward quality, growth and capital return. Current regime lens: steady_state_low_chaos.","Mock risks: valuation compression, policy/regulatory shocks, dividend sustainability and liquidity stress. ML dividend-cut probability is elevated. Forecast uncertainty is high; analyst placeholder treats this as Watchlist risk. Forecast distribution has downside skew risk.",Needs review,Mixed,No major mock concern,Dividend quality compounds with stable cash flow.,Moderate total return with risk controls intact.,Macro or governance shock reduces valuation and income confidence.,31.83314116918008,Avoid,0.7316685883081993
FRA.XETRA,Fraport AG,"Mock analyst view: quality, dividends and balance-sheet resilience are reviewed against sector risk. Narrative is improving toward quality, growth and capital return. Current regime lens: steady_state_low_chaos.","Mock risks: valuation compression, policy/regulatory shocks, dividend sustainability and liquidity stress. Distributional ML forecast shows attractive upside but asymmetric downside risk.",Needs review,Mixed,No major mock concern,Dividend quality compounds with stable cash flow.,Moderate total return with risk controls intact.,Macro or governance shock reduces valuation and income confidence.,31.811250202774175,Avoid,0.7318874979722583
NEE.US,Nextera Energy Inc,"Mock analyst view: quality, dividends and balance-sheet resilience are reviewed against sector risk. Current regime lens: steady_state_low_chaos.","Mock risks: valuation compression, policy/regulatory shocks, dividend sustainability and liquidity stress. Narrative is reframing toward risk/deterioration. ML dividend-cut probability is elevated.",Needs review,Mixed,No major mock concern,Dividend quality compounds with stable cash flow.,Moderate total return with risk controls intact.,Macro or governance shock reduces valuation and income confidence.,31.750669124792665,Avoid,0.7324933087520734
NSIS-B.CO,Novonesis (Novozymes) A/S,"Mock analyst view: quality, dividends and balance-sheet resilience are reviewed against sector risk. Narrative is improving toward quality, growth and capital return. Current regime lens: steady_state_low_chaos.","Mock risks: valuation compression, policy/regulatory shocks, dividend sustainability and liquidity stress.",Needs review,Mixed,No major mock concern,Dividend quality compounds with stable cash flow.,Moderate total return with risk controls intact.,Macro or governance shock reduces valuation and income confidence.,31.686306839279112,Avoid,0.7331369316072089
0836.HK,China Resources Power Holding,"Mock analyst view: quality, dividends and balance-sheet resilience are reviewed against sector risk. Narrative is improving toward quality, growth and capital return. Current regime lens: steady_state_low_chaos.","Mock risks: valuation compression, policy/regulatory shocks, dividend sustainability and liquidity stress. ML dividend-cut probability is elevated. Forecast distribution has downside skew risk.",Needs review,Mixed,No major mock concern,Dividend quality compounds with stable cash flow.,Moderate total return with risk controls intact.,Macro or governance shock reduces valuation and income confidence.,31.671734047329878,Avoid,0.7332826595267012
CMCX.LSE,CMC Markets PLC,"Mock analyst view: quality, dividends and balance-sheet resilience are reviewed against sector risk. Narrative is improving toward quality, growth and capital return. Current regime lens: steady_state_low_chaos.","Mock risks: valuation compression, policy/regulatory shocks, dividend sustainability and liquidity stress. Regime suitability requires review. ML dividend-cut probability is elevated. Forecast uncertainty is high; analyst placeholder treats this as Watchlist risk.",Needs review,Mixed,No major mock concern,Dividend quality compounds with stable cash flow.,Moderate total return with risk controls intact.,Macro or governance shock reduces valuation and income confidence.,31.63819812078485,Avoid,0.7336180187921515
TRIG.LSE,Renewables Infrastructure Grp,"Mock analyst view: quality, dividends and balance-sheet resilience are reviewed against sector risk. Current regime lens: steady_state_low_chaos.","Mock risks: valuation compression, policy/regulatory shocks, dividend sustainability and liquidity stress. Narrative is reframing toward risk/deterioration. ML dividend-cut probability is elevated.",Needs review,Mixed,No major mock concern,Dividend quality compounds with stable cash flow.,Moderate total return with risk controls intact.,Macro or governance shock reduces valuation and income confidence.,31.628690084859805,Avoid,0.733713099151402
601390.SHG,China Railway Group Limited,"Mock analyst view: quality, dividends and balance-sheet resilience are reviewed against sector risk. Narrative is improving toward quality, growth and capital return. Current regime lens: steady_state_low_chaos.","Mock risks: valuation compression, policy/regulatory shocks, dividend sustainability and liquidity stress. ML dividend-cut probability is elevated. Forecast distribution has downside skew risk.",Needs review,Mixed,No major mock concern,Dividend quality compounds with stable cash flow.,Moderate total return with risk controls intact.,Macro or governance shock reduces valuation and income confidence.,31.60199448820846,Avoid,0.7339800551179154
CLNX.MC,Cellnex Telecom SA,"Mock analyst view: quality, dividends and balance-sheet resilience are reviewed against sector risk. Current regime lens: steady_state_low_chaos.","Mock risks: valuation compression, policy/regulatory shocks, dividend sustainability and liquidity stress. Narrative is reframing toward risk/deterioration. ML dividend-cut probability is elevated.",Needs review,Mixed,No major mock concern,Dividend quality compounds with stable cash flow.,Moderate total return with risk controls intact.,Macro or governance shock reduces valuation and income confidence.,31.555024611876362,Avoid,0.7344497538812365
ANTO.LSE,Antofagasta PLC,"Mock analyst view: quality, dividends and balance-sheet resilience are reviewed against sector risk. Current regime lens: steady_state_low_chaos.","Mock risks: valuation compression, policy/regulatory shocks, dividend sustainability and liquidity stress. Narrative is reframing toward risk/deterioration. Credit/refinancing pressure is increasingly central to the equity story. Regime suitability requires review. ML dividend-cut probability is elevated. Forecast uncertainty is high; analyst placeholder treats this as Watchlist risk. Forecast distribution has downside skew risk.",Needs review,Mixed,No major mock concern,Dividend quality compounds with stable cash flow.,Moderate total return with risk controls intact.,Macro or governance shock reduces valuation and income confidence.,31.48194895951068,Avoid,0.7351805104048932
1186.HK,China Railway Construction-H,"Mock analyst view: quality, dividends and balance-sheet resilience are reviewed against sector risk. Narrative is improving toward quality, growth and capital return. Current regime lens: steady_state_low_chaos.","Mock risks: valuation compression, policy/regulatory shocks, dividend sustainability and liquidity stress. Regime suitability requires review. ML dividend-cut probability is elevated. Forecast distribution has downside skew risk.",Needs review,Mixed,No major mock concern,Dividend quality compounds with stable cash flow.,Moderate total return with risk controls intact.,Macro or governance shock reduces valuation and income confidence.,31.438507273523477,Avoid,0.7356149272647653
600309.SHG,Wanhua Chemical Group Co Ltd,"Mock analyst view: quality, dividends and balance-sheet resilience are reviewed against sector risk. Narrative is improving toward quality, growth and capital return. Current regime lens: steady_state_low_chaos.","Mock risks: valuation compression, policy/regulatory shocks, dividend sustainability and liquidity stress. ML dividend-cut probability is elevated. Forecast distribution has downside skew risk.",Needs review,Mixed,No major mock concern,Dividend quality compounds with stable cash flow.,Moderate total return with risk controls intact.,Macro or governance shock reduces valuation and income confidence.,31.297906220782394,Avoid,0.7370209377921761
601901.SHG,Founder Securities Co Ltd,"Mock analyst view: quality, dividends and balance-sheet resilience are reviewed against sector risk. Narrative is improving toward quality, growth and capital return. Current regime lens: steady_state_low_chaos.","Mock risks: valuation compression, policy/regulatory shocks, dividend sustainability and liquidity stress. ML dividend-cut probability is elevated.",Needs review,Mixed,No major mock concern,Dividend quality compounds with stable cash flow.,Moderate total return with risk controls intact.,Macro or governance shock reduces valuation and income confidence.,31.12673612860025,Avoid,0.7387326387139975
ZIG.LSE,ZIGUP plc,"Mock analyst view: quality, dividends and balance-sheet resilience are reviewed against sector risk. Narrative is improving toward quality, growth and capital return. Current regime lens: steady_state_low_chaos.","Mock risks: valuation compression, policy/regulatory shocks, dividend sustainability and liquidity stress. Regime suitability requires review. ML dividend-cut probability is elevated. Forecast distribution has downside skew risk.",Needs review,Mixed,No major mock concern,Dividend quality compounds with stable cash flow.,Moderate total return with risk controls intact.,Macro or governance shock reduces valuation and income confidence.,31.108125012243676,Avoid,0.7389187498775633
3330.HK,Lingbao Gold Co Ltd,"Mock analyst view: quality, dividends and balance-sheet resilience are reviewed against sector risk. Current regime lens: steady_state_low_chaos.","Mock risks: valuation compression, policy/regulatory shocks, dividend sustainability and liquidity stress. Narrative is reframing toward risk/deterioration. Credit/refinancing pressure is increasingly central to the equity story. Regime suitability requires review. ML dividend-cut probability is elevated. Forecast uncertainty is high; analyst placeholder treats this as Watchlist risk. Forecast distribution has downside skew risk.",Needs review,Mixed,No major mock concern,Dividend quality compounds with stable cash flow.,Moderate total return with risk controls intact.,Macro or governance shock reduces valuation and income confidence.,31.091982761014776,Avoid,0.7390801723898522
2016.HK,China Zheshang Bank Co Ltd,"Mock analyst view: quality, dividends and balance-sheet resilience are reviewed against sector risk. Narrative is improving toward quality, growth and capital return. Current regime lens: steady_state_low_chaos.","Mock risks: valuation compression, policy/regulatory shocks, dividend sustainability and liquidity stress. Regime suitability requires review. ML dividend-cut probability is elevated. Forecast distribution has downside skew risk.",Constructive,Mixed,No major mock concern,Dividend quality compounds with stable cash flow.,Moderate total return with risk controls intact.,Macro or governance shock reduces valuation and income confidence.,31.036440079942437,Avoid,0.7396355992005756
601668.SHG,China State Construction Engineering Corp Ltd,"Mock analyst view: quality, dividends and balance-sheet resilience are reviewed against sector risk. Narrative is improving toward quality, growth and capital return. Current regime lens: steady_state_low_chaos.","Mock risks: valuation compression, policy/regulatory shocks, dividend sustainability and liquidity stress. ML dividend-cut probability is elevated.",Needs review,Mixed,No major mock concern,Dividend quality compounds with stable cash flow.,Moderate total return with risk controls intact.,Macro or governance shock reduces valuation and income confidence.,30.93446824965649,Avoid,0.7406553175034352
0522.HK,ASM Pacific Technology Ltd,"Mock analyst view: quality, dividends and balance-sheet resilience are reviewed against sector risk. Current regime lens: steady_state_low_chaos.","Mock risks: valuation compression, policy/regulatory shocks, dividend sustainability and liquidity stress. Regime suitability requires review. ML dividend-cut probability is elevated. Forecast uncertainty is high; analyst placeholder treats this as Watchlist risk. Forecast distribution has downside skew risk.",Needs review,Mixed,No major mock concern,Dividend quality compounds with stable cash flow.,Moderate total return with risk controls intact.,Macro or governance shock reduces valuation and income confidence.,30.813150193272776,Avoid,0.7418684980672723
GBLB.BR,Groep Brussel Lambert NV,"Mock analyst view: quality, dividends and balance-sheet resilience are reviewed against sector risk. Current regime lens: steady_state_low_chaos.","Mock risks: valuation compression, policy/regulatory shocks, dividend sustainability and liquidity stress. Narrative is reframing toward risk/deterioration. Regime suitability requires review. ML dividend-cut probability is elevated. Forecast distribution has downside skew risk.",Needs review,Mixed,No major mock concern,Dividend quality compounds with stable cash flow.,Moderate total return with risk controls intact.,Macro or governance shock reduces valuation and income confidence.,30.80853993846295,Avoid,0.7419146006153705
601688.SHG,Huatai Securities Co Ltd,"Mock analyst view: quality, dividends and balance-sheet resilience are reviewed against sector risk. Narrative is improving toward quality, growth and capital return. Current regime lens: steady_state_low_chaos.","Mock risks: valuation compression, policy/regulatory shocks, dividend sustainability and liquidity stress. ML dividend-cut probability is elevated. Forecast distribution has downside skew risk.",Needs review,Mixed,No major mock concern,Dividend quality compounds with stable cash flow.,Moderate total return with risk controls intact.,Macro or governance shock reduces valuation and income confidence.,30.723151976399464,Avoid,0.7427684802360054
NDA-FI.HE,Nordea Bank Abp,"Mock analyst view: quality, dividends and balance-sheet resilience are reviewed against sector risk. Narrative is improving toward quality, growth and capital return. Current regime lens: steady_state_low_chaos.","Mock risks: valuation compression, policy/regulatory shocks, dividend sustainability and liquidity stress. ML dividend-cut probability is elevated.",Needs review,Mixed,No major mock concern,Dividend quality compounds with stable cash flow.,Moderate total return with risk controls intact.,Macro or governance shock reduces valuation and income confidence.,30.687510222438704,Avoid,0.743124897775613
HMSO.LSE,Hammerson PLC,"Mock analyst view: quality, dividends and balance-sheet resilience are reviewed against sector risk. Current regime lens: steady_state_low_chaos.","Mock risks: valuation compression, policy/regulatory shocks, dividend sustainability and liquidity stress. Narrative is reframing toward risk/deterioration. Regime suitability requires review. ML dividend-cut probability is elevated. Forecast distribution has downside skew risk.",Needs review,Mixed,No major mock concern,Dividend quality compounds with stable cash flow.,Moderate total return with risk controls intact.,Macro or governance shock reduces valuation and income confidence.,30.590632801128606,Avoid,0.744093671988714
601061.SHG,CITIC Metal Co. Ltd. A,"Mock analyst view: quality, dividends and balance-sheet resilience are reviewed against sector risk. Narrative is improving toward quality, growth and capital return. Current regime lens: steady_state_low_chaos.","Mock risks: valuation compression, policy/regulatory shocks, dividend sustainability and liquidity stress. ML dividend-cut probability is elevated. Forecast uncertainty is high; analyst placeholder treats this as Watchlist risk. Forecast distribution has downside skew risk.",Needs review,Mixed,No major mock concern,Dividend quality compounds with stable cash flow.,Moderate total return with risk controls intact.,Macro or governance shock reduces valuation and income confidence.,30.516488286490336,Avoid,0.7448351171350966
SQZ.LSE,Serica Energy PLC,"Mock analyst view: quality, dividends and balance-sheet resilience are reviewed against sector risk. Current regime lens: steady_state_low_chaos.","Mock risks: valuation compression, policy/regulatory shocks, dividend sustainability and liquidity stress. Regime suitability requires review. ML dividend-cut probability is elevated. Forecast uncertainty is high; analyst placeholder treats this as Watchlist risk. Forecast distribution has downside skew risk.",Needs review,Mixed,No major mock concern,Dividend quality compounds with stable cash flow.,Moderate total return with risk controls intact.,Macro or governance shock reduces valuation and income confidence.,30.409998730292557,Avoid,0.7459000126970745
BCVN.SW,Banque Cantonale Vaudoise,"Mock analyst view: quality, dividends and balance-sheet resilience are reviewed against sector risk. Narrative is improving toward quality, growth and capital return. Current regime lens: steady_state_low_chaos.","Mock risks: valuation compression, policy/regulatory shocks, dividend sustainability and liquidity stress. Distributional ML forecast shows attractive upside but asymmetric downside risk. ML dividend-cut probability is elevated.",Needs review,Constructive,No major mock concern,Dividend quality compounds with stable cash flow.,Moderate total return with risk controls intact.,Macro or governance shock reduces valuation and income confidence.,30.323815116726728,Avoid,0.7467618488327328
SAN.MC,Banco Santander S.A.,"Mock analyst view: quality, dividends and balance-sheet resilience are reviewed against sector risk. Current regime lens: steady_state_low_chaos.","Mock risks: valuation compression, policy/regulatory shocks, dividend sustainability and liquidity stress. Narrative is reframing toward risk/deterioration. Credit/refinancing pressure is increasingly central to the equity story. ML dividend-cut probability is elevated. Forecast distribution has downside skew risk.",Needs review,Mixed,No major mock concern,Dividend quality compounds with stable cash flow.,Moderate total return with risk controls intact.,Macro or governance shock reduces valuation and income confidence.,30.301598458910306,Avoid,0.746984015410897
603087.SHG,Gan & Lee Pharmaceuticals Co Ltd,"Mock analyst view: quality, dividends and balance-sheet resilience are reviewed against sector risk. Narrative is improving toward quality, growth and capital return. Current regime lens: steady_state_low_chaos.","Mock risks: valuation compression, policy/regulatory shocks, dividend sustainability and liquidity stress. Regime suitability requires review. ML dividend-cut probability is elevated. Forecast uncertainty is high; analyst placeholder treats this as Watchlist risk. Forecast distribution has downside skew risk.",Needs review,Mixed,No major mock concern,Dividend quality compounds with stable cash flow.,Moderate total return with risk controls intact.,Macro or governance shock reduces valuation and income confidence.,30.283566013010294,Avoid,0.747164339869897
SHA0.XETRA,Schaeffler AG,"Mock analyst view: quality, dividends and balance-sheet resilience are reviewed against sector risk. Narrative is improving toward quality, growth and capital return. Current regime lens: steady_state_low_chaos.","Mock risks: valuation compression, policy/regulatory shocks, dividend sustainability and liquidity stress. ML dividend-cut probability is elevated. Forecast uncertainty is high; analyst placeholder treats this as Watchlist risk. Forecast distribution has downside skew risk.",Needs review,Mixed,No major mock concern,Dividend quality compounds with stable cash flow.,Moderate total return with risk controls intact.,Macro or governance shock reduces valuation and income confidence.,30.160505577193447,Avoid,0.7483949442280655
GLEN.LSE,Glencore PLC,"Mock analyst view: quality, dividends and balance-sheet resilience are reviewed against sector risk. Narrative is improving toward quality, growth and capital return. Current regime lens: steady_state_low_chaos.","Mock risks: valuation compression, policy/regulatory shocks, dividend sustainability and liquidity stress. ML dividend-cut probability is elevated.",Needs review,Mixed,No major mock concern,Dividend quality compounds with stable cash flow.,Moderate total return with risk controls intact.,Macro or governance shock reduces valuation and income confidence.,30.157471089074846,Avoid,0.7484252891092515
KBX.XETRA,Knorr-Bremse AG,"Mock analyst view: quality, dividends and balance-sheet resilience are reviewed against sector risk. Current regime lens: steady_state_low_chaos.","Mock risks: valuation compression, policy/regulatory shocks, dividend sustainability and liquidity stress. Narrative is reframing toward risk/deterioration. Credit/refinancing pressure is increasingly central to the equity story.",Needs review,Mixed,No major mock concern,Dividend quality compounds with stable cash flow.,Moderate total return with risk controls intact.,Macro or governance shock reduces valuation and income confidence.,30.14611742568151,Avoid,0.748538825743185
ED.US,Consolidated Edison Inc,"Mock analyst view: quality, dividends and balance-sheet resilience are reviewed against sector risk. Narrative is improving toward quality, growth and capital return. Current regime lens: steady_state_low_chaos.","Mock risks: valuation compression, policy/regulatory shocks, dividend sustainability and liquidity stress. ML dividend-cut probability is elevated.",Needs review,Mixed,No major mock concern,Dividend quality compounds with stable cash flow.,Moderate total return with risk controls intact.,Macro or governance shock reduces valuation and income confidence.,30.06900131812089,Avoid,0.7493099868187911
STERV.HE,Stora Enso Oyj R,"Mock analyst view: quality, dividends and balance-sheet resilience are reviewed against sector risk. Current regime lens: steady_state_low_chaos.","Mock risks: valuation compression, policy/regulatory shocks, dividend sustainability and liquidity stress. Narrative is reframing toward risk/deterioration. Regime suitability requires review. ML dividend-cut probability is elevated. Forecast distribution has downside skew risk.",Needs review,Mixed,No major mock concern,Dividend quality compounds with stable cash flow.,Moderate total return with risk controls intact.,Macro or governance shock reduces valuation and income confidence.,29.983870674448532,Avoid,0.7501612932555147
BTRW.LSE,Barratt Redrow plc,"Mock analyst view: quality, dividends and balance-sheet resilience are reviewed against sector risk. Current regime lens: steady_state_low_chaos.","Mock risks: valuation compression, policy/regulatory shocks, dividend sustainability and liquidity stress. Narrative is reframing toward risk/deterioration. Regime suitability requires review. ML dividend-cut probability is elevated. Forecast distribution has downside skew risk.",Needs review,Mixed,No major mock concern,Dividend quality compounds with stable cash flow.,Moderate total return with risk controls intact.,Macro or governance shock reduces valuation and income confidence.,29.982423947858003,Avoid,0.75017576052142
1024.HK,Kuaishou Technology,"Mock analyst view: quality, dividends and balance-sheet resilience are reviewed against sector risk. Narrative is improving toward quality, growth and capital return. Current regime lens: steady_state_low_chaos.","Mock risks: valuation compression, policy/regulatory shocks, dividend sustainability and liquidity stress. Distributional ML forecast shows attractive upside but asymmetric downside risk. Forecast uncertainty is high; analyst placeholder treats this as Watchlist risk.",Needs review,Mixed,No major mock concern,Dividend quality compounds with stable cash flow.,Moderate total return with risk controls intact.,Macro or governance shock reduces valuation and income confidence.,29.882168832205743,Avoid,0.7511783116779426
CSN.LSE,Chesnara,"Mock analyst view: quality, dividends and balance-sheet resilience are reviewed against sector risk. Narrative is improving toward quality, growth and capital return. Current regime lens: steady_state_low_chaos.","Mock risks: valuation compression, policy/regulatory shocks, dividend sustainability and liquidity stress. Narrative is reframing toward risk/deterioration. Regime suitability requires review. ML dividend-cut probability is elevated. Forecast distribution has downside skew risk.",Needs review,Mixed,No major mock concern,Dividend quality compounds with stable cash flow.,Moderate total return with risk controls intact.,Macro or governance shock reduces valuation and income confidence.,29.833921595436088,Avoid,0.7516607840456392
LLOY.LSE,Lloyds Banking Group PLC,"Mock analyst view: quality, dividends and balance-sheet resilience are reviewed against sector risk. Narrative is improving toward quality, growth and capital return. Current regime lens: steady_state_low_chaos.","Mock risks: valuation compression, policy/regulatory shocks, dividend sustainability and liquidity stress. ML dividend-cut probability is elevated.",Needs review,Mixed,No major mock concern,Dividend quality compounds with stable cash flow.,Moderate total return with risk controls intact.,Macro or governance shock reduces valuation and income confidence.,29.775924116133616,Avoid,0.7522407588386639
ETR.US,Entergy Corporation,"Mock analyst view: quality, dividends and balance-sheet resilience are reviewed against sector risk. Narrative is improving toward quality, growth and capital return. Current regime lens: steady_state_low_chaos.","Mock risks: valuation compression, policy/regulatory shocks, dividend sustainability and liquidity stress. ML dividend-cut probability is elevated.",Needs review,Mixed,No major mock concern,Dividend quality compounds with stable cash flow.,Moderate total return with risk controls intact.,Macro or governance shock reduces valuation and income confidence.,29.558316135082364,Avoid,0.7544168386491764
6886.HK,Zuoli Kechuang Micro-Fin Co,"Mock analyst view: quality, dividends and balance-sheet resilience are reviewed against sector risk. Current regime lens: steady_state_low_chaos.","Mock risks: valuation compression, policy/regulatory shocks, dividend sustainability and liquidity stress. Narrative is reframing toward risk/deterioration. Regime suitability requires review. ML dividend-cut probability is elevated. Forecast distribution has downside skew risk.",Needs review,Mixed,No major mock concern,Dividend quality compounds with stable cash flow.,Moderate total return with risk controls intact.,Macro or governance shock reduces valuation and income confidence.,29.546172219992926,Avoid,0.7545382778000708
601825.SHG,Shanghai Rural Commercial Bank Co Ltd,"Mock analyst view: quality, dividends and balance-sheet resilience are reviewed against sector risk. Narrative is improving toward quality, growth and capital return. Current regime lens: steady_state_low_chaos.","Mock risks: valuation compression, policy/regulatory shocks, dividend sustainability and liquidity stress. Regime suitability requires review. ML dividend-cut probability is elevated.",Needs review,Mixed,No major mock concern,Dividend quality compounds with stable cash flow.,Moderate total return with risk controls intact.,Macro or governance shock reduces valuation and income confidence.,29.441483531952223,Avoid,0.7555851646804779
601669.SHG,Power Construction Corp of China Ltd,"Mock analyst view: quality, dividends and balance-sheet resilience are reviewed against sector risk. Narrative is improving toward quality, growth and capital return. Current regime lens: steady_state_low_chaos.","Mock risks: valuation compression, policy/regulatory shocks, dividend sustainability and liquidity stress. ML dividend-cut probability is elevated. Forecast uncertainty is high; analyst placeholder treats this as Watchlist risk. Forecast distribution has downside skew risk.",Needs review,Mixed,No major mock concern,Dividend quality compounds with stable cash flow.,Moderate total return with risk controls intact.,Macro or governance shock reduces valuation and income confidence.,29.431738896050724,Avoid,0.7556826110394927
UU.LSE,United Utilities Group PLC,"Mock analyst view: quality, dividends and balance-sheet resilience are reviewed against sector risk. Current regime lens: steady_state_low_chaos.","Mock risks: valuation compression, policy/regulatory shocks, dividend sustainability and liquidity stress. Narrative is reframing toward risk/deterioration. Credit/refinancing pressure is increasingly central to the equity story. Regime suitability requires review. ML dividend-cut probability is elevated. Forecast distribution has downside skew risk.",Needs review,Mixed,No major mock concern,Dividend quality compounds with stable cash flow.,Moderate total return with risk controls intact.,Macro or governance shock reduces valuation and income confidence.,29.39845112177921,Avoid,0.7560154887822079
601186.SHG,China Railway Construction Corp Ltd,"Mock analyst view: quality, dividends and balance-sheet resilience are reviewed against sector risk. Current regime lens: steady_state_low_chaos.","Mock risks: valuation compression, policy/regulatory shocks, dividend sustainability and liquidity stress. Narrative is reframing toward risk/deterioration. ML dividend-cut probability is elevated. Forecast distribution has downside skew risk.",Needs review,Mixed,No major mock concern,Dividend quality compounds with stable cash flow.,Moderate total return with risk controls intact.,Macro or governance shock reduces valuation and income confidence.,29.374447002482107,Avoid,0.756255529975179
601985.SHG,China National Nuclear Power,"Mock analyst view: quality, dividends and balance-sheet resilience are reviewed against sector risk. Current regime lens: steady_state_low_chaos.","Mock risks: valuation compression, policy/regulatory shocks, dividend sustainability and liquidity stress. Narrative is reframing toward risk/deterioration. ML dividend-cut probability is elevated. Forecast distribution has downside skew risk.",Needs review,Mixed,No major mock concern,Dividend quality compounds with stable cash flow.,Moderate total return with risk controls intact.,Macro or governance shock reduces valuation and income confidence.,29.218750966749575,Avoid,0.7578124903325043
PCG.US,PG&E Corp,"Mock analyst view: quality, dividends and balance-sheet resilience are reviewed against sector risk. Narrative is improving toward quality, growth and capital return. Current regime lens: steady_state_low_chaos.","Mock risks: valuation compression, policy/regulatory shocks, dividend sustainability and liquidity stress. ML dividend-cut probability is elevated. Forecast distribution has downside skew risk.",Needs review,Mixed,No major mock concern,Dividend quality compounds with stable cash flow.,Moderate total return with risk controls intact.,Macro or governance shock reduces valuation and income confidence.,29.156180788186305,Avoid,0.758438192118137
603799.SHG,Zhejiang Huayou Cobalt Co Ltd,"Mock analyst view: quality, dividends and balance-sheet resilience are reviewed against sector risk. Narrative is improving toward quality, growth and capital return. Current regime lens: steady_state_low_chaos.","Mock risks: valuation compression, policy/regulatory shocks, dividend sustainability and liquidity stress. ML dividend-cut probability is elevated. Forecast uncertainty is high; analyst placeholder treats this as Watchlist risk. Forecast distribution has downside skew risk.",Needs review,Mixed,No major mock concern,Dividend quality compounds with stable cash flow.,Moderate total return with risk controls intact.,Macro or governance shock reduces valuation and income confidence.,28.988883166920644,Avoid,0.7601111683307936
600143.SHG,Kingfa Sci&Tech Co Ltd,"Mock analyst view: quality, dividends and balance-sheet resilience are reviewed against sector risk. Current regime lens: steady_state_low_chaos.","Mock risks: valuation compression, policy/regulatory shocks, dividend sustainability and liquidity stress. Narrative is reframing toward risk/deterioration. ML dividend-cut probability is elevated. Forecast uncertainty is high; analyst placeholder treats this as Watchlist risk. Forecast distribution has downside skew risk.",Needs review,Mixed,No major mock concern,Dividend quality compounds with stable cash flow.,Moderate total return with risk controls intact.,Macro or governance shock reduces valuation and income confidence.,28.981803420748086,Avoid,0.7601819657925192
PNN.LSE,Pennon Group Plc,"Mock analyst view: quality, dividends and balance-sheet resilience are reviewed against sector risk. Narrative is improving toward quality, growth and capital return. Current regime lens: steady_state_low_chaos.","Mock risks: valuation compression, policy/regulatory shocks, dividend sustainability and liquidity stress. Regime suitability requires review. ML dividend-cut probability is elevated. Forecast distribution has downside skew risk.",Needs review,Mixed,No major mock concern,Dividend quality compounds with stable cash flow.,Moderate total return with risk controls intact.,Macro or governance shock reduces valuation and income confidence.,28.964622180995782,Avoid,0.7603537781900422
601229.SHG,Bank of Shanghai Co Ltd,"Mock analyst view: quality, dividends and balance-sheet resilience are reviewed against sector risk. Narrative is improving toward quality, growth and capital return. Current regime lens: steady_state_low_chaos.","Mock risks: valuation compression, policy/regulatory shocks, dividend sustainability and liquidity stress. ML dividend-cut probability is elevated.",Needs review,Mixed,No major mock concern,Dividend quality compounds with stable cash flow.,Moderate total return with risk controls intact.,Macro or governance shock reduces valuation and income confidence.,28.951637633761905,Avoid,0.760483623662381
OUT1V.HE,Outokumpu Oyj,"Mock analyst view: quality, dividends and balance-sheet resilience are reviewed against sector risk. Current regime lens: steady_state_low_chaos.","Mock risks: valuation compression, policy/regulatory shocks, dividend sustainability and liquidity stress. Narrative is reframing toward risk/deterioration. Credit/refinancing pressure is increasingly central to the equity story. Regime suitability requires review. ML dividend-cut probability is elevated. Forecast uncertainty is high; analyst placeholder treats this as Watchlist risk. Forecast distribution has downside skew risk.",Needs review,Mixed,No major mock concern,Dividend quality compounds with stable cash flow.,Moderate total return with risk controls intact.,Macro or governance shock reduces valuation and income confidence.,28.92064489940634,Avoid,0.7607935510059366
OERL.SW,OC Oerlikon Corp AG,"Mock analyst view: quality, dividends and balance-sheet resilience are reviewed against sector risk. Narrative is improving toward quality, growth and capital return. Current regime lens: steady_state_low_chaos.","Mock risks: valuation compression, policy/regulatory shocks, dividend sustainability and liquidity stress. Regime suitability requires review. ML dividend-cut probability is elevated. Forecast uncertainty is high; analyst placeholder treats this as Watchlist risk. Forecast distribution has downside skew risk.",Needs review,Mixed,No major mock concern,Dividend quality compounds with stable cash flow.,Moderate total return with risk controls intact.,Macro or governance shock reduces valuation and income confidence.,28.867987135403794,Avoid,0.7613201286459621
2380.HK,China Power International Development Ltd,"Mock analyst view: quality, dividends and balance-sheet resilience are reviewed against sector risk. Narrative is improving toward quality, growth and capital return. Current regime lens: steady_state_low_chaos.","Mock risks: valuation compression, policy/regulatory shocks, dividend sustainability and liquidity stress. Regime suitability requires review. ML dividend-cut probability is elevated. Forecast distribution has downside skew risk.",Needs review,Mixed,No major mock concern,Dividend quality compounds with stable cash flow.,Moderate total return with risk controls intact.,Macro or governance shock reduces valuation and income confidence.,28.86200596915505,Avoid,0.7613799403084496
AV.LSE,Aviva PLC,"Mock analyst view: quality, dividends and balance-sheet resilience are reviewed against sector risk. Narrative is improving toward quality, growth and capital return. Current regime lens: steady_state_low_chaos.","Mock risks: valuation compression, policy/regulatory shocks, dividend sustainability and liquidity stress. Regime suitability requires review. ML dividend-cut probability is elevated. Forecast distribution has downside skew risk.",Needs review,Mixed,No major mock concern,Dividend quality compounds with stable cash flow.,Moderate total return with risk controls intact.,Macro or governance shock reduces valuation and income confidence.,28.819689286352677,Avoid,0.7618031071364733
603296.SHG,HUAQIN TECHNOLOGY LTD A,"Mock analyst view: quality, dividends and balance-sheet resilience are reviewed against sector risk. Narrative is improving toward quality, growth and capital return. Current regime lens: steady_state_low_chaos.","Mock risks: valuation compression, policy/regulatory shocks, dividend sustainability and liquidity stress. ML dividend-cut probability is elevated. Forecast uncertainty is high; analyst placeholder treats this as Watchlist risk. Forecast distribution has downside skew risk.",Needs review,Mixed,No major mock concern,Dividend quality compounds with stable cash flow.,Moderate total return with risk controls intact.,Macro or governance shock reduces valuation and income confidence.,28.6821180898082,Avoid,0.7631788191019181
PAF.LSE,Pan African Resources PLC,"Mock analyst view: quality, dividends and balance-sheet resilience are reviewed against sector risk. Narrative is improving toward quality, growth and capital return. Current regime lens: steady_state_low_chaos.","Mock risks: valuation compression, policy/regulatory shocks, dividend sustainability and liquidity stress. Regime suitability requires review. ML dividend-cut probability is elevated. Forecast uncertainty is high; analyst placeholder treats this as Watchlist risk. Forecast distribution has downside skew risk.",Needs review,Mixed,No major mock concern,Dividend quality compounds with stable cash flow.,Moderate total return with risk controls intact.,Macro or governance shock reduces valuation and income confidence.,28.58299217658108,Avoid,0.7641700782341893
SYENS.BR,Syensqo,"Mock analyst view: quality, dividends and balance-sheet resilience are reviewed against sector risk. Narrative is improving toward quality, growth and capital return. Current regime lens: steady_state_low_chaos.","Mock risks: valuation compression, policy/regulatory shocks, dividend sustainability and liquidity stress. Regime suitability requires review. ML dividend-cut probability is elevated. Forecast uncertainty is high; analyst placeholder treats this as Watchlist risk. Forecast distribution has downside skew risk.",Needs review,Mixed,No major mock concern,Dividend quality compounds with stable cash flow.,Moderate total return with risk controls intact.,Macro or governance shock reduces valuation and income confidence.,28.47624077084972,Avoid,0.7652375922915029
3IN.LSE,3I Infrastructure PLC,"Mock analyst view: quality, dividends and balance-sheet resilience are reviewed against sector risk. Narrative is improving toward quality, growth and capital return. Current regime lens: steady_state_low_chaos.","Mock risks: valuation compression, policy/regulatory shocks, dividend sustainability and liquidity stress. Regime suitability requires review. ML dividend-cut probability is elevated.",Needs review,Mixed,No major mock concern,Dividend quality compounds with stable cash flow.,Moderate total return with risk controls intact.,Macro or governance shock reduces valuation and income confidence.,28.403899137954376,Avoid,0.7659610086204562
ALLFG.AS,Allfunds Group Ltd,"Mock analyst view: quality, dividends and balance-sheet resilience are reviewed against sector risk. Narrative is improving toward quality, growth and capital return. Current regime lens: steady_state_low_chaos.","Mock risks: valuation compression, policy/regulatory shocks, dividend sustainability and liquidity stress. Regime suitability requires review. ML dividend-cut probability is elevated.",Needs review,Mixed,No major mock concern,Dividend quality compounds with stable cash flow.,Moderate total return with risk controls intact.,Macro or governance shock reduces valuation and income confidence.,28.213989510769267,Avoid,0.7678601048923074
EFGN.SW,EFG International AG,"Mock analyst view: quality, dividends and balance-sheet resilience are reviewed against sector risk. Narrative is improving toward quality, growth and capital return. Current regime lens: steady_state_low_chaos.","Mock risks: valuation compression, policy/regulatory shocks, dividend sustainability and liquidity stress. Regime suitability requires review. ML dividend-cut probability is elevated. Forecast distribution has downside skew risk.",Needs review,Mixed,No major mock concern,Dividend quality compounds with stable cash flow.,Moderate total return with risk controls intact.,Macro or governance shock reduces valuation and income confidence.,28.16855881676271,Avoid,0.7683144118323729
NGG.US,National Grid PLC ADR,"Mock analyst view: quality, dividends and balance-sheet resilience are reviewed against sector risk. Narrative is improving toward quality, growth and capital return. Current regime lens: steady_state_low_chaos.","Mock risks: valuation compression, policy/regulatory shocks, dividend sustainability and liquidity stress. Regime suitability requires review. ML dividend-cut probability is elevated. Forecast distribution has downside skew risk.",Needs review,Mixed,No major mock concern,Dividend quality compounds with stable cash flow.,Moderate total return with risk controls intact.,Macro or governance shock reduces valuation and income confidence.,28.13484250977767,Avoid,0.7686515749022234
000617.SHE,CNPC Capital Co Ltd,"Mock analyst view: quality, dividends and balance-sheet resilience are reviewed against sector risk. Narrative is improving toward quality, growth and capital return. Current regime lens: steady_state_low_chaos.","Mock risks: valuation compression, policy/regulatory shocks, dividend sustainability and liquidity stress. Regime suitability requires review. ML dividend-cut probability is elevated. Forecast uncertainty is high; analyst placeholder treats this as Watchlist risk. Forecast distribution has downside skew risk.",Needs review,Mixed,No major mock concern,Dividend quality compounds with stable cash flow.,Moderate total return with risk controls intact.,Macro or governance shock reduces valuation and income confidence.,28.106796261201858,Avoid,0.7689320373879814
601006.SHG,Daqin Railway Co Ltd,"Mock analyst view: quality, dividends and balance-sheet resilience are reviewed against sector risk. Narrative is improving toward quality, growth and capital return. Current regime lens: steady_state_low_chaos.","Mock risks: valuation compression, policy/regulatory shocks, dividend sustainability and liquidity stress. Regime suitability requires review. ML dividend-cut probability is elevated.",Needs review,Mixed,No major mock concern,Dividend quality compounds with stable cash flow.,Moderate total return with risk controls intact.,Macro or governance shock reduces valuation and income confidence.,28.056295317881812,Avoid,0.769437046821182
600141.SHG,Hubei Xingfa Chemicals Group Co Ltd,"Mock analyst view: quality, dividends and balance-sheet resilience are reviewed against sector risk. Current regime lens: steady_state_low_chaos.","Mock risks: valuation compression, policy/regulatory shocks, dividend sustainability and liquidity stress. Narrative is reframing toward risk/deterioration. Credit/refinancing pressure is increasingly central to the equity story. Regime suitability requires review. ML dividend-cut probability is elevated. Forecast uncertainty is high; analyst placeholder treats this as Watchlist risk. Forecast distribution has downside skew risk.",Needs review,Mixed,No major mock concern,Dividend quality compounds with stable cash flow.,Moderate total return with risk controls intact.,Macro or governance shock reduces valuation and income confidence.,28.01922745157718,Avoid,0.7698077254842283
000166.SHE,Shenwan Hongyuan Group Co Ltd,"Mock analyst view: quality, dividends and balance-sheet resilience are reviewed against sector risk. Narrative is improving toward quality, growth and capital return. Current regime lens: steady_state_low_chaos.","Mock risks: valuation compression, policy/regulatory shocks, dividend sustainability and liquidity stress. ML dividend-cut probability is elevated.",Needs review,Mixed,No major mock concern,Dividend quality compounds with stable cash flow.,Moderate total return with risk controls intact.,Macro or governance shock reduces valuation and income confidence.,28.017825825281285,Avoid,0.7698217417471872
MMK.VI,Mayr-Melnhof Karton AG,"Mock analyst view: quality, dividends and balance-sheet resilience are reviewed against sector risk. Narrative is improving toward quality, growth and capital return. Current regime lens: steady_state_low_chaos.","Mock risks: valuation compression, policy/regulatory shocks, dividend sustainability and liquidity stress. Regime suitability requires review. ML dividend-cut probability is elevated. Forecast distribution has downside skew risk.",Needs review,Mixed,No major mock concern,Dividend quality compounds with stable cash flow.,Moderate total return with risk controls intact.,Macro or governance shock reduces valuation and income confidence.,27.96707485465687,Avoid,0.7703292514534313
CBK.XETRA,Commerzbank AG,"Mock analyst view: quality, dividends and balance-sheet resilience are reviewed against sector risk. Narrative is improving toward quality, growth and capital return. Current regime lens: steady_state_low_chaos.","Mock risks: valuation compression, policy/regulatory shocks, dividend sustainability and liquidity stress. ML dividend-cut probability is elevated. Forecast distribution has downside skew risk.",Needs review,Mixed,No major mock concern,Dividend quality compounds with stable cash flow.,Moderate total return with risk controls intact.,Macro or governance shock reduces valuation and income confidence.,27.966537543205973,Avoid,0.7703346245679403
LLBN.SW,Liechtensteinische Landesbank AG,"Mock analyst view: quality, dividends and balance-sheet resilience are reviewed against sector risk. Narrative is improving toward quality, growth and capital return. Current regime lens: steady_state_low_chaos.","Mock risks: valuation compression, policy/regulatory shocks, dividend sustainability and liquidity stress. Regime suitability requires review. ML dividend-cut probability is elevated.",Needs review,Mixed,No major mock concern,Dividend quality compounds with stable cash flow.,Moderate total return with risk controls intact.,Macro or governance shock reduces valuation and income confidence.,27.956101219031886,Avoid,0.7704389878096811
AT1.XETRA,Aroundtown SA,"Mock analyst view: quality, dividends and balance-sheet resilience are reviewed against sector risk. Current regime lens: steady_state_low_chaos.","Mock risks: valuation compression, policy/regulatory shocks, dividend sustainability and liquidity stress. Narrative is reframing toward risk/deterioration. Distributional ML forecast shows attractive upside but asymmetric downside risk. ML dividend-cut probability is elevated. Forecast uncertainty is high; analyst placeholder treats this as Watchlist risk. Forecast distribution has downside skew risk.",Needs review,Constructive,No major mock concern,Dividend quality compounds with stable cash flow.,Moderate total return with risk controls intact.,Macro or governance shock reduces valuation and income confidence.,27.955534822904653,Avoid,0.7704446517709536
FANG.US,Diamondback Energy Inc,"Mock analyst view: quality, dividends and balance-sheet resilience are reviewed against sector risk. Narrative is improving toward quality, growth and capital return. Current regime lens: steady_state_low_chaos.","Mock risks: valuation compression, policy/regulatory shocks, dividend sustainability and liquidity stress. ML dividend-cut probability is elevated. Forecast distribution has downside skew risk.",Needs review,Mixed,No major mock concern,Dividend quality compounds with stable cash flow.,Moderate total return with risk controls intact.,Macro or governance shock reduces valuation and income confidence.,27.885559807054257,Avoid,0.7711444019294574
BAS.XETRA,BASF SE,"Mock analyst view: quality, dividends and balance-sheet resilience are reviewed against sector risk. Current regime lens: steady_state_low_chaos.","Mock risks: valuation compression, policy/regulatory shocks, dividend sustainability and liquidity stress. Narrative is reframing toward risk/deterioration. ML dividend-cut probability is elevated.",Needs review,Mixed,No major mock concern,Dividend quality compounds with stable cash flow.,Moderate total return with risk controls intact.,Macro or governance shock reduces valuation and income confidence.,27.801877171666725,Avoid,0.7719812282833328
601360.SHG,360 Security Technology Inc,"Mock analyst view: quality, dividends and balance-sheet resilience are reviewed against sector risk. Current regime lens: steady_state_low_chaos.","Mock risks: valuation compression, policy/regulatory shocks, dividend sustainability and liquidity stress. Regime suitability requires review. ML dividend-cut probability is elevated. Forecast uncertainty is high; analyst placeholder treats this as Watchlist risk. Forecast distribution has downside skew risk.",Needs review,Mixed,No major mock concern,Dividend quality compounds with stable cash flow.,Moderate total return with risk controls intact.,Macro or governance shock reduces valuation and income confidence.,27.76584600587632,Avoid,0.7723415399412369
ORCL.US,Oracle Corporation,"Mock analyst view: quality, dividends and balance-sheet resilience are reviewed against sector risk. Narrative is improving toward quality, growth and capital return. Current regime lens: steady_state_low_chaos.","Mock risks: valuation compression, policy/regulatory shocks, dividend sustainability and liquidity stress. ML dividend-cut probability is elevated. Forecast uncertainty is high; analyst placeholder treats this as Watchlist risk. Forecast distribution has downside skew risk.",Needs review,Mixed,No major mock concern,Dividend quality compounds with stable cash flow.,Moderate total return with risk controls intact.,Macro or governance shock reduces valuation and income confidence.,27.71747259811486,Avoid,0.7728252740188515
SHB-A.ST,Svenska Handelsbanken AB (publ),"Mock analyst view: quality, dividends and balance-sheet resilience are reviewed against sector risk. Narrative is improving toward quality, growth and capital return. Current regime lens: steady_state_low_chaos.","Mock risks: valuation compression, policy/regulatory shocks, dividend sustainability and liquidity stress. ML dividend-cut probability is elevated.",Needs review,Mixed,No major mock concern,Dividend quality compounds with stable cash flow.,Moderate total return with risk controls intact.,Macro or governance shock reduces valuation and income confidence.,27.67035858138459,Avoid,0.7732964141861541
ASRNL.AS,ASR Nederland NV,"Mock analyst view: quality, dividends and balance-sheet resilience are reviewed against sector risk. Narrative is improving toward quality, growth and capital return. Current regime lens: steady_state_low_chaos.","Mock risks: valuation compression, policy/regulatory shocks, dividend sustainability and liquidity stress. Regime suitability requires review. ML dividend-cut probability is elevated. Forecast distribution has downside skew risk.",Needs review,Mixed,No major mock concern,Dividend quality compounds with stable cash flow.,Moderate total return with risk controls intact.,Macro or governance shock reduces valuation and income confidence.,27.355265040273842,Avoid,0.7764473495972616
0241.HK,Alibaba Health Information Technology Ltd,"Mock analyst view: quality, dividends and balance-sheet resilience are reviewed against sector risk. Narrative is improving toward quality, growth and capital return. Current regime lens: steady_state_low_chaos.","Mock risks: valuation compression, policy/regulatory shocks, dividend sustainability and liquidity stress. Forecast uncertainty is high; analyst placeholder treats this as Watchlist risk.",Needs review,Mixed,No major mock concern,Dividend quality compounds with stable cash flow.,Moderate total return with risk controls intact.,Macro or governance shock reduces valuation and income confidence.,27.2858756016403,Avoid,0.7771412439835971
SUNN.SW,SUNRISE N,"Mock analyst view: quality, dividends and balance-sheet resilience are reviewed against sector risk. Narrative is improving toward quality, growth and capital return. Current regime lens: steady_state_low_chaos.","Mock risks: valuation compression, policy/regulatory shocks, dividend sustainability and liquidity stress. Distributional ML forecast shows attractive upside but asymmetric downside risk. ML dividend-cut probability is elevated.",Needs review,Constructive,No major mock concern,Dividend quality compounds with stable cash flow.,Moderate total return with risk controls intact.,Macro or governance shock reduces valuation and income confidence.,27.194994566924976,Avoid,0.7780500543307503
EXC.US,Exelon Corporation,"Mock analyst view: quality, dividends and balance-sheet resilience are reviewed against sector risk. Narrative is improving toward quality, growth and capital return. Current regime lens: steady_state_low_chaos.","Mock risks: valuation compression, policy/regulatory shocks, dividend sustainability and liquidity stress. ML dividend-cut probability is elevated.",Needs review,Mixed,No major mock concern,Dividend quality compounds with stable cash flow.,Moderate total return with risk controls intact.,Macro or governance shock reduces valuation and income confidence.,27.10783090485591,Avoid,0.7789216909514409
C.US,Citigroup Inc.,"Mock analyst view: quality, dividends and balance-sheet resilience are reviewed against sector risk. Narrative is improving toward quality, growth and capital return. Current regime lens: steady_state_low_chaos.","Mock risks: valuation compression, policy/regulatory shocks, dividend sustainability and liquidity stress. ML dividend-cut probability is elevated.",Needs review,Mixed,No major mock concern,Dividend quality compounds with stable cash flow.,Moderate total return with risk controls intact.,Macro or governance shock reduces valuation and income confidence.,27.105920482049868,Avoid,0.7789407951795013
600372.SHG,China Avionics Systems Co Ltd,"Mock analyst view: quality, dividends and balance-sheet resilience are reviewed against sector risk. Narrative is improving toward quality, growth and capital return. Current regime lens: steady_state_low_chaos.","Mock risks: valuation compression, policy/regulatory shocks, dividend sustainability and liquidity stress. Regime suitability requires review. ML dividend-cut probability is elevated. Forecast distribution has downside skew risk.",Needs review,Mixed,No major mock concern,Dividend quality compounds with stable cash flow.,Moderate total return with risk controls intact.,Macro or governance shock reduces valuation and income confidence.,26.99525240408184,Avoid,0.7800474759591817
ADS.XETRA,adidas AG,"Mock analyst view: quality, dividends and balance-sheet resilience are reviewed against sector risk. Narrative is improving toward quality, growth and capital return. Current regime lens: steady_state_low_chaos.","Mock risks: valuation compression, policy/regulatory shocks, dividend sustainability and liquidity stress. ML dividend-cut probability is elevated.",Needs review,Mixed,No major mock concern,Dividend quality compounds with stable cash flow.,Moderate total return with risk controls intact.,Macro or governance shock reduces valuation and income confidence.,26.80919189995766,Avoid,0.7819080810004234
603260.SHG,Hoshine Silicon Ind Co Ltd,"Mock analyst view: quality, dividends and balance-sheet resilience are reviewed against sector risk. Narrative is improving toward quality, growth and capital return. Current regime lens: steady_state_low_chaos.","Mock risks: valuation compression, policy/regulatory shocks, dividend sustainability and liquidity stress. ML dividend-cut probability is elevated. Forecast uncertainty is high; analyst placeholder treats this as Watchlist risk. Forecast distribution has downside skew risk.",Needs review,Mixed,No major mock concern,Dividend quality compounds with stable cash flow.,Moderate total return with risk controls intact.,Macro or governance shock reduces valuation and income confidence.,26.71442588303249,Avoid,0.7828557411696752
SAN.US,Banco Santander SA ADR,"Mock analyst view: quality, dividends and balance-sheet resilience are reviewed against sector risk. Narrative is improving toward quality, growth and capital return. Current regime lens: steady_state_low_chaos.","Mock risks: valuation compression, policy/regulatory shocks, dividend sustainability and liquidity stress. ML dividend-cut probability is elevated. Forecast distribution has downside skew risk.",Needs review,Mixed,No major mock concern,Dividend quality compounds with stable cash flow.,Moderate total return with risk controls intact.,Macro or governance shock reduces valuation and income confidence.,26.574929414687773,Avoid,0.7842507058531223
BEAN.SW,Belimo Holding,"Mock analyst view: quality, dividends and balance-sheet resilience are reviewed against sector risk. Narrative is improving toward quality, growth and capital return. Current regime lens: steady_state_low_chaos.","Mock risks: valuation compression, policy/regulatory shocks, dividend sustainability and liquidity stress. Regime suitability requires review. ML dividend-cut probability is elevated.",Needs review,Mixed,No major mock concern,Dividend quality compounds with stable cash flow.,Moderate total return with risk controls intact.,Macro or governance shock reduces valuation and income confidence.,26.567678772427705,Avoid,0.784323212275723
SK.PA,SEB SA,"Mock analyst view: quality, dividends and balance-sheet resilience are reviewed against sector risk. Current regime lens: steady_state_low_chaos.","Mock risks: valuation compression, policy/regulatory shocks, dividend sustainability and liquidity stress. Narrative is reframing toward risk/deterioration. Regime suitability requires review. ML dividend-cut probability is elevated. Forecast uncertainty is high; analyst placeholder treats this as Watchlist risk. Forecast distribution has downside skew risk.",Needs review,Mixed,No major mock concern,Dividend quality compounds with stable cash flow.,Moderate total return with risk controls intact.,Macro or governance shock reduces valuation and income confidence.,26.56483015213457,Avoid,0.7843516984786544
SWED-A.ST,Swedbank AB (publ),"Mock analyst view: quality, dividends and balance-sheet resilience are reviewed against sector risk. Narrative is improving toward quality, growth and capital return. Current regime lens: steady_state_low_chaos.","Mock risks: valuation compression, policy/regulatory shocks, dividend sustainability and liquidity stress. Narrative is reframing toward risk/deterioration. ML dividend-cut probability is elevated.",Needs review,Mixed,No major mock concern,Dividend quality compounds with stable cash flow.,Moderate total return with risk controls intact.,Macro or governance shock reduces valuation and income confidence.,26.53509652906569,Avoid,0.7846490347093431
NNGF.XETRA,National Grid PLC,"Mock analyst view: quality, dividends and balance-sheet resilience are reviewed against sector risk. Narrative is improving toward quality, growth and capital return. Current regime lens: steady_state_low_chaos.","Mock risks: valuation compression, policy/regulatory shocks, dividend sustainability and liquidity stress. Regime suitability requires review. ML dividend-cut probability is elevated. Forecast distribution has downside skew risk.",Needs review,Mixed,No major mock concern,Dividend quality compounds with stable cash flow.,Moderate total return with risk controls intact.,Macro or governance shock reduces valuation and income confidence.,26.52090661960292,Avoid,0.7847909338039709
SAFE.LSE,Safestore Holdings Plc,"Mock analyst view: quality, dividends and balance-sheet resilience are reviewed against sector risk. Narrative is improving toward quality, growth and capital return. Current regime lens: steady_state_low_chaos.","Mock risks: valuation compression, policy/regulatory shocks, dividend sustainability and liquidity stress. Regime suitability requires review. ML dividend-cut probability is elevated. Forecast distribution has downside skew risk.",Needs review,Mixed,No major mock concern,Dividend quality compounds with stable cash flow.,Moderate total return with risk controls intact.,Macro or governance shock reduces valuation and income confidence.,26.29559946743811,Avoid,0.7870440053256189
DUK.US,Duke Energy Corporation,"Mock analyst view: quality, dividends and balance-sheet resilience are reviewed against sector risk. Narrative is improving toward quality, growth and capital return. Current regime lens: steady_state_low_chaos.","Mock risks: valuation compression, policy/regulatory shocks, dividend sustainability and liquidity stress. ML dividend-cut probability is elevated.",Needs review,Mixed,No major mock concern,Dividend quality compounds with stable cash flow.,Moderate total return with risk controls intact.,Macro or governance shock reduces valuation and income confidence.,26.258665593460876,Avoid,0.7874133440653913
PFSE.XETRA,PFISTERER Holding SE,"Mock analyst view: quality, dividends and balance-sheet resilience are reviewed against sector risk. Narrative is improving toward quality, growth and capital return. Current regime lens: steady_state_low_chaos.","Mock risks: valuation compression, policy/regulatory shocks, dividend sustainability and liquidity stress. Regime suitability requires review. Forecast uncertainty is high; analyst placeholder treats this as Watchlist risk.",Needs review,Mixed,No major mock concern,Dividend quality compounds with stable cash flow.,Moderate total return with risk controls intact.,Macro or governance shock reduces valuation and income confidence.,26.21573741546286,Avoid,0.7878426258453715
D.US,Dominion Energy Inc,"Mock analyst view: quality, dividends and balance-sheet resilience are reviewed against sector risk. Narrative is improving toward quality, growth and capital return. Current regime lens: steady_state_low_chaos.","Mock risks: valuation compression, policy/regulatory shocks, dividend sustainability and liquidity stress. ML dividend-cut probability is elevated. Forecast distribution has downside skew risk.",Needs review,Mixed,No major mock concern,Dividend quality compounds with stable cash flow.,Moderate total return with risk controls intact.,Macro or governance shock reduces valuation and income confidence.,26.084623468761876,Avoid,0.7891537653123812
GS.US,Goldman Sachs Group Inc,"Mock analyst view: quality, dividends and balance-sheet resilience are reviewed against sector risk. Narrative is improving toward quality, growth and capital return. Current regime lens: steady_state_low_chaos.","Mock risks: valuation compression, policy/regulatory shocks, dividend sustainability and liquidity stress. ML dividend-cut probability is elevated. Forecast distribution has downside skew risk.",Needs review,Mixed,No major mock concern,Dividend quality compounds with stable cash flow.,Moderate total return with risk controls intact.,Macro or governance shock reduces valuation and income confidence.,25.90389468798898,Avoid,0.7909610531201102
ELI.BR,Elia Group SA/NV,"Mock analyst view: quality, dividends and balance-sheet resilience are reviewed against sector risk. Current regime lens: steady_state_low_chaos.","Mock risks: valuation compression, policy/regulatory shocks, dividend sustainability and liquidity stress. Narrative is reframing toward risk/deterioration. Regime suitability requires review. ML dividend-cut probability is elevated. Forecast distribution has downside skew risk.",Needs review,Mixed,No major mock concern,Dividend quality compounds with stable cash flow.,Moderate total return with risk controls intact.,Macro or governance shock reduces valuation and income confidence.,25.90345673299888,Avoid,0.7909654326700113
CMBT.BR,CMB.TECH NV,"Mock analyst view: quality, dividends and balance-sheet resilience are reviewed against sector risk. Narrative is improving toward quality, growth and capital return. Current regime lens: steady_state_low_chaos.","Mock risks: valuation compression, policy/regulatory shocks, dividend sustainability and liquidity stress. Regime suitability requires review. ML dividend-cut probability is elevated. Forecast uncertainty is high; analyst placeholder treats this as Watchlist risk. Forecast distribution has downside skew risk.",Needs review,Mixed,No major mock concern,Dividend quality compounds with stable cash flow.,Moderate total return with risk controls intact.,Macro or governance shock reduces valuation and income confidence.,25.86598309609972,Avoid,0.7913401690390028
600188.SHG,Yankuang Energy Group Co Ltd,"Mock analyst view: quality, dividends and balance-sheet resilience are reviewed against sector risk. Narrative is improving toward quality, growth and capital return. Current regime lens: steady_state_low_chaos.","Mock risks: valuation compression, policy/regulatory shocks, dividend sustainability and liquidity stress. ML dividend-cut probability is elevated. Forecast uncertainty is high; analyst placeholder treats this as Watchlist risk. Forecast distribution has downside skew risk.",Needs review,Mixed,No major mock concern,Dividend quality compounds with stable cash flow.,Moderate total return with risk controls intact.,Macro or governance shock reduces valuation and income confidence.,25.84592641940825,Avoid,0.7915407358059176
ORC.XETRA,Oracle Corporation,"Mock analyst view: quality, dividends and balance-sheet resilience are reviewed against sector risk. Narrative is improving toward quality, growth and capital return. Current regime lens: steady_state_low_chaos.","Mock risks: valuation compression, policy/regulatory shocks, dividend sustainability and liquidity stress. Regime suitability requires review. ML dividend-cut probability is elevated. Forecast uncertainty is high; analyst placeholder treats this as Watchlist risk. Forecast distribution has downside skew risk.",Needs review,Mixed,No major mock concern,Dividend quality compounds with stable cash flow.,Moderate total return with risk controls intact.,Macro or governance shock reduces valuation and income confidence.,25.8327871103524,Avoid,0.7916721288964761
UNI.MC,Unicaja Banco SA,"Mock analyst view: quality, dividends and balance-sheet resilience are reviewed against sector risk. Narrative is improving toward quality, growth and capital return. Current regime lens: steady_state_low_chaos.","Mock risks: valuation compression, policy/regulatory shocks, dividend sustainability and liquidity stress. Regime suitability requires review. ML dividend-cut probability is elevated. Forecast distribution has downside skew risk.",Needs review,Mixed,No major mock concern,Dividend quality compounds with stable cash flow.,Moderate total return with risk controls intact.,Macro or governance shock reduces valuation and income confidence.,25.791387349872203,Avoid,0.792086126501278
BNC.LSE,Banco Santander S.A.,"Mock analyst view: quality, dividends and balance-sheet resilience are reviewed against sector risk. Narrative is improving toward quality, growth and capital return. Current regime lens: steady_state_low_chaos.","Mock risks: valuation compression, policy/regulatory shocks, dividend sustainability and liquidity stress. Regime suitability requires review. ML dividend-cut probability is elevated. Forecast distribution has downside skew risk.",Needs review,Mixed,No major mock concern,Dividend quality compounds with stable cash flow.,Moderate total return with risk controls intact.,Macro or governance shock reduces valuation and income confidence.,25.442753951064375,Avoid,0.7955724604893563
600985.SHG,Huaibei Mining Holdings Co Ltd,"Mock analyst view: quality, dividends and balance-sheet resilience are reviewed against sector risk. Current regime lens: steady_state_low_chaos.","Mock risks: valuation compression, policy/regulatory shocks, dividend sustainability and liquidity stress. Regime suitability requires review. ML dividend-cut probability is elevated. Forecast uncertainty is high; analyst placeholder treats this as Watchlist risk. Forecast distribution has downside skew risk.",Needs review,Mixed,No major mock concern,Dividend quality compounds with stable cash flow.,Moderate total return with risk controls intact.,Macro or governance shock reduces valuation and income confidence.,25.2664999903962,Avoid,0.7973350000960381
600089.SHG,Tbea Co Ltd,"Mock analyst view: quality, dividends and balance-sheet resilience are reviewed against sector risk. Narrative is improving toward quality, growth and capital return. Current regime lens: steady_state_low_chaos.","Mock risks: valuation compression, policy/regulatory shocks, dividend sustainability and liquidity stress. ML dividend-cut probability is elevated. Forecast uncertainty is high; analyst placeholder treats this as Watchlist risk. Forecast distribution has downside skew risk.",Needs review,Mixed,No major mock concern,Dividend quality compounds with stable cash flow.,Moderate total return with risk controls intact.,Macro or governance shock reduces valuation and income confidence.,25.2508541467798,Avoid,0.797491458532202
600999.SHG,China Merchants Securities Co Ltd,"Mock analyst view: quality, dividends and balance-sheet resilience are reviewed against sector risk. Narrative is improving toward quality, growth and capital return. Current regime lens: steady_state_low_chaos.","Mock risks: valuation compression, policy/regulatory shocks, dividend sustainability and liquidity stress. ML dividend-cut probability is elevated.",Needs review,Mixed,No major mock concern,Dividend quality compounds with stable cash flow.,Moderate total return with risk controls intact.,Macro or governance shock reduces valuation and income confidence.,25.247889299432835,Avoid,0.7975211070056717
601881.SHG,China Galaxy Securities Co Ltd Class A,"Mock analyst view: quality, dividends and balance-sheet resilience are reviewed against sector risk. Narrative is improving toward quality, growth and capital return. Current regime lens: steady_state_low_chaos.","Mock risks: valuation compression, policy/regulatory shocks, dividend sustainability and liquidity stress. Regime suitability requires review. ML dividend-cut probability is elevated. Forecast distribution has downside skew risk.",Needs review,Mixed,No major mock concern,Dividend quality compounds with stable cash flow.,Moderate total return with risk controls intact.,Macro or governance shock reduces valuation and income confidence.,25.191086008183696,Avoid,0.7980891399181631
9973.HK,Chery Automobile Co Ltd,"Mock analyst view: quality, dividends and balance-sheet resilience are reviewed against sector risk. Narrative is improving toward quality, growth and capital return. Current regime lens: steady_state_low_chaos.","Mock risks: valuation compression, policy/regulatory shocks, dividend sustainability and liquidity stress. Distributional ML forecast shows attractive upside but asymmetric downside risk. Forecast uncertainty is high; analyst placeholder treats this as Watchlist risk.",Needs review,Mixed,No major mock concern,Dividend quality compounds with stable cash flow.,Moderate total return with risk controls intact.,Macro or governance shock reduces valuation and income confidence.,25.03822176037221,Avoid,0.799617782396278
6099.HK,China Merchants Securities Co Ltd,"Mock analyst view: quality, dividends and balance-sheet resilience are reviewed against sector risk. Current regime lens: steady_state_low_chaos.","Mock risks: valuation compression, policy/regulatory shocks, dividend sustainability and liquidity stress. Narrative is reframing toward risk/deterioration. Credit/refinancing pressure is increasingly central to the equity story. Regime suitability requires review. ML dividend-cut probability is elevated. Forecast uncertainty is high; analyst placeholder treats this as Watchlist risk. Forecast distribution has downside skew risk.",Needs review,Mixed,No major mock concern,Dividend quality compounds with stable cash flow.,Moderate total return with risk controls intact.,Macro or governance shock reduces valuation and income confidence.,24.932184688473512,Avoid,0.8006781531152649
2579.HK,"CNGR Advanced Material Co., Ltd.","Mock analyst view: quality, dividends and balance-sheet resilience are reviewed against sector risk. Narrative is improving toward quality, growth and capital return. Current regime lens: steady_state_low_chaos.","Mock risks: valuation compression, policy/regulatory shocks, dividend sustainability and liquidity stress. Regime suitability requires review. ML dividend-cut probability is elevated. Forecast uncertainty is high; analyst placeholder treats this as Watchlist risk. Forecast distribution has downside skew risk.",Needs review,Mixed,No major mock concern,Dividend quality compounds with stable cash flow.,Moderate total return with risk controls intact.,Macro or governance shock reduces valuation and income confidence.,24.90678107046167,Avoid,0.8009321892953833
SRE.US,Sempra Energy,"Mock analyst view: quality, dividends and balance-sheet resilience are reviewed against sector risk. Narrative is improving toward quality, growth and capital return. Current regime lens: steady_state_low_chaos.","Mock risks: valuation compression, policy/regulatory shocks, dividend sustainability and liquidity stress. ML dividend-cut probability is elevated. Forecast distribution has downside skew risk.",Needs review,Mixed,No major mock concern,Dividend quality compounds with stable cash flow.,Moderate total return with risk controls intact.,Macro or governance shock reduces valuation and income confidence.,24.902374045772575,Avoid,0.8009762595422742
000776.SHE,GF Securities Co Ltd,"Mock analyst view: quality, dividends and balance-sheet resilience are reviewed against sector risk. Current regime lens: steady_state_low_chaos.","Mock risks: valuation compression, policy/regulatory shocks, dividend sustainability and liquidity stress. Narrative is reframing toward risk/deterioration. ML dividend-cut probability is elevated. Forecast distribution has downside skew risk.",Needs review,Mixed,No major mock concern,Dividend quality compounds with stable cash flow.,Moderate total return with risk controls intact.,Macro or governance shock reduces valuation and income confidence.,24.868451012661062,Avoid,0.8013154898733894
TRGP.US,Targa Resources Inc,"Mock analyst view: quality, dividends and balance-sheet resilience are reviewed against sector risk. Narrative is improving toward quality, growth and capital return. Current regime lens: steady_state_low_chaos.","Mock risks: valuation compression, policy/regulatory shocks, dividend sustainability and liquidity stress. ML dividend-cut probability is elevated.",Needs review,Mixed,No major mock concern,Dividend quality compounds with stable cash flow.,Moderate total return with risk controls intact.,Macro or governance shock reduces valuation and income confidence.,24.822784414237738,Avoid,0.8017721558576227
301308.SHE,Shenzhen Longsys Electronics Co. Ltd. A,"Mock analyst view: quality, dividends and balance-sheet resilience are reviewed against sector risk. Narrative is improving toward quality, growth and capital return. Current regime lens: steady_state_low_chaos.","Mock risks: valuation compression, policy/regulatory shocks, dividend sustainability and liquidity stress. ML dividend-cut probability is elevated. Forecast uncertainty is high; analyst placeholder treats this as Watchlist risk. Forecast distribution has downside skew risk.",Needs review,Mixed,No major mock concern,Dividend quality compounds with stable cash flow.,Moderate total return with risk controls intact.,Macro or governance shock reduces valuation and income confidence.,24.80806952666174,Avoid,0.8019193047333826
000630.SHE,Tongling Nonferrous Metals Group Co Ltd,"Mock analyst view: quality, dividends and balance-sheet resilience are reviewed against sector risk. Narrative is improving toward quality, growth and capital return. Current regime lens: steady_state_low_chaos.","Mock risks: valuation compression, policy/regulatory shocks, dividend sustainability and liquidity stress. Narrative is reframing toward risk/deterioration. ML dividend-cut probability is elevated. Forecast uncertainty is high; analyst placeholder treats this as Watchlist risk. Forecast distribution has downside skew risk.",Needs review,Mixed,No major mock concern,Dividend quality compounds with stable cash flow.,Moderate total return with risk controls intact.,Macro or governance shock reduces valuation and income confidence.,24.78584895876876,Avoid,0.8021415104123124
000967.SHE,Infore Environment Technology Group Co Ltd,"Mock analyst view: quality, dividends and balance-sheet resilience are reviewed against sector risk. Narrative is improving toward quality, growth and capital return. Current regime lens: steady_state_low_chaos.","Mock risks: valuation compression, policy/regulatory shocks, dividend sustainability and liquidity stress. ML dividend-cut probability is elevated. Forecast uncertainty is high; analyst placeholder treats this as Watchlist risk. Forecast distribution has downside skew risk.",Needs review,Mixed,No major mock concern,Dividend quality compounds with stable cash flow.,Moderate total return with risk controls intact.,Macro or governance shock reduces valuation and income confidence.,24.677145798257193,Avoid,0.8032285420174281
0267.HK,Citic Pacific,"Mock analyst view: quality, dividends and balance-sheet resilience are reviewed against sector risk. Narrative is improving toward quality, growth and capital return. Current regime lens: steady_state_low_chaos.","Mock risks: valuation compression, policy/regulatory shocks, dividend sustainability and liquidity stress. Regime suitability requires review. ML dividend-cut probability is elevated. Forecast distribution has downside skew risk.",Needs review,Mixed,No major mock concern,Dividend quality compounds with stable cash flow.,Moderate total return with risk controls intact.,Macro or governance shock reduces valuation and income confidence.,24.668301477205098,Avoid,0.8033169852279491
2238.HK,Guangzhou Automobile Group Co Ltd,"Mock analyst view: quality, dividends and balance-sheet resilience are reviewed against sector risk. Narrative is improving toward quality, growth and capital return. Current regime lens: steady_state_low_chaos.","Mock risks: valuation compression, policy/regulatory shocks, dividend sustainability and liquidity stress. Regime suitability requires review. ML dividend-cut probability is elevated. Forecast uncertainty is high; analyst placeholder treats this as Watchlist risk. Forecast distribution has downside skew risk.",Needs review,Mixed,No major mock concern,Dividend quality compounds with stable cash flow.,Moderate total return with risk controls intact.,Macro or governance shock reduces valuation and income confidence.,24.491706133959212,Avoid,0.8050829386604079
SO.US,Southern Company,"Mock analyst view: quality, dividends and balance-sheet resilience are reviewed against sector risk. Narrative is improving toward quality, growth and capital return. Current regime lens: steady_state_low_chaos.","Mock risks: valuation compression, policy/regulatory shocks, dividend sustainability and liquidity stress. ML dividend-cut probability is elevated.",Needs review,Mixed,No major mock concern,Dividend quality compounds with stable cash flow.,Moderate total return with risk controls intact.,Macro or governance shock reduces valuation and income confidence.,24.412976820700912,Avoid,0.8058702317929909
VNA.XETRA,Vonovia SE,"Mock analyst view: quality, dividends and balance-sheet resilience are reviewed against sector risk. Narrative is improving toward quality, growth and capital return. Current regime lens: steady_state_low_chaos.","Mock risks: valuation compression, policy/regulatory shocks, dividend sustainability and liquidity stress. Distributional ML forecast shows attractive upside but asymmetric downside risk. ML dividend-cut probability is elevated.",Needs review,Constructive,No major mock concern,Dividend quality compounds with stable cash flow.,Moderate total return with risk controls intact.,Macro or governance shock reduces valuation and income confidence.,24.104547065724063,Avoid,0.8089545293427594
APD.US,Air Products and Chemicals Inc,"Mock analyst view: quality, dividends and balance-sheet resilience are reviewed against sector risk. Narrative is improving toward quality, growth and capital return. Current regime lens: steady_state_low_chaos.","Mock risks: valuation compression, policy/regulatory shocks, dividend sustainability and liquidity stress. ML dividend-cut probability is elevated. Forecast distribution has downside skew risk.",Needs review,Mixed,No major mock concern,Dividend quality compounds with stable cash flow.,Moderate total return with risk controls intact.,Macro or governance shock reduces valuation and income confidence.,24.032715492279074,Avoid,0.8096728450772093
001289.SHE,China Longyuan Power Group Corporation Limited,"Mock analyst view: quality, dividends and balance-sheet resilience are reviewed against sector risk. Current regime lens: steady_state_low_chaos.","Mock risks: valuation compression, policy/regulatory shocks, dividend sustainability and liquidity stress. Narrative is reframing toward risk/deterioration. Regime suitability requires review. ML dividend-cut probability is elevated. Forecast distribution has downside skew risk.",Needs review,Mixed,No major mock concern,Dividend quality compounds with stable cash flow.,Moderate total return with risk controls intact.,Macro or governance shock reduces valuation and income confidence.,23.937219677181588,Avoid,0.8106278032281842
OBCK.XETRA,Ottobock SE & Co. KGaA,"Mock analyst view: quality, dividends and balance-sheet resilience are reviewed against sector risk. Current regime lens: steady_state_low_chaos.","Mock risks: valuation compression, policy/regulatory shocks, dividend sustainability and liquidity stress. Forecast uncertainty is high; analyst placeholder treats this as Watchlist risk.",Needs review,Mixed,No major mock concern,Dividend quality compounds with stable cash flow.,Moderate total return with risk controls intact.,Macro or governance shock reduces valuation and income confidence.,23.805202859394797,Avoid,0.811947971406052
IPC.LSE,International Paper Company,"Mock analyst view: quality, dividends and balance-sheet resilience are reviewed against sector risk. Narrative is improving toward quality, growth and capital return. Current regime lens: steady_state_low_chaos.","Mock risks: valuation compression, policy/regulatory shocks, dividend sustainability and liquidity stress. Regime suitability requires review. ML dividend-cut probability is elevated. Forecast uncertainty is high; analyst placeholder treats this as Watchlist risk. Forecast distribution has downside skew risk.",Needs review,Mixed,No major mock concern,Dividend quality compounds with stable cash flow.,Moderate total return with risk controls intact.,Macro or governance shock reduces valuation and income confidence.,23.767469130344992,Avoid,0.8123253086965501
601868.SHG,China Energy Engineering Corp Ltd,"Mock analyst view: quality, dividends and balance-sheet resilience are reviewed against sector risk. Narrative is improving toward quality, growth and capital return. Current regime lens: steady_state_low_chaos.","Mock risks: valuation compression, policy/regulatory shocks, dividend sustainability and liquidity stress. ML dividend-cut probability is elevated. Forecast uncertainty is high; analyst placeholder treats this as Watchlist risk. Forecast distribution has downside skew risk.",Needs review,Mixed,No major mock concern,Dividend quality compounds with stable cash flow.,Moderate total return with risk controls intact.,Macro or governance shock reduces valuation and income confidence.,23.711139205950072,Avoid,0.8128886079404993
ENGI.PA,Engie S.A.,"Mock analyst view: quality, dividends and balance-sheet resilience are reviewed against sector risk. Narrative is improving toward quality, growth and capital return. Current regime lens: steady_state_low_chaos.","Mock risks: valuation compression, policy/regulatory shocks, dividend sustainability and liquidity stress. ML dividend-cut probability is elevated. Forecast distribution has downside skew risk.",Needs review,Mixed,No major mock concern,Dividend quality compounds with stable cash flow.,Moderate total return with risk controls intact.,Macro or governance shock reduces valuation and income confidence.,23.61387726287647,Avoid,0.8138612273712353
000958.SHE,SPIC Dongfang New Energy Corp,"Mock analyst view: quality, dividends and balance-sheet resilience are reviewed against sector risk. Narrative is improving toward quality, growth and capital return. Current regime lens: steady_state_low_chaos.","Mock risks: valuation compression, policy/regulatory shocks, dividend sustainability and liquidity stress. Regime suitability requires review. ML dividend-cut probability is elevated. Forecast distribution has downside skew risk.",Needs review,Mixed,No major mock concern,Dividend quality compounds with stable cash flow.,Moderate total return with risk controls intact.,Macro or governance shock reduces valuation and income confidence.,23.56912986747779,Avoid,0.8143087013252222
1800.HK,China Communications Const-H,"Mock analyst view: quality, dividends and balance-sheet resilience are reviewed against sector risk. Narrative is improving toward quality, growth and capital return. Current regime lens: steady_state_low_chaos.","Mock risks: valuation compression, policy/regulatory shocks, dividend sustainability and liquidity stress. Regime suitability requires review. ML dividend-cut probability is elevated. Forecast distribution has downside skew risk.",Needs review,Mixed,No major mock concern,Dividend quality compounds with stable cash flow.,Moderate total return with risk controls intact.,Macro or governance shock reduces valuation and income confidence.,23.50183147067937,Avoid,0.8149816852932064
WFC.US,Wells Fargo & Company,"Mock analyst view: quality, dividends and balance-sheet resilience are reviewed against sector risk. Current regime lens: steady_state_low_chaos.","Mock risks: valuation compression, policy/regulatory shocks, dividend sustainability and liquidity stress. ML dividend-cut probability is elevated. Forecast distribution has downside skew risk.",Needs review,Mixed,No major mock concern,Dividend quality compounds with stable cash flow.,Moderate total return with risk controls intact.,Macro or governance shock reduces valuation and income confidence.,23.362959355606666,Avoid,0.8163704064439334
2788.HK,Chuangxin Industries Holdings Limited,"Mock analyst view: quality, dividends and balance-sheet resilience are reviewed against sector risk. Current regime lens: steady_state_low_chaos.","Mock risks: valuation compression, policy/regulatory shocks, dividend sustainability and liquidity stress. Narrative is reframing toward risk/deterioration. Credit/refinancing pressure is increasingly central to the equity story. Forecast uncertainty is high; analyst placeholder treats this as Watchlist risk. Forecast distribution has downside skew risk.",Needs review,Mixed,No major mock concern,Dividend quality compounds with stable cash flow.,Moderate total return with risk controls intact.,Macro or governance shock reduces valuation and income confidence.,23.29548574522248,Avoid,0.8170451425477753
300919.SHE,Cngr Advanced Material Co Ltd,"Mock analyst view: quality, dividends and balance-sheet resilience are reviewed against sector risk. Narrative is improving toward quality, growth and capital return. Current regime lens: steady_state_low_chaos.","Mock risks: valuation compression, policy/regulatory shocks, dividend sustainability and liquidity stress. Narrative is reframing toward risk/deterioration. Regime suitability requires review. ML dividend-cut probability is elevated. Forecast uncertainty is high; analyst placeholder treats this as Watchlist risk. Forecast distribution has downside skew risk.",Needs review,Mixed,No major mock concern,Dividend quality compounds with stable cash flow.,Moderate total return with risk controls intact.,Macro or governance shock reduces valuation and income confidence.,23.268943385245333,Avoid,0.8173105661475467
EOAN.XETRA,E.ON SE,"Mock analyst view: quality, dividends and balance-sheet resilience are reviewed against sector risk. Narrative is improving toward quality, growth and capital return. Current regime lens: steady_state_low_chaos.","Mock risks: valuation compression, policy/regulatory shocks, dividend sustainability and liquidity stress. ML dividend-cut probability is elevated.",Needs review,Mixed,No major mock concern,Dividend quality compounds with stable cash flow.,Moderate total return with risk controls intact.,Macro or governance shock reduces valuation and income confidence.,23.23152937136974,Avoid,0.8176847062863026
600021.SHG,Shanghai Electric Power Co Ltd,"Mock analyst view: quality, dividends and balance-sheet resilience are reviewed against sector risk. Narrative is improving toward quality, growth and capital return. Current regime lens: steady_state_low_chaos.","Mock risks: valuation compression, policy/regulatory shocks, dividend sustainability and liquidity stress. Narrative is reframing toward risk/deterioration. ML dividend-cut probability is elevated. Forecast uncertainty is high; analyst placeholder treats this as Watchlist risk. Forecast distribution has downside skew risk.",Needs review,Mixed,No major mock concern,Dividend quality compounds with stable cash flow.,Moderate total return with risk controls intact.,Macro or governance shock reduces valuation and income confidence.,23.12070876416917,Avoid,0.8187929123583084
CCL.US,Carnival Corporation,"Mock analyst view: quality, dividends and balance-sheet resilience are reviewed against sector risk. Narrative is improving toward quality, growth and capital return. Current regime lens: steady_state_low_chaos.","Mock risks: valuation compression, policy/regulatory shocks, dividend sustainability and liquidity stress. Distributional ML forecast shows attractive upside but asymmetric downside risk. Forecast uncertainty is high; analyst placeholder treats this as Watchlist risk.",Needs review,Mixed,No major mock concern,Dividend quality compounds with stable cash flow.,Moderate total return with risk controls intact.,Macro or governance shock reduces valuation and income confidence.,23.034505228654055,Avoid,0.8196549477134595
600016.SHG,China Minsheng Banking Corp Ltd,"Mock analyst view: quality, dividends and balance-sheet resilience are reviewed against sector risk. Narrative is improving toward quality, growth and capital return. Current regime lens: steady_state_low_chaos.","Mock risks: valuation compression, policy/regulatory shocks, dividend sustainability and liquidity stress. Regime suitability requires review. ML dividend-cut probability is elevated.",Needs review,Mixed,No major mock concern,Dividend quality compounds with stable cash flow.,Moderate total return with risk controls intact.,Macro or governance shock reduces valuation and income confidence.,22.716437027358364,Avoid,0.8228356297264163
1988.HK,China Minsheng Banking,"Mock analyst view: quality, dividends and balance-sheet resilience are reviewed against sector risk. Narrative is improving toward quality, growth and capital return. Current regime lens: steady_state_low_chaos.","Mock risks: valuation compression, policy/regulatory shocks, dividend sustainability and liquidity stress. Regime suitability requires review. ML dividend-cut probability is elevated. Forecast distribution has downside skew risk.",Needs review,Mixed,No major mock concern,Dividend quality compounds with stable cash flow.,Moderate total return with risk controls intact.,Macro or governance shock reduces valuation and income confidence.,22.65522866636045,Avoid,0.8234477133363955
2588.HK,BOC Aviation Ltd,"Mock analyst view: quality, dividends and balance-sheet resilience are reviewed against sector risk. Narrative is improving toward quality, growth and capital return. Current regime lens: steady_state_low_chaos.","Mock risks: valuation compression, policy/regulatory shocks, dividend sustainability and liquidity stress. Regime suitability requires review. ML dividend-cut probability is elevated. Forecast distribution has downside skew risk.",Needs review,Mixed,No major mock concern,Dividend quality compounds with stable cash flow.,Moderate total return with risk controls intact.,Macro or governance shock reduces valuation and income confidence.,22.5864693224963,Avoid,0.824135306775037
KARN.SW,Kardex,"Mock analyst view: quality, dividends and balance-sheet resilience are reviewed against sector risk. Narrative is improving toward quality, growth and capital return. Current regime lens: steady_state_low_chaos.","Mock risks: valuation compression, policy/regulatory shocks, dividend sustainability and liquidity stress. Regime suitability requires review. ML dividend-cut probability is elevated. Forecast distribution has downside skew risk.",Needs review,Mixed,No major mock concern,Dividend quality compounds with stable cash flow.,Moderate total return with risk controls intact.,Macro or governance shock reduces valuation and income confidence.,22.545562451368824,Avoid,0.8245443754863118
WCH.XETRA,Wacker Chemie AG,"Mock analyst view: quality, dividends and balance-sheet resilience are reviewed against sector risk. Narrative is improving toward quality, growth and capital return. Current regime lens: steady_state_low_chaos.","Mock risks: valuation compression, policy/regulatory shocks, dividend sustainability and liquidity stress. Regime suitability requires review. ML dividend-cut probability is elevated. Forecast uncertainty is high; analyst placeholder treats this as Watchlist risk. Forecast distribution has downside skew risk.",Needs review,Mixed,No major mock concern,Dividend quality compounds with stable cash flow.,Moderate total return with risk controls intact.,Macro or governance shock reduces valuation and income confidence.,22.53116890381257,Avoid,0.8246883109618743
BANB.SW,Bachem Holding AG,"Mock analyst view: quality, dividends and balance-sheet resilience are reviewed against sector risk. Narrative is improving toward quality, growth and capital return. Current regime lens: steady_state_low_chaos.","Mock risks: valuation compression, policy/regulatory shocks, dividend sustainability and liquidity stress. Regime suitability requires review. ML dividend-cut probability is elevated. Forecast uncertainty is high; analyst placeholder treats this as Watchlist risk. Forecast distribution has downside skew risk.",Needs review,Mixed,No major mock concern,Dividend quality compounds with stable cash flow.,Moderate total return with risk controls intact.,Macro or governance shock reduces valuation and income confidence.,22.29896741663291,Avoid,0.827010325833671
SHL.XETRA,Siemens Healthineers AG,"Mock analyst view: quality, dividends and balance-sheet resilience are reviewed against sector risk. Narrative is improving toward quality, growth and capital return. Current regime lens: steady_state_low_chaos.","Mock risks: valuation compression, policy/regulatory shocks, dividend sustainability and liquidity stress. ML dividend-cut probability is elevated.",Needs review,Mixed,No major mock concern,Dividend quality compounds with stable cash flow.,Moderate total return with risk controls intact.,Macro or governance shock reduces valuation and income confidence.,22.02459581470204,Avoid,0.8297540418529796
002203.SHE,Zhejiang Hailiang Co Ltd,"Mock analyst view: quality, dividends and balance-sheet resilience are reviewed against sector risk. Narrative is improving toward quality, growth and capital return. Current regime lens: steady_state_low_chaos.","Mock risks: valuation compression, policy/regulatory shocks, dividend sustainability and liquidity stress. ML dividend-cut probability is elevated. Forecast uncertainty is high; analyst placeholder treats this as Watchlist risk. Forecast distribution has downside skew risk.",Needs review,Mixed,No major mock concern,Dividend quality compounds with stable cash flow.,Moderate total return with risk controls intact.,Macro or governance shock reduces valuation and income confidence.,21.664434365947955,Avoid,0.8333556563405204
SOF.BR,Sofina Société Anonyme,"Mock analyst view: quality, dividends and balance-sheet resilience are reviewed against sector risk. Narrative is improving toward quality, growth and capital return. Current regime lens: steady_state_low_chaos.","Mock risks: valuation compression, policy/regulatory shocks, dividend sustainability and liquidity stress. Regime suitability requires review. ML dividend-cut probability is elevated. Forecast distribution has downside skew risk.",Needs review,Mixed,No major mock concern,Dividend quality compounds with stable cash flow.,Moderate total return with risk controls intact.,Macro or governance shock reduces valuation and income confidence.,21.60875836844145,Avoid,0.8339124163155855
601800.SHG,China Communications Construction Co Ltd,"Mock analyst view: quality, dividends and balance-sheet resilience are reviewed against sector risk. Narrative is improving toward quality, growth and capital return. Current regime lens: steady_state_low_chaos.","Mock risks: valuation compression, policy/regulatory shocks, dividend sustainability and liquidity stress. Regime suitability requires review. ML dividend-cut probability is elevated. Forecast distribution has downside skew risk.",Needs review,Mixed,No major mock concern,Dividend quality compounds with stable cash flow.,Moderate total return with risk controls intact.,Macro or governance shock reduces valuation and income confidence.,21.57496321816164,Avoid,0.8342503678183837
SSE.LSE,SSE PLC,"Mock analyst view: quality, dividends and balance-sheet resilience are reviewed against sector risk. Narrative is improving toward quality, growth and capital return. Current regime lens: steady_state_low_chaos.","Mock risks: valuation compression, policy/regulatory shocks, dividend sustainability and liquidity stress. Regime suitability requires review. ML dividend-cut probability is elevated.",Needs review,Mixed,No major mock concern,Dividend quality compounds with stable cash flow.,Moderate total return with risk controls intact.,Macro or governance shock reduces valuation and income confidence.,21.53990209820666,Avoid,0.8346009790179334
BKG.LSE,The Berkeley Group Holdings plc,"Mock analyst view: quality, dividends and balance-sheet resilience are reviewed against sector risk. Narrative is improving toward quality, growth and capital return. Current regime lens: steady_state_low_chaos.","Mock risks: valuation compression, policy/regulatory shocks, dividend sustainability and liquidity stress. Regime suitability requires review. ML dividend-cut probability is elevated.",Needs review,Mixed,No major mock concern,Dividend quality compounds with stable cash flow.,Moderate total return with risk controls intact.,Macro or governance shock reduces valuation and income confidence.,21.423426088664705,Avoid,0.8357657391133531
SRAIL.SW,Stadler Rail AG,"Mock analyst view: quality, dividends and balance-sheet resilience are reviewed against sector risk. Narrative is improving toward quality, growth and capital return. Current regime lens: steady_state_low_chaos.","Mock risks: valuation compression, policy/regulatory shocks, dividend sustainability and liquidity stress. Regime suitability requires review. ML dividend-cut probability is elevated. Forecast distribution has downside skew risk.",Needs review,Mixed,No major mock concern,Dividend quality compounds with stable cash flow.,Moderate total return with risk controls intact.,Macro or governance shock reduces valuation and income confidence.,21.279875361489477,Avoid,0.8372012463851053
003816.SHE,CGN Power,"Mock analyst view: quality, dividends and balance-sheet resilience are reviewed against sector risk. Narrative is improving toward quality, growth and capital return. Current regime lens: steady_state_low_chaos.","Mock risks: valuation compression, policy/regulatory shocks, dividend sustainability and liquidity stress. Narrative is reframing toward risk/deterioration. Regime suitability requires review. ML dividend-cut probability is elevated. Forecast distribution has downside skew risk.",Needs review,Mixed,No major mock concern,Dividend quality compounds with stable cash flow.,Moderate total return with risk controls intact.,Macro or governance shock reduces valuation and income confidence.,21.101097274296308,Avoid,0.838989027257037
JPM.US,JPMorgan Chase & Co,"Mock analyst view: quality, dividends and balance-sheet resilience are reviewed against sector risk. Narrative is improving toward quality, growth and capital return. Current regime lens: steady_state_low_chaos.","Mock risks: valuation compression, policy/regulatory shocks, dividend sustainability and liquidity stress. ML dividend-cut probability is elevated.",Needs review,Mixed,No major mock concern,Dividend quality compounds with stable cash flow.,Moderate total return with risk controls intact.,Macro or governance shock reduces valuation and income confidence.,21.03422422436879,Avoid,0.8396577577563122
MOBN.SW,Mobimo Hldg,"Mock analyst view: quality, dividends and balance-sheet resilience are reviewed against sector risk. Narrative is improving toward quality, growth and capital return. Current regime lens: steady_state_low_chaos.","Mock risks: valuation compression, policy/regulatory shocks, dividend sustainability and liquidity stress. Regime suitability requires review. ML dividend-cut probability is elevated.",Needs review,Mixed,No major mock concern,Dividend quality compounds with stable cash flow.,Moderate total return with risk controls intact.,Macro or governance shock reduces valuation and income confidence.,20.98926432719867,Avoid,0.8401073567280133
EQIX.US,Equinix Inc,"Mock analyst view: quality, dividends and balance-sheet resilience are reviewed against sector risk. Current regime lens: steady_state_low_chaos.","Mock risks: valuation compression, policy/regulatory shocks, dividend sustainability and liquidity stress. Narrative is reframing toward risk/deterioration. ML dividend-cut probability is elevated. Forecast distribution has downside skew risk.",Needs review,Mixed,No major mock concern,Dividend quality compounds with stable cash flow.,Moderate total return with risk controls intact.,Macro or governance shock reduces valuation and income confidence.,20.446424281923093,Avoid,0.8455357571807691
PUM.XETRA,PUMA SE,"Mock analyst view: quality, dividends and balance-sheet resilience are reviewed against sector risk. Narrative is improving toward quality, growth and capital return. Current regime lens: steady_state_low_chaos.","Mock risks: valuation compression, policy/regulatory shocks, dividend sustainability and liquidity stress. Regime suitability requires review. ML dividend-cut probability is elevated. Forecast uncertainty is high; analyst placeholder treats this as Watchlist risk. Forecast distribution has downside skew risk.",Needs review,Mixed,No major mock concern,Dividend quality compounds with stable cash flow.,Moderate total return with risk controls intact.,Macro or governance shock reduces valuation and income confidence.,20.416185947376206,Avoid,0.845838140526238
GFC.PA,Gecina SA,"Mock analyst view: quality, dividends and balance-sheet resilience are reviewed against sector risk. Narrative is improving toward quality, growth and capital return. Current regime lens: steady_state_low_chaos.","Mock risks: valuation compression, policy/regulatory shocks, dividend sustainability and liquidity stress. Regime suitability requires review. ML dividend-cut probability is elevated. Forecast distribution has downside skew risk.",Needs review,Mixed,No major mock concern,Dividend quality compounds with stable cash flow.,Moderate total return with risk controls intact.,Macro or governance shock reduces valuation and income confidence.,20.155728871495285,Avoid,0.8484427112850472
6181.HK,Laopu Gold Co Ltd,"Mock analyst view: quality, dividends and balance-sheet resilience are reviewed against sector risk. Current regime lens: steady_state_low_chaos.","Mock risks: valuation compression, policy/regulatory shocks, dividend sustainability and liquidity stress. Narrative is reframing toward risk/deterioration. ML dividend-cut probability is elevated. Forecast uncertainty is high; analyst placeholder treats this as Watchlist risk. Forecast distribution has downside skew risk.",Needs review,Mixed,No major mock concern,Dividend quality compounds with stable cash flow.,Moderate total return with risk controls intact.,Macro or governance shock reduces valuation and income confidence.,20.057393503624482,Avoid,0.8494260649637553
NG.LSE,National Grid PLC,"Mock analyst view: quality, dividends and balance-sheet resilience are reviewed against sector risk. Narrative is improving toward quality, growth and capital return. Current regime lens: steady_state_low_chaos.","Mock risks: valuation compression, policy/regulatory shocks, dividend sustainability and liquidity stress. Regime suitability requires review. ML dividend-cut probability is elevated. Forecast distribution has downside skew risk.",Needs review,Mixed,No major mock concern,Dividend quality compounds with stable cash flow.,Moderate total return with risk controls intact.,Macro or governance shock reduces valuation and income confidence.,19.4733994869353,Avoid,0.8552660051306471
GPE.LSE,GREAT PORTLAND ESTATES PLC,"Mock analyst view: quality, dividends and balance-sheet resilience are reviewed against sector risk. Narrative is improving toward quality, growth and capital return. Current regime lens: steady_state_low_chaos.","Mock risks: valuation compression, policy/regulatory shocks, dividend sustainability and liquidity stress. Regime suitability requires review. ML dividend-cut probability is elevated. Forecast distribution has downside skew risk.",Needs review,Mixed,No major mock concern,Dividend quality compounds with stable cash flow.,Moderate total return with risk controls intact.,Macro or governance shock reduces valuation and income confidence.,19.26044541977683,Avoid,0.8573955458022318
SIX2.XETRA,Sixt SE,"Mock analyst view: quality, dividends and balance-sheet resilience are reviewed against sector risk. Current regime lens: steady_state_low_chaos.","Mock risks: valuation compression, policy/regulatory shocks, dividend sustainability and liquidity stress. Narrative is reframing toward risk/deterioration. Regime suitability requires review. ML dividend-cut probability is elevated. Forecast distribution has downside skew risk.",Needs review,Mixed,No major mock concern,Dividend quality compounds with stable cash flow.,Moderate total return with risk controls intact.,Macro or governance shock reduces valuation and income confidence.,18.901741185936846,Avoid,0.8609825881406317
2638.HK,HK Electric Investments Ltd,"Mock analyst view: quality, dividends and balance-sheet resilience are reviewed against sector risk. Narrative is improving toward quality, growth and capital return. Current regime lens: steady_state_low_chaos.","Mock risks: valuation compression, policy/regulatory shocks, dividend sustainability and liquidity stress. Regime suitability requires review. ML dividend-cut probability is elevated.",Needs review,Mixed,No major mock concern,Dividend quality compounds with stable cash flow.,Moderate total return with risk controls intact.,Macro or governance shock reduces valuation and income confidence.,18.75121413142447,Avoid,0.8624878586857554
1816.HK,CGN Power,"Mock analyst view: quality, dividends and balance-sheet resilience are reviewed against sector risk. Narrative is improving toward quality, growth and capital return. Current regime lens: steady_state_low_chaos.","Mock risks: valuation compression, policy/regulatory shocks, dividend sustainability and liquidity stress. Regime suitability requires review. ML dividend-cut probability is elevated. Forecast distribution has downside skew risk.",Needs review,Mixed,No major mock concern,Dividend quality compounds with stable cash flow.,Moderate total return with risk controls intact.,Macro or governance shock reduces valuation and income confidence.,18.55444178214224,Avoid,0.8644555821785777
1788.HK,Guotai Junan International Holdings Ltd,"Mock analyst view: quality, dividends and balance-sheet resilience are reviewed against sector risk. Narrative is improving toward quality, growth and capital return. Current regime lens: steady_state_low_chaos.","Mock risks: valuation compression, policy/regulatory shocks, dividend sustainability and liquidity stress. Regime suitability requires review. ML dividend-cut probability is elevated. Forecast uncertainty is high; analyst placeholder treats this as Watchlist risk. Forecast distribution has downside skew risk.",Needs review,Mixed,No major mock concern,Dividend quality compounds with stable cash flow.,Moderate total return with risk controls intact.,Macro or governance shock reduces valuation and income confidence.,18.27499816029759,Avoid,0.8672500183970242
000062.SHE,Shenzhen Huaqiang Industry Co Ltd,"Mock analyst view: quality, dividends and balance-sheet resilience are reviewed against sector risk. Narrative is improving toward quality, growth and capital return. Current regime lens: steady_state_low_chaos.","Mock risks: valuation compression, policy/regulatory shocks, dividend sustainability and liquidity stress. ML dividend-cut probability is elevated. Forecast uncertainty is high; analyst placeholder treats this as Watchlist risk. Forecast distribution has downside skew risk.",Needs review,Mixed,No major mock concern,Dividend quality compounds with stable cash flow.,Moderate total return with risk controls intact.,Macro or governance shock reduces valuation and income confidence.,18.21770506978685,Avoid,0.8678229493021316
3998.HK,Bosideng International Holdings Ltd,"Mock analyst view: quality, dividends and balance-sheet resilience are reviewed against sector risk. Narrative is improving toward quality, growth and capital return. Current regime lens: steady_state_low_chaos.","Mock risks: valuation compression, policy/regulatory shocks, dividend sustainability and liquidity stress. Regime suitability requires review. ML dividend-cut probability is elevated.",Needs review,Mixed,No major mock concern,Dividend quality compounds with stable cash flow.,Moderate total return with risk controls intact.,Macro or governance shock reduces valuation and income confidence.,17.373646546999908,Avoid,0.8762635345300009
SW.PA,Sodexo SA,"Mock analyst view: quality, dividends and balance-sheet resilience are reviewed against sector risk. Narrative is improving toward quality, growth and capital return. Current regime lens: steady_state_low_chaos.","Mock risks: valuation compression, policy/regulatory shocks, dividend sustainability and liquidity stress. Narrative is reframing toward risk/deterioration. Regime suitability requires review. ML dividend-cut probability is elevated. Forecast distribution has downside skew risk.",Needs review,Mixed,No major mock concern,Dividend quality compounds with stable cash flow.,Moderate total return with risk controls intact.,Macro or governance shock reduces valuation and income confidence.,17.046408483853195,Avoid,0.8795359151614681
FERG.US,Ferguson Plc,"Mock analyst view: quality, dividends and balance-sheet resilience are reviewed against sector risk. Narrative is improving toward quality, growth and capital return. Current regime lens: steady_state_low_chaos.","Mock risks: valuation compression, policy/regulatory shocks, dividend sustainability and liquidity stress. ML dividend-cut probability is elevated.",Needs review,Mixed,No major mock concern,Dividend quality compounds with stable cash flow.,Moderate total return with risk controls intact.,Macro or governance shock reduces valuation and income confidence.,16.95092543803535,Avoid,0.8804907456196466
VATN.SW,Valiant Holding AG,"Mock analyst view: quality, dividends and balance-sheet resilience are reviewed against sector risk. Narrative is improving toward quality, growth and capital return. Current regime lens: steady_state_low_chaos.","Mock risks: valuation compression, policy/regulatory shocks, dividend sustainability and liquidity stress. Regime suitability requires review. ML dividend-cut probability is elevated.",Needs review,Mixed,No major mock concern,Dividend quality compounds with stable cash flow.,Moderate total return with risk controls intact.,Macro or governance shock reduces valuation and income confidence.,16.752559119330847,Avoid,0.8824744088066916
BEKN.SW,Berner Kantonalbank AG,"Mock analyst view: quality, dividends and balance-sheet resilience are reviewed against sector risk. Narrative is improving toward quality, growth and capital return. Current regime lens: steady_state_low_chaos.","Mock risks: valuation compression, policy/regulatory shocks, dividend sustainability and liquidity stress. Regime suitability requires review. ML dividend-cut probability is elevated.",Needs review,Mixed,No major mock concern,Dividend quality compounds with stable cash flow.,Moderate total return with risk controls intact.,Macro or governance shock reduces valuation and income confidence.,16.61850825649774,Avoid,0.8838149174350227
SVT.LSE,Severn Trent PLC,"Mock analyst view: quality, dividends and balance-sheet resilience are reviewed against sector risk. Narrative is improving toward quality, growth and capital return. Current regime lens: steady_state_low_chaos.","Mock risks: valuation compression, policy/regulatory shocks, dividend sustainability and liquidity stress. Regime suitability requires review. ML dividend-cut probability is elevated.",Needs review,Mixed,No major mock concern,Dividend quality compounds with stable cash flow.,Moderate total return with risk controls intact.,Macro or governance shock reduces valuation and income confidence.,16.360659426582565,Avoid,0.8863934057341745
000009.SHE,China Baoan Group Co Ltd,"Mock analyst view: quality, dividends and balance-sheet resilience are reviewed against sector risk. Narrative is improving toward quality, growth and capital return. Current regime lens: steady_state_low_chaos.","Mock risks: valuation compression, policy/regulatory shocks, dividend sustainability and liquidity stress. Regime suitability requires review. ML dividend-cut probability is elevated. Forecast uncertainty is high; analyst placeholder treats this as Watchlist risk. Forecast distribution has downside skew risk.",Needs review,Mixed,No major mock concern,Dividend quality compounds with stable cash flow.,Moderate total return with risk controls intact.,Macro or governance shock reduces valuation and income confidence.,16.072349334175488,Avoid,0.8892765066582452
BMO.US,Bank of Montreal,"Mock analyst view: quality, dividends and balance-sheet resilience are reviewed against sector risk. Narrative is improving toward quality, growth and capital return. Current regime lens: steady_state_low_chaos.","Mock risks: valuation compression, policy/regulatory shocks, dividend sustainability and liquidity stress. Distributional ML forecast shows attractive upside but asymmetric downside risk. ML dividend-cut probability is elevated.",Needs review,Mixed,No major mock concern,Dividend quality compounds with stable cash flow.,Moderate total return with risk controls intact.,Macro or governance shock reduces valuation and income confidence.,15.33205153352354,Avoid,0.8966794846647647
BARN.SW,Barry Callebaut AG,"Mock analyst view: quality, dividends and balance-sheet resilience are reviewed against sector risk. Narrative is improving toward quality, growth and capital return. Current regime lens: steady_state_low_chaos.","Mock risks: valuation compression, policy/regulatory shocks, dividend sustainability and liquidity stress. Regime suitability requires review. ML dividend-cut probability is elevated. Forecast uncertainty is high; analyst placeholder treats this as Watchlist risk. Forecast distribution has downside skew risk.",Needs review,Mixed,No major mock concern,Dividend quality compounds with stable cash flow.,Moderate total return with risk controls intact.,Macro or governance shock reduces valuation and income confidence.,14.655858473881132,Avoid,0.9
TYRES.HE,Nokian Renkaat Oyj,"Mock analyst view: quality, dividends and balance-sheet resilience are reviewed against sector risk. Narrative is improving toward quality, growth and capital return. Current regime lens: steady_state_low_chaos.","Mock risks: valuation compression, policy/regulatory shocks, dividend sustainability and liquidity stress. Regime suitability requires review. ML dividend-cut probability is elevated. Forecast uncertainty is high; analyst placeholder treats this as Watchlist risk. Forecast distribution has downside skew risk.",Needs review,Mixed,No major mock concern,Dividend quality compounds with stable cash flow.,Moderate total return with risk controls intact.,Macro or governance shock reduces valuation and income confidence.,14.56309481539855,Avoid,0.9
3958.HK,Orient Securities Co Ltd H,"Mock analyst view: quality, dividends and balance-sheet resilience are reviewed against sector risk. Current regime lens: steady_state_low_chaos.","Mock risks: valuation compression, policy/regulatory shocks, dividend sustainability and liquidity stress. Narrative is reframing toward risk/deterioration. Regime suitability requires review. ML dividend-cut probability is elevated. Forecast distribution has downside skew risk.",Needs review,Mixed,No major mock concern,Dividend quality compounds with stable cash flow.,Moderate total return with risk controls intact.,Macro or governance shock reduces valuation and income confidence.,14.545402479822275,Avoid,0.9
FAN.LSE,Volution Group plc,"Mock analyst view: quality, dividends and balance-sheet resilience are reviewed against sector risk. Narrative is improving toward quality, growth and capital return. Current regime lens: steady_state_low_chaos.","Mock risks: valuation compression, policy/regulatory shocks, dividend sustainability and liquidity stress. Regime suitability requires review. ML dividend-cut probability is elevated.",Needs review,Mixed,No major mock concern,Dividend quality compounds with stable cash flow.,Moderate total return with risk controls intact.,Macro or governance shock reduces valuation and income confidence.,14.168894941039518,Avoid,0.9
TD.US,Toronto Dominion Bank,"Mock analyst view: quality, dividends and balance-sheet resilience are reviewed against sector risk. Narrative is improving toward quality, growth and capital return. Current regime lens: steady_state_low_chaos.","Mock risks: valuation compression, policy/regulatory shocks, dividend sustainability and liquidity stress. Distributional ML forecast shows attractive upside but asymmetric downside risk. ML dividend-cut probability is elevated.",Needs review,Mixed,No major mock concern,Dividend quality compounds with stable cash flow.,Moderate total return with risk controls intact.,Macro or governance shock reduces valuation and income confidence.,14.150801533523541,Avoid,0.9
600905.SHG,China Three Gorges New Energy Group Co Ltd,"Mock analyst view: quality, dividends and balance-sheet resilience are reviewed against sector risk. Narrative is improving toward quality, growth and capital return. Current regime lens: steady_state_low_chaos.","Mock risks: valuation compression, policy/regulatory shocks, dividend sustainability and liquidity stress. Regime suitability requires review. ML dividend-cut probability is elevated. Forecast distribution has downside skew risk.",Needs review,Mixed,No major mock concern,Dividend quality compounds with stable cash flow.,Moderate total return with risk controls intact.,Macro or governance shock reduces valuation and income confidence.,13.428742497383386,Avoid,0.9
JDW.LSE,J D Wetherspoon PLC,"Mock analyst view: quality, dividends and balance-sheet resilience are reviewed against sector risk. Narrative is improving toward quality, growth and capital return. Current regime lens: steady_state_low_chaos.","Mock risks: valuation compression, policy/regulatory shocks, dividend sustainability and liquidity stress. ML dividend-cut probability is elevated.",Needs review,Mixed,No major mock concern,Dividend quality compounds with stable cash flow.,Moderate total return with risk controls intact.,Macro or governance shock reduces valuation and income confidence.,12.784593935283013,Avoid,0.9
600362.SHG,Jiangxi Copper Co Ltd Class A,"Mock analyst view: quality, dividends and balance-sheet resilience are reviewed against sector risk. Narrative is improving toward quality, growth and capital return. Current regime lens: steady_state_low_chaos.","Mock risks: valuation compression, policy/regulatory shocks, dividend sustainability and liquidity stress. ML dividend-cut probability is elevated. Forecast uncertainty is high; analyst placeholder treats this as Watchlist risk. Forecast distribution has downside skew risk.",Needs review,Mixed,No major mock concern,Dividend quality compounds with stable cash flow.,Moderate total return with risk controls intact.,Macro or governance shock reduces valuation and income confidence.,12.28001593228678,Avoid,0.9
PSN.LSE,Persimmon PLC,"Mock analyst view: quality, dividends and balance-sheet resilience are reviewed against sector risk. Narrative is improving toward quality, growth and capital return. Current regime lens: steady_state_low_chaos.","Mock risks: valuation compression, policy/regulatory shocks, dividend sustainability and liquidity stress. Regime suitability requires review. ML dividend-cut probability is elevated. Forecast distribution has downside skew risk.",Needs review,Mixed,No major mock concern,Dividend quality compounds with stable cash flow.,Moderate total return with risk controls intact.,Macro or governance shock reduces valuation and income confidence.,11.94333797014578,Avoid,0.9
BNS.US,Bank of Nova Scotia,"Mock analyst view: quality, dividends and balance-sheet resilience are reviewed against sector risk. Narrative is improving toward quality, growth and capital return. Current regime lens: steady_state_low_chaos.","Mock risks: valuation compression, policy/regulatory shocks, dividend sustainability and liquidity stress. Distributional ML forecast shows attractive upside but asymmetric downside risk. ML dividend-cut probability is elevated.",Needs review,Mixed,No major mock concern,Dividend quality compounds with stable cash flow.,Moderate total return with risk controls intact.,Macro or governance shock reduces valuation and income confidence.,11.87955153352354,Avoid,0.9
LUKN.SW,Luzerner Kantonalbank AG,"Mock analyst view: quality, dividends and balance-sheet resilience are reviewed against sector risk. Narrative is improving toward quality, growth and capital return. Current regime lens: steady_state_low_chaos.","Mock risks: valuation compression, policy/regulatory shocks, dividend sustainability and liquidity stress. Regime suitability requires review. ML dividend-cut probability is elevated.",Needs review,Mixed,No major mock concern,Dividend quality compounds with stable cash flow.,Moderate total return with risk controls intact.,Macro or governance shock reduces valuation and income confidence.,11.682895470623304,Avoid,0.9
3668.HK,Yancoal Australia Ltd,"Mock analyst view: quality, dividends and balance-sheet resilience are reviewed against sector risk. Narrative is improving toward quality, growth and capital return. Current regime lens: steady_state_low_chaos.","Mock risks: valuation compression, policy/regulatory shocks, dividend sustainability and liquidity stress. Regime suitability requires review. ML dividend-cut probability is elevated. Forecast uncertainty is high; analyst placeholder treats this as Watchlist risk. Forecast distribution has downside skew risk.",Needs review,Mixed,No major mock concern,Dividend quality compounds with stable cash flow.,Moderate total return with risk controls intact.,Macro or governance shock reduces valuation and income confidence.,11.559984075439953,Avoid,0.9
ITUB.US,Itau Unibanco Banco Holding SA,"Mock analyst view: quality, dividends and balance-sheet resilience are reviewed against sector risk. Narrative is improving toward quality, growth and capital return. Current regime lens: steady_state_low_chaos.","Mock risks: valuation compression, policy/regulatory shocks, dividend sustainability and liquidity stress. Narrative is reframing toward risk/deterioration. ML dividend-cut probability is elevated.",Needs review,Mixed,No major mock concern,Dividend quality compounds with stable cash flow.,Moderate total return with risk controls intact.,Macro or governance shock reduces valuation and income confidence.,11.279551533523538,Avoid,0.9
0016.HK,Sun Hung Kai Properties Ltd,"Mock analyst view: quality, dividends and balance-sheet resilience are reviewed against sector risk. Narrative is improving toward quality, growth and capital return. Current regime lens: steady_state_low_chaos.","Mock risks: valuation compression, policy/regulatory shocks, dividend sustainability and liquidity stress. ML dividend-cut probability is elevated.",Needs review,Mixed,No major mock concern,Dividend quality compounds with stable cash flow.,Moderate total return with risk controls intact.,Macro or governance shock reduces valuation and income confidence.,10.785518371683416,Avoid,0.9
SMFG.US,Sumitomo Mitsui Financial Group Inc,"Mock analyst view: quality, dividends and balance-sheet resilience are reviewed against sector risk. Narrative is improving toward quality, growth and capital return. Current regime lens: steady_state_low_chaos.","Mock risks: valuation compression, policy/regulatory shocks, dividend sustainability and liquidity stress. ML dividend-cut probability is elevated.",Needs review,Mixed,No major mock concern,Dividend quality compounds with stable cash flow.,Moderate total return with risk controls intact.,Macro or governance shock reduces valuation and income confidence.,10.16705153352354,Avoid,0.9
000878.SHE,Yunnan Copper Co Ltd,"Mock analyst view: quality, dividends and balance-sheet resilience are reviewed against sector risk. Narrative is improving toward quality, growth and capital return. Current regime lens: steady_state_low_chaos.","Mock risks: valuation compression, policy/regulatory shocks, dividend sustainability and liquidity stress. Regime suitability requires review. ML dividend-cut probability is elevated. Forecast uncertainty is high; analyst placeholder treats this as Watchlist risk. Forecast distribution has downside skew risk.",Needs review,Mixed,No major mock concern,Dividend quality compounds with stable cash flow.,Moderate total return with risk controls intact.,Macro or governance shock reduces valuation and income confidence.,9.305079151359621,Avoid,0.9
MFG.US,Mizuho Financial Group Inc.,"Mock analyst view: quality, dividends and balance-sheet resilience are reviewed against sector risk. Current regime lens: steady_state_low_chaos.","Mock risks: valuation compression, policy/regulatory shocks, dividend sustainability and liquidity stress. Narrative is reframing toward risk/deterioration. Credit/refinancing pressure is increasingly central to the equity story. ML dividend-cut probability is elevated.",Needs review,Mixed,No major mock concern,Dividend quality compounds with stable cash flow.,Moderate total return with risk controls intact.,Macro or governance shock reduces valuation and income confidence.,8.917051533523537,Avoid,0.9
BGEO.LSE,Lion Finance Group PLC,"Mock analyst view: quality, dividends and balance-sheet resilience are reviewed against sector risk. Narrative is improving toward quality, growth and capital return. Current regime lens: steady_state_low_chaos.","Mock risks: valuation compression, policy/regulatory shocks, dividend sustainability and liquidity stress. Regime suitability requires review. ML dividend-cut probability is elevated.",Needs review,Mixed,No major mock concern,Dividend quality compounds with stable cash flow.,Moderate total return with risk controls intact.,Macro or governance shock reduces valuation and income confidence.,8.56705153352354,Avoid,0.9
TBCG.LSE,TBC Bank Group PLC,"Mock analyst view: quality, dividends and balance-sheet resilience are reviewed against sector risk. Narrative is improving toward quality, growth and capital return. Current regime lens: steady_state_low_chaos.","Mock risks: valuation compression, policy/regulatory shocks, dividend sustainability and liquidity stress. Regime suitability requires review. ML dividend-cut probability is elevated.",Needs review,Mixed,No major mock concern,Dividend quality compounds with stable cash flow.,Moderate total return with risk controls intact.,Macro or governance shock reduces valuation and income confidence.,8.317051533523538,Avoid,0.9
MFC.US,Manulife Financial Corp,"Mock analyst view: quality, dividends and balance-sheet resilience are reviewed against sector risk. Narrative is improving toward quality, growth and capital return. Current regime lens: steady_state_low_chaos.","Mock risks: valuation compression, policy/regulatory shocks, dividend sustainability and liquidity stress. ML dividend-cut probability is elevated.",Needs review,Mixed,No major mock concern,Dividend quality compounds with stable cash flow.,Moderate total return with risk controls intact.,Macro or governance shock reduces valuation and income confidence.,8.317051533523538,Avoid,0.9
HDB.US,HDFC Bank Limited ADR,"Mock analyst view: quality, dividends and balance-sheet resilience are reviewed against sector risk. Narrative is improving toward quality, growth and capital return. Current regime lens: steady_state_low_chaos.","Mock risks: valuation compression, policy/regulatory shocks, dividend sustainability and liquidity stress. ML dividend-cut probability is elevated.",Needs review,Mixed,No major mock concern,Dividend quality compounds with stable cash flow.,Moderate total return with risk controls intact.,Macro or governance shock reduces valuation and income confidence.,8.317051533523538,Avoid,0.9
CM.US,Canadian Imperial Bank Of Commerce,"Mock analyst view: quality, dividends and balance-sheet resilience are reviewed against sector risk. Current regime lens: steady_state_low_chaos.","Mock risks: valuation compression, policy/regulatory shocks, dividend sustainability and liquidity stress. Narrative is reframing toward risk/deterioration. ML dividend-cut probability is elevated.",Needs review,Mixed,No major mock concern,Dividend quality compounds with stable cash flow.,Moderate total return with risk controls intact.,Macro or governance shock reduces valuation and income confidence.,7.817051533523539,Avoid,0.9
0817.HK,China Jinmao Holdings Group Ltd,"Mock analyst view: quality, dividends and balance-sheet resilience are reviewed against sector risk. Narrative is improving toward quality, growth and capital return. Current regime lens: steady_state_low_chaos.","Mock risks: valuation compression, policy/regulatory shocks, dividend sustainability and liquidity stress. Regime suitability requires review. ML dividend-cut probability is elevated. Forecast uncertainty is high; analyst placeholder treats this as Watchlist risk. Forecast distribution has downside skew risk.",Needs review,Mixed,No major mock concern,Dividend quality compounds with stable cash flow.,Moderate total return with risk controls intact.,Macro or governance shock reduces valuation and income confidence.,7.694753797354883,Avoid,0.9
GLE.PA,Societe Generale S.A.,"Mock analyst view: quality, dividends and balance-sheet resilience are reviewed against sector risk. Narrative is improving toward quality, growth and capital return. Current regime lens: steady_state_low_chaos.","Mock risks: valuation compression, policy/regulatory shocks, dividend sustainability and liquidity stress. ML dividend-cut probability is elevated. Forecast distribution has downside skew risk.",Needs review,Mixed,No major mock concern,Dividend quality compounds with stable cash flow.,Moderate total return with risk controls intact.,Macro or governance shock reduces valuation and income confidence.,7.351953619264604,Avoid,0.9
ASX.US,ASE Industrial Holding Co Ltd ADR,"Mock analyst view: quality, dividends and balance-sheet resilience are reviewed against sector risk. Current regime lens: steady_state_low_chaos.","Mock risks: valuation compression, policy/regulatory shocks, dividend sustainability and liquidity stress. Distributional ML forecast shows attractive upside but asymmetric downside risk. ML dividend-cut probability is elevated. Forecast uncertainty is high; analyst placeholder treats this as Watchlist risk. Forecast distribution has downside skew risk.",Needs review,Mixed,No major mock concern,Dividend quality compounds with stable cash flow.,Moderate total return with risk controls intact.,Macro or governance shock reduces valuation and income confidence.,7.030624999999999,Avoid,0.9
BWY.LSE,Bellway PLC,"Mock analyst view: quality, dividends and balance-sheet resilience are reviewed against sector risk. Current regime lens: steady_state_low_chaos.","Mock risks: valuation compression, policy/regulatory shocks, dividend sustainability and liquidity stress. Narrative is reframing toward risk/deterioration. Credit/refinancing pressure is increasingly central to the equity story. Regime suitability requires review. ML dividend-cut probability is elevated. Forecast distribution has downside skew risk.",Needs review,Mixed,No major mock concern,Dividend quality compounds with stable cash flow.,Moderate total return with risk controls intact.,Macro or governance shock reduces valuation and income confidence.,6.903250520823335,Avoid,0.9
NOBA.ST,NOBA Bank,"Mock analyst view: quality, dividends and balance-sheet resilience are reviewed against sector risk. Narrative is improving toward quality, growth and capital return. Current regime lens: steady_state_low_chaos.","Mock risks: valuation compression, policy/regulatory shocks, dividend sustainability and liquidity stress. Narrative is reframing toward risk/deterioration. Regime suitability requires review. ML dividend-cut probability is elevated. Forecast uncertainty is high; analyst placeholder treats this as Watchlist risk. Forecast distribution has downside skew risk.",Needs review,Mixed,No major mock concern,Dividend quality compounds with stable cash flow.,Moderate total return with risk controls intact.,Macro or governance shock reduces valuation and income confidence.,6.23353125700919,Avoid,0.9
SMIN.LSE,Smiths Group PLC,"Mock analyst view: quality, dividends and balance-sheet resilience are reviewed against sector risk. Narrative is improving toward quality, growth and capital return. Current regime lens: steady_state_low_chaos.","Mock risks: valuation compression, policy/regulatory shocks, dividend sustainability and liquidity stress. Regime suitability requires review. ML dividend-cut probability is elevated.",Needs review,Mixed,No major mock concern,Dividend quality compounds with stable cash flow.,Moderate total return with risk controls intact.,Macro or governance shock reduces valuation and income confidence.,5.883160189692706,Avoid,0.9
MUFG.US,Mitsubishi UFJ Financial Group Inc ADR,"Mock analyst view: quality, dividends and balance-sheet resilience are reviewed against sector risk. Narrative is improving toward quality, growth and capital return. Current regime lens: steady_state_low_chaos.","Mock risks: valuation compression, policy/regulatory shocks, dividend sustainability and liquidity stress. Narrative is reframing toward risk/deterioration. ML dividend-cut probability is elevated.",Needs review,Mixed,No major mock concern,Dividend quality compounds with stable cash flow.,Moderate total return with risk controls intact.,Macro or governance shock reduces valuation and income confidence.,5.523301533523538,Avoid,0.9
RY.US,Royal Bank of Canada,"Mock analyst view: quality, dividends and balance-sheet resilience are reviewed against sector risk. Narrative is improving toward quality, growth and capital return. Current regime lens: steady_state_low_chaos.","Mock risks: valuation compression, policy/regulatory shocks, dividend sustainability and liquidity stress. ML dividend-cut probability is elevated.",Needs review,Mixed,No major mock concern,Dividend quality compounds with stable cash flow.,Moderate total return with risk controls intact.,Macro or governance shock reduces valuation and income confidence.,4.604551533523537,Avoid,0.9
FEVR.LSE,Fevertree Drinks Plc,"Mock analyst view: quality, dividends and balance-sheet resilience are reviewed against sector risk. Narrative is improving toward quality, growth and capital return. Current regime lens: steady_state_low_chaos.","Mock risks: valuation compression, policy/regulatory shocks, dividend sustainability and liquidity stress. Regime suitability requires review. ML dividend-cut probability is elevated. Forecast distribution has downside skew risk.",Needs review,Mixed,No major mock concern,Dividend quality compounds with stable cash flow.,Moderate total return with risk controls intact.,Macro or governance shock reduces valuation and income confidence.,3.7648844729075925,Avoid,0.9
TOELY.US,Tokyo Electron Ltd PK,"Mock analyst view: quality, dividends and balance-sheet resilience are reviewed against sector risk. Current regime lens: steady_state_low_chaos.","Mock risks: valuation compression, policy/regulatory shocks, dividend sustainability and liquidity stress. Narrative is reframing toward risk/deterioration. ML dividend-cut probability is elevated. Forecast uncertainty is high; analyst placeholder treats this as Watchlist risk. Forecast distribution has downside skew risk.",Needs review,Mixed,No major mock concern,Dividend quality compounds with stable cash flow.,Moderate total return with risk controls intact.,Macro or governance shock reduces valuation and income confidence.,2.8468750000000007,Avoid,0.9
SU.US,Suncor Energy Inc,"Mock analyst view: quality, dividends and balance-sheet resilience are reviewed against sector risk. Narrative is improving toward quality, growth and capital return. Current regime lens: steady_state_low_chaos.","Mock risks: valuation compression, policy/regulatory shocks, dividend sustainability and liquidity stress. Distributional ML forecast shows attractive upside but asymmetric downside risk. ML dividend-cut probability is elevated.",Needs review,Mixed,No major mock concern,Dividend quality compounds with stable cash flow.,Moderate total return with risk controls intact.,Macro or governance shock reduces valuation and income confidence.,1.8656249999999996,Avoid,0.9
VALT.LSE,Valterra Platinum Limited,"Mock analyst view: quality, dividends and balance-sheet resilience are reviewed against sector risk. Current regime lens: steady_state_low_chaos.","Mock risks: valuation compression, policy/regulatory shocks, dividend sustainability and liquidity stress. Regime suitability requires review. ML dividend-cut probability is elevated. Forecast uncertainty is high; analyst placeholder treats this as Watchlist risk. Forecast distribution has downside skew risk.",Needs review,Mixed,No major mock concern,Dividend quality compounds with stable cash flow.,Moderate total return with risk controls intact.,Macro or governance shock reduces valuation and income confidence.,1.6656250000000004,Avoid,0.9
ENB.US,Enbridge Inc,"Mock analyst view: quality, dividends and balance-sheet resilience are reviewed against sector risk. Narrative is improving toward quality, growth and capital return. Current regime lens: steady_state_low_chaos.","Mock risks: valuation compression, policy/regulatory shocks, dividend sustainability and liquidity stress. ML dividend-cut probability is elevated.",Needs review,Mixed,No major mock concern,Dividend quality compounds with stable cash flow.,Moderate total return with risk controls intact.,Macro or governance shock reduces valuation and income confidence.,1.0656250000000007,Avoid,0.9
UMC.US,United Microelectronics,"Mock analyst view: quality, dividends and balance-sheet resilience are reviewed against sector risk. Narrative is improving toward quality, growth and capital return. Current regime lens: steady_state_low_chaos.","Mock risks: valuation compression, policy/regulatory shocks, dividend sustainability and liquidity stress. Distributional ML forecast shows attractive upside but asymmetric downside risk. ML dividend-cut probability is elevated. Forecast uncertainty is high; analyst placeholder treats this as Watchlist risk. Forecast distribution has downside skew risk.",Needs review,Mixed,No major mock concern,Dividend quality compounds with stable cash flow.,Moderate total return with risk controls intact.,Macro or governance shock reduces valuation and income confidence.,1.0656250000000007,Avoid,0.9
PBR.US,Petroleo Brasileiro Petrobras SA ADR,"Mock analyst view: quality, dividends and balance-sheet resilience are reviewed against sector risk. Narrative is improving toward quality, growth and capital return. Current regime lens: steady_state_low_chaos.","Mock risks: valuation compression, policy/regulatory shocks, dividend sustainability and liquidity stress. Distributional ML forecast shows attractive upside but asymmetric downside risk. ML dividend-cut probability is elevated.",Needs review,Mixed,No major mock concern,Dividend quality compounds with stable cash flow.,Moderate total return with risk controls intact.,Macro or governance shock reduces valuation and income confidence.,1.0656250000000007,Avoid,0.9
TM.US,Toyota Motor Corporation ADR,"Mock analyst view: quality, dividends and balance-sheet resilience are reviewed against sector risk. Current regime lens: steady_state_low_chaos.","Mock risks: valuation compression, policy/regulatory shocks, dividend sustainability and liquidity stress. Narrative is reframing toward risk/deterioration. ML dividend-cut probability is elevated.",Needs review,Mixed,No major mock concern,Dividend quality compounds with stable cash flow.,Moderate total return with risk controls intact.,Macro or governance shock reduces valuation and income confidence.,0.5031250000000007,Avoid,0.9
CVE.US,Cenovus Energy Inc,"Mock analyst view: quality, dividends and balance-sheet resilience are reviewed against sector risk. Current regime lens: steady_state_low_chaos.","Mock risks: valuation compression, policy/regulatory shocks, dividend sustainability and liquidity stress. Narrative is reframing toward risk/deterioration. Distributional ML forecast shows attractive upside but asymmetric downside risk. ML dividend-cut probability is elevated.",Needs review,Mixed,No major mock concern,Dividend quality compounds with stable cash flow.,Moderate total return with risk controls intact.,Macro or governance shock reduces valuation and income confidence.,0.390625,Avoid,0.9
014.F,Rand Mining Limited,"Mock analyst view: quality, dividends and balance-sheet resilience are reviewed against sector risk. Narrative is improving toward quality, growth and capital return. Current regime lens: steady_state_low_chaos.","Mock risks: valuation compression, policy/regulatory shocks, dividend sustainability and liquidity stress. Regime suitability requires review. ML dividend-cut probability is elevated. Forecast uncertainty is high; analyst placeholder treats this as Watchlist risk. Forecast distribution has downside skew risk.",Needs review,Mixed,No major mock concern,Dividend quality compounds with stable cash flow.,Moderate total return with risk controls intact.,Macro or governance shock reduces valuation and income confidence.,0.1718749999999991,Avoid,0.9
CNI.US,Canadian National Railway Company,"Mock analyst view: quality, dividends and balance-sheet resilience are reviewed against sector risk. Narrative is improving toward quality, growth and capital return. Current regime lens: steady_state_low_chaos.","Mock risks: valuation compression, policy/regulatory shocks, dividend sustainability and liquidity stress. ML dividend-cut probability is elevated.",Needs review,Mixed,No major mock concern,Dividend quality compounds with stable cash flow.,Moderate total return with risk controls intact.,Macro or governance shock reduces valuation and income confidence.,0,Avoid,0.9
TRP.US,TC Energy Corp,"Mock analyst view: quality, dividends and balance-sheet resilience are reviewed against sector risk. Narrative is improving toward quality, growth and capital return. Current regime lens: steady_state_low_chaos.","Mock risks: valuation compression, policy/regulatory shocks, dividend sustainability and liquidity stress. ML dividend-cut probability is elevated.",Needs review,Mixed,No major mock concern,Dividend quality compounds with stable cash flow.,Moderate total return with risk controls intact.,Macro or governance shock reduces valuation and income confidence.,0,Avoid,0.9
KIE.LSE,Kier Group PLC,"Mock analyst view: quality, dividends and balance-sheet resilience are reviewed against sector risk. Current regime lens: steady_state_low_chaos.","Mock risks: valuation compression, policy/regulatory shocks, dividend sustainability and liquidity stress. Narrative is reframing toward risk/deterioration. Regime suitability requires review. ML dividend-cut probability is elevated.",Needs review,Mixed,No major mock concern,Dividend quality compounds with stable cash flow.,Moderate total return with risk controls intact.,Macro or governance shock reduces valuation and income confidence.,0,Avoid,0.9
CNQ.US,Canadian Natural Resources Ltd,"Mock analyst view: quality, dividends and balance-sheet resilience are reviewed against sector risk. Narrative is improving toward quality, growth and capital return. Current regime lens: steady_state_low_chaos.","Mock risks: valuation compression, policy/regulatory shocks, dividend sustainability and liquidity stress. ML dividend-cut probability is elevated.",Needs review,Mixed,No major mock concern,Dividend quality compounds with stable cash flow.,Moderate total return with risk controls intact.,Macro or governance shock reduces valuation and income confidence.,0,Avoid,0.9
