security_id,ticker,sector,country,region,currency,regime_suitability_score,crisis_suitability_score,inflation_suitability_score,steady_state_suitability_score,walking_on_ice_suitability_score,europe_recession_suitability_score,china_policy_stress_suitability_score,uk_rate_pressure_suitability_score,credit_stress_suitability_score,regime_weight_adjustment,regime_review_required_flag,regime_exclusion_flag,dominant_regime,regime_risk_score,regime_deterioration_probability,regime_commentary
600600.SHG,600600.SHG,Consumer Staples,China,Mainland China,CNY,49.13311315786419,80.32112705451759,53.42766286329977,49.13311315786419,63.72916746621328,80.32112705451759,53.654460387850925,65.32112705451759,100,-0.0008668868421358127,False,False,steady_state_low_chaos,20.596924990401064,0.3979539343665017,Regime suitability reflects current fused market state and stock risk profile.
600660.SHG,600660.SHG,Consumer Discretionary,China,Mainland China,CNY,54.000317470612245,49.325651874182356,45.84289080825604,54.000317470612245,58.71677869691584,59.325651874182356,47.65898520751569,59.325651874182356,85.3371208440896,0.004000317470612245,False,False,steady_state_low_chaos,20.596924990401064,0.3979539343665017,Regime suitability reflects current fused market state and stock risk profile.
600674.SHG,600674.SHG,Utilities,China,Mainland China,CNY,38.64689213155209,60.083865136143054,31.186303960820997,38.64689213155209,45.75115147859096,60.083865136143054,33.41719846947639,45.083865136143054,39.69373384994924,-0.011353107868447907,False,False,steady_state_low_chaos,20.596924990401064,0.3979539343665017,Regime suitability reflects current fused market state and stock risk profile.
600690.SHG,600690.SHG,Consumer Discretionary,China,Mainland China,CNY,70.99966385693455,56.05107850080398,45.62603911365936,70.99966385693455,68.26707652963348,66.05107850080398,66.05107850080398,66.05107850080398,91.80232543719521,0.020999663856934546,False,False,steady_state_low_chaos,20.596924990401064,0.3979539343665017,Regime suitability reflects current fused market state and stock risk profile.
000538.SHE,000538.SHE,Healthcare,China,Mainland China,CNY,50.61551909263403,70.61733697534139,51.70778866480084,50.61551909263403,52.37572407309288,70.61733697534139,55.61733697534139,55.61733697534139,88.66668337310239,0.000615519092634031,False,False,steady_state_low_chaos,20.596924990401064,0.3979539343665017,Regime suitability reflects current fused market state and stock risk profile.
600801.SHG,600801.SHG,Materials,China,Mainland China,CNY,59.70431986248319,36.985130577292495,60.997878379418594,59.70431986248319,49.961712552016046,46.985130577292495,46.985130577292495,46.985130577292495,52.180463012013405,0.009704319862483188,False,False,steady_state_low_chaos,20.596924990401064,0.3979539343665017,Regime suitability reflects current fused market state and stock risk profile.
600809.SHG,600809.SHG,Consumer Staples,China,Mainland China,CNY,66.92040029476556,79.96248936643725,47.76939588273456,66.92040029476556,69.33326840029365,79.96248936643725,53.29582269977059,64.96248936643725,93.28576442571872,0.016920400294765558,False,False,steady_state_low_chaos,20.596924990401064,0.3979539343665017,Regime suitability reflects current fused market state and stock risk profile.
000559.SHE,000559.SHE,Consumer Discretionary,China,Mainland China,CNY,45.222175106873834,44.48361250124426,47.98689121590714,45.222175106873834,47.85117220044719,54.48361250124426,42.816945834577595,54.48361250124426,83.06788196033284,-0.004777824893126166,False,False,steady_state_low_chaos,20.596924990401064,0.3979539343665017,Regime suitability reflects current fused market state and stock risk profile.
000166.SHE,000166.SHE,Financials,China,Mainland China,CNY,36.95619824943682,36.28986159452187,60,36.95619824943682,42.49036933016274,46.28986159452187,34.6231949278552,46.28986159452187,49.28986159452187,-0.013043801750563183,False,False,steady_state_low_chaos,20.596924990401064,0.3979539343665017,Regime suitability reflects current fused market state and stock risk profile.
600845.SHG,600845.SHG,Technology,China,Mainland China,CNY,32.3699588428947,40.442955023206025,52.03845021039642,32.3699588428947,37.97073760460543,50.442955023206025,50.442955023206025,50.442955023206025,83.88909527568173,-0.017630041157105304,True,False,steady_state_low_chaos,20.596924990401064,0.3979539343665017,Regime suitability reflects current fused market state and stock risk profile.
000568.SHE,000568.SHE,Consumer Staples,China,Mainland China,CNY,56.38461210184357,75.01303878367098,52.11679330966174,56.38461210184357,59.62650714305231,75.01303878367098,60.01303878367098,60.01303878367098,93.55319075526506,0.006384612101843572,False,False,steady_state_low_chaos,20.596924990401064,0.3979539343665017,Regime suitability reflects current fused market state and stock risk profile.
600863.SHG,600863.SHG,Utilities,China,Mainland China,CNY,67.16778004116303,69.51556502010354,34.50110855042035,67.16778004116303,55.69454320477608,69.51556502010354,54.515565020103544,54.515565020103544,56.418003831028315,0.01716778004116303,False,False,steady_state_low_chaos,20.596924990401064,0.3979539343665017,Regime suitability reflects current fused market state and stock risk profile.
000039.SHE,000039.SHE,Industrials,China,Mainland China,CNY,42.956859088361284,32.46354772929549,64.2207652728395,42.956859088361284,36.164874854486705,42.46354772929549,30.796881062628827,42.46354772929549,54.749231329542376,-0.007043140911638716,False,False,steady_state_low_chaos,20.596924990401064,0.3979539343665017,Regime suitability reflects current fused market state and stock risk profile.
600875.SHG,600875.SHG,Industrials,China,Mainland China,CNY,44.145276102712785,58.5754110437359,85.444783932198,44.145276102712785,60.05456805541657,68.5754110437359,56.90874437706923,68.5754110437359,100,-0.005854723897287215,False,False,steady_state_low_chaos,20.596924990401064,0.3979539343665017,Regime suitability reflects current fused market state and stock risk profile.
600886.SHG,600886.SHG,Utilities,China,Mainland China,CNY,64.75575048525752,56.112076588372865,22.8892286447743,64.75575048525752,49.267365713600675,56.112076588372865,29.4454099217062,41.112076588372865,17.468379606876326,0.014755750485257521,False,False,steady_state_low_chaos,20.596924990401064,0.3979539343665017,Regime suitability reflects current fused market state and stock risk profile.
600887.SHG,600887.SHG,Consumer Staples,China,Mainland China,CNY,66.2657658062405,69.30685648597019,36.733865229399875,66.2657658062405,56.733940076080955,69.30685648597019,54.30685648597019,54.30685648597019,61.12135999064992,0.016265765806240496,False,False,steady_state_low_chaos,20.596924990401064,0.3979539343665017,Regime suitability reflects current fused market state and stock risk profile.
000408.SHE,000408.SHE,Materials,China,Mainland China,CNY,47.99764439187203,49.81350935841384,72.26807232408365,47.99764439187203,56.88034998585769,59.81350935841384,59.81350935841384,59.81350935841384,87.53519614731421,-0.0020023556081279707,False,False,steady_state_low_chaos,20.596924990401064,0.3979539343665017,Regime suitability reflects current fused market state and stock risk profile.
600741.SHG,600741.SHG,Consumer Discretionary,China,Mainland China,CNY,64.53896165387134,47.65867182587389,50.01297466500384,64.53896165387134,61.534942226299,57.65867182587389,57.65867182587389,57.65867182587389,88.6742414238785,0.01453896165387134,False,False,steady_state_low_chaos,20.596924990401064,0.3979539343665017,Regime suitability reflects current fused market state and stock risk profile.
000425.SHE,000425.SHE,Industrials,China,Mainland China,CNY,74.50457816980523,47.963476958896244,61.69735173120215,74.50457816980523,63.72486788692157,57.963476958896244,46.29681029222958,57.963476958896244,64.69765076754098,0.024504578169805228,False,False,steady_state_low_chaos,20.596924990401064,0.3979539343665017,Regime suitability reflects current fused market state and stock risk profile.
000596.SHE,000596.SHE,Consumer Staples,China,Mainland China,CNY,40.711314972464436,73.42733678157398,56.63039167958653,40.711314972464436,53.75114093776799,73.42733678157398,46.76067011490731,58.42733678157398,97.38380679707782,-0.009288685027535564,False,False,steady_state_low_chaos,20.596924990401064,0.3979539343665017,Regime suitability reflects current fused market state and stock risk profile.
000617.SHE,000617.SHE,Financials,China,Mainland China,CNY,31.969256878264698,25.13790214856195,31.886982001716405,31.969256878264698,35.80999307121609,35.13790214856195,23.471235481895285,35.13790214856195,0,-0.0180307431217353,True,False,steady_state_low_chaos,20.596924990401064,0.3979539343665017,Regime suitability reflects current fused market state and stock risk profile.
000651.SHE,000651.SHE,Consumer Discretionary,China,Mainland China,CNY,76.69533650041012,53.12420176666093,51.77690532630723,76.69533650041012,61.54928683875225,63.12420176666093,63.12420176666093,63.12420176666093,96.2564881582296,0.026695336500410123,False,False,steady_state_low_chaos,20.596924990401064,0.3979539343665017,Regime suitability reflects current fused market state and stock risk profile.
000630.SHE,000630.SHE,Materials,China,Mainland China,CNY,39.8440950510402,42.80233564233366,59.63857158744648,39.8440950510402,43.01759946017026,52.80233564233366,52.80233564233366,52.80233564233366,55.007193134715905,-0.010155904948959802,False,False,steady_state_low_chaos,20.596924990401064,0.3979539343665017,Regime suitability reflects current fused market state and stock risk profile.
000062.SHE,000062.SHE,Technology,China,Mainland China,CNY,37.97937232549263,27.41908473113586,20.84182204267941,37.97937232549263,37.31408120185953,37.41908473113586,37.41908473113586,37.41908473113586,9.271093225030562,-0.012020627674507367,False,False,steady_state_low_chaos,20.596924990401064,0.3979539343665017,Regime suitability reflects current fused market state and stock risk profile.
600795.SHG,600795.SHG,Utilities,China,Mainland China,CNY,68.31856332847903,54.909858644667594,14.956936775739898,68.31856332847903,50.359800031647396,54.909858644667594,39.909858644667594,39.909858644667594,3.858182775555477,0.018318563328479028,False,False,steady_state_low_chaos,20.596924990401064,0.3979539343665017,Regime suitability reflects current fused market state and stock risk profile.
000708.SHE,000708.SHE,Materials,China,Mainland China,CNY,63.19771861055233,45.423892167182906,61.52439149993674,63.19771861055233,54.37964745250903,55.423892167182906,43.75722550051624,55.423892167182906,61.777553467043745,0.013197718610552328,False,False,steady_state_low_chaos,20.596924990401064,0.3979539343665017,Regime suitability reflects current fused market state and stock risk profile.
0001.HK,0001.HK,Industrials,Hong Kong,Hong Kong,HKD,65.33055333370721,46.83365444706435,57.627989887858945,65.33055333370721,54.85935476257626,56.83365444706435,45.16698778039768,56.83365444706435,54.61523220035403,0.015330553333707215,False,False,steady_state_low_chaos,20.596924990401064,0.3979539343665017,Regime suitability reflects current fused market state and stock risk profile.
600066.SHG,600066.SHG,Industrials,China,Mainland China,CNY,50.212370061235774,50.05139761527023,74.77263881813074,50.212370061235774,57.47146151634122,60.05139761527023,60.05139761527023,60.05139761527023,90.77856419702712,0.00021237006123577372,False,False,steady_state_low_chaos,20.596924990401064,0.3979539343665017,Regime suitability reflects current fused market state and stock risk profile.
000625.SHE,000625.SHE,Consumer Discretionary,China,Mainland China,CNY,39.95283910983452,53.90073987939,70,39.95283910983452,58.563032373016966,63.90073987939,63.90073987939,63.90073987939,100,-0.010047160890165479,False,False,steady_state_low_chaos,20.596924990401064,0.3979539343665017,Regime suitability reflects current fused market state and stock risk profile.
200725.SHE,200725.SHE,Technology,China,Mainland China,HKD,40.292761910157836,34.18960484161387,37.69497855103681,40.292761910157836,48.612571496974084,44.18960484161387,44.18960484161387,44.18960484161387,53.118557653894854,-0.009707238089842165,False,False,steady_state_low_chaos,20.596924990401064,0.3979539343665017,Regime suitability reflects current fused market state and stock risk profile.
000776.SHE,000776.SHE,Financials,China,Mainland China,CNY,39.382212052203826,52.31607957908664,60,39.382212052203826,52.34371359674098,62.31607957908664,50.649412912419976,62.31607957908664,65.31607957908665,-0.010617787947796173,False,False,steady_state_low_chaos,20.596924990401064,0.3979539343665017,Regime suitability reflects current fused market state and stock risk profile.
600089.SHG,600089.SHG,Industrials,China,Mainland China,CNY,37.69014462747064,40.882593372399555,62.53096272768858,37.69014462747064,41.19013628365305,50.882593372399555,33.382593372399555,50.882593372399555,59.45071137331443,-0.012309855372529363,False,False,steady_state_low_chaos,20.596924990401064,0.3979539343665017,Regime suitability reflects current fused market state and stock risk profile.
600096.SHG,600096.SHG,Materials,China,Mainland China,CNY,73.71571107471934,55.49310829714729,66.5881380100934,73.71571107471934,64.95036990764048,65.49310829714729,53.82644163048062,65.49310829714729,82.98701191935277,0.02371571107471934,False,False,steady_state_low_chaos,20.596924990401064,0.3979539343665017,Regime suitability reflects current fused market state and stock risk profile.
000783.SHE,000783.SHE,Financials,China,Mainland China,CNY,55.45705053202188,56.65015879056445,60,55.45705053202188,62.49672561684286,66.65015879056445,66.65015879056445,66.65015879056445,69.65015879056445,0.005457050532021881,False,False,steady_state_low_chaos,20.596924990401064,0.3979539343665017,Regime suitability reflects current fused market state and stock risk profile.
000063.SHE,000063.SHE,Technology,China,Mainland China,CNY,45.35402762473736,47.269912075671904,39.9866920586133,45.35402762473736,44.59541802157665,57.269912075671904,57.269912075671904,57.269912075671904,71.24063460462116,-0.004645972375262638,False,False,steady_state_low_chaos,20.596924990401064,0.3979539343665017,Regime suitability reflects current fused market state and stock risk profile.
600104.SHG,600104.SHG,Consumer Discretionary,China,Mainland China,CNY,65.15489556782222,55.60040651749037,47.27948715098328,65.15489556782222,59.991318822873595,65.60040651749037,65.60040651749037,65.60040651749037,93.33579109867031,0.015154895567822223,False,False,steady_state_low_chaos,20.596924990401064,0.3979539343665017,Regime suitability reflects current fused market state and stock risk profile.
600009.SHG,600009.SHG,Industrials,China,Mainland China,CNY,56.6970072945949,49.42168968656513,68.10619165463525,56.6970072945949,55.13464403169899,59.42168968656513,47.755023019898466,59.42168968656513,80.2553113267627,0.006697007294594897,False,False,steady_state_low_chaos,20.596924990401064,0.3979539343665017,Regime suitability reflects current fused market state and stock risk profile.
000807.SHE,000807.SHE,Materials,China,Mainland China,CNY,75.63627429107211,58.02652114365857,74.16422815888266,75.63627429107211,69.89439881446864,68.02652114365857,56.359854476991906,68.02652114365857,98.02359493431777,0.02563627429107211,False,False,steady_state_low_chaos,20.596924990401064,0.3979539343665017,Regime suitability reflects current fused market state and stock risk profile.
000858.SHE,000858.SHE,Consumer Staples,China,Mainland China,CNY,75.29023773995158,85.71948047507996,70,75.29023773995158,67.78735787623835,85.71948047507996,59.0528138084133,70.71948047507996,100,0.02529023773995158,False,False,steady_state_low_chaos,20.596924990401064,0.3979539343665017,Regime suitability reflects current fused market state and stock risk profile.
000001.SHE,000001.SHE,Financials,China,Mainland China,CNY,83.5181618380037,55.61907191666795,60,83.5181618380037,70.62605920374205,65.61907191666795,65.61907191666795,65.61907191666795,68.61907191666795,0.03,False,False,steady_state_low_chaos,20.596924990401064,0.3979539343665017,Regime suitability reflects current fused market state and stock risk profile.
600150.SHG,600150.SHG,Industrials,China,Mainland China,CNY,54.41192548300374,57.66619053693833,95,54.41192548300374,62.119610484542065,67.66619053693833,67.66619053693833,67.66619053693833,100,0.004411925483003742,False,False,steady_state_low_chaos,20.596924990401064,0.3979539343665017,Regime suitability reflects current fused market state and stock risk profile.
000878.SHE,000878.SHE,Materials,China,Mainland China,CNY,28.641398920921617,21.9691898411837,44.61688623247445,28.641398920921617,26.82396105906965,31.9691898411837,31.9691898411837,31.9691898411837,1.5094533201530353,-0.021358601079078384,True,False,steady_state_low_chaos,20.596924990401064,0.3979539343665017,Regime suitability reflects current fused market state and stock risk profile.
600160.SHG,600160.SHG,Materials,China,Mainland China,CNY,46.319618585572655,50.14625992562133,69.44652218223551,46.319618585572655,49.70989249376499,60.14625992562133,48.479593258954665,60.14625992562133,83.92860872653944,-0.0036803814144273444,False,False,steady_state_low_chaos,20.596924990401064,0.3979539343665017,Regime suitability reflects current fused market state and stock risk profile.
600188.SHG,600188.SHG,Energy,China,Mainland China,CNY,35.4765908358775,30.765441649414456,57.76999467724454,35.4765908358775,31.052284271053864,40.765441649414456,29.09877498274779,40.765441649414456,38.85942993935244,-0.014523409164122498,False,False,steady_state_low_chaos,20.596924990401064,0.3979539343665017,Regime suitability reflects current fused market state and stock risk profile.
1171.HK,1171.HK,Energy,Hong Kong,Hong Kong,HKD,33.99204578224378,35.954415933984194,57.76999467724454,33.99204578224378,39.2691821077899,45.954415933984194,34.28774926731753,45.954415933984194,44.04840422392218,-0.01600795421775622,True,False,steady_state_low_chaos,20.596924990401064,0.3979539343665017,Regime suitability reflects current fused market state and stock risk profile.
0371.HK,0371.HK,Utilities,Hong Kong,Hong Kong,HKD,56.15875468496239,37.592268008859705,0,56.15875468496239,38.43395384077755,37.592268008859705,22.59226800885971,22.59226800885971,0,0.006158754684962389,False,False,steady_state_low_chaos,20.596924990401064,0.3979539343665017,Regime suitability reflects current fused market state and stock risk profile.
000009.SHE,000009.SHE,Industrials,China,Mainland China,CNY,20.331110998143846,22.504726090890458,52.115484297592516,20.331110998143846,23.998762019123483,32.50472609089046,32.50472609089046,32.50472609089046,18.158791545593992,-0.029668889001856154,True,False,steady_state_low_chaos,20.596924990401064,0.3979539343665017,Regime suitability reflects current fused market state and stock risk profile.
0148.HK,0148.HK,Industrials,Hong Kong,Hong Kong,HKD,49.672417605832,43.54680573698482,63.901452972000456,49.672417605832,50.24430970750953,53.54680573698482,53.54680573698482,53.54680573698482,65.13000227538582,-0.0003275823941679974,False,False,steady_state_low_chaos,20.596924990401064,0.3979539343665017,Regime suitability reflects current fused market state and stock risk profile.
0002.HK,0002.HK,Utilities,Hong Kong,Hong Kong,HKD,43.57056276387559,71.37036865296136,33.615303202540076,43.57056276387559,52.538729336815045,71.37036865296136,44.70370198629469,56.37036865296135,56.32403569854953,-0.006429437236124407,False,False,steady_state_low_chaos,20.596924990401064,0.3979539343665017,Regime suitability reflects current fused market state and stock risk profile.
0003.HK,0003.HK,Utilities,Hong Kong,Hong Kong,HKD,42.09830932421798,65.31064522386684,26.066714879768575,42.09830932421798,47.94072065429981,65.31064522386684,38.64397855720018,50.31064522386684,33.65741795935771,-0.00790169067578202,False,False,steady_state_low_chaos,20.596924990401064,0.3979539343665017,Regime suitability reflects current fused market state and stock risk profile.
0012.HK,0012.HK,Real Estate,Hong Kong,Hong Kong,HKD,59.04541605606677,38.462844275868896,13.873864128083078,59.04541605606677,51.85632267979583,48.462844275868896,36.79617760920223,48.462844275868896,11.11148122956859,0.00904541605606677,False,False,steady_state_low_chaos,20.596924990401064,0.3979539343665017,Regime suitability reflects current fused market state and stock risk profile.
0016.HK,0016.HK,Real Estate,Hong Kong,Hong Kong,HKD,38.336636394020175,46.849761155081104,35,38.336636394020175,50.1464754214969,56.849761155081104,56.849761155081104,56.849761155081104,59.8497611550811,-0.011663363605979825,False,False,steady_state_low_chaos,20.596924990401064,0.3979539343665017,Regime suitability reflects current fused market state and stock risk profile.
0023.HK,0023.HK,Financials,Hong Kong,Hong Kong,HKD,50.17716735795534,35.66060778088349,60,50.17716735795534,45.24540761508333,45.66060778088349,45.66060778088349,45.66060778088349,48.66060778088349,0.00017716735795534076,False,False,steady_state_low_chaos,20.596924990401064,0.3979539343665017,Regime suitability reflects current fused market state and stock risk profile.
0992.HK,0992.HK,Technology,Hong Kong,Hong Kong,HKD,68.62787775987175,56.439614093854246,44.71783805419429,68.62787775987175,67.5711343022665,66.43961409385425,66.43961409385425,66.43961409385425,90.81885781308168,0.01862787775987175,False,False,steady_state_low_chaos,20.596924990401064,0.3979539343665017,Regime suitability reflects current fused market state and stock risk profile.
0005.HK,0005.HK,Financials,Hong Kong,Hong Kong,HKD,70.06726468674252,58.74038914341705,60,70.06726468674252,67.00784036015907,68.74038914341705,57.07372247675038,68.74038914341705,71.74038914341705,0.02006726468674252,False,False,steady_state_low_chaos,20.596924990401064,0.3979539343665017,Regime suitability reflects current fused market state and stock risk profile.
0006.HK,0006.HK,Utilities,Hong Kong,Hong Kong,HKD,30.403011682819226,80.65343193600653,44.40996111277296,30.403011682819226,51.29916747713007,80.65343193600653,48.15343193600653,65.65343193600653,89.35534638410704,-0.019596988317180774,True,False,steady_state_low_chaos,20.596924990401064,0.3979539343665017,Regime suitability reflects current fused market state and stock risk profile.
0019.HK,0019.HK,Industrials,Hong Kong,Hong Kong,HKD,28.011791788862084,16.95272573046202,43.56939020726945,28.011791788862084,28.538477811560803,26.95272573046202,15.286059063795355,26.95272573046202,0,-0.021988208211137915,True,False,steady_state_low_chaos,20.596924990401064,0.3979539343665017,Regime suitability reflects current fused market state and stock risk profile.
0027.HK,0027.HK,Consumer Discretionary,Hong Kong,Hong Kong,HKD,59.84723885432601,44.663820442225536,49.12708667661529,59.84723885432601,55.844154803306985,54.663820442225536,54.663820442225536,54.663820442225536,84.61632445416387,0.009847238854326009,False,False,steady_state_low_chaos,20.596924990401064,0.3979539343665017,Regime suitability reflects current fused market state and stock risk profile.
0358.HK,0358.HK,Materials,Hong Kong,Hong Kong,HKD,30.622111782568226,27.99421156471707,58.83535664620407,30.622111782568226,36.51033896302683,37.99421156471707,37.99421156471707,37.99421156471707,38.43199618636602,-0.019377888217431773,True,False,steady_state_low_chaos,20.596924990401064,0.3979539343665017,Regime suitability reflects current fused market state and stock risk profile.
0576.HK,0576.HK,Industrials,Hong Kong,Hong Kong,HKD,49.299014884836154,25.33831477620666,42.825041302666705,49.299014884836154,47.79557429286684,35.33831477620666,35.33831477620666,35.33831477620666,2.7283643394067028,-0.0007009851151638458,False,False,steady_state_low_chaos,20.596924990401064,0.3979539343665017,Regime suitability reflects current fused market state and stock risk profile.
5.HK,5.HK,Financials,Hong Kong,Hong Kong,HKD,69.28109852034794,58.26793667857049,60,69.28109852034794,65.92965119464066,68.26793667857049,56.60127001190383,68.26793667857049,71.26793667857049,0.01928109852034794,False,False,steady_state_low_chaos,20.596924990401064,0.3979539343665017,Regime suitability reflects current fused market state and stock risk profile.
0101.HK,0101.HK,Real Estate,Hong Kong,Hong Kong,HKD,51.466781414199914,22.419251768721352,0,51.466781414199914,37.88873417253224,32.41925176872135,20.752585102054688,32.41925176872135,0,0.0014667814141999145,False,False,steady_state_low_chaos,20.596924990401064,0.3979539343665017,Regime suitability reflects current fused market state and stock risk profile.
0168.HK,0168.HK,Consumer Staples,Hong Kong,Hong Kong,HKD,49.621898428939424,69.33485566429184,53.42766286329977,49.621898428939424,59.65768771771446,69.33485566429184,54.33485566429183,54.33485566429183,89.44805110025156,-0.0003781015710605757,False,False,steady_state_low_chaos,20.596924990401064,0.3979539343665017,Regime suitability reflects current fused market state and stock risk profile.
0257.HK,0257.HK,Industrials,Hong Kong,Hong Kong,HKD,58.73068178851782,13.518046303477504,31.838534026895793,58.73068178851782,40.1604950569355,23.518046303477504,23.518046303477504,23.518046303477504,0,0.008730681788517821,False,False,steady_state_low_chaos,20.596924990401064,0.3979539343665017,Regime suitability reflects current fused market state and stock risk profile.
0293.HK,0293.HK,Industrials,Hong Kong,Hong Kong,HKD,71.36048971363881,52.163823016277206,61.346815039372984,71.36048971363881,70.5060484500244,62.163823016277206,62.163823016277206,62.163823016277206,68.12681610289778,0.021360489713638815,False,False,steady_state_low_chaos,20.596924990401064,0.3979539343665017,Regime suitability reflects current fused market state and stock risk profile.
0991.HK,0991.HK,Utilities,Hong Kong,Hong Kong,HKD,68.3323822262643,56.561619113862555,18.081971331153643,68.3323822262643,55.460253955353195,56.561619113862555,41.561619113862555,41.561619113862555,9.25998471124693,0.0183323822262643,False,False,steady_state_low_chaos,20.596924990401064,0.3979539343665017,Regime suitability reflects current fused market state and stock risk profile.
0008.HK,0008.HK,Communication Services,Hong Kong,Hong Kong,HKD,51.0625483050182,31.89799298884575,20.397252090800478,51.0625483050182,46.55492327424545,41.89799298884575,30.231326322179086,41.89799298884575,12.7719475886068,0.0010625483050181969,False,False,steady_state_low_chaos,20.596924990401064,0.3979539343665017,Regime suitability reflects current fused market state and stock risk profile.
0177.HK,0177.HK,Industrials,Hong Kong,Hong Kong,HKD,28.016419342194286,29.30463715394837,55.172147419146114,28.016419342194286,44.611983489746166,39.30463715394837,27.637970487281706,39.30463715394837,31.683361476069823,-0.021983580657805715,True,False,steady_state_low_chaos,20.596924990401064,0.3979539343665017,Regime suitability reflects current fused market state and stock risk profile.
0392.HK,0392.HK,Industrials,Hong Kong,Hong Kong,HKD,39.52774385956917,29.983641872914454,53.524307469607486,39.52774385956917,43.56078428606263,39.983641872914454,28.31697520624779,39.983641872914454,28.737118306050924,-0.01047225614043083,False,False,steady_state_low_chaos,20.596924990401064,0.3979539343665017,Regime suitability reflects current fused market state and stock risk profile.
1109.HK,1109.HK,Real Estate,Hong Kong,Hong Kong,HKD,74.27983828376139,37.25098542936032,30.597582969266004,74.27983828376139,56.65055272935715,47.25098542936032,47.25098542936032,47.25098542936032,40.56566796174553,0.024279838283761394,False,False,steady_state_low_chaos,20.596924990401064,0.3979539343665017,Regime suitability reflects current fused market state and stock risk profile.
0004.HK,0004.HK,Real Estate,Hong Kong,Hong Kong,HKD,40.75384405123556,28.449568884982938,10.056369785794821,40.75384405123556,38.877513251769784,38.44956888498294,38.44956888498294,38.44956888498294,0,-0.00924615594876444,False,False,steady_state_low_chaos,20.596924990401064,0.3979539343665017,Regime suitability reflects current fused market state and stock risk profile.
0322.HK,0322.HK,Consumer Staples,Hong Kong,Hong Kong,HKD,60.94510381473446,68.96841030150487,44.25861463300246,60.94510381473446,57.24436335737151,68.96841030150487,53.968410301504875,53.968410301504875,77.3373624941103,0.01094510381473446,False,False,steady_state_low_chaos,20.596924990401064,0.3979539343665017,Regime suitability reflects current fused market state and stock risk profile.
0683.HK,0683.HK,Real Estate,Hong Kong,Hong Kong,HKD,56.03530609219442,26.33160291586843,0,56.03530609219442,45.960164927843195,36.33160291586843,24.664936249201766,36.33160291586843,0,0.006035306092194418,False,False,steady_state_low_chaos,20.596924990401064,0.3979539343665017,Regime suitability reflects current fused market state and stock risk profile.
0914.HK,0914.HK,Materials,Hong Kong,Hong Kong,HKD,50.34136428779236,36.41275536899129,79.33625887632029,50.34136428779236,45.85187105440679,46.41275536899129,34.74608870232463,46.41275536899129,82.61626602057565,0.00034136428779235926,False,False,steady_state_low_chaos,20.596924990401064,0.3979539343665017,Regime suitability reflects current fused market state and stock risk profile.
1038.HK,1038.HK,Utilities,Hong Kong,Hong Kong,HKD,32.030285025020575,68.62995184855855,38.293178663493954,32.030285025020575,49.16111143656616,68.62995184855855,41.963285181891884,53.62995184855855,63.87494490824524,-0.017969714974979425,True,False,steady_state_low_chaos,20.596924990401064,0.3979539343665017,Regime suitability reflects current fused market state and stock risk profile.
1133.HK,1133.HK,Industrials,Hong Kong,Hong Kong,HKD,56.78920878803395,40.247052199170994,82.81998954638799,56.78920878803395,57.011435105685464,50.247052199170994,50.247052199170994,50.247052199170994,90.63103965483658,0.006789208788033953,False,False,steady_state_low_chaos,20.596924990401064,0.3979539343665017,Regime suitability reflects current fused market state and stock risk profile.
0669.HK,0669.HK,Industrials,Hong Kong,Hong Kong,HKD,50.948798380615045,44.439883896758,69.82672631198918,50.948798380615045,53.384607678908395,54.439883896758,54.439883896758,54.439883896758,79.05868178313419,0.0009487983806150453,False,False,steady_state_low_chaos,20.596924990401064,0.3979539343665017,Regime suitability reflects current fused market state and stock risk profile.
1072.HK,1072.HK,Industrials,Hong Kong,Hong Kong,HKD,34.92086251988136,40.56204567528436,85.444783932198,34.92086251988136,52.106623445257526,50.56204567528436,50.56204567528436,50.56204567528436,94.09578639392197,-0.015079137480118639,True,False,steady_state_low_chaos,20.596924990401064,0.3979539343665017,Regime suitability reflects current fused market state and stock risk profile.
0384.HK,0384.HK,Utilities,Hong Kong,Hong Kong,HKD,50.37127505224623,35.69590616958634,16.761905862476855,50.37127505224623,34.715208436517905,35.69590616958634,9.029239502919667,20.695906169586333,0,0.0003712750522462329,False,False,steady_state_low_chaos,20.596924990401064,0.3979539343665017,Regime suitability reflects current fused market state and stock risk profile.
600196.SHG,600196.SHG,Healthcare,China,Mainland China,CNY,41.717035933196584,62.99472847979105,32.367500389843585,41.717035933196584,46.616631539404196,62.99472847979105,36.328061813124386,47.99472847979105,45.203229337446935,-0.008282964066803416,False,False,steady_state_low_chaos,20.596924990401064,0.3979539343665017,Regime suitability reflects current fused market state and stock risk profile.
0697.HK,0697.HK,Industrials,Hong Kong,Hong Kong,HKD,30.73576082608783,46.650174340190006,90.65301319302463,30.73576082608783,45.14857969231895,56.650174340190006,44.98350767352334,56.650174340190006,100,-0.01926423917391217,True,False,steady_state_low_chaos,20.596924990401064,0.3979539343665017,Regime suitability reflects current fused market state and stock risk profile.
0083.HK,0083.HK,Real Estate,Hong Kong,Hong Kong,HKD,33.314934561550125,40.0610233912426,44.31982942430704,33.314934561550125,42.852031321419396,50.0610233912426,50.0610233912426,50.0610233912426,73.56464812471809,-0.016685065438449876,True,False,steady_state_low_chaos,20.596924990401064,0.3979539343665017,Regime suitability reflects current fused market state and stock risk profile.
0135.HK,0135.HK,Energy,Hong Kong,Hong Kong,HKD,55.11012400072766,47.18078809338199,72.80368516833485,55.11012400072766,56.04983420048831,57.18078809338199,57.18078809338199,57.18078809338199,85.54521029538381,0.005110124000727659,False,False,steady_state_low_chaos,20.596924990401064,0.3979539343665017,Regime suitability reflects current fused market state and stock risk profile.
0144.HK,0144.HK,Industrials,Hong Kong,Hong Kong,HKD,59.27751666791315,37.06949474948172,60.46051608891653,59.27751666791315,58.76086267486024,47.06949474948172,47.06949474948172,47.06949474948172,51.08263014509808,0.009277516667913148,False,False,steady_state_low_chaos,20.596924990401064,0.3979539343665017,Regime suitability reflects current fused market state and stock risk profile.
0267.HK,0267.HK,Industrials,Hong Kong,Hong Kong,HKD,34.32682131456703,33.40980058259726,20,34.32682131456703,50.30953885306651,43.40980058259726,31.7431339159306,43.40980058259726,0,-0.015673178685432974,True,False,steady_state_low_chaos,20.596924990401064,0.3979539343665017,Regime suitability reflects current fused market state and stock risk profile.
0522.HK,0522.HK,Technology,Hong Kong,Hong Kong,HKD,32.00105072468204,40.12599234636438,48.501675018407326,32.00105072468204,38.22017324702827,50.12599234636438,38.45932567969771,50.12599234636438,79.32800236845316,-0.017998949275317963,True,False,steady_state_low_chaos,20.596924990401064,0.3979539343665017,Regime suitability reflects current fused market state and stock risk profile.
0688.HK,0688.HK,Real Estate,Hong Kong,Hong Kong,HKD,63.669293563762594,20.95052381119994,11.736804660910138,63.669293563762594,41.26901249587795,30.95052381119994,19.283857144533272,30.95052381119994,0,0.013669293563762593,False,False,steady_state_low_chaos,20.596924990401064,0.3979539343665017,Regime suitability reflects current fused market state and stock risk profile.
0902.HK,0902.HK,Utilities,Hong Kong,Hong Kong,HKD,67.02413505248391,55.15256312617706,20.138887594848818,67.02413505248391,55.29883216188943,55.15256312617706,40.15256312617706,40.15256312617706,10.458115834844456,0.017024135052483912,False,False,steady_state_low_chaos,20.596924990401064,0.3979539343665017,Regime suitability reflects current fused market state and stock risk profile.
0921.HK,0921.HK,Consumer Discretionary,Hong Kong,Hong Kong,HKD,59.41157191999487,41.623783425187256,58.42047774119962,59.41157191999487,64.0315004576006,51.623783425187256,51.623783425187256,51.623783425187256,92.72835671462678,0.00941157191999487,False,False,steady_state_low_chaos,20.596924990401064,0.3979539343665017,Regime suitability reflects current fused market state and stock risk profile.
0941.HK,0941.HK,Communication Services,Hong Kong,Hong Kong,HKD,58.94576041415563,57.977243590805585,47.81401339515713,58.94576041415563,63.10717817609806,67.97724359080559,67.97724359080559,67.97724359080559,96.35405966499415,0.008945760414155629,False,False,steady_state_low_chaos,20.596924990401064,0.3979539343665017,Regime suitability reflects current fused market state and stock risk profile.
0270.HK,0270.HK,Utilities,Hong Kong,Hong Kong,HKD,56.46830425700129,66.64593458598526,41.580243275236434,56.46830425700129,53.52849769026413,66.64593458598526,34.14593458598525,51.64593458598525,69.12246979150541,0.006468304257001293,False,False,steady_state_low_chaos,20.596924990401064,0.3979539343665017,Regime suitability reflects current fused market state and stock risk profile.
0551.HK,0551.HK,Consumer Discretionary,Hong Kong,Hong Kong,HKD,48.26114866780042,51.49874654094941,43.06814294614034,48.26114866780042,57.45413691137167,61.49874654094941,61.49874654094941,61.49874654094941,82.24866102245817,-0.0017388513321995802,False,False,steady_state_low_chaos,20.596924990401064,0.3979539343665017,Regime suitability reflects current fused market state and stock risk profile.
1093.HK,1093.HK,Healthcare,Hong Kong,Hong Kong,HKD,51.190602718896514,84.63925038927391,51.56955102531176,51.190602718896514,61.14332893510731,84.63925038927391,57.97258372260725,69.63925038927391,100,0.001190602718896514,False,False,steady_state_low_chaos,20.596924990401064,0.3979539343665017,Regime suitability reflects current fused market state and stock risk profile.
0175.HK,0175.HK,Consumer Discretionary,Hong Kong,Hong Kong,HKD,74.22234320846133,49.29586983070524,47.933417613884316,74.22234320846133,62.43153786552155,59.29586983070524,59.29586983070524,59.29586983070524,87.81597096736643,0.024222343208461325,False,False,steady_state_low_chaos,20.596924990401064,0.3979539343665017,Regime suitability reflects current fused market state and stock risk profile.
1193.HK,1193.HK,Utilities,Hong Kong,Hong Kong,HKD,50.33778145774066,58.120486990623995,37.89194234893265,50.33778145774066,46.32294399461321,58.120486990623995,43.120486990623995,43.120486990623995,52.48276015827583,0.000337781457740661,False,False,steady_state_low_chaos,20.596924990401064,0.3979539343665017,Regime suitability reflects current fused market state and stock risk profile.
0291.HK,0291.HK,Consumer Staples,Hong Kong,Hong Kong,HKD,62.386716959197074,81.50217080427325,47.25516621743037,62.386716959197074,67.98003011420462,81.50217080427325,66.50217080427325,66.50217080427325,94.20837026518969,0.012386716959197073,False,False,steady_state_low_chaos,20.596924990401064,0.3979539343665017,Regime suitability reflects current fused market state and stock risk profile.
0179.HK,0179.HK,Consumer Discretionary,Hong Kong,Hong Kong,HKD,57.39826605841586,55.130723592280546,49.850943463314124,57.39826605841586,63.18549694934326,65.13072359228055,53.46405692561388,65.13072359228055,95.9518557482575,0.007398266058415857,False,False,steady_state_low_chaos,20.596924990401064,0.3979539343665017,Regime suitability reflects current fused market state and stock risk profile.
0241.HK,0241.HK,Healthcare,Hong Kong,Hong Kong,HKD,42.33606557377049,85.92836778332145,66.69657253346375,42.33606557377049,61.5106022808268,85.92836778332145,59.261701116654784,70.92836778332145,100,-0.00766393442622951,False,False,steady_state_low_chaos,20.596924990401064,0.3979539343665017,Regime suitability reflects current fused market state and stock risk profile.
0316.HK,0316.HK,Industrials,Hong Kong,Hong Kong,HKD,28.965194128779306,58.55624038421615,79.76020924618989,28.965194128779306,55.4229168629935,68.55624038421615,56.88957371754949,68.55624038421615,100,-0.021034805871220693,True,False,steady_state_low_chaos,20.596924990401064,0.3979539343665017,Regime suitability reflects current fused market state and stock risk profile.
000895.SHE,000895.SHE,Consumer Staples,China,Mainland China,CNY,57.48006354951274,72.04043683523008,41.81004830047477,57.48006354951274,54.69428103319769,72.04043683523008,57.04043683523009,57.04043683523009,75.02254309627459,0.007480063549512742,False,False,steady_state_low_chaos,20.596924990401064,0.3979539343665017,Regime suitability reflects current fused market state and stock risk profile.
1138.HK,1138.HK,Energy,Hong Kong,Hong Kong,HKD,45.12338182781083,34.149556967577126,60.14634715980877,45.12338182781083,49.3533226532923,44.149556967577126,44.149556967577126,44.149556967577126,47.471520719156416,-0.004876618172189168,False,False,steady_state_low_chaos,20.596924990401064,0.3979539343665017,Regime suitability reflects current fused market state and stock risk profile.
1044.HK,1044.HK,Consumer Staples,Hong Kong,Hong Kong,HKD,55.276688659056276,72.49884675256621,44.84015915015507,55.276688659056276,58.36795065413172,72.49884675256621,57.4988467525662,57.4988467525662,82.14719688290735,0.005276688659056276,False,False,steady_state_low_chaos,20.596924990401064,0.3979539343665017,Regime suitability reflects current fused market state and stock risk profile.
600141.SHG,600141.SHG,Materials,China,Mainland China,CNY,33.336278019739545,31.99099676601945,55.5172170787704,33.336278019739545,30.578215165130196,41.99099676601945,30.324330099352785,41.99099676601945,35.12887433931433,-0.016663721980260456,True,False,steady_state_low_chaos,20.596924990401064,0.3979539343665017,Regime suitability reflects current fused market state and stock risk profile.
1071.HK,1071.HK,Utilities,Hong Kong,Hong Kong,HKD,65.56770917522039,50.589984914220665,21.799385192789952,65.56770917522039,58.00983064544512,50.589984914220665,23.923318247554,35.589984914220665,9.548632338358566,0.015567709175220386,False,False,steady_state_low_chaos,20.596924990401064,0.3979539343665017,Regime suitability reflects current fused market state and stock risk profile.
000933.SHE,000933.SHE,Materials,China,Mainland China,CNY,72.3373666992793,48.21273204017349,66.53402036158228,72.3373666992793,56.887578868078506,58.21273204017349,46.54606537350683,58.21273204017349,75.5875768356545,0.022337366699279302,False,False,steady_state_low_chaos,20.596924990401064,0.3979539343665017,Regime suitability reflects current fused market state and stock risk profile.
600000.SHG,600000.SHG,Financials,China,Mainland China,CNY,75.17610308853534,51.722366680182816,60,75.17610308853534,61.21220888303404,61.722366680182816,61.722366680182816,61.722366680182816,64.72236668018282,0.02517610308853534,False,False,steady_state_low_chaos,20.596924990401064,0.3979539343665017,Regime suitability reflects current fused market state and stock risk profile.
000958.SHE,000958.SHE,Utilities,China,Mainland China,CNY,24.20005629667513,47.06276294890297,8.804859169766516,24.20005629667513,29.54563975814721,47.06276294890297,32.06276294890297,32.06276294890297,0,-0.02579994370332487,True,False,steady_state_low_chaos,20.596924990401064,0.3979539343665017,Regime suitability reflects current fused market state and stock risk profile.
600219.SHG,600219.SHG,Materials,China,Mainland China,CNY,65.67305137095626,62.38279761401671,80.86155370603471,65.67305137095626,69.70755728673828,72.38279761401671,72.38279761401671,72.38279761401671,100,0.01567305137095626,False,False,steady_state_low_chaos,20.596924990401064,0.3979539343665017,Regime suitability reflects current fused market state and stock risk profile.
601600.SHG,601600.SHG,Materials,China,Mainland China,CNY,81.17880297939921,66.94898956371811,66.15840786119439,81.17880297939921,73.68939617134461,76.94898956371811,65.28232289705144,76.94898956371811,93.49748685834578,0.03,False,False,steady_state_low_chaos,20.596924990401064,0.3979539343665017,Regime suitability reflects current fused market state and stock risk profile.
000963.SHE,000963.SHE,Healthcare,China,Mainland China,CNY,61.53317099165891,80.30701501949774,47.831397315038885,61.53317099165891,66.83926861727372,80.30701501949774,53.640348352831076,65.30701501949774,93.7046917975444,0.011533170991658914,False,False,steady_state_low_chaos,20.596924990401064,0.3979539343665017,Regime suitability reflects current fused market state and stock risk profile.
1070.HK,1070.HK,Technology,Hong Kong,Hong Kong,HKD,58.111221182062636,48.04146386235307,57.00759044812002,58.111221182062636,59.836499235474825,58.04146386235307,46.374797195686405,58.04146386235307,97.45057240009709,0.008111221182062636,False,False,steady_state_low_chaos,20.596924990401064,0.3979539343665017,Regime suitability reflects current fused market state and stock risk profile.
000960.SHE,000960.SHE,Materials,China,Mainland China,CNY,49.35001707975259,42.4172613031277,59.608955650499205,49.35001707975259,48.67703120435246,52.4172613031277,52.4172613031277,52.4172613031277,54.55696373422596,-0.0006499829202474103,False,False,steady_state_low_chaos,20.596924990401064,0.3979539343665017,Regime suitability reflects current fused market state and stock risk profile.
600236.SHG,600236.SHG,Utilities,China,Mainland China,CNY,40.57475669228583,61.660324701400405,29.051433733435317,40.57475669228583,43.61221155120076,61.660324701400405,46.660324701400405,46.660324701400405,36.5734789149581,-0.009425243307714168,False,False,steady_state_low_chaos,20.596924990401064,0.3979539343665017,Regime suitability reflects current fused market state and stock risk profile.
000967.SHE,000967.SHE,Industrials,China,Mainland China,CNY,35.02484201143713,49.527445766981145,64.73523858744429,35.02484201143713,43.7138941819625,59.527445766981145,59.527445766981145,59.527445766981145,72.94497065935857,-0.01497515798856287,False,False,steady_state_low_chaos,20.596924990401064,0.3979539343665017,Regime suitability reflects current fused market state and stock risk profile.
0857.HK,0857.HK,Energy,Hong Kong,Hong Kong,HKD,69.6994923729151,56.46265165171137,68.79724700900701,69.6994923729151,68.737076287761,66.46265165171137,54.795984985044704,66.46265165171137,88.81659507152679,0.019699492372915104,False,False,steady_state_low_chaos,20.596924990401064,0.3979539343665017,Regime suitability reflects current fused market state and stock risk profile.
600256.SHG,600256.SHG,Energy,China,Mainland China,CNY,65.22384625232284,35.4198265357147,56.35554780034713,65.22384625232284,45.7869840802434,45.4198265357147,33.753159869048034,45.4198265357147,40.40203169647839,0.015223846252322844,False,False,steady_state_low_chaos,20.596924990401064,0.3979539343665017,Regime suitability reflects current fused market state and stock risk profile.
000975.SHE,000975.SHE,Materials,China,Mainland China,CNY,62.830985631916995,55.03251850197513,73.96817322135071,62.830985631916995,66.77153608477342,65.03251850197513,53.36585183530847,65.03251850197513,94.79432636759599,0.012830985631916996,False,False,steady_state_low_chaos,20.596924990401064,0.3979539343665017,Regime suitability reflects current fused market state and stock risk profile.
600233.SHG,600233.SHG,Industrials,China,Mainland China,CNY,36.64282627612069,50.36493766394928,69.79835316878722,36.64282627612069,53.95257065749732,60.36493766394928,60.36493766394928,60.36493766394928,84.92131463528115,-0.013357173723879314,False,False,steady_state_low_chaos,20.596924990401064,0.3979539343665017,Regime suitability reflects current fused market state and stock risk profile.
0388.HK,0388.HK,Financials,Hong Kong,Hong Kong,HKD,58.8534130233208,53.59400186932037,95,58.8534130233208,60.4402023259036,63.59400186932037,63.59400186932037,63.59400186932037,100,0.008853413023320798,False,False,steady_state_low_chaos,20.596924990401064,0.3979539343665017,Regime suitability reflects current fused market state and stock risk profile.
0762.HK,0762.HK,Communication Services,Hong Kong,Hong Kong,HKD,69.1299698317534,64.03770415280707,44.582787304242764,69.1299698317534,76.52861113248603,74.03770415280707,74.03770415280707,74.03770415280707,98.11983622214113,0.0191299698317534,False,False,steady_state_low_chaos,20.596924990401064,0.3979539343665017,Regime suitability reflects current fused market state and stock risk profile.
0966.HK,0966.HK,Financials,Hong Kong,Hong Kong,HKD,69.81408625241377,42.7405774558445,66.87347481245966,69.81408625241377,59.678579906918394,52.7405774558445,41.07391078917784,52.7405774558445,70.86222204325576,0.019814086252413772,False,False,steady_state_low_chaos,20.596924990401064,0.3979539343665017,Regime suitability reflects current fused market state and stock risk profile.
600018.SHG,600018.SHG,Industrials,China,Mainland China,CNY,44.77057364803239,53.30510009268036,66.55878361361029,44.77057364803239,55.98041918942293,63.30510009268036,51.6384334260137,63.30510009268036,80.73442404262299,-0.005229426351967611,False,False,steady_state_low_chaos,20.596924990401064,0.3979539343665017,Regime suitability reflects current fused market state and stock risk profile.
000983.SHE,000983.SHE,Energy,China,Mainland China,CNY,54.505728815399834,35.304653443259916,59.87417919012583,54.505728815399834,38.220567005243296,45.304653443259916,27.804653443259916,45.304653443259916,48.02784766153674,0.004505728815399834,False,False,steady_state_low_chaos,20.596924990401064,0.3979539343665017,Regime suitability reflects current fused market state and stock risk profile.
000157.SHE,000157.SHE,Industrials,China,Mainland China,CNY,36.92639327141781,34.308090312339104,58.897373603348576,36.92639327141781,41.83860432387822,44.308090312339104,44.308090312339104,44.308090312339104,44.882312239705975,-0.013073606728582193,False,False,steady_state_low_chaos,20.596924990401064,0.3979539343665017,Regime suitability reflects current fused market state and stock risk profile.
0066.HK,0066.HK,Industrials,Hong Kong,Hong Kong,HKD,30.374020854911322,44.521140669212386,59.42606315193279,30.374020854911322,50.871238032455906,54.521140669212386,54.521140669212386,54.521140669212386,56.25847960346452,-0.01962597914508868,True,False,steady_state_low_chaos,20.596924990401064,0.3979539343665017,Regime suitability reflects current fused market state and stock risk profile.
600019.SHG,600019.SHG,Materials,China,Mainland China,CNY,67.43915641083096,58.30023348970647,66.57019762553996,67.43915641083096,63.304282069635136,68.30023348970647,68.30023348970647,68.30023348970647,85.7546682658944,0.01743915641083096,False,False,steady_state_low_chaos,20.596924990401064,0.3979539343665017,Regime suitability reflects current fused market state and stock risk profile.
600016.SHG,600016.SHG,Financials,China,Mainland China,CNY,34.57799116983398,46.84040403791725,60,34.57799116983398,49.450929531871054,56.84040403791725,39.34040403791725,56.84040403791725,59.84040403791725,-0.015422008830166022,True,False,steady_state_low_chaos,20.596924990401064,0.3979539343665017,Regime suitability reflects current fused market state and stock risk profile.
600309.SHG,600309.SHG,Materials,China,Mainland China,CNY,42.76951661069232,36.61839948671977,57.74423605896224,42.76951661069232,42.63998594753113,46.61839948671977,34.9517328200531,46.61839948671977,44.65571881643669,-0.007230483389307679,False,False,steady_state_low_chaos,20.596924990401064,0.3979539343665017,Regime suitability reflects current fused market state and stock risk profile.
0696.HK,0696.HK,Technology,Hong Kong,Hong Kong,HKD,53.55490267188575,47.95363427790231,58.57279248901144,53.55490267188575,62.13188160795282,57.95363427790231,46.286967611235646,57.95363427790231,99.24098526471604,0.003554902671885749,False,False,steady_state_low_chaos,20.596924990401064,0.3979539343665017,Regime suitability reflects current fused market state and stock risk profile.
0883.HK,0883.HK,Energy,Hong Kong,Hong Kong,HKD,74.41386209378638,65.49773369187572,73.321315986893,74.41386209378638,71.12601772544465,75.49773369187572,75.49773369187572,75.49773369187572,100,0.02441386209378638,False,False,steady_state_low_chaos,20.596924990401064,0.3979539343665017,Regime suitability reflects current fused market state and stock risk profile.
0386.HK,0386.HK,Energy,Hong Kong,Hong Kong,HKD,51.834445701379764,50.79952279002939,60.10217663432438,51.834445701379764,50.74485370102897,60.79952279002939,60.79952279002939,60.79952279002939,64.02431138554302,0.0018344457013797636,False,False,steady_state_low_chaos,20.596924990401064,0.3979539343665017,Regime suitability reflects current fused market state and stock risk profile.
600372.SHG,600372.SHG,Industrials,China,Mainland China,CNY,29.17252132220563,50.38198546531499,67.11243683734712,29.17252132220563,46.831558937548394,60.38198546531499,60.38198546531499,60.38198546531499,79.02934650747866,-0.020827478677794373,True,False,steady_state_low_chaos,20.596924990401064,0.3979539343665017,Regime suitability reflects current fused market state and stock risk profile.
600028.SHG,600028.SHG,Energy,China,Mainland China,CNY,51.063258177795454,48.782428759081036,60.10217663432438,51.063258177795454,47.89705621368877,58.782428759081036,47.11576209241437,58.782428759081036,62.00721735459466,0.0010632581777954542,False,False,steady_state_low_chaos,20.596924990401064,0.3979539343665017,Regime suitability reflects current fused market state and stock risk profile.
600346.SHG,600346.SHG,Materials,China,Mainland China,CNY,73.41880842536025,30.617948206677376,45.75867307136507,73.41880842536025,50.27330945146137,40.617948206677376,28.95128154001071,40.617948206677376,12.28702896368052,0.023418808425360253,False,False,steady_state_low_chaos,20.596924990401064,0.3979539343665017,Regime suitability reflects current fused market state and stock risk profile.
600519.SHG,600519.SHG,Consumer Staples,China,Mainland China,CNY,61.25245787567887,80.16250809468356,47.19858538537686,61.25245787567887,61.688558313311795,80.16250809468356,53.495841428016895,65.16250809468356,92.80081055713579,0.011252457875678872,False,False,steady_state_low_chaos,20.596924990401064,0.3979539343665017,Regime suitability reflects current fused market state and stock risk profile.
2600.HK,2600.HK,Materials,Hong Kong,Hong Kong,HKD,77.19987708637524,55.2890603162318,66.15840786119439,77.19987708637524,72.62142060083515,65.2890603162318,65.2890603162318,65.2890603162318,81.83755761085948,0.027199877086375238,False,False,steady_state_low_chaos,20.596924990401064,0.3979539343665017,Regime suitability reflects current fused market state and stock risk profile.
600011.SHG,600011.SHG,Utilities,China,Mainland China,CNY,68.52053652231443,65.27345268028164,20.138887594848818,68.52053652231443,54.73866031895322,65.27345268028164,50.273452680281636,50.273452680281636,20.579005388949035,0.01852053652231443,False,False,steady_state_low_chaos,20.596924990401064,0.3979539343665017,Regime suitability reflects current fused market state and stock risk profile.
600362.SHG,600362.SHG,Materials,China,Mainland China,CNY,46.085174625801855,42.06593398048775,58.83535664620407,46.085174625801855,51.13626368926826,52.06593398048775,52.06593398048775,52.06593398048775,52.5037186021367,-0.003914825374198145,False,False,steady_state_low_chaos,20.596924990401064,0.3979539343665017,Regime suitability reflects current fused market state and stock risk profile.
600585.SHG,600585.SHG,Materials,China,Mainland China,CNY,57.66298726418971,48.18968085309957,79.33625887632029,57.66298726418971,52.90398236401421,58.18968085309957,46.5230141864329,58.18968085309957,94.39319150468391,0.00766298726418971,False,False,steady_state_low_chaos,20.596924990401064,0.3979539343665017,Regime suitability reflects current fused market state and stock risk profile.
600036.SHG,600036.SHG,Financials,China,Mainland China,CNY,87.3262572039032,55.195366488685565,60,87.3262572039032,69.91901858982234,65.19536648868556,53.5286998220189,65.19536648868556,68.19536648868556,0.03,False,False,steady_state_low_chaos,20.596924990401064,0.3979539343665017,Regime suitability reflects current fused market state and stock risk profile.
2688.HK,2688.HK,Utilities,Hong Kong,Hong Kong,HKD,60.38811151187189,68.39556621605392,40.41800769291153,60.38811151187189,59.89252670346528,68.39556621605392,41.72889954938726,53.39556621605392,68.31518314045928,0.01038811151187189,False,False,steady_state_low_chaos,20.596924990401064,0.3979539343665017,Regime suitability reflects current fused market state and stock risk profile.
600415.SHG,600415.SHG,Consumer Discretionary,China,Mainland China,CNY,77.26207251963811,56.28586078049703,47.61119799236376,77.26207251963811,71.22437440223646,66.28586078049703,66.28586078049703,66.28586078049703,94.41929837133354,0.02726207251963811,False,False,steady_state_low_chaos,20.596924990401064,0.3979539343665017,Regime suitability reflects current fused market state and stock risk profile.
600578.SHG,600578.SHG,Utilities,China,Mainland China,CNY,76.34074503963552,67.7672210931581,23.69326462711154,76.34074503963552,58.40284805123981,67.7672210931581,52.767221093158106,52.767221093158106,30.89240327280349,0.026340745039635523,False,False,steady_state_low_chaos,20.596924990401064,0.3979539343665017,Regime suitability reflects current fused market state and stock risk profile.
600026.SHG,600026.SHG,Energy,China,Mainland China,CNY,43.27959236783896,41.11838060450791,60.14634715980877,43.27959236783896,44.8177274801937,51.11838060450791,51.11838060450791,51.11838060450791,54.440344356087195,-0.006720407632161042,False,False,steady_state_low_chaos,20.596924990401064,0.3979539343665017,Regime suitability reflects current fused market state and stock risk profile.
2388.HK,2388.HK,Financials,Hong Kong,Hong Kong,HKD,40.19709011948683,46.79896010469404,60,40.19709011948683,58.62295895451282,56.79896010469404,45.132293438027375,56.79896010469404,59.79896010469403,-0.00980290988051317,False,False,steady_state_low_chaos,20.596924990401064,0.3979539343665017,Regime suitability reflects current fused market state and stock risk profile.
600426.SHG,600426.SHG,Materials,China,Mainland China,CNY,42.09368318235913,40.12962626116381,64.2608565305611,42.09368318235913,46.05738929585969,50.12962626116381,38.46295959449714,50.12962626116381,62.50351062839822,-0.007906316817640872,False,False,steady_state_low_chaos,20.596924990401064,0.3979539343665017,Regime suitability reflects current fused market state and stock risk profile.
2888.HK,2888.HK,Financials,Hong Kong,Hong Kong,HKD,73.09368959319542,51.93791187213786,60,73.09368959319542,68.00526895084256,61.93791187213786,50.271245205471196,61.93791187213786,64.93791187213786,0.02309368959319542,False,False,steady_state_low_chaos,20.596924990401064,0.3979539343665017,Regime suitability reflects current fused market state and stock risk profile.
0728.HK,0728.HK,Communication Services,Hong Kong,Hong Kong,HKD,67.04208447058394,55.50506288169703,47.0883020438858,67.04208447058394,64.9632698318597,65.50506288169703,65.50506288169703,65.50506288169703,93.01102533435999,0.017042084470583946,False,False,steady_state_low_chaos,20.596924990401064,0.3979539343665017,Regime suitability reflects current fused market state and stock risk profile.
600050.SHG,600050.SHG,Communication Services,China,Mainland China,CNY,74.82638804742214,66.10295409354102,45.63544302877271,74.82638804742214,73.09354582616494,76.10295409354102,76.10295409354102,76.10295409354102,100,0.024826388047422144,False,False,steady_state_low_chaos,20.596924990401064,0.3979539343665017,Regime suitability reflects current fused market state and stock risk profile.
2883.HK,2883.HK,Energy,Hong Kong,Hong Kong,HKD,66.97142748009573,45.16938774497919,65.9310653976753,66.97142748009573,69.19951340648214,55.16938774497919,55.16938774497919,55.16938774497919,71.21773161986485,0.016971427480095728,False,False,steady_state_low_chaos,20.596924990401064,0.3979539343665017,Regime suitability reflects current fused market state and stock risk profile.
600549.SHG,600549.SHG,Materials,China,Mainland China,CNY,51.92936074029993,46.26962415791869,63.50010317296766,51.92936074029993,52.073131701249665,56.26962415791869,56.26962415791869,56.26962415791869,66.96985113844755,0.001929360740299927,False,False,steady_state_low_chaos,20.596924990401064,0.3979539343665017,Regime suitability reflects current fused market state and stock risk profile.
600563.SHG,600563.SHG,Technology,China,Mainland China,CNY,50.941566529508435,50.52643205422072,50.63490194359579,50.941566529508435,57.68971689548712,60.52643205422072,48.859765387554056,60.52643205422072,92.28831438653567,0.0009415665295084353,False,False,steady_state_low_chaos,20.596924990401064,0.3979539343665017,Regime suitability reflects current fused market state and stock risk profile.
0598.HK,0598.HK,Industrials,Hong Kong,Hong Kong,HKD,40.15493919877113,37.09672115664184,74.91063609230804,40.15493919877113,53.07216285780897,47.09672115664184,35.43005448997518,47.09672115664184,77.9894844674115,-0.009845060801228869,False,False,steady_state_low_chaos,20.596924990401064,0.3979539343665017,Regime suitability reflects current fused market state and stock risk profile.
600030.SHG,600030.SHG,Financials,China,Mainland China,CNY,78.15135432548252,45.083163689365634,60,78.15135432548252,54.045577221684226,55.083163689365634,55.083163689365634,55.083163689365634,58.083163689365634,0.028151354325482516,False,False,steady_state_low_chaos,20.596924990401064,0.3979539343665017,Regime suitability reflects current fused market state and stock risk profile.
600039.SHG,600039.SHG,Industrials,China,Mainland China,CNY,56.83582446160349,27.32543898860675,52.09651030536181,56.83582446160349,45.11212508355321,37.32543898860675,37.32543898860675,37.32543898860675,22.937761660402735,0.006835824461603487,False,False,steady_state_low_chaos,20.596924990401064,0.3979539343665017,Regime suitability reflects current fused market state and stock risk profile.
600392.SHG,600392.SHG,Materials,China,Mainland China,CNY,46.65796853959401,49.42680473528683,72.02952220533822,46.65796853959401,50.26239953847288,59.42680473528683,59.42680473528683,59.42680473528683,86.8622313816927,-0.003342031460405991,False,False,steady_state_low_chaos,20.596924990401064,0.3979539343665017,Regime suitability reflects current fused market state and stock risk profile.
600436.SHG,600436.SHG,Healthcare,China,Mainland China,CNY,37.39847704454926,68.61218984497638,45.360143795498,37.39847704454926,45.67503245073371,68.61218984497638,41.94552317830972,53.612189844976385,79.04436239957398,-0.01260152295545074,False,False,steady_state_low_chaos,20.596924990401064,0.3979539343665017,Regime suitability reflects current fused market state and stock risk profile.
600031.SHG,600031.SHG,Industrials,China,Mainland China,CNY,68.71246326153761,50.7059291090201,80.53299462444238,68.71246326153761,56.50782863071611,60.7059291090201,43.2059291090201,60.7059291090201,98.34552265835096,0.018712463261537606,False,False,steady_state_low_chaos,20.596924990401064,0.3979539343665017,Regime suitability reflects current fused market state and stock risk profile.
600352.SHG,600352.SHG,Materials,China,Mainland China,CNY,72.50868308080368,52.674209531803065,77.87978943925984,72.50868308080368,63.31432825148346,62.674209531803065,62.674209531803065,62.674209531803065,97.12995685891487,0.022508683080803678,False,False,steady_state_low_chaos,20.596924990401064,0.3979539343665017,Regime suitability reflects current fused market state and stock risk profile.
600489.SHG,600489.SHG,Materials,China,Mainland China,CNY,60.49345926983786,51.24859892287948,68.53740690802228,60.49345926983786,61.21762343062035,61.24859892287948,61.24859892287948,61.24859892287948,83.03089412052849,0.010493459269837857,False,False,steady_state_low_chaos,20.596924990401064,0.3979539343665017,Regime suitability reflects current fused market state and stock risk profile.
600547.SHG,600547.SHG,Materials,China,Mainland China,CNY,68.0656912487351,40.3872233627271,56.841675647639356,68.0656912487351,57.8041533196942,50.3872233627271,50.3872233627271,50.3872233627271,46.43890978753368,0.018065691248735107,False,False,steady_state_low_chaos,20.596924990401064,0.3979539343665017,Regime suitability reflects current fused market state and stock risk profile.
2357.HK,2357.HK,Industrials,Hong Kong,Hong Kong,HKD,24.379804066768266,40.10855406963134,67.29831829645352,24.379804066768266,51.89467937948275,50.10855406963134,50.10855406963134,50.10855406963134,69.16485432182908,-0.025620195933231733,True,False,steady_state_low_chaos,20.596924990401064,0.3979539343665017,Regime suitability reflects current fused market state and stock risk profile.
2328.HK,2328.HK,Financials,Hong Kong,Hong Kong,HKD,74.61573067561136,67.63510342016228,95,74.61573067561136,79.26002689340417,77.63510342016228,65.96843675349561,77.63510342016228,100,0.02461573067561136,False,False,steady_state_low_chaos,20.596924990401064,0.3979539343665017,Regime suitability reflects current fused market state and stock risk profile.
600015.SHG,600015.SHG,Financials,China,Mainland China,CNY,79.3656291700224,52.907533716292356,60,79.3656291700224,71.37440059821932,62.907533716292356,51.24086704962569,62.907533716292356,65.90753371629236,0.029365629170022403,False,False,steady_state_low_chaos,20.596924990401064,0.3979539343665017,Regime suitability reflects current fused market state and stock risk profile.
0836.HK,0836.HK,Utilities,Hong Kong,Hong Kong,HKD,36.15532498501557,46.618145191526764,20.51340995378272,36.15532498501557,40.88741276296538,46.618145191526764,19.951478524860093,31.61814519152676,2.7476470898487477,-0.013844675014984433,False,False,steady_state_low_chaos,20.596924990401064,0.3979539343665017,Regime suitability reflects current fused market state and stock risk profile.
1177.HK,1177.HK,Healthcare,Hong Kong,Hong Kong,HKD,57.172446497077374,78.29953285581894,49.085863612233084,57.172446497077374,52.65981810568626,78.29953285581894,63.29953285581894,63.29953285581894,93.20256919049864,0.007172446497077374,False,False,steady_state_low_chaos,20.596924990401064,0.3979539343665017,Regime suitability reflects current fused market state and stock risk profile.
600406.SHG,600406.SHG,Industrials,China,Mainland China,CNY,62.55089534455399,51.00646887710481,80.83635337747488,62.55089534455399,59.61965660103949,61.00646887710481,61.00646887710481,61.00646887710481,99.01009293007466,0.012550895344553992,False,False,steady_state_low_chaos,20.596924990401064,0.3979539343665017,Regime suitability reflects current fused market state and stock risk profile.
2628.HK,2628.HK,Financials,Hong Kong,Hong Kong,HKD,85.62596965912955,64.34234570398064,72.95322834126321,85.62596965912955,78.67457655260824,74.34234570398064,74.34234570398064,74.34234570398064,100,0.03,False,False,steady_state_low_chaos,20.596924990401064,0.3979539343665017,Regime suitability reflects current fused market state and stock risk profile.
600021.SHG,600021.SHG,Utilities,China,Mainland China,CNY,37.93465314185221,55.44767251706478,18.33497209809766,37.93465314185221,40.65431124190195,55.44767251706478,28.781005850398117,40.44767251706478,8.449639034781974,-0.012065346858147792,False,False,steady_state_low_chaos,20.596924990401064,0.3979539343665017,Regime suitability reflects current fused market state and stock risk profile.
2333.HK,2333.HK,Consumer Discretionary,Hong Kong,Hong Kong,HKD,70.45863300075962,49.433083240029404,49.94651578391429,70.45863300075962,66.66703285569419,59.433083240029404,47.76641657336274,59.433083240029404,90.36890218072655,0.02045863300075962,False,False,steady_state_low_chaos,20.596924990401064,0.3979539343665017,Regime suitability reflects current fused market state and stock risk profile.
600900.SHG,600900.SHG,Utilities,China,Mainland China,CNY,69.96107402036014,69.69618527660947,24.973454978999612,69.96107402036014,58.482604748595605,69.69618527660947,43.029518609942805,54.69618527660947,35.63778623040862,0.019961074020360143,False,False,steady_state_low_chaos,20.596924990401064,0.3979539343665017,Regime suitability reflects current fused market state and stock risk profile.
2899.HK,2899.HK,Materials,Hong Kong,Hong Kong,HKD,68.58000995672614,50.347118215671706,65.0875957794194,68.58000995672614,67.29739966616867,60.347118215671706,60.347118215671706,60.347118215671706,74.53982893039438,0.018580009956726144,False,False,steady_state_low_chaos,20.596924990401064,0.3979539343665017,Regime suitability reflects current fused market state and stock risk profile.
2338.HK,2338.HK,Consumer Discretionary,Hong Kong,Hong Kong,HKD,63.71950104684723,58.329834013199616,51.60978725454961,63.71950104684723,64.09613630307895,68.32983401319962,68.32983401319962,68.32983401319962,100,0.013719501046847228,False,False,steady_state_low_chaos,20.596924990401064,0.3979539343665017,Regime suitability reflects current fused market state and stock risk profile.
000100.SHE,000100.SHE,Technology,China,Mainland China,CNY,79.11703274543399,49.87018206891692,28.235319559068678,79.11703274543399,55.596940681290434,59.87018206891692,59.87018206891692,59.87018206891692,47.987885098868006,0.02911703274543399,False,False,steady_state_low_chaos,20.596924990401064,0.3979539343665017,Regime suitability reflects current fused market state and stock risk profile.
2319.HK,2319.HK,Consumer Staples,Hong Kong,Hong Kong,HKD,61.86656567038412,75.91491567702778,44.55212592264996,61.86656567038412,57.2919343748284,75.91491567702778,49.248249010361114,60.91491567702778,84.92959270685769,0.011866565670384119,False,False,steady_state_low_chaos,20.596924990401064,0.3979539343665017,Regime suitability reflects current fused market state and stock risk profile.
0700.HK,0700.HK,Communication Services,Hong Kong,Hong Kong,HKD,71.63571033052506,57.5236236603842,45.285283391219764,71.63571033052506,68.10318131822505,67.5236236603842,55.85695699371754,67.5236236603842,92.86596372984792,0.021635710330525058,False,False,steady_state_low_chaos,20.596924990401064,0.3979539343665017,Regime suitability reflects current fused market state and stock risk profile.
2318.HK,2318.HK,Financials,Hong Kong,Hong Kong,HKD,86.03845212375646,53.599739279703144,60.68356560613104,86.03845212375646,71.51407256623088,63.599739279703144,51.93307261303648,63.599739279703144,68.10358361319143,0.03,False,False,steady_state_low_chaos,20.596924990401064,0.3979539343665017,Regime suitability reflects current fused market state and stock risk profile.
2331.HK,2331.HK,Consumer Discretionary,Hong Kong,Hong Kong,HKD,64.80028003846019,47.80459876487102,58.833463905869756,64.80028003846019,59.696829905714885,57.80459876487102,57.80459876487102,57.80459876487102,99.40475545191472,0.014800280038460187,False,False,steady_state_low_chaos,20.596924990401064,0.3979539343665017,Regime suitability reflects current fused market state and stock risk profile.
600497.SHG,600497.SHG,Materials,China,Mainland China,CNY,59.74484249523719,47.97449401828432,67.04280986146843,59.74484249523719,55.02700889439198,57.97449401828432,57.97449401828432,57.97449401828432,76.46867571351486,0.009744842495237186,False,False,steady_state_low_chaos,20.596924990401064,0.3979539343665017,Regime suitability reflects current fused market state and stock risk profile.
600985.SHG,600985.SHG,Materials,China,Mainland China,CNY,22.196622169393763,32.003805401229116,65.18481502160411,22.196622169393763,26.228734670394477,42.003805401229116,42.003805401229116,42.003805401229116,56.41039844875815,-0.027803377830606237,True,False,steady_state_low_chaos,20.596924990401064,0.3979539343665017,Regime suitability reflects current fused market state and stock risk profile.
2343.HK,2343.HK,Industrials,Hong Kong,Hong Kong,HKD,38.54019363385416,34.94801530816485,70.74248780957032,38.54019363385416,41.9286200083998,44.94801530816485,33.281348641498184,44.94801530816485,70.83900067964925,-0.01145980636614584,False,False,steady_state_low_chaos,20.596924990401064,0.3979539343665017,Regime suitability reflects current fused market state and stock risk profile.
600143.SHG,600143.SHG,Materials,China,Mainland China,CNY,42.194529541262945,20.76261325037772,37.44531958407906,42.194529541262945,35.56726587110325,30.76261325037772,19.095946583711054,30.76261325037772,0,-0.007805470458737055,False,False,steady_state_low_chaos,20.596924990401064,0.3979539343665017,Regime suitability reflects current fused market state and stock risk profile.
002001.SHE,002001.SHE,Healthcare,China,Mainland China,CNY,68.62149718888948,76.58249473212548,44.969135320654175,68.62149718888948,64.3966571046146,76.58249473212548,44.08249473212548,61.58249473212548,86.51459243756467,0.018621497188889478,False,False,steady_state_low_chaos,20.596924990401064,0.3979539343665017,Regime suitability reflects current fused market state and stock risk profile.
2380.HK,2380.HK,Utilities,Hong Kong,Hong Kong,HKD,24.903768285259847,47.10212142562853,8.813365429403923,24.903768285259847,37.36799675436106,47.10212142562853,32.10212142562853,32.10212142562853,0,-0.025096231714740153,True,False,steady_state_low_chaos,20.596924990401064,0.3979539343665017,Regime suitability reflects current fused market state and stock risk profile.
002027.SHE,002027.SHE,Communication Services,China,Mainland China,CNY,68.5755968387034,54.75998491228026,45.32705053422307,68.5755968387034,62.69915057379446,64.75998491228026,64.75998491228026,64.75998491228026,90.15244555334795,0.018575596838703405,False,False,steady_state_low_chaos,20.596924990401064,0.3979539343665017,Regime suitability reflects current fused market state and stock risk profile.
0868.HK,0868.HK,Materials,Hong Kong,Hong Kong,HKD,53.574061460837946,35.543983034297995,67.74110744649856,53.574061460837946,48.03663329853509,45.543983034297995,45.543983034297995,45.543983034297995,65.57441941659484,0.003574061460837946,False,False,steady_state_low_chaos,20.596924990401064,0.3979539343665017,Regime suitability reflects current fused market state and stock risk profile.
0763.HK,0763.HK,Technology,Hong Kong,Hong Kong,HKD,45.17954576224541,51.77312047956347,39.9866920586133,45.17954576224541,61.30411600308105,61.77312047956347,44.27312047956347,61.77312047956347,75.74384300851273,-0.0048204542377545895,False,False,steady_state_low_chaos,20.596924990401064,0.3979539343665017,Regime suitability reflects current fused market state and stock risk profile.
600027.SHG,600027.SHG,Utilities,China,Mainland China,CNY,69.99855227429272,61.073374013089676,21.799385192789952,69.99855227429272,50.699964664280515,61.073374013089676,34.40670734642301,46.073374013089676,20.032021437227577,0.01999855227429272,False,False,steady_state_low_chaos,20.596924990401064,0.3979539343665017,Regime suitability reflects current fused market state and stock risk profile.
1088.HK,1088.HK,Energy,Hong Kong,Hong Kong,HKD,47.01178293199972,62.094252852864074,72.73975201829032,47.01178293199972,63.38443076873521,72.09425285286407,60.42758618619741,72.09425285286407,100,-0.0029882170680002817,False,False,steady_state_low_chaos,20.596924990401064,0.3979539343665017,Regime suitability reflects current fused market state and stock risk profile.
3328.HK,3328.HK,Financials,Hong Kong,Hong Kong,HKD,71.39219516118771,45.84016383827837,60,71.39219516118771,67.30706499144384,55.84016383827837,55.84016383827837,55.84016383827837,58.84016383827837,0.021392195161187715,False,False,steady_state_low_chaos,20.596924990401064,0.3979539343665017,Regime suitability reflects current fused market state and stock risk profile.
3311.HK,3311.HK,Industrials,Hong Kong,Hong Kong,HKD,35.84610807407948,21.288402240914277,51.93645761820095,35.84610807407948,46.063504304634165,31.288402240914277,31.288402240914277,31.288402240914277,16.548609000956368,-0.014153891925920519,False,False,steady_state_low_chaos,20.596924990401064,0.3979539343665017,Regime suitability reflects current fused market state and stock risk profile.
002050.SHE,002050.SHE,Industrials,China,Mainland China,CNY,48.96955365280293,49.349497899848544,79.2081154607259,48.96955365280293,50.01658022145092,59.349497899848544,59.349497899848544,59.349497899848544,95.39923645271963,-0.0010304463471970705,False,False,steady_state_low_chaos,20.596924990401064,0.3979539343665017,Regime suitability reflects current fused market state and stock risk profile.
0939.HK,0939.HK,Financials,Hong Kong,Hong Kong,HKD,86.84711034227146,54.17345270858715,60,86.84711034227146,71.36641643110997,64.17345270858715,52.506786041920485,64.17345270858715,67.17345270858715,0.03,False,False,steady_state_low_chaos,20.596924990401064,0.3979539343665017,Regime suitability reflects current fused market state and stock risk profile.
1919.HK,1919.HK,Industrials,Hong Kong,Hong Kong,HKD,63.54581229357014,56.81589178692542,75.63386033673142,63.54581229357014,65.09289808701529,66.81589178692542,55.149225120258755,66.81589178692542,98.57652419100312,0.013545812293570136,False,False,steady_state_low_chaos,20.596924990401064,0.3979539343665017,Regime suitability reflects current fused market state and stock risk profile.
2313.HK,2313.HK,Consumer Discretionary,Hong Kong,Hong Kong,HKD,52.22802518648178,45.44034178629158,52.76057397364887,52.22802518648178,57.60483170812023,55.44034178629158,43.77367511962492,55.44034178629158,89.75303055467022,0.00222802518648178,False,False,steady_state_low_chaos,20.596924990401064,0.3979539343665017,Regime suitability reflects current fused market state and stock risk profile.
0425.HK,0425.HK,Consumer Discretionary,Hong Kong,Hong Kong,HKD,55.42925522605193,36.22611540847815,40.4816672452815,55.42925522605193,49.63322262743335,46.22611540847815,46.22611540847815,46.22611540847815,61.28578334809745,0.005429255226051929,False,False,steady_state_low_chaos,20.596924990401064,0.3979539343665017,Regime suitability reflects current fused market state and stock risk profile.
0823.HK,0823.HK,Real Estate,Hong Kong,Hong Kong,HKD,63.832342187140384,58.40788926207003,70,63.832342187140384,67.6152753325075,68.40788926207003,68.40788926207003,68.40788926207003,100,0.013832342187140384,False,False,steady_state_low_chaos,20.596924990401064,0.3979539343665017,Regime suitability reflects current fused market state and stock risk profile.
3393.HK,3393.HK,Industrials,Hong Kong,Hong Kong,HKD,46.267051027868256,39.47442856740616,71.13955950753872,46.267051027868256,56.35043813839378,49.47442856740616,49.47442856740616,49.47442856740616,75.84189997645262,-0.0037329489721317443,False,False,steady_state_low_chaos,20.596924990401064,0.3979539343665017,Regime suitability reflects current fused market state and stock risk profile.
3330.HK,3330.HK,Materials,Hong Kong,Hong Kong,HKD,27.937281078580675,30.637012449678025,63.495170807661594,27.937281078580675,33.14651285783491,40.637012449678025,28.97034578301136,40.637012449678025,51.326388226533524,-0.022062718921419325,True,False,steady_state_low_chaos,20.596924990401064,0.3979539343665017,Regime suitability reflects current fused market state and stock risk profile.
3323.HK,3323.HK,Materials,Hong Kong,Hong Kong,HKD,69.64180613032087,22.39866306936166,33.00580771830568,69.64180613032087,44.672139752557996,32.39866306936166,20.731996402694996,32.39866306936166,0,0.019641806130320873,False,False,steady_state_low_chaos,20.596924990401064,0.3979539343665017,Regime suitability reflects current fused market state and stock risk profile.
3988.HK,3988.HK,Financials,Hong Kong,Hong Kong,HKD,83.2966906417684,62.22190050422617,60,83.2966906417684,76.45632006946467,72.22190050422617,60.555233837559506,72.22190050422617,75.22190050422617,0.03,False,False,steady_state_low_chaos,20.596924990401064,0.3979539343665017,Regime suitability reflects current fused market state and stock risk profile.
3900.HK,3900.HK,Real Estate,Hong Kong,Hong Kong,HKD,55.38284280404147,17.26918259549445,0,55.38284280404147,35.53660618423021,27.26918259549445,27.26918259549445,27.26918259549445,0,0.005382842804041474,False,False,steady_state_low_chaos,20.596924990401064,0.3979539343665017,Regime suitability reflects current fused market state and stock risk profile.
3968.HK,3968.HK,Financials,Hong Kong,Hong Kong,HKD,79.71968884350828,48.639508933633095,60,79.71968884350828,69.04233280800783,58.639508933633095,58.639508933633095,58.639508933633095,61.639508933633095,0.029719688843508278,False,False,steady_state_low_chaos,20.596924990401064,0.3979539343665017,Regime suitability reflects current fused market state and stock risk profile.
601988.SHG,601988.SHG,Financials,China,Mainland China,CNY,82.6629298782072,59.80658314790993,60,82.6629298782072,71.06899142396041,69.80658314790993,69.80658314790993,69.80658314790993,72.80658314790993,0.03,False,False,steady_state_low_chaos,20.596924990401064,0.3979539343665017,Regime suitability reflects current fused market state and stock risk profile.
1398.HK,1398.HK,Financials,Hong Kong,Hong Kong,HKD,84.5982036355734,55.61667839360018,60,84.5982036355734,72.92977155924412,65.61667839360018,53.95001172693352,65.61667839360018,68.61667839360018,0.03,False,False,steady_state_low_chaos,20.596924990401064,0.3979539343665017,Regime suitability reflects current fused market state and stock risk profile.
601006.SHG,601006.SHG,Industrials,China,Mainland China,CNY,27.673286656221038,54.56349718902257,77.56674564374609,27.673286656221038,47.419157809741165,64.56349718902257,52.896830522355906,64.56349718902257,98.64359196151787,-0.02232671334377896,True,False,steady_state_low_chaos,20.596924990401064,0.3979539343665017,Regime suitability reflects current fused market state and stock risk profile.
002056.SHE,002056.SHE,Technology,China,Mainland China,CNY,63.953075371845614,53.31644677054241,54.821401137382296,63.953075371845614,63.700991322036245,63.31644677054241,51.64978010387575,63.31644677054241,100,0.013953075371845614,False,False,steady_state_low_chaos,20.596924990401064,0.3979539343665017,Regime suitability reflects current fused market state and stock risk profile.
002064.SHE,002064.SHE,Materials,China,Mainland China,CNY,48.66452140770524,46.45622825323819,76.03591602388047,48.66452140770524,55.181045874796126,56.45622825323819,56.45622825323819,56.45622825323819,88.69932748189476,-0.0013354785922947627,False,False,steady_state_low_chaos,20.596924990401064,0.3979539343665017,Regime suitability reflects current fused market state and stock risk profile.
0552.HK,0552.HK,Communication Services,Hong Kong,Hong Kong,HKD,29.33913608064477,47.54903162669005,55.60217475641683,29.33913608064477,57.94157856363397,57.54903162669005,57.54903162669005,57.54903162669005,95.27164133439025,-0.02066086391935523,True,False,steady_state_low_chaos,20.596924990401064,0.3979539343665017,Regime suitability reflects current fused market state and stock risk profile.
1888.HK,1888.HK,Technology,Hong Kong,Hong Kong,HKD,45.996296878599885,63.15455050533046,42.07125729655557,45.996296878599885,54.597617652799975,73.15455050533046,73.15455050533046,73.15455050533046,91.71131655775272,-0.004003703121400115,False,False,steady_state_low_chaos,20.596924990401064,0.3979539343665017,Regime suitability reflects current fused market state and stock risk profile.
1800.HK,1800.HK,Industrials,Hong Kong,Hong Kong,HKD,19.891598685828455,23.25929791071038,26.04405084128718,19.891598685828455,39.3817307031416,33.25929791071038,21.592631244043716,33.25929791071038,0,-0.03,True,True,steady_state_low_chaos,20.596924990401064,0.3979539343665017,Regime suitability reflects current fused market state and stock risk profile.
1898.HK,1898.HK,Energy,Hong Kong,Hong Kong,HKD,56.993300252631165,49.74778548744605,70.9353718005723,56.993300252631165,63.333169024507484,59.74778548744605,48.08111882077939,59.74778548744605,85.87023164813282,0.006993300252631165,False,False,steady_state_low_chaos,20.596924990401064,0.3979539343665017,Regime suitability reflects current fused market state and stock risk profile.
3898.HK,3898.HK,Industrials,Hong Kong,Hong Kong,HKD,37.60438869777607,43.72315765986401,67.42850470039967,37.60438869777607,57.58873213974717,53.72315765986401,42.05649099319734,53.72315765986401,73.0658680007433,-0.012395611302223927,False,False,steady_state_low_chaos,20.596924990401064,0.3979539343665017,Regime suitability reflects current fused market state and stock risk profile.
1882.HK,1882.HK,Industrials,Hong Kong,Hong Kong,HKD,51.98072836978854,41.76609403462647,81.82686112275893,51.98072836978854,58.40014279177848,51.76609403462647,51.76609403462647,51.76609403462647,90.95832738193718,0.0019807283697885368,False,False,steady_state_low_chaos,20.596924990401064,0.3979539343665017,Regime suitability reflects current fused market state and stock risk profile.
601699.SHG,601699.SHG,Energy,China,Mainland China,CNY,55.28923957091839,40.445882862233226,88.14089725292828,55.28923957091839,39.16436072054602,50.445882862233226,50.445882862233226,50.445882862233226,97.21495956574717,0.00528923957091839,False,False,steady_state_low_chaos,20.596924990401064,0.3979539343665017,Regime suitability reflects current fused market state and stock risk profile.
601398.SHG,601398.SHG,Financials,China,Mainland China,CNY,87.76253558003042,60.862863974535514,60,87.76253558003042,73.55125136653054,70.86286397453551,70.86286397453551,70.86286397453551,73.86286397453551,0.03,False,False,steady_state_low_chaos,20.596924990401064,0.3979539343665017,Regime suitability reflects current fused market state and stock risk profile.
601872.SHG,601872.SHG,Energy,China,Mainland China,CNY,45.538085870803215,43.429578979656206,59.41627357453609,45.538085870803215,47.84257739824807,53.429578979656206,41.76291231298954,53.429578979656206,55.14538084363562,-0.004461914129196785,False,False,steady_state_low_chaos,20.596924990401064,0.3979539343665017,Regime suitability reflects current fused market state and stock risk profile.
601991.SHG,601991.SHG,Utilities,China,Mainland China,CNY,68.87800996324053,66.50231543550885,18.081971331153643,68.87800996324053,48.6070627987487,66.50231543550885,51.50231543550884,51.50231543550884,19.200681032893215,0.01887800996324053,False,False,steady_state_low_chaos,20.596924990401064,0.3979539343665017,Regime suitability reflects current fused market state and stock risk profile.
601628.SHG,601628.SHG,Financials,China,Mainland China,CNY,83.40671836409443,71.83210765951762,72.95322834126321,83.40671836409443,79.34037816023704,81.83210765951762,70.16544099285095,81.83210765951762,100,0.03,False,False,steady_state_low_chaos,20.596924990401064,0.3979539343665017,Regime suitability reflects current fused market state and stock risk profile.
0998.HK,0998.HK,Financials,Hong Kong,Hong Kong,HKD,72.93326341172788,52.88736817363518,60,72.93326341172788,69.33841570697354,62.88736817363518,62.88736817363518,62.88736817363518,65.88736817363518,0.02293326341172788,False,False,steady_state_low_chaos,20.596924990401064,0.3979539343665017,Regime suitability reflects current fused market state and stock risk profile.
3993.HK,3993.HK,Materials,Hong Kong,Hong Kong,HKD,56.03760873777092,54.04313375812676,69.98358531138376,56.03760873777092,65.40617805549772,64.04313375812676,64.04313375812676,64.04313375812676,89.00702144317104,0.006037608737770917,False,False,steady_state_low_chaos,20.596924990401064,0.3979539343665017,Regime suitability reflects current fused market state and stock risk profile.
601166.SHG,601166.SHG,Financials,China,Mainland China,CNY,83.83575165387623,54.99061173525524,60,83.83575165387623,67.93036095632453,64.99061173525524,64.99061173525524,64.99061173525524,67.99061173525524,0.03,False,False,steady_state_low_chaos,20.596924990401064,0.3979539343665017,Regime suitability reflects current fused market state and stock risk profile.
601318.SHG,601318.SHG,Financials,China,Mainland China,CNY,87.1147026738952,60.74258599686263,60.68356560613104,87.1147026738952,70.78728907999474,70.74258599686263,59.075919330195966,70.74258599686263,75.24643033035092,0.03,False,False,steady_state_low_chaos,20.596924990401064,0.3979539343665017,Regime suitability reflects current fused market state and stock risk profile.
2382.HK,2382.HK,Technology,Hong Kong,Hong Kong,HKD,58.912853265526394,47.42527906095792,45.75177829678207,58.912853265526394,54.44334734706436,57.42527906095792,45.758612394291255,57.42527906095792,83.3274130170964,0.008912853265526394,False,False,steady_state_low_chaos,20.596924990401064,0.3979539343665017,Regime suitability reflects current fused market state and stock risk profile.
3933.HK,3933.HK,Healthcare,Hong Kong,Hong Kong,HKD,50.938411947589316,71.0414377163567,53.645346828339015,50.938411947589316,64.59830521932562,71.0414377163567,44.37477104969003,56.0414377163567,91.41585391036352,0.0009384119475893158,False,False,steady_state_low_chaos,20.596924990401064,0.3979539343665017,Regime suitability reflects current fused market state and stock risk profile.
2020.HK,2020.HK,Consumer Discretionary,Hong Kong,Hong Kong,HKD,70.1296400383857,47.527511086917606,41.578073670231355,70.1296400383857,64.05047268875227,57.527511086917606,57.527511086917606,57.527511086917606,74.99927316142659,0.0201296400383857,False,False,steady_state_low_chaos,20.596924990401064,0.3979539343665017,Regime suitability reflects current fused market state and stock risk profile.
002128.SHE,002128.SHE,Energy,China,Mainland China,CNY,45.35393563970189,50.63473893392688,67.93411185801723,45.35393563970189,59.834611486719126,60.63473893392688,60.63473893392688,60.63473893392688,81.0897850215648,-0.004646064360298113,False,False,steady_state_low_chaos,20.596924990401064,0.3979539343665017,Regime suitability reflects current fused market state and stock risk profile.
002131.SHE,002131.SHE,Communication Services,China,Mainland China,CNY,48.65532321419844,46.91443435114295,40.401646208631796,48.65532321419844,53.0844037363914,56.91443435114295,56.91443435114295,56.91443435114295,71.7980560101329,-0.0013446767858015605,False,False,steady_state_low_chaos,20.596924990401064,0.3979539343665017,Regime suitability reflects current fused market state and stock risk profile.
601998.SHG,601998.SHG,Financials,China,Mainland China,CNY,78.57487926836178,58.4342508978269,60,78.57487926836178,72.07779538323605,68.4342508978269,56.767584231160235,68.4342508978269,71.4342508978269,0.028574879268361785,False,False,steady_state_low_chaos,20.596924990401064,0.3979539343665017,Regime suitability reflects current fused market state and stock risk profile.
000338.SHE,000338.SHE,Consumer Discretionary,China,Mainland China,CNY,72.68550808533618,57.09997344655669,51.60978725454961,72.68550808533618,63.194559837469534,67.09997344655669,55.433306779890025,67.09997344655669,100,0.022685508085336183,False,False,steady_state_low_chaos,20.596924990401064,0.3979539343665017,Regime suitability reflects current fused market state and stock risk profile.
601328.SHG,601328.SHG,Financials,China,Mainland China,CNY,79.04080391033669,63.76654510039832,60,79.04080391033669,74.34496616056187,73.76654510039832,62.099878433731654,73.76654510039832,76.76654510039832,0.029040803910336692,False,False,steady_state_low_chaos,20.596924990401064,0.3979539343665017,Regime suitability reflects current fused market state and stock risk profile.
0817.HK,0817.HK,Real Estate,Hong Kong,Hong Kong,HKD,17.349754464654055,10.82868624066268,0,17.349754464654055,19.535438324858795,20.82868624066268,20.82868624066268,20.82868624066268,0,-0.03,True,True,steady_state_low_chaos,20.596924990401064,0.3979539343665017,Regime suitability reflects current fused market state and stock risk profile.
002138.SHE,002138.SHE,Technology,China,Mainland China,CNY,51.411586030353334,45.22265354169256,37.8662462508944,51.411586030353334,50.400877817269226,55.22265354169256,55.22265354169256,55.22265354169256,64.52839529366024,0.0014115860303533338,False,False,steady_state_low_chaos,20.596924990401064,0.3979539343665017,Regime suitability reflects current fused market state and stock risk profile.
601919.SHG,601919.SHG,Industrials,China,Mainland China,CNY,68.59392237647492,59.85402356898193,75.63386033673142,68.59392237647492,64.82338446764925,69.85402356898193,69.85402356898193,69.85402356898193,100,0.018593922376474923,False,False,steady_state_low_chaos,20.596924990401064,0.3979539343665017,Regime suitability reflects current fused market state and stock risk profile.
601168.SHG,601168.SHG,Materials,China,Mainland China,CNY,77.5707627871993,63.117436696427944,62.4144633788225,77.5707627871993,78.51272903997108,73.11743669642794,61.45077002976128,73.11743669642794,81.42925612983743,0.0275707627871993,False,False,steady_state_low_chaos,20.596924990401064,0.3979539343665017,Regime suitability reflects current fused market state and stock risk profile.
3998.HK,3998.HK,Consumer Discretionary,Hong Kong,Hong Kong,HKD,34.35988793318435,37.77513632535264,35,34.35988793318435,51.3692182619415,47.77513632535264,36.108469658685976,47.77513632535264,50.77513632535264,-0.015640112066815648,True,False,steady_state_low_chaos,20.596924990401064,0.3979539343665017,Regime suitability reflects current fused market state and stock risk profile.
002142.SHE,002142.SHE,Financials,China,Mainland China,CNY,83.23127957967218,55.10105144602386,60,83.23127957967218,71.04449156814894,65.10105144602386,53.434384779357195,65.10105144602386,68.10105144602386,0.03,False,False,steady_state_low_chaos,20.596924990401064,0.3979539343665017,Regime suitability reflects current fused market state and stock risk profile.
601009.SHG,601009.SHG,Financials,China,Mainland China,CNY,74.50393634226668,50.89350508512379,60,74.50393634226668,61.57372126935666,60.89350508512379,60.89350508512379,60.89350508512379,63.89350508512379,0.024503936342266684,False,False,steady_state_low_chaos,20.596924990401064,0.3979539343665017,Regime suitability reflects current fused market state and stock risk profile.
002155.SHE,002155.SHE,Materials,China,Mainland China,CNY,56.52655743427212,63.15790656770379,74.70838864764936,56.52655743427212,70.14987587245032,73.15790656770379,73.15790656770379,73.15790656770379,100,0.0065265574342721205,False,False,steady_state_low_chaos,20.596924990401064,0.3979539343665017,Regime suitability reflects current fused market state and stock risk profile.
3808.HK,3808.HK,Industrials,Hong Kong,Hong Kong,HKD,58.07962329124171,47.652332490383934,78.79699727609477,58.07962329124171,58.120187339572595,57.652332490383934,57.652332490383934,57.652332490383934,93.20872922169767,0.008079623291241709,False,False,steady_state_low_chaos,20.596924990401064,0.3979539343665017,Regime suitability reflects current fused market state and stock risk profile.
0390.HK,0390.HK,Industrials,Hong Kong,Hong Kong,HKD,30.69986416742583,34.90122975213839,46.597640796381114,30.69986416742583,53.8894636401333,44.90122975213839,33.23456308547173,44.90122975213839,18.41603950417684,-0.01930013583257417,True,False,steady_state_low_chaos,20.596924990401064,0.3979539343665017,Regime suitability reflects current fused market state and stock risk profile.
0220.HK,0220.HK,Consumer Staples,Hong Kong,Hong Kong,HKD,51.87188556127801,72.84098128626059,51.036284039032594,51.87188556127801,58.46728962926978,72.84098128626059,46.17431461959393,57.84098128626059,90.08452213309971,0.0018718855612780132,False,False,steady_state_low_chaos,20.596924990401064,0.3979539343665017,Regime suitability reflects current fused market state and stock risk profile.
601169.SHG,601169.SHG,Financials,China,Mainland China,CNY,79.42211381431127,60.75767522730817,60,79.42211381431127,72.27768575067456,70.75767522730817,59.091008560641505,70.75767522730817,73.75767522730817,0.029422113814311274,False,False,steady_state_low_chaos,20.596924990401064,0.3979539343665017,Regime suitability reflects current fused market state and stock risk profile.
601939.SHG,601939.SHG,Financials,China,Mainland China,CNY,81.94962800653352,59.40908669848616,60,81.94962800653352,70.74428317836339,69.40908669848616,69.40908669848616,69.40908669848616,72.40908669848616,0.03,False,False,steady_state_low_chaos,20.596924990401064,0.3979539343665017,Regime suitability reflects current fused market state and stock risk profile.
601808.SHG,601808.SHG,Energy,China,Mainland China,CNY,65.32702878819897,62.508716039077996,65.9310653976753,65.32702878819897,71.87494630174832,72.508716039078,72.508716039078,72.508716039078,88.55705991396366,0.015327028788198973,False,False,steady_state_low_chaos,20.596924990401064,0.3979539343665017,Regime suitability reflects current fused market state and stock risk profile.
601088.SHG,601088.SHG,Energy,China,Mainland China,CNY,51.87061082622851,65.21101058405387,72.73975201829032,51.87061082622851,63.74872590602622,75.21101058405387,75.21101058405387,75.21101058405387,100,0.001870610826228507,False,False,steady_state_low_chaos,20.596924990401064,0.3979539343665017,Regime suitability reflects current fused market state and stock risk profile.
002179.SHE,002179.SHE,Technology,China,Mainland China,CNY,40.29809500699184,47.24886839161468,53.77094538831217,40.29809500699184,47.10077086997376,57.24886839161468,45.582201724948014,57.24886839161468,92.7740028575893,-0.009701904993008156,False,False,steady_state_low_chaos,20.596924990401064,0.3979539343665017,Regime suitability reflects current fused market state and stock risk profile.
601857.SHG,601857.SHG,Energy,China,Mainland China,CNY,66.86958493801711,73.81304360204135,68.79724700900701,66.86958493801711,75.2874039996893,83.81304360204135,72.14637693537468,83.81304360204135,100,0.016869584938017112,False,False,steady_state_low_chaos,20.596924990401064,0.3979539343665017,Regime suitability reflects current fused market state and stock risk profile.
601390.SHG,601390.SHG,Industrials,China,Mainland China,CNY,36.10756291349808,40.97342267584237,46.597640796381114,36.10756291349808,51.19190389608356,50.97342267584237,39.30675600917571,50.97342267584237,24.48823242788082,-0.01389243708650192,False,False,steady_state_low_chaos,20.596924990401064,0.3979539343665017,Regime suitability reflects current fused market state and stock risk profile.
1186.HK,1186.HK,Industrials,Hong Kong,Hong Kong,HKD,23.7834541825806,28.19274321258557,36.994552775195785,23.7834541825806,49.49991732648273,38.19274321258557,38.19274321258557,38.19274321258557,0,-0.0262165458174194,True,False,steady_state_low_chaos,20.596924990401064,0.3979539343665017,Regime suitability reflects current fused market state and stock risk profile.
0151.HK,0151.HK,Consumer Staples,Hong Kong,Hong Kong,HKD,49.48712002399903,74.3729912400319,52.263517177981484,49.48712002399903,55.10742748962734,74.3729912400319,59.372991240031894,59.372991240031894,93.08921185360968,-0.000512879976000967,False,False,steady_state_low_chaos,20.596924990401064,0.3979539343665017,Regime suitability reflects current fused market state and stock risk profile.
601601.SHG,601601.SHG,Financials,China,Mainland China,CNY,79.27614362594024,70.01447383524803,72.67285002271112,79.27614362594024,71.76530360549144,80.01447383524803,80.01447383524803,80.01447383524803,100,0.029276143625940235,False,False,steady_state_low_chaos,20.596924990401064,0.3979539343665017,Regime suitability reflects current fused market state and stock risk profile.
002203.SHE,002203.SHE,Materials,China,Mainland China,CNY,36.66088904989681,29.876401250893608,40.59083874277917,36.66088904989681,38.92693424394781,39.87640125089361,22.376401250893608,39.87640125089361,4.585407742228618,-0.01333911095010319,False,False,steady_state_low_chaos,20.596924990401064,0.3979539343665017,Regime suitability reflects current fused market state and stock risk profile.
601898.SHG,601898.SHG,Energy,China,Mainland China,CNY,51.023954850649375,62.422161009806075,70.9353718005723,51.023954850649375,60.402342093642986,72.42216100980608,54.922161009806075,72.42216100980608,98.54460717049284,0.0010239548506493748,False,False,steady_state_low_chaos,20.596924990401064,0.3979539343665017,Regime suitability reflects current fused market state and stock risk profile.
601186.SHG,601186.SHG,Industrials,China,Mainland China,CNY,35.4370536123739,38.68811028314866,36.994552775195785,35.4370536123739,53.28377334929101,48.68811028314866,37.021443616481996,48.68811028314866,9.081573613383597,-0.014562946387626098,False,False,steady_state_low_chaos,20.596924990401064,0.3979539343665017,Regime suitability reflects current fused market state and stock risk profile.
601958.SHG,601958.SHG,Materials,China,Mainland China,CNY,52.91622108516276,63.852692283109334,76.89423690303488,52.91622108516276,66.20172422810097,73.85269228310933,73.85269228310933,73.85269228310933,100,0.0029162210851627606,False,False,steady_state_low_chaos,20.596924990401064,0.3979539343665017,Regime suitability reflects current fused market state and stock risk profile.
601899.SHG,601899.SHG,Materials,China,Mainland China,CNY,70.95979577283448,60.790983147959665,65.0875957794194,70.95979577283448,70.60741026844951,70.79098314795966,70.79098314795966,70.79098314795966,84.98369386268234,0.020959795772834484,False,False,steady_state_low_chaos,20.596924990401064,0.3979539343665017,Regime suitability reflects current fused market state and stock risk profile.
002236.SHE,002236.SHE,Industrials,China,Mainland China,CNY,63.83808066600699,50.194902339073316,78.10370935700746,63.83808066600699,65.05745029012236,60.194902339073316,60.194902339073316,60.194902339073316,94.91935356748228,0.013838080666006988,False,False,steady_state_low_chaos,20.596924990401064,0.3979539343665017,Regime suitability reflects current fused market state and stock risk profile.
002241.SHE,002241.SHE,Technology,China,Mainland China,CNY,50.264597088378835,53.207020524893345,45.07273450564618,50.264597088378835,60.557168226371786,63.207020524893345,51.54035385822668,63.207020524893345,88.29430193166877,0.0002645970883788351,False,False,steady_state_low_chaos,20.596924990401064,0.3979539343665017,Regime suitability reflects current fused market state and stock risk profile.
1766.HK,1766.HK,Industrials,Hong Kong,Hong Kong,HKD,61.97462403512797,49.920271622688404,77.88146136570565,61.97462403512797,64.57243874097276,59.920271622688404,48.25360495602174,59.920271622688404,94.37802526153519,0.011974624035127966,False,False,steady_state_low_chaos,20.596924990401064,0.3979539343665017,Regime suitability reflects current fused market state and stock risk profile.
601766.SHG,601766.SHG,Industrials,China,Mainland China,CNY,70.24365457003526,65.12821879735235,77.88146136570565,70.24365457003526,70.89914026073454,75.12821879735235,63.46155213068568,75.12821879735235,100,0.020243654570035262,False,False,steady_state_low_chaos,20.596924990401064,0.3979539343665017,Regime suitability reflects current fused market state and stock risk profile.
002273.SHE,002273.SHE,Technology,China,Mainland China,CNY,49.69896641408952,52.33461453974524,48.472989779822825,49.69896641408952,55.87693575785249,62.33461453974524,62.33461453974524,62.33461453974524,91.50220227553264,-0.00030103358591048135,False,False,steady_state_low_chaos,20.596924990401064,0.3979539343665017,Regime suitability reflects current fused market state and stock risk profile.
0354.HK,0354.HK,Technology,Hong Kong,Hong Kong,HKD,27.42117145338407,29.846400620569824,38.86233405448803,27.42117145338407,36.14443103695343,39.846400620569824,39.846400620569824,39.846400620569824,51.3435355404435,-0.022578828546615932,True,False,steady_state_low_chaos,20.596924990401064,0.3979539343665017,Regime suitability reflects current fused market state and stock risk profile.
0189.HK,0189.HK,Materials,Hong Kong,Hong Kong,HKD,65.42650056477717,53.04010808083819,76.30339200997264,65.42650056477717,58.20840224371173,63.04010808083819,63.04010808083819,63.04010808083819,95.60417849280536,0.015426500564777172,False,False,steady_state_low_chaos,20.596924990401064,0.3979539343665017,Regime suitability reflects current fused market state and stock risk profile.
1099.HK,1099.HK,Healthcare,Hong Kong,Hong Kong,HKD,61.271383767220776,76.06390388715508,39.81873973614665,61.271383767220776,60.035993571974274,76.06390388715508,49.397237220488414,61.06390388715508,74.66513130667771,0.011271383767220776,False,False,steady_state_low_chaos,20.596924990401064,0.3979539343665017,Regime suitability reflects current fused market state and stock risk profile.
1128.HK,1128.HK,Consumer Discretionary,Hong Kong,Hong Kong,HKD,51.229790186078375,23.76458386674878,17.11157009975514,51.229790186078375,39.25411349812123,33.76458386674878,22.097917200082115,33.76458386674878,0.298467986454952,0.0012297901860783753,False,False,steady_state_low_chaos,20.596924990401064,0.3979539343665017,Regime suitability reflects current fused market state and stock risk profile.
601668.SHG,601668.SHG,Industrials,China,Mainland China,CNY,43.5739034422663,40.98981087949274,44.60746120201074,43.5739034422663,53.20809405576017,50.98981087949274,39.32314421282607,50.98981087949274,20.51876432190563,-0.0064260965577337004,False,False,steady_state_low_chaos,20.596924990401064,0.3979539343665017,Regime suitability reflects current fused market state and stock risk profile.
601788.SHG,601788.SHG,Financials,China,Mainland China,CNY,64.58611078029742,51.58859251845905,60,64.58611078029742,53.649086930139305,61.58859251845905,61.58859251845905,61.58859251845905,64.58859251845905,0.014586110780297418,False,False,steady_state_low_chaos,20.596924990401064,0.3979539343665017,Regime suitability reflects current fused market state and stock risk profile.
0960.HK,0960.HK,Real Estate,Hong Kong,Hong Kong,HKD,54.62994765564242,20.241735343074186,0,54.62994765564242,31.167864228711863,30.241735343074186,30.241735343074186,30.241735343074186,0,0.0046299476556424185,False,False,steady_state_low_chaos,20.596924990401064,0.3979539343665017,Regime suitability reflects current fused market state and stock risk profile.
0631.HK,0631.HK,Industrials,Hong Kong,Hong Kong,HKD,46.13583156391515,41.04497051491576,62.78279167153273,46.13583156391515,55.391416927237536,51.04497051491576,51.04497051491576,51.04497051491576,60.16711219228777,-0.003864168436084853,False,False,steady_state_low_chaos,20.596924990401064,0.3979539343665017,Regime suitability reflects current fused market state and stock risk profile.
1988.HK,1988.HK,Financials,Hong Kong,Hong Kong,HKD,22.06415852918663,46.215769481951355,60,22.06415852918663,51.63948878864413,56.215769481951355,44.54910281528469,56.215769481951355,59.215769481951355,-0.02793584147081337,True,False,steady_state_low_chaos,20.596924990401064,0.3979539343665017,Regime suitability reflects current fused market state and stock risk profile.
1928.HK,1928.HK,Consumer Discretionary,Hong Kong,Hong Kong,HKD,58.08079087456237,37.8511721079437,31.1378284581061,58.08079087456237,48.8134248114003,47.8511721079437,36.18450544127703,47.8511721079437,42.35439471577712,0.008080790874562368,False,False,steady_state_low_chaos,20.596924990401064,0.3979539343665017,Regime suitability reflects current fused market state and stock risk profile.
0916.HK,0916.HK,Utilities,Hong Kong,Hong Kong,HKD,33.59876320572528,59.41964401671549,17.280101261344775,33.59876320572528,51.84874362459858,59.41964401671549,32.75297735004882,44.41964401671549,11.155765530329212,-0.016401236794274722,True,False,steady_state_low_chaos,20.596924990401064,0.3979539343665017,Regime suitability reflects current fused market state and stock risk profile.
002294.SHE,002294.SHE,Healthcare,China,Mainland China,CNY,39.05162224123826,71.75309337361638,49.837111245260076,39.05162224123826,44.3961414878702,71.75309337361638,56.75309337361638,56.75309337361638,87.55762686792848,-0.010948377758761736,False,False,steady_state_low_chaos,20.596924990401064,0.3979539343665017,Regime suitability reflects current fused market state and stock risk profile.
2601.HK,2601.HK,Financials,Hong Kong,Hong Kong,HKD,72.80402410696271,61.020795144114004,72.67285002271112,72.80402410696271,69.74633829643696,71.020795144114,71.020795144114,71.020795144114,99.22821517136734,0.022804024106962716,False,False,steady_state_low_chaos,20.596924990401064,0.3979539343665017,Regime suitability reflects current fused market state and stock risk profile.
601888.SHG,601888.SHG,Consumer Discretionary,China,Mainland China,CNY,53.9333738229373,51.413564542093994,66.15902284709198,53.9333738229373,52.076687792951546,61.413564542093994,61.413564542093994,61.413564542093994,100,0.003933373822937299,False,False,steady_state_low_chaos,20.596924990401064,0.3979539343665017,Regime suitability reflects current fused market state and stock risk profile.
300014.SHE,300014.SHE,Industrials,China,Mainland China,CNY,48.4137218488388,41.67445749374813,60.03386501135284,48.4137218488388,51.36261395587442,51.67445749374813,40.007790827081465,51.67445749374813,54.748960518724374,-0.0015862781511612027,False,False,steady_state_low_chaos,20.596924990401064,0.3979539343665017,Regime suitability reflects current fused market state and stock risk profile.
300015.SHE,300015.SHE,Healthcare,China,Mainland China,CNY,54.936435914680885,71.53205952234782,43.515656107065624,54.936435914680885,54.40669202806369,71.53205952234782,39.03205952234782,56.53205952234782,78.2665029578922,0.004936435914680885,False,False,steady_state_low_chaos,20.596924990401064,0.3979539343665017,Regime suitability reflects current fused market state and stock risk profile.
300017.SHE,300017.SHE,Technology,China,Mainland China,CNY,51.598199403769115,50.45579562340295,70,51.598199403769115,55.50305129019294,60.45579562340295,48.789128956736285,60.45579562340295,100,0.0015981994037691152,False,False,steady_state_low_chaos,20.596924990401064,0.3979539343665017,Regime suitability reflects current fused market state and stock risk profile.
002304.SHE,002304.SHE,Consumer Staples,China,Mainland China,CNY,30.25068215075239,75.70242697154343,60.60437078545103,30.25068215075239,48.930104666092134,75.70242697154343,60.70242697154343,60.70242697154343,100,-0.019749317849247612,True,False,steady_state_low_chaos,20.596924990401064,0.3979539343665017,Regime suitability reflects current fused market state and stock risk profile.
600999.SHG,600999.SHG,Financials,China,Mainland China,CNY,38.36381812771044,54.39895979695436,60,38.36381812771044,52.363214824339536,64.39895979695436,64.39895979695436,64.39895979695436,67.39895979695436,-0.011636181872289562,False,False,steady_state_low_chaos,20.596924990401064,0.3979539343665017,Regime suitability reflects current fused market state and stock risk profile.
002311.SHE,002311.SHE,Consumer Staples,China,Mainland China,CNY,53.37091939242085,76.67111287423198,45.798166372200875,53.37091939242085,63.106017606547795,76.67111287423198,61.67111287423198,61.67111287423198,87.62891252087303,0.003370919392420852,False,False,steady_state_low_chaos,20.596924990401064,0.3979539343665017,Regime suitability reflects current fused market state and stock risk profile.
300033.SHE,300033.SHE,Financials,China,Mainland China,CNY,60.622415013931715,55.97253246336737,89.737297476272,60.622415013931715,67.34478842362466,65.97253246336737,54.30586579670071,65.97253246336737,100,0.010622415013931715,False,False,steady_state_low_chaos,20.596924990401064,0.3979539343665017,Regime suitability reflects current fused market state and stock risk profile.
601117.SHG,601117.SHG,Industrials,China,Mainland China,CNY,41.61529857589811,61.33248340392274,83.36082243882599,41.61529857589811,63.77531319095044,71.33248340392274,59.66581673725607,71.33248340392274,100,-0.00838470142410189,False,False,steady_state_low_chaos,20.596924990401064,0.3979539343665017,Regime suitability reflects current fused market state and stock risk profile.
601877.SHG,601877.SHG,Industrials,China,Mainland China,CNY,73.53267506921314,45.3278719269479,52.89566384115926,73.53267506921314,59.00502542571631,55.3278719269479,55.3278719269479,55.3278719269479,42.69833237749827,0.02353267506921314,False,False,steady_state_low_chaos,20.596924990401064,0.3979539343665017,Regime suitability reflects current fused market state and stock risk profile.
002340.SHE,002340.SHE,Industrials,China,Mainland China,CNY,35.91263383741657,39.033682459569235,48.45002230587029,35.91263383741657,44.96708226805267,49.033682459569235,49.033682459569235,49.033682459569235,26.623731532483887,-0.014087366162583428,False,False,steady_state_low_chaos,20.596924990401064,0.3979539343665017,Regime suitability reflects current fused market state and stock risk profile.
002352.SHE,002352.SHE,Industrials,China,Mainland China,CNY,69.03056567244255,55.13594393244075,68.68146697569658,69.03056567244255,63.4863059458515,65.13594393244075,65.13594393244075,65.13594393244075,87.23517127897323,0.01903056567244255,False,False,steady_state_low_chaos,20.596924990401064,0.3979539343665017,Regime suitability reflects current fused market state and stock risk profile.
601688.SHG,601688.SHG,Financials,China,Mainland China,CNY,44.464308190280406,56.8880075302736,60,44.464308190280406,59.84825746806028,66.8880075302736,66.8880075302736,66.8880075302736,69.8880075302736,-0.005535691809719594,False,False,steady_state_low_chaos,20.596924990401064,0.3979539343665017,Regime suitability reflects current fused market state and stock risk profile.
002379.SHE,002379.SHE,Materials,China,Mainland China,CNY,67.80844838250692,56.88249960123544,68.64339305370606,67.80844838250692,66.85739165532718,66.88249960123544,55.21583293456877,66.88249960123544,88.89796431938875,0.017808448382506923,False,False,steady_state_low_chaos,20.596924990401064,0.3979539343665017,Regime suitability reflects current fused market state and stock risk profile.
1288.HK,1288.HK,Financials,Hong Kong,Hong Kong,HKD,80.10191418847374,50.434775280739565,60,80.10191418847374,70.79150095464176,60.434775280739565,48.7681086140729,60.434775280739565,63.43477528073956,0.03,False,False,steady_state_low_chaos,20.596924990401064,0.3979539343665017,Regime suitability reflects current fused market state and stock risk profile.
1788.HK,1788.HK,Financials,Hong Kong,Hong Kong,HKD,20.164588733023827,31.48024087756484,54.72384234766338,20.164588733023827,34.911501582741295,41.48024087756484,29.813574210898174,41.48024087756484,32.872694042424285,-0.029835411266976173,True,False,steady_state_low_chaos,20.596924990401064,0.3979539343665017,Regime suitability reflects current fused market state and stock risk profile.
1066.HK,1066.HK,Healthcare,Hong Kong,Hong Kong,HKD,59.243392169811614,86.24706201723129,51.64076755233138,59.243392169811614,68.77058148532603,86.24706201723129,71.24706201723129,71.24706201723129,100,0.009243392169811614,False,False,steady_state_low_chaos,20.596924990401064,0.3979539343665017,Regime suitability reflects current fused market state and stock risk profile.
002422.SHE,002422.SHE,Healthcare,China,Mainland China,CNY,40.00321801385407,76.63044235487082,50.099902264001074,40.00321801385407,46.23567353252092,76.63044235487082,61.63044235487082,61.63044235487082,92.75032507167211,-0.009996781986145934,False,False,steady_state_low_chaos,20.596924990401064,0.3979539343665017,Regime suitability reflects current fused market state and stock risk profile.
2238.HK,2238.HK,Consumer Discretionary,Hong Kong,Hong Kong,HKD,4.072956262505875,40.81934509535472,50.01278291657021,4.072956262505875,30.86879668327818,50.81934509535472,50.81934509535472,50.81934509535472,81.83468459523897,-0.03,True,True,steady_state_low_chaos,20.596924990401064,0.3979539343665017,Regime suitability reflects current fused market state and stock risk profile.
002429.SHE,002429.SHE,Technology,China,Mainland China,CNY,66.53427322586244,59.47489325724723,45.65707532586131,66.53427322586244,67.07569266842977,69.47489325724723,57.80822659058057,69.47489325724723,95.2633836482808,0.016534273225862435,False,False,steady_state_low_chaos,20.596924990401064,0.3979539343665017,Regime suitability reflects current fused market state and stock risk profile.
002432.SHE,002432.SHE,Healthcare,China,Mainland China,CNY,46.91467644396117,75.43493078651741,54.20956993923578,46.91467644396117,56.736983998351576,75.43493078651741,48.768264119850755,60.43493078651742,96.48641471360034,-0.00308532355603883,False,False,steady_state_low_chaos,20.596924990401064,0.3979539343665017,Regime suitability reflects current fused market state and stock risk profile.
0867.HK,0867.HK,Healthcare,Hong Kong,Hong Kong,HKD,24.303088730150357,61.877728076774744,49.20723921739909,24.303088730150357,40.176916147918874,61.877728076774744,35.21106141010808,46.877728076774744,76.92641513765365,-0.025696911269849642,True,False,steady_state_low_chaos,20.596924990401064,0.3979539343665017,Regime suitability reflects current fused market state and stock risk profile.
1308.HK,1308.HK,Industrials,Hong Kong,Hong Kong,HKD,53.815740022022595,49.98039061750214,72.15736138830073,53.815740022022595,54.866961429390905,59.98039061750214,59.98039061750214,59.98039061750214,87.569224283463,0.0038157400220225953,False,False,steady_state_low_chaos,20.596924990401064,0.3979539343665017,Regime suitability reflects current fused market state and stock risk profile.
601288.SHG,601288.SHG,Financials,China,Mainland China,CNY,88.22915293411323,60.00229180661891,60,88.22915293411323,74.44765231718667,70.00229180661891,70.00229180661891,70.00229180661891,73.00229180661891,0.03,False,False,steady_state_low_chaos,20.596924990401064,0.3979539343665017,Regime suitability reflects current fused market state and stock risk profile.
2208.HK,2208.HK,Industrials,Hong Kong,Hong Kong,HKD,28.23131917828169,32.494560865216634,56.27139580711196,28.23131917828169,40.44327079784888,42.494560865216634,42.494560865216634,42.494560865216634,37.29163164086294,-0.02176868082171831,True,False,steady_state_low_chaos,20.596924990401064,0.3979539343665017,Regime suitability reflects current fused market state and stock risk profile.
1299.HK,1299.HK,Financials,Hong Kong,Hong Kong,HKD,74.20389195436057,66.56245192658102,67.04251484687026,74.20389195436057,75.90453679989153,76.56245192658102,64.89578525991435,76.56245192658102,95.0559845896956,0.02420389195436057,False,False,steady_state_low_chaos,20.596924990401064,0.3979539343665017,Regime suitability reflects current fused market state and stock risk profile.
601818.SHG,601818.SHG,Financials,China,Mainland China,CNY,80.4303441463188,60.38324653155752,60,80.4303441463188,73.89956021159782,70.38324653155752,58.71657986489085,70.38324653155752,73.38324653155752,0.03,False,False,steady_state_low_chaos,20.596924990401064,0.3979539343665017,Regime suitability reflects current fused market state and stock risk profile.
2099.HK,2099.HK,Materials,Hong Kong,Hong Kong,HKD,58.618633566740854,46.62485260728084,69.0024399740778,58.618633566740854,60.77277860178135,56.62485260728084,44.95818594061418,56.62485260728084,79.430220550252,0.008618633566740854,False,False,steady_state_low_chaos,20.596924990401064,0.3979539343665017,Regime suitability reflects current fused market state and stock risk profile.
002472.SHE,002472.SHE,Consumer Discretionary,China,Mainland China,CNY,44.41617620434227,47.62229332993762,42.40139158129073,44.41617620434227,50.154032732772066,57.62229332993762,57.62229332993762,57.62229332993762,76.90535480877723,-0.005583823795657729,False,False,steady_state_low_chaos,20.596924990401064,0.3979539343665017,Regime suitability reflects current fused market state and stock risk profile.
3618.HK,3618.HK,Financials,Hong Kong,Hong Kong,HKD,32.20269485498055,50.75164488419597,60,32.20269485498055,63.61383518562958,60.75164488419597,60.75164488419597,60.75164488419597,63.75164488419597,-0.01779730514501945,True,False,steady_state_low_chaos,20.596924990401064,0.3979539343665017,Regime suitability reflects current fused market state and stock risk profile.
601377.SHG,601377.SHG,Financials,China,Mainland China,CNY,70.97797061961006,52.67441848045664,60,70.97797061961006,59.34404237419069,62.67441848045664,62.67441848045664,62.67441848045664,65.67441848045664,0.020977970619610063,False,False,steady_state_low_chaos,20.596924990401064,0.3979539343665017,Regime suitability reflects current fused market state and stock risk profile.
1157.HK,1157.HK,Industrials,Hong Kong,Hong Kong,HKD,26.367283512769703,33.57271153656103,58.897373603348576,26.367283512769703,45.081953865803314,43.57271153656103,31.906044869894366,43.57271153656103,44.1469334639279,-0.023632716487230296,True,False,steady_state_low_chaos,20.596924990401064,0.3979539343665017,Regime suitability reflects current fused market state and stock risk profile.
002415.SHE,002415.SHE,Technology,China,Mainland China,CNY,67.07704064572502,56.22751655938917,55.00760456932785,67.07704064572502,60.88769313765792,66.22751655938917,54.56084989272251,66.22751655938917,100,0.01707704064572502,False,False,steady_state_low_chaos,20.596924990401064,0.3979539343665017,Regime suitability reflects current fused market state and stock risk profile.
002532.SHE,002532.SHE,Materials,China,Mainland China,CNY,77.07841240366378,56.78584701913066,65.9498768519683,77.07841240366378,70.67673407873413,66.78584701913066,49.28584701913066,66.78584701913066,82.87557609346094,0.027078412403663776,False,False,steady_state_low_chaos,20.596924990401064,0.3979539343665017,Regime suitability reflects current fused market state and stock risk profile.
601126.SHG,601126.SHG,Industrials,China,Mainland China,CNY,53.19031778248412,53.77202721149843,87.04555411567695,53.19031778248412,60.05670870824727,63.77202721149843,63.77202721149843,63.77202721149843,100,0.0031903177824841224,False,False,steady_state_low_chaos,20.596924990401064,0.3979539343665017,Regime suitability reflects current fused market state and stock risk profile.
3360.HK,3360.HK,Financials,Hong Kong,Hong Kong,HKD,51.88489156679877,26.072957371051146,20,51.88489156679877,50.38798581626814,36.072957371051146,36.072957371051146,36.072957371051146,0,0.0018848915667987712,False,False,steady_state_low_chaos,20.596924990401064,0.3979539343665017,Regime suitability reflects current fused market state and stock risk profile.
2378.HK,2378.HK,Financials,Hong Kong,Hong Kong,HKD,49.10870237241013,45.34139052907374,68.88863142689911,49.10870237241013,64.76121299956634,55.34139052907374,55.34139052907374,55.34139052907374,77.89637966825177,-0.0008912976275898714,False,False,steady_state_low_chaos,20.596924990401064,0.3979539343665017,Regime suitability reflects current fused market state and stock risk profile.
002555.SHE,002555.SHE,Communication Services,China,Mainland China,CNY,69.6842303192574,53.18194437324006,45.210709683068316,69.6842303192574,68.06773321154037,63.18194437324006,45.68194437324006,63.18194437324006,88.43479599292203,0.019684230319257395,False,False,steady_state_low_chaos,20.596924990401064,0.3979539343665017,Regime suitability reflects current fused market state and stock risk profile.
2607.HK,2607.HK,Healthcare,Hong Kong,Hong Kong,HKD,50.19466782079583,71.94669133897327,38.191412369124706,50.19466782079583,58.357445390003065,71.94669133897327,45.28002467230661,56.946691338973274,66.96779855104764,0.00019466782079582856,False,False,steady_state_low_chaos,20.596924990401064,0.3979539343665017,Regime suitability reflects current fused market state and stock risk profile.
002558.SHE,002558.SHE,Communication Services,China,Mainland China,CNY,62.148709406773705,59.28247596869133,58.46440536787232,62.148709406773705,61.94068951715877,69.28247596869133,57.615809302024665,69.28247596869133,100,0.012148709406773704,False,False,steady_state_low_chaos,20.596924990401064,0.3979539343665017,Regime suitability reflects current fused market state and stock risk profile.
2282.HK,2282.HK,Consumer Discretionary,Hong Kong,Hong Kong,HKD,62.390994552714545,48.44832314439303,36.34743456000319,62.390994552714545,64.53188352486741,58.44832314439303,58.44832314439303,58.44832314439303,64.41267917640003,0.012390994552714545,False,False,steady_state_low_chaos,20.596924990401064,0.3979539343665017,Regime suitability reflects current fused market state and stock risk profile.
1910.HK,1910.HK,Consumer Discretionary,Hong Kong,Hong Kong,HKD,55.11435135408121,38.71701249123835,34.35929181626842,55.11435135408121,51.27189628042278,48.71701249123835,48.71701249123835,48.71701249123835,50.30745448702886,0.005114351354081208,False,False,steady_state_low_chaos,20.596924990401064,0.3979539343665017,Regime suitability reflects current fused market state and stock risk profile.
1913.HK,1913.HK,Consumer Discretionary,Hong Kong,Hong Kong,HKD,52.912447729699565,45.39911156087528,36.61428101166008,52.912447729699565,56.21235602632749,55.39911156087528,55.39911156087528,55.39911156087528,61.95052978652747,0.002912447729699565,False,False,steady_state_low_chaos,20.596924990401064,0.3979539343665017,Regime suitability reflects current fused market state and stock risk profile.
002595.SHE,002595.SHE,Industrials,China,Mainland China,CNY,31.048955755965007,37.05054725874092,72.7302586891872,31.048955755965007,40.10192932247452,47.05054725874092,35.383880592074256,47.05054725874092,75.32685768576556,-0.018951044244034994,True,False,steady_state_low_chaos,20.596924990401064,0.3979539343665017,Regime suitability reflects current fused market state and stock risk profile.
601058.SHG,601058.SHG,Consumer Discretionary,China,Mainland China,CNY,39.767655013572735,40.89442309008137,39.01171257992835,39.767655013572735,51.44638538831198,50.89442309008137,39.227756423414704,50.89442309008137,62.72019076592374,-0.010232344986427265,False,False,steady_state_low_chaos,20.596924990401064,0.3979539343665017,Regime suitability reflects current fused market state and stock risk profile.
002601.SHE,002601.SHE,Materials,China,Mainland China,CNY,47.81281850533137,37.00817832170407,56.36955477879606,47.81281850533137,40.96268046842683,47.00817832170407,35.34151165503741,47.00817832170407,42.0211988350554,-0.0021871814946686284,False,False,steady_state_low_chaos,20.596924990401064,0.3979539343665017,Regime suitability reflects current fused market state and stock risk profile.
6030.HK,6030.HK,Financials,Hong Kong,Hong Kong,HKD,65.19746201460968,40.921514716677216,60,65.19746201460968,51.93141845803323,50.921514716677216,50.921514716677216,50.921514716677216,53.92151471667722,0.015197462014609683,False,False,steady_state_low_chaos,20.596924990401064,0.3979539343665017,Regime suitability reflects current fused market state and stock risk profile.
300251.SHE,300251.SHE,Communication Services,China,Mainland China,CNY,53.32742329483604,48.95701806468535,47.89140397326604,53.32742329483604,57.59389622962996,58.95701806468535,58.95701806468535,58.95701806468535,87.42670283260459,0.003327423294836038,False,False,steady_state_low_chaos,20.596924990401064,0.3979539343665017,Regime suitability reflects current fused market state and stock risk profile.
601901.SHG,601901.SHG,Financials,China,Mainland China,CNY,41.7396573496199,48.972476968494405,60,41.7396573496199,53.49907711259765,58.972476968494405,58.972476968494405,58.972476968494405,61.972476968494405,-0.008260342650380103,False,False,steady_state_low_chaos,20.596924990401064,0.3979539343665017,Regime suitability reflects current fused market state and stock risk profile.
1378.HK,1378.HK,Materials,Hong Kong,Hong Kong,HKD,77.97336876317152,72.29863468787157,68.4545066078748,77.97336876317152,79.56215431940123,82.29863468787157,70.6319680212049,82.29863468787157,100,0.02797336876317152,False,False,steady_state_low_chaos,20.596924990401064,0.3979539343665017,Regime suitability reflects current fused market state and stock risk profile.
6823.HK,6823.HK,Communication Services,Hong Kong,Hong Kong,HKD,47.37389013554779,28.073798328700654,29.267888614733874,47.37389013554779,43.63584524019499,38.073798328700654,26.40713166203399,38.073798328700654,28.463153281115176,-0.002626109864452211,False,False,steady_state_low_chaos,20.596924990401064,0.3979539343665017,Regime suitability reflects current fused market state and stock risk profile.
601633.SHG,601633.SHG,Consumer Discretionary,China,Mainland China,CNY,67.22006891233019,47.198735711230654,49.94651578391429,67.22006891233019,56.573123005497536,57.198735711230654,45.53206904456399,57.198735711230654,88.1345546519278,0.017220068912330192,False,False,steady_state_low_chaos,20.596924990401064,0.3979539343665017,Regime suitability reflects current fused market state and stock risk profile.
1336.HK,1336.HK,Financials,Hong Kong,Hong Kong,HKD,78.4545929220139,57.107114280412134,72.59940315043517,78.4545929220139,73.25054250764993,67.10711428041213,67.10711428041213,67.10711428041213,95.22639806093433,0.0284545929220139,False,False,steady_state_low_chaos,20.596924990401064,0.3979539343665017,Regime suitability reflects current fused market state and stock risk profile.
1929.HK,1929.HK,Consumer Discretionary,Hong Kong,Hong Kong,HKD,31.274845397513403,41.61346580843472,38.67964639457091,31.274845397513403,44.84932176682133,51.61346580843472,51.61346580843472,51.61346580843472,62.70868787649071,-0.018725154602486596,True,False,steady_state_low_chaos,20.596924990401064,0.3979539343665017,Regime suitability reflects current fused market state and stock risk profile.
601669.SHG,601669.SHG,Industrials,China,Mainland China,CNY,34.2313105822661,34.75945868390151,34.40649435903102,34.2313105822661,42.704328762478596,44.75945868390151,44.75945868390151,44.75945868390151,2.0472519147387302,-0.015768689417733902,True,False,steady_state_low_chaos,20.596924990401064,0.3979539343665017,Regime suitability reflects current fused market state and stock risk profile.
300274.SHE,300274.SHE,Industrials,China,Mainland China,CNY,75.86383224906939,58.9400044015092,74.63257790028388,75.86383224906939,72.04108447041762,68.9400044015092,57.273337734842535,68.9400044015092,99.49909788184985,0.02586383224906939,False,False,steady_state_low_chaos,20.596924990401064,0.3979539343665017,Regime suitability reflects current fused market state and stock risk profile.
1972.HK,1972.HK,Real Estate,Hong Kong,Hong Kong,HKD,42.30042364143963,25.15044006157204,0,42.30042364143963,41.997689526020025,35.15044006157204,23.483773394905377,35.15044006157204,0,-0.007699576358560371,False,False,steady_state_low_chaos,20.596924990401064,0.3979539343665017,Regime suitability reflects current fused market state and stock risk profile.
601336.SHG,601336.SHG,Financials,China,Mainland China,CNY,83.741553510508,64.2487524565944,72.59940315043517,83.741553510508,74.73403370421566,74.2487524565944,62.58208578992774,74.2487524565944,100,0.03,False,False,steady_state_low_chaos,20.596924990401064,0.3979539343665017,Regime suitability reflects current fused market state and stock risk profile.
002648.SHE,002648.SHE,Materials,China,Mainland China,CNY,67.99241364751303,44.11846367807012,63.321011103250456,67.99241364751303,55.96821042739302,54.11846367807012,54.11846367807012,54.11846367807012,64.42468810522111,0.01799241364751303,False,False,steady_state_low_chaos,20.596924990401064,0.3979539343665017,Regime suitability reflects current fused market state and stock risk profile.
601360.SHG,601360.SHG,Technology,China,Mainland China,CNY,33.44660859557855,49.184702097340754,70,33.44660859557855,43.50315185319839,59.184702097340754,59.184702097340754,59.184702097340754,100,-0.01655339140442145,True,False,steady_state_low_chaos,20.596924990401064,0.3979539343665017,Regime suitability reflects current fused market state and stock risk profile.
601231.SHG,601231.SHG,Technology,China,Mainland China,CNY,44.41945217430367,46.26743274643522,54.86062324566525,44.41945217430367,48.7074405820629,56.26743274643522,56.26743274643522,56.26743274643522,93.10018064123352,-0.005580547825696328,False,False,steady_state_low_chaos,20.596924990401064,0.3979539343665017,Regime suitability reflects current fused market state and stock risk profile.
601800.SHG,601800.SHG,Industrials,China,Mainland China,CNY,25.741910734598907,27.183535668792523,26.04405084128718,25.741910734598907,34.29862885017276,37.18353566879252,25.51686900212586,37.18353566879252,0,-0.024258089265401094,True,False,steady_state_low_chaos,20.596924990401064,0.3979539343665017,Regime suitability reflects current fused market state and stock risk profile.
300346.SHE,300346.SHE,Materials,China,Mainland China,CNY,50.70039078359091,50.3312535736575,81.28915166539113,50.70039078359091,52.5482249429989,60.3312535736575,48.664586906990834,60.3312535736575,98.87823557212687,0.0007003907835909117,False,False,steady_state_low_chaos,20.596924990401064,0.3979539343665017,Regime suitability reflects current fused market state and stock risk profile.
2196.HK,2196.HK,Healthcare,Hong Kong,Hong Kong,HKD,33.41394178876406,58.15090346979266,32.367500389843585,33.41394178876406,50.4367789027576,58.15090346979266,31.484236803125995,43.15090346979266,40.359404327448544,-0.016586058211235936,True,False,steady_state_low_chaos,20.596924990401064,0.3979539343665017,Regime suitability reflects current fused market state and stock risk profile.
3939.HK,3939.HK,Materials,Hong Kong,Hong Kong,HKD,42.5517405733803,66.37719785380948,75.89232226245531,42.5517405733803,67.83637931853352,76.37719785380948,76.37719785380948,76.37719785380948,100,-0.0074482594266197,False,False,steady_state_low_chaos,20.596924990401064,0.3979539343665017,Regime suitability reflects current fused market state and stock risk profile.
1339.HK,1339.HK,Financials,Hong Kong,Hong Kong,HKD,75.99045201057692,58.917444812692054,68.65494396204576,75.99045201057692,76.6222850591133,68.91744481269205,68.91744481269205,68.91744481269205,90.95832152919273,0.025990452010576915,False,False,steady_state_low_chaos,20.596924990401064,0.3979539343665017,Regime suitability reflects current fused market state and stock risk profile.
603993.SHG,603993.SHG,Materials,China,Mainland China,CNY,62.1759701953618,57.22362511593147,69.98358531138376,62.1759701953618,66.01646959594676,67.22362511593147,67.22362511593147,67.22362511593147,92.18751280097575,0.0121759701953618,False,False,steady_state_low_chaos,20.596924990401064,0.3979539343665017,Regime suitability reflects current fused market state and stock risk profile.
2039.HK,2039.HK,Industrials,Hong Kong,Hong Kong,HKD,48.686990948660636,45.135055213258426,64.2207652728395,48.686990948660636,44.870216087558696,55.135055213258426,43.46838854659176,55.135055213258426,67.42073881350531,-0.001313009051339364,False,False,steady_state_low_chaos,20.596924990401064,0.3979539343665017,Regime suitability reflects current fused market state and stock risk profile.
0564.HK,0564.HK,Industrials,Hong Kong,Hong Kong,HKD,38.97971354907608,34.32773552049372,71.60900218191574,38.97971354907608,55.96276578606116,44.32773552049372,32.661068853827054,44.32773552049372,71.2585381387926,-0.011020286450923919,False,False,steady_state_low_chaos,20.596924990401064,0.3979539343665017,Regime suitability reflects current fused market state and stock risk profile.
6881.HK,6881.HK,Financials,Hong Kong,Hong Kong,HKD,29.89516854101074,36.686142685591115,60,29.89516854101074,51.151494470084245,46.686142685591115,29.186142685591115,46.686142685591115,49.686142685591115,-0.02010483145898926,True,False,steady_state_low_chaos,20.596924990401064,0.3979539343665017,Regime suitability reflects current fused market state and stock risk profile.
1963.HK,1963.HK,Financials,Hong Kong,Hong Kong,HKD,56.57353946852924,44.281985477215414,60,56.57353946852924,56.58903793132794,54.281985477215414,54.281985477215414,54.281985477215414,57.281985477215414,0.00657353946852924,False,False,steady_state_low_chaos,20.596924990401064,0.3979539343665017,Regime suitability reflects current fused market state and stock risk profile.
000333.SHE,000333.SHE,Consumer Discretionary,China,Mainland China,CNY,71.23198834071337,56.29593709501114,46.42929362260433,71.23198834071337,66.436934710696,66.29593709501114,66.29593709501114,66.29593709501114,93.01108944213634,0.02123198834071337,False,False,steady_state_low_chaos,20.596924990401064,0.3979539343665017,Regime suitability reflects current fused market state and stock risk profile.
1359.HK,1359.HK,Financials,Hong Kong,Hong Kong,HKD,56.67585757102166,43.46157630187526,60,56.67585757102166,52.063072092728326,53.46157630187526,53.46157630187526,53.46157630187526,56.461576301875255,0.006675857571021659,False,False,steady_state_low_chaos,20.596924990401064,0.3979539343665017,Regime suitability reflects current fused market state and stock risk profile.
0586.HK,0586.HK,Industrials,Hong Kong,Hong Kong,HKD,33.516204933735295,25.80502775788139,38.8706006646234,33.516204933735295,40.87381808205477,35.80502775788139,18.30502775788139,35.80502775788139,0,-0.016483795066264705,True,False,steady_state_low_chaos,20.596924990401064,0.3979539343665017,Regime suitability reflects current fused market state and stock risk profile.
6818.HK,6818.HK,Financials,Hong Kong,Hong Kong,HKD,66.05393802089091,49.72745903844311,60,66.05393802089091,67.42937906108259,59.72745903844311,48.060792371776444,59.72745903844311,62.7274590384431,0.01605393802089091,False,False,steady_state_low_chaos,20.596924990401064,0.3979539343665017,Regime suitability reflects current fused market state and stock risk profile.
2638.HK,2638.HK,Utilities,Hong Kong,Hong Kong,HKD,18.69894926660144,58.41086743765493,35,18.69894926660144,40.215110823464144,58.41086743765493,31.744200770988265,43.41086743765493,46.41086743765493,-0.03,True,True,steady_state_low_chaos,20.596924990401064,0.3979539343665017,Regime suitability reflects current fused market state and stock risk profile.
600023.SHG,600023.SHG,Utilities,China,Mainland China,CNY,58.0359029414133,79.42874198328335,35.386194469383106,58.0359029414133,62.89984906842784,79.42874198328335,64.42874198328335,64.42874198328335,68.27836981592617,0.008035902941413297,False,False,steady_state_low_chaos,20.596924990401064,0.3979539343665017,Regime suitability reflects current fused market state and stock risk profile.
002714.SHE,002714.SHE,Consumer Staples,China,Mainland China,CNY,76.45013337695144,70.8751797290066,36.63297571319208,76.45013337695144,62.81421558048892,70.8751797290066,55.875179729006604,55.875179729006604,62.467726298029184,0.026450133376951443,False,False,steady_state_low_chaos,20.596924990401064,0.3979539343665017,Regime suitability reflects current fused market state and stock risk profile.
601225.SHG,601225.SHG,Energy,China,Mainland China,CNY,65.78108982512482,49.61249823065376,70.89656861257703,65.78108982512482,58.23619906726799,59.61249823065376,59.61249823065376,59.61249823065376,85.68838056574619,0.015781089825124824,False,False,steady_state_low_chaos,20.596924990401064,0.3979539343665017,Regime suitability reflects current fused market state and stock risk profile.
603288.SHG,603288.SHG,Consumer Staples,China,Mainland China,CNY,45.897688678098746,74.61432502564531,57.86270548295819,45.897688678098746,52.435075071848836,74.61432502564531,47.94765835897866,59.61432502564532,100,-0.004102311321901255,False,False,steady_state_low_chaos,20.596924990401064,0.3979539343665017,Regime suitability reflects current fused market state and stock risk profile.
603806.SHG,603806.SHG,Technology,China,Mainland China,CNY,37.01509023952194,42.62127037032611,43.440346021456705,37.01509023952194,39.642701091872375,52.62127037032611,40.954603703659444,52.62127037032611,74.19003161753086,-0.012984909760478062,False,False,steady_state_low_chaos,20.596924990401064,0.3979539343665017,Regime suitability reflects current fused market state and stock risk profile.
002736.SHE,002736.SHE,Financials,China,Mainland China,CNY,67.79663983877501,49.618005138886744,60,67.79663983877501,60.72526289605598,59.618005138886744,47.95133847222008,59.618005138886744,62.618005138886744,0.017796639838775007,False,False,steady_state_low_chaos,20.596924990401064,0.3979539343665017,Regime suitability reflects current fused market state and stock risk profile.
603799.SHG,603799.SHG,Materials,China,Mainland China,CNY,42.63904545418252,35.613406180593515,57.99830549216155,42.63904545418252,42.83589462424881,45.613406180593515,45.613406180593515,45.613406180593515,44.20967826334892,-0.007360954545817478,False,False,steady_state_low_chaos,20.596924990401064,0.3979539343665017,Regime suitability reflects current fused market state and stock risk profile.
300433.SHE,300433.SHE,Technology,China,Mainland China,CNY,51.5642930813335,51.209804605474595,44.99164800578468,51.5642930813335,53.60148139748493,61.209804605474595,61.209804605474595,61.209804605474595,86.19143021820089,0.0015642930813335027,False,False,steady_state_low_chaos,20.596924990401064,0.3979539343665017,Regime suitability reflects current fused market state and stock risk profile.
600958.SHG,600958.SHG,Financials,China,Mainland China,CNY,38.217999774905145,52.352537259032644,60,38.217999774905145,54.225540249389574,62.352537259032644,62.352537259032644,62.352537259032644,65.35253725903264,-0.011782000225094855,False,False,steady_state_low_chaos,20.596924990401064,0.3979539343665017,Regime suitability reflects current fused market state and stock risk profile.
601985.SHG,601985.SHG,Utilities,China,Mainland China,CNY,36.955466084828885,58.13385547144635,3.0916885345288776,36.955466084828885,43.08587183330876,58.13385547144635,31.46718880477969,43.13385547144635,0,-0.013044533915171115,False,False,steady_state_low_chaos,20.596924990401064,0.3979539343665017,Regime suitability reflects current fused market state and stock risk profile.
601211.SHG,601211.SHG,Financials,China,Mainland China,CNY,80.33972220414913,64.63325030670056,60,80.33972220414913,69.96689802117396,74.63325030670056,62.966583640033896,74.63325030670056,77.63325030670056,0.03,False,False,steady_state_low_chaos,20.596924990401064,0.3979539343665017,Regime suitability reflects current fused market state and stock risk profile.
300487.SHE,300487.SHE,Materials,China,Mainland China,CNY,47.616693335555475,45.697597367775344,78.59783062363223,47.616693335555475,56.50945360044455,55.697597367775344,44.03093070110868,55.697597367775344,91.01499411613402,-0.0023833066644445254,False,False,steady_state_low_chaos,20.596924990401064,0.3979539343665017,Regime suitability reflects current fused market state and stock risk profile.
300498.SHE,300498.SHE,Consumer Staples,China,Mainland China,CNY,37.90276189511155,80.67026961080617,37.578132894157406,37.90276189511155,50.42148653556905,80.67026961080617,65.67026961080617,65.67026961080617,74.34216197795246,-0.012097238104888447,False,False,steady_state_low_chaos,20.596924990401064,0.3979539343665017,Regime suitability reflects current fused market state and stock risk profile.
AC.PA,AC.PA,Consumer Discretionary,France,EU ex-DACH,EUR,51.858866552114954,44.50866352798995,31.431079894644427,51.858866552114954,53.731104717764964,29.508663527989953,54.50866352798995,54.50866352798995,49.657039296207685,0.0018588665521149536,False,False,steady_state_low_chaos,20.596924990401064,0.3979539343665017,Regime suitability reflects current fused market state and stock risk profile.
ACA.PA,ACA.PA,Financials,France,EU ex-DACH,EUR,73.88244855957173,43.78020330367536,60,73.88244855957173,56.75696315209041,53.78020330367536,53.78020330367536,53.78020330367536,56.780203303675364,0.023882448559571726,False,False,steady_state_low_chaos,20.596924990401064,0.3979539343665017,Regime suitability reflects current fused market state and stock risk profile.
ADP.PA,ADP.PA,Industrials,France,EU ex-DACH,EUR,31.930460980862257,29.360843287311695,50.790719696969695,31.930460980862257,36.43320373321721,14.360843287311695,39.360843287311695,39.360843287311695,22.100426620645027,-0.018069539019137743,True,False,steady_state_low_chaos,20.596924990401064,0.3979539343665017,Regime suitability reflects current fused market state and stock risk profile.
AI.PA,AI.PA,Materials,France,EU ex-DACH,EUR,50.19280932059206,51.499773067107725,63.382722116700094,50.19280932059206,57.90384914995946,61.499773067107725,61.499773067107725,61.499773067107725,71.94176172384793,0.0001928093205920618,False,False,steady_state_low_chaos,20.596924990401064,0.3979539343665017,Regime suitability reflects current fused market state and stock risk profile.
AIR.PA,AIR.PA,Industrials,France,EU ex-DACH,EUR,53.54225325187625,55.050545419194776,73.55603238076661,53.54225325187625,61.265075391558184,40.050545419194776,65.05054541919478,65.05054541919478,94.31778427611471,0.003542253251876247,False,False,steady_state_low_chaos,20.596924990401064,0.3979539343665017,Regime suitability reflects current fused market state and stock risk profile.
AKE.PA,AKE.PA,Materials,France,EU ex-DACH,EUR,51.329822439918715,46.055383554439345,58.986988847583646,51.329822439918715,55.17082017995475,56.055383554439345,56.055383554439345,56.055383554439345,56.826759019123365,0.0013298224399187148,False,False,steady_state_low_chaos,20.596924990401064,0.3979539343665017,Regime suitability reflects current fused market state and stock risk profile.
AM.PA,AM.PA,Industrials,France,EU ex-DACH,EUR,56.577175106940366,50.224405190427326,76.07109067768639,56.577175106940366,62.84951898296394,35.224405190427326,60.224405190427326,60.224405190427326,92.50971400365098,0.0065771751069403665,False,False,steady_state_low_chaos,20.596924990401064,0.3979539343665017,Regime suitability reflects current fused market state and stock risk profile.
AMUN.PA,AMUN.PA,Financials,France,EU ex-DACH,EUR,53.227013542409125,44.91275750263445,69.736349804844,53.227013542409125,52.70201662644895,54.91275750263445,54.91275750263445,54.91275750263445,79.33272707329124,0.003227013542409125,False,False,steady_state_low_chaos,20.596924990401064,0.3979539343665017,Regime suitability reflects current fused market state and stock risk profile.
ATE.PA,ATE.PA,Technology,France,EU ex-DACH,EUR,54.81409116746521,52.27684039708466,47.237185396058145,54.81409116746521,60.23154428453884,37.27684039708466,62.27684039708466,62.27684039708466,89.96146287235445,0.004814091167465207,False,False,steady_state_low_chaos,20.596924990401064,0.3979539343665017,Regime suitability reflects current fused market state and stock risk profile.
BIM.PA,BIM.PA,Healthcare,France,EU ex-DACH,EUR,47.44614781665607,78.51285275774792,45.63869903370257,47.44614781665607,60.47402080180527,78.51285275774792,63.51285275774792,63.51285275774792,89.27929159819101,-0.0025538521833439274,False,False,steady_state_low_chaos,20.596924990401064,0.3979539343665017,Regime suitability reflects current fused market state and stock risk profile.
BN.PA,BN.PA,Consumer Staples,France,EU ex-DACH,EUR,64.01339788833889,80.79816179128882,30.833902939166094,64.01339788833889,65.36342897462491,80.79816179128882,65.79816179128882,65.79816179128882,59.632748257454224,0.014013397888338887,False,False,steady_state_low_chaos,20.596924990401064,0.3979539343665017,Regime suitability reflects current fused market state and stock risk profile.
BNP.PA,BNP.PA,Financials,France,EU ex-DACH,EUR,74.05737704918032,44.15716322166786,60,74.05737704918032,52.28643977191732,54.15716322166786,54.15716322166786,54.15716322166786,57.15716322166786,0.024057377049180317,False,False,steady_state_low_chaos,20.596924990401064,0.3979539343665017,Regime suitability reflects current fused market state and stock risk profile.
BOL.PA,BOL.PA,Communication Services,France,EU ex-DACH,EUR,36.09369565290704,51.42676662306718,70,36.09369565290704,57.01505409450012,61.42676662306718,61.42676662306718,61.42676662306718,100,-0.013906304347092963,False,False,steady_state_low_chaos,20.596924990401064,0.3979539343665017,Regime suitability reflects current fused market state and stock risk profile.
BVI.PA,BVI.PA,Industrials,France,EU ex-DACH,EUR,54.793844734051696,51.58661813558229,63.232700936786586,54.793844734051696,59.01945572213882,36.58661813558229,61.58661813558229,61.58661813558229,71.69856019651277,0.0047938447340516955,False,False,steady_state_low_chaos,20.596924990401064,0.3979539343665017,Regime suitability reflects current fused market state and stock risk profile.
CA.PA,CA.PA,Consumer Staples,France,EU ex-DACH,EUR,73.45005951332816,93.32982053619764,46.17508561643836,73.45005951332816,77.58897704837523,93.32982053619764,78.32982053619764,78.32982053619764,100,0.023450059513328157,False,False,steady_state_low_chaos,20.596924990401064,0.3979539343665017,Regime suitability reflects current fused market state and stock risk profile.
CAP.PA,CAP.PA,Technology,France,EU ex-DACH,EUR,72.33359952560846,56.94256423454948,34.517128874388256,72.33359952560846,68.35097943702158,41.94256423454948,66.94256423454948,66.94256423454948,68.88024775820364,0.022333599525608462,False,False,steady_state_low_chaos,20.596924990401064,0.3979539343665017,Regime suitability reflects current fused market state and stock risk profile.
CDI.PA,CDI.PA,Consumer Discretionary,France,EU ex-DACH,EUR,54.43786711900297,36.63563936532046,39.631603336422614,54.43786711900297,53.697351178637334,21.635639365320458,46.63563936532046,46.63563936532046,59.82516670545021,0.004437867119002973,False,False,steady_state_low_chaos,20.596924990401064,0.3979539343665017,Regime suitability reflects current fused market state and stock risk profile.
COFA.PA,COFA.PA,Financials,France,EU ex-DACH,EUR,46.48607644604431,9.227340289632682,46.15893317538761,46.48607644604431,33.95704380670675,19.227340289632682,19.227340289632682,19.227340289632682,0,-0.003513923553955692,False,False,steady_state_low_chaos,20.596924990401064,0.3979539343665017,Regime suitability reflects current fused market state and stock risk profile.
COV.PA,COV.PA,Real Estate,France,EU ex-DACH,EUR,36.667606012728726,27.299995538060486,9.500072982046419,36.667606012728726,40.95506079027963,37.299995538060486,37.299995538060486,37.299995538060486,0,-0.013332393987271275,False,False,steady_state_low_chaos,20.596924990401064,0.3979539343665017,Regime suitability reflects current fused market state and stock risk profile.
CS.PA,CS.PA,Financials,France,EU ex-DACH,EUR,78.81518094494513,49.32730825056411,60,78.81518094494513,64.30798408233956,59.32730825056411,59.32730825056411,59.32730825056411,62.3273082505641,0.028815180944945125,False,False,steady_state_low_chaos,20.596924990401064,0.3979539343665017,Regime suitability reflects current fused market state and stock risk profile.
DEC.PA,DEC.PA,Communication Services,France,EU ex-DACH,EUR,56.8155337256056,45.64596991376982,35.025262339681305,56.8155337256056,59.748929145804425,55.64596991376982,55.64596991376982,55.64596991376982,58.70154706106869,0.006815533725605597,False,False,steady_state_low_chaos,20.596924990401064,0.3979539343665017,Regime suitability reflects current fused market state and stock risk profile.
DG.PA,DG.PA,Industrials,France,EU ex-DACH,EUR,73.60283208798015,56.49816403789562,63.01289093972021,73.60283208798015,68.10264929577644,41.49816403789562,66.49816403789562,66.49816403789562,76.12652410528008,0.023602832087980148,False,False,steady_state_low_chaos,20.596924990401064,0.3979539343665017,Regime suitability reflects current fused market state and stock risk profile.
DSY.PA,DSY.PA,Technology,France,EU ex-DACH,EUR,56.54431823410519,64.12008883130515,47.32856029612312,56.54431823410519,69.84507404223426,49.120088831305154,74.12008883130515,74.12008883130515,100,0.0065443182341051905,False,False,steady_state_low_chaos,20.596924990401064,0.3979539343665017,Regime suitability reflects current fused market state and stock risk profile.
EDEN.PA,EDEN.PA,Financials,France,EU ex-DACH,EUR,68.72078028651713,56.03382734722726,65.79390537289495,68.72078028651713,68.54875397467337,66.03382734722726,66.03382734722726,66.03382734722726,81.78041916759615,0.018720780286517125,False,False,steady_state_low_chaos,20.596924990401064,0.3979539343665017,Regime suitability reflects current fused market state and stock risk profile.
EL.PA,EL.PA,Healthcare,France,EU ex-DACH,EUR,52.83833718082238,78.66391337506253,36.77602667070768,52.83833718082238,54.59153801785086,78.66391337506253,63.663913375062535,63.663913375062535,70.57117205061944,0.0028383371808223786,False,False,steady_state_low_chaos,20.596924990401064,0.3979539343665017,Regime suitability reflects current fused market state and stock risk profile.
ELIS.PA,ELIS.PA,Industrials,France,EU ex-DACH,EUR,57.29715893573994,39.37063699505795,58.845785153675635,57.29715893573994,55.079339185647456,24.37063699505795,49.37063699505795,49.37063699505795,49.83136433314435,0.007297158935739937,False,False,steady_state_low_chaos,20.596924990401064,0.3979539343665017,Regime suitability reflects current fused market state and stock risk profile.
EN.PA,EN.PA,Industrials,France,EU ex-DACH,EUR,67.71180836634076,48.44650066164073,63.37183049670024,67.71180836634076,60.5950208625059,33.44650066164073,58.44650066164073,58.44650066164073,68.86452775438126,0.017711808366340762,False,False,steady_state_low_chaos,20.596924990401064,0.3979539343665017,Regime suitability reflects current fused market state and stock risk profile.
ENGI.PA,ENGI.PA,Utilities,France,EU ex-DACH,EUR,37.48629697019137,65.83646489385389,31.396349503782357,37.48629697019137,50.648628326036345,65.83646489385389,50.836464893853886,50.836464893853886,45.908433802175075,-0.012513703029808632,False,False,steady_state_low_chaos,20.596924990401064,0.3979539343665017,Regime suitability reflects current fused market state and stock risk profile.
ENX.PA,ENX.PA,Financials,France,EU ex-DACH,EUR,49.783096085573604,47.7185031096934,95,49.783096085573604,58.94924495924064,57.7185031096934,57.7185031096934,57.7185031096934,100,-0.00021690391442639624,False,False,steady_state_low_chaos,20.596924990401064,0.3979539343665017,Regime suitability reflects current fused market state and stock risk profile.
ERF.PA,ERF.PA,Healthcare,France,EU ex-DACH,EUR,41.78511249898196,61.348051456651135,33.133759207352846,41.78511249898196,43.70908592509106,61.348051456651135,46.348051456651135,46.348051456651135,45.2423217128274,-0.00821488750101804,False,False,steady_state_low_chaos,20.596924990401064,0.3979539343665017,Regime suitability reflects current fused market state and stock risk profile.
FGR.PA,FGR.PA,Industrials,France,EU ex-DACH,EUR,70.9611215746078,48.145860944267994,58.474517104956945,70.9611215746078,66.2981221164936,33.145860944267994,58.145860944267994,58.145860944267994,57.78979857517327,0.0209611215746078,False,False,steady_state_low_chaos,20.596924990401064,0.3979539343665017,Regime suitability reflects current fused market state and stock risk profile.
FR.PA,FR.PA,Consumer Discretionary,France,EU ex-DACH,EUR,62.406473634993176,55.12469866220603,37.9776247848537,62.406473634993176,64.39322458485877,40.12469866220603,65.12469866220603,65.12469866220603,74.67547318888417,0.012406473634993176,False,False,steady_state_low_chaos,20.596924990401064,0.3979539343665017,Regime suitability reflects current fused market state and stock risk profile.
GET.PA,GET.PA,Industrials,France,EU ex-DACH,EUR,52.19116517463318,28.8831100397161,37.44545454545454,52.19116517463318,49.358202392334974,13.883110039716101,38.8831100397161,38.8831100397161,0,0.002191165174633177,False,False,steady_state_low_chaos,20.596924990401064,0.3979539343665017,Regime suitability reflects current fused market state and stock risk profile.
GFC.PA,GFC.PA,Real Estate,France,EU ex-DACH,EUR,25.12456982982694,30.548198488568985,0,25.12456982982694,39.9603975956781,40.548198488568985,40.548198488568985,40.548198488568985,0,-0.02487543017017306,True,False,steady_state_low_chaos,20.596924990401064,0.3979539343665017,Regime suitability reflects current fused market state and stock risk profile.
GLE.PA,GLE.PA,Financials,France,EU ex-DACH,EUR,39.02173913043478,40.48645759087669,60,39.02173913043478,50.26755167498219,50.48645759087669,50.48645759087669,50.48645759087669,53.48645759087668,-0.010978260869565219,False,False,steady_state_low_chaos,20.596924990401064,0.3979539343665017,Regime suitability reflects current fused market state and stock risk profile.
GTT.PA,GTT.PA,Energy,France,EU ex-DACH,EUR,51.92687439554106,41.63598654767545,72.02197802197803,51.92687439554106,57.54913004063673,51.63598654767545,51.63598654767545,51.63598654767545,79.06236017404909,0.0019268743955410629,False,False,steady_state_low_chaos,20.596924990401064,0.3979539343665017,Regime suitability reflects current fused market state and stock risk profile.
HO.PA,HO.PA,Industrials,France,EU ex-DACH,EUR,54.877499071584595,52.023479207917475,67.59871024476037,54.877499071584595,60.526535474231274,37.023479207917475,62.023479207917475,62.023479207917475,81.74064174639028,0.004877499071584595,False,False,steady_state_low_chaos,20.596924990401064,0.3979539343665017,Regime suitability reflects current fused market state and stock risk profile.
IPN.PA,IPN.PA,Healthcare,France,EU ex-DACH,EUR,51.4317340967451,74.05647232345657,47.64161525518789,51.4317340967451,58.21250326019421,74.05647232345657,59.05647232345657,59.05647232345657,87.22641062968204,0.001431734096745103,False,False,steady_state_low_chaos,20.596924990401064,0.3979539343665017,Regime suitability reflects current fused market state and stock risk profile.
KER.PA,KER.PA,Consumer Discretionary,France,EU ex-DACH,EUR,49.19531329430107,28.06825519783969,22.826923076923077,49.19531329430107,32.34770439171476,13.06825519783969,38.06825519783969,38.06825519783969,14.28748596707046,-0.0008046867056989271,False,False,steady_state_low_chaos,20.596924990401064,0.3979539343665017,Regime suitability reflects current fused market state and stock risk profile.
LI.PA,LI.PA,Real Estate,France,EU ex-DACH,EUR,61.32651604081637,39.388179441750175,25.12277774881393,61.32651604081637,60.269589523569294,49.388179441750175,49.388179441750175,49.388179441750175,30.65829048914082,0.011326516040816373,False,False,steady_state_low_chaos,20.596924990401064,0.3979539343665017,Regime suitability reflects current fused market state and stock risk profile.
LR.PA,LR.PA,Industrials,France,EU ex-DACH,EUR,52.71572990809621,48.68720249141164,60.672148494334465,52.71572990809621,58.86756747449499,33.68720249141164,58.68720249141164,58.68720249141164,63.165929178947465,0.0027157299080962077,False,False,steady_state_low_chaos,20.596924990401064,0.3979539343665017,Regime suitability reflects current fused market state and stock risk profile.
MC.PA,MC.PA,Consumer Discretionary,France,EU ex-DACH,EUR,67.79584036587819,56.852836395492986,40.50696324951644,67.79584036587819,66.21087615640151,41.852836395492986,66.85283639549299,66.85283639549299,81.96815554442917,0.017795840365878193,False,False,steady_state_low_chaos,20.596924990401064,0.3979539343665017,Regime suitability reflects current fused market state and stock risk profile.
MF.PA,MF.PA,Financials,France,EU ex-DACH,EUR,63.846356400745876,46.266764710469374,58.06014724267259,63.846356400745876,66.99019297363344,56.266764710469374,56.266764710469374,56.266764710469374,54.99908864434909,0.013846356400745876,False,False,steady_state_low_chaos,20.596924990401064,0.3979539343665017,Regime suitability reflects current fused market state and stock risk profile.
NEX.PA,NEX.PA,Industrials,France,EU ex-DACH,EUR,57.47605675185522,45.39679351206662,67.85483870967742,57.47605675185522,58.95822407094791,30.396793512066623,55.39679351206662,55.39679351206662,75.67743867335695,0.007476056751855218,False,False,steady_state_low_chaos,20.596924990401064,0.3979539343665017,Regime suitability reflects current fused market state and stock risk profile.
OR.PA,OR.PA,Consumer Staples,France,EU ex-DACH,EUR,53.864554250290674,85.89249192859538,44.05562724416517,53.864554250290674,64.5695006919178,85.89249192859538,70.89249192859538,70.89249192859538,93.81487186575875,0.0038645542502906737,False,False,steady_state_low_chaos,20.596924990401064,0.3979539343665017,Regime suitability reflects current fused market state and stock risk profile.
ORA.PA,ORA.PA,Communication Services,France,EU ex-DACH,EUR,64.30126369479322,63.47503969239125,46.92610714878089,64.30126369479322,68.93861697633541,73.47503969239125,73.47503969239125,73.47503969239125,100,0.014301263694793221,False,False,steady_state_low_chaos,20.596924990401064,0.3979539343665017,Regime suitability reflects current fused market state and stock risk profile.
PUB.PA,PUB.PA,Communication Services,France,EU ex-DACH,EUR,71.60364604127663,61.41156353737165,42.429832860296436,71.60364604127663,72.11560631183077,71.41156353737165,71.41156353737165,71.41156353737165,90.75719583002382,0.021603646041276632,False,False,steady_state_low_chaos,20.596924990401064,0.3979539343665017,Regime suitability reflects current fused market state and stock risk profile.
RCO.PA,RCO.PA,Consumer Staples,France,EU ex-DACH,EUR,24.366634005228313,52.870794968777645,26.783641160949866,24.366634005228313,32.45937075120851,52.870794968777645,37.870794968777645,37.870794968777645,22.794805522867357,-0.025633365994771687,True,False,steady_state_low_chaos,20.596924990401064,0.3979539343665017,Regime suitability reflects current fused market state and stock risk profile.
RF.PA,RF.PA,Financials,France,EU ex-DACH,EUR,35.452173971392014,53.035536137798076,87.56643467749976,35.452173971392014,58.4542511925354,63.035536137798076,63.035536137798076,63.035536137798076,100,-0.014547826028607986,False,False,steady_state_low_chaos,20.596924990401064,0.3979539343665017,Regime suitability reflects current fused market state and stock risk profile.
RI.PA,RI.PA,Consumer Staples,France,EU ex-DACH,EUR,57.92206612027127,74.56737779214836,28.124215809284816,57.92206612027127,59.80023403053095,74.56737779214836,59.56737779214836,59.56737779214836,47.44065257257496,0.007922066120271267,False,False,steady_state_low_chaos,20.596924990401064,0.3979539343665017,Regime suitability reflects current fused market state and stock risk profile.
RMS.PA,RMS.PA,Consumer Discretionary,France,EU ex-DACH,EUR,53.038484338878014,56.937172145120584,51.377643115007736,53.038484338878014,64.19116423454727,41.937172145120584,66.93717214512058,66.93717214512058,99.59034388312986,0.003038484338878014,False,False,steady_state_low_chaos,20.596924990401064,0.3979539343665017,Regime suitability reflects current fused market state and stock risk profile.
RNO.PA,RNO.PA,Consumer Discretionary,France,EU ex-DACH,EUR,38.466020381016996,66.47023042183426,70,38.466020381016996,70.0436017193932,51.47023042183426,76.47023042183426,76.47023042183426,100,-0.011533979618983004,False,False,steady_state_low_chaos,20.596924990401064,0.3979539343665017,Regime suitability reflects current fused market state and stock risk profile.
RUI.PA,RUI.PA,Energy,France,EU ex-DACH,EUR,52.95092193245368,43.11018791698859,60.79721394731518,52.95092193245368,54.388924425629,53.11018791698859,53.11018791698859,53.11018791698859,57.86405860108199,0.0029509219324536816,False,False,steady_state_low_chaos,20.596924990401064,0.3979539343665017,Regime suitability reflects current fused market state and stock risk profile.
RXL.PA,RXL.PA,Technology,France,EU ex-DACH,EUR,56.3793355480271,35.677808432177486,31.551849887282856,56.3793355480271,55.8866547298408,20.677808432177486,45.677808432177486,45.677808432177486,41.09187818419977,0.0063793355480271,False,False,steady_state_low_chaos,20.596924990401064,0.3979539343665017,Regime suitability reflects current fused market state and stock risk profile.
SAN.PA,SAN.PA,Healthcare,France,EU ex-DACH,EUR,66.21518423055865,88.44694217006239,40.247215321740526,66.21518423055865,64.50172709072035,88.44694217006239,73.44694217006239,73.44694217006239,87.99081587789154,0.01621518423055865,False,False,steady_state_low_chaos,20.596924990401064,0.3979539343665017,Regime suitability reflects current fused market state and stock risk profile.
SCR.PA,SCR.PA,Financials,France,EU ex-DACH,EUR,62.44414277191254,44.96757334626069,63.637702503681886,62.44414277191254,57.39357362686428,54.96757334626069,54.96757334626069,54.96757334626069,65.97051885436085,0.01244414277191254,False,False,steady_state_low_chaos,20.596924990401064,0.3979539343665017,Regime suitability reflects current fused market state and stock risk profile.
SESG.PA,SESG.PA,Communication Services,France,EU ex-DACH,EUR,61.085383814371404,34.69137231013291,16.738934056007224,61.085383814371404,57.009757002939224,44.69137231013291,44.69137231013291,44.69137231013291,10.778093177341582,0.011085383814371404,False,False,steady_state_low_chaos,20.596924990401064,0.3979539343665017,Regime suitability reflects current fused market state and stock risk profile.
SGO.PA,SGO.PA,Industrials,France,EU ex-DACH,EUR,67.73856544648271,53.49833350224583,63.35924006908463,67.73856544648271,64.34266258240434,38.49833350224583,63.49833350224583,63.49833350224583,73.88866165423201,0.01773856544648271,False,False,steady_state_low_chaos,20.596924990401064,0.3979539343665017,Regime suitability reflects current fused market state and stock risk profile.
SK.PA,SK.PA,Consumer Discretionary,France,EU ex-DACH,EUR,18.163619500409077,33.0784169074003,29.39877218737488,18.163619500409077,39.02782265327701,18.078416907400303,43.0784169074003,43.0784169074003,33.755715719625044,-0.03,True,True,steady_state_low_chaos,20.596924990401064,0.3979539343665017,Regime suitability reflects current fused market state and stock risk profile.
SOP.PA,SOP.PA,Technology,France,EU ex-DACH,EUR,63.33421185817811,47.032479695840564,39.75374064837905,63.33421185817811,64.11820423931195,32.032479695840564,57.032479695840564,57.032479695840564,70.49070912227448,0.013334211858178109,False,False,steady_state_low_chaos,20.596924990401064,0.3979539343665017,Regime suitability reflects current fused market state and stock risk profile.
SPIE.PA,SPIE.PA,Industrials,France,EU ex-DACH,EUR,60.34184127385997,36.24849734273947,58.25562324273665,60.34184127385997,54.22512988358663,21.24849734273947,46.24849734273947,46.24849734273947,45.410868476760086,0.01034184127385997,False,False,steady_state_low_chaos,20.596924990401064,0.3979539343665017,Regime suitability reflects current fused market state and stock risk profile.
SU.PA,SU.PA,Industrials,France,EU ex-DACH,EUR,54.683344844243656,46.596658127174905,62.08910654562828,54.683344844243656,56.47197577182633,31.596658127174905,56.596658127174905,56.596658127174905,64.19269252755713,0.004683344844243657,False,False,steady_state_low_chaos,20.596924990401064,0.3979539343665017,Regime suitability reflects current fused market state and stock risk profile.
SW.PA,SW.PA,Industrials,France,EU ex-DACH,EUR,33.89495274130701,46.921701017676455,59.21239509360878,33.89495274130701,54.61989434848935,31.921701017676455,56.921701017676455,56.921701017676455,58.18897022361577,-0.01610504725869299,True,False,steady_state_low_chaos,20.596924990401064,0.3979539343665017,Regime suitability reflects current fused market state and stock risk profile.
TEP.PA,TEP.PA,Industrials,France,EU ex-DACH,EUR,71.26092793322162,53.508268641334865,59.16294642857143,71.26092793322162,69.03266729379817,38.508268641334865,63.508268641334865,63.508268641334865,64.666750784192,0.021260927933221624,False,False,steady_state_low_chaos,20.596924990401064,0.3979539343665017,Regime suitability reflects current fused market state and stock risk profile.
TTE.PA,TTE.PA,Energy,France,EU ex-DACH,EUR,63.1522065074157,56.50532007871276,65.76530086992331,63.1522065074157,60.95201336323277,66.50532007871276,66.50532007871276,66.50532007871276,82.18898199254403,0.013152206507415698,False,False,steady_state_low_chaos,20.596924990401064,0.3979539343665017,Regime suitability reflects current fused market state and stock risk profile.
VCT.PA,VCT.PA,Materials,France,EU ex-DACH,EUR,55.48626092865124,44.23879650974352,62.82589350450083,55.48626092865124,62.78725058886919,54.23879650974352,54.23879650974352,54.23879650974352,63.45576221964535,0.005486260928651241,False,False,steady_state_low_chaos,20.596924990401064,0.3979539343665017,Regime suitability reflects current fused market state and stock risk profile.
VIE.PA,VIE.PA,Industrials,France,EU ex-DACH,EUR,70.46765013843961,47.92142999697714,59.842256214149145,70.46765013843961,59.6844026573922,32.92142999697714,57.92142999697714,57.92142999697714,60.57439366810525,0.020467650138439607,False,False,steady_state_low_chaos,20.596924990401064,0.3979539343665017,Regime suitability reflects current fused market state and stock risk profile.
VK.PA,VK.PA,Materials,France,EU ex-DACH,EUR,51.715965787598,55.1728439059159,70.25459245192754,51.715965787598,58.34506414825375,65.1728439059159,65.1728439059159,65.1728439059159,90.47835484822895,0.0017159657875980016,False,False,steady_state_low_chaos,20.596924990401064,0.3979539343665017,Regime suitability reflects current fused market state and stock risk profile.
AALB.AS,AALB.AS,Industrials,Netherlands,EU ex-DACH,EUR,29.946095570160804,35.377298207921044,59.90719736028047,29.946095570160804,38.07525648095066,20.377298207921044,45.377298207921044,45.377298207921044,48.17313240053808,-0.020053904429839196,True,False,steady_state_low_chaos,20.596924990401064,0.3979539343665017,Regime suitability reflects current fused market state and stock risk profile.
ABI.BR,ABI.BR,Consumer Staples,Belgium,EU ex-DACH,EUR,62.574029135063185,79.9918352557418,30.248752638649012,62.574029135063185,60.191825029436416,79.9918352557418,64.9918352557418,64.9918352557418,57.53909106076963,0.012574029135063185,False,False,steady_state_low_chaos,20.596924990401064,0.3979539343665017,Regime suitability reflects current fused market state and stock risk profile.
ABN.AS,ABN.AS,Financials,Netherlands,EU ex-DACH,EUR,61.95526400327985,43.51605508430996,60,61.95526400327985,59.79266529987467,53.51605508430996,53.51605508430996,53.51605508430996,56.516055084309954,0.01195526400327985,False,False,steady_state_low_chaos,20.596924990401064,0.3979539343665017,Regime suitability reflects current fused market state and stock risk profile.
ACKB.BR,ACKB.BR,Industrials,Belgium,EU ex-DACH,EUR,50.953280374208255,26.395200267291614,43.22455874295301,50.953280374208255,50.40755170440043,11.395200267291614,36.395200267291614,36.395200267291614,4.264670758835216,0.0009532803742082549,False,False,steady_state_low_chaos,20.596924990401064,0.3979539343665017,Regime suitability reflects current fused market state and stock risk profile.
AD.AS,AD.AS,Consumer Staples,Netherlands,EU ex-DACH,EUR,74.5911802487548,80.7437564700916,35.0684556407448,74.5911802487548,68.9355483924295,80.7437564700916,65.7437564700916,65.7437564700916,68.89435887973016,0.024591180248754795,False,False,steady_state_low_chaos,20.596924990401064,0.3979539343665017,Regime suitability reflects current fused market state and stock risk profile.
AED.BR,AED.BR,Real Estate,Belgium,EU ex-DACH,EUR,43.87760502828105,31.383402838141905,8.962885029286404,43.87760502828105,52.73210857269834,41.383402838141905,41.383402838141905,41.383402838141905,0,-0.006122394971718947,False,False,steady_state_low_chaos,20.596924990401064,0.3979539343665017,Regime suitability reflects current fused market state and stock risk profile.
AGN.AS,AGN.AS,Financials,Netherlands,EU ex-DACH,EUR,45.87781416328029,38.520809118767055,60,45.87781416328029,52.83288218462646,48.520809118767055,48.520809118767055,48.520809118767055,51.520809118767055,-0.004122185836719709,False,False,steady_state_low_chaos,20.596924990401064,0.3979539343665017,Regime suitability reflects current fused market state and stock risk profile.
AGS.BR,AGS.BR,Financials,Belgium,EU ex-DACH,EUR,63.631632661819836,47.74624815422729,95,63.631632661819836,59.142742321379245,57.74624815422729,57.74624815422729,57.74624815422729,100,0.013631632661819836,False,False,steady_state_low_chaos,20.596924990401064,0.3979539343665017,Regime suitability reflects current fused market state and stock risk profile.
AKZA.AS,AKZA.AS,Materials,Netherlands,EU ex-DACH,EUR,54.34927500107601,51.26506690800964,59.779458097038436,54.34927500107601,59.18741651517628,61.26506690800964,61.26506690800964,61.26506690800964,63.77987472149421,0.004349275001076009,False,False,steady_state_low_chaos,20.596924990401064,0.3979539343665017,Regime suitability reflects current fused market state and stock risk profile.
APAM.AS,APAM.AS,Materials,Netherlands,EU ex-DACH,EUR,46.50134569214337,25.0218915294316,50.20242914979757,46.50134569214337,41.825169559667614,35.0218915294316,35.0218915294316,35.0218915294316,16.467235658986247,-0.003498654307856633,False,False,steady_state_low_chaos,20.596924990401064,0.3979539343665017,Regime suitability reflects current fused market state and stock risk profile.
ARCAD.AS,ARCAD.AS,Industrials,Netherlands,EU ex-DACH,EUR,49.65616992793102,29.1208224391301,61.71342685370742,49.65616992793102,42.57321414581695,14.120822439130102,39.1208224391301,39.1208224391301,45.89036151728641,-0.0003438300720689824,False,False,steady_state_low_chaos,20.596924990401064,0.3979539343665017,Regime suitability reflects current fused market state and stock risk profile.
ASRNL.AS,ASRNL.AS,Financials,Netherlands,EU ex-DACH,EUR,30.923193764348987,38.361003372578345,67.23574074586944,30.923193764348987,45.751608332103174,48.361003372578345,48.361003372578345,48.361003372578345,67.27963301349112,-0.019076806235651014,True,False,steady_state_low_chaos,20.596924990401064,0.3979539343665017,Regime suitability reflects current fused market state and stock risk profile.
BAMNB.AS,BAMNB.AS,Industrials,Netherlands,EU ex-DACH,EUR,59.997485093218586,45.09951714987561,73.38387800080574,59.997485093218586,64.75827727654838,30.09951714987561,55.09951714987561,55.09951714987561,84.1601707508425,0.009997485093218586,False,False,steady_state_low_chaos,20.596924990401064,0.3979539343665017,Regime suitability reflects current fused market state and stock risk profile.
CMBT.BR,CMBT.BR,Energy,Belgium,EU ex-DACH,EUR,18.810637265006648,6.394116730885006,40.510021634767575,18.810637265006648,30.218975457993167,16.394116730885006,16.394116730885006,16.394116730885006,0,-0.03,True,True,steady_state_low_chaos,20.596924990401064,0.3979539343665017,Regime suitability reflects current fused market state and stock risk profile.
COLR.BR,COLR.BR,Consumer Staples,Belgium,EU ex-DACH,EUR,40.01365593978382,74.66428610144726,43.586412522628045,40.01365593978382,57.72701946267414,74.66428610144726,59.66428610144726,59.66428610144726,81.55439365122896,-0.009986344060216184,False,False,steady_state_low_chaos,20.596924990401064,0.3979539343665017,Regime suitability reflects current fused market state and stock risk profile.
DIE.BR,DIE.BR,Consumer Discretionary,Belgium,EU ex-DACH,EUR,39.27718079796201,23.030546731778827,33.727072208033434,39.27718079796201,37.48539982027352,8.030546731778827,33.03054673177883,33.03054673177883,33.23010558945238,-0.010722819202037989,False,False,steady_state_low_chaos,20.596924990401064,0.3979539343665017,Regime suitability reflects current fused market state and stock risk profile.
ELI.BR,ELI.BR,Utilities,Belgium,EU ex-DACH,EUR,17.443369421095415,39.01132639130275,6.8287262872628745,17.443369421095415,23.518562849924976,39.01132639130275,24.011326391302752,24.011326391302752,0,-0.03,True,True,steady_state_low_chaos,20.596924990401064,0.3979539343665017,Regime suitability reflects current fused market state and stock risk profile.
GBLB.BR,GBLB.BR,Financials,Belgium,EU ex-DACH,EUR,29.843671217998413,28.079457651385688,20,29.843671217998413,43.78109468959457,38.07945765138569,38.07945765138569,38.07945765138569,0,-0.020156328782001586,True,False,steady_state_low_chaos,20.596924990401064,0.3979539343665017,Regime suitability reflects current fused market state and stock risk profile.
HEIA.AS,HEIA.AS,Consumer Staples,Netherlands,EU ex-DACH,EUR,57.861940719300385,79.55496294007703,33.39148527528809,57.861940719300385,61.07775028322769,79.55496294007703,64.55496294007703,64.55496294007703,64.01623054571084,0.007861940719300384,False,False,steady_state_low_chaos,20.596924990401064,0.3979539343665017,Regime suitability reflects current fused market state and stock risk profile.
HEIJM.AS,HEIJM.AS,Industrials,Netherlands,EU ex-DACH,EUR,52.73054777750493,34.80244299553987,71.07054963084495,52.73054777750493,53.16528487415876,19.80244299553987,44.80244299553987,44.80244299553987,71.08710255255383,0.0027305477775049314,False,False,steady_state_low_chaos,20.596924990401064,0.3979539343665017,Regime suitability reflects current fused market state and stock risk profile.
HEIO.AS,HEIO.AS,Consumer Staples,Netherlands,EU ex-DACH,EUR,61.03153335731181,74.01048100339281,33.42589628681178,61.03153335731181,60.9121510402864,74.01048100339281,59.01048100339282,59.01048100339282,58.54745283437874,0.011031533357311808,False,False,steady_state_low_chaos,20.596924990401064,0.3979539343665017,Regime suitability reflects current fused market state and stock risk profile.
IMCD.AS,IMCD.AS,Materials,Netherlands,EU ex-DACH,EUR,51.91554203790607,38.34240661519403,55.279833822615764,51.91554203790607,55.55355623306602,48.34240661519403,48.34240661519403,48.34240661519403,40.95804102494871,0.0019155420379060714,False,False,steady_state_low_chaos,20.596924990401064,0.3979539343665017,Regime suitability reflects current fused market state and stock risk profile.
INGA.AS,INGA.AS,Financials,Netherlands,EU ex-DACH,EUR,44.04132390882495,42.36634632119,60,44.04132390882495,52.79291670583001,52.36634632119,52.36634632119,52.36634632119,55.36634632119001,-0.005958676091175051,False,False,steady_state_low_chaos,20.596924990401064,0.3979539343665017,Regime suitability reflects current fused market state and stock risk profile.
KBC.BR,KBC.BR,Financials,Belgium,EU ex-DACH,EUR,52.82448508198654,37.172259734256755,60,52.82448508198654,48.8298638323815,47.172259734256755,47.172259734256755,47.172259734256755,50.172259734256755,0.0028244850819865376,False,False,steady_state_low_chaos,20.596924990401064,0.3979539343665017,Regime suitability reflects current fused market state and stock risk profile.
KBCA.BR,KBCA.BR,Financials,Belgium,EU ex-DACH,EUR,31.954493542547073,21.096708298642472,60,31.954493542547073,32.15709343979984,31.096708298642472,31.096708298642472,31.096708298642472,34.09670829864247,-0.018045506457452926,True,False,steady_state_low_chaos,20.596924990401064,0.3979539343665017,Regime suitability reflects current fused market state and stock risk profile.
KPN.AS,KPN.AS,Communication Services,Netherlands,EU ex-DACH,EUR,56.689976972895955,46.50485917772306,32.7486033519553,56.689976972895955,56.30721528644612,56.50485917772306,56.50485917772306,56.50485917772306,54.55178655202474,0.006689976972895956,False,False,steady_state_low_chaos,20.596924990401064,0.3979539343665017,Regime suitability reflects current fused market state and stock risk profile.
LIGHT.AS,LIGHT.AS,Industrials,Netherlands,EU ex-DACH,EUR,61.31224964960926,49.52000340534647,62.42088607594937,61.31224964960926,60.5956675205952,34.52000340534647,59.52000340534647,59.52000340534647,67.84595277243508,0.011312249649609257,False,False,steady_state_low_chaos,20.596924990401064,0.3979539343665017,Regime suitability reflects current fused market state and stock risk profile.
MELE.BR,MELE.BR,Technology,Belgium,EU ex-DACH,EUR,32.75551753537809,38.19695807943448,37.774398715756924,32.75551753537809,49.3551775616728,23.19695807943448,48.19695807943448,48.19695807943448,57.300635254099724,-0.01724448246462191,True,False,steady_state_low_chaos,20.596924990401064,0.3979539343665017,Regime suitability reflects current fused market state and stock risk profile.
NN.AS,NN.AS,Financials,Netherlands,EU ex-DACH,EUR,34.01096983904915,38.47174492781229,63.40485220599884,34.01096983904915,48.32085021611834,48.47174492781229,48.47174492781229,48.47174492781229,58.96241978100974,-0.015989030160950848,True,False,steady_state_low_chaos,20.596924990401064,0.3979539343665017,Regime suitability reflects current fused market state and stock risk profile.
PHIA.AS,PHIA.AS,Healthcare,Netherlands,EU ex-DACH,EUR,35.74289541758294,71.34687383085286,35.35192307692308,35.74289541758294,45.22003836461288,71.34687383085286,56.34687383085286,56.34687383085286,60.12110460008362,-0.014257104582417057,False,False,steady_state_low_chaos,20.596924990401064,0.3979539343665017,Regime suitability reflects current fused market state and stock risk profile.
RAND.AS,RAND.AS,Industrials,Netherlands,EU ex-DACH,EUR,55.64626667655463,44.41153497570368,61.05917159763314,55.64626667655463,48.1231072266437,29.41153497570368,54.41153497570368,54.41153497570368,59.74171249049659,0.005646266676554631,False,False,steady_state_low_chaos,20.596924990401064,0.3979539343665017,Regime suitability reflects current fused market state and stock risk profile.
REN.AS,REN.AS,Industrials,Netherlands,EU ex-DACH,EUR,54.088628265434096,49.11218065337877,60.320130222463376,54.088628265434096,60.69234380571168,34.11218065337877,59.11218065337877,59.11218065337877,62.8164671427982,0.004088628265434096,False,False,steady_state_low_chaos,20.596924990401064,0.3979539343665017,Regime suitability reflects current fused market state and stock risk profile.
SBMO.AS,SBMO.AS,Energy,Netherlands,EU ex-DACH,EUR,66.11693871256088,29.051853613370056,50.31951219512195,66.11693871256088,53.93942826685729,39.05185361337006,39.05185361337006,39.05185361337006,20.75478044263835,0.01611693871256088,False,False,steady_state_low_chaos,20.596924990401064,0.3979539343665017,Regime suitability reflects current fused market state and stock risk profile.
SHELL.AS,SHELL.AS,Energy,Netherlands,EU ex-DACH,EUR,73.01895791990638,57.88291846020441,65.9398383453339,73.01895791990638,67.659949074776,67.88291846020441,67.88291846020441,67.88291846020441,83.95056281993898,0.023018957919906383,False,False,steady_state_low_chaos,20.596924990401064,0.3979539343665017,Regime suitability reflects current fused market state and stock risk profile.
SOF.BR,SOF.BR,Financials,Belgium,EU ex-DACH,EUR,13.1302236565516,29.20919651264734,60,13.1302236565516,30.661925418406206,39.20919651264734,39.20919651264734,39.20919651264734,42.20919651264734,-0.03,True,True,steady_state_low_chaos,20.596924990401064,0.3979539343665017,Regime suitability reflects current fused market state and stock risk profile.
SOLB.BR,SOLB.BR,Materials,Belgium,EU ex-DACH,EUR,53.77751790667142,23.44737145444207,58.5131195335277,53.77751790667142,38.36894082957761,33.44737145444207,33.44737145444207,33.44737145444207,33.176234428202996,0.00377751790667142,False,False,steady_state_low_chaos,20.596924990401064,0.3979539343665017,Regime suitability reflects current fused market state and stock risk profile.
UMI.BR,UMI.BR,Industrials,Belgium,EU ex-DACH,EUR,49.12591212897573,49.94118234435375,64.47755607566779,49.12591212897573,54.1628333107342,34.94118234435375,59.94118234435375,59.94118234435375,72.7918057108229,-0.0008740878710242725,False,False,steady_state_low_chaos,20.596924990401064,0.3979539343665017,Regime suitability reflects current fused market state and stock risk profile.
VLK.AS,VLK.AS,Financials,Netherlands,EU ex-DACH,EUR,59.11267962848467,26.99627813805315,60,59.11267962848467,52.27553730225813,36.99627813805315,36.99627813805315,36.99627813805315,39.99627813805315,0.00911267962848467,False,False,steady_state_low_chaos,20.596924990401064,0.3979539343665017,Regime suitability reflects current fused market state and stock risk profile.
VPK.AS,VPK.AS,Energy,Netherlands,EU ex-DACH,EUR,58.72850685457101,46.08522076136409,58.32425185953987,58.72850685457101,64.96558194239023,56.08522076136409,56.08522076136409,56.08522076136409,55.398574852351814,0.008728506854571008,False,False,steady_state_low_chaos,20.596924990401064,0.3979539343665017,Regime suitability reflects current fused market state and stock risk profile.
WDP.BR,WDP.BR,Real Estate,Belgium,EU ex-DACH,EUR,45.37853694524145,21.041180803468972,10.800114068217496,45.37853694524145,36.9275304120295,31.041180803468972,31.041180803468972,31.041180803468972,0,-0.00462146305475855,False,False,steady_state_low_chaos,20.596924990401064,0.3979539343665017,Regime suitability reflects current fused market state and stock risk profile.
WKL.AS,WKL.AS,Industrials,Netherlands,EU ex-DACH,EUR,69.26502684082226,56.070349245654825,61.02512337371019,69.26502684082226,67.98103949566537,41.070349245654825,66.07034924565482,66.07034924565482,71.32562066781723,0.01926502684082226,False,False,steady_state_low_chaos,20.596924990401064,0.3979539343665017,Regime suitability reflects current fused market state and stock risk profile.
ACS.MC,ACS.MC,Industrials,Spain,EU ex-DACH,EUR,61.986641600044074,43.52204436521322,66.87187729217491,61.986641600044074,56.54641301544385,28.52204436521322,53.52204436521322,53.52204436521322,71.64017440799803,0.011986641600044074,False,False,steady_state_low_chaos,20.596924990401064,0.3979539343665017,Regime suitability reflects current fused market state and stock risk profile.
ACX.MC,ACX.MC,Materials,Spain,EU ex-DACH,EUR,36.71059529747494,31.75770525726147,54.306852389754425,36.71059529747494,42.69687604659167,41.75770525726147,41.75770525726147,41.75770525726147,32.23278051472119,-0.013289404702525062,False,False,steady_state_low_chaos,20.596924990401064,0.3979539343665017,Regime suitability reflects current fused market state and stock risk profile.
AENA.MC,AENA.MC,Industrials,Spain,EU ex-DACH,EUR,43.47493502180493,43.54004297681877,63.30669920551629,43.47493502180493,45.686001798367414,28.540042976818768,53.54004297681877,53.54004297681877,63.814781228954615,-0.006525064978195069,False,False,steady_state_low_chaos,20.596924990401064,0.3979539343665017,Regime suitability reflects current fused market state and stock risk profile.
AMS.MC,AMS.MC,Technology,Spain,EU ex-DACH,EUR,54.0538132921053,56.348003985056735,40.58764350810747,54.0538132921053,59.747435227053955,41.348003985056735,66.34800398505674,66.34800398505674,81.64081970289315,0.004053813292105303,False,False,steady_state_low_chaos,20.596924990401064,0.3979539343665017,Regime suitability reflects current fused market state and stock risk profile.
ANA.MC,ANA.MC,Industrials,Spain,EU ex-DACH,EUR,39.686634935147104,29.71522123744026,58.06297156123041,39.686634935147104,42.907228653008644,14.715221237440261,39.71522123744026,39.71522123744026,38.45375867214717,-0.010313365064852895,False,False,steady_state_low_chaos,20.596924990401064,0.3979539343665017,Regime suitability reflects current fused market state and stock risk profile.
BBVA.MC,BBVA.MC,Financials,Spain,EU ex-DACH,EUR,77.58005601946591,46.12224752841395,60,77.58005601946591,65.0832902448733,56.12224752841395,56.12224752841395,56.12224752841395,59.12224752841395,0.027580056019465914,False,False,steady_state_low_chaos,20.596924990401064,0.3979539343665017,Regime suitability reflects current fused market state and stock risk profile.
BKT.MC,BKT.MC,Financials,Spain,EU ex-DACH,EUR,35.24188056805884,33.90966217136064,60,35.24188056805884,50.68877524025986,43.90966217136064,43.90966217136064,43.90966217136064,46.90966217136064,-0.01475811943194116,False,False,steady_state_low_chaos,20.596924990401064,0.3979539343665017,Regime suitability reflects current fused market state and stock risk profile.
CABK.MC,CABK.MC,Financials,Spain,EU ex-DACH,EUR,53.94588609361577,38.13108552557934,60,53.94588609361577,54.25844300221763,48.13108552557934,48.13108552557934,48.13108552557934,51.13108552557934,0.003945886093615769,False,False,steady_state_low_chaos,20.596924990401064,0.3979539343665017,Regime suitability reflects current fused market state and stock risk profile.
CIE.MC,CIE.MC,Consumer Discretionary,Spain,EU ex-DACH,EUR,54.381201455645304,39.35427841841037,37.21812851398599,54.381201455645304,58.240101147683305,24.354278418410367,49.35427841841037,49.35427841841037,57.234161149179556,0.004381201455645304,False,False,steady_state_low_chaos,20.596924990401064,0.3979539343665017,Regime suitability reflects current fused market state and stock risk profile.
CLNX.MC,CLNX.MC,Real Estate,Spain,EU ex-DACH,EUR,41.4546298262789,27.92426720612427,10.870213227365554,41.4546298262789,40.465577471099095,37.92426720612427,37.92426720612427,37.92426720612427,0,-0.008545370173721104,False,False,steady_state_low_chaos,20.596924990401064,0.3979539343665017,Regime suitability reflects current fused market state and stock risk profile.
COL.MC,COL.MC,Real Estate,Spain,EU ex-DACH,EUR,58.97589083814601,36.552374934283094,0,58.97589083814601,62.2170404683379,46.552374934283094,46.552374934283094,46.552374934283094,0,0.008975890838146008,False,False,steady_state_low_chaos,20.596924990401064,0.3979539343665017,Regime suitability reflects current fused market state and stock risk profile.
ELE.MC,ELE.MC,Utilities,Spain,EU ex-DACH,EUR,50.58984491870093,64.62961335769336,34.93225442228077,50.58984491870093,51.67954483460802,64.62961335769336,49.62961335769336,49.62961335769336,52.48057308671105,0.0005898449187009333,False,False,steady_state_low_chaos,20.596924990401064,0.3979539343665017,Regime suitability reflects current fused market state and stock risk profile.
ENG.MC,ENG.MC,Utilities,Spain,EU ex-DACH,EUR,29.441059976855236,63.84715244117662,31.261465063349554,29.441059976855236,40.218674330148524,63.84715244117662,48.84715244117662,48.84715244117662,43.62237558054565,-0.020558940023144765,True,False,steady_state_low_chaos,20.596924990401064,0.3979539343665017,Regime suitability reflects current fused market state and stock risk profile.
ENO.MC,ENO.MC,Industrials,Spain,EU ex-DACH,EUR,51.70794933992666,33.939646127643364,73.98168894078293,51.70794933992666,51.10563810773098,18.939646127643364,43.939646127643364,43.939646127643364,73.71767285658288,0.0017079493399266568,False,False,steady_state_low_chaos,20.596924990401064,0.3979539343665017,Regime suitability reflects current fused market state and stock risk profile.
FDR.MC,FDR.MC,Consumer Discretionary,Spain,EU ex-DACH,EUR,51.50518358345527,27.38853288306405,33.09529768930183,51.50518358345527,48.47897188705879,12.388532883064052,37.38853288306405,37.38853288306405,36.19818779952808,0.0015051835834552704,False,False,steady_state_low_chaos,20.596924990401064,0.3979539343665017,Regime suitability reflects current fused market state and stock risk profile.
FER.MC,FER.MC,Industrials,Spain,EU ex-DACH,EUR,48.372295947729825,34.201346690061555,53.75875875875876,48.372295947729825,45.22429132936427,19.201346690061555,44.201346690061555,44.201346690061555,33.47061595933083,-0.0016277040522701754,False,False,steady_state_low_chaos,20.596924990401064,0.3979539343665017,Regime suitability reflects current fused market state and stock risk profile.
IAG.MC,IAG.MC,Industrials,Spain,EU ex-DACH,EUR,72.2026387766905,51.553908844661606,65.69488114702553,72.2026387766905,68.59120620641005,36.553908844661606,61.553908844661606,61.553908844661606,77.08264736811778,0.022202638776690507,False,False,steady_state_low_chaos,20.596924990401064,0.3979539343665017,Regime suitability reflects current fused market state and stock risk profile.
IBE.MC,IBE.MC,Utilities,Spain,EU ex-DACH,EUR,49.879162984144514,63.793649874233296,29.024041042772772,49.879162984144514,48.738980804292616,63.793649874233296,48.793649874233296,48.793649874233296,38.646540168333395,-0.00012083701585548568,False,False,steady_state_low_chaos,20.596924990401064,0.3979539343665017,Regime suitability reflects current fused market state and stock risk profile.
ITX.MC,ITX.MC,Consumer Discretionary,Spain,EU ex-DACH,EUR,52.60518784935938,60.34929159589208,47.10697271546124,52.60518784935938,64.6080768754355,45.34929159589208,70.34929159589208,70.34929159589208,97.87765885444557,0.002605187849359382,False,False,steady_state_low_chaos,20.596924990401064,0.3979539343665017,Regime suitability reflects current fused market state and stock risk profile.
LOG.MC,LOG.MC,Industrials,Spain,EU ex-DACH,EUR,48.55976476013713,45.158752189205124,69.09554581588652,48.55976476013713,57.320222738402656,30.158752189205124,55.158752189205124,55.158752189205124,78.1689529841555,-0.0014402352398628722,False,False,steady_state_low_chaos,20.596924990401064,0.3979539343665017,Regime suitability reflects current fused market state and stock risk profile.
MAP.MC,MAP.MC,Financials,Spain,EU ex-DACH,EUR,61.74330807437067,50.08851503326649,95,61.74330807437067,65.99418281570298,60.08851503326649,60.08851503326649,60.08851503326649,100,0.011743308074370667,False,False,steady_state_low_chaos,20.596924990401064,0.3979539343665017,Regime suitability reflects current fused market state and stock risk profile.
MRL.MC,MRL.MC,Real Estate,Spain,EU ex-DACH,EUR,42.16144212091927,30.32565925808553,24.81374433310348,42.16144212091927,42.255228024270394,40.32565925808553,40.32565925808553,40.32565925808553,20.91589679091318,-0.007838557879080731,False,False,steady_state_low_chaos,20.596924990401064,0.3979539343665017,Regime suitability reflects current fused market state and stock risk profile.
NTGY.MC,NTGY.MC,Utilities,Spain,EU ex-DACH,EUR,63.265873360361184,71.14535855342879,34.076312466173555,63.265873360361184,55.63844256344099,71.14535855342879,56.14535855342879,56.14535855342879,57.1132459790106,0.013265873360361183,False,False,steady_state_low_chaos,20.596924990401064,0.3979539343665017,Regime suitability reflects current fused market state and stock risk profile.
RED.MC,RED.MC,Utilities,Spain,EU ex-DACH,EUR,27.21703031358973,59.76390640118006,23.774957449970206,27.21703031358973,41.40453318307624,59.76390640118006,44.76390640118006,44.76390640118006,23.068812791114517,-0.02278296968641027,True,False,steady_state_low_chaos,20.596924990401064,0.3979539343665017,Regime suitability reflects current fused market state and stock risk profile.
REP.MC,REP.MC,Energy,Spain,EU ex-DACH,EUR,65.40292260978786,48.11227713275536,61.29102653631285,65.40292260978786,65.99267634051789,58.11227713275536,58.11227713275536,58.11227713275536,63.95253551264363,0.015402922609787865,False,False,steady_state_low_chaos,20.596924990401064,0.3979539343665017,Regime suitability reflects current fused market state and stock risk profile.
ROVI.MC,ROVI.MC,Healthcare,Spain,EU ex-DACH,EUR,40.82011680820252,64.2703713163807,44.450788849265265,40.82011680820252,52.94644019154561,64.2703713163807,49.270371316380704,49.270371316380704,73.0621067847643,-0.009179883191797479,False,False,steady_state_low_chaos,20.596924990401064,0.3979539343665017,Regime suitability reflects current fused market state and stock risk profile.
SAB.MC,SAB.MC,Financials,Spain,EU ex-DACH,EUR,63.39424493170882,40.14261563954153,60,63.39424493170882,57.542203060834225,50.14261563954153,50.14261563954153,50.14261563954153,53.14261563954153,0.013394244931708819,False,False,steady_state_low_chaos,20.596924990401064,0.3979539343665017,Regime suitability reflects current fused market state and stock risk profile.
SAN.MC,SAN.MC,Financials,Spain,EU ex-DACH,EUR,44.82047632280821,44.32549041894916,60,44.82047632280821,53.515935984174135,54.32549041894916,54.32549041894916,54.32549041894916,57.32549041894916,-0.005179523677191789,False,False,steady_state_low_chaos,20.596924990401064,0.3979539343665017,Regime suitability reflects current fused market state and stock risk profile.
SCYR.MC,SCYR.MC,Industrials,Spain,EU ex-DACH,EUR,56.59873360063547,13.484382059714676,41.89607764501973,56.59873360063547,33.40996569492678,0,23.484382059714676,23.484382059714676,0,0.006598733600635469,False,False,steady_state_low_chaos,20.596924990401064,0.3979539343665017,Regime suitability reflects current fused market state and stock risk profile.
TEF.MC,TEF.MC,Communication Services,Spain,EU ex-DACH,EUR,70.87195999770043,48.1854384033133,25.419243577545195,70.87195999770043,60.972588707705974,58.1854384033133,58.1854384033133,58.1854384033133,40.10777427391273,0.020871959997700428,False,False,steady_state_low_chaos,20.596924990401064,0.3979539343665017,Regime suitability reflects current fused market state and stock risk profile.
VID.MC,VID.MC,Consumer Discretionary,Spain,EU ex-DACH,EUR,44.572293866516155,46.401999874993415,44.9235718662763,44.572293866516155,57.468442834463914,31.401999874993415,56.401999874993415,56.401999874993415,81.23385798080128,-0.005427706133483845,False,False,steady_state_low_chaos,20.596924990401064,0.3979539343665017,Regime suitability reflects current fused market state and stock risk profile.
VIS.MC,VIS.MC,Consumer Discretionary,Spain,EU ex-DACH,EUR,32.04546410418835,42.230141019764034,41.01143307852778,32.04546410418835,43.704998825872394,27.230141019764034,52.230141019764034,52.230141019764034,68.45529379252514,-0.01795453589581165,True,False,steady_state_low_chaos,20.596924990401064,0.3979539343665017,Regime suitability reflects current fused market state and stock risk profile.
A5G.IR,A5G.IR,Financials,Ireland,EU ex-DACH,EUR,78.4054861469235,48.16408566547891,60,78.4054861469235,68.98353431458821,58.16408566547891,58.16408566547891,58.16408566547891,61.16408566547891,0.028405486146923495,False,False,steady_state_low_chaos,20.596924990401064,0.3979539343665017,Regime suitability reflects current fused market state and stock risk profile.
BIRG.IR,BIRG.IR,Financials,Ireland,EU ex-DACH,EUR,70.07318187861068,37.59732928199308,60,70.07318187861068,56.339825024372985,47.59732928199308,47.59732928199308,47.59732928199308,50.59732928199308,0.020073181878610683,False,False,steady_state_low_chaos,20.596924990401064,0.3979539343665017,Regime suitability reflects current fused market state and stock risk profile.
GL9.IR,GL9.IR,Consumer Staples,Ireland,EU ex-DACH,EUR,45.61908022364324,72.2523238689751,36.80655991735537,45.61908022364324,57.87989165852822,72.2523238689751,57.2523238689751,57.2523238689751,64.22675568715691,-0.004380919776356762,False,False,steady_state_low_chaos,20.596924990401064,0.3979539343665017,Regime suitability reflects current fused market state and stock risk profile.
KRZ.IR,KRZ.IR,Consumer Staples,Ireland,EU ex-DACH,EUR,48.73383097832075,79.23692422232934,35.29661016949153,48.73383097832075,63.92536827170138,79.23692422232934,64.23692422232934,64.23692422232934,67.88946659521069,-0.0012661690216792464,False,False,steady_state_low_chaos,20.596924990401064,0.3979539343665017,Regime suitability reflects current fused market state and stock risk profile.
RYA.IR,RYA.IR,Industrials,Ireland,EU ex-DACH,EUR,66.25668104435337,60.103921955619484,72.67870648063632,66.25668104435337,70.8953213711869,45.103921955619484,70.10392195561948,70.10392195561948,98.31836973238308,0.01625668104435337,False,False,steady_state_low_chaos,20.596924990401064,0.3979539343665017,Regime suitability reflects current fused market state and stock risk profile.
ACT.XETRA,ACT.XETRA,Materials,Germany,DACH,EUR,51.208904160214665,35.58399986599184,71.14835114337993,51.208904160214665,54.58497987039801,45.58399986599184,45.58399986599184,45.58399986599184,71.96202123804775,0.0012089041602146651,False,False,steady_state_low_chaos,20.596924990401064,0.3979539343665017,Regime suitability reflects current fused market state and stock risk profile.
ADS.XETRA,ADS.XETRA,Consumer Discretionary,Germany,DACH,EUR,37.422183177266916,52.78718576237091,38.332281476806564,37.422183177266916,47.19611345423928,37.78718576237091,62.78718576237091,62.78718576237091,73.11820501134535,-0.012577816822733083,False,False,steady_state_low_chaos,20.596924990401064,0.3979539343665017,Regime suitability reflects current fused market state and stock risk profile.
AFX.XETRA,AFX.XETRA,Healthcare,Germany,DACH,EUR,38.463781054094575,74.09105670441099,43.48384520919935,38.463781054094575,51.111949975742135,74.09105670441099,59.09105670441099,59.09105670441099,80.75551616464956,-0.011536218945905424,False,False,steady_state_low_chaos,20.596924990401064,0.3979539343665017,Regime suitability reflects current fused market state and stock risk profile.
AIR.XETRA,AIR.XETRA,Industrials,Germany,DACH,EUR,47.17116031489121,49.42044492505466,73.55603238076661,47.17116031489121,60.094210933821444,34.42044492505466,59.42044492505466,59.42044492505466,88.68768378197458,-0.0028288396851087897,False,False,steady_state_low_chaos,20.596924990401064,0.3979539343665017,Regime suitability reflects current fused market state and stock risk profile.
ALV.XETRA,ALV.XETRA,Financials,Germany,DACH,EUR,80.67579392605944,59.87737444163599,95,80.67579392605944,70.33086058645469,69.877374441636,69.877374441636,69.877374441636,100,0.03,False,False,steady_state_low_chaos,20.596924990401064,0.3979539343665017,Regime suitability reflects current fused market state and stock risk profile.
AOF.XETRA,AOF.XETRA,Technology,Germany,DACH,EUR,33.09539393804162,32.884043221195604,50.469604693036416,33.09539393804162,50.16452936738628,17.884043221195604,42.884043221195604,42.884043221195604,74.44756885283931,-0.016904606061958382,True,False,steady_state_low_chaos,20.596924990401064,0.3979539343665017,Regime suitability reflects current fused market state and stock risk profile.
AT1.XETRA,AT1.XETRA,Real Estate,Germany,DACH,EUR,55.0231646471846,28.426585887384178,0,55.0231646471846,43.6346222380613,38.42658588738418,38.42658588738418,38.42658588738418,0,0.0050231646471846,False,False,steady_state_low_chaos,20.596924990401064,0.3979539343665017,Regime suitability reflects current fused market state and stock risk profile.
BAS.XETRA,BAS.XETRA,Materials,Germany,DACH,EUR,41.62623654392539,46.93813487705184,56.47860434496379,41.62623654392539,44.08753398689394,56.93813487705184,56.93813487705184,56.93813487705184,52.19106443597217,-0.008373763456074613,False,False,steady_state_low_chaos,20.596924990401064,0.3979539343665017,Regime suitability reflects current fused market state and stock risk profile.
BC8.XETRA,BC8.XETRA,Technology,Germany,DACH,EUR,41.59812266840789,48.905491346999426,47.12371364083932,41.59812266840789,60.391553988328205,33.905491346999426,58.905491346999426,58.905491346999426,86.45394771600661,-0.008401877331592112,False,False,steady_state_low_chaos,20.596924990401064,0.3979539343665017,Regime suitability reflects current fused market state and stock risk profile.
BEI.XETRA,BEI.XETRA,Consumer Staples,Germany,DACH,EUR,40.04996728480288,87.21011307431954,48.21637426900585,40.04996728480288,62.534107848670885,87.21011307431954,72.21011307431954,72.21011307431954,100,-0.009950032715197118,False,False,steady_state_low_chaos,20.596924990401064,0.3979539343665017,Regime suitability reflects current fused market state and stock risk profile.
BMT.XETRA,BMT.XETRA,Consumer Staples,Germany,DACH,EUR,42.68724652663353,64.5094668187926,33.767074558907225,42.68724652663353,51.21726121442327,64.5094668187926,49.5094668187926,49.5094668187926,49.7970308483885,-0.00731275347336647,False,False,steady_state_low_chaos,20.596924990401064,0.3979539343665017,Regime suitability reflects current fused market state and stock risk profile.
BMW.XETRA,BMW.XETRA,Consumer Discretionary,Germany,DACH,EUR,36.82145455806689,45.422613878194525,27.802462801436633,36.82145455806689,50.254304724414254,30.422613878194525,55.422613878194525,55.422613878194525,42.58803204135512,-0.01317854544193311,False,False,steady_state_low_chaos,20.596924990401064,0.3979539343665017,Regime suitability reflects current fused market state and stock risk profile.
BNR.XETRA,BNR.XETRA,Materials,Germany,DACH,EUR,53.84692422670507,46.247805800453165,59.91686460807601,53.84692422670507,56.38686973139627,56.247805800453165,56.247805800453165,56.247805800453165,59.06490793822039,0.0038469242267050703,False,False,steady_state_low_chaos,20.596924990401064,0.3979539343665017,Regime suitability reflects current fused market state and stock risk profile.
BPE5.XETRA,BPE5.XETRA,Energy,Germany,DACH,EUR,58.002388263480526,44.560638642552036,64.14044175136826,58.002388263480526,58.73975911441255,54.560638642552036,54.560638642552036,54.560638642552036,66.6696104955622,0.008002388263480526,False,False,steady_state_low_chaos,20.596924990401064,0.3979539343665017,Regime suitability reflects current fused market state and stock risk profile.
BSP.XETRA,BSP.XETRA,Industrials,Germany,DACH,EUR,33.772530329558926,30.37451269867602,63.59065155807365,33.772530329558926,48.81180017705672,15.374512698676021,40.37451269867602,40.37451269867602,51.27394612643806,-0.016227469670441075,True,False,steady_state_low_chaos,20.596924990401064,0.3979539343665017,Regime suitability reflects current fused market state and stock risk profile.
CBK.XETRA,CBK.XETRA,Financials,Germany,DACH,EUR,40.744594624991166,37.70016610266908,60,40.744594624991166,51.257186492377116,47.70016610266908,47.70016610266908,47.70016610266908,50.70016610266908,-0.009255405375008834,False,False,steady_state_low_chaos,20.596924990401064,0.3979539343665017,Regime suitability reflects current fused market state and stock risk profile.
CIS.XETRA,CIS.XETRA,Technology,Germany,DACH,EUR,28.3962759905292,28.377583378993997,38.63164344685242,28.3962759905292,43.82071198790523,13.377583378993997,38.377583378994,38.377583378994,49.36719896206934,-0.0216037240094708,True,False,steady_state_low_chaos,20.596924990401064,0.3979539343665017,Regime suitability reflects current fused market state and stock risk profile.
CON.XETRA,CON.XETRA,Consumer Discretionary,Germany,DACH,EUR,57.02752718675493,47.310677208744266,30.854297693920334,57.02752718675493,55.356183103965705,32.310677208744266,57.310677208744266,57.310677208744266,51.190132135369,0.0070275271867549305,False,False,steady_state_low_chaos,20.596924990401064,0.3979539343665017,Regime suitability reflects current fused market state and stock risk profile.
DB1.XETRA,DB1.XETRA,Financials,Germany,DACH,EUR,58.09023705344144,55.72681121371467,95,58.09023705344144,63.11089302364786,65.72681121371467,65.72681121371467,65.72681121371467,100,0.008090237053441442,False,False,steady_state_low_chaos,20.596924990401064,0.3979539343665017,Regime suitability reflects current fused market state and stock risk profile.
DBK.XETRA,DBK.XETRA,Financials,Germany,DACH,EUR,82.47478552593476,48.03386828881299,60,82.47478552593476,65.56633317293719,58.03386828881299,58.03386828881299,58.03386828881299,61.03386828881298,0.03,False,False,steady_state_low_chaos,20.596924990401064,0.3979539343665017,Regime suitability reflects current fused market state and stock risk profile.
DEZ.XETRA,DEZ.XETRA,Industrials,Germany,DACH,EUR,40.8273197125199,34.70118599593665,62.104337631887454,40.8273197125199,51.743942289618204,19.701185995936648,44.70118599593665,44.70118599593665,52.33072878608905,-0.009172680287480098,False,False,steady_state_low_chaos,20.596924990401064,0.3979539343665017,Regime suitability reflects current fused market state and stock risk profile.
DHL.XETRA,DHL.XETRA,Industrials,Germany,DACH,EUR,70.61089788039551,48.87223129838901,59.738696156247215,70.61089788039551,61.39956302877176,33.87223129838901,58.87223129838901,58.87223129838901,61.297362842132884,0.020610897880395513,False,False,steady_state_low_chaos,20.596924990401064,0.3979539343665017,Regime suitability reflects current fused market state and stock risk profile.
DRW3.XETRA,DRW3.XETRA,Healthcare,Germany,DACH,EUR,50.6597632095845,69.89248797036242,42.14600197960433,50.6597632095845,64.2450207151751,69.89248797036242,54.892487970362424,54.892487970362424,73.61369232549195,0.0006597632095844972,False,False,steady_state_low_chaos,20.596924990401064,0.3979539343665017,Regime suitability reflects current fused market state and stock risk profile.
DTE.XETRA,DTE.XETRA,Communication Services,Germany,DACH,EUR,73.886438800458,51.29443855669835,31.687640044814344,73.886438800458,59.52948144988464,61.29443855669835,61.29443855669835,61.29443855669835,57.007246655289904,0.023886438800457994,False,False,steady_state_low_chaos,20.596924990401064,0.3979539343665017,Regime suitability reflects current fused market state and stock risk profile.
DUE.XETRA,DUE.XETRA,Industrials,Germany,DACH,EUR,61.015329739379546,54.59972839052975,65.82643258340751,61.015329739379546,72.01600972477462,39.59972839052975,64.59972839052975,64.59972839052975,80.41788007402627,0.011015329739379546,False,False,steady_state_low_chaos,20.596924990401064,0.3979539343665017,Regime suitability reflects current fused market state and stock risk profile.
ELG.XETRA,ELG.XETRA,Technology,Germany,DACH,EUR,37.93697373799449,35.99866314754418,45.46904421403885,37.93697373799449,54.950030171497176,20.99866314754418,45.99866314754418,45.99866314754418,71.5615162043908,-0.012063026262005509,False,False,steady_state_low_chaos,20.596924990401064,0.3979539343665017,Regime suitability reflects current fused market state and stock risk profile.
EOAN.XETRA,EOAN.XETRA,Utilities,Germany,DACH,EUR,37.32908912966718,78.27650547241781,47.05746011211729,37.32908912966718,54.91504088940495,78.27650547241781,63.27650547241781,63.27650547241781,90.74545760695857,-0.012670910870332818,False,False,steady_state_low_chaos,20.596924990401064,0.3979539343665017,Regime suitability reflects current fused market state and stock risk profile.
EVD.XETRA,EVD.XETRA,Communication Services,Germany,DACH,EUR,36.227702717149754,48.89291666437283,55.76059125173785,36.227702717149754,56.96214603583067,58.89291666437283,58.89291666437283,58.89291666437283,96.80562616645824,-0.013772297282850246,False,False,steady_state_low_chaos,20.596924990401064,0.3979539343665017,Regime suitability reflects current fused market state and stock risk profile.
EVK.XETRA,EVK.XETRA,Materials,Germany,DACH,EUR,55.48397369086634,51.557394675519284,61.18827997829626,55.48397369086634,56.98569198697898,61.557394675519284,61.557394675519284,61.557394675519284,67.17161062777105,0.005483973690866343,False,False,steady_state_low_chaos,20.596924990401064,0.3979539343665017,Regime suitability reflects current fused market state and stock risk profile.
FIE.XETRA,FIE.XETRA,Healthcare,Germany,DACH,EUR,47.23071397422945,71.25301578160769,39.059913395983045,47.23071397422945,53.36785487707344,71.25301578160769,56.25301578160769,56.25301578160769,68.1848252527704,-0.0027692860257705477,False,False,steady_state_low_chaos,20.596924990401064,0.3979539343665017,Regime suitability reflects current fused market state and stock risk profile.
FME.XETRA,FME.XETRA,Healthcare,Germany,DACH,EUR,68.41661507694224,78.75276199625011,31.439600936811168,68.41661507694224,65.43227065852709,78.75276199625011,63.752761996250115,63.752761996250115,58.9198840572347,0.018416615076942235,False,False,steady_state_low_chaos,20.596924990401064,0.3979539343665017,Regime suitability reflects current fused market state and stock risk profile.
FNTN.XETRA,FNTN.XETRA,Communication Services,Germany,DACH,EUR,59.11380367896399,48.78176576316696,38.74171558416966,59.11380367896399,60.6529524399056,58.78176576316696,58.78176576316696,58.78176576316696,70.01354004834022,0.00911380367896399,False,False,steady_state_low_chaos,20.596924990401064,0.3979539343665017,Regime suitability reflects current fused market state and stock risk profile.
FPE3.XETRA,FPE3.XETRA,Materials,Germany,DACH,EUR,44.536570990055445,53.292846501908045,72.06481481481481,44.536570990055445,63.22856704142262,63.292846501908045,63.292846501908045,63.292846501908045,90.77062427968582,-0.005463429009944555,False,False,steady_state_low_chaos,20.596924990401064,0.3979539343665017,Regime suitability reflects current fused market state and stock risk profile.
FRA.XETRA,FRA.XETRA,Industrials,Germany,DACH,EUR,42.84212401995723,50.20135424091232,77.22175705268582,42.84212401995723,55.61074483250178,35.20135424091232,60.20135424091232,60.20135424091232,93.8674627041353,-0.007157875980042768,False,False,steady_state_low_chaos,20.596924990401064,0.3979539343665017,Regime suitability reflects current fused market state and stock risk profile.
FRE.XETRA,FRE.XETRA,Healthcare,Germany,DACH,EUR,47.07567213346653,74.41382121756834,30.843325339728217,47.07567213346653,53.358236231243076,74.41382121756834,59.413821217568334,59.413821217568334,53.269136964970414,-0.002924327866533467,False,False,steady_state_low_chaos,20.596924990401064,0.3979539343665017,Regime suitability reflects current fused market state and stock risk profile.
G1A.XETRA,G1A.XETRA,Industrials,Germany,DACH,EUR,49.14129416727144,57.541612726138794,71.98823785792526,49.14129416727144,63.526781353325674,42.541612726138794,67.5416127261388,67.5416127261388,94.92749815564909,-0.0008587058327285603,False,False,steady_state_low_chaos,20.596924990401064,0.3979539343665017,Regime suitability reflects current fused market state and stock risk profile.
G24.XETRA,G24.XETRA,Communication Services,Germany,DACH,EUR,54.08866332367108,54.83591219903826,43.528308776214466,54.08866332367108,65.52662390048975,64.83591219903826,64.83591219903826,64.83591219903826,86.59819150671008,0.004088663323671078,False,False,steady_state_low_chaos,20.596924990401064,0.3979539343665017,Regime suitability reflects current fused market state and stock risk profile.
GBF.XETRA,GBF.XETRA,Industrials,Germany,DACH,EUR,51.99604757289537,36.83100231380319,71.64446952595937,51.99604757289537,47.34793740465061,21.83100231380319,46.83100231380319,46.83100231380319,73.80436574495444,0.0019960475728953713,False,False,steady_state_low_chaos,20.596924990401064,0.3979539343665017,Regime suitability reflects current fused market state and stock risk profile.
HBC1.XETRA,HBC1.XETRA,Financials,Germany,DACH,EUR,47.06300705067232,27.553405402755963,60,47.06300705067232,49.062334485500045,37.55340540275596,37.55340540275596,37.55340540275596,40.55340540275596,-0.0029369929493276814,False,False,steady_state_low_chaos,20.596924990401064,0.3979539343665017,Regime suitability reflects current fused market state and stock risk profile.
HEI.XETRA,HEI.XETRA,Materials,Germany,DACH,EUR,61.63342026162064,50.90287263469915,63.95109143774682,61.63342026162064,63.4324518199209,60.90287263469915,60.90287263469915,60.90287263469915,72.59527379774215,0.011633420261620642,False,False,steady_state_low_chaos,20.596924990401064,0.3979539343665017,Regime suitability reflects current fused market state and stock risk profile.
HEN3.XETRA,HEN3.XETRA,Consumer Staples,Germany,DACH,EUR,54.9783623442181,89.2195099354472,43.580755038319616,54.9783623442181,68.6882369628609,89.2195099354472,74.2195099354472,74.2195099354472,96.09717101975035,0.0049783623442180985,False,False,steady_state_low_chaos,20.596924990401064,0.3979539343665017,Regime suitability reflects current fused market state and stock risk profile.
HLAG.XETRA,HLAG.XETRA,Industrials,Germany,DACH,EUR,28.364264309861987,19.292828991784283,65.84151913192461,28.364264309861987,29.68763322280824,4.292828991784283,29.292828991784283,29.292828991784283,45.14417108201843,-0.021635735690138012,True,False,steady_state_low_chaos,20.596924990401064,0.3979539343665017,Regime suitability reflects current fused market state and stock risk profile.
HNR1.XETRA,HNR1.XETRA,Financials,Germany,DACH,EUR,74.01223893294907,53.670521381127955,66.86002793701454,74.01223893294907,70.37746113151204,63.670521381127955,63.670521381127955,63.670521381127955,81.76258284255995,0.024012238932949074,False,False,steady_state_low_chaos,20.596924990401064,0.3979539343665017,Regime suitability reflects current fused market state and stock risk profile.
HOT.XETRA,HOT.XETRA,Industrials,Germany,DACH,EUR,48.350853741608844,39.01746504663312,65.62104523221646,48.350853741608844,50.489412332546195,24.01746504663312,49.01746504663312,49.01746504663312,64.38376455750931,-0.0016491462583911557,False,False,steady_state_low_chaos,20.596924990401064,0.3979539343665017,Regime suitability reflects current fused market state and stock risk profile.
IBM.XETRA,IBM.XETRA,Technology,Germany,DACH,EUR,38.45242494653639,29.710886280311968,30.480791483452904,38.45242494653639,46.77518659885288,14.710886280311968,39.71088628031197,39.71088628031197,32.76862754390836,-0.011547575053463611,False,False,steady_state_low_chaos,20.596924990401064,0.3979539343665017,Regime suitability reflects current fused market state and stock risk profile.
JEN.XETRA,JEN.XETRA,Technology,Germany,DACH,EUR,47.428254509633945,36.54922541380191,36.19750915424768,47.428254509633945,53.806082703092315,21.549225413801913,46.54922541380191,46.54922541380191,52.18374555314681,-0.0025717454903660553,False,False,steady_state_low_chaos,20.596924990401064,0.3979539343665017,Regime suitability reflects current fused market state and stock risk profile.
JUN3.XETRA,JUN3.XETRA,Industrials,Germany,DACH,EUR,49.350533278004505,48.17818409656765,69.58496640537514,49.350533278004505,52.084467366681395,33.17818409656765,58.17818409656765,58.17818409656765,82.26511018839295,-0.0006494667219954949,False,False,steady_state_low_chaos,20.596924990401064,0.3979539343665017,Regime suitability reflects current fused market state and stock risk profile.
KGX.XETRA,KGX.XETRA,Industrials,Germany,DACH,EUR,56.97953022063571,35.315056451014286,51.80712401055409,56.97953022063571,45.003774693915425,20.315056451014286,45.315056451014286,45.315056451014286,30.290729274233286,0.00697953022063571,False,False,steady_state_low_chaos,20.596924990401064,0.3979539343665017,Regime suitability reflects current fused market state and stock risk profile.
KRN.XETRA,KRN.XETRA,Industrials,Germany,DACH,EUR,51.70750001397303,54.082385968640764,73.23158898315339,51.70750001397303,68.29139747534356,39.082385968640764,64.08238596864076,64.08238596864076,92.96029274842482,0.0017075000139730322,False,False,steady_state_low_chaos,20.596924990401064,0.3979539343665017,Regime suitability reflects current fused market state and stock risk profile.
KTN.XETRA,KTN.XETRA,Technology,Germany,DACH,EUR,47.462607342994865,34.34903268439342,39.537385142278666,47.462607342994865,53.14416662421155,19.34903268439342,44.34903268439342,44.34903268439342,57.33127999740648,-0.0025373926570051355,False,False,steady_state_low_chaos,20.596924990401064,0.3979539343665017,Regime suitability reflects current fused market state and stock risk profile.
LEG.XETRA,LEG.XETRA,Real Estate,Germany,DACH,EUR,62.10390651088008,38.48629509966641,9.558169343285833,62.10390651088008,55.375437817786974,48.48629509966641,48.48629509966641,48.48629509966641,5.956098311609409,0.01210390651088008,False,False,steady_state_low_chaos,20.596924990401064,0.3979539343665017,Regime suitability reflects current fused market state and stock risk profile.
LHA.XETRA,LHA.XETRA,Industrials,Germany,DACH,EUR,37.86189622718467,51.414201708926754,63.57730098255464,37.86189622718467,59.084517350729485,36.414201708926754,61.414201708926754,61.414201708926754,72.28426387054697,-0.012138103772815328,False,False,steady_state_low_chaos,20.596924990401064,0.3979539343665017,Regime suitability reflects current fused market state and stock risk profile.
MBG.XETRA,MBG.XETRA,Consumer Discretionary,Germany,DACH,EUR,72.24465999481961,40.945572351010355,22.40201366414958,72.24465999481961,54.425555247651694,25.945572351010355,50.945572351010355,50.945572351010355,26.23000241213944,0.022244659994819612,False,False,steady_state_low_chaos,20.596924990401064,0.3979539343665017,Regime suitability reflects current fused market state and stock risk profile.
MOH.XETRA,MOH.XETRA,Consumer Discretionary,Germany,DACH,EUR,40.94673647721967,34.64313638745515,40.50696324951644,40.94673647721967,50.61465989731303,19.64313638745515,44.64313638745515,44.64313638745515,59.75845553639132,-0.009053263522780327,False,False,steady_state_low_chaos,20.596924990401064,0.3979539343665017,Regime suitability reflects current fused market state and stock risk profile.
MRK.XETRA,MRK.XETRA,Healthcare,Germany,DACH,EUR,47.68522482855739,78.8343623595436,36.96929238985314,47.68522482855739,61.347707352956625,78.8343623595436,63.83436235954361,63.83436235954361,71.1668056172205,-0.002314775171442612,False,False,steady_state_low_chaos,20.596924990401064,0.3979539343665017,Regime suitability reflects current fused market state and stock risk profile.
MUV2.XETRA,MUV2.XETRA,Financials,Germany,DACH,EUR,71.26164815017346,48.61067730103521,60,71.26164815017346,65.41435038872285,58.61067730103521,58.61067730103521,58.61067730103521,61.61067730103521,0.021261648150173458,False,False,steady_state_low_chaos,20.596924990401064,0.3979539343665017,Regime suitability reflects current fused market state and stock risk profile.
NEM.XETRA,NEM.XETRA,Technology,Germany,DACH,EUR,51.51329919509937,43.94630416765074,42.96516234363871,51.51329919509937,57.56410632453861,28.946304167650737,53.94630416765074,53.94630416765074,74.4696613236559,0.0015132991950993712,False,False,steady_state_low_chaos,20.596924990401064,0.3979539343665017,Regime suitability reflects current fused market state and stock risk profile.
NKE.XETRA,NKE.XETRA,Consumer Discretionary,Germany,DACH,EUR,30.936787070931228,48.74702611273942,42.81671745755333,30.936787070931228,55.9305375464735,33.74702611273942,58.74702611273942,58.74702611273942,78.94380451935676,-0.019063212929068773,True,False,steady_state_low_chaos,20.596924990401064,0.3979539343665017,Regime suitability reflects current fused market state and stock risk profile.
NNGF.XETRA,NNGF.XETRA,Utilities,Germany,DACH,EUR,14.653623033986193,42.4814342310776,16.292399108690276,14.653623033986193,27.279160892070145,42.4814342310776,27.481434231077603,27.481434231077603,0,-0.03,True,True,steady_state_low_chaos,20.596924990401064,0.3979539343665017,Regime suitability reflects current fused market state and stock risk profile.
NOA3.XETRA,NOA3.XETRA,Technology,Germany,DACH,EUR,36.63858140682839,46.997215005488364,50.21526853084776,36.63858140682839,54.62413951093757,31.997215005488364,56.997215005488364,56.997215005488364,88.25553724250567,-0.013361418593171607,False,False,steady_state_low_chaos,20.596924990401064,0.3979539343665017,Regime suitability reflects current fused market state and stock risk profile.
NOV.XETRA,NOV.XETRA,Healthcare,Germany,DACH,EUR,38.32045147974496,59.9728942034056,41.666411449061755,38.32045147974496,54.658963193070484,59.9728942034056,44.9728942034056,44.9728942034056,62.638999391341464,-0.01167954852025504,False,False,steady_state_low_chaos,20.596924990401064,0.3979539343665017,Regime suitability reflects current fused market state and stock risk profile.
ORC.XETRA,ORC.XETRA,Technology,Germany,DACH,EUR,19.714364909864543,17.081087193196943,26.419110832062668,19.714364909864543,34.477459754126116,2.081087193196943,27.081087193196943,27.081087193196943,11.203131023734805,-0.03,True,True,steady_state_low_chaos,20.596924990401064,0.3979539343665017,Regime suitability reflects current fused market state and stock risk profile.
PAH3.XETRA,PAH3.XETRA,Consumer Discretionary,Germany,DACH,EUR,55.94534570688666,52.015987398083915,36.391142663962135,55.94534570688666,60.32831045422851,37.015987398083915,62.015987398083915,62.015987398083915,68.07650125880062,0.005945345706886662,False,False,steady_state_low_chaos,20.596924990401064,0.3979539343665017,Regime suitability reflects current fused market state and stock risk profile.
PUM.XETRA,PUM.XETRA,Consumer Discretionary,Germany,DACH,EUR,24.908261303394994,23.910136752195896,0,24.908261303394994,35.07371089011225,8.910136752195896,33.910136752195896,33.910136752195896,0,-0.025091738696605005,True,False,steady_state_low_chaos,20.596924990401064,0.3979539343665017,Regime suitability reflects current fused market state and stock risk profile.
R6C0.XETRA,R6C0.XETRA,Energy,Germany,DACH,EUR,54.41737280543771,41.92322804395375,65.9398383453339,54.41737280543771,62.5174706094166,51.92322804395375,51.92322804395375,51.92322804395375,67.99087240368833,0.004417372805437708,False,False,steady_state_low_chaos,20.596924990401064,0.3979539343665017,Regime suitability reflects current fused market state and stock risk profile.
RAA.XETRA,RAA.XETRA,Industrials,Germany,DACH,EUR,35.187490654770166,49.52451348571559,76.63655788911373,35.187490654770166,57.2275817448885,34.52451348571559,59.52451348571559,59.52451348571559,92.48838295265207,-0.014812509345229834,False,False,steady_state_low_chaos,20.596924990401064,0.3979539343665017,Regime suitability reflects current fused market state and stock risk profile.
RIO1.XETRA,RIO1.XETRA,Materials,Germany,DACH,EUR,25.89607470191105,27.84768033228302,66.38439105075302,25.89607470191105,37.652568267984336,37.84768033228302,37.84768033228302,37.84768033228302,54.89334064393967,-0.024103925298088948,True,False,steady_state_low_chaos,20.596924990401064,0.3979539343665017,Regime suitability reflects current fused market state and stock risk profile.
RRTL.XETRA,RRTL.XETRA,Communication Services,Germany,DACH,EUR,37.56113060831452,43.60254396628628,39.21792618629174,37.56113060831452,47.688750387158244,53.60254396628628,53.60254396628628,53.60254396628628,65.8819815761281,-0.01243886939168548,False,False,steady_state_low_chaos,20.596924990401064,0.3979539343665017,Regime suitability reflects current fused market state and stock risk profile.
RWE.XETRA,RWE.XETRA,Utilities,Germany,DACH,EUR,36.72096787583207,71.30412234854916,42.34397677793904,36.72096787583207,51.42553644638401,71.30412234854916,56.30412234854916,56.30412234854916,75.46087126001505,-0.013279032124167927,False,False,steady_state_low_chaos,20.596924990401064,0.3979539343665017,Regime suitability reflects current fused market state and stock risk profile.
SAP.XETRA,SAP.XETRA,Technology,Germany,DACH,EUR,63.15127384819524,67.75238631963035,45.3081255694525,63.15127384819524,69.43229174279205,52.75238631963035,77.75238631963035,77.75238631963035,100,0.013151273848195238,False,False,steady_state_low_chaos,20.596924990401064,0.3979539343665017,Regime suitability reflects current fused market state and stock risk profile.
SAX.XETRA,SAX.XETRA,Communication Services,Germany,DACH,EUR,53.319357671095275,39.02384078652644,32.49138033822857,53.319357671095275,51.41006582968964,49.02384078652644,49.02384078652644,49.02384078652644,46.5048775306293,0.0033193576710952755,False,False,steady_state_low_chaos,20.596924990401064,0.3979539343665017,Regime suitability reflects current fused market state and stock risk profile.
SHA0.XETRA,SHA0.XETRA,Consumer Discretionary,Germany,DACH,EUR,36.64399648086077,33.33283763708438,31.75177304964539,36.64399648086077,38.373203614949816,18.33283763708438,43.33283763708438,43.33283763708438,39.186738346304246,-0.013356003519139228,False,False,steady_state_low_chaos,20.596924990401064,0.3979539343665017,Regime suitability reflects current fused market state and stock risk profile.
SIE.XETRA,SIE.XETRA,Industrials,Germany,DACH,EUR,62.56498676772593,44.17299343553087,56.90964121319125,62.56498676772593,55.06376342610398,29.17299343553087,54.17299343553087,54.17299343553087,50.374204104551616,0.012564986767725926,False,False,steady_state_low_chaos,20.596924990401064,0.3979539343665017,Regime suitability reflects current fused market state and stock risk profile.
SIX2.XETRA,SIX2.XETRA,Industrials,Germany,DACH,EUR,16.10759934887635,24.785381994490734,57.771858989464,16.10759934887635,34.957299367742905,9.785381994490734,34.785381994490734,34.785381994490734,32.883471771311534,-0.03,True,True,steady_state_low_chaos,20.596924990401064,0.3979539343665017,Regime suitability reflects current fused market state and stock risk profile.
SY1.XETRA,SY1.XETRA,Materials,Germany,DACH,EUR,46.74055882745125,48.156778983845484,59.5884030369388,46.74055882745125,53.4777299495385,58.156778983845484,58.156778983845484,58.156778983845484,60.25126566511084,-0.0032594411725487475,False,False,steady_state_low_chaos,20.596924990401064,0.3979539343665017,Regime suitability reflects current fused market state and stock risk profile.
TEG.XETRA,TEG.XETRA,Real Estate,Germany,DACH,EUR,43.115592879695534,21.20668812249916,16.17954525815709,43.115592879695534,33.5958738947155,31.20668812249916,31.20668812249916,31.20668812249916,0,-0.006884407120304466,False,False,steady_state_low_chaos,20.596924990401064,0.3979539343665017,Regime suitability reflects current fused market state and stock risk profile.
TKA.XETRA,TKA.XETRA,Industrials,Germany,DACH,EUR,26.23598309186306,46.7961940117523,79.08545727136432,26.23598309186306,40.03912435242191,31.7961940117523,56.7961940117523,56.7961940117523,92.6987427373895,-0.023764016908136943,True,False,steady_state_low_chaos,20.596924990401064,0.3979539343665017,Regime suitability reflects current fused market state and stock risk profile.
TLX.XETRA,TLX.XETRA,Financials,Germany,DACH,EUR,70.09055329712176,47.81083712242227,95,70.09055329712176,66.19046367390047,57.81083712242227,57.81083712242227,57.81083712242227,100,0.02009055329712176,False,False,steady_state_low_chaos,20.596924990401064,0.3979539343665017,Regime suitability reflects current fused market state and stock risk profile.
TUI1.XETRA,TUI1.XETRA,Consumer Discretionary,Germany,DACH,EUR,61.66111258235446,56.603802809757696,40.6560678779568,61.66111258235446,56.95383765853137,41.603802809757696,66.6038028097577,66.6038028097577,82.04715214126266,0.011661112582354463,False,False,steady_state_low_chaos,20.596924990401064,0.3979539343665017,Regime suitability reflects current fused market state and stock risk profile.
UTDI.XETRA,UTDI.XETRA,Communication Services,Germany,DACH,EUR,51.78106966454578,37.80475478871193,28.265074135337667,51.78106966454578,52.079150787413354,47.80475478871193,47.80475478871193,47.80475478871193,35.9879178864548,0.0017810696645457825,False,False,steady_state_low_chaos,20.596924990401064,0.3979539343665017,Regime suitability reflects current fused market state and stock risk profile.
VNA.XETRA,VNA.XETRA,Real Estate,Germany,DACH,EUR,64.36029935851747,38.0488239486814,0,64.36029935851747,48.92685317177477,48.0488239486814,48.0488239486814,48.0488239486814,0,0.014360299358517466,False,False,steady_state_low_chaos,20.596924990401064,0.3979539343665017,Regime suitability reflects current fused market state and stock risk profile.
VODI.XETRA,VODI.XETRA,Communication Services,Germany,DACH,EUR,45.18229021668599,34.950400972925394,32.980258841772525,45.18229021668599,40.73298207325112,44.950400972925394,44.950400972925394,44.950400972925394,43.50697042482495,-0.004817709783314008,False,False,steady_state_low_chaos,20.596924990401064,0.3979539343665017,Regime suitability reflects current fused market state and stock risk profile.
VOW3.XETRA,VOW3.XETRA,Consumer Discretionary,Germany,DACH,EUR,33.17885918756989,49.07049630331952,32.74632389716915,33.17885918756989,51.082547018495134,34.07049630331952,59.07049630331952,59.07049630331952,57.11240887709165,-0.016821140812430108,True,False,steady_state_low_chaos,20.596924990401064,0.3979539343665017,Regime suitability reflects current fused market state and stock risk profile.
WCH.XETRA,WCH.XETRA,Materials,Germany,DACH,EUR,22.866586097645232,19.654220697992194,33.743718592964825,22.866586097645232,32.70595035802934,29.654220697992194,29.654220697992194,29.654220697992194,0,-0.02713341390235477,True,False,steady_state_low_chaos,20.596924990401064,0.3979539343665017,Regime suitability reflects current fused market state and stock risk profile.
013A.F,013A.F,Consumer Discretionary,Germany,DACH,EUR,17.321166112013206,31.72517872678675,49.01116890660893,17.321166112013206,34.96436245271009,16.72517872678675,41.72517872678675,41.72517872678675,71.53858141471747,-0.03,True,True,steady_state_low_chaos,20.596924990401064,0.3979539343665017,Regime suitability reflects current fused market state and stock risk profile.
3IN.LSE,3IN.LSE,Financials,United Kingdom,UK,GBX,23.448121285365776,40.16073422429905,60,23.448121285365776,49.9190654128476,50.16073422429905,50.16073422429905,65.16073422429905,53.16073422429905,-0.026551878714634224,True,False,steady_state_low_chaos,20.596924990401064,0.3979539343665017,Regime suitability reflects current fused market state and stock risk profile.
ABDN.LSE,ABDN.LSE,Financials,United Kingdom,UK,GBX,57.878153205108056,61.6872258154804,92.3465703971119,57.878153205108056,66.40510896288644,71.6872258154804,71.6872258154804,86.6872258154804,100,0.007878153205108056,False,False,steady_state_low_chaos,20.596924990401064,0.3979539343665017,Regime suitability reflects current fused market state and stock risk profile.
ABF.LSE,ABF.LSE,Consumer Staples,United Kingdom,UK,GBX,60.46066734777499,87.37696140546831,40.047098718914846,60.46066734777499,73.28475944201834,87.37696140546831,72.37696140546831,72.37696140546831,86.48057858708096,0.010460667347774986,False,False,steady_state_low_chaos,20.596924990401064,0.3979539343665017,Regime suitability reflects current fused market state and stock risk profile.
ADM.LSE,ADM.LSE,Financials,United Kingdom,UK,GBX,40.72959191587991,48.32064923107464,62.21301382837659,40.72959191587991,52.18556765868312,58.32064923107464,58.32064923107464,73.32064923107464,66.18927965350314,-0.009270408084120092,False,False,steady_state_low_chaos,20.596924990401064,0.3979539343665017,Regime suitability reflects current fused market state and stock risk profile.
AIBG.LSE,AIBG.LSE,Financials,United Kingdom,UK,GBX,70.81835675865543,43.513468349655625,60,70.81835675865543,66.58630137008703,53.513468349655625,53.513468349655625,68.51346834965562,56.513468349655625,0.020818356758655426,False,False,steady_state_low_chaos,20.596924990401064,0.3979539343665017,Regime suitability reflects current fused market state and stock risk profile.
ANTO.LSE,ANTO.LSE,Materials,United Kingdom,UK,GBX,28.831220236881705,32.73097577971614,65.83137187362459,28.831220236881705,33.958387145304044,42.73097577971614,42.73097577971614,42.73097577971614,58.55999390169023,-0.021168779763118293,True,False,steady_state_low_chaos,20.596924990401064,0.3979539343665017,Regime suitability reflects current fused market state and stock risk profile.
ASHM.LSE,ASHM.LSE,Financials,United Kingdom,UK,GBX,27.947899942921744,50.08344548412545,95,27.947899942921744,52.89602561185732,60.08344548412545,60.08344548412545,75.08344548412545,100,-0.022052100057078257,True,False,steady_state_low_chaos,20.596924990401064,0.3979539343665017,Regime suitability reflects current fused market state and stock risk profile.
AUTO.LSE,AUTO.LSE,Communication Services,United Kingdom,UK,GBX,61.44511883735481,61.429468079233715,42.68824940047962,61.44511883735481,68.54926777951982,71.42946807923371,71.42946807923371,71.42946807923371,91.34361676028888,0.011445118837354813,False,False,steady_state_low_chaos,20.596924990401064,0.3979539343665017,Regime suitability reflects current fused market state and stock risk profile.
AV.LSE,AV.LSE,Financials,United Kingdom,UK,GBX,34.9268276876021,59.1463900039231,86.66814946619218,34.9268276876021,59.054957350274165,69.1463900039231,69.1463900039231,84.1463900039231,100,-0.0150731723123979,True,False,steady_state_low_chaos,20.596924990401064,0.3979539343665017,Regime suitability reflects current fused market state and stock risk profile.
AZN.LSE,AZN.LSE,Healthcare,United Kingdom,UK,GBX,56.438173366600466,83.57808662565142,38.994155644417106,56.438173366600466,60.864247929218166,83.57808662565142,68.57808662565142,68.57808662565142,80.36522904336906,0.006438173366600466,False,False,steady_state_low_chaos,20.596924990401064,0.3979539343665017,Regime suitability reflects current fused market state and stock risk profile.
BA.LSE,BA.LSE,Industrials,United Kingdom,UK,GBX,55.44706703661523,51.04673294101387,63.59065155807365,55.44706703661523,60.217604703072396,61.04673294101387,61.04673294101387,61.04673294101387,71.9461663687759,0.005447067036615231,False,False,steady_state_low_chaos,20.596924990401064,0.3979539343665017,Regime suitability reflects current fused market state and stock risk profile.
BATS.LSE,BATS.LSE,Consumer Staples,United Kingdom,UK,GBX,61.56689473539707,83.91336990243747,33.767074558907225,61.56689473539707,61.919783425350786,83.91336990243747,68.91336990243747,68.91336990243747,69.20093393203337,0.01156689473539707,False,False,steady_state_low_chaos,20.596924990401064,0.3979539343665017,Regime suitability reflects current fused market state and stock risk profile.
BBY.LSE,BBY.LSE,Industrials,United Kingdom,UK,GBX,62.08900267863274,47.726234985297694,76.6943866943867,62.08900267863274,61.37297438223504,57.726234985297694,57.726234985297694,57.726234985297694,90.75949901856173,0.012089002678632738,False,False,steady_state_low_chaos,20.596924990401064,0.3979539343665017,Regime suitability reflects current fused market state and stock risk profile.
BEZ.LSE,BEZ.LSE,Financials,United Kingdom,UK,GBX,67.94461917290326,53.58889150778093,72.96613207855225,67.94461917290326,63.79597629773992,63.58889150778093,63.58889150778093,78.58889150778093,92.14825000204362,0.01794461917290326,False,False,steady_state_low_chaos,20.596924990401064,0.3979539343665017,Regime suitability reflects current fused market state and stock risk profile.
BGEO.LSE,BGEO.LSE,Financials,United Kingdom,UK,GBX,30.953314326443333,27.94191019244476,60,30.953314326443333,43.368050605844616,37.94191019244476,37.94191019244476,52.94191019244476,40.94191019244476,-0.019046685673556666,True,False,steady_state_low_chaos,20.596924990401064,0.3979539343665017,Regime suitability reflects current fused market state and stock risk profile.
BHP.LSE,BHP.LSE,Materials,United Kingdom,UK,GBX,41.23413321861156,42.77960049708112,67.58334303566578,41.23413321861156,46.33642716794794,52.77960049708112,52.77960049708112,52.77960049708112,72.46295517554583,-0.008765866781388439,False,False,steady_state_low_chaos,20.596924990401064,0.3979539343665017,Regime suitability reflects current fused market state and stock risk profile.
BKG.LSE,BKG.LSE,Consumer Discretionary,United Kingdom,UK,GBX,34.925377085909474,47.77583955377813,35,34.925377085909474,58.25647312956819,57.77583955377813,57.77583955377813,57.77583955377813,60.77583955377813,-0.015074622914090525,True,False,steady_state_low_chaos,20.596924990401064,0.3979539343665017,Regime suitability reflects current fused market state and stock risk profile.
BLND.LSE,BLND.LSE,Real Estate,United Kingdom,UK,GBX,46.36839922857758,37.953296058290576,19.396853146853147,46.36839922857758,51.49281166713253,47.953296058290576,47.953296058290576,22.953296058290576,17.22951983451435,-0.00363160077142242,False,False,steady_state_low_chaos,20.596924990401064,0.3979539343665017,Regime suitability reflects current fused market state and stock risk profile.
BNC.LSE,BNC.LSE,Financials,United Kingdom,UK,GBX,33.88409000776901,36.872710661287,60,33.88409000776901,49.47303683948418,46.872710661287,46.872710661287,61.872710661287,49.872710661287,-0.01611590999223099,True,False,steady_state_low_chaos,20.596924990401064,0.3979539343665017,Regime suitability reflects current fused market state and stock risk profile.
BNZL.LSE,BNZL.LSE,Consumer Staples,United Kingdom,UK,GBX,64.4871437081108,80.87983412228311,35.205023704566244,64.4871437081108,65.25683551629503,80.87983412228311,65.87983412228311,65.87983412228311,69.33088627232885,0.014487143708110807,False,False,steady_state_low_chaos,20.596924990401064,0.3979539343665017,Regime suitability reflects current fused market state and stock risk profile.
BOY.LSE,BOY.LSE,Industrials,United Kingdom,UK,GBX,36.98042146968736,45.6998580552394,64.87940630797773,36.98042146968736,54.5058904567784,55.6998580552394,55.6998580552394,55.6998580552394,69.43455193279041,-0.013019578530312643,False,False,steady_state_low_chaos,20.596924990401064,0.3979539343665017,Regime suitability reflects current fused market state and stock risk profile.
BREE.LSE,BREE.LSE,Materials,United Kingdom,UK,GBX,55.192827056479864,49.25587444190838,60.33186651998533,55.192827056479864,65.40305425454247,59.25587444190838,59.25587444190838,59.25587444190838,62.985980785876116,0.005192827056479864,False,False,steady_state_low_chaos,20.596924990401064,0.3979539343665017,Regime suitability reflects current fused market state and stock risk profile.
BT-A.LSE,BT-A.LSE,Communication Services,United Kingdom,UK,GBX,63.53611035552534,52.259799756068986,30.044565651190634,63.53611035552534,61.387830855474284,62.259799756068986,62.259799756068986,62.259799756068986,54.35784418868838,0.013536110355525337,False,False,steady_state_low_chaos,20.596924990401064,0.3979539343665017,Regime suitability reflects current fused market state and stock risk profile.
BTRW.LSE,BTRW.LSE,Consumer Discretionary,United Kingdom,UK,GBX,28.30984494473225,55.70548439948037,54.42480211081794,28.30984494473225,46.54259967163704,65.70548439948037,65.70548439948037,65.70548439948037,100,-0.021690155055267748,True,False,steady_state_low_chaos,20.596924990401064,0.3979539343665017,Regime suitability reflects current fused market state and stock risk profile.
BVA.LSE,BVA.LSE,Financials,United Kingdom,UK,EUR,70.72465687477596,39.80765380068765,60,70.72465687477596,61.566161770176215,49.80765380068765,49.80765380068765,64.80765380068766,52.80765380068766,0.02072465687477596,False,False,steady_state_low_chaos,20.596924990401064,0.3979539343665017,Regime suitability reflects current fused market state and stock risk profile.
BWY.LSE,BWY.LSE,Consumer Discretionary,United Kingdom,UK,GBX,24.868604486638304,41.554654360428444,35,24.868604486638304,41.3273507904851,51.554654360428444,51.554654360428444,51.554654360428444,54.554654360428444,-0.025131395513361694,True,False,steady_state_low_chaos,20.596924990401064,0.3979539343665017,Regime suitability reflects current fused market state and stock risk profile.
BYG.LSE,BYG.LSE,Real Estate,United Kingdom,UK,GBX,46.55524454834674,38.17105592219899,27.66753891714324,46.55524454834674,51.674110582275574,48.17105592219899,48.17105592219899,23.17105592219899,35.039641539914115,-0.0034447554516532576,False,False,steady_state_low_chaos,20.596924990401064,0.3979539343665017,Regime suitability reflects current fused market state and stock risk profile.
CCC.LSE,CCC.LSE,Technology,United Kingdom,UK,GBX,46.95983509943751,41.257330538901755,51.26396237507349,46.95983509943751,51.43120574004707,51.257330538901755,51.257330538901755,51.257330538901755,83.77408538898993,-0.0030401649005624876,False,False,steady_state_low_chaos,20.596924990401064,0.3979539343665017,Regime suitability reflects current fused market state and stock risk profile.
CCH.LSE,CCH.LSE,Consumer Staples,United Kingdom,UK,GBX,48.01306732776436,74.21618847026093,41.31152832320189,48.01306732776436,59.71033540161069,74.21618847026093,59.21618847026094,59.21618847026094,76.1015507813051,-0.001986932672235639,False,False,steady_state_low_chaos,20.596924990401064,0.3979539343665017,Regime suitability reflects current fused market state and stock risk profile.
CHG.LSE,CHG.LSE,Industrials,United Kingdom,UK,GBX,25.998900834896094,33.52062639160227,65.55888223552894,25.998900834896094,42.10996439545792,43.52062639160227,43.52062639160227,43.52062639160227,58.75016730976595,-0.024001099165103904,True,False,steady_state_low_chaos,20.596924990401064,0.3979539343665017,Regime suitability reflects current fused market state and stock risk profile.
CKN.LSE,CKN.LSE,Industrials,United Kingdom,UK,GBX,37.12981052636768,43.947217273441524,88.72398190045249,37.12981052636768,57.23925353627968,53.947217273441524,53.947217273441524,53.947217273441524,100,-0.012870189473632323,False,False,steady_state_low_chaos,20.596924990401064,0.3979539343665017,Regime suitability reflects current fused market state and stock risk profile.
CMCX.LSE,CMCX.LSE,Financials,United Kingdom,UK,GBX,23.06226029260021,31.597775781752418,81.91650255011866,23.06226029260021,37.102599174074705,41.59777578175242,41.59777578175242,56.59777578175242,80.89757884189481,-0.02693773970739979,True,False,steady_state_low_chaos,20.596924990401064,0.3979539343665017,Regime suitability reflects current fused market state and stock risk profile.
CNA.LSE,CNA.LSE,Utilities,United Kingdom,UK,GBX,39.77244864384152,87.2282585517308,53.569604086845466,39.77244864384152,61.93526718316754,87.2282585517308,72.2282585517308,72.2282585517308,100,-0.010227551356158479,False,False,steady_state_low_chaos,20.596924990401064,0.3979539343665017,Regime suitability reflects current fused market state and stock risk profile.
COA.LSE,COA.LSE,Consumer Discretionary,United Kingdom,UK,GBX,51.08517719131946,29.415740302310546,30.61648177496038,51.08517719131946,51.77106449696939,39.415740302310546,39.415740302310546,39.415740302310546,32.77200020722338,0.0010851771913194597,False,False,steady_state_low_chaos,20.596924990401064,0.3979539343665017,Regime suitability reflects current fused market state and stock risk profile.
CPG.LSE,CPG.LSE,Consumer Discretionary,United Kingdom,UK,USD,54.00994329552005,49.58272897508563,37.27239884393064,54.00994329552005,57.96330757437181,59.58272897508563,59.58272897508563,59.58272897508563,67.58200643173303,0.004009943295520053,False,False,steady_state_low_chaos,20.596924990401064,0.3979539343665017,Regime suitability reflects current fused market state and stock risk profile.
CSN.LSE,CSN.LSE,Financials,United Kingdom,UK,GBX,14.501234285647365,34.22559732711915,58.805970149253724,14.501234285647365,41.93756853346602,44.22559732711915,44.22559732711915,59.22559732711915,44.598731655477344,-0.03,True,True,steady_state_low_chaos,20.596924990401064,0.3979539343665017,Regime suitability reflects current fused market state and stock risk profile.
CURY.LSE,CURY.LSE,Consumer Discretionary,United Kingdom,UK,GBX,55.241637725518295,47.663988316621285,37.28927203065134,55.241637725518295,53.26352465652838,57.663988316621285,57.663988316621285,57.663988316621285,65.70038678405423,0.005241637725518295,False,False,steady_state_low_chaos,20.596924990401064,0.3979539343665017,Regime suitability reflects current fused market state and stock risk profile.
CWK.LSE,CWK.LSE,Consumer Staples,United Kingdom,UK,GBX,44.38490060060987,75.35063817430071,41.39736684619988,44.38490060060987,63.31230317832143,75.35063817430071,60.350638174300705,60.350638174300705,77.42484523594044,-0.005615099399390132,False,False,steady_state_low_chaos,20.596924990401064,0.3979539343665017,Regime suitability reflects current fused market state and stock risk profile.
DCC.LSE,DCC.LSE,Energy,United Kingdom,UK,GBX,63.24141769769995,59.40559678215678,62.79032897344431,63.24141769769995,66.41912051395136,69.40559678215678,69.40559678215678,69.40559678215678,78.54432052373426,0.013241417697699952,False,False,steady_state_low_chaos,20.596924990401064,0.3979539343665017,Regime suitability reflects current fused market state and stock risk profile.
DLN.LSE,DLN.LSE,Real Estate,United Kingdom,UK,GBX,36.125476968661104,32.35517981215331,10.134615384615387,36.125476968661104,46.227473698973675,42.35517981215331,42.35517981215331,17.35517981215331,0.5167182736917724,-0.013874523031338896,False,False,steady_state_low_chaos,20.596924990401064,0.3979539343665017,Regime suitability reflects current fused market state and stock risk profile.
DNLM.LSE,DNLM.LSE,Consumer Discretionary,United Kingdom,UK,GBX,50.438155354045016,45.469956969647505,39.29251477347341,50.438155354045016,53.674914339163635,55.469956969647505,55.469956969647505,55.469956969647505,67.913489471289,0.0004381553540450156,False,False,steady_state_low_chaos,20.596924990401064,0.3979539343665017,Regime suitability reflects current fused market state and stock risk profile.
DOM.LSE,DOM.LSE,Consumer Discretionary,United Kingdom,UK,GBX,51.51083732432143,37.87426438117065,26.69225401256106,51.51083732432143,55.23394518504419,47.87426438117065,47.87426438117065,22.874264381170647,32.59722320880499,0.0015108373243214288,False,False,steady_state_low_chaos,20.596924990401064,0.3979539343665017,Regime suitability reflects current fused market state and stock risk profile.
DRX.LSE,DRX.LSE,Utilities,United Kingdom,UK,GBX,59.68407397569594,65.24191267631122,37.37012987012987,59.68407397569594,54.9847271670748,65.24191267631122,50.241912676311216,50.241912676311216,58.45619839059693,0.009684073975695939,False,False,steady_state_low_chaos,20.596924990401064,0.3979539343665017,Regime suitability reflects current fused market state and stock risk profile.
DSCV.LSE,DSCV.LSE,Technology,United Kingdom,UK,GBX,38.39532135495155,30.031402767306012,37.564935064935064,38.39532135495155,47.51037026440433,40.03140276730601,40.03140276730601,40.03140276730601,48.67425991016316,-0.011604678645048452,False,False,steady_state_low_chaos,20.596924990401064,0.3979539343665017,Regime suitability reflects current fused market state and stock risk profile.
ELM.LSE,ELM.LSE,Materials,United Kingdom,UK,GBX,38.78928049366443,50.56978665659498,62.790863668807994,38.78928049366443,64.77018388233697,60.56978665659498,60.56978665659498,60.56978665659498,69.70968672797257,-0.011210719506335572,False,False,steady_state_low_chaos,20.596924990401064,0.3979539343665017,Regime suitability reflects current fused market state and stock risk profile.
EMG.LSE,EMG.LSE,Financials,United Kingdom,UK,GBX,43.14190317902414,46.95698012344525,68.42776203966005,43.14190317902414,57.519986501103105,56.95698012344525,56.95698012344525,71.95698012344525,78.49805661069738,-0.0068580968209758595,False,False,steady_state_low_chaos,20.596924990401064,0.3979539343665017,Regime suitability reflects current fused market state and stock risk profile.
ENT.LSE,ENT.LSE,Consumer Discretionary,United Kingdom,UK,GBX,55.04334943019825,36.04715367608601,0,55.04334943019825,52.5942751445042,46.04715367608601,46.04715367608601,21.047153676086012,0,0.005043349430198248,False,False,steady_state_low_chaos,20.596924990401064,0.3979539343665017,Regime suitability reflects current fused market state and stock risk profile.
EXPN.LSE,EXPN.LSE,Industrials,United Kingdom,UK,GBX,55.5746472017713,54.56327087438095,61.42599869024231,55.5746472017713,60.18967579760499,64.56327087438095,64.56327087438095,64.56327087438095,70.70046799291403,0.005574647201771299,False,False,steady_state_low_chaos,20.596924990401064,0.3979539343665017,Regime suitability reflects current fused market state and stock risk profile.
EZJ.LSE,EZJ.LSE,Industrials,United Kingdom,UK,GBX,64.06806842480398,63.19137562366359,71.93196405648267,64.06806842480398,62.75525659301498,73.19137562366359,73.19137562366359,73.19137562366359,100,0.014068068424803983,False,False,steady_state_low_chaos,20.596924990401064,0.3979539343665017,Regime suitability reflects current fused market state and stock risk profile.
FAN.LSE,FAN.LSE,Industrials,United Kingdom,UK,GBX,22.58173772807973,23.553191137611172,60,22.58173772807973,37.256271447085474,33.55319113761117,33.55319113761117,33.55319113761117,36.55319113761117,-0.02741826227192027,True,False,steady_state_low_chaos,20.596924990401064,0.3979539343665017,Regime suitability reflects current fused market state and stock risk profile.
FEVR.LSE,FEVR.LSE,Consumer Staples,United Kingdom,UK,GBX,11.48072240230446,52.78915259669746,35,11.48072240230446,24.983410954341682,52.78915259669746,37.78915259669746,37.78915259669746,40.78915259669746,-0.03,True,True,steady_state_low_chaos,20.596924990401064,0.3979539343665017,Regime suitability reflects current fused market state and stock risk profile.
FGP.LSE,FGP.LSE,Industrials,United Kingdom,UK,GBX,63.41522038985327,40.44615604927978,64.67965864221118,63.41522038985327,64.71453233587869,50.44615604927978,50.44615604927978,50.44615604927978,63.74140506214438,0.013415220389853268,False,False,steady_state_low_chaos,20.596924990401064,0.3979539343665017,Regime suitability reflects current fused market state and stock risk profile.
FOUR.LSE,FOUR.LSE,Communication Services,United Kingdom,UK,GBX,46.738792865910774,40.547055488683846,48.24255858138062,46.738792865910774,55.66369871629728,50.547055488683846,50.547055488683846,50.547055488683846,79.43812578634058,-0.0032612071340892257,False,False,steady_state_low_chaos,20.596924990401064,0.3979539343665017,Regime suitability reflects current fused market state and stock risk profile.
FRES.LSE,FRES.LSE,Materials,United Kingdom,UK,GBX,56.24039984359488,55.96083951764771,73.4375943419841,56.24039984359488,62.66656160488979,65.96083951764771,65.96083951764771,65.96083951764771,95.08595272802863,0.0062403998435948795,False,False,steady_state_low_chaos,20.596924990401064,0.3979539343665017,Regime suitability reflects current fused market state and stock risk profile.
GAMA.LSE,GAMA.LSE,Communication Services,United Kingdom,UK,GBX,53.226188458318006,50.414592407606236,45.88565022421525,53.226188458318006,64.99638766749689,60.414592407606236,60.414592407606236,60.414592407606236,86.47737267666453,0.0032261884583180064,False,False,steady_state_low_chaos,20.596924990401064,0.3979539343665017,Regime suitability reflects current fused market state and stock risk profile.
GAW.LSE,GAW.LSE,Consumer Discretionary,United Kingdom,UK,GBX,40.60396961163221,36.8472504658996,46.958333333333336,40.60396961163221,47.674787703916095,46.8472504658996,46.8472504658996,46.8472504658996,74.1972504658996,-0.00939603038836779,False,False,steady_state_low_chaos,20.596924990401064,0.3979539343665017,Regime suitability reflects current fused market state and stock risk profile.
GDWN.LSE,GDWN.LSE,Industrials,United Kingdom,UK,GBX,31.780267015085187,30.27865632000411,68.54018028794805,31.780267015085187,48.4015484823133,40.27865632000411,40.27865632000411,40.27865632000411,62.067052953489814,-0.018219732984914812,True,False,steady_state_low_chaos,20.596924990401064,0.3979539343665017,Regime suitability reflects current fused market state and stock risk profile.
GEN.LSE,GEN.LSE,Industrials,United Kingdom,UK,GBX,51.480919460898626,43.665831480989986,60.78387953941541,51.480919460898626,56.77713492199455,53.665831480989986,53.665831480989986,53.665831480989986,58.3903664677039,0.001480919460898626,False,False,steady_state_low_chaos,20.596924990401064,0.3979539343665017,Regime suitability reflects current fused market state and stock risk profile.
GLB.LSE,GLB.LSE,Consumer Staples,United Kingdom,UK,EUR,36.19332327052294,58.71279785063289,36.80655991735537,36.19332327052294,50.69493495234491,58.71279785063289,43.71279785063289,43.71279785063289,50.68722966881471,-0.01380667672947706,False,False,steady_state_low_chaos,20.596924990401064,0.3979539343665017,Regime suitability reflects current fused market state and stock risk profile.
GNC.LSE,GNC.LSE,Consumer Staples,United Kingdom,UK,GBX,45.92124019957234,74.86981829826355,41.033396345305604,45.92124019957234,55.42840006404496,74.86981829826355,59.86981829826355,59.86981829826355,76.14329025793589,-0.004078759800427662,False,False,steady_state_low_chaos,20.596924990401064,0.3979539343665017,Regime suitability reflects current fused market state and stock risk profile.
GNS.LSE,GNS.LSE,Healthcare,United Kingdom,UK,GBX,33.982941678774324,64.50323976515551,33.37246531483458,33.982941678774324,50.40544031477031,64.50323976515551,49.50323976515551,49.50323976515551,48.922663457791586,-0.016017058321225675,True,False,steady_state_low_chaos,20.596924990401064,0.3979539343665017,Regime suitability reflects current fused market state and stock risk profile.
GPE.LSE,GPE.LSE,Real Estate,United Kingdom,UK,GBX,17.306315831542026,24.74990383446363,18.331303288672352,17.306315831542026,32.87752704021263,34.74990383446363,34.74990383446363,9.74990383446363,2.7474677808704584,-0.03,True,True,steady_state_low_chaos,20.596924990401064,0.3979539343665017,Regime suitability reflects current fused market state and stock risk profile.
GRG.LSE,GRG.LSE,Consumer Discretionary,United Kingdom,UK,GBX,30.09258149163819,40.13458419443179,39.15001448016218,30.09258149163819,43.798848360691224,50.13458419443179,50.13458419443179,50.13458419443179,62.264616050788575,-0.01990741850836181,True,False,steady_state_low_chaos,20.596924990401064,0.3979539343665017,Regime suitability reflects current fused market state and stock risk profile.
GRI.LSE,GRI.LSE,Real Estate,United Kingdom,UK,GBX,61.378506100486646,38.5129029930673,0,61.378506100486646,63.16783094318784,48.5129029930673,48.5129029930673,23.5129029930673,0,0.011378506100486647,False,False,steady_state_low_chaos,20.596924990401064,0.3979539343665017,Regime suitability reflects current fused market state and stock risk profile.
GSK.LSE,GSK.LSE,Healthcare,United Kingdom,UK,GBX,59.411219501485895,85.80375884024883,37.99653912709094,59.411219501485895,59.83968152009047,85.80375884024883,70.80375884024883,70.80375884024883,80.39614491984891,0.009411219501485895,False,False,steady_state_low_chaos,20.596924990401064,0.3979539343665017,Regime suitability reflects current fused market state and stock risk profile.
HIK.LSE,HIK.LSE,Healthcare,United Kingdom,UK,GBX,41.79281388542089,79.87990811240282,36.946745562130175,41.79281388542089,63.07554511717331,79.87990811240282,64.87990811240282,64.87990811240282,72.1627483490892,-0.008207186114579108,False,False,steady_state_low_chaos,20.596924990401064,0.3979539343665017,Regime suitability reflects current fused market state and stock risk profile.
HILS.LSE,HILS.LSE,Industrials,United Kingdom,UK,GBX,43.08897074084286,45.77456690484251,68.43884449907806,43.08897074084286,59.019300011147024,55.77456690484251,55.77456690484251,55.77456690484251,77.34002480281423,-0.006911029259157139,False,False,steady_state_low_chaos,20.596924990401064,0.3979539343665017,Regime suitability reflects current fused market state and stock risk profile.
HMSO.LSE,HMSO.LSE,Real Estate,United Kingdom,UK,GBX,26.60059820695224,36.52873187187528,23.057782231128922,26.60059820695224,54.28398586719416,46.52873187187528,46.52873187187528,21.52873187187528,23.255852780358914,-0.02339940179304776,True,False,steady_state_low_chaos,20.596924990401064,0.3979539343665017,Regime suitability reflects current fused market state and stock risk profile.
HOC.LSE,HOC.LSE,Materials,United Kingdom,UK,GBX,44.51778226748719,38.393148955374855,69.72272408963586,44.51778226748719,47.637109299609605,48.393148955374855,48.393148955374855,48.393148955374855,72.78314195257374,-0.005482217732512808,False,False,steady_state_low_chaos,20.596924990401064,0.3979539343665017,Regime suitability reflects current fused market state and stock risk profile.
HSX.LSE,HSX.LSE,Financials,United Kingdom,UK,GBX,33.80034107177718,53.5345545948359,69.84354628422425,33.80034107177718,53.622032388256436,63.5345545948359,63.5345545948359,78.5345545948359,88.19035642012926,-0.016199658928222817,True,False,steady_state_low_chaos,20.596924990401064,0.3979539343665017,Regime suitability reflects current fused market state and stock risk profile.
HWDN.LSE,HWDN.LSE,Consumer Discretionary,United Kingdom,UK,GBX,55.61620591956742,53.03023427983426,41.65739194954554,55.61620591956742,61.924630294330186,63.03023427983426,63.03023427983426,63.03023427983426,80.67649656883445,0.0056162059195674205,False,False,steady_state_low_chaos,20.596924990401064,0.3979539343665017,Regime suitability reflects current fused market state and stock risk profile.
ICG.LSE,ICG.LSE,Financials,United Kingdom,UK,GBX,69.79535740048397,41.6907068694018,60,69.79535740048397,62.238663637748544,51.6907068694018,51.6907068694018,66.6907068694018,54.690706869401794,0.019795357400483965,False,False,steady_state_low_chaos,20.596924990401064,0.3979539343665017,Regime suitability reflects current fused market state and stock risk profile.
IGG.LSE,IGG.LSE,Financials,United Kingdom,UK,GBX,61.84975102322612,56.95356923204676,74.19370943584623,61.84975102322612,65.38436595617947,66.95356923204676,66.95356923204676,81.95356923204676,96.98602055506224,0.01184975102322612,False,False,steady_state_low_chaos,20.596924990401064,0.3979539343665017,Regime suitability reflects current fused market state and stock risk profile.
IHG.LSE,IHG.LSE,Consumer Discretionary,United Kingdom,UK,USD,48.85950981553185,38.169119667394604,32.62544169611307,48.85950981553185,52.560018203862754,48.169119667394604,48.169119667394604,48.169119667394604,45.94509139884336,-0.001140490184468149,False,False,steady_state_low_chaos,20.596924990401064,0.3979539343665017,Regime suitability reflects current fused market state and stock risk profile.
III.LSE,III.LSE,Financials,United Kingdom,UK,GBX,57.03913654441842,54.79383565421459,69.42579341217251,57.03913654441842,67.3724997581096,64.79383565421459,64.79383565421459,79.79383565421459,88.5305811609941,0.007039136544418419,False,False,steady_state_low_chaos,20.596924990401064,0.3979539343665017,Regime suitability reflects current fused market state and stock risk profile.
IMI.LSE,IMI.LSE,Industrials,United Kingdom,UK,GBX,48.46505641650214,48.20570418101644,65.27857142857142,48.46505641650214,56.05175529886386,58.20570418101644,58.20570418101644,58.20570418101644,72.81856132387358,-0.0015349435834978635,False,False,steady_state_low_chaos,20.596924990401064,0.3979539343665017,Regime suitability reflects current fused market state and stock risk profile.
INCH.LSE,INCH.LSE,Consumer Discretionary,United Kingdom,UK,GBX,55.7309993457288,51.15256256433952,40.53267045454545,55.7309993457288,60.53089838691841,61.15256256433952,61.15256256433952,61.15256256433952,76.32443756433952,0.005730999345728798,False,False,steady_state_low_chaos,20.596924990401064,0.3979539343665017,Regime suitability reflects current fused market state and stock risk profile.
INF.LSE,INF.LSE,Communication Services,United Kingdom,UK,GBX,52.510938432368064,33.360068537120654,15.797625672416991,52.510938432368064,43.45710190328843,43.360068537120654,43.360068537120654,18.360068537120654,8.31721934402104,0.0025109384323680644,False,False,steady_state_low_chaos,20.596924990401064,0.3979539343665017,Regime suitability reflects current fused market state and stock risk profile.
INPP.LSE,INPP.LSE,Financials,United Kingdom,UK,GBX,47.735860619650076,48.25853398297987,60,47.735860619650076,60.545473605547954,58.25853398297987,58.25853398297987,73.25853398297987,61.25853398297987,-0.002264139380349924,False,False,steady_state_low_chaos,20.596924990401064,0.3979539343665017,Regime suitability reflects current fused market state and stock risk profile.
INVP.LSE,INVP.LSE,Financials,United Kingdom,UK,GBX,35.54041650054268,44.54444779058212,60,35.54041650054268,57.1416761139977,54.54444779058212,54.54444779058212,69.54444779058213,57.544447790582126,-0.014459583499457317,False,False,steady_state_low_chaos,20.596924990401064,0.3979539343665017,Regime suitability reflects current fused market state and stock risk profile.
IPC.LSE,IPC.LSE,Consumer Discretionary,United Kingdom,UK,GBX,16.37219887023273,23.247731908632787,0,16.37219887023273,33.74157839583587,33.24773190863279,33.24773190863279,8.247731908632787,0,-0.03,True,True,steady_state_low_chaos,20.596924990401064,0.3979539343665017,Regime suitability reflects current fused market state and stock risk profile.
ITRK.LSE,ITRK.LSE,Industrials,United Kingdom,UK,GBX,55.18553042324699,55.89188927231682,61.14883908200241,55.18553042324699,61.02036728980988,65.89188927231682,65.89188927231682,65.89188927231682,71.41933525272212,0.005185530423246988,False,False,steady_state_low_chaos,20.596924990401064,0.3979539343665017,Regime suitability reflects current fused market state and stock risk profile.
ITV.LSE,ITV.LSE,Communication Services,United Kingdom,UK,GBX,43.14731319744793,51.47673141707732,38.9323467230444,43.14731319744793,56.79622872722625,61.47673141707732,61.47673141707732,61.47673141707732,73.127894207775,-0.006852686802552071,False,False,steady_state_low_chaos,20.596924990401064,0.3979539343665017,Regime suitability reflects current fused market state and stock risk profile.
JD.LSE,JD.LSE,Consumer Discretionary,United Kingdom,UK,GBX,68.55829111595125,46.256913458683115,37.09731543624161,68.55829111595125,63.196219612449475,56.256913458683115,56.256913458683115,56.256913458683115,63.87100741841465,0.01855829111595125,False,False,steady_state_low_chaos,20.596924990401064,0.3979539343665017,Regime suitability reflects current fused market state and stock risk profile.
JDW.LSE,JDW.LSE,Consumer Discretionary,United Kingdom,UK,GBX,42.15074839629365,25.81604155939032,21.541273205862165,42.15074839629365,42.19882285766468,35.81604155939032,35.81604155939032,10.816041559390321,9.206842612287083,-0.00784925160370635,False,False,steady_state_low_chaos,20.596924990401064,0.3979539343665017,Regime suitability reflects current fused market state and stock risk profile.
JET2.LSE,JET2.LSE,Consumer Discretionary,United Kingdom,UK,GBX,67.13228859029009,43.46023871916149,55.803064395156966,67.13228859029009,62.38138280043577,53.46023871916149,53.46023871916149,53.46023871916149,91.42391599334985,0.017132288590290087,False,False,steady_state_low_chaos,20.596924990401064,0.3979539343665017,Regime suitability reflects current fused market state and stock risk profile.
JFJ.LSE,JFJ.LSE,Financials,United Kingdom,UK,GBX,27.38649439855065,36.663400692987764,60,27.38649439855065,50.199975235078625,46.663400692987764,46.663400692987764,61.663400692987764,49.663400692987764,-0.02261350560144935,True,False,steady_state_low_chaos,20.596924990401064,0.3979539343665017,Regime suitability reflects current fused market state and stock risk profile.
JMAT.LSE,JMAT.LSE,Materials,United Kingdom,UK,GBX,52.9145629547578,52.118631389951375,59.32098765432099,52.9145629547578,62.66002238205058,62.118631389951375,62.118631389951375,62.118631389951375,63.62480422945755,0.0029145629547577983,False,False,steady_state_low_chaos,20.596924990401064,0.3979539343665017,Regime suitability reflects current fused market state and stock risk profile.
JUP.LSE,JUP.LSE,Financials,United Kingdom,UK,GBX,41.87358427066708,53.24133934006004,77.87049861495845,41.87358427066708,58.96996284472199,63.24133934006004,63.24133934006004,78.24133934006004,97.68593767801018,-0.008126415729332918,False,False,steady_state_low_chaos,20.596924990401064,0.3979539343665017,Regime suitability reflects current fused market state and stock risk profile.
KGF.LSE,KGF.LSE,Consumer Discretionary,United Kingdom,UK,GBX,64.03783910357991,53.470315472734036,36.80496150556031,64.03783910357991,59.69747244706753,63.470315472734036,63.470315472734036,63.470315472734036,70.4412307849667,0.014037839103579912,False,False,steady_state_low_chaos,20.596924990401064,0.3979539343665017,Regime suitability reflects current fused market state and stock risk profile.
KIE.LSE,KIE.LSE,Industrials,United Kingdom,UK,GBX,24.517106200997862,42.33962936564505,60,24.517106200997862,51.28679615110478,52.33962936564505,52.33962936564505,52.33962936564505,55.33962936564505,-0.02548289379900214,True,False,steady_state_low_chaos,20.596924990401064,0.3979539343665017,Regime suitability reflects current fused market state and stock risk profile.
KLR.LSE,KLR.LSE,Industrials,United Kingdom,UK,GBX,54.89566835822575,43.46030365697222,69.48992248062015,54.89566835822575,61.535597961270234,53.46030365697222,53.46030365697222,53.46030365697222,77.33813311433657,0.004895668358225748,False,False,steady_state_low_chaos,20.596924990401064,0.3979539343665017,Regime suitability reflects current fused market state and stock risk profile.
KNOS.LSE,KNOS.LSE,Technology,United Kingdom,UK,GBX,37.89330911644401,32.800790495046805,50.95624679541959,37.89330911644401,47.78784483370926,42.800790495046805,42.800790495046805,42.800790495046805,74.94828664955031,-0.012106690883555992,False,False,steady_state_low_chaos,20.596924990401064,0.3979539343665017,Regime suitability reflects current fused market state and stock risk profile.
KYGA.LSE,KYGA.LSE,Consumer Staples,United Kingdom,UK,EUR,43.036218718876704,73.29875601135285,35.29661016949153,43.036218718876704,60.619283097075574,73.29875601135285,58.29875601135286,58.29875601135286,61.95129838423421,-0.006963781281123296,False,False,steady_state_low_chaos,20.596924990401064,0.3979539343665017,Regime suitability reflects current fused market state and stock risk profile.
LAND.LSE,LAND.LSE,Real Estate,United Kingdom,UK,GBX,37.36190261275964,37.22469675476111,0,37.36190261275964,47.92030394532084,47.22469675476111,47.22469675476111,22.224696754761112,0,-0.012638097387240357,False,False,steady_state_low_chaos,20.596924990401064,0.3979539343665017,Regime suitability reflects current fused market state and stock risk profile.
LGEN.LSE,LGEN.LSE,Financials,United Kingdom,UK,GBX,72.4238916846808,64.3716118692634,95,72.4238916846808,68.83244683788661,74.3716118692634,74.3716118692634,89.3716118692634,100,0.022423891684680796,False,False,steady_state_low_chaos,20.596924990401064,0.3979539343665017,Regime suitability reflects current fused market state and stock risk profile.
LLOY.LSE,LLOY.LSE,Financials,United Kingdom,UK,GBX,42.18566083273866,49.988535866170636,60,42.18566083273866,52.390735693198785,59.988535866170636,59.988535866170636,74.98853586617064,62.988535866170636,-0.007814339167261337,False,False,steady_state_low_chaos,20.596924990401064,0.3979539343665017,Regime suitability reflects current fused market state and stock risk profile.
LMP.LSE,LMP.LSE,Real Estate,United Kingdom,UK,GBX,53.84099007772656,34.43483814227184,11.45578388362965,53.84099007772656,50.024150461138554,44.43483814227184,44.43483814227184,19.434838142271843,4.18177880262742,0.003840990077726559,False,False,steady_state_low_chaos,20.596924990401064,0.3979539343665017,Regime suitability reflects current fused market state and stock risk profile.
LRE.LSE,LRE.LSE,Financials,United Kingdom,UK,GBX,63.96503691758564,61.04569127144519,71.11316763617134,63.96503691758564,76.21966956986343,71.0456912714452,71.0456912714452,86.0456912714452,97.3814924348508,0.013965036917585643,False,False,steady_state_low_chaos,20.596924990401064,0.3979539343665017,Regime suitability reflects current fused market state and stock risk profile.
LSEG.LSE,LSEG.LSE,Financials,United Kingdom,UK,GBX,57.3421865868615,50.437672647313924,60.11586846170823,57.3421865868615,60.90336021997747,60.437672647313924,60.437672647313924,75.43767264731392,63.692583263072024,0.007342186586861502,False,False,steady_state_low_chaos,20.596924990401064,0.3979539343665017,Regime suitability reflects current fused market state and stock risk profile.
MGNS.LSE,MGNS.LSE,Industrials,United Kingdom,UK,GBX,55.86396644686382,40.04436662506361,78.40558412931668,55.86396644686382,60.31987097731003,50.04436662506361,50.04436662506361,50.04436662506361,85.13106758024364,0.00586396644686382,False,False,steady_state_low_chaos,20.596924990401064,0.3979539343665017,Regime suitability reflects current fused market state and stock risk profile.
MKS.LSE,MKS.LSE,Consumer Discretionary,United Kingdom,UK,GBX,60.30704819083667,52.602937746230296,35.78449328449328,60.30704819083667,64.6599120139339,62.602937746230296,62.602937746230296,62.602937746230296,67.32882297211552,0.010307048190836667,False,False,steady_state_low_chaos,20.596924990401064,0.3979539343665017,Regime suitability reflects current fused market state and stock risk profile.
MNDI.LSE,MNDI.LSE,Materials,United Kingdom,UK,GBX,37.47286128572242,40.43929796368891,56.48225469728601,37.47286128572242,39.71389974244791,50.43929796368891,50.43929796368891,50.43929796368891,45.70025829771814,-0.012527138714277576,False,False,steady_state_low_chaos,20.596924990401064,0.3979539343665017,Regime suitability reflects current fused market state and stock risk profile.
MONY.LSE,MONY.LSE,Communication Services,United Kingdom,UK,GBX,50.25019578627103,55.13393268153028,44.50109249817917,50.25019578627103,62.583587849421065,65.13393268153028,65.13393268153028,65.13393268153028,89.03633617752446,0.00025019578627102847,False,False,steady_state_low_chaos,20.596924990401064,0.3979539343665017,Regime suitability reflects current fused market state and stock risk profile.
MPE.LSE,MPE.LSE,Consumer Staples,United Kingdom,UK,GBX,53.629654267079445,65.23032529106632,47.56648145063418,53.629654267079445,60.08331717812558,65.23032529106632,50.230325291066315,50.230325291066315,78.31010303182734,0.0036296542670794453,False,False,steady_state_low_chaos,20.596924990401064,0.3979539343665017,Regime suitability reflects current fused market state and stock risk profile.
MRO.LSE,MRO.LSE,Industrials,United Kingdom,UK,GBP,38.27586178087311,42.43588927436682,61.173780487804876,38.27586178087311,49.78509158100405,52.43588927436682,52.43588927436682,52.43588927436682,58.01820634753756,-0.011724138219126892,False,False,steady_state_low_chaos,20.596924990401064,0.3979539343665017,Regime suitability reflects current fused market state and stock risk profile.
MTO.LSE,MTO.LSE,Industrials,United Kingdom,UK,GBX,56.96047216038177,44.88417587688494,62.22989299275112,56.96047216038177,58.25623685744105,54.88417587688494,54.88417587688494,54.88417587688494,62.7899404609374,0.006960472160381769,False,False,steady_state_low_chaos,20.596924990401064,0.3979539343665017,Regime suitability reflects current fused market state and stock risk profile.
NG.LSE,NG.LSE,Utilities,United Kingdom,UK,GBX,34.54849117368683,63.39198305502629,16.292399108690276,34.54849117368683,38.79599980867742,63.39198305502629,48.39198305502629,23.391983055026287,13.942861985454613,-0.015451508826313173,True,False,steady_state_low_chaos,20.596924990401064,0.3979539343665017,Regime suitability reflects current fused market state and stock risk profile.
NWG.LSE,NWG.LSE,Financials,United Kingdom,UK,GBP,75.76529689906192,50.244227445974886,60,75.76529689906192,64.95526022861831,60.244227445974886,60.244227445974886,75.24422744597489,63.244227445974886,0.025765296899061922,False,False,steady_state_low_chaos,20.596924990401064,0.3979539343665017,Regime suitability reflects current fused market state and stock risk profile.
NXT.LSE,NXT.LSE,Consumer Discretionary,United Kingdom,UK,GBX,59.04840522822532,50.386877057918646,39.729147429978454,59.04840522822532,60.97973206282472,60.386877057918646,60.386877057918646,60.386877057918646,73.79100140387125,0.00904840522822532,False,False,steady_state_low_chaos,20.596924990401064,0.3979539343665017,Regime suitability reflects current fused market state and stock risk profile.
OSB.LSE,OSB.LSE,Financials,United Kingdom,UK,GBX,54.86554530143801,32.014234832459806,60,54.86554530143801,51.783344942524295,42.014234832459806,42.014234832459806,57.014234832459806,45.014234832459806,0.0048655453014380115,False,False,steady_state_low_chaos,20.596924990401064,0.3979539343665017,Regime suitability reflects current fused market state and stock risk profile.
PAF.LSE,PAF.LSE,Materials,United Kingdom,UK,GBX,28.159301496792587,31.351669413092054,67.116102770184,28.159301496792587,45.24341817720063,41.351669413092054,41.351669413092054,41.351669413092054,60.00709550749685,-0.021840698503207412,True,False,steady_state_low_chaos,20.596924990401064,0.3979539343665017,Regime suitability reflects current fused market state and stock risk profile.
PAG.LSE,PAG.LSE,Financials,United Kingdom,UK,GBX,23.550541097387068,31.84116136830977,60,23.550541097387068,48.97106278644742,41.84116136830977,41.84116136830977,56.84116136830977,44.84116136830977,-0.02644945890261293,True,False,steady_state_low_chaos,20.596924990401064,0.3979539343665017,Regime suitability reflects current fused market state and stock risk profile.
PETS.LSE,PETS.LSE,Consumer Discretionary,United Kingdom,UK,GBX,50.7955025727809,42.17714836345278,36.39103182256509,50.7955025727809,52.153781359241705,52.17714836345278,52.17714836345278,52.17714836345278,58.23741837309598,0.0007955025727808973,False,False,steady_state_low_chaos,20.596924990401064,0.3979539343665017,Regime suitability reflects current fused market state and stock risk profile.
PFD.LSE,PFD.LSE,Consumer Staples,United Kingdom,UK,GBX,52.71913555297806,65.20287912357904,43.090086546026754,52.71913555297806,60.858658625132094,65.20287912357904,50.20287912357904,50.20287912357904,71.00106952483789,0.0027191355529780593,False,False,steady_state_low_chaos,20.596924990401064,0.3979539343665017,Regime suitability reflects current fused market state and stock risk profile.
PHP.LSE,PHP.LSE,Real Estate,United Kingdom,UK,GBX,52.23392388668335,35.384479794835926,0,52.23392388668335,50.78039850859858,45.384479794835926,45.384479794835926,20.384479794835926,0,0.0022339238866833496,False,False,steady_state_low_chaos,20.596924990401064,0.3979539343665017,Regime suitability reflects current fused market state and stock risk profile.
PLUS.LSE,PLUS.LSE,Financials,United Kingdom,UK,GBX,54.2740680272376,39.74621598727947,80.97774020850943,54.2740680272376,59.26640158293641,49.74621598727947,49.74621598727947,64.74621598727947,87.9195042374908,0.0042740680272375965,False,False,steady_state_low_chaos,20.596924990401064,0.3979539343665017,Regime suitability reflects current fused market state and stock risk profile.
PNN.LSE,PNN.LSE,Utilities,United Kingdom,UK,GBX,20.567932952805172,54.10335502127363,0.6248781438876989,20.567932952805172,38.104573537341565,54.10335502127363,39.10335502127363,14.103355021273629,0,-0.029432067047194827,True,False,steady_state_low_chaos,20.596924990401064,0.3979539343665017,Regime suitability reflects current fused market state and stock risk profile.
POLR.LSE,POLR.LSE,Financials,United Kingdom,UK,GBX,51.010803807982725,43.993054547703785,82.8535944259986,51.010803807982725,55.96778367534338,53.993054547703785,53.993054547703785,68.99305454770379,94.4173678589021,0.0010108038079827252,False,False,steady_state_low_chaos,20.596924990401064,0.3979539343665017,Regime suitability reflects current fused market state and stock risk profile.
PRU.LSE,PRU.LSE,Financials,United Kingdom,UK,GBX,63.08310896912462,66.61523863781544,68.88863142689911,63.08310896912462,68.60008748775365,76.61523863781544,76.61523863781544,91.61523863781544,99.17022777699347,0.013083108969124624,False,False,steady_state_low_chaos,20.596924990401064,0.3979539343665017,Regime suitability reflects current fused market state and stock risk profile.
PSN.LSE,PSN.LSE,Consumer Discretionary,United Kingdom,UK,GBX,28.41036144162168,56.61222742215418,46.281770376862404,28.41036144162168,50.277152118470006,66.61222742215418,66.61222742215418,66.61222742215418,93.15035187438906,-0.021589638558378317,True,False,steady_state_low_chaos,20.596924990401064,0.3979539343665017,Regime suitability reflects current fused market state and stock risk profile.
PSON.LSE,PSON.LSE,Communication Services,United Kingdom,UK,GBX,55.83557620047088,53.62673759220901,39.79601087941977,55.83557620047088,61.06392680221387,63.62673759220901,63.62673759220901,63.62673759220901,77.17796152693249,0.005835576200470882,False,False,steady_state_low_chaos,20.596924990401064,0.3979539343665017,Regime suitability reflects current fused market state and stock risk profile.
QQ.LSE,QQ.LSE,Industrials,United Kingdom,UK,GBX,49.450234125090425,49.49974323186902,67.24097198785016,49.450234125090425,59.922507316120445,59.49974323186902,59.49974323186902,59.49974323186902,78.42988160513934,-0.0005497658749095748,False,False,steady_state_low_chaos,20.596924990401064,0.3979539343665017,Regime suitability reflects current fused market state and stock risk profile.
RAT.LSE,RAT.LSE,Financials,United Kingdom,UK,GBX,54.88591638795986,52.81943829157301,93.71992300288738,54.88591638795986,58.363384903229345,62.81943829157301,62.81943829157301,77.81943829157301,100,0.00488591638795986,False,False,steady_state_low_chaos,20.596924990401064,0.3979539343665017,Regime suitability reflects current fused market state and stock risk profile.
REL.LSE,REL.LSE,Industrials,United Kingdom,UK,GBX,61.793546298220974,57.96820346164678,60.320130222463376,61.793546298220974,65.59523047713007,67.96820346164678,67.96820346164678,67.96820346164678,71.67248995106621,0.011793546298220974,False,False,steady_state_low_chaos,20.596924990401064,0.3979539343665017,Regime suitability reflects current fused market state and stock risk profile.
RICA.LSE,RICA.LSE,Financials,United Kingdom,UK,GBX,58.877599608315585,46.429219147982266,60,58.877599608315585,64.42548609540623,56.429219147982266,56.429219147982266,71.42921914798227,59.429219147982266,0.008877599608315585,False,False,steady_state_low_chaos,20.596924990401064,0.3979539343665017,Regime suitability reflects current fused market state and stock risk profile.
RKT.LSE,RKT.LSE,Consumer Staples,United Kingdom,UK,GBX,58.68942764481081,88.8876488783454,38.00420168067227,58.68942764481081,67.65036479684888,88.8876488783454,73.8876488783454,73.8876488783454,83.49689257582439,0.008689427644810814,False,False,steady_state_low_chaos,20.596924990401064,0.3979539343665017,Regime suitability reflects current fused market state and stock risk profile.
RMV.LSE,RMV.LSE,Communication Services,United Kingdom,UK,GBX,56.45965198867038,62.98538424809314,45.50167403420459,56.45965198867038,69.26333651830043,72.98538424809314,72.98538424809314,72.98538424809314,98.58739308913864,0.00645965198867038,False,False,steady_state_low_chaos,20.596924990401064,0.3979539343665017,Regime suitability reflects current fused market state and stock risk profile.
ROR.LSE,ROR.LSE,Industrials,United Kingdom,UK,GBX,41.48196590836669,51.390997947988225,71.79790748898678,41.48196590836669,56.73855294683862,61.390997947988225,61.390997947988225,61.390997947988225,88.54848693477237,-0.008518034091633311,False,False,steady_state_low_chaos,20.596924990401064,0.3979539343665017,Regime suitability reflects current fused market state and stock risk profile.
RS1.LSE,RS1.LSE,Industrials,United Kingdom,UK,GBX,52.129655263409234,46.55566155101148,64.849671155653,52.129655263409234,58.623296065770745,56.55566155101148,56.55566155101148,56.55566155101148,70.22493809344806,0.0021296552634092335,False,False,steady_state_low_chaos,20.596924990401064,0.3979539343665017,Regime suitability reflects current fused market state and stock risk profile.
RSW.LSE,RSW.LSE,Technology,United Kingdom,UK,GBX,30.306911411311123,44.26667177989487,47.245958682496074,30.306911411311123,49.97143990869736,54.26667177989487,54.26667177989487,54.26667177989487,81.96182219889015,-0.019693088588688876,True,False,steady_state_low_chaos,20.596924990401064,0.3979539343665017,Regime suitability reflects current fused market state and stock risk profile.
RTO.LSE,RTO.LSE,Industrials,United Kingdom,UK,GBX,52.37249383456021,42.144145138297745,54.16043225270158,52.37249383456021,51.55602146632359,52.144145138297745,52.144145138297745,27.144145138297745,42.297096094241226,0.00237249383456021,False,False,steady_state_low_chaos,20.596924990401064,0.3979539343665017,Regime suitability reflects current fused market state and stock risk profile.
S32.LSE,S32.LSE,Materials,United Kingdom,UK,GBX,18.206762105859575,33.024685487486494,70.15706806282722,18.206762105859575,35.51642144441722,43.024685487486494,43.024685487486494,43.024685487486494,68.21316716287916,-0.03,True,True,steady_state_low_chaos,20.596924990401064,0.3979539343665017,Regime suitability reflects current fused market state and stock risk profile.
SAFE.LSE,SAFE.LSE,Real Estate,United Kingdom,UK,GBX,21.1615181540463,20.63568372371803,11.898061288305193,21.1615181540463,33.921868154871376,30.63568372371803,30.63568372371803,5.6356837237180315,0,-0.028838481845953702,True,False,steady_state_low_chaos,20.596924990401064,0.3979539343665017,Regime suitability reflects current fused market state and stock risk profile.
SBRY.LSE,SBRY.LSE,Consumer Staples,United Kingdom,UK,GBX,68.94439305204943,76.78047791133862,32.353747714808044,68.94439305204943,64.60454042665914,76.78047791133862,61.78047791133862,61.78047791133862,58.95872288391632,0.018944393052049435,False,False,steady_state_low_chaos,20.596924990401064,0.3979539343665017,Regime suitability reflects current fused market state and stock risk profile.
SCT.LSE,SCT.LSE,Technology,United Kingdom,UK,GBX,35.619469174546,38.059828557116404,49.44823567575361,35.619469174546,48.85649162098407,48.059828557116404,48.059828557116404,48.059828557116404,78.39771136802074,-0.014380530825454003,False,False,steady_state_low_chaos,20.596924990401064,0.3979539343665017,Regime suitability reflects current fused market state and stock risk profile.
SDLF.LSE,SDLF.LSE,Financials,United Kingdom,UK,GBX,31.942354023930896,57.91575333243817,95,31.942354023930896,60.65333893422329,67.91575333243817,67.91575333243817,82.91575333243817,100,-0.018057645976069105,True,False,steady_state_low_chaos,20.596924990401064,0.3979539343665017,Regime suitability reflects current fused market state and stock risk profile.
SDR.LSE,SDR.LSE,Financials,United Kingdom,UK,GBX,59.844248400751724,59.670339327082104,95,59.844248400751724,66.636915380154,69.6703393270821,69.6703393270821,84.6703393270821,100,0.009844248400751723,False,False,steady_state_low_chaos,20.596924990401064,0.3979539343665017,Regime suitability reflects current fused market state and stock risk profile.
SEPL.LSE,SEPL.LSE,Energy,United Kingdom,UK,GBX,58.43386111231934,32.95595208538259,67.11657364093496,58.43386111231934,56.80664771938241,42.95595208538259,42.95595208538259,42.95595208538259,61.6124140954395,0.008433861112319342,False,False,steady_state_low_chaos,20.596924990401064,0.3979539343665017,Regime suitability reflects current fused market state and stock risk profile.
SEQI.LSE,SEQI.LSE,Financials,United Kingdom,UK,GBX,53.42690087974291,45.09415636609272,60,53.42690087974291,57.59956396780185,55.09415636609272,55.09415636609272,70.09415636609272,58.09415636609272,0.0034269008797429097,False,False,steady_state_low_chaos,20.596924990401064,0.3979539343665017,Regime suitability reflects current fused market state and stock risk profile.
SGE.LSE,SGE.LSE,Technology,United Kingdom,UK,GBX,53.65130344969198,53.73237050307688,35.548489666136724,53.65130344969198,60.77879997456019,63.73237050307688,63.73237050307688,63.73237050307688,67.93904776857768,0.00365130344969198,False,False,steady_state_low_chaos,20.596924990401064,0.3979539343665017,Regime suitability reflects current fused market state and stock risk profile.
SGRO.LSE,SGRO.LSE,Real Estate,United Kingdom,UK,GBX,44.98081423912417,32.33687118291988,2.92738275340394,44.98081423912417,45.19015048727441,42.33687118291988,42.33687118291988,17.33687118291988,0,-0.005019185760875828,False,False,steady_state_low_chaos,20.596924990401064,0.3979539343665017,Regime suitability reflects current fused market state and stock risk profile.
SHC.LSE,SHC.LSE,Real Estate,United Kingdom,UK,GBX,46.743244550755314,52.47039081468546,35.4101260225514,46.743244550755314,68.03725572217205,62.47039081468546,62.47039081468546,62.47039081468546,66.37266806429855,-0.003256755449244686,False,False,steady_state_low_chaos,20.596924990401064,0.3979539343665017,Regime suitability reflects current fused market state and stock risk profile.
SHEL.LSE,SHEL.LSE,Energy,United Kingdom,UK,GBX,76.13694965978056,65.96231078840086,65.9398383453339,76.13694965978056,70.70567999115526,75.96231078840086,75.96231078840086,75.96231078840086,92.02995514813543,0.026136949659780556,False,False,steady_state_low_chaos,20.596924990401064,0.3979539343665017,Regime suitability reflects current fused market state and stock risk profile.
SMIN.LSE,SMIN.LSE,Industrials,United Kingdom,UK,GBX,28.846811611879907,39.79130266340877,60,28.846811611879907,40.74370238516885,49.79130266340877,49.79130266340877,49.79130266340877,52.79130266340877,-0.02115318838812009,True,False,steady_state_low_chaos,20.596924990401064,0.3979539343665017,Regime suitability reflects current fused market state and stock risk profile.
SNR.LSE,SNR.LSE,Industrials,United Kingdom,UK,GBX,38.520839201575164,46.34621596569084,63.13231850117096,38.520839201575164,60.228035785334185,56.34621596569084,56.34621596569084,56.34621596569084,66.23731666826696,-0.011479160798424835,False,False,steady_state_low_chaos,20.596924990401064,0.3979539343665017,Regime suitability reflects current fused market state and stock risk profile.
SPX.LSE,SPX.LSE,Industrials,United Kingdom,UK,GBX,43.05982052946406,45.81584873603522,61.284269363854136,43.05982052946406,54.28962952506606,55.81584873603522,55.81584873603522,55.81584873603522,61.64124133651433,-0.006940179470535938,False,False,steady_state_low_chaos,20.596924990401064,0.3979539343665017,Regime suitability reflects current fused market state and stock risk profile.
SQZ.LSE,SQZ.LSE,Energy,United Kingdom,UK,GBX,16.515491981601357,21.018261429063248,66.11792783259308,16.515491981601357,29.07522729598177,31.018261429063248,31.018261429063248,31.018261429063248,47.47770266076802,-0.03,True,True,steady_state_low_chaos,20.596924990401064,0.3979539343665017,Regime suitability reflects current fused market state and stock risk profile.
SRE.LSE,SRE.LSE,Real Estate,United Kingdom,UK,GBX,41.991465419062685,28.582340770923622,23.650039588281867,41.991465419062685,49.779113800803074,38.58234077092362,38.58234077092362,13.582340770923622,16.612427865143736,-0.008008534580937315,False,False,steady_state_low_chaos,20.596924990401064,0.3979539343665017,Regime suitability reflects current fused market state and stock risk profile.
SRP.LSE,SRP.LSE,Industrials,United Kingdom,UK,GBX,61.79460361232492,46.38843327655289,62.45002126754572,61.79460361232492,61.97234513570828,56.38843327655289,56.38843327655289,56.38843327655289,64.77848006515347,0.01179460361232492,False,False,steady_state_low_chaos,20.596924990401064,0.3979539343665017,Regime suitability reflects current fused market state and stock risk profile.
SSE.LSE,SSE.LSE,Utilities,United Kingdom,UK,GBX,31.915974750973717,69.08339512922446,31.262851103353295,31.915974750973717,41.16710886272351,69.08339512922446,54.083395129224456,54.083395129224456,48.86166755660171,-0.018084025249026282,True,False,steady_state_low_chaos,20.596924990401064,0.3979539343665017,Regime suitability reflects current fused market state and stock risk profile.
SSPG.LSE,SSPG.LSE,Consumer Discretionary,United Kingdom,UK,GBX,55.60169063199151,35.01208733594996,27.722518067706353,55.60169063199151,43.95912717235082,45.01208733594996,45.01208733594996,20.012087335949957,32.00162708490394,0.00560169063199151,False,False,steady_state_low_chaos,20.596924990401064,0.3979539343665017,Regime suitability reflects current fused market state and stock risk profile.
STAN.LSE,STAN.LSE,Financials,United Kingdom,UK,GBX,83.04067818906142,50.79527110235881,60,83.04067818906142,67.40488138847621,60.79527110235881,60.79527110235881,75.79527110235881,63.79527110235881,0.03,False,False,steady_state_low_chaos,20.596924990401064,0.3979539343665017,Regime suitability reflects current fused market state and stock risk profile.
STJ.LSE,STJ.LSE,Financials,United Kingdom,UK,GBX,61.429360548810635,57.86807708485466,69.68235625704622,61.429360548810635,58.354683578813635,67.86807708485466,67.86807708485466,82.86807708485466,92.16926085035635,0.011429360548810635,False,False,steady_state_low_chaos,20.596924990401064,0.3979539343665017,Regime suitability reflects current fused market state and stock risk profile.
SVS.LSE,SVS.LSE,Real Estate,United Kingdom,UK,GBX,45.62527890411295,47.102390613989485,42.39244951712028,45.62527890411295,51.32184245425407,57.102390613989485,57.102390613989485,57.102390613989485,76.3657795516541,-0.004374721095887047,False,False,steady_state_low_chaos,20.596924990401064,0.3979539343665017,Regime suitability reflects current fused market state and stock risk profile.
SVT.LSE,SVT.LSE,Utilities,United Kingdom,UK,GBX,30.73314378343217,71.43600485090894,35,30.73314378343217,47.73081239749773,71.43600485090894,56.43600485090894,56.43600485090894,59.436004850908944,-0.019266856216567832,True,False,steady_state_low_chaos,20.596924990401064,0.3979539343665017,Regime suitability reflects current fused market state and stock risk profile.
TATE.LSE,TATE.LSE,Consumer Staples,United Kingdom,UK,GBX,39.04334490679962,69.36375375545367,31.805555555555557,39.04334490679962,44.31308932246509,69.36375375545367,54.36375375545367,54.36375375545367,50.3359759776759,-0.010956655093200382,False,False,steady_state_low_chaos,20.596924990401064,0.3979539343665017,Regime suitability reflects current fused market state and stock risk profile.
TCAP.LSE,TCAP.LSE,Financials,United Kingdom,UK,GBX,45.426711870185706,52.94966916225674,67.8780487804878,45.426711870185706,63.29079281623285,62.94966916225674,62.94966916225674,77.94966916225674,83.28137647932991,-0.004573288129814294,False,False,steady_state_low_chaos,20.596924990401064,0.3979539343665017,Regime suitability reflects current fused market state and stock risk profile.
TFIF.LSE,TFIF.LSE,Financials,United Kingdom,UK,GBX,25.871763157628866,42.037004230808115,60,25.871763157628866,51.28125787539979,52.037004230808115,52.037004230808115,67.03700423080812,55.03700423080812,-0.024128236842371135,True,False,steady_state_low_chaos,20.596924990401064,0.3979539343665017,Regime suitability reflects current fused market state and stock risk profile.
TPK.LSE,TPK.LSE,Industrials,United Kingdom,UK,GBX,44.40935958473707,23.66323770358727,34.01506373117034,44.40935958473707,30.06726861768525,33.66323770358727,33.66323770358727,8.66323770358727,0,-0.005590640415262932,False,False,steady_state_low_chaos,20.596924990401064,0.3979539343665017,Regime suitability reflects current fused market state and stock risk profile.
TRIG.LSE,TRIG.LSE,Utilities,United Kingdom,UK,GBX,44.22957912367521,70.51730959704527,35,44.22957912367521,52.852705350633,70.51730959704527,55.51730959704527,55.51730959704527,58.51730959704527,-0.005770420876324792,False,False,steady_state_low_chaos,20.596924990401064,0.3979539343665017,Regime suitability reflects current fused market state and stock risk profile.
TSCO.LSE,TSCO.LSE,Consumer Staples,United Kingdom,UK,GBX,68.7047426177076,76.86328726763696,32.541551246537395,68.7047426177076,66.1610247810099,76.86328726763696,61.863287267636956,61.863287267636956,59.45470001001922,0.018704742617707593,False,False,steady_state_low_chaos,20.596924990401064,0.3979539343665017,Regime suitability reflects current fused market state and stock risk profile.
TW.LSE,TW.LSE,Consumer Discretionary,United Kingdom,UK,GBX,42.0367188495971,59.36539891354482,52.230127576054954,42.0367188495971,58.126292578690624,69.36539891354482,69.36539891354482,69.36539891354482,100,-0.0079632811504029,False,False,steady_state_low_chaos,20.596924990401064,0.3979539343665017,Regime suitability reflects current fused market state and stock risk profile.
ULVR.LSE,ULVR.LSE,Consumer Staples,United Kingdom,UK,GBX,62.183003840374084,84.72057907709028,34.386216798277104,62.183003840374084,61.57967451443443,84.72057907709028,69.72057907709028,69.72057907709028,71.37025603329991,0.012183003840374084,False,False,steady_state_low_chaos,20.596924990401064,0.3979539343665017,Regime suitability reflects current fused market state and stock risk profile.
UTG.LSE,UTG.LSE,Real Estate,United Kingdom,UK,GBX,29.887271327790607,33.48938075190419,0,29.887271327790607,45.460914332192246,43.48938075190419,43.48938075190419,18.489380751904193,0,-0.020112728672209392,True,False,steady_state_low_chaos,20.596924990401064,0.3979539343665017,Regime suitability reflects current fused market state and stock risk profile.
UU.LSE,UU.LSE,Utilities,United Kingdom,UK,GBX,33.38435208939608,58.99666326312122,16.056830405163144,33.38435208939608,44.343691098840935,58.99666326312122,43.99666326312122,18.99666326312122,9.26485974931699,-0.01661564791060392,True,False,steady_state_low_chaos,20.596924990401064,0.3979539343665017,Regime suitability reflects current fused market state and stock risk profile.
VALT.LSE,VALT.LSE,Materials,United Kingdom,UK,GBX,28.237704918032787,37.58196721311475,60,28.237704918032787,48.670081967213115,47.58196721311475,47.58196721311475,47.58196721311475,50.58196721311475,-0.021762295081967212,True,False,steady_state_low_chaos,20.596924990401064,0.3979539343665017,Regime suitability reflects current fused market state and stock risk profile.
VSVS.LSE,VSVS.LSE,Materials,United Kingdom,UK,GBX,26.38894250302222,36.51899518265932,58.6436839456467,26.38894250302222,45.213609145153754,46.51899518265932,46.51899518265932,46.51899518265932,46.53509986308207,-0.02361105749697778,True,False,steady_state_low_chaos,20.596924990401064,0.3979539343665017,Regime suitability reflects current fused market state and stock risk profile.
WEIR.LSE,WEIR.LSE,Industrials,United Kingdom,UK,GBX,50.33095778543471,44.70292196889077,58.64074206207634,50.33095778543471,55.31000632499196,54.70292196889077,54.70292196889077,54.70292196889077,54.71255450545873,0.00033095778543471255,False,False,steady_state_low_chaos,20.596924990401064,0.3979539343665017,Regime suitability reflects current fused market state and stock risk profile.
WTB.LSE,WTB.LSE,Consumer Discretionary,United Kingdom,UK,GBX,38.5424893821137,36.75700672187431,16.756450394040804,38.5424893821137,48.424938711586385,46.75700672187431,46.75700672187431,21.757006721874312,12.864747194723272,-0.0114575106178863,False,False,steady_state_low_chaos,20.596924990401064,0.3979539343665017,Regime suitability reflects current fused market state and stock risk profile.
ZIG.LSE,ZIG.LSE,Industrials,United Kingdom,UK,GBX,21.403303490280344,37.634838626330435,59.520168635054944,21.403303490280344,46.73928069991092,47.634838626330435,47.634838626330435,47.634838626330435,49.5792096234513,-0.028596696509719657,True,False,steady_state_low_chaos,20.596924990401064,0.3979539343665017,Regime suitability reflects current fused market state and stock risk profile.
BARC.LSE,BARC.LSE,Financials,United Kingdom,UK,GBX,81.27438483842315,51.26970875079304,60,81.27438483842315,64.54261813029379,61.26970875079304,61.26970875079304,76.26970875079304,64.26970875079304,0.03,False,False,steady_state_low_chaos,20.596924990401064,0.3979539343665017,Regime suitability reflects current fused market state and stock risk profile.
BME.LSE,BME.LSE,Consumer Staples,United Kingdom,UK,GBX,61.93914344555064,68.92943565490623,29.414814814814818,61.93914344555064,54.10682287432304,68.92943565490623,53.92943565490623,28.92943565490623,44.64202824749883,0.01193914344555064,False,False,steady_state_low_chaos,20.596924990401064,0.3979539343665017,Regime suitability reflects current fused market state and stock risk profile.
BP.LSE,BP.LSE,Energy,United Kingdom,UK,GBX,74.88790563058672,64.96608659390627,64.14044175136826,74.88790563058672,69.96768653281062,74.96608659390627,74.96608659390627,74.96608659390627,87.07505844691643,0.024887905630586717,False,False,steady_state_low_chaos,20.596924990401064,0.3979539343665017,Regime suitability reflects current fused market state and stock risk profile.
CRDA.LSE,CRDA.LSE,Materials,United Kingdom,UK,GBX,36.59840857785407,45.51296570345651,59.777517564402814,36.59840857785407,49.16955147215853,55.51296570345651,55.51296570345651,55.51296570345651,58.02350434514269,-0.013401591422145927,False,False,steady_state_low_chaos,20.596924990401064,0.3979539343665017,Regime suitability reflects current fused market state and stock risk profile.
DGE.LSE,DGE.LSE,Consumer Staples,United Kingdom,UK,GBX,53.62977841564695,74.65286263733776,27.89510929391414,53.62977841564695,53.06854009093635,74.65286263733776,59.65286263733776,34.65286263733776,47.02210308394886,0.0036297784156469532,False,False,steady_state_low_chaos,20.596924990401064,0.3979539343665017,Regime suitability reflects current fused market state and stock risk profile.
GFTU.LSE,GFTU.LSE,Industrials,United Kingdom,UK,GBX,47.824305060584464,43.61148662025813,68.18561349124886,47.824305060584464,51.98631764114197,53.61148662025813,53.61148662025813,53.61148662025813,74.61983630100563,-0.0021756949394155355,False,False,steady_state_low_chaos,20.596924990401064,0.3979539343665017,Regime suitability reflects current fused market state and stock risk profile.
HSBA.LSE,HSBA.LSE,Financials,United Kingdom,UK,GBX,68.27185912136865,51.764799077120564,60,68.27185912136865,57.52717804506084,61.764799077120564,61.764799077120564,76.76479907712056,64.76479907712056,0.01827185912136865,False,False,steady_state_low_chaos,20.596924990401064,0.3979539343665017,Regime suitability reflects current fused market state and stock risk profile.
IMB.LSE,IMB.LSE,Consumer Staples,United Kingdom,UK,GBX,72.70300415285553,86.69053809087382,35.198167239404356,72.70300415285553,68.5643885004446,86.69053809087382,71.69053809087382,71.69053809087382,75.1265060175634,0.022703004152855526,False,False,steady_state_low_chaos,20.596924990401064,0.3979539343665017,Regime suitability reflects current fused market state and stock risk profile.
RIO.LSE,RIO.LSE,Materials,United Kingdom,UK,GBX,49.30061556951661,53.395776675451025,66.38439105075302,49.30061556951661,53.90941149552681,63.395776675451025,63.395776675451025,63.395776675451025,80.44143698710769,-0.0006993844304833914,False,False,steady_state_low_chaos,20.596924990401064,0.3979539343665017,Regime suitability reflects current fused market state and stock risk profile.
SN.LSE,SN.LSE,Healthcare,United Kingdom,UK,GBX,57.24492930470926,80.2771330270806,35.95953002610966,57.24492930470926,62.09748704133908,80.2771330270806,65.2771330270806,65.2771330270806,70.38809908452185,0.007244929304709259,False,False,steady_state_low_chaos,20.596924990401064,0.3979539343665017,Regime suitability reflects current fused market state and stock risk profile.
TTE.LSE,TTE.LSE,Energy,United Kingdom,UK,EUR,57.351344533695226,46.47395395045197,65.76530086992331,57.351344533695226,52.45314259118557,56.47395395045197,56.47395395045197,56.47395395045197,72.15761586428324,0.007351344533695226,False,False,steady_state_low_chaos,20.596924990401064,0.3979539343665017,Regime suitability reflects current fused market state and stock risk profile.
VOD.LSE,VOD.LSE,Communication Services,United Kingdom,UK,GBX,65.59346270421271,53.72490204206295,32.980258841772525,65.59346270421271,51.07900399057115,63.72490204206295,63.72490204206295,63.72490204206295,62.281471493962506,0.015593462704212711,False,False,steady_state_low_chaos,20.596924990401064,0.3979539343665017,Regime suitability reflects current fused market state and stock risk profile.
WPP.LSE,WPP.LSE,Communication Services,United Kingdom,UK,GBX,60.31500127487401,40.7274090704486,22.752688172043012,60.31500127487401,52.287359491122686,50.7274090704486,50.7274090704486,25.7274090704486,26.783323048943224,0.010315001274874006,False,False,steady_state_low_chaos,20.596924990401064,0.3979539343665017,Regime suitability reflects current fused market state and stock risk profile.
GLEN.LSE,GLEN.LSE,Materials,United Kingdom,UK,GBX,41.05971467594246,34.687962808697804,51.34829287165103,41.05971467594246,39.76940054194554,44.687962808697804,44.687962808697804,19.687962808697804,28.654207126330075,-0.00894028532405754,False,False,steady_state_low_chaos,20.596924990401064,0.3979539343665017,Regime suitability reflects current fused market state and stock risk profile.
IAG.LSE,IAG.LSE,Industrials,United Kingdom,UK,GBX,66.85141564286386,55.58467655835737,65.69488114702553,66.85141564286386,58.24169992732282,65.58467655835737,65.58467655835737,65.58467655835737,81.11341508181354,0.016851415642863857,False,False,steady_state_low_chaos,20.596924990401064,0.3979539343665017,Regime suitability reflects current fused market state and stock risk profile.
ANDR.VI,ANDR.VI,Industrials,Austria,DACH,EUR,48.67769996585656,50.94583700850054,70.45464776052216,48.67769996585656,63.64680820304826,35.94583700850054,60.94583700850054,60.94583700850054,86.49141432112715,-0.0013223000341434385,False,False,steady_state_low_chaos,20.596924990401064,0.3979539343665017,Regime suitability reflects current fused market state and stock risk profile.
DOC.VI,DOC.VI,Industrials,Austria,DACH,EUR,53.20978467384517,41.70468532091699,69.91600397614314,53.20978467384517,60.07487975479505,26.704685320916987,51.70468532091699,51.70468532091699,76.5198940684319,0.003209784673845171,False,False,steady_state_low_chaos,20.596924990401064,0.3979539343665017,Regime suitability reflects current fused market state and stock risk profile.
MMK.VI,MMK.VI,Consumer Discretionary,Austria,DACH,EUR,13.333309923137607,32.64562903006046,34.05300413332792,13.333309923137607,33.8348642589127,17.645629030060462,42.64562903006046,42.64562903006046,43.562238123381874,-0.03,True,True,steady_state_low_chaos,20.596924990401064,0.3979539343665017,Regime suitability reflects current fused market state and stock risk profile.
OMV.VI,OMV.VI,Energy,Austria,DACH,EUR,57.75106015978969,45.174203367822464,68.2733086502861,57.75106015978969,61.30626767530046,55.174203367822464,55.174203367822464,55.174203367822464,76.3754823984519,0.007751060159789688,False,False,steady_state_low_chaos,20.596924990401064,0.3979539343665017,Regime suitability reflects current fused market state and stock risk profile.
POS.VI,POS.VI,Industrials,Austria,DACH,EUR,47.77797576621525,40.988952245188884,71.08164898243173,47.77797576621525,50.54392373485389,25.988952245188884,50.988952245188884,50.988952245188884,77.28693102410696,-0.002222024233784751,False,False,steady_state_low_chaos,20.596924990401064,0.3979539343665017,Regime suitability reflects current fused market state and stock risk profile.
RBI.VI,RBI.VI,Financials,Austria,DACH,EUR,72.78711497780228,36.50662983090144,60,72.78711497780228,61.05750811402252,46.50662983090144,46.50662983090144,46.50662983090144,49.50662983090144,0.022787114977802274,False,False,steady_state_low_chaos,20.596924990401064,0.3979539343665017,Regime suitability reflects current fused market state and stock risk profile.
STR.VI,STR.VI,Industrials,Austria,DACH,EUR,55.44793925990503,38.21477384260602,78.97899909063048,55.44793925990503,57.91270142392316,23.21477384260602,48.21477384260602,48.21477384260602,83.9895727513626,0.005447939259905027,False,False,steady_state_low_chaos,20.596924990401064,0.3979539343665017,Regime suitability reflects current fused market state and stock risk profile.
UQA.VI,UQA.VI,Financials,Austria,DACH,EUR,55.534574702294286,31.694168444478798,62.160002724430484,55.534574702294286,53.42971289350825,41.6941684444788,41.6941684444788,41.6941684444788,49.446174438225874,0.005534574702294286,False,False,steady_state_low_chaos,20.596924990401064,0.3979539343665017,Regime suitability reflects current fused market state and stock risk profile.
VER.VI,VER.VI,Utilities,Austria,DACH,EUR,35.14682962383759,58.913159584317036,41.09674477816484,35.14682962383759,47.29234750156451,58.913159584317036,43.913159584317036,43.913159584317036,60.32599809627968,-0.01485317037616241,False,False,steady_state_low_chaos,20.596924990401064,0.3979539343665017,Regime suitability reflects current fused market state and stock risk profile.
VIG.VI,VIG.VI,Financials,Austria,DACH,EUR,41.92989887767171,36.802918220872975,68.65219623463256,41.92989887767171,54.71155035580055,46.802918220872975,46.802918220872975,46.802918220872975,68.83774993706461,-0.00807010112232829,False,False,steady_state_low_chaos,20.596924990401064,0.3979539343665017,Regime suitability reflects current fused market state and stock risk profile.
VOE.VI,VOE.VI,Materials,Austria,DACH,EUR,46.317679879600256,44.11107008265411,65.69099836333879,46.317679879600256,49.471743655908035,54.11107008265411,54.11107008265411,54.11107008265411,69.63126648199945,-0.003682320120399744,False,False,steady_state_low_chaos,20.596924990401064,0.3979539343665017,Regime suitability reflects current fused market state and stock risk profile.
WIE.VI,WIE.VI,Materials,Austria,DACH,EUR,58.92733667087277,38.82906838961189,58.12239221140473,58.92733667087277,55.397427400775754,48.82906838961189,48.82906838961189,48.82906838961189,47.698331254702296,0.00892733667087277,False,False,steady_state_low_chaos,20.596924990401064,0.3979539343665017,Regime suitability reflects current fused market state and stock risk profile.
TBCG.LSE,TBCG.LSE,Financials,United Kingdom,UK,GBX,27.724518888096934,25.928367783321455,60,27.724518888096934,42.2606022808268,35.928367783321455,35.928367783321455,50.928367783321455,38.928367783321455,-0.022275481111903066,True,False,steady_state_low_chaos,20.596924990401064,0.3979539343665017,Regime suitability reflects current fused market state and stock risk profile.
AAK.ST,AAK.ST,Consumer Staples,Sweden,EU ex-DACH,SEK,30.802568161507654,72.97951922669688,41.97198275862069,30.802568161507654,55.93608596419119,72.97951922669688,57.97951922669687,57.97951922669687,76.31788129566239,-0.019197431838492346,True,False,steady_state_low_chaos,20.596924990401064,0.3979539343665017,Regime suitability reflects current fused market state and stock risk profile.
ABB.ST,ABB.ST,Industrials,Sweden,EU ex-DACH,SEK,43.21805182482645,45.2964794550916,68.2656645125035,43.21805182482645,54.77558690487055,30.2964794550916,55.2964794550916,55.2964794550916,76.48094138259934,-0.006781948175173547,False,False,steady_state_low_chaos,20.596924990401064,0.3979539343665017,Regime suitability reflects current fused market state and stock risk profile.
ADDT-B.ST,ADDT-B.ST,Industrials,Sweden,EU ex-DACH,SEK,40.92447959050462,31.796064318015844,63.09326171875,40.92447959050462,50.642188677963574,16.796064318015844,41.796064318015844,41.796064318015844,51.601240099265844,-0.009075520409495382,False,False,steady_state_low_chaos,20.596924990401064,0.3979539343665017,Regime suitability reflects current fused market state and stock risk profile.
ALFA.ST,ALFA.ST,Industrials,Sweden,EU ex-DACH,SEK,43.64711003600412,41.7966059202541,65.38081558295964,43.64711003600412,54.598209462699586,26.796605920254102,51.7966059202541,51.7966059202541,66.6344002027653,-0.006352889963995878,False,False,steady_state_low_chaos,20.596924990401064,0.3979539343665017,Regime suitability reflects current fused market state and stock risk profile.
ALIV-SDB.ST,ALIV-SDB.ST,Consumer Discretionary,Sweden,EU ex-DACH,SEK,52.5506325584193,48.39344387166496,39.27139037433155,52.5506325584193,61.67365279097368,33.39344387166496,58.39344387166496,58.39344387166496,70.79050269519436,0.0025506325584193023,False,False,steady_state_low_chaos,20.596924990401064,0.3979539343665017,Regime suitability reflects current fused market state and stock risk profile.
ASSA-B.ST,ASSA-B.ST,Industrials,Sweden,EU ex-DACH,SEK,55.47583233563998,50.51456423391788,59.05667157181479,55.47583233563998,61.707644775465354,35.51456423391788,60.51456423391788,60.51456423391788,61.43924169191042,0.005475832335639978,False,False,steady_state_low_chaos,20.596924990401064,0.3979539343665017,Regime suitability reflects current fused market state and stock risk profile.
ATCO-A.ST,ATCO-A.ST,Industrials,Sweden,EU ex-DACH,SEK,48.453717850497085,47.62309742294048,67.85547388956944,48.453717850497085,57.54955067540076,32.62309742294048,57.62309742294048,57.62309742294048,77.90513997999325,-0.0015462821495029146,False,False,steady_state_low_chaos,20.596924990401064,0.3979539343665017,Regime suitability reflects current fused market state and stock risk profile.
AXFO.ST,AXFO.ST,Consumer Staples,Sweden,EU ex-DACH,SEK,55.45411043697035,68.04843801194858,35.625,55.45411043697035,56.061281216888865,68.04843801194858,53.048438011948576,53.048438011948576,57.423438011948576,0.005454110436970353,False,False,steady_state_low_chaos,20.596924990401064,0.3979539343665017,Regime suitability reflects current fused market state and stock risk profile.
AZA.ST,AZA.ST,Financials,Sweden,EU ex-DACH,SEK,63.075390436089414,28.564185307928653,60,63.075390436089414,49.16040425481551,38.56418530792865,38.56418530792865,38.56418530792865,41.56418530792865,0.013075390436089414,False,False,steady_state_low_chaos,20.596924990401064,0.3979539343665017,Regime suitability reflects current fused market state and stock risk profile.
AZN.ST,AZN.ST,Healthcare,Sweden,EU ex-DACH,SEK,48.217177044422215,74.10397103659936,38.994155644417106,48.217177044422215,57.52381114883033,74.10397103659936,59.10397103659936,59.10397103659936,70.891113454317,-0.0017828229555777852,False,False,steady_state_low_chaos,20.596924990401064,0.3979539343665017,Regime suitability reflects current fused market state and stock risk profile.
BEIJ-B.ST,BEIJ-B.ST,Industrials,Sweden,EU ex-DACH,SEK,49.910814478483374,30.720253776363492,59.84718957042103,49.910814478483374,50.7816252118446,15.720253776363492,40.72025377636349,40.72025377636349,43.384070831289755,-8.918552151662595e-05,False,False,steady_state_low_chaos,20.596924990401064,0.3979539343665017,Regime suitability reflects current fused market state and stock risk profile.
BOL.ST,BOL.ST,Materials,Sweden,EU ex-DACH,SEK,47.4086192465451,45.11234894611322,66.69961459986398,47.4086192465451,53.85813498381051,55.11234894611322,55.11234894611322,55.11234894611322,72.85150106581396,-0.0025913807534548995,False,False,steady_state_low_chaos,20.596924990401064,0.3979539343665017,Regime suitability reflects current fused market state and stock risk profile.
BRAV.ST,BRAV.ST,Industrials,Sweden,EU ex-DACH,SEK,43.948121796881644,39.34832348440932,64.37977909940527,43.948121796881644,54.559654887123074,24.34832348440932,49.34832348440932,49.34832348440932,61.98383750310091,-0.0060518782031183565,False,False,steady_state_low_chaos,20.596924990401064,0.3979539343665017,Regime suitability reflects current fused market state and stock risk profile.
CAST.ST,CAST.ST,Real Estate,Sweden,EU ex-DACH,SEK,47.72372212231125,28.064546450261012,0,47.72372212231125,41.46879035911125,38.06454645026101,38.06454645026101,38.06454645026101,0,-0.0022762778776887487,False,False,steady_state_low_chaos,20.596924990401064,0.3979539343665017,Regime suitability reflects current fused market state and stock risk profile.
EKTA-B.ST,EKTA-B.ST,Healthcare,Sweden,EU ex-DACH,SEK,45.76167988964826,63.145007850823376,30.254957507082153,45.76167988964826,48.879991764912305,63.145007850823376,48.145007850823376,48.145007850823376,40.705914366404116,-0.004238320110351737,False,False,steady_state_low_chaos,20.596924990401064,0.3979539343665017,Regime suitability reflects current fused market state and stock risk profile.
ERIC-B.ST,ERIC-B.ST,Technology,Sweden,EU ex-DACH,SEK,68.57252567427261,62.5955877817964,46.725315441618264,68.57252567427261,69.59820577047172,47.5955877817964,72.5955877817964,72.5955877817964,99.66596631173832,0.018572525674272613,False,False,steady_state_low_chaos,20.596924990401064,0.3979539343665017,Regime suitability reflects current fused market state and stock risk profile.
EVO.ST,EVO.ST,Consumer Discretionary,Sweden,EU ex-DACH,SEK,74.5767487095334,52.160766948108844,47.57394647737502,74.5767487095334,75.80339035371509,37.160766948108844,62.160766948108844,62.160766948108844,90.24950272095886,0.024576748709533403,False,False,steady_state_low_chaos,20.596924990401064,0.3979539343665017,Regime suitability reflects current fused market state and stock risk profile.
GETI-B.ST,GETI-B.ST,Healthcare,Sweden,EU ex-DACH,SEK,43.01307685534516,67.3496488922008,38.82080924855491,43.01307685534516,54.728680116700005,67.3496488922008,52.34964889220081,52.34964889220081,63.75542923902162,-0.006986923144654838,False,False,steady_state_low_chaos,20.596924990401064,0.3979539343665017,Regime suitability reflects current fused market state and stock risk profile.
HEXA-B.ST,HEXA-B.ST,Technology,Sweden,EU ex-DACH,SEK,51.433696978748195,49.87042380882371,35.253543215613384,51.433696978748195,62.40162707211132,34.87042380882371,59.87042380882371,59.87042380882371,63.42821888317315,0.0014336969787481948,False,False,steady_state_low_chaos,20.596924990401064,0.3979539343665017,Regime suitability reflects current fused market state and stock risk profile.
HM-B.ST,HM-B.ST,Consumer Discretionary,Sweden,EU ex-DACH,SEK,56.38257579275714,54.30695695887178,37.919239904988125,56.38257579275714,59.40128580555323,39.30695695887178,64.30695695887178,64.30695695887178,73.72928474984566,0.006382575792757137,False,False,steady_state_low_chaos,20.596924990401064,0.3979539343665017,Regime suitability reflects current fused market state and stock risk profile.
HOLM-B.ST,HOLM-B.ST,Materials,Sweden,EU ex-DACH,SEK,34.19877292092229,39.33890721719163,65.06190975865687,34.19877292092229,45.96471641905175,49.33890721719163,49.33890721719163,49.33890721719163,63.47510868623675,-0.01580122707907771,True,False,steady_state_low_chaos,20.596924990401064,0.3979539343665017,Regime suitability reflects current fused market state and stock risk profile.
HPOL-B.ST,HPOL-B.ST,Materials,Sweden,EU ex-DACH,SEK,34.87451586845216,38.814780674246144,65.34316588785046,34.87451586845216,44.09846150309742,48.814780674246144,48.814780674246144,48.814780674246144,63.56974562751717,-0.015125484131547844,True,False,steady_state_low_chaos,20.596924990401064,0.3979539343665017,Regime suitability reflects current fused market state and stock risk profile.
HUSQ-B.ST,HUSQ-B.ST,Industrials,Sweden,EU ex-DACH,SEK,46.590344505559145,44.02315829522989,60.57938813877969,46.590344505559145,52.66063239601816,29.02315829522989,54.02315829522989,54.02315829522989,58.297812200545216,-0.003409655494440855,False,False,steady_state_low_chaos,20.596924990401064,0.3979539343665017,Regime suitability reflects current fused market state and stock risk profile.
INDT.ST,INDT.ST,Industrials,Sweden,EU ex-DACH,SEK,42.643446216156875,36.532015321032134,63.51106274936525,42.643446216156875,51.6860607604861,21.532015321032134,46.532015321032134,46.532015321032134,57.25635336963569,-0.007356553783843125,False,False,steady_state_low_chaos,20.596924990401064,0.3979539343665017,Regime suitability reflects current fused market state and stock risk profile.
INDU-C.ST,INDU-C.ST,Financials,Sweden,EU ex-DACH,SEK,48.71418933149939,49.201004293743964,69.52988748685381,48.71418933149939,62.798213362357764,59.201004293743964,59.201004293743964,59.201004293743964,83.16675676482234,-0.0012858106685006091,False,False,steady_state_low_chaos,20.596924990401064,0.3979539343665017,Regime suitability reflects current fused market state and stock risk profile.
INVE-B.ST,INVE-B.ST,Financials,Sweden,EU ex-DACH,SEK,47.78597593774822,48.86239822358976,68.13857975262918,47.78597593774822,58.70142605545037,58.86239822358976,58.86239822358976,58.86239822358976,79.76727367937397,-0.0022140240622517808,False,False,steady_state_low_chaos,20.596924990401064,0.3979539343665017,Regime suitability reflects current fused market state and stock risk profile.
LAGR-B.ST,LAGR-B.ST,Industrials,Sweden,EU ex-DACH,SEK,35.00835667933541,25.661090032864152,60.901531728665205,35.00835667933541,47.611310524079585,10.661090032864152,35.66109003286415,35.66109003286415,40.644459835927606,-0.014991643320664593,False,False,steady_state_low_chaos,20.596924990401064,0.3979539343665017,Regime suitability reflects current fused market state and stock risk profile.
LATO-B.ST,LATO-B.ST,Industrials,Sweden,EU ex-DACH,SEK,32.45060091835926,32.52921825168865,58.42414082145851,32.45060091835926,46.59275396024144,17.529218251688647,42.52921825168865,42.52921825168865,42.062328058897364,-0.017549399081640743,True,False,steady_state_low_chaos,20.596924990401064,0.3979539343665017,Regime suitability reflects current fused market state and stock risk profile.
LOOMIS.ST,LOOMIS.ST,Industrials,Sweden,EU ex-DACH,SEK,53.199697519172354,37.31373560424121,62.56158428594429,53.199697519172354,56.835871003734695,22.31373560424121,47.31373560424121,47.31373560424121,55.94922103331864,0.0031996975191723536,False,False,steady_state_low_chaos,20.596924990401064,0.3979539343665017,Regime suitability reflects current fused market state and stock risk profile.
LUG.ST,LUG.ST,Materials,Sweden,EU ex-DACH,SEK,50.6510540657284,36.822334209457765,72.50335472358587,50.6510540657284,56.051729868348346,46.822334209457765,46.822334209457765,46.822334209457765,74.82635987776081,0.0006510540657284025,False,False,steady_state_low_chaos,20.596924990401064,0.3979539343665017,Regime suitability reflects current fused market state and stock risk profile.
SAGA-B.ST,SAGA-B.ST,Real Estate,Sweden,EU ex-DACH,SEK,45.670419573213174,18.15171502963959,9.351818181818182,45.670419573213174,47.29694371951049,28.15171502963959,28.15171502963959,28.15171502963959,0,-0.004329580426786826,False,False,steady_state_low_chaos,20.596924990401064,0.3979539343665017,Regime suitability reflects current fused market state and stock risk profile.
SAND.ST,SAND.ST,Industrials,Sweden,EU ex-DACH,SEK,50.17429233719963,44.61596344796031,64.3957556539011,50.17429233719963,57.06309405398125,29.61596344796031,54.61596344796031,54.61596344796031,67.28662588654274,0.00017429233719963122,False,False,steady_state_low_chaos,20.596924990401064,0.3979539343665017,Regime suitability reflects current fused market state and stock risk profile.
SCA-B.ST,SCA-B.ST,Materials,Sweden,EU ex-DACH,SEK,26.109353855942615,33.059681988236335,60.207923786481174,26.109353855942615,33.69125714107987,43.059681988236335,43.059681988236335,43.059681988236335,46.51711431849492,-0.023890646144057386,True,False,steady_state_low_chaos,20.596924990401064,0.3979539343665017,Regime suitability reflects current fused market state and stock risk profile.
SEB-A.ST,SEB-A.ST,Financials,Sweden,EU ex-DACH,SEK,65.78576638432688,42.909800548422055,60,65.78576638432688,62.47345538002491,52.909800548422055,52.909800548422055,52.909800548422055,55.909800548422055,0.015785766384326876,False,False,steady_state_low_chaos,20.596924990401064,0.3979539343665017,Regime suitability reflects current fused market state and stock risk profile.
SECU-B.ST,SECU-B.ST,Industrials,Sweden,EU ex-DACH,SEK,59.55920487525927,46.88384814919294,57.98986360587314,59.55920487525927,62.24824660728765,31.883848149192943,56.88384814919294,56.88384814919294,55.46154808211386,0.00955920487525927,False,False,steady_state_low_chaos,20.596924990401064,0.3979539343665017,Regime suitability reflects current fused market state and stock risk profile.
SHB-A.ST,SHB-A.ST,Financials,Sweden,EU ex-DACH,SEK,38.22511415165413,46.222805801227345,60,38.22511415165413,57.108625707011136,56.222805801227345,56.222805801227345,56.222805801227345,59.22280580122734,-0.011774885848345868,False,False,steady_state_low_chaos,20.596924990401064,0.3979539343665017,Regime suitability reflects current fused market state and stock risk profile.
SKA-B.ST,SKA-B.ST,Industrials,Sweden,EU ex-DACH,SEK,38.1670920567804,49.73344372042709,75.8153129395218,38.1670920567804,50.75848226545556,34.73344372042709,59.73344372042709,59.73344372042709,91.71181924785324,-0.011832907943219603,False,False,steady_state_low_chaos,20.596924990401064,0.3979539343665017,Regime suitability reflects current fused market state and stock risk profile.
SKF-B.ST,SKF-B.ST,Industrials,Sweden,EU ex-DACH,SEK,46.60400879319002,49.95050958000616,67.48974981173123,46.60400879319002,58.994450061449214,34.95050958000616,59.95050958000616,59.95050958000616,79.42795916581488,-0.003395991206809981,False,False,steady_state_low_chaos,20.596924990401064,0.3979539343665017,Regime suitability reflects current fused market state and stock risk profile.
SSAB-B.ST,SSAB-B.ST,Materials,Sweden,EU ex-DACH,SEK,23.324219670574152,33.060218001127964,75.24281648765262,23.324219670574152,34.18866126915106,43.060218001127964,43.060218001127964,43.060218001127964,74.3515977863111,-0.026675780329425847,True,False,steady_state_low_chaos,20.596924990401064,0.3979539343665017,Regime suitability reflects current fused market state and stock risk profile.
SWEC-B.ST,SWEC-B.ST,Industrials,Sweden,EU ex-DACH,SEK,49.29739706876122,37.667580021311,64.58528285835814,49.29739706876122,55.307713028343386,22.667580021310997,47.667580021311,47.667580021311,60.755202309698916,-0.0007026029312387791,False,False,steady_state_low_chaos,20.596924990401064,0.3979539343665017,Regime suitability reflects current fused market state and stock risk profile.
SWED-A.ST,SWED-A.ST,Financials,Sweden,EU ex-DACH,SEK,37.289796598308754,41.12289208198105,60,37.289796598308754,52.500877647110215,51.12289208198105,51.12289208198105,51.12289208198105,54.12289208198105,-0.012710203401691246,False,False,steady_state_low_chaos,20.596924990401064,0.3979539343665017,Regime suitability reflects current fused market state and stock risk profile.
TEL2-B.ST,TEL2-B.ST,Communication Services,Sweden,EU ex-DACH,SEK,52.874039904040885,35.2628572086143,33.8468720821662,52.874039904040885,44.942988313157,45.2628572086143,45.2628572086143,45.2628572086143,45.72597578937994,0.002874039904040885,False,False,steady_state_low_chaos,20.596924990401064,0.3979539343665017,Regime suitability reflects current fused market state and stock risk profile.
TELIA.ST,TELIA.ST,Communication Services,Sweden,EU ex-DACH,SEK,49.59350879018892,41.59804994725813,34.107115809881556,49.59350879018892,46.179786395105154,51.59804994725813,51.59804994725813,51.59804994725813,52.633704728997564,-0.00040649120981107957,False,False,steady_state_low_chaos,20.596924990401064,0.3979539343665017,Regime suitability reflects current fused market state and stock risk profile.
THULE.ST,THULE.ST,Consumer Discretionary,Sweden,EU ex-DACH,SEK,27.129603384018132,28.469488558388825,35.11502692119432,27.129603384018132,35.7407970524959,13.469488558388825,38.469488558388825,38.469488558388825,41.72254778501633,-0.022870396615981867,True,False,steady_state_low_chaos,20.596924990401064,0.3979539343665017,Regime suitability reflects current fused market state and stock risk profile.
TREL-B.ST,TREL-B.ST,Industrials,Sweden,EU ex-DACH,SEK,43.00545230800105,41.785077684617384,65.14285714285714,43.00545230800105,56.05788948788049,26.785077684617384,51.785077684617384,51.785077684617384,66.09936339890311,-0.006994547691998953,False,False,steady_state_low_chaos,20.596924990401064,0.3979539343665017,Regime suitability reflects current fused market state and stock risk profile.
VOLV-B.ST,VOLV-B.ST,Industrials,Sweden,EU ex-DACH,SEK,49.67532827931251,36.455200693634715,57.21760494173803,49.67532827931251,51.2870847662745,21.455200693634715,46.455200693634715,46.455200693634715,43.333931565458386,-0.0003246717206874905,False,False,steady_state_low_chaos,20.596924990401064,0.3979539343665017,Regime suitability reflects current fused market state and stock risk profile.
A.US,A.US,Healthcare,United States,US,USD,56.694190568114735,82.49109109977708,40.735694822888284,56.694190568114735,64.12371931917174,82.49109109977708,67.49109109977708,67.49109109977708,83.1096197101313,0.006694190568114735,False,False,steady_state_low_chaos,20.596924990401064,0.3979539343665017,Regime suitability reflects current fused market state and stock risk profile.
AA.US,AA.US,Materials,United States,US,USD,59.946093229221276,50.79869651507301,66.99186991869918,59.946093229221276,59.542461904731674,60.79869651507301,60.79869651507301,60.79869651507301,79.18081033621122,0.009946093229221275,False,False,steady_state_low_chaos,20.596924990401064,0.3979539343665017,Regime suitability reflects current fused market state and stock risk profile.
ABBNY.US,ABBNY.US,Industrials,United States,US,USD,42.80699311135532,43.20569675730115,68.2656645125035,42.80699311135532,53.61492040896891,53.20569675730115,53.20569675730115,53.20569675730115,74.39015868480888,-0.007193006888644682,False,False,steady_state_low_chaos,20.596924990401064,0.3979539343665017,Regime suitability reflects current fused market state and stock risk profile.
ABBV.US,ABBV.US,Healthcare,United States,US,USD,60.42274119378653,64.2771449845329,27.34755232854955,60.42274119378653,48.11382909532087,64.2771449845329,49.2771449845329,49.2771449845329,35.441760107341906,0.010422741193786528,False,False,steady_state_low_chaos,20.596924990401064,0.3979539343665017,Regime suitability reflects current fused market state and stock risk profile.
ABT.US,ABT.US,Healthcare,United States,US,USD,62.22936828965458,89.37144403678447,42.96231884057971,62.22936828965458,65.21905171880273,89.37144403678447,74.37144403678447,74.37144403678447,94.88854548605983,0.01222936828965458,False,False,steady_state_low_chaos,20.596924990401064,0.3979539343665017,Regime suitability reflects current fused market state and stock risk profile.
ACN.US,ACN.US,Technology,United States,US,USD,82.88898634793574,75.31628543231537,46.39113312148568,82.88898634793574,79.4455159548221,85.31628543231537,85.31628543231537,85.31628543231537,100,0.03,False,False,steady_state_low_chaos,20.596924990401064,0.3979539343665017,Regime suitability reflects current fused market state and stock risk profile.
ADI.US,ADI.US,Technology,United States,US,USD,57.66753812891345,51.092838790438634,40.01629058003971,57.66753812891345,57.69565495593972,61.092838790438634,61.092838790438634,61.092838790438634,75.12867806652599,0.007667538128913449,False,False,steady_state_low_chaos,20.596924990401064,0.3979539343665017,Regime suitability reflects current fused market state and stock risk profile.
ADM.US,ADM.US,Consumer Staples,United States,US,USD,74.46333051574642,75.38138680929134,30.65780839895013,74.46333051574642,60.937435530196296,75.38138680929134,60.38138680929135,60.38138680929135,53.828565286981636,0.02446333051574642,False,False,steady_state_low_chaos,20.596924990401064,0.3979539343665017,Regime suitability reflects current fused market state and stock risk profile.
ADP.US,ADP.US,Technology,United States,US,USD,63.37857078875659,62.59935158262594,44.04007308928234,63.37857078875659,66.71624487229028,72.59935158262594,72.59935158262594,72.59935158262594,95.48751237904708,0.01337857078875659,False,False,steady_state_low_chaos,20.596924990401064,0.3979539343665017,Regime suitability reflects current fused market state and stock risk profile.
AEM.US,AEM.US,Materials,United States,US,USD,64.160294837572,59.853830392584,71.52304999015824,64.160294837572,64.37389272692025,69.853830392584,69.853830392584,69.853830392584,96.6814903807739,0.014160294837571996,False,False,steady_state_low_chaos,20.596924990401064,0.3979539343665017,Regime suitability reflects current fused market state and stock risk profile.
AEP.US,AEP.US,Utilities,United States,US,USD,45.28292399780267,63.40746480445838,18.43273081502327,45.28292399780267,44.70194713723414,63.40746480445838,48.40746480445838,48.40746480445838,16.526741782486305,-0.004717076002197331,False,False,steady_state_low_chaos,20.596924990401064,0.3979539343665017,Regime suitability reflects current fused market state and stock risk profile.
AFL.US,AFL.US,Financials,United States,US,USD,62.48896758466043,58.622149619785844,68.15986394557824,62.48896758466043,68.7368054139356,68.62214961978584,68.62214961978584,68.62214961978584,89.57385030005796,0.01248896758466043,False,False,steady_state_low_chaos,20.596924990401064,0.3979539343665017,Regime suitability reflects current fused market state and stock risk profile.
AIG.US,AIG.US,Financials,United States,US,USD,71.85881236629126,62.705490089446315,65.23989913643408,71.85881236629126,69.60427285834524,72.70549008944631,72.70549008944631,72.70549008944631,87.23326818960129,0.02185881236629126,False,False,steady_state_low_chaos,20.596924990401064,0.3979539343665017,Regime suitability reflects current fused market state and stock risk profile.
AJG.US,AJG.US,Financials,United States,US,USD,56.59023773526375,40.17167696405422,53.35765418502203,56.59023773526375,52.88817366748421,50.17167696405422,50.17167696405422,50.17167696405422,38.55851617110268,0.006590237735263749,False,False,steady_state_low_chaos,20.596924990401064,0.3979539343665017,Regime suitability reflects current fused market state and stock risk profile.
ALIZY.US,ALIZY.US,Financials,United States,US,USD,64.85176056235782,45.6241829085572,95,64.85176056235782,63.36116340602888,55.6241829085572,55.6241829085572,55.6241829085572,100,0.014851760562357826,False,False,steady_state_low_chaos,20.596924990401064,0.3979539343665017,Regime suitability reflects current fused market state and stock risk profile.
ALL.US,ALL.US,Financials,United States,US,USD,82.18585864841124,60.33073498145724,67.70485183120726,82.18585864841124,70.8126279088259,70.33073498145724,70.33073498145724,70.33073498145724,90.28140901011322,0.03,False,False,steady_state_low_chaos,20.596924990401064,0.3979539343665017,Regime suitability reflects current fused market state and stock risk profile.
AMGN.US,AMGN.US,Healthcare,United States,US,USD,61.79624842769569,77.07890389111611,31.54426559356137,61.79624842769569,59.35378599018142,77.07890389111611,62.07890389111612,62.07890389111612,57.47628819695113,0.011796248427695687,False,False,steady_state_low_chaos,20.596924990401064,0.3979539343665017,Regime suitability reflects current fused market state and stock risk profile.
AMP.US,AMP.US,Financials,United States,US,USD,79.01084349351144,45.070875380000295,60,79.01084349351144,59.21270824777616,55.070875380000295,55.070875380000295,55.070875380000295,58.0708753800003,0.029010843493511445,False,False,steady_state_low_chaos,20.596924990401064,0.3979539343665017,Regime suitability reflects current fused market state and stock risk profile.
AMT.US,AMT.US,Real Estate,United States,US,USD,63.975049921750355,44.145196538140596,11.262412337863836,63.975049921750355,55.074426404901246,54.145196538140596,54.145196538140596,54.145196538140596,13.6600913435772,0.013975049921750355,False,False,steady_state_low_chaos,20.596924990401064,0.3979539343665017,Regime suitability reflects current fused market state and stock risk profile.
APD.US,APD.US,Materials,United States,US,USD,40.88899949044962,33.68560548065412,20,40.88899949044962,40.501515003557145,43.68560548065412,43.68560548065412,43.68560548065412,0,-0.009111000509550379,False,False,steady_state_low_chaos,20.596924990401064,0.3979539343665017,Regime suitability reflects current fused market state and stock risk profile.
APO.US,APO.US,Financials,United States,US,USD,71.04730231115497,50.701234671902256,95,71.04730231115497,54.50820083748776,60.701234671902256,60.701234671902256,60.701234671902256,100,0.021047302311154967,False,False,steady_state_low_chaos,20.596924990401064,0.3979539343665017,Regime suitability reflects current fused market state and stock risk profile.
ARES.US,ARES.US,Financials,United States,US,USD,68.82506424407494,27.26024087895182,42.19962811784277,68.82506424407494,47.5972039842823,37.26024087895182,37.26024087895182,37.26024087895182,3.8997946203631386,0.018825064244074936,False,False,steady_state_low_chaos,20.596924990401064,0.3979539343665017,Regime suitability reflects current fused market state and stock risk profile.
ASX.US,ASX.US,Technology,United States,US,USD,48.85067712045617,40.53991446899501,35,48.85067712045617,50.296952957947255,50.53991446899501,50.53991446899501,50.53991446899501,53.53991446899501,-0.0011493228795438314,False,False,steady_state_low_chaos,20.596924990401064,0.3979539343665017,Regime suitability reflects current fused market state and stock risk profile.
AU.US,AU.US,Materials,United States,US,USD,70.14434233408372,53.07530409058113,70.53997923156801,70.14434233408372,63.58334380032111,63.07530409058113,63.07530409058113,63.07530409058113,88.72327916846275,0.020144342334083718,False,False,steady_state_low_chaos,20.596924990401064,0.3979539343665017,Regime suitability reflects current fused market state and stock risk profile.
AXP.US,AXP.US,Financials,United States,US,USD,73.7439473950784,48.82331646232308,60,73.7439473950784,60.814266245261805,58.82331646232308,58.82331646232308,58.82331646232308,61.82331646232308,0.023743947395078395,False,False,steady_state_low_chaos,20.596924990401064,0.3979539343665017,Regime suitability reflects current fused market state and stock risk profile.
AZN.US,AZN.US,Healthcare,United States,US,USD,57.092614259309045,80.38247547224044,38.994155644417106,57.092614259309045,60.0901283616104,80.38247547224044,65.38247547224044,65.38247547224044,77.16961788995808,0.007092614259309044,False,False,steady_state_low_chaos,20.596924990401064,0.3979539343665017,Regime suitability reflects current fused market state and stock risk profile.
B.US,B.US,Materials,United States,US,USD,62.48002695959315,61.863597303894295,70.67530942271208,62.48002695959315,61.01416499700977,71.8635973038943,71.8635973038943,71.8635973038943,97.6739686111488,0.012480026959593146,False,False,steady_state_low_chaos,20.596924990401064,0.3979539343665017,Regime suitability reflects current fused market state and stock risk profile.
BAC.US,BAC.US,Financials,United States,US,USD,61.16575843046446,49.265125281509846,60,61.16575843046446,59.0941420594455,59.265125281509846,59.265125281509846,59.265125281509846,62.26512528150985,0.011165758430464457,False,False,steady_state_low_chaos,20.596924990401064,0.3979539343665017,Regime suitability reflects current fused market state and stock risk profile.
BBVA.US,BBVA.US,Financials,United States,US,USD,68.45409290630661,38.10563707746064,60,68.45409290630661,60.77383515769181,48.10563707746064,48.10563707746064,48.10563707746064,51.10563707746064,0.01845409290630661,False,False,steady_state_low_chaos,20.596924990401064,0.3979539343665017,Regime suitability reflects current fused market state and stock risk profile.
BCS.US,BCS.US,Financials,United States,US,USD,80.46386113035547,46.0883805956057,60,80.46386113035547,65.42066660209679,56.0883805956057,56.0883805956057,56.0883805956057,59.0883805956057,0.03,False,False,steady_state_low_chaos,20.596924990401064,0.3979539343665017,Regime suitability reflects current fused market state and stock risk profile.
BDX.US,BDX.US,Healthcare,United States,US,USD,64.2350757162716,77.54059411401212,26.2953995157385,64.2350757162716,58.30795715364053,77.54059411401212,62.54059411401212,62.54059411401212,46.390473048636814,0.014235075716271596,False,False,steady_state_low_chaos,20.596924990401064,0.3979539343665017,Regime suitability reflects current fused market state and stock risk profile.
BHP.US,BHP.US,Materials,United States,US,USD,51.15929225144376,45.41171439742914,67.58334303566578,51.15929225144376,47.74284992998816,55.41171439742914,55.41171439742914,55.41171439742914,75.09506907589385,0.001159292251443759,False,False,steady_state_low_chaos,20.596924990401064,0.3979539343665017,Regime suitability reflects current fused market state and stock risk profile.
BKR.US,BKR.US,Energy,United States,US,USD,63.13186292083485,60.07434972730934,67.23349661768137,63.13186292083485,66.15122053466341,70.07434972730934,70.07434972730934,70.07434972730934,88.98804228620834,0.013131862920834849,False,False,steady_state_low_chaos,20.596924990401064,0.3979539343665017,Regime suitability reflects current fused market state and stock risk profile.
BLK.US,BLK.US,Financials,United States,US,USD,54.23651463887231,58.211828210098275,68.1151832460733,54.23651463887231,59.609924754434076,68.21182821009828,68.21182821009828,68.21182821009828,89.06523135145953,0.004236514638872308,False,False,steady_state_low_chaos,20.596924990401064,0.3979539343665017,Regime suitability reflects current fused market state and stock risk profile.
BMO.US,BMO.US,Financials,United States,US,USD,43.80434782608695,43.854240912330724,60,43.80434782608695,52.1198325017819,53.854240912330724,53.854240912330724,53.854240912330724,56.854240912330724,-0.006195652173913047,False,False,steady_state_low_chaos,20.596924990401064,0.3979539343665017,Regime suitability reflects current fused market state and stock risk profile.
BMY.US,BMY.US,Healthcare,United States,US,USD,78.82100131699276,89.61394622411866,32.875902823374915,78.82100131699276,70.66579216541655,89.61394622411866,74.61394622411866,74.61394622411866,72.94093243554349,0.028821001316992764,False,False,steady_state_low_chaos,20.596924990401064,0.3979539343665017,Regime suitability reflects current fused market state and stock risk profile.
BNS.US,BNS.US,Financials,United States,US,USD,45.94262295081967,50.53635067712046,60,45.94262295081967,55.79499287241626,60.53635067712046,60.53635067712046,60.53635067712046,63.53635067712045,-0.004057377049180332,False,False,steady_state_low_chaos,20.596924990401064,0.3979539343665017,Regime suitability reflects current fused market state and stock risk profile.
BNY.US,BNY.US,Financials,United States,US,USD,67.26727745690047,50.25556983608154,60,67.26727745690047,62.255614061334754,60.25556983608154,60.25556983608154,60.25556983608154,63.25556983608155,0.017267277456900473,False,False,steady_state_low_chaos,20.596924990401064,0.3979539343665017,Regime suitability reflects current fused market state and stock risk profile.
BP.US,BP.US,Energy,United States,US,USD,77.62596028481323,60.38482739417091,64.14044175136826,77.62596028481323,69.52959626589153,70.38482739417091,70.38482739417091,70.38482739417091,82.49379924718107,0.02762596028481323,False,False,steady_state_low_chaos,20.596924990401064,0.3979539343665017,Regime suitability reflects current fused market state and stock risk profile.
BTI.US,BTI.US,Consumer Staples,United States,US,USD,63.7720635180755,80.44317939337414,33.767074558907225,63.7720635180755,61.847515700541635,80.44317939337414,65.44317939337414,65.44317939337414,65.73074342297004,0.013772063518075498,False,False,steady_state_low_chaos,20.596924990401064,0.3979539343665017,Regime suitability reflects current fused market state and stock risk profile.
BUD.US,BUD.US,Consumer Staples,United States,US,USD,67.41435939976057,83.27611555376156,30.248752638649012,67.41435939976057,68.32684737910574,83.27611555376156,68.27611555376156,68.27611555376156,60.82337135878938,0.01741435939976057,False,False,steady_state_low_chaos,20.596924990401064,0.3979539343665017,Regime suitability reflects current fused market state and stock risk profile.
BX.US,BX.US,Financials,United States,US,USD,51.43900175989343,40.110436548788556,60,51.43900175989343,44.412412561071505,50.110436548788556,50.110436548788556,50.110436548788556,53.110436548788556,0.0014390017598934293,False,False,steady_state_low_chaos,20.596924990401064,0.3979539343665017,Regime suitability reflects current fused market state and stock risk profile.
C.US,C.US,Financials,United States,US,USD,44.65110670948363,46.548978064049244,60,44.65110670948363,49.9207470606369,56.548978064049244,56.548978064049244,56.548978064049244,59.54897806404924,-0.005348893290516372,False,False,steady_state_low_chaos,20.596924990401064,0.3979539343665017,Regime suitability reflects current fused market state and stock risk profile.
CB.US,CB.US,Financials,United States,US,USD,75.94453230973902,59.74934714077702,64.97581143638651,75.94453230973902,65.79484731935025,69.74934714077702,69.74934714077702,69.74934714077702,83.69613230082733,0.02594453230973902,False,False,steady_state_low_chaos,20.596924990401064,0.3979539343665017,Regime suitability reflects current fused market state and stock risk profile.
CBOE.US,CBOE.US,Financials,United States,US,USD,67.37792913916195,58.81490407404756,71.79693332567622,67.37792913916195,66.26242300594335,68.81490407404756,68.81490407404756,68.81490407404756,95.97122406485903,0.01737792913916195,False,False,steady_state_low_chaos,20.596924990401064,0.3979539343665017,Regime suitability reflects current fused market state and stock risk profile.
CCEP.US,CCEP.US,Consumer Staples,United States,US,USD,62.57267938475485,71.59074990387826,32.02071163037706,62.57267938475485,60.41726786830192,71.59074990387826,56.59074990387826,56.59074990387826,53.03631549070778,0.01257267938475485,False,False,steady_state_low_chaos,20.596924990401064,0.3979539343665017,Regime suitability reflects current fused market state and stock risk profile.
CCI.US,CCI.US,Real Estate,United States,US,USD,65.58049297398601,42.957657897618574,0,65.58049297398601,48.24237061392965,52.957657897618574,52.957657897618574,52.957657897618574,0,0.015580492973986011,False,False,steady_state_low_chaos,20.596924990401064,0.3979539343665017,Regime suitability reflects current fused market state and stock risk profile.
CCL.US,CCL.US,Consumer Discretionary,United States,US,USD,67.22915181753385,45.75927408380227,26.142381710316887,67.22915181753385,53.16760074609125,55.75927408380227,55.75927408380227,55.75927408380227,39.272513846499415,0.017229151817533848,False,False,steady_state_low_chaos,20.596924990401064,0.3979539343665017,Regime suitability reflects current fused market state and stock risk profile.
CI.US,CI.US,Healthcare,United States,US,USD,80.31441241475777,83.36682492887384,35.464309595453024,80.31441241475777,69.22328772586344,83.36682492887384,68.36682492887384,68.36682492887384,72.3883060388705,0.03,False,False,steady_state_low_chaos,20.596924990401064,0.3979539343665017,Regime suitability reflects current fused market state and stock risk profile.
CL.US,CL.US,Consumer Staples,United States,US,USD,61.71733143770125,86.69644056879868,35.8164812942366,61.71733143770125,62.10891483741453,86.69644056879868,71.69644056879868,71.69644056879868,76.4926994161192,0.011717331437701248,False,False,steady_state_low_chaos,20.596924990401064,0.3979539343665017,Regime suitability reflects current fused market state and stock risk profile.
CM.US,CM.US,Financials,United States,US,USD,44.018175338560226,42.55345687811832,60,44.018175338560226,51.40440128296508,52.55345687811832,52.55345687811832,52.55345687811832,55.55345687811831,-0.005981824661439774,False,False,steady_state_low_chaos,20.596924990401064,0.3979539343665017,Regime suitability reflects current fused market state and stock risk profile.
CMCSA.US,CMCSA.US,Communication Services,United States,US,USD,87.38554277434783,70.7259908309309,35.35743543310481,87.38554277434783,78.34922353981315,80.7259908309309,80.7259908309309,80.7259908309309,84.51234878376148,0.03,False,False,steady_state_low_chaos,20.596924990401064,0.3979539343665017,Regime suitability reflects current fused market state and stock risk profile.
CME.US,CME.US,Financials,United States,US,USD,62.50169220542929,61.998714063851594,70.85229999314458,62.50169220542929,63.12784048768489,71.9987140638516,71.9987140638516,71.9987140638516,98.02147405562509,0.012501692205429293,False,False,steady_state_low_chaos,20.596924990401064,0.3979539343665017,Regime suitability reflects current fused market state and stock risk profile.
CMI.US,CMI.US,Industrials,United States,US,USD,58.441357956676924,51.61803721068268,65.11858439874004,58.441357956676924,60.028707444692245,61.61803721068268,61.61803721068268,61.61803721068268,75.87892288791076,0.008441357956676925,False,False,steady_state_low_chaos,20.596924990401064,0.3979539343665017,Regime suitability reflects current fused market state and stock risk profile.
CNI.US,CNI.US,Industrials,United States,US,USD,45.1728439059159,51.6767640769779,60,45.1728439059159,56.42222024233785,61.6767640769779,61.6767640769779,61.6767640769779,64.6767640769779,-0.0048271560940841025,False,False,steady_state_low_chaos,20.596924990401064,0.3979539343665017,Regime suitability reflects current fused market state and stock risk profile.
CNQ.US,CNQ.US,Energy,United States,US,USD,48.35887384176765,41.68032786885246,60,48.35887384176765,50.924180327868854,51.68032786885246,51.68032786885246,51.68032786885246,54.68032786885246,-0.0016411261582323533,False,False,steady_state_low_chaos,20.596924990401064,0.3979539343665017,Regime suitability reflects current fused market state and stock risk profile.
COF.US,COF.US,Financials,United States,US,USD,81.93662068811578,50.28921638602304,60,81.93662068811578,60.37816171456683,60.28921638602304,60.28921638602304,60.28921638602304,63.28921638602304,0.03,False,False,steady_state_low_chaos,20.596924990401064,0.3979539343665017,Regime suitability reflects current fused market state and stock risk profile.
COP.US,COP.US,Energy,United States,US,USD,60.91918791496228,50.70184684588544,66.6861556511537,60.91918791496228,51.97491565345905,60.70184684588544,60.70184684588544,60.70184684588544,78.41138927842357,0.01091918791496228,False,False,steady_state_low_chaos,20.596924990401064,0.3979539343665017,Regime suitability reflects current fused market state and stock risk profile.
CRH.US,CRH.US,Materials,United States,US,USD,61.723075840893614,48.301497157535586,59.95689100501866,61.723075840893614,56.714767397846444,58.301497157535586,58.301497157535586,58.301497157535586,61.20665736857663,0.011723075840893615,False,False,steady_state_low_chaos,20.596924990401064,0.3979539343665017,Regime suitability reflects current fused market state and stock risk profile.
CSCO.US,CSCO.US,Technology,United States,US,USD,58.14522548369359,52.498231041609635,38.63164344685242,58.14522548369359,57.14001446547251,62.498231041609635,62.498231041609635,62.498231041609635,73.48784662468498,0.008145225483693586,False,False,steady_state_low_chaos,20.596924990401064,0.3979539343665017,Regime suitability reflects current fused market state and stock risk profile.
CSX.US,CSX.US,Industrials,United States,US,USD,52.470887029730406,39.46853539193492,55.156523120928014,52.470887029730406,48.19027164959902,49.46853539193492,49.46853539193492,49.46853539193492,41.81288625797656,0.002470887029730406,False,False,steady_state_low_chaos,20.596924990401064,0.3979539343665017,Regime suitability reflects current fused market state and stock risk profile.
CTAS.US,CTAS.US,Industrials,United States,US,USD,57.42722928263184,51.69348311385856,66.13223543870711,57.42722928263184,61.460549624829966,61.69348311385856,61.69348311385856,61.69348311385856,78.1844010790142,0.007427229282631842,False,False,steady_state_low_chaos,20.596924990401064,0.3979539343665017,Regime suitability reflects current fused market state and stock risk profile.
CTSH.US,CTSH.US,Technology,United States,US,USD,79.21170711665815,76.68874100634935,45.93703885882932,79.21170711665815,78.14833466499225,86.68874100634935,86.68874100634935,86.68874100634935,100,0.02921170711665815,False,False,steady_state_low_chaos,20.596924990401064,0.3979539343665017,Regime suitability reflects current fused market state and stock risk profile.
CVE.US,CVE.US,Energy,United States,US,USD,45.750178189593726,40.07662152530292,60,45.750178189593726,50.042141838916606,50.07662152530292,50.07662152530292,50.07662152530292,53.076621525302926,-0.004249821810406274,False,False,steady_state_low_chaos,20.596924990401064,0.3979539343665017,Regime suitability reflects current fused market state and stock risk profile.
CVS.US,CVS.US,Healthcare,United States,US,USD,69.3921702280188,71.48468324504142,9.835209410810265,69.3921702280188,56.65917668785734,71.48468324504142,56.484683245041424,56.484683245041424,14.286934538013739,0.0193921702280188,False,False,steady_state_low_chaos,20.596924990401064,0.3979539343665017,Regime suitability reflects current fused market state and stock risk profile.
CVX.US,CVX.US,Energy,United States,US,USD,64.92370778957698,60.4258497101477,65.83926889924427,64.92370778957698,63.77766080448396,70.4258497101477,70.4258497101477,70.4258497101477,86.2722412884851,0.01492370778957698,False,False,steady_state_low_chaos,20.596924990401064,0.3979539343665017,Regime suitability reflects current fused market state and stock risk profile.
D.US,D.US,Utilities,United States,US,USD,39.80996943223392,66.50615370808686,15.728026932788268,39.80996943223392,43.38800005933554,66.50615370808686,51.506153708086856,51.506153708086856,16.379786027432772,-0.01019003056776608,False,False,steady_state_low_chaos,20.596924990401064,0.3979539343665017,Regime suitability reflects current fused market state and stock risk profile.
DB.US,DB.US,Financials,United States,US,USD,79.32424991915595,44.424153668962326,60,79.32424991915595,63.85114458606717,54.424153668962326,54.424153668962326,54.424153668962326,57.42415366896233,0.029324249919155946,False,False,steady_state_low_chaos,20.596924990401064,0.3979539343665017,Regime suitability reflects current fused market state and stock risk profile.
DE.US,DE.US,Industrials,United States,US,USD,57.37612933442134,31.684490725675744,45.9891901166781,57.37612933442134,49.38185989054191,41.684490725675744,41.684490725675744,41.684490725675744,13.860708982367584,0.0073761293344213425,False,False,steady_state_low_chaos,20.596924990401064,0.3979539343665017,Regime suitability reflects current fused market state and stock risk profile.
DHI.US,DHI.US,Consumer Discretionary,United States,US,USD,73.70267448793447,53.87090711532161,41.63495746326373,73.70267448793447,65.6084481303242,63.87090711532161,63.87090711532161,63.87090711532161,81.4678135345018,0.023702674487934474,False,False,steady_state_low_chaos,20.596924990401064,0.3979539343665017,Regime suitability reflects current fused market state and stock risk profile.
DIS.US,DIS.US,Communication Services,United States,US,USD,66.6619265883493,63.90179443130501,34.76490256517423,66.6619265883493,64.34114496909706,73.901794431305,73.901794431305,73.901794431305,76.38458007468833,0.016661926588349304,False,False,steady_state_low_chaos,20.596924990401064,0.3979539343665017,Regime suitability reflects current fused market state and stock risk profile.
DLR.US,DLR.US,Real Estate,United States,US,USD,51.287138468501226,37.953980619289986,22.970855035689933,51.287138468501226,41.97724482801048,47.953980619289986,47.953980619289986,47.953980619289986,24.489861697807832,0.0012871384685012258,False,False,steady_state_low_chaos,20.596924990401064,0.3979539343665017,Regime suitability reflects current fused market state and stock risk profile.
DTEGY.US,DTEGY.US,Communication Services,United States,US,USD,63.5365757096843,41.33829462209114,31.687640044814344,63.5365757096843,56.243020751668894,51.33829462209114,51.33829462209114,51.33829462209114,47.05110272068269,0.0135365757096843,False,False,steady_state_low_chaos,20.596924990401064,0.3979539343665017,Regime suitability reflects current fused market state and stock risk profile.
DUK.US,DUK.US,Utilities,United States,US,USD,44.222454157499904,64.3504241843867,18.424046920821112,44.222454157499904,45.250047082774195,64.3504241843867,49.3504241843867,49.3504241843867,17.45928048937204,-0.005777545842500096,False,False,steady_state_low_chaos,20.596924990401064,0.3979539343665017,Regime suitability reflects current fused market state and stock risk profile.
DVN.US,DVN.US,Energy,United States,US,USD,64.38130483714882,53.32274428657708,65.26858957396136,64.38130483714882,56.61222946541478,63.32274428657708,63.32274428657708,63.32274428657708,77.91364134929208,0.014381304837148818,False,False,steady_state_low_chaos,20.596924990401064,0.3979539343665017,Regime suitability reflects current fused market state and stock risk profile.
EADSY.US,EADSY.US,Industrials,United States,US,USD,43.43116481255637,45.20004288362518,73.55603238076661,43.43116481255637,57.71368595114498,55.20004288362518,55.20004288362518,55.20004288362518,84.4672817405451,-0.006568835187443632,False,False,steady_state_low_chaos,20.596924990401064,0.3979539343665017,Regime suitability reflects current fused market state and stock risk profile.
EBAY.US,EBAY.US,Consumer Discretionary,United States,US,USD,59.68893378247135,53.01852111005746,37.80236486486486,59.68893378247135,62.998662007259625,63.01852111005746,63.01852111005746,63.01852111005746,72.18372381276018,0.009688933782471352,False,False,steady_state_low_chaos,20.596924990401064,0.3979539343665017,Regime suitability reflects current fused market state and stock risk profile.
ECL.US,ECL.US,Materials,United States,US,USD,55.062984629916585,53.945377599419686,59.09894269677588,55.062984629916585,59.7509888294575,63.945377599419686,63.945377599419686,63.945377599419686,64.96305153232662,0.005062984629916585,False,False,steady_state_low_chaos,20.596924990401064,0.3979539343665017,Regime suitability reflects current fused market state and stock risk profile.
ED.US,ED.US,Utilities,United States,US,USD,43.95886302112703,66.51902139828388,23.258006828158024,43.95886302112703,46.6949529988465,66.51902139828388,51.51902139828389,51.51902139828389,28.68663642023154,-0.00604113697887297,False,False,steady_state_low_chaos,20.596924990401064,0.3979539343665017,Regime suitability reflects current fused market state and stock risk profile.
ELV.US,ELV.US,Healthcare,United States,US,USD,63.95982424530918,75.1080894591571,31.45182562850401,63.95982424530918,62.45825795373476,75.1080894591571,60.10808945915709,60.10808945915709,55.30210584186591,0.013959824245309178,False,False,steady_state_low_chaos,20.596924990401064,0.3979539343665017,Regime suitability reflects current fused market state and stock risk profile.
EMR.US,EMR.US,Industrials,United States,US,USD,55.48905321294867,46.7992920015471,57.37859061789626,55.48905321294867,54.16907551480091,56.7992920015471,56.7992920015471,56.7992920015471,54.03219136091887,0.005489053212948669,False,False,steady_state_low_chaos,20.596924990401064,0.3979539343665017,Regime suitability reflects current fused market state and stock risk profile.
ENB.US,ENB.US,Energy,United States,US,USD,45.57911617961511,51.658945117605136,60,45.57911617961511,56.41241981468283,61.658945117605136,61.658945117605136,61.658945117605136,64.65894511760513,-0.004420883820384887,False,False,steady_state_low_chaos,20.596924990401064,0.3979539343665017,Regime suitability reflects current fused market state and stock risk profile.
EOG.US,EOG.US,Energy,United States,US,USD,60.312175491992335,55.58479185341298,67.73376740821125,60.312175491992335,57.073757496506474,65.58479185341298,65.58479185341298,65.58479185341298,85.59908015147774,0.010312175491992336,False,False,steady_state_low_chaos,20.596924990401064,0.3979539343665017,Regime suitability reflects current fused market state and stock risk profile.
EPD.US,EPD.US,Energy,United States,US,USD,50.77370214394202,40.288697887384856,52.4491173416407,50.77370214394202,50.75719916965274,50.288697887384856,50.288697887384856,50.288697887384856,36.676756038994405,0.0007737021439420175,False,False,steady_state_low_chaos,20.596924990401064,0.3979539343665017,Regime suitability reflects current fused market state and stock risk profile.
EQIX.US,EQIX.US,Real Estate,United States,US,USD,42.46216232473144,32.5433072969696,21.22653011460619,42.46216232473144,36.699880379221064,42.5433072969696,42.5433072969696,42.5433072969696,15.241673549103226,-0.007537837675268563,False,False,steady_state_low_chaos,20.596924990401064,0.3979539343665017,Regime suitability reflects current fused market state and stock risk profile.
EQNR.US,EQNR.US,Energy,United States,US,USD,61.27182005121985,49.201530940399145,68.45193134165082,61.27182005121985,57.04198159432503,59.201530940399145,59.201530940399145,59.201530940399145,80.79577989203096,0.011271820051219848,False,False,steady_state_low_chaos,20.596924990401064,0.3979539343665017,Regime suitability reflects current fused market state and stock risk profile.
EQT.US,EQT.US,Energy,United States,US,USD,76.08874680376574,57.880528615594955,63.56146143013353,76.08874680376574,69.0487399689153,67.88052861559495,67.88052861559495,67.88052861559495,78.71574376188872,0.026088746803765744,False,False,steady_state_low_chaos,20.596924990401064,0.3979539343665017,Regime suitability reflects current fused market state and stock risk profile.
ET.US,ET.US,Energy,United States,US,USD,59.32736771512476,33.409886652368485,47.38234520836072,59.32736771512476,47.56107783178713,43.409886652368485,43.409886652368485,43.409886652368485,18.651046110762067,0.009327367715124758,False,False,steady_state_low_chaos,20.596924990401064,0.3979539343665017,Regime suitability reflects current fused market state and stock risk profile.
ETR.US,ETR.US,Utilities,United States,US,USD,38.683195623770544,55.17174243279548,21.398947676584264,38.683195623770544,36.14065639743582,55.17174243279548,40.17174243279548,40.17174243279548,13.249427321280866,-0.011316804376229455,False,False,steady_state_low_chaos,20.596924990401064,0.3979539343665017,Regime suitability reflects current fused market state and stock risk profile.
EXC.US,EXC.US,Utilities,United States,US,USD,42.79387008827504,62.03940522036956,17.70147935526606,42.79387008827504,44.40575265988557,62.03940522036956,47.03940522036956,47.03940522036956,14.281180446688836,-0.007206129911724957,False,False,steady_state_low_chaos,20.596924990401064,0.3979539343665017,Regime suitability reflects current fused market state and stock risk profile.
F.US,F.US,Consumer Discretionary,United States,US,USD,80.11786936946169,40.20637955674307,0,80.11786936946169,52.00851298471828,50.20637955674307,50.20637955674307,50.20637955674307,0,0.03,False,False,steady_state_low_chaos,20.596924990401064,0.3979539343665017,Regime suitability reflects current fused market state and stock risk profile.
FANG.US,FANG.US,Energy,United States,US,USD,41.59423614851194,38.26067473538722,59.70670196460917,41.59423614851194,41.20281717383068,48.26067473538722,48.26067473538722,48.26067473538722,50.61541905752739,-0.00840576385148806,False,False,steady_state_low_chaos,20.596924990401064,0.3979539343665017,Regime suitability reflects current fused market state and stock risk profile.
FAST.US,FAST.US,Industrials,United States,US,USD,46.44423908263442,49.98637496748625,69.55145620517278,46.44423908263442,49.209429854602405,59.98637496748625,59.98637496748625,59.98637496748625,83.99957861886638,-0.0035557609173655818,False,False,steady_state_low_chaos,20.596924990401064,0.3979539343665017,Regime suitability reflects current fused market state and stock risk profile.
FDX.US,FDX.US,Industrials,United States,US,USD,71.66703607540813,50.8881838010702,56.690621631333094,71.66703607540813,61.327790829329935,60.8881838010702,60.8881838010702,60.8881838010702,56.607551390002996,0.021667036075408135,False,False,steady_state_low_chaos,20.596924990401064,0.3979539343665017,Regime suitability reflects current fused market state and stock risk profile.
FERG.US,FERG.US,Industrials,United States,US,USD,44.23050305670341,40.79594531542352,60,44.23050305670341,42.463130079983706,50.79594531542352,50.79594531542352,50.79594531542352,53.79594531542352,-0.005769496943296587,False,False,steady_state_low_chaos,20.596924990401064,0.3979539343665017,Regime suitability reflects current fused market state and stock risk profile.
FITB.US,FITB.US,Financials,United States,US,USD,72.2719900827976,48.00611041959325,60,72.2719900827976,61.62013282888091,58.00611041959325,58.00611041959325,58.00611041959325,61.006110419593256,0.0222719900827976,False,False,steady_state_low_chaos,20.596924990401064,0.3979539343665017,Regime suitability reflects current fused market state and stock risk profile.
GD.US,GD.US,Industrials,United States,US,USD,61.026066117255404,58.48829856517307,64.2012754705242,61.026066117255404,64.3538444127171,68.48829856517307,68.48829856517307,68.48829856517307,80.73110460032629,0.011026066117255404,False,False,steady_state_low_chaos,20.596924990401064,0.3979539343665017,Regime suitability reflects current fused market state and stock risk profile.
GILD.US,GILD.US,Healthcare,United States,US,USD,70.2304116478995,88.73480744278405,38.60382916053019,70.2304116478995,68.29667620614981,88.73480744278405,73.73480744278405,73.73480744278405,84.66323159595048,0.0202304116478995,False,False,steady_state_low_chaos,20.596924990401064,0.3979539343665017,Regime suitability reflects current fused market state and stock risk profile.
GRMN.US,GRMN.US,Technology,United States,US,USD,50.4225099929762,50.86079906330598,50.11859543256483,50.4225099929762,55.58880794844832,60.86079906330598,60.86079906330598,60.86079906330598,92.00311358238379,0.0004225099929762024,False,False,steady_state_low_chaos,20.596924990401064,0.3979539343665017,Regime suitability reflects current fused market state and stock risk profile.
GS.US,GS.US,Financials,United States,US,USD,48.523259705477486,45.20371314875517,60,48.523259705477486,53.01382924953902,55.20371314875517,55.20371314875517,55.20371314875517,58.20371314875517,-0.0014767402945225143,False,False,steady_state_low_chaos,20.596924990401064,0.3979539343665017,Regime suitability reflects current fused market state and stock risk profile.
GSK.US,GSK.US,Healthcare,United States,US,USD,58.80943222447345,81.71084185132283,37.99653912709094,58.80943222447345,56.956893239022406,81.71084185132283,66.71084185132283,66.71084185132283,76.3032279309229,0.008809432224473447,False,False,steady_state_low_chaos,20.596924990401064,0.3979539343665017,Regime suitability reflects current fused market state and stock risk profile.
HBAN.US,HBAN.US,Financials,United States,US,USD,68.83736667155394,52.69311956022308,60,68.83736667155394,62.595402598740925,62.69311956022308,62.69311956022308,62.69311956022308,65.69311956022308,0.01883736667155394,False,False,steady_state_low_chaos,20.596924990401064,0.3979539343665017,Regime suitability reflects current fused market state and stock risk profile.
HD.US,HD.US,Consumer Discretionary,United States,US,USD,62.212830001667946,53.09597559949451,32.276506862940124,62.212830001667946,60.201351331891935,63.09597559949451,63.09597559949451,63.09597559949451,60.10429069796278,0.012212830001667946,False,False,steady_state_low_chaos,20.596924990401064,0.3979539343665017,Regime suitability reflects current fused market state and stock risk profile.
HDB.US,HDB.US,Financials,United States,US,USD,45.70741268709908,55.133642195295806,60,45.70741268709908,58.3235032074127,65.1336421952958,65.1336421952958,65.1336421952958,68.1336421952958,-0.00429258731290092,False,False,steady_state_low_chaos,20.596924990401064,0.3979539343665017,Regime suitability reflects current fused market state and stock risk profile.
HESAY.US,HESAY.US,Consumer Discretionary,United States,US,USD,42.006333928766736,46.62859510338038,51.377643115007736,42.006333928766736,60.30100462266591,56.62859510338038,56.62859510338038,56.62859510338038,89.28176684138967,-0.007993666071233264,False,False,steady_state_low_chaos,20.596924990401064,0.3979539343665017,Regime suitability reflects current fused market state and stock risk profile.
HIG.US,HIG.US,Financials,United States,US,USD,77.59616236052904,54.99918316411825,66.20658781139335,77.59616236052904,66.3688096880708,64.99918316411825,64.99918316411825,64.99918316411825,81.65367634918361,0.027596162360529034,False,False,steady_state_low_chaos,20.596924990401064,0.3979539343665017,Regime suitability reflects current fused market state and stock risk profile.
HON.US,HON.US,Industrials,United States,US,USD,71.37284796036126,53.16839845082975,56.21284113060429,71.37284796036126,59.68813907418401,63.16839845082975,63.16839845082975,63.16839845082975,57.83664893815917,0.021372847960361256,False,False,steady_state_low_chaos,20.596924990401064,0.3979539343665017,Regime suitability reflects current fused market state and stock risk profile.
HPE.US,HPE.US,Technology,United States,US,USD,49.99305837157805,32.02357952411094,24.109792284866465,49.99305837157805,40.96933245457464,42.02357952411094,42.02357952411094,42.02357952411094,21.06512255081717,-6.9416284219485645e-06,False,False,steady_state_low_chaos,20.596924990401064,0.3979539343665017,Regime suitability reflects current fused market state and stock risk profile.
HPQ.US,HPQ.US,Technology,United States,US,USD,81.70976529848818,57.63244907648934,36.311911089635174,81.70976529848818,70.55842192578368,67.63244907648934,67.63244907648934,67.63244907648934,73.51865347368673,0.03,False,False,steady_state_low_chaos,20.596924990401064,0.3979539343665017,Regime suitability reflects current fused market state and stock risk profile.
HSBC.US,HSBC.US,Financials,United States,US,USD,66.13768849856305,43.89684195269523,60,66.13768849856305,57.99328778341684,53.89684195269523,53.89684195269523,53.89684195269523,56.89684195269524,0.016137688498563053,False,False,steady_state_low_chaos,20.596924990401064,0.3979539343665017,Regime suitability reflects current fused market state and stock risk profile.
HSY.US,HSY.US,Consumer Staples,United States,US,USD,62.505030527184076,80.7289748099104,32.61342760003397,62.505030527184076,62.1259916863074,80.7289748099104,65.7289748099104,65.7289748099104,63.47851552998514,0.012505030527184076,False,False,steady_state_low_chaos,20.596924990401064,0.3979539343665017,Regime suitability reflects current fused market state and stock risk profile.
IBM.US,IBM.US,Technology,United States,US,USD,67.53300576129308,54.34689833769086,30.480791483452904,67.53300576129308,60.3754457248551,64.34689833769086,64.34689833769086,64.34689833769086,57.40463960128725,0.01753300576129308,False,False,steady_state_low_chaos,20.596924990401064,0.3979539343665017,Regime suitability reflects current fused market state and stock risk profile.
ICE.US,ICE.US,Financials,United States,US,USD,66.15324259155804,53.45371725196477,57.58160679684006,66.15324259155804,63.0908686107274,63.45371725196477,63.45371725196477,63.45371725196477,61.133252205012916,0.01615324259155804,False,False,steady_state_low_chaos,20.596924990401064,0.3979539343665017,Regime suitability reflects current fused market state and stock risk profile.
INFY.US,INFY.US,Technology,United States,US,USD,66.77237121936992,65.19938744566541,47.72771792360431,66.77237121936992,65.83830390429875,75.19938744566541,75.19938744566541,75.19938744566541,100,0.016772371219369916,False,False,steady_state_low_chaos,20.596924990401064,0.3979539343665017,Regime suitability reflects current fused market state and stock risk profile.
ING.US,ING.US,Financials,United States,US,USD,40.62167422956622,38.56949849510305,60,40.62167422956622,50.6700392111757,48.56949849510305,48.56949849510305,48.56949849510305,51.56949849510305,-0.009378325770433783,False,False,steady_state_low_chaos,20.596924990401064,0.3979539343665017,Regime suitability reflects current fused market state and stock risk profile.
INTU.US,INTU.US,Technology,United States,US,USD,75.0698804566737,63.204446349710835,43.22835314091681,75.0698804566737,69.69553586261068,73.20444634971084,73.20444634971084,73.20444634971084,94.30682325972782,0.0250698804566737,False,False,steady_state_low_chaos,20.596924990401064,0.3979539343665017,Regime suitability reflects current fused market state and stock risk profile.
ITUB.US,ITUB.US,Financials,United States,US,USD,44.78795438346401,42.44654312188169,60,44.78795438346401,51.34559871703493,52.44654312188169,52.44654312188169,52.44654312188169,55.44654312188169,-0.005212045616535988,False,False,steady_state_low_chaos,20.596924990401064,0.3979539343665017,Regime suitability reflects current fused market state and stock risk profile.
ITW.US,ITW.US,Industrials,United States,US,USD,56.21381885680408,53.074164326637735,61.02040816326531,56.21381885680408,58.607081053193696,63.074164326637735,63.074164326637735,63.074164326637735,68.31906228582142,0.006213818856804082,False,False,steady_state_low_chaos,20.596924990401064,0.3979539343665017,Regime suitability reflects current fused market state and stock risk profile.
JCI.US,JCI.US,Industrials,United States,US,USD,50.527702025734285,41.62258713040924,54.480561907873245,50.527702025734285,48.439087566766005,51.62258713040924,51.62258713040924,51.62258713040924,42.47982332773037,0.0005277020257342855,False,False,steady_state_low_chaos,20.596924990401064,0.3979539343665017,Regime suitability reflects current fused market state and stock risk profile.
JD.US,JD.US,Consumer Discretionary,United States,US,USD,41.61020677049076,51.62260467314863,49.01116890660893,41.61020677049076,45.89651371176386,61.62260467314863,61.62260467314863,61.62260467314863,91.43600736107935,-0.008389793229509238,False,False,steady_state_low_chaos,20.596924990401064,0.3979539343665017,Regime suitability reflects current fused market state and stock risk profile.
JNJ.US,JNJ.US,Healthcare,United States,US,USD,58.770684965619374,89.5482431738408,41.61052246985751,58.770684965619374,63.833978411214304,89.5482431738408,74.5482431738408,74.5482431738408,92.09139260752731,0.008770684965619373,False,False,steady_state_low_chaos,20.596924990401064,0.3979539343665017,Regime suitability reflects current fused market state and stock risk profile.
JPM.US,JPM.US,Financials,United States,US,USD,46.42886248574084,44.38483559082293,60,46.42886248574084,49.61405715233268,54.38483559082293,54.38483559082293,54.38483559082293,57.38483559082293,-0.0035711375142591633,False,False,steady_state_low_chaos,20.596924990401064,0.3979539343665017,Regime suitability reflects current fused market state and stock risk profile.
KDP.US,KDP.US,Consumer Staples,United States,US,USD,57.13264784962464,71.76745396011351,26.980209823557463,57.13264784962464,55.02303078459032,71.76745396011351,56.767453960113514,56.767453960113514,42.12391557193993,0.0071326478496246395,False,False,steady_state_low_chaos,20.596924990401064,0.3979539343665017,Regime suitability reflects current fused market state and stock risk profile.
KMB.US,KMB.US,Consumer Staples,United States,US,USD,58.803653104086365,85.45142769263492,34.524574365563765,58.803653104086365,59.006785154103525,85.45142769263492,70.45142769263492,70.45142769263492,72.4054912968752,0.008803653104086364,False,False,steady_state_low_chaos,20.596924990401064,0.3979539343665017,Regime suitability reflects current fused market state and stock risk profile.
KMI.US,KMI.US,Energy,United States,US,USD,56.234540840268735,38.21189861100321,47.902326877525425,56.234540840268735,48.48004563001096,48.21189861100321,48.21189861100321,48.21189861100321,24.597017741559156,0.006234540840268735,False,False,steady_state_low_chaos,20.596924990401064,0.3979539343665017,Regime suitability reflects current fused market state and stock risk profile.
KO.US,KO.US,Consumer Staples,United States,US,USD,52.012638296000986,81.02309712642446,35.58336006844188,52.012638296000986,55.482704820979805,81.02309712642446,66.02309712642446,66.02309712642446,70.30648927699659,0.0020126382960009865,False,False,steady_state_low_chaos,20.596924990401064,0.3979539343665017,Regime suitability reflects current fused market state and stock risk profile.
KR.US,KR.US,Consumer Staples,United States,US,USD,74.93214105289317,73.97176405514477,26.45685014759507,74.93214105289317,59.28490756612866,73.97176405514477,58.971764055144774,58.971764055144774,43.176834379853915,0.024932141052893174,False,False,steady_state_low_chaos,20.596924990401064,0.3979539343665017,Regime suitability reflects current fused market state and stock risk profile.
LHX.US,LHX.US,Industrials,United States,US,USD,64.64244705273455,47.61733180279855,56.61470823341327,64.64244705273455,59.10223781023172,57.61733180279855,57.61733180279855,57.61733180279855,53.169689916307746,0.014642447052734554,False,False,steady_state_low_chaos,20.596924990401064,0.3979539343665017,Regime suitability reflects current fused market state and stock risk profile.
LIN.US,LIN.US,Materials,United States,US,USD,57.94487539925104,52.290238924644235,61.23247485522707,57.94487539925104,59.55847487320589,62.290238924644235,62.290238924644235,62.290238924644235,68.00168360614377,0.007944875399251039,False,False,steady_state_low_chaos,20.596924990401064,0.3979539343665017,Regime suitability reflects current fused market state and stock risk profile.
LMT.US,LMT.US,Industrials,United States,US,USD,67.32223468600837,56.21292409324734,59.928383178641,67.32223468600837,63.71502673007922,66.21292409324734,66.21292409324734,66.21292409324734,69.05536708625753,0.01732223468600837,False,False,steady_state_low_chaos,20.596924990401064,0.3979539343665017,Regime suitability reflects current fused market state and stock risk profile.
LOW.US,LOW.US,Consumer Discretionary,United States,US,USD,71.22270191429386,47.67337953623897,27.47714148219442,71.22270191429386,60.587486030522385,57.67337953623897,57.67337953623897,57.67337953623897,44.12309079706668,0.021222701914293863,False,False,steady_state_low_chaos,20.596924990401064,0.3979539343665017,Regime suitability reflects current fused market state and stock risk profile.
LRLCY.US,LRLCY.US,Consumer Staples,United States,US,USD,44.41118210128513,76.98653473225346,44.05562724416517,44.41118210128513,60.28697312655851,76.98653473225346,61.98653473225346,61.98653473225346,84.90891466941683,-0.005588817898714872,False,False,steady_state_low_chaos,20.596924990401064,0.3979539343665017,Regime suitability reflects current fused market state and stock risk profile.
LVMUY.US,LVMUY.US,Consumer Discretionary,United States,US,USD,54.707728603001065,44.981529602235355,40.50696324951644,54.707728603001065,54.5748875158384,54.981529602235355,54.981529602235355,54.981529602235355,70.09684875117154,0.004707728603001065,False,False,steady_state_low_chaos,20.596924990401064,0.3979539343665017,Regime suitability reflects current fused market state and stock risk profile.
LYG.US,LYG.US,Financials,United States,US,USD,42.95488639115903,43.40021668200597,60,42.95488639115903,53.10561968026214,53.40021668200597,53.40021668200597,53.40021668200597,56.400216682005976,-0.007045113608840971,False,False,steady_state_low_chaos,20.596924990401064,0.3979539343665017,Regime suitability reflects current fused market state and stock risk profile.
MCD.US,MCD.US,Consumer Discretionary,United States,US,USD,61.44297027945134,48.65823574521706,26.591497479220603,61.44297027945134,56.99071163916193,58.65823574521706,58.65823574521706,58.65823574521706,43.159530199502385,0.011442970279451337,False,False,steady_state_low_chaos,20.596924990401064,0.3979539343665017,Regime suitability reflects current fused market state and stock risk profile.
MCHP.US,MCHP.US,Technology,United States,US,USD,52.83494362012604,33.01816264929593,22.529706331692413,52.83494362012604,43.23201196921249,43.01816264929593,43.01816264929593,43.01816264929593,18.583516579019246,0.0028349436201260403,False,False,steady_state_low_chaos,20.596924990401064,0.3979539343665017,Regime suitability reflects current fused market state and stock risk profile.
MDLZ.US,MDLZ.US,Consumer Staples,United States,US,USD,58.65044909633144,74.30536103273158,25.2061959364313,58.65044909633144,54.461876960159714,74.30536103273158,59.30536103273158,59.30536103273158,40.75899209288045,0.008650449096331442,False,False,steady_state_low_chaos,20.596924990401064,0.3979539343665017,Regime suitability reflects current fused market state and stock risk profile.
MDT.US,MDT.US,Healthcare,United States,US,USD,64.76631943904417,85.73786985484202,31.740748292384545,64.76631943904417,63.3116237115602,85.73786985484202,70.73786985484202,70.73786985484202,66.56751609808802,0.014766319439044167,False,False,steady_state_low_chaos,20.596924990401064,0.3979539343665017,Regime suitability reflects current fused market state and stock risk profile.
MET.US,MET.US,Financials,United States,US,USD,80.37136735900665,60.866524999840294,71.55561162719853,80.37136735900665,67.20276283016642,70.8665249998403,70.8665249998403,70.8665249998403,97.73325895247852,0.03,False,False,steady_state_low_chaos,20.596924990401064,0.3979539343665017,Regime suitability reflects current fused market state and stock risk profile.
MFC.US,MFC.US,Financials,United States,US,USD,41.495010691375626,38.84711332858161,60,41.495010691375626,49.36591233071989,48.84711332858161,48.84711332858161,48.84711332858161,51.84711332858161,-0.008504989308624374,False,False,steady_state_low_chaos,20.596924990401064,0.3979539343665017,Regime suitability reflects current fused market state and stock risk profile.
MFG.US,MFG.US,Financials,United States,US,USD,37.175694939415536,39.720242337847466,60,37.175694939415536,49.84613328581611,49.720242337847466,49.720242337847466,49.720242337847466,52.720242337847466,-0.012824305060584464,False,False,steady_state_low_chaos,20.596924990401064,0.3979539343665017,Regime suitability reflects current fused market state and stock risk profile.
MMM.US,MMM.US,Industrials,United States,US,USD,45.39233296729857,58.245429894605195,64.30415957940312,45.39233296729857,49.83811121324548,68.2454298946052,68.2454298946052,68.2454298946052,80.71458096929206,-0.0046076670327014286,False,False,steady_state_low_chaos,20.596924990401064,0.3979539343665017,Regime suitability reflects current fused market state and stock risk profile.
MO.US,MO.US,Consumer Staples,United States,US,USD,71.70128499236807,84.51881800031943,35.19802437223043,71.70128499236807,63.49317757542585,84.51881800031943,69.51881800031943,69.51881800031943,72.95447161922637,0.021701284992368074,False,False,steady_state_low_chaos,20.596924990401064,0.3979539343665017,Regime suitability reflects current fused market state and stock risk profile.
MPC.US,MPC.US,Energy,United States,US,USD,70.57242065812244,42.90026497464017,56.86162014043501,70.57242065812244,58.86278199000913,52.90026497464017,52.90026497464017,52.90026497464017,48.99582928359718,0.02057242065812244,False,False,steady_state_low_chaos,20.596924990401064,0.3979539343665017,Regime suitability reflects current fused market state and stock risk profile.
MRK.US,MRK.US,Healthcare,United States,US,USD,58.754405331782394,81.57851596028085,38.84792300615668,58.754405331782394,56.717142756304995,81.57851596028085,66.57851596028085,66.57851596028085,78.04394657382554,0.008754405331782393,False,False,steady_state_low_chaos,20.596924990401064,0.3979539343665017,Regime suitability reflects current fused market state and stock risk profile.
MRSH.US,MRSH.US,Financials,United States,US,USD,69.15380161815847,53.342742309164066,57.338372249966255,69.15380161815847,64.58293888122921,63.342742309164066,63.342742309164066,63.342742309164066,60.48716125908983,0.019153801618158467,False,False,steady_state_low_chaos,20.596924990401064,0.3979539343665017,Regime suitability reflects current fused market state and stock risk profile.
MS.US,MS.US,Financials,United States,US,USD,49.08100076485787,43.85075046996008,60,49.08100076485787,52.07955583533992,53.85075046996008,53.85075046996008,53.85075046996008,56.850750469960076,-0.000918999235142131,False,False,steady_state_low_chaos,20.596924990401064,0.3979539343665017,Regime suitability reflects current fused market state and stock risk profile.
MSCI.US,MSCI.US,Financials,United States,US,USD,60.24717411499361,40.104629410991286,54.921967114210894,60.24717411499361,55.88063624325063,50.104629410991286,50.104629410991286,50.104629410991286,41.932957062255255,0.010247174114993611,False,False,steady_state_low_chaos,20.596924990401064,0.3979539343665017,Regime suitability reflects current fused market state and stock risk profile.
MSI.US,MSI.US,Technology,United States,US,USD,59.838441100487756,44.44929066426816,33.041423408395886,59.838441100487756,56.94741490310932,54.44929066426816,54.44929066426816,54.44929066426816,53.140422162739114,0.009838441100487757,False,False,steady_state_low_chaos,20.596924990401064,0.3979539343665017,Regime suitability reflects current fused market state and stock risk profile.
MTB.US,MTB.US,Financials,United States,US,USD,71.68466615707193,51.995512991738075,60,71.68466615707193,63.906846834932296,61.995512991738075,61.995512991738075,61.995512991738075,64.99551299173808,0.02168466615707193,False,False,steady_state_low_chaos,20.596924990401064,0.3979539343665017,Regime suitability reflects current fused market state and stock risk profile.
MUFG.US,MUFG.US,Financials,United States,US,USD,40.318959372772625,38.75801853171775,60,40.318959372772625,49.316910192444766,48.75801853171775,48.75801853171775,48.75801853171775,51.75801853171775,-0.009681040627227376,False,False,steady_state_low_chaos,20.596924990401064,0.3979539343665017,Regime suitability reflects current fused market state and stock risk profile.
NDAQ.US,NDAQ.US,Financials,United States,US,USD,60.22925691611863,49.72159254883552,60.239540083040566,60.22925691611863,60.40922465247861,59.72159254883552,59.72159254883552,59.72159254883552,63.248580731524754,0.01022925691611863,False,False,steady_state_low_chaos,20.596924990401064,0.3979539343665017,Regime suitability reflects current fused market state and stock risk profile.
NEE.US,NEE.US,Utilities,United States,US,USD,51.88028844942654,60.24388794142421,16.07554696752478,51.88028844942654,43.906885771398926,60.24388794142421,45.24388794142421,45.24388794142421,10.534544302453945,0.0018802884494265371,False,False,steady_state_low_chaos,20.596924990401064,0.3979539343665017,Regime suitability reflects current fused market state and stock risk profile.
NEM.US,NEM.US,Materials,United States,US,USD,65.03290969939589,59.402898028842486,70.73020153278456,65.03290969939589,57.3804882009944,69.40289802884249,69.40289802884249,69.40289802884249,95.27913986818396,0.015032909699395887,False,False,steady_state_low_chaos,20.596924990401064,0.3979539343665017,Regime suitability reflects current fused market state and stock risk profile.
NGG.US,NGG.US,Utilities,United States,US,USD,31.281683970042856,55.618675598192716,16.292399108690276,31.281683970042856,34.54512072774148,55.618675598192716,40.618675598192716,40.618675598192716,6.169554528621042,-0.018718316029957143,True,False,steady_state_low_chaos,20.596924990401064,0.3979539343665017,Regime suitability reflects current fused market state and stock risk profile.
NKE.US,NKE.US,Consumer Discretionary,United States,US,USD,59.74518993219337,72.53186941502574,42.81671745755333,59.74518993219337,69.4229235833966,82.53186941502574,82.53186941502574,82.53186941502574,100,0.009745189932193369,False,False,steady_state_low_chaos,20.596924990401064,0.3979539343665017,Regime suitability reflects current fused market state and stock risk profile.
NOC.US,NOC.US,Industrials,United States,US,USD,64.20332782227564,57.32289817533807,61.24496877168633,64.20332782227564,65.97428174838325,67.32289817533807,67.32289817533807,67.32289817533807,73.061829473048,0.01420332782227564,False,False,steady_state_low_chaos,20.596924990401064,0.3979539343665017,Regime suitability reflects current fused market state and stock risk profile.
NOK.US,NOK.US,Technology,United States,US,USD,53.61911215371492,59.607277442043596,50.21526853084776,53.61911215371492,55.134479037982786,69.6072774420436,69.6072774420436,69.6072774420436,100,0.003619112153714923,False,False,steady_state_low_chaos,20.596924990401064,0.3979539343665017,Regime suitability reflects current fused market state and stock risk profile.
NSC.US,NSC.US,Industrials,United States,US,USD,54.54006816575233,43.01476005749241,56.51709401709402,54.54006816575233,52.53531391075276,53.01476005749241,53.01476005749241,53.01476005749241,48.35236689509924,0.004540068165752331,False,False,steady_state_low_chaos,20.596924990401064,0.3979539343665017,Regime suitability reflects current fused market state and stock risk profile.
NSRGY.US,NSRGY.US,Consumer Staples,United States,US,USD,49.4277683346443,67.77638836435888,28.472265070648483,49.4277683346443,49.982560974550076,67.77638836435888,52.77638836435888,52.77638836435888,41.415371519785545,-0.0005722316653557016,False,False,steady_state_low_chaos,20.596924990401064,0.3979539343665017,Regime suitability reflects current fused market state and stock risk profile.
NTAP.US,NTAP.US,Technology,United States,US,USD,64.5004231105313,53.888144600384585,47.174246295350024,64.5004231105313,60.008843303419816,63.888144600384585,63.888144600384585,63.888144600384585,91.49724015480462,0.014500423110531301,False,False,steady_state_low_chaos,20.596924990401064,0.3979539343665017,Regime suitability reflects current fused market state and stock risk profile.
NTES.US,NTES.US,Communication Services,United States,US,USD,71.38710423984772,54.19972876922225,65.46634099826024,71.38710423984772,67.60492925058034,64.19972876922225,64.19972876922225,64.19972876922225,100,0.021387104239847715,False,False,steady_state_low_chaos,20.596924990401064,0.3979539343665017,Regime suitability reflects current fused market state and stock risk profile.
NVO.US,NVO.US,Healthcare,United States,US,USD,53.22476925550981,85.43402740745717,41.666411449061755,53.22476925550981,60.062832922520386,85.43402740745717,70.43402740745717,70.43402740745717,88.10013259539303,0.0032247692555098127,False,False,steady_state_low_chaos,20.596924990401064,0.3979539343665017,Regime suitability reflects current fused market state and stock risk profile.
NVS.US,NVS.US,Healthcare,United States,US,USD,61.52659405626828,82.37288479403362,39.75461198019368,61.52659405626828,61.85921077361898,82.37288479403362,67.37288479403362,67.37288479403362,80.83303115045972,0.01152659405626828,False,False,steady_state_low_chaos,20.596924990401064,0.3979539343665017,Regime suitability reflects current fused market state and stock risk profile.
NWG.US,NWG.US,Financials,United States,US,USD,66.17843268645231,37.21837952300815,60,66.17843268645231,51.79284262746545,47.21837952300815,47.21837952300815,47.21837952300815,50.21837952300815,0.01617843268645231,False,False,steady_state_low_chaos,20.596924990401064,0.3979539343665017,Regime suitability reflects current fused market state and stock risk profile.
NXPI.US,NXPI.US,Technology,United States,US,USD,62.62501043107138,48.076861846159574,33.24034334763948,62.62501043107138,57.48050909461986,58.076861846159574,58.076861846159574,58.076861846159574,57.20561721096644,0.01262501043107138,False,False,steady_state_low_chaos,20.596924990401064,0.3979539343665017,Regime suitability reflects current fused market state and stock risk profile.
O.US,O.US,Real Estate,United States,US,USD,65.05444200927631,43.717229477148294,14.795178512549349,65.05444200927631,52.24047857992287,53.717229477148294,53.717229477148294,53.717229477148294,17.471443692207515,0.015054442009276315,False,False,steady_state_low_chaos,20.596924990401064,0.3979539343665017,Regime suitability reflects current fused market state and stock risk profile.
OKE.US,OKE.US,Energy,United States,US,USD,58.67922940663583,32.55047530214435,48.979067676897394,58.67922940663583,46.933219589236174,42.55047530214435,42.55047530214435,42.55047530214435,21.304424191318613,0.008679229406635826,False,False,steady_state_low_chaos,20.596924990401064,0.3979539343665017,Regime suitability reflects current fused market state and stock risk profile.
ORCL.US,ORCL.US,Technology,United States,US,USD,47.51555762237593,39.09772163757811,26.419110832062668,47.51555762237593,46.47670750526432,49.09772163757811,49.09772163757811,49.09772163757811,33.21976546811597,-0.0024844423776240704,False,False,steady_state_low_chaos,20.596924990401064,0.3979539343665017,Regime suitability reflects current fused market state and stock risk profile.
OXY.US,OXY.US,Energy,United States,US,USD,64.33734137932319,52.31339236380164,60.833762002743484,64.33734137932319,51.63848020765775,62.31339236380164,62.31339236380164,62.31339236380164,67.14766876983731,0.014337341379323193,False,False,steady_state_low_chaos,20.596924990401064,0.3979539343665017,Regime suitability reflects current fused market state and stock risk profile.
PAYX.US,PAYX.US,Technology,United States,US,USD,64.07100762417949,58.131348800693544,39.237843202117105,64.07100762417949,62.2624478550963,68.13134880069354,68.13134880069354,68.13134880069354,80.45460384535117,0.014071007624179486,False,False,steady_state_low_chaos,20.596924990401064,0.3979539343665017,Regime suitability reflects current fused market state and stock risk profile.
PBR.US,PBR.US,Energy,United States,US,USD,47.140057020669985,38.74019957234497,60,47.140057020669985,49.307109764789736,48.74019957234497,48.74019957234497,48.74019957234497,51.74019957234497,-0.0028599429793300145,False,False,steady_state_low_chaos,20.596924990401064,0.3979539343665017,Regime suitability reflects current fused market state and stock risk profile.
PCAR.US,PCAR.US,Industrials,United States,US,USD,61.491969298491924,45.559451633648344,57.69048058905809,61.491969298491924,55.89005725524801,55.559451633648344,55.559451633648344,55.559451633648344,53.47850892957614,0.011491969298491923,False,False,steady_state_low_chaos,20.596924990401064,0.3979539343665017,Regime suitability reflects current fused market state and stock risk profile.
PCG.US,PCG.US,Utilities,United States,US,USD,45.57590679599673,70.52285777150158,14.944471988101142,45.57590679599673,54.4309609519097,70.52285777150158,55.522857771501585,55.522857771501585,19.456224157222955,-0.0044240932040032705,False,False,steady_state_low_chaos,20.596924990401064,0.3979539343665017,Regime suitability reflects current fused market state and stock risk profile.
PEP.US,PEP.US,Consumer Staples,United States,US,USD,62.11146631819497,84.41684509341209,32.01312487936691,62.11146631819497,62.122497180955925,84.41684509341209,69.41684509341209,69.41684509341209,65.8457198280193,0.012111466318194972,False,False,steady_state_low_chaos,20.596924990401064,0.3979539343665017,Regime suitability reflects current fused market state and stock risk profile.
PFE.US,PFE.US,Healthcare,United States,US,USD,66.66501503667311,83.68631162246689,29.99523327176309,66.66501503667311,59.93246017843474,83.68631162246689,68.68631162246689,68.68631162246689,60.675824820345696,0.01666501503667311,False,False,steady_state_low_chaos,20.596924990401064,0.3979539343665017,Regime suitability reflects current fused market state and stock risk profile.
PG.US,PG.US,Consumer Staples,United States,US,USD,64.29330094413915,90.53608637992826,39.86278364872614,64.29330094413915,66.41466840516716,90.53608637992826,75.53608637992826,75.53608637992826,89.23421040712577,0.014293300944139147,False,False,steady_state_low_chaos,20.596924990401064,0.3979539343665017,Regime suitability reflects current fused market state and stock risk profile.
PGR.US,PGR.US,Financials,United States,US,USD,83.67661724649037,57.535914803298766,67.80101306374783,83.67661724649037,69.94127548897184,67.53591480329877,67.53591480329877,67.53591480329877,87.69814354354399,0.03,False,False,steady_state_low_chaos,20.596924990401064,0.3979539343665017,Regime suitability reflects current fused market state and stock risk profile.
PLD.US,PLD.US,Real Estate,United States,US,USD,58.405871960128145,37.16093236832383,21.56301038478865,58.405871960128145,48.45311877351163,47.16093236832383,47.16093236832383,47.16093236832383,20.599555214858853,0.008405871960128146,False,False,steady_state_low_chaos,20.596924990401064,0.3979539343665017,Regime suitability reflects current fused market state and stock risk profile.
PM.US,PM.US,Consumer Staples,United States,US,USD,57.95871222295934,74.93878596562962,32.412529347763844,57.95871222295934,53.948376801950346,74.93878596562962,59.93878596562962,59.93878596562962,57.24635053071007,0.007958712222959342,False,False,steady_state_low_chaos,20.596924990401064,0.3979539343665017,Regime suitability reflects current fused market state and stock risk profile.
PNC.US,PNC.US,Financials,United States,US,USD,65.10250562317728,51.27268882461955,60,65.10250562317728,62.945914960236564,61.27268882461955,61.27268882461955,61.27268882461955,64.27268882461955,0.01510250562317728,False,False,steady_state_low_chaos,20.596924990401064,0.3979539343665017,Regime suitability reflects current fused market state and stock risk profile.
PRU.US,PRU.US,Financials,United States,US,USD,77.66972202882494,60.083087222619056,66.90030542522501,77.66972202882494,69.59402095970984,70.08308722261906,70.08308722261906,70.08308722261906,88.26375915811408,0.027669722028824936,False,False,steady_state_low_chaos,20.596924990401064,0.3979539343665017,Regime suitability reflects current fused market state and stock risk profile.
PSA.US,PSA.US,Real Estate,United States,US,USD,52.23719783063891,45.2304553582199,29.695994225755584,52.23719783063891,43.76429723527851,55.2304553582199,55.2304553582199,55.2304553582199,46.56164265488218,0.0022371978306389125,False,False,steady_state_low_chaos,20.596924990401064,0.3979539343665017,Regime suitability reflects current fused market state and stock risk profile.
PSX.US,PSX.US,Energy,United States,US,USD,58.101185145807214,47.57252726046412,60.468381674695095,58.101185145807214,56.39034206902227,57.57252726046412,57.57252726046412,57.57252726046412,61.602966944793316,0.008101185145807214,False,False,steady_state_low_chaos,20.596924990401064,0.3979539343665017,Regime suitability reflects current fused market state and stock risk profile.
QCOM.US,QCOM.US,Technology,United States,US,USD,75.89819865777591,59.37079467972033,41.888271150110526,75.89819865777591,66.40223708929638,69.37079467972033,69.37079467972033,69.37079467972033,87.52499120996349,0.025898198657775907,False,False,steady_state_low_chaos,20.596924990401064,0.3979539343665017,Regime suitability reflects current fused market state and stock risk profile.
RACE.US,RACE.US,Consumer Discretionary,United States,US,USD,54.48302826002212,49.921214423590264,42.44810137562619,54.48302826002212,61.470281397927224,59.921214423590264,59.921214423590264,59.921214423590264,79.30703744996788,0.004483028260022117,False,False,steady_state_low_chaos,20.596924990401064,0.3979539343665017,Regime suitability reflects current fused market state and stock risk profile.
RCL.US,RCL.US,Consumer Discretionary,United States,US,USD,57.3486933892182,40.44613208451564,30.027530707327404,57.3486933892182,54.92152084174459,50.44613208451564,50.44613208451564,50.44613208451564,42.50669964063592,0.007348693389218198,False,False,steady_state_low_chaos,20.596924990401064,0.3979539343665017,Regime suitability reflects current fused market state and stock risk profile.
RELX.US,RELX.US,Industrials,United States,US,USD,58.33342013998862,53.15476440248783,60.320130222463376,58.33342013998862,62.87951468953207,63.15476440248783,63.15476440248783,63.15476440248783,66.85905089190726,0.008333420139988619,False,False,steady_state_low_chaos,20.596924990401064,0.3979539343665017,Regime suitability reflects current fused market state and stock risk profile.
RHHBY.US,RHHBY.US,Healthcare,United States,US,USD,52.44842208281453,78.131410033528,38.639944713199725,52.44842208281453,56.01503854050527,78.131410033528,63.131410033528,63.131410033528,74.13928840256739,0.0024484220828145313,False,False,steady_state_low_chaos,20.596924990401064,0.3979539343665017,Regime suitability reflects current fused market state and stock risk profile.
RIO.US,RIO.US,Materials,United States,US,USD,47.41391459598724,44.42161851138336,66.38439105075302,47.41391459598724,46.77238499884875,54.42161851138336,54.42161851138336,54.42161851138336,71.46727882304,-0.0025860854040127635,False,False,steady_state_low_chaos,20.596924990401064,0.3979539343665017,Regime suitability reflects current fused market state and stock risk profile.
ROK.US,ROK.US,Industrials,United States,US,USD,54.11351416647193,42.82490157693713,58.63018597997139,54.11351416647193,52.67973632959432,52.82490157693713,52.82490157693713,52.82490157693713,52.81131073287419,0.0041135141664719295,False,False,steady_state_low_chaos,20.596924990401064,0.3979539343665017,Regime suitability reflects current fused market state and stock risk profile.
RSG.US,RSG.US,Industrials,United States,US,USD,58.841915720580616,45.79105077476774,56.52864992150707,58.841915720580616,57.08227472927585,55.79105077476774,55.79105077476774,55.79105077476774,51.15408060208328,0.008841915720580617,False,False,steady_state_low_chaos,20.596924990401064,0.3979539343665017,Regime suitability reflects current fused market state and stock risk profile.
RTX.US,RTX.US,Industrials,United States,US,USD,55.79386316301657,49.05201687091509,59.27104241937642,55.79386316301657,54.13211810289194,59.05201687091509,59.05201687091509,59.05201687091509,60.448310193543215,0.005793863163016567,False,False,steady_state_low_chaos,20.596924990401064,0.3979539343665017,Regime suitability reflects current fused market state and stock risk profile.
RY.US,RY.US,Financials,United States,US,USD,47.61047754811119,46.295438346400566,60,47.61047754811119,53.46249109052032,56.295438346400566,56.295438346400566,56.295438346400566,59.29543834640057,-0.0023895224518888083,False,False,steady_state_low_chaos,20.596924990401064,0.3979539343665017,Regime suitability reflects current fused market state and stock risk profile.
SAN.US,SAN.US,Financials,United States,US,USD,40.31775180392012,39.747381010538604,60,40.31775180392012,50.80798471902801,49.747381010538604,49.747381010538604,49.747381010538604,52.747381010538604,-0.009682248196079882,False,False,steady_state_low_chaos,20.596924990401064,0.3979539343665017,Regime suitability reflects current fused market state and stock risk profile.
SAP.US,SAP.US,Technology,United States,US,USD,64.1348059365613,66.99630013694915,45.3081255694525,64.1348059365613,69.93275222133157,76.99630013694915,76.99630013694915,76.99630013694915,100,0.014134805936561306,False,False,steady_state_low_chaos,20.596924990401064,0.3979539343665017,Regime suitability reflects current fused market state and stock risk profile.
SBGSY.US,SBGSY.US,Industrials,United States,US,USD,41.78875353746037,34.525020003044496,62.08910654562828,41.78875353746037,50.330996101716444,44.525020003044496,44.525020003044496,44.525020003044496,52.121054403426726,-0.008211246462539627,False,False,steady_state_low_chaos,20.596924990401064,0.3979539343665017,Regime suitability reflects current fused market state and stock risk profile.
SBUX.US,SBUX.US,Consumer Discretionary,United States,US,USD,50.801639247616805,38.44045286074427,20.741796988426596,50.801639247616805,44.18193940837091,48.44045286074427,48.44045286074427,48.44045286074427,20.072406235282784,0.000801639247616805,False,False,steady_state_low_chaos,20.596924990401064,0.3979539343665017,Regime suitability reflects current fused market state and stock risk profile.
SCCO.US,SCCO.US,Materials,United States,US,USD,48.2092979882997,45.31592937619685,68.06226626776365,48.2092979882997,51.01777456677084,55.31592937619685,55.31592937619685,55.31592937619685,76.05291516527687,-0.0017907020117002971,False,False,steady_state_low_chaos,20.596924990401064,0.3979539343665017,Regime suitability reflects current fused market state and stock risk profile.
SCHW.US,SCHW.US,Financials,United States,US,USD,67.44277142899537,50.930764848223454,60,67.44277142899537,61.43676282454393,60.930764848223454,60.930764848223454,60.930764848223454,63.93076484822345,0.01744277142899537,False,False,steady_state_low_chaos,20.596924990401064,0.3979539343665017,Regime suitability reflects current fused market state and stock risk profile.
SHEL.US,SHEL.US,Energy,United States,US,USD,79.6793206239659,62.71159622916659,65.9398383453339,79.6793206239659,71.95103392021917,72.71159622916659,72.71159622916659,72.71159622916659,88.77924058890116,0.02967932062396591,False,False,steady_state_low_chaos,20.596924990401064,0.3979539343665017,Regime suitability reflects current fused market state and stock risk profile.
SIEGY.US,SIEGY.US,Industrials,United States,US,USD,50.510252894948785,33.732207556543834,56.90964121319125,50.510252894948785,50.606320031724636,43.732207556543834,43.732207556543834,43.732207556543834,39.93341822556457,0.0005102528949487848,False,False,steady_state_low_chaos,20.596924990401064,0.3979539343665017,Regime suitability reflects current fused market state and stock risk profile.
SLB.US,SLB.US,Energy,United States,US,USD,66.54440439289914,66.0071110744797,63.820063236562234,66.54440439289914,65.32505906664223,76.0071110744797,76.0071110744797,76.0071110744797,87.4112501949166,0.01654440439289914,False,False,steady_state_low_chaos,20.596924990401064,0.3979539343665017,Regime suitability reflects current fused market state and stock risk profile.
SMFG.US,SMFG.US,Financials,United States,US,USD,38.33036350677121,38.68674269422665,60,38.33036350677121,49.27770848182466,48.68674269422665,48.68674269422665,48.68674269422665,51.68674269422665,-0.011669636493228793,False,False,steady_state_low_chaos,20.596924990401064,0.3979539343665017,Regime suitability reflects current fused market state and stock risk profile.
SNY.US,SNY.US,Healthcare,United States,US,USD,62.958370151263566,85.12023910863738,40.247215321740526,62.958370151263566,60.7894631358584,85.12023910863738,70.12023910863738,70.12023910863738,84.66411281646653,0.012958370151263566,False,False,steady_state_low_chaos,20.596924990401064,0.3979539343665017,Regime suitability reflects current fused market state and stock risk profile.
SO.US,SO.US,Utilities,United States,US,USD,43.405771295862834,61.608439633487194,19.61414452933343,43.405771295862834,42.23831496335635,61.608439633487194,46.608439633487194,46.608439633487194,16.145413068687308,-0.006594228704137166,False,False,steady_state_low_chaos,20.596924990401064,0.3979539343665017,Regime suitability reflects current fused market state and stock risk profile.
SPG.US,SPG.US,Real Estate,United States,US,USD,59.62970119742879,47.90359844973172,27.11423342580718,59.62970119742879,57.41965372427265,57.90359844973172,57.90359844973172,57.90359844973172,43.554911986507506,0.009629701197428788,False,False,steady_state_low_chaos,20.596924990401064,0.3979539343665017,Regime suitability reflects current fused market state and stock risk profile.
SRE.US,SRE.US,Utilities,United States,US,USD,36.49136406316455,59.24823530221967,11.762917933130701,36.49136406316455,37.461613829781435,59.24823530221967,44.24823530221967,44.24823530221967,4.363736821976509,-0.013508635936835446,False,False,steady_state_low_chaos,20.596924990401064,0.3979539343665017,Regime suitability reflects current fused market state and stock risk profile.
STT.US,STT.US,Financials,United States,US,USD,80.91113266275562,50.73786738918956,60,80.91113266275562,62.587160139363824,60.73786738918956,60.73786738918956,60.73786738918956,63.73786738918956,0.03,False,False,steady_state_low_chaos,20.596924990401064,0.3979539343665017,Regime suitability reflects current fused market state and stock risk profile.
SU.US,SU.US,Energy,United States,US,USD,46.56272273699216,43.26621525302922,60,46.56272273699216,51.79641838916608,53.26621525302922,53.26621525302922,53.26621525302922,56.26621525302923,-0.003437277263007843,False,False,steady_state_low_chaos,20.596924990401064,0.3979539343665017,Regime suitability reflects current fused market state and stock risk profile.
SYK.US,SYK.US,Healthcare,United States,US,USD,60.637795520317354,80.41059863899429,35.68815331010453,60.637795520317354,61.90531138514478,80.41059863899429,65.41059863899429,65.41059863899429,69.92453592122425,0.010637795520317354,False,False,steady_state_low_chaos,20.596924990401064,0.3979539343665017,Regime suitability reflects current fused market state and stock risk profile.
SYY.US,SYY.US,Consumer Staples,United States,US,USD,57.574037225377566,72.437246736373,28.772969052224372,57.574037225377566,56.25674861558885,72.437246736373,57.437246736373,57.437246736373,46.73777865126661,0.007574037225377566,False,False,steady_state_low_chaos,20.596924990401064,0.3979539343665017,Regime suitability reflects current fused market state and stock risk profile.
T.US,T.US,Communication Services,United States,US,USD,82.69438933487615,64.90366967468958,32.493921055999415,82.69438933487615,72.06628358240512,74.90366967468958,74.90366967468958,74.90366967468958,72.39029599788829,0.03,False,False,steady_state_low_chaos,20.596924990401064,0.3979539343665017,Regime suitability reflects current fused market state and stock risk profile.
TCEHY.US,TCEHY.US,Communication Services,United States,US,USD,66.11298904646344,60.22274902361684,45.285283391219764,66.11298904646344,70.24441530172196,70.22274902361684,70.22274902361684,70.22274902361684,95.56508909308056,0.01611298904646344,False,False,steady_state_low_chaos,20.596924990401064,0.3979539343665017,Regime suitability reflects current fused market state and stock risk profile.
TD.US,TD.US,Financials,United States,US,USD,47.31111903064861,47.63186029935852,60,47.31111903064861,54.197523164647194,57.63186029935852,57.63186029935852,57.63186029935852,60.63186029935852,-0.0026888809693513876,False,False,steady_state_low_chaos,20.596924990401064,0.3979539343665017,Regime suitability reflects current fused market state and stock risk profile.
TEL.US,TEL.US,Technology,United States,US,USD,66.61317041006761,55.67756485586452,39.458606457878126,66.61317041006761,63.34743439722216,65.67756485586452,65.67756485586452,65.67756485586452,78.48649906319639,0.016613170410067612,False,False,steady_state_low_chaos,20.596924990401064,0.3979539343665017,Regime suitability reflects current fused market state and stock risk profile.
TFC.US,TFC.US,Financials,United States,US,USD,77.11886952888747,58.081546659723614,60,77.11886952888747,68.55471376653011,68.08154665972361,68.08154665972361,68.08154665972361,71.08154665972361,0.027118869528887472,False,False,steady_state_low_chaos,20.596924990401064,0.3979539343665017,Regime suitability reflects current fused market state and stock risk profile.
TGT.US,TGT.US,Consumer Staples,United States,US,USD,63.60191793406479,80.35002196701862,36.13227893601726,63.60191793406479,62.21442102732772,80.35002196701862,65.35002196701862,65.35002196701862,70.84103562625658,0.013601917934064787,False,False,steady_state_low_chaos,20.596924990401064,0.3979539343665017,Regime suitability reflects current fused market state and stock risk profile.
TJX.US,TJX.US,Consumer Discretionary,United States,US,USD,60.812057358351915,58.184981529226874,40.78944315545244,60.812057358351915,65.27272530731139,68.18498152922687,68.18498152922687,68.18498152922687,83.92175647122222,0.010812057358351914,False,False,steady_state_low_chaos,20.596924990401064,0.3979539343665017,Regime suitability reflects current fused market state and stock risk profile.
TM.US,TM.US,Consumer Discretionary,United States,US,USD,41.68745545260157,49.787954383464005,35,41.68745545260157,55.383374910905204,59.787954383464005,59.787954383464005,59.787954383464005,62.78795438346401,-0.008312544547398432,False,False,steady_state_low_chaos,20.596924990401064,0.3979539343665017,Regime suitability reflects current fused market state and stock risk profile.
TMUS.US,TMUS.US,Communication Services,United States,US,USD,79.13612197170843,48.08988883725698,26.517758134524602,79.13612197170843,65.08932401849587,58.08988883725698,58.08988883725698,58.08988883725698,42.428956733211095,0.029136121971708433,False,False,steady_state_low_chaos,20.596924990401064,0.3979539343665017,Regime suitability reflects current fused market state and stock risk profile.
TOELY.US,TOELY.US,Technology,United States,US,USD,39.46364932287955,32.182822523164646,35,39.46364932287955,45.70055238774056,42.182822523164646,42.182822523164646,42.182822523164646,45.182822523164646,-0.010536350677120453,False,False,steady_state_low_chaos,20.596924990401064,0.3979539343665017,Regime suitability reflects current fused market state and stock risk profile.
TPR.US,TPR.US,Consumer Discretionary,United States,US,USD,54.92048871830073,26.724083938385057,18.598024316109424,54.92048871830073,41.9430797926247,36.72408393838506,36.72408393838506,36.72408393838506,5.0417131177163625,0.004920488718300731,False,False,steady_state_low_chaos,20.596924990401064,0.3979539343665017,Regime suitability reflects current fused market state and stock risk profile.
TRGP.US,TRGP.US,Energy,United States,US,USD,46.03461616420981,28.63116890594044,52.12390565454733,46.03461616420981,39.631635139940926,38.63116890594044,38.63116890594044,38.63116890594044,24.30376134594456,-0.003965383835790192,False,False,steady_state_low_chaos,20.596924990401064,0.3979539343665017,Regime suitability reflects current fused market state and stock risk profile.
TRI.US,TRI.US,Industrials,United States,US,USD,58.634617576379995,57.78219256569648,66.8706924844109,58.634617576379995,62.508218958373696,67.78219256569648,67.78219256569648,67.78219256569648,85.89771603140045,0.008634617576379995,False,False,steady_state_low_chaos,20.596924990401064,0.3979539343665017,Regime suitability reflects current fused market state and stock risk profile.
TRP.US,TRP.US,Energy,United States,US,USD,44.167854597291516,50.5007127583749,60,44.167854597291516,55.7753920171062,60.5007127583749,60.5007127583749,60.5007127583749,63.5007127583749,-0.005832145402708484,False,False,steady_state_low_chaos,20.596924990401064,0.3979539343665017,Regime suitability reflects current fused market state and stock risk profile.
TRV.US,TRV.US,Financials,United States,US,USD,76.39314924642701,60.891247527103715,77.36149792952205,76.39314924642701,62.545964119199795,70.89124752710372,70.89124752710372,70.89124752710372,100,0.026393149246427015,False,False,steady_state_low_chaos,20.596924990401064,0.3979539343665017,Regime suitability reflects current fused market state and stock risk profile.
TTE.US,TTE.US,Energy,United States,US,USD,55.95364559487729,49.84124261191131,65.76530086992331,55.95364559487729,54.33633509386877,59.84124261191131,59.84124261191131,59.84124261191131,75.52490452574258,0.005953645594877287,False,False,steady_state_low_chaos,20.596924990401064,0.3979539343665017,Regime suitability reflects current fused market state and stock risk profile.
TXN.US,TXN.US,Technology,United States,US,USD,50.0523133436974,48.554842395444375,39.44558894813379,50.0523133436974,49.26254653619588,58.554842395444375,58.554842395444375,58.554842395444375,71.3351380813387,5.231334369739926e-05,False,False,steady_state_low_chaos,20.596924990401064,0.3979539343665017,Regime suitability reflects current fused market state and stock risk profile.
UBS.US,UBS.US,Financials,United States,US,USD,69.42262610147517,41.358285521010934,60,69.42262610147517,55.68413063225168,51.358285521010934,51.358285521010934,51.358285521010934,54.35828552101094,0.019422626101475174,False,False,steady_state_low_chaos,20.596924990401064,0.3979539343665017,Regime suitability reflects current fused market state and stock risk profile.
UL.US,UL.US,Consumer Staples,United States,US,USD,61.71454954846523,82.12296102824183,34.386216798277104,61.71454954846523,60.478835891515146,82.12296102824183,67.12296102824183,67.12296102824183,68.77263798445145,0.01171454954846523,False,False,steady_state_low_chaos,20.596924990401064,0.3979539343665017,Regime suitability reflects current fused market state and stock risk profile.
UMC.US,UMC.US,Technology,United States,US,USD,47.88845331432644,38.98966500356379,35,47.88845331432644,49.44431575196009,48.98966500356379,48.98966500356379,48.98966500356379,51.98966500356379,-0.0021115466856735593,False,False,steady_state_low_chaos,20.596924990401064,0.3979539343665017,Regime suitability reflects current fused market state and stock risk profile.
UNH.US,UNH.US,Healthcare,United States,US,USD,66.42333507958456,78.21573750423372,34.10060711188205,66.42333507958456,61.914308009969254,78.21573750423372,63.215737504233715,63.215737504233715,64.23707315037421,0.016423335079584562,False,False,steady_state_low_chaos,20.596924990401064,0.3979539343665017,Regime suitability reflects current fused market state and stock risk profile.
UNP.US,UNP.US,Industrials,United States,US,USD,59.60292036519971,50.16075560510476,57.90340030911901,59.60292036519971,58.33340850118424,60.16075560510476,60.16075560510476,60.16075560510476,58.54823628516659,0.009602920365199708,False,False,steady_state_low_chaos,20.596924990401064,0.3979539343665017,Regime suitability reflects current fused market state and stock risk profile.
UPS.US,UPS.US,Industrials,United States,US,USD,62.973067347833364,60.138975985877266,60.48251865515218,62.973067347833364,60.20467438525683,70.13897598587727,70.13897598587727,70.13897598587727,74.20051702721206,0.012973067347833364,False,False,steady_state_low_chaos,20.596924990401064,0.3979539343665017,Regime suitability reflects current fused market state and stock risk profile.
USB.US,USB.US,Financials,United States,US,USD,76.45848445372314,59.57247413123591,60,76.45848445372314,69.58868555551771,69.57247413123591,69.57247413123591,69.57247413123591,72.57247413123591,0.026458484453723143,False,False,steady_state_low_chaos,20.596924990401064,0.3979539343665017,Regime suitability reflects current fused market state and stock risk profile.
VALE.US,VALE.US,Materials,United States,US,USD,51.58409517945033,39.0329529340995,62.736503724869884,51.58409517945033,41.060107601273245,49.0329529340995,49.0329529340995,49.0329529340995,58.05326112881323,0.0015840951794503298,False,False,steady_state_low_chaos,20.596924990401064,0.3979539343665017,Regime suitability reflects current fused market state and stock risk profile.
VLO.US,VLO.US,Energy,United States,US,USD,69.93481848502114,50.70659519625152,64.77972912635809,69.93481848502114,61.190984858229776,60.70659519625152,60.70659519625152,60.70659519625152,74.22199927423931,0.01993481848502114,False,False,steady_state_low_chaos,20.596924990401064,0.3979539343665017,Regime suitability reflects current fused market state and stock risk profile.
VTR.US,VTR.US,Real Estate,United States,US,USD,44.854811326500425,33.05381340549847,17.52729976284432,44.854811326500425,37.38102315652083,43.05381340549847,43.05381340549847,43.05381340549847,10.086573120911652,-0.005145188673499576,False,False,steady_state_low_chaos,20.596924990401064,0.3979539343665017,Regime suitability reflects current fused market state and stock risk profile.
VZ.US,VZ.US,Communication Services,United States,US,USD,78.72287488658529,58.91959714245387,27.961856858430263,78.72287488658529,65.77653916482376,68.91959714245387,68.91959714245387,68.91959714245387,56.43568223100045,0.028722874886585287,False,False,steady_state_low_chaos,20.596924990401064,0.3979539343665017,Regime suitability reflects current fused market state and stock risk profile.
WELL.US,WELL.US,Real Estate,United States,US,USD,47.84763364397414,28.37961002061691,9.62472592014224,47.84763364397414,35.666067867765484,38.37961002061691,38.37961002061691,38.37961002061691,0,-0.0021523663560258583,False,False,steady_state_low_chaos,20.596924990401064,0.3979539343665017,Regime suitability reflects current fused market state and stock risk profile.
WFC.US,WFC.US,Financials,United States,US,USD,47.06936928176419,52.932148000364094,60,47.06936928176419,54.400882797291835,62.932148000364094,62.932148000364094,62.932148000364094,65.9321480003641,-0.002930630718235811,False,False,steady_state_low_chaos,20.596924990401064,0.3979539343665017,Regime suitability reflects current fused market state and stock risk profile.
WM.US,WM.US,Industrials,United States,US,USD,54.465857886501695,43.695288111359446,54.234134148035,54.465857886501695,50.4177956451248,53.695288111359446,53.695288111359446,53.695288111359446,44.010383237036436,0.004465857886501695,False,False,steady_state_low_chaos,20.596924990401064,0.3979539343665017,Regime suitability reflects current fused market state and stock risk profile.
WMB.US,WMB.US,Energy,United States,US,USD,47.44188160316785,32.22523050785887,50.219854329646616,47.44188160316785,40.43939851877869,42.22523050785887,42.22523050785887,42.22523050785887,23.70891003308142,-0.00255811839683215,False,False,steady_state_low_chaos,20.596924990401064,0.3979539343665017,Regime suitability reflects current fused market state and stock risk profile.
XEL.US,XEL.US,Utilities,United States,US,USD,42.107634563750885,63.43804668208048,17.162794449822524,42.107634563750885,45.25492645271096,63.43804668208048,48.43804668208048,48.43804668208048,15.033400021867514,-0.007892365436249115,False,False,steady_state_low_chaos,20.596924990401064,0.3979539343665017,Regime suitability reflects current fused market state and stock risk profile.
XOM.US,XOM.US,Energy,United States,US,USD,60.48146804792414,62.06278076683253,67.57927619945774,60.48146804792414,62.343469146952685,72.06278076683253,72.06278076683253,72.06278076683253,91.73718840563956,0.01048146804792414,False,False,steady_state_low_chaos,20.596924990401064,0.3979539343665017,Regime suitability reflects current fused market state and stock risk profile.
YUM.US,YUM.US,Consumer Discretionary,United States,US,USD,61.39315708829953,43.184210865029605,22.586206896551726,61.39315708829953,57.71902746685255,53.184210865029605,53.184210865029605,53.184210865029605,28.873866037443406,0.011393157088299532,False,False,steady_state_low_chaos,20.596924990401064,0.3979539343665017,Regime suitability reflects current fused market state and stock risk profile.
ZTS.US,ZTS.US,Healthcare,United States,US,USD,76.09671066321661,91.13133050529842,36.486851806340624,76.09671066321661,74.85239322221067,91.13133050529842,76.13133050529842,76.13133050529842,82.40240447924779,0.026096710663216612,False,False,steady_state_low_chaos,20.596924990401064,0.3979539343665017,Regime suitability reflects current fused market state and stock risk profile.
ELISA.HE,ELISA.HE,Communication Services,Finland,EU ex-DACH,EUR,51.31048512825968,45.83522953822671,35.14761593729588,51.31048512825968,56.28492819740795,55.83522953822671,55.83522953822671,55.83522953822671,59.15998460027765,0.0013104851282596784,False,False,steady_state_low_chaos,20.596924990401064,0.3979539343665017,Regime suitability reflects current fused market state and stock risk profile.
FORTUM.HE,FORTUM.HE,Utilities,Finland,EU ex-DACH,EUR,30.720658240826474,63.36880550088229,38.59277275886032,30.720658240826474,42.96164066390456,63.36880550088229,48.36880550088229,48.36880550088229,59.272905570374995,-0.019279341759173528,True,False,steady_state_low_chaos,20.596924990401064,0.3979539343665017,Regime suitability reflects current fused market state and stock risk profile.
HIAB.HE,HIAB.HE,Industrials,Finland,EU ex-DACH,EUR,40.871243313565245,44.45084735206804,73.86565507031828,40.871243313565245,59.03219263160081,29.45084735206804,54.45084735206804,54.45084735206804,84.08963343644997,-0.009128756686434755,False,False,steady_state_low_chaos,20.596924990401064,0.3979539343665017,Regime suitability reflects current fused market state and stock risk profile.
HUH1V.HE,HUH1V.HE,Consumer Discretionary,Finland,EU ex-DACH,EUR,55.108170426502575,47.4263543354746,34.05665516615217,55.108170426502575,60.70483578415954,32.4263543354746,57.4263543354746,57.4263543354746,58.35099570100937,0.005108170426502575,False,False,steady_state_low_chaos,20.596924990401064,0.3979539343665017,Regime suitability reflects current fused market state and stock risk profile.
KCR.HE,KCR.HE,Industrials,Finland,EU ex-DACH,EUR,51.19123762091786,39.29554341826075,71.17476432197245,51.19123762091786,52.46605233583507,24.29554341826075,49.29554341826075,49.29554341826075,75.70526060462768,0.0011912376209178603,False,False,steady_state_low_chaos,20.596924990401064,0.3979539343665017,Regime suitability reflects current fused market state and stock risk profile.
KEMIRA.HE,KEMIRA.HE,Materials,Finland,EU ex-DACH,EUR,46.78523135506172,42.47104706982081,64.7759653107578,46.78523135506172,56.69454237046685,52.47104706982081,52.47104706982081,52.47104706982081,65.97817075348797,-0.003214768644938282,False,False,steady_state_low_chaos,20.596924990401064,0.3979539343665017,Regime suitability reflects current fused market state and stock risk profile.
KESKOB.HE,KESKOB.HE,Consumer Staples,Finland,EU ex-DACH,EUR,35.36555904139081,52.20739730399629,31.330256821829856,35.36555904139081,36.412130223301396,52.20739730399629,37.20739730399629,37.20739730399629,32.13396231202197,-0.01463444095860919,False,False,steady_state_low_chaos,20.596924990401064,0.3979539343665017,Regime suitability reflects current fused market state and stock risk profile.
KNEBV.HE,KNEBV.HE,Industrials,Finland,EU ex-DACH,EUR,43.42003980328053,54.95445154907205,68.7629660363938,43.42003980328053,54.06064151928658,39.95445154907205,64.95445154907205,64.95445154907205,87.23297682913842,-0.006579960196719469,False,False,steady_state_low_chaos,20.596924990401064,0.3979539343665017,Regime suitability reflects current fused market state and stock risk profile.
METSO.HE,METSO.HE,Industrials,Finland,EU ex-DACH,EUR,48.593315222285156,36.59884257573697,63.981277533039645,48.593315222285156,53.690944855591766,21.598842575736967,46.59884257573697,46.59884257573697,58.35765314842419,-0.001406684777714844,False,False,steady_state_low_chaos,20.596924990401064,0.3979539343665017,Regime suitability reflects current fused market state and stock risk profile.
NDA-FI.HE,NDA-FI.HE,Financials,Finland,EU ex-DACH,EUR,37.97011915993254,40.95971753456132,60,37.97011915993254,52.40608460251278,50.95971753456132,50.95971753456132,50.95971753456132,53.95971753456132,-0.012029880840067463,False,False,steady_state_low_chaos,20.596924990401064,0.3979539343665017,Regime suitability reflects current fused market state and stock risk profile.
NOKIA.HE,NOKIA.HE,Technology,Finland,EU ex-DACH,EUR,45.382211172566144,55.220569328535944,50.21526853084776,45.382211172566144,52.65180192776154,40.220569328535944,65.22056932853594,65.22056932853594,96.47889156555325,-0.004617788827433856,False,False,steady_state_low_chaos,20.596924990401064,0.3979539343665017,Regime suitability reflects current fused market state and stock risk profile.
ORNBV.HE,ORNBV.HE,Healthcare,Finland,EU ex-DACH,EUR,33.36363942154952,68.38657157085575,43.95770174678793,33.36363942154952,51.15852872868972,68.38657157085575,53.38657157085574,53.38657157085574,76.0935154137892,-0.016636360578450478,True,False,steady_state_low_chaos,20.596924990401064,0.3979539343665017,Regime suitability reflects current fused market state and stock risk profile.
OUT1V.HE,OUT1V.HE,Materials,Finland,EU ex-DACH,EUR,23.565560098732202,33.140624250002354,58.33333333333333,23.565560098732202,43.927152661062195,43.140624250002354,43.140624250002354,43.140624250002354,42.47395758333569,-0.026434439901267797,True,False,steady_state_low_chaos,20.596924990401064,0.3979539343665017,Regime suitability reflects current fused market state and stock risk profile.
SAMPO.HE,SAMPO.HE,Financials,Finland,EU ex-DACH,EUR,50.111588620396304,49.25654182377295,67.05485216161227,50.111588620396304,52.75798829018888,59.25654182377295,59.25654182377295,59.25654182377295,77.77721657931994,0.00011158862039630435,False,False,steady_state_low_chaos,20.596924990401064,0.3979539343665017,Regime suitability reflects current fused market state and stock risk profile.
STERV.HE,STERV.HE,Consumer Discretionary,Finland,EU ex-DACH,EUR,22.313086730291484,35.42607681638086,33.89911383776415,22.313086730291484,37.40643227481037,20.426076816380863,45.42607681638086,45.42607681638086,46.00412725946198,-0.027686913269708516,True,False,steady_state_low_chaos,20.596924990401064,0.3979539343665017,Regime suitability reflects current fused market state and stock risk profile.
TIETO.HE,TIETO.HE,Technology,Finland,EU ex-DACH,EUR,55.820451998464826,48.87959770363267,37.34304635761589,55.820451998464826,61.443940368666375,33.87959770363267,58.87959770363267,58.87959770363267,67.03429969038763,0.0058204519984648255,False,False,steady_state_low_chaos,20.596924990401064,0.3979539343665017,Regime suitability reflects current fused market state and stock risk profile.
TYRES.HE,TYRES.HE,Consumer Discretionary,Finland,EU ex-DACH,EUR,10.487624273601272,22.047043639027173,24.743746186699205,10.487624273601272,19.975658310879798,7.047043639027173,32.04704363902717,32.04704363902717,12.483285249765427,-0.03,True,True,steady_state_low_chaos,20.596924990401064,0.3979539343665017,Regime suitability reflects current fused market state and stock risk profile.
UPM.HE,UPM.HE,Materials,Finland,EU ex-DACH,EUR,55.10656884303832,44.428963360747616,59.32636887608069,55.10656884303832,54.137706121809515,54.428963360747616,54.428963360747616,54.428963360747616,55.94697488812514,0.005106568843038318,False,False,steady_state_low_chaos,20.596924990401064,0.3979539343665017,Regime suitability reflects current fused market state and stock risk profile.
VALMT.HE,VALMT.HE,Industrials,Finland,EU ex-DACH,EUR,58.417517403228565,40.36816642008988,63.009049773755656,58.417517403228565,57.37085445239829,25.368166420089878,50.36816642008988,50.36816642008988,59.988075922352316,0.008417517403228564,False,False,steady_state_low_chaos,20.596924990401064,0.3979539343665017,Regime suitability reflects current fused market state and stock risk profile.
WRT1V.HE,WRT1V.HE,Industrials,Finland,EU ex-DACH,EUR,60.76757537779122,50.427608316383804,79.50757575757576,60.76757537779122,62.97423093338078,35.427608316383804,60.427608316383804,60.427608316383804,96.83669922547472,0.010767575377791218,False,False,steady_state_low_chaos,20.596924990401064,0.3979539343665017,Regime suitability reflects current fused market state and stock risk profile.
ABBN.SW,ABBN.SW,Industrials,Switzerland,DACH,CHF,50.62952380128573,51.44824362522313,68.2656645125035,50.62952380128573,56.56295259063832,36.44824362522313,61.44824362522313,61.44824362522313,82.63270555273085,0.0006295238012857283,False,False,steady_state_low_chaos,20.596924990401064,0.3979539343665017,Regime suitability reflects current fused market state and stock risk profile.
ADEN.SW,ADEN.SW,Industrials,Switzerland,DACH,CHF,60.19216986239079,42.76480697994445,50.51675977653632,60.19216986239079,51.61880378728516,27.764806979944453,52.76480697994445,52.76480697994445,34.90167848832435,0.010192169862390792,False,False,steady_state_low_chaos,20.596924990401064,0.3979539343665017,Regime suitability reflects current fused market state and stock risk profile.
ALLN.SW,ALLN.SW,Real Estate,Switzerland,DACH,CHF,39.57522732641776,25.51524485233893,2.1440025657472717,39.57522732641776,44.10587173229085,35.51524485233893,35.51524485233893,35.51524485233893,0,-0.01042477267358224,False,False,steady_state_low_chaos,20.596924990401064,0.3979539343665017,Regime suitability reflects current fused market state and stock risk profile.
ALSN.SW,ALSN.SW,Technology,Switzerland,DACH,CHF,45.72744437191029,43.777927122385776,52.02532922426207,45.72744437191029,58.316831517364236,28.777927122385776,53.777927122385776,53.777927122385776,87.20832219150026,-0.004272555628089712,False,False,steady_state_low_chaos,20.596924990401064,0.3979539343665017,Regime suitability reflects current fused market state and stock risk profile.
AVOL.SW,AVOL.SW,Consumer Discretionary,Switzerland,DACH,CHF,67.41218922078049,45.06701027433761,27.5569290826285,67.41218922078049,58.3281664431467,30.067010274337612,55.06701027433761,55.06701027433761,41.692254256120314,0.01741218922078049,False,False,steady_state_low_chaos,20.596924990401064,0.3979539343665017,Regime suitability reflects current fused market state and stock risk profile.
BAER.SW,BAER.SW,Financials,Switzerland,DACH,CHF,60.118263025261136,46.839386531127886,60,60.118263025261136,62.05367025121539,56.839386531127886,56.839386531127886,56.839386531127886,59.839386531127886,0.010118263025261136,False,False,steady_state_low_chaos,20.596924990401064,0.3979539343665017,Regime suitability reflects current fused market state and stock risk profile.
BANB.SW,BANB.SW,Healthcare,Switzerland,DACH,CHF,17.77893554905924,54.13239312459532,45.75862845615633,17.77893554905924,29.063761048786162,54.13239312459532,39.13239312459532,39.13239312459532,65.04274727198292,-0.03,True,True,steady_state_low_chaos,20.596924990401064,0.3979539343665017,Regime suitability reflects current fused market state and stock risk profile.
BARN.SW,BARN.SW,Consumer Staples,Switzerland,DACH,CHF,23.420202285916695,54.44775430669307,21.041001528390897,23.420202285916695,37.36085037568354,54.44775430669307,39.44775430669307,39.44775430669307,11.737957669153047,-0.026579797714083305,True,False,steady_state_low_chaos,20.596924990401064,0.3979539343665017,Regime suitability reflects current fused market state and stock risk profile.
BCHN.SW,BCHN.SW,Industrials,Switzerland,DACH,CHF,53.17058278783008,50.86107710585766,78.0813046096371,53.17058278783008,66.8474798801625,35.86107710585766,60.86107710585766,60.86107710585766,95.55864263742218,0.003170582787830078,False,False,steady_state_low_chaos,20.596924990401064,0.3979539343665017,Regime suitability reflects current fused market state and stock risk profile.
BCVN.SW,BCVN.SW,Financials,Switzerland,DACH,CHF,56.51639344262295,36.15645046329294,60,56.51639344262295,47.886047754811116,46.15645046329294,46.15645046329294,46.15645046329294,49.15645046329294,0.006516393442622949,False,False,steady_state_low_chaos,20.596924990401064,0.3979539343665017,Regime suitability reflects current fused market state and stock risk profile.
BEAN.SW,BEAN.SW,Industrials,Switzerland,DACH,CHF,31.53725813871619,37.50624843122839,71.91787295997317,31.53725813871619,42.68031104075665,22.506248431228393,47.50624843122839,47.50624843122839,74.80769598319618,-0.01846274186128381,True,False,steady_state_low_chaos,20.596924990401064,0.3979539343665017,Regime suitability reflects current fused market state and stock risk profile.
BEKN.SW,BEKN.SW,Financials,Switzerland,DACH,CHF,23.212758374910905,33.16286528866714,60,23.212758374910905,46.23957590876693,43.16286528866714,43.16286528866714,43.16286528866714,46.16286528866714,-0.026787241625089095,True,False,steady_state_low_chaos,20.596924990401064,0.3979539343665017,Regime suitability reflects current fused market state and stock risk profile.
BION.SW,BION.SW,Healthcare,Switzerland,DACH,CHF,53.422267604040634,66.01285075270798,35,53.422267604040634,55.962879240353416,66.01285075270798,51.012850752707976,51.012850752707976,54.012850752707976,0.003422267604040634,False,False,steady_state_low_chaos,20.596924990401064,0.3979539343665017,Regime suitability reflects current fused market state and stock risk profile.
BKW.SW,BKW.SW,Utilities,Switzerland,DACH,CHF,42.660674369869234,63.42807105091406,37.594690468016935,42.660674369869234,54.29518200319761,63.42807105091406,48.42807105091406,48.42807105091406,57.136390080551315,-0.007339325630130766,False,False,steady_state_low_chaos,20.596924990401064,0.3979539343665017,Regime suitability reflects current fused market state and stock risk profile.
BOSN.SW,BOSN.SW,Industrials,Switzerland,DACH,CHF,26.56390870477276,30.196114809755855,59.94707504150609,26.56390870477276,40.61386815658308,15.196114809755855,40.196114809755855,40.196114809755855,43.07967990106925,-0.023436091295227238,True,False,steady_state_low_chaos,20.596924990401064,0.3979539343665017,Regime suitability reflects current fused market state and stock risk profile.
BRKN.SW,BRKN.SW,Industrials,Switzerland,DACH,CHF,45.00286329893298,50.41340861847214,74.45503874103662,45.00286329893298,61.94656371028766,35.41340861847214,60.41340861847214,60.41340861847214,90.7594551077161,-0.0049971367010670205,False,False,steady_state_low_chaos,20.596924990401064,0.3979539343665017,Regime suitability reflects current fused market state and stock risk profile.
BUCN.SW,BUCN.SW,Industrials,Switzerland,DACH,CHF,52.70749004347346,52.42419739893762,75.93226886428019,52.70749004347346,62.72679973924967,37.42419739893762,62.42419739893762,62.42419739893762,94.54292003607385,0.002707490043473463,False,False,steady_state_low_chaos,20.596924990401064,0.3979539343665017,Regime suitability reflects current fused market state and stock risk profile.
CFR.SW,CFR.SW,Consumer Discretionary,Switzerland,DACH,CHF,54.30349091641837,55.2289979410116,47.969348659003835,54.30349091641837,61.49199405660178,40.2289979410116,65.2289979410116,65.2289979410116,93.79221633181619,0.004303490916418368,False,False,steady_state_low_chaos,20.596924990401064,0.3979539343665017,Regime suitability reflects current fused market state and stock risk profile.
CLN.SW,CLN.SW,Materials,Switzerland,DACH,CHF,52.28035647471949,36.750646641905846,48.400000000000006,52.28035647471949,49.634967577117365,46.750646641905846,46.750646641905846,46.750646641905846,24.230646641905857,0.0022803564747194897,False,False,steady_state_low_chaos,20.596924990401064,0.3979539343665017,Regime suitability reflects current fused market state and stock risk profile.
CMBN.SW,CMBN.SW,Financials,Switzerland,DACH,CHF,48.91390023179832,40.21596681866055,60,48.91390023179832,54.47509151779385,50.21596681866055,50.21596681866055,50.21596681866055,53.21596681866055,-0.0010860997682016773,False,False,steady_state_low_chaos,20.596924990401064,0.3979539343665017,Regime suitability reflects current fused market state and stock risk profile.
COPN.SW,COPN.SW,Healthcare,Switzerland,DACH,CHF,18.74665152609606,75.18050712305914,66.57551430005017,18.74665152609606,51.61663650041494,75.18050712305914,60.180507123059144,60.180507123059144,100,-0.03,True,True,steady_state_low_chaos,20.596924990401064,0.3979539343665017,Regime suitability reflects current fused market state and stock risk profile.
DKSH.SW,DKSH.SW,Industrials,Switzerland,DACH,CHF,44.68848782948039,50.85775316252909,67.58876404494382,44.68848782948039,58.83135448711006,35.85775316252909,60.85775316252909,60.85775316252909,80.5530340614055,-0.005311512170519613,False,False,steady_state_low_chaos,20.596924990401064,0.3979539343665017,Regime suitability reflects current fused market state and stock risk profile.
DOKA.SW,DOKA.SW,Industrials,Switzerland,DACH,CHF,36.43214015696121,44.49059436142967,65.45419651995905,36.43214015696121,46.84475142398225,29.49059436142967,54.49059436142967,54.49059436142967,69.4898267053396,-0.01356785984303879,False,False,steady_state_low_chaos,20.596924990401064,0.3979539343665017,Regime suitability reflects current fused market state and stock risk profile.
EFGN.SW,EFGN.SW,Financials,Switzerland,DACH,CHF,21.965626175931547,25.816502150917408,60,21.965626175931547,41.324161380386485,35.81650215091741,35.81650215091741,35.81650215091741,38.81650215091741,-0.028034373824068454,True,False,steady_state_low_chaos,20.596924990401064,0.3979539343665017,Regime suitability reflects current fused market state and stock risk profile.
EMMN.SW,EMMN.SW,Consumer Staples,Switzerland,DACH,CHF,42.001471102008566,68.64207688687387,35.65049560384871,42.001471102008566,57.025550963583726,68.64207688687387,53.642076886873866,53.642076886873866,58.07316721534103,-0.007998528897991434,False,False,steady_state_low_chaos,20.596924990401064,0.3979539343665017,Regime suitability reflects current fused market state and stock risk profile.
EMSN.SW,EMSN.SW,Materials,Switzerland,DACH,CHF,30.738083810455517,48.93011484882857,74.61862821310952,30.738083810455517,46.20850688690682,58.93011484882857,58.93011484882857,58.93011484882857,89.47246870455999,-0.01926191618954448,True,False,steady_state_low_chaos,20.596924990401064,0.3979539343665017,Regime suitability reflects current fused market state and stock risk profile.
FHZN.SW,FHZN.SW,Industrials,Switzerland,DACH,CHF,37.3005033930385,48.24497690764947,61.9774856845393,37.3005033930385,58.91066198548123,33.24497690764947,58.24497690764947,58.24497690764947,65.59544541363594,-0.012699496606961503,False,False,steady_state_low_chaos,20.596924990401064,0.3979539343665017,Regime suitability reflects current fused market state and stock risk profile.
FORN.SW,FORN.SW,Industrials,Switzerland,DACH,CHF,40.29255056459087,53.397540190469904,73.24624194702935,40.29255056459087,60.780370552379765,38.397540190469904,63.397540190469904,63.397540190469904,92.29303052690511,-0.00970744943540913,False,False,steady_state_low_chaos,20.596924990401064,0.3979539343665017,Regime suitability reflects current fused market state and stock risk profile.
GEBN.SW,GEBN.SW,Industrials,Switzerland,DACH,CHF,46.97905245683434,55.59660181626613,65.84728372394427,46.97905245683434,58.34821504053555,40.59660181626613,65.59660181626613,65.59660181626613,81.46062600894354,-0.0030209475431656613,False,False,steady_state_low_chaos,20.596924990401064,0.3979539343665017,Regime suitability reflects current fused market state and stock risk profile.
GF.SW,GF.SW,Industrials,Switzerland,DACH,CHF,29.77007019717646,39.053329761672614,57.118491921005386,29.77007019717646,46.63381425047449,24.053329761672614,49.053329761672614,49.053329761672614,45.71401198788446,-0.02022992980282354,True,False,steady_state_low_chaos,20.596924990401064,0.3979539343665017,Regime suitability reflects current fused market state and stock risk profile.
GIVN.SW,GIVN.SW,Materials,Switzerland,DACH,CHF,49.18609755432075,49.96565082702489,59.709009513150534,49.18609755432075,55.58703951156954,59.96565082702489,59.96565082702489,59.96565082702489,62.32547175595606,-0.000813902445679247,False,False,steady_state_low_chaos,20.596924990401064,0.3979539343665017,Regime suitability reflects current fused market state and stock risk profile.
HBAN.SW,HBAN.SW,Financials,Switzerland,DACH,CHF,43.04617438242536,50.235099612332135,70.0967125382263,43.04617438242536,56.04286185091924,60.235099612332135,60.235099612332135,60.235099612332135,85.3511546582037,-0.006953825617574637,False,False,steady_state_low_chaos,20.596924990401064,0.3979539343665017,Regime suitability reflects current fused market state and stock risk profile.
HOLN.SW,HOLN.SW,Materials,Switzerland,DACH,CHF,51.98128454713756,49.4355891097894,63.7779461917393,51.98128454713756,55.581100329160876,59.4355891097894,59.4355891097894,59.4355891097894,70.74707073161585,0.0019812845471375625,False,False,steady_state_low_chaos,20.596924990401064,0.3979539343665017,Regime suitability reflects current fused market state and stock risk profile.
HUBN.SW,HUBN.SW,Technology,Switzerland,DACH,CHF,32.267795135830255,40.67544882169323,53.249029061725885,32.267795135830255,48.620447995412455,25.67544882169323,50.67544882169323,50.67544882169323,85.57428369576431,-0.017732204864169744,True,False,steady_state_low_chaos,20.596924990401064,0.3979539343665017,Regime suitability reflects current fused market state and stock risk profile.
IFCN.SW,IFCN.SW,Technology,Switzerland,DACH,CHF,28.999003568382033,35.12554831811424,48.15809317982166,28.999003568382033,41.86471067871601,20.12554831811424,45.12554831811424,45.12554831811424,73.91526013390023,-0.021000996431617968,True,False,steady_state_low_chaos,20.596924990401064,0.3979539343665017,Regime suitability reflects current fused market state and stock risk profile.
IMPN.SW,IMPN.SW,Industrials,Switzerland,DACH,CHF,51.33819718388368,52.78000745799247,79.85482540962087,51.33819718388368,69.3042220879359,37.78000745799247,62.78000745799247,62.78000745799247,99.6057979495375,0.001338197183883679,False,False,steady_state_low_chaos,20.596924990401064,0.3979539343665017,Regime suitability reflects current fused market state and stock risk profile.
INRN.SW,INRN.SW,Industrials,Switzerland,DACH,CHF,31.78939748248594,44.368457727282234,80.9043798946621,31.78939748248594,53.257678937801785,29.368457727282234,54.368457727282234,54.368457727282234,92.45371360087675,-0.018210602517514062,True,False,steady_state_low_chaos,20.596924990401064,0.3979539343665017,Regime suitability reflects current fused market state and stock risk profile.
JFN.SW,JFN.SW,Industrials,Switzerland,DACH,CHF,35.30470420527441,38.62330060470924,69.0420461499694,35.30470420527441,49.242815332590084,23.623300604709243,48.62330060470924,48.62330060470924,71.51580213464192,-0.014695295794725588,False,False,steady_state_low_chaos,20.596924990401064,0.3979539343665017,Regime suitability reflects current fused market state and stock risk profile.
KARN.SW,KARN.SW,Industrials,Switzerland,DACH,CHF,24.441486525262217,36.864578757225786,75.88514680483593,24.441486525262217,43.417576187819876,21.864578757225786,46.864578757225786,46.864578757225786,78.9267549230289,-0.025558513474737782,True,False,steady_state_low_chaos,20.596924990401064,0.3979539343665017,Regime suitability reflects current fused market state and stock risk profile.
KNIN.SW,KNIN.SW,Industrials,Switzerland,DACH,CHF,50.63434386126868,46.81534644494165,62.67473732297853,50.63434386126868,49.16411714956871,31.815346444941653,56.81534644494165,56.81534644494165,65.69976855549442,0.0006343438612686825,False,False,steady_state_low_chaos,20.596924990401064,0.3979539343665017,Regime suitability reflects current fused market state and stock risk profile.
LISN.SW,LISN.SW,Consumer Staples,Switzerland,DACH,CHF,29.15938162238902,73.61645066401482,40.47592912027599,29.15938162238902,49.54130952348187,73.61645066401482,58.61645066401482,58.61645066401482,73.663494728622,-0.02084061837761098,True,False,steady_state_low_chaos,20.596924990401064,0.3979539343665017,Regime suitability reflects current fused market state and stock risk profile.
LLBN.SW,LLBN.SW,Financials,Switzerland,DACH,CHF,15.23079226014403,25.213726474382483,60,15.23079226014403,38.07941330888295,35.21372647438248,35.21372647438248,35.21372647438248,38.21372647438248,-0.03,True,True,steady_state_low_chaos,20.596924990401064,0.3979539343665017,Regime suitability reflects current fused market state and stock risk profile.
LOGN.SW,LOGN.SW,Technology,Switzerland,DACH,CHF,62.02073754382878,50.53868993686579,54.58478645995167,62.02073754382878,62.46549369660966,35.53868993686579,60.53868993686579,60.53868993686579,97.0404336888078,0.012020737543828779,False,False,steady_state_low_chaos,20.596924990401064,0.3979539343665017,Regime suitability reflects current fused market state and stock risk profile.
LUKN.SW,LUKN.SW,Financials,Switzerland,DACH,CHF,20.4543834640057,38.09871703492516,60,20.4543834640057,48.95429436920884,48.09871703492516,48.09871703492516,48.09871703492516,51.09871703492516,-0.029545616535994298,True,False,steady_state_low_chaos,20.596924990401064,0.3979539343665017,Regime suitability reflects current fused market state and stock risk profile.
MOBN.SW,MOBN.SW,Real Estate,Switzerland,DACH,CHF,17.211488124048454,16.1214325618776,8.39707512903842,17.211488124048454,25.237825536805808,26.1214325618776,26.1214325618776,26.1214325618776,0,-0.03,True,True,steady_state_low_chaos,20.596924990401064,0.3979539343665017,Regime suitability reflects current fused market state and stock risk profile.
NESN.SW,NESN.SW,Consumer Staples,Switzerland,DACH,CHF,60.30047240164076,78.0372598672588,28.472265070648483,60.30047240164076,55.90957907051316,78.0372598672588,63.037259867258804,63.037259867258804,51.67624302268547,0.01030047240164076,False,False,steady_state_low_chaos,20.596924990401064,0.3979539343665017,Regime suitability reflects current fused market state and stock risk profile.
NOVN.SW,NOVN.SW,Healthcare,Switzerland,DACH,CHF,62.72320454419196,84.58693861470205,39.75461198019368,62.72320454419196,62.12282171405721,84.58693861470205,69.58693861470205,69.58693861470205,83.04708497112814,0.012723204544191959,False,False,steady_state_low_chaos,20.596924990401064,0.3979539343665017,Regime suitability reflects current fused market state and stock risk profile.
OERL.SW,OERL.SW,Industrials,Switzerland,DACH,CHF,34.73178564109942,20.828681017443486,34.920212765957444,34.73178564109942,32.32266767538278,5.828681017443486,30.828681017443486,30.828681017443486,0,-0.01526821435890058,True,False,steady_state_low_chaos,20.596924990401064,0.3979539343665017,Regime suitability reflects current fused market state and stock risk profile.
PGHN.SW,PGHN.SW,Financials,Switzerland,DACH,CHF,66.0036484536898,56.28660242932824,63.443654266958426,66.0036484536898,63.30195157080533,66.28660242932824,66.28660242932824,66.28660242932824,76.86264181663677,0.016003648453689807,False,False,steady_state_low_chaos,20.596924990401064,0.3979539343665017,Regime suitability reflects current fused market state and stock risk profile.
PSPN.SW,PSPN.SW,Real Estate,Switzerland,DACH,CHF,34.96730456886722,27.44482655031092,14.222368703663925,34.96730456886722,43.12363890071464,37.44482655031092,37.44482655031092,37.44482655031092,0.5116689947076338,-0.01503269543113278,True,False,steady_state_low_chaos,20.596924990401064,0.3979539343665017,Regime suitability reflects current fused market state and stock risk profile.
ROP.SW,ROP.SW,Healthcare,Switzerland,DACH,CHF,60.60476837533655,87.13932870189598,38.639944713199725,60.60476837533655,63.391772856644025,87.13932870189598,72.13932870189598,72.13932870189598,83.14720707093537,0.010604768375336547,False,False,steady_state_low_chaos,20.596924990401064,0.3979539343665017,Regime suitability reflects current fused market state and stock risk profile.
SCHP.SW,SCHP.SW,Industrials,Switzerland,DACH,CHF,50.89522222218526,60.39557925757353,74.69942196531792,50.89522222218526,64.55648224603193,45.39557925757353,70.39557925757353,70.39557925757353,100,0.0008952222221852608,False,False,steady_state_low_chaos,20.596924990401064,0.3979539343665017,Regime suitability reflects current fused market state and stock risk profile.
SCMN.SW,SCMN.SW,Communication Services,Switzerland,DACH,CHF,60.12112880113402,57.497399516179414,42.83038815888838,60.12112880113402,60.78505974223992,67.49739951617941,67.49739951617941,67.49739951617941,87.72425346573385,0.01012112880113402,False,False,steady_state_low_chaos,20.596924990401064,0.3979539343665017,Regime suitability reflects current fused market state and stock risk profile.
SFSN.SW,SFSN.SW,Industrials,Switzerland,DACH,CHF,41.96943090509081,46.65251931117404,68.19456617002629,41.96943090509081,58.18647996373626,31.65251931117404,56.65251931117404,56.65251931117404,77.68056488523189,-0.00803056909490919,False,False,steady_state_low_chaos,20.596924990401064,0.3979539343665017,Regime suitability reflects current fused market state and stock risk profile.
SGKN.SW,SGKN.SW,Financials,Switzerland,DACH,CHF,51.29900213827513,34.98039914468995,60,51.29900213827513,47.23921952957947,44.98039914468995,44.98039914468995,44.98039914468995,47.98039914468995,0.001299002138275128,False,False,steady_state_low_chaos,20.596924990401064,0.3979539343665017,Regime suitability reflects current fused market state and stock risk profile.
SGSN.SW,SGSN.SW,Industrials,Switzerland,DACH,CHF,42.54622104775255,46.157745109371064,61.46609042553192,42.54622104775255,45.047347649475086,31.157745109371064,56.157745109371064,56.157745109371064,62.38314404554128,-0.007453778952247447,False,False,steady_state_low_chaos,20.596924990401064,0.3979539343665017,Regime suitability reflects current fused market state and stock risk profile.
SIKA.SW,SIKA.SW,Materials,Switzerland,DACH,CHF,48.76257444372642,42.38306736009045,58.54084561864448,48.76257444372642,46.093043987356694,52.38306736009045,52.38306736009045,52.38306736009045,52.17292772110831,-0.0012374255562735783,False,False,steady_state_low_chaos,20.596924990401064,0.3979539343665017,Regime suitability reflects current fused market state and stock risk profile.
SLHN.SW,SLHN.SW,Financials,Switzerland,DACH,CHF,59.15460585917804,49.6827777316092,95,59.15460585917804,60.83898953670857,59.6827777316092,59.6827777316092,59.6827777316092,100,0.009154605859178041,False,False,steady_state_low_chaos,20.596924990401064,0.3979539343665017,Regime suitability reflects current fused market state and stock risk profile.
SOON.SW,SOON.SW,Healthcare,Switzerland,DACH,CHF,52.17479070893004,79.07832567362146,39.683034275276675,52.17479070893004,62.96999921841052,79.07832567362146,64.07832567362146,64.07832567362146,77.38100107923015,0.00217479070893004,False,False,steady_state_low_chaos,20.596924990401064,0.3979539343665017,Regime suitability reflects current fused market state and stock risk profile.
SPSN.SW,SPSN.SW,Real Estate,Switzerland,DACH,CHF,38.10675190534344,27.68647435250832,0,38.10675190534344,42.34439790729691,37.68647435250832,37.68647435250832,37.68647435250832,0,-0.011893248094656562,False,False,steady_state_low_chaos,20.596924990401064,0.3979539343665017,Regime suitability reflects current fused market state and stock risk profile.
SQN.SW,SQN.SW,Financials,Switzerland,DACH,CHF,67.8939416494288,31.83800027194207,60,67.8939416494288,55.37845958418147,41.83800027194207,41.83800027194207,41.83800027194207,44.83800027194207,0.017893941649428795,False,False,steady_state_low_chaos,20.596924990401064,0.3979539343665017,Regime suitability reflects current fused market state and stock risk profile.
SREN.SW,SREN.SW,Financials,Switzerland,DACH,CHF,63.77130444818963,56.25285005053581,65.77064857369534,63.77130444818963,64.29420053535915,66.25285005053581,66.25285005053581,66.25285005053581,81.94827691266555,0.013771304448189631,False,False,steady_state_low_chaos,20.596924990401064,0.3979539343665017,Regime suitability reflects current fused market state and stock risk profile.
SUN.SW,SUN.SW,Industrials,Switzerland,DACH,CHF,43.77775630146602,47.547233021095586,67.52269779507134,43.77775630146602,61.755013271938736,32.547233021095586,57.547233021095586,57.547233021095586,77.09716817025253,-0.0062222436985339795,False,False,steady_state_low_chaos,20.596924990401064,0.3979539343665017,Regime suitability reflects current fused market state and stock risk profile.
TECN.SW,TECN.SW,Healthcare,Switzerland,DACH,CHF,39.78659816909194,77.99287100663679,50.65172293019371,39.78659816909194,57.13517131320873,77.99287100663679,62.99287100663679,62.99287100663679,94.77493852286925,-0.010213401830908062,False,False,steady_state_low_chaos,20.596924990401064,0.3979539343665017,Regime suitability reflects current fused market state and stock risk profile.
TEMN.SW,TEMN.SW,Technology,Switzerland,DACH,CHF,49.74698762593705,50.25194313098395,38.70575453553049,49.74698762593705,63.434894223793265,35.25194313098395,60.25194313098395,60.25194313098395,71.40460310915103,-0.00025301237406294777,False,False,steady_state_low_chaos,20.596924990401064,0.3979539343665017,Regime suitability reflects current fused market state and stock risk profile.
UBSG.SW,UBSG.SW,Financials,Switzerland,DACH,CHF,74.5037023666213,46.904436625786424,60,74.5037023666213,58.550087510370005,56.904436625786424,56.904436625786424,56.904436625786424,59.90443662578642,0.024503702366621298,False,False,steady_state_low_chaos,20.596924990401064,0.3979539343665017,Regime suitability reflects current fused market state and stock risk profile.
UHR.SW,UHR.SW,Consumer Discretionary,Switzerland,DACH,CHF,23.0394080401109,50.841202260602586,53.31623931623932,23.0394080401109,39.7302109146969,35.841202260602586,60.841202260602586,60.841202260602586,95.82068944008977,-0.0269605919598891,True,False,steady_state_low_chaos,20.596924990401064,0.3979539343665017,Regime suitability reflects current fused market state and stock risk profile.
VACN.SW,VACN.SW,Industrials,Switzerland,DACH,CHF,34.58874800577412,36.023586658514134,68.26724135146745,34.58874800577412,39.49249827758954,21.023586658514134,46.023586658514134,46.023586658514134,67.21151763174252,-0.015411251994225878,True,False,steady_state_low_chaos,20.596924990401064,0.3979539343665017,Regime suitability reflects current fused market state and stock risk profile.
VATN.SW,VATN.SW,Financials,Switzerland,DACH,CHF,28.708125445473982,34.41019244476122,60,28.708125445473982,46.92560584461867,44.41019244476122,44.41019244476122,44.41019244476122,47.41019244476122,-0.021291874554526018,True,False,steady_state_low_chaos,20.596924990401064,0.3979539343665017,Regime suitability reflects current fused market state and stock risk profile.
VONN.SW,VONN.SW,Financials,Switzerland,DACH,CHF,57.58720088601507,36.26201142606615,60,57.58720088601507,53.971607107848484,46.26201142606615,46.26201142606615,46.26201142606615,49.26201142606615,0.007587200886015068,False,False,steady_state_low_chaos,20.596924990401064,0.3979539343665017,Regime suitability reflects current fused market state and stock risk profile.
VZN.SW,VZN.SW,Financials,Switzerland,DACH,CHF,34.83156867863961,43.16347156915354,89.70805047082919,34.83156867863961,57.09737985536542,53.16347156915354,53.16347156915354,53.16347156915354,100,-0.015168431321360388,True,False,steady_state_low_chaos,20.596924990401064,0.3979539343665017,Regime suitability reflects current fused market state and stock risk profile.
YPSN.SW,YPSN.SW,Healthcare,Switzerland,DACH,CHF,27.823292903103717,67.8425382367132,41.4424364430799,27.823292903103717,52.35478382038579,67.8425382367132,52.842538236713196,52.842538236713196,70.01589841148898,-0.022176707096896283,True,False,steady_state_low_chaos,20.596924990401064,0.3979539343665017,Regime suitability reflects current fused market state and stock risk profile.
ZURN.SW,ZURN.SW,Financials,Switzerland,DACH,CHF,60.66358794046904,57.21108536833218,71.07550854293933,60.66358794046904,64.16130364480372,67.21108536833218,67.21108536833218,67.21108536833218,93.50169561985938,0.010663587940469043,False,False,steady_state_low_chaos,20.596924990401064,0.3979539343665017,Regime suitability reflects current fused market state and stock risk profile.
ALMB.CO,ALMB.CO,Financials,Denmark,EU ex-DACH,DKK,36.154062248391305,41.308937044672255,67.80158069883528,36.154062248391305,52.87955736728302,51.308937044672255,51.308937044672255,51.308937044672255,71.47241458210986,-0.013845937751608695,False,False,steady_state_low_chaos,20.596924990401064,0.3979539343665017,Regime suitability reflects current fused market state and stock risk profile.
ALSYDB.CO,ALSYDB.CO,Financials,Denmark,EU ex-DACH,DKK,61.60404334923459,33.59712494602186,60,61.60404334923459,55.18239544068523,43.59712494602186,43.59712494602186,43.59712494602186,46.59712494602186,0.011604043349234587,False,False,steady_state_low_chaos,20.596924990401064,0.3979539343665017,Regime suitability reflects current fused market state and stock risk profile.
CARL-B.CO,CARL-B.CO,Consumer Staples,Denmark,EU ex-DACH,DKK,51.80674947652513,65.76294478943274,27.45530324805979,51.80674947652513,54.07365951200929,65.76294478943274,50.76294478943274,50.76294478943274,37.164611935164274,0.001806749476525127,False,False,steady_state_low_chaos,20.596924990401064,0.3979539343665017,Regime suitability reflects current fused market state and stock risk profile.
COLO-B.CO,COLO-B.CO,Healthcare,Denmark,EU ex-DACH,DKK,34.03020688519304,69.53595080743486,32.122051886792455,34.03020688519304,49.08747453652707,69.53595080743486,54.535950807434865,54.535950807434865,51.20446495837827,-0.015969793114806962,True,False,steady_state_low_chaos,20.596924990401064,0.3979539343665017,Regime suitability reflects current fused market state and stock risk profile.
DANSKE.CO,DANSKE.CO,Financials,Denmark,EU ex-DACH,DKK,57.06788451901619,41.97497300691362,60,57.06788451901619,52.48259782782933,51.97497300691362,51.97497300691362,51.97497300691362,54.974973006913615,0.007067884519016189,False,False,steady_state_low_chaos,20.596924990401064,0.3979539343665017,Regime suitability reflects current fused market state and stock risk profile.
ISS.CO,ISS.CO,Industrials,Denmark,EU ex-DACH,DKK,56.200014881492606,46.09134873070192,58.324002799160255,56.200014881492606,61.2598322619825,31.091348730701917,56.09134873070192,56.09134873070192,55.404154888854464,0.0062000148814926066,False,False,steady_state_low_chaos,20.596924990401064,0.3979539343665017,Regime suitability reflects current fused market state and stock risk profile.
JYSK.CO,JYSK.CO,Financials,Denmark,EU ex-DACH,DKK,56.98848759552905,38.45374610351657,60,56.98848759552905,61.01455708524542,48.45374610351657,48.45374610351657,48.45374610351657,51.45374610351657,0.006988487595529051,False,False,steady_state_low_chaos,20.596924990401064,0.3979539343665017,Regime suitability reflects current fused market state and stock risk profile.
MAERSK-B.CO,MAERSK-B.CO,Industrials,Denmark,EU ex-DACH,DKK,58.8316746451645,37.68880241263671,66.15339892665475,58.8316746451645,44.54851913414826,22.68880241263671,47.68880241263671,47.68880241263671,64.22628005127714,0.008831674645164498,False,False,steady_state_low_chaos,20.596924990401064,0.3979539343665017,Regime suitability reflects current fused market state and stock risk profile.
NOVO-B.CO,NOVO-B.CO,Healthcare,Denmark,EU ex-DACH,DKK,55.097185163698356,85.66669186076565,41.666411449061755,55.097185163698356,68.75642261302697,85.66669186076565,70.66669186076565,70.66669186076565,88.33279704870151,0.005097185163698356,False,False,steady_state_low_chaos,20.596924990401064,0.3979539343665017,Regime suitability reflects current fused market state and stock risk profile.
NSIS-B.CO,NSIS-B.CO,Materials,Denmark,EU ex-DACH,DKK,41.976199593633694,58.66032381115369,71.06599350883519,41.976199593633694,60.25411305884838,68.66032381115369,68.66032381115369,68.66032381115369,94.93951602175592,-0.008023800406366306,False,False,steady_state_low_chaos,20.596924990401064,0.3979539343665017,Regime suitability reflects current fused market state and stock risk profile.
PNDORA.CO,PNDORA.CO,Consumer Discretionary,Denmark,EU ex-DACH,DKK,62.0641755213346,51.89896128436045,38.36926051232479,62.0641755213346,62.522622811671845,36.89896128436045,61.89896128436045,61.89896128436045,72.311334411475,0.012064175521334597,False,False,steady_state_low_chaos,20.596924990401064,0.3979539343665017,Regime suitability reflects current fused market state and stock risk profile.
RBREW.CO,RBREW.CO,Consumer Staples,Denmark,EU ex-DACH,DKK,51.42396671088359,67.97158193033961,35.28813559322034,51.42396671088359,57.64169392466684,67.97158193033961,52.97158193033961,52.97158193033961,56.60548023542435,0.0014239667108835903,False,False,steady_state_low_chaos,20.596924990401064,0.3979539343665017,Regime suitability reflects current fused market state and stock risk profile.
ROCK-B.CO,ROCK-B.CO,Industrials,Denmark,EU ex-DACH,DKK,33.36310070658589,44.793934493902945,68.33663366336634,33.36310070658589,49.874559564973175,29.793934493902945,54.793934493902945,54.793934493902945,76.13452855330888,-0.01663689929341411,True,False,steady_state_low_chaos,20.596924990401064,0.3979539343665017,Regime suitability reflects current fused market state and stock risk profile.
TRMD-A.CO,TRMD-A.CO,Energy,Denmark,EU ex-DACH,DKK,40.98732308845866,28.044684222892656,62.70041465100207,40.98732308845866,41.3468274821437,38.044684222892656,38.044684222892656,38.044684222892656,46.985596455097216,-0.009012676911541341,False,False,steady_state_low_chaos,20.596924990401064,0.3979539343665017,Regime suitability reflects current fused market state and stock risk profile.
TRYG.CO,TRYG.CO,Financials,Denmark,EU ex-DACH,DKK,52.335454296286855,51.00471196790684,68.07494800410964,52.335454296286855,59.45624512060497,61.00471196790684,61.00471196790684,61.00471196790684,81.76959757694806,0.002335454296286855,False,False,steady_state_low_chaos,20.596924990401064,0.3979539343665017,Regime suitability reflects current fused market state and stock risk profile.
601127.SHG,601127.SHG,Consumer Discretionary,China,Mainland China,CNY,80.48548903501884,53.14333627743175,70,80.48548903501884,65.57144467106653,63.14333627743175,51.476669610765086,63.14333627743175,100,0.03,False,False,steady_state_low_chaos,20.596924990401064,0.3979539343665017,Regime suitability reflects current fused market state and stock risk profile.
CTEC.LSE,CTEC.LSE,Healthcare,United Kingdom,UK,GBX,47.347790522372065,70.76630627484907,30.949612403100772,47.347790522372065,55.051424761725194,70.76630627484907,55.76630627484907,55.76630627484907,49.85545356167077,-0.0026522094776279346,False,False,steady_state_low_chaos,20.596924990401064,0.3979539343665017,Regime suitability reflects current fused market state and stock risk profile.
1113.HK,1113.HK,Real Estate,Hong Kong,Hong Kong,HKD,61.41270294802455,59.38957708842794,41.025346238169085,61.41270294802455,65.69030345654252,69.38957708842794,69.38957708842794,69.38957708842794,85.64533881239993,0.011412702948024553,False,False,steady_state_low_chaos,20.596924990401064,0.3979539343665017,Regime suitability reflects current fused market state and stock risk profile.
1258.HK,1258.HK,Materials,Hong Kong,Hong Kong,HKD,53.108278213441054,35.99374520591478,76.95149722765345,53.108278213441054,45.027567805531945,45.99374520591478,45.99374520591478,45.99374520591478,79.33554187909891,0.003108278213441054,False,False,steady_state_low_chaos,20.596924990401064,0.3979539343665017,Regime suitability reflects current fused market state and stock risk profile.
1415.HK,1415.HK,Technology,Hong Kong,Hong Kong,HKD,62.33763780749349,40.89310128957553,44.70447190157362,62.33763780749349,63.45575642662938,50.89310128957553,39.22643462290887,50.89310128957553,75.2429394730375,0.012337637807493494,False,False,steady_state_low_chaos,20.596924990401064,0.3979539343665017,Regime suitability reflects current fused market state and stock risk profile.
1508.HK,1508.HK,Financials,Hong Kong,Hong Kong,HKD,59.75168314350397,55.309852077352645,95,59.75168314350397,67.96853014371743,65.30985207735264,53.64318541068598,65.30985207735264,100,0.009751683143503968,False,False,steady_state_low_chaos,20.596924990401064,0.3979539343665017,Regime suitability reflects current fused market state and stock risk profile.
1530.HK,1530.HK,Healthcare,Hong Kong,Hong Kong,HKD,72.13487170372646,78.61889064266788,52.3698266827537,72.13487170372646,63.48158474227235,78.61889064266788,63.61889064266787,63.61889064266787,97.46268266197232,0.02213487170372646,False,False,steady_state_low_chaos,20.596924990401064,0.3979539343665017,Regime suitability reflects current fused market state and stock risk profile.
1585.HK,1585.HK,Consumer Discretionary,Hong Kong,Hong Kong,HKD,66.27278383646266,41.33169520545622,56.33381084205041,66.27278383646266,64.0186498055235,51.33169520545622,51.33169520545622,51.33169520545622,89.93226821591671,0.016272783836462665,False,False,steady_state_low_chaos,20.596924990401064,0.3979539343665017,Regime suitability reflects current fused market state and stock risk profile.
1776.HK,1776.HK,Financials,Hong Kong,Hong Kong,HKD,29.33362836191464,44.40030576915092,60,29.33362836191464,53.787974437761264,54.40030576915092,54.40030576915092,54.40030576915092,57.40030576915092,-0.020666371638085358,True,False,steady_state_low_chaos,20.596924990401064,0.3979539343665017,Regime suitability reflects current fused market state and stock risk profile.
1816.HK,1816.HK,Utilities,Hong Kong,Hong Kong,HKD,27.283806219016434,53.59799415806947,0,27.283806219016434,39.86779518094295,53.59799415806947,38.59799415806947,38.59799415806947,0,-0.022716193780983565,True,False,steady_state_low_chaos,20.596924990401064,0.3979539343665017,Regime suitability reflects current fused market state and stock risk profile.
1908.HK,1908.HK,Real Estate,Hong Kong,Hong Kong,HKD,60.58304188800375,43.332431016331384,28.98969210539091,60.58304188800375,51.89745063395665,53.332431016331384,41.66576434966472,53.332431016331384,43.109753648191386,0.010583041888003748,False,False,steady_state_low_chaos,20.596924990401064,0.3979539343665017,Regime suitability reflects current fused market state and stock risk profile.
2016.HK,2016.HK,Financials,Hong Kong,Hong Kong,HKD,24.18875395164368,22.104582931552834,60,24.18875395164368,47.86843560547133,32.104582931552834,20.43791626488617,32.104582931552834,35.104582931552834,-0.025811246048356322,True,False,steady_state_low_chaos,20.596924990401064,0.3979539343665017,Regime suitability reflects current fused market state and stock risk profile.
2588.HK,2588.HK,Industrials,Hong Kong,Hong Kong,HKD,19.082129451479467,13.550161704727472,20,19.082129451479467,29.074170098768143,23.550161704727472,11.883495038060806,23.550161704727472,0,-0.03,True,True,steady_state_low_chaos,20.596924990401064,0.3979539343665017,Regime suitability reflects current fused market state and stock risk profile.
3606.HK,3606.HK,Consumer Discretionary,Hong Kong,Hong Kong,HKD,48.71130199802133,44.34882227024943,45.84289080825604,48.71130199802133,57.41324623387447,54.34882227024943,54.34882227024943,54.34882227024943,80.36029124015667,-0.0012886980019786733,False,False,steady_state_low_chaos,20.596924990401064,0.3979539343665017,Regime suitability reflects current fused market state and stock risk profile.
3698.HK,3698.HK,Financials,Hong Kong,Hong Kong,HKD,63.91658968831859,26.507471404495966,60,63.91658968831859,53.05128909065818,36.507471404495966,36.507471404495966,36.507471404495966,39.507471404495966,0.013916589688318588,False,False,steady_state_low_chaos,20.596924990401064,0.3979539343665017,Regime suitability reflects current fused market state and stock risk profile.
3908.HK,3908.HK,Financials,Hong Kong,Hong Kong,HKD,71.75100167297272,28.57379866977942,20,71.75100167297272,51.32554733014699,38.57379866977942,38.57379866977942,38.57379866977942,0,0.021751001672972718,False,False,steady_state_low_chaos,20.596924990401064,0.3979539343665017,Regime suitability reflects current fused market state and stock risk profile.
3958.HK,3958.HK,Financials,Hong Kong,Hong Kong,HKD,27.42872416250891,38.7223806129722,60,27.42872416250891,49.29730933713471,48.7223806129722,37.05571394630554,48.7223806129722,51.7223806129722,-0.02257127583749109,True,False,steady_state_low_chaos,20.596924990401064,0.3979539343665017,Regime suitability reflects current fused market state and stock risk profile.
3996.HK,3996.HK,Industrials,Hong Kong,Hong Kong,HKD,26.52635277806759,15.581138859397633,27.601784761655765,26.52635277806759,42.02586876434566,25.581138859397633,13.914472192730967,25.581138859397633,0,-0.02347364722193241,True,False,steady_state_low_chaos,20.596924990401064,0.3979539343665017,Regime suitability reflects current fused market state and stock risk profile.
6198.HK,6198.HK,Industrials,Hong Kong,Hong Kong,HKD,48.96753125193734,40.341842147677475,76.83356747947789,48.96753125193734,56.8813760890948,50.341842147677475,38.67517548101081,50.341842147677475,83.54212312305094,-0.0010324687480626623,False,False,steady_state_low_chaos,20.596924990401064,0.3979539343665017,Regime suitability reflects current fused market state and stock risk profile.
6886.HK,6886.HK,Financials,Hong Kong,Hong Kong,HKD,29.43679155910064,45.385306260777014,60,29.43679155910064,52.73494227162855,55.385306260777014,55.385306260777014,55.385306260777014,58.385306260777014,-0.020563208440899358,True,False,steady_state_low_chaos,20.596924990401064,0.3979539343665017,Regime suitability reflects current fused market state and stock risk profile.
0288.HK,0288.HK,Consumer Staples,Hong Kong,Hong Kong,HKD,67.87947682688025,79.29623861540665,44.20871902060316,67.87947682688025,65.02224840505721,79.29623861540665,64.29623861540665,64.29623861540665,87.55542046073361,0.01787947682688025,False,False,steady_state_low_chaos,20.596924990401064,0.3979539343665017,Regime suitability reflects current fused market state and stock risk profile.
6178.HK,6178.HK,Financials,Hong Kong,Hong Kong,HKD,54.72207520791891,41.26161873368814,60,54.72207520791891,54.68718463713932,51.26161873368814,51.26161873368814,51.26161873368814,54.26161873368814,0.004722075207918912,False,False,steady_state_low_chaos,20.596924990401064,0.3979539343665017,Regime suitability reflects current fused market state and stock risk profile.
600919.SHG,600919.SHG,Financials,China,Mainland China,CNY,82.91626398921386,58.228550237688154,60,82.91626398921386,71.36987994381306,68.22855023768815,56.56188357102149,68.22855023768815,71.22855023768815,0.03,False,False,steady_state_low_chaos,20.596924990401064,0.3979539343665017,Regime suitability reflects current fused market state and stock risk profile.
1658.HK,1658.HK,Financials,Hong Kong,Hong Kong,HKD,73.07628955536174,52.482962145490546,60,73.07628955536174,70.12006439186715,62.482962145490546,50.81629547882388,62.482962145490546,65.48296214549055,0.02307628955536174,False,False,steady_state_low_chaos,20.596924990401064,0.3979539343665017,Regime suitability reflects current fused market state and stock risk profile.
6099.HK,6099.HK,Financials,Hong Kong,Hong Kong,HKD,22.785862158239276,30.77821230425095,60,22.785862158239276,39.38475044742023,40.77821230425095,29.111545637584285,40.77821230425095,43.77821230425095,-0.027214137841760723,True,False,steady_state_low_chaos,20.596924990401064,0.3979539343665017,Regime suitability reflects current fused market state and stock risk profile.
3320.HK,3320.HK,Healthcare,Hong Kong,Hong Kong,HKD,58.95756685683084,66.04472219379132,29.204549960753088,58.95756685683084,55.40401342705188,66.04472219379132,51.044722193791316,51.044722193791316,41.29473210744811,0.008957566856830837,False,False,steady_state_low_chaos,20.596924990401064,0.3979539343665017,Regime suitability reflects current fused market state and stock risk profile.
600926.SHG,600926.SHG,Financials,China,Mainland China,CNY,79.04247982811292,54.193869870095924,60,79.04247982811292,67.8862428048466,64.19386987009592,64.19386987009592,64.19386987009592,67.19386987009592,0.029042479828112918,False,False,steady_state_low_chaos,20.596924990401064,0.3979539343665017,Regime suitability reflects current fused market state and stock risk profile.
PSH.LSE,PSH.LSE,Financials,United Kingdom,UK,GBX,28.31410059288295,31.31335054058384,60,28.31410059288295,44.97233243038629,41.31335054058384,41.31335054058384,56.31335054058384,44.31335054058384,-0.02168589940711705,True,False,steady_state_low_chaos,20.596924990401064,0.3979539343665017,Regime suitability reflects current fused market state and stock risk profile.
6066.HK,6066.HK,Financials,Hong Kong,Hong Kong,HKD,65.78288611961618,48.61337400764764,95,65.78288611961618,61.78989648746591,58.61337400764764,46.94670734098098,58.61337400764764,100,0.01578288611961618,False,False,steady_state_low_chaos,20.596924990401064,0.3979539343665017,Regime suitability reflects current fused market state and stock risk profile.
601229.SHG,601229.SHG,Financials,China,Mainland China,CNY,36.91564867613141,54.499875314434576,60,36.91564867613141,60.52267562755275,64.49987531443458,52.83320864776791,64.49987531443458,67.49987531443458,-0.01308435132386859,False,False,steady_state_low_chaos,20.596924990401064,0.3979539343665017,Regime suitability reflects current fused market state and stock risk profile.
1357.HK,1357.HK,Communication Services,Hong Kong,Hong Kong,HKD,59.950318107291665,53.62656364144701,62.12173306700855,59.950318107291665,63.2430232744354,63.62656364144701,51.95989697478034,63.62656364144701,100,0.009950318107291665,False,False,steady_state_low_chaos,20.596924990401064,0.3979539343665017,Regime suitability reflects current fused market state and stock risk profile.
600909.SHG,600909.SHG,Financials,China,Mainland China,CNY,79.03783186081836,62.0767121987212,60,79.03783186081836,69.50785741610385,72.0767121987212,72.0767121987212,72.0767121987212,75.0767121987212,0.029037831860818358,False,False,steady_state_low_chaos,20.596924990401064,0.3979539343665017,Regime suitability reflects current fused market state and stock risk profile.
GALE.SW,GALE.SW,Healthcare,Switzerland,DACH,CHF,46.025899864368306,72.08156502224666,43.17496818398745,46.025899864368306,57.72252979669027,72.08156502224666,57.081565022246664,57.081565022246664,78.06649502701906,-0.003974100135631695,False,False,steady_state_low_chaos,20.596924990401064,0.3979539343665017,Regime suitability reflects current fused market state and stock risk profile.
AYV.PA,AYV.PA,Industrials,France,EU ex-DACH,EUR,56.11523434300339,33.72700128421509,53.84273604481292,56.11523434300339,48.96198430260216,18.727001284215092,43.72700128421509,43.72700128421509,33.18102058280352,0.006115234343003387,False,False,steady_state_low_chaos,20.596924990401064,0.3979539343665017,Regime suitability reflects current fused market state and stock risk profile.
603929.SHG,603929.SHG,Industrials,China,Mainland China,CNY,64.59852897270972,52.186506541447784,87.33527942558769,64.59852897270972,66.04919557553842,62.186506541447784,44.686506541447784,62.186506541447784,100,0.014598528972709716,False,False,steady_state_low_chaos,20.596924990401064,0.3979539343665017,Regime suitability reflects current fused market state and stock risk profile.
UNI.MC,UNI.MC,Financials,Spain,EU ex-DACH,EUR,30.86251835585699,32.9452770864817,60,30.86251835585699,50.0582507612149,42.9452770864817,42.9452770864817,42.9452770864817,45.9452770864817,-0.019137481644143008,True,False,steady_state_low_chaos,20.596924990401064,0.3979539343665017,Regime suitability reflects current fused market state and stock risk profile.
601881.SHG,601881.SHG,Financials,China,Mainland China,CNY,34.43754319514036,46.11896604357088,60,34.43754319514036,50.25733214109435,56.11896604357088,44.452299376904215,56.11896604357088,59.11896604357088,-0.015562456804859643,True,False,steady_state_low_chaos,20.596924990401064,0.3979539343665017,Regime suitability reflects current fused market state and stock risk profile.
002850.SHE,002850.SHE,Technology,China,Mainland China,CNY,53.41440360265133,50.33011315269312,46.743103967461344,53.41440360265133,62.10363476128785,60.33011315269312,60.33011315269312,60.33011315269312,87.42183791364673,0.0034144036026513332,False,False,steady_state_low_chaos,20.596924990401064,0.3979539343665017,Regime suitability reflects current fused market state and stock risk profile.
ESSITY-B.ST,ESSITY-B.ST,Consumer Staples,Sweden,EU ex-DACH,SEK,50.31778943781364,81.64885583713807,39.456177606177604,50.31778943781364,63.32500300156461,81.64885583713807,66.64885583713807,66.64885583713807,79.4524465707288,0.0003177894378136372,False,False,steady_state_low_chaos,20.596924990401064,0.3979539343665017,Regime suitability reflects current fused market state and stock risk profile.
2611.HK,2611.HK,Financials,Hong Kong,Hong Kong,HKD,71.4699394851372,52.926547753613434,60,71.4699394851372,69.14182057808351,62.926547753613434,62.926547753613434,62.926547753613434,65.92654775361343,0.021469939485137205,False,False,steady_state_low_chaos,20.596924990401064,0.3979539343665017,Regime suitability reflects current fused market state and stock risk profile.
300628.SHE,300628.SHE,Technology,China,Mainland China,CNY,50.19062147645096,51.99340287723282,54.91862855185781,50.19062147645096,60.14280039656482,61.99340287723282,50.32673621056615,61.99340287723282,98.89575713946219,0.00019062147645095706,False,False,steady_state_low_chaos,20.596924990401064,0.3979539343665017,Regime suitability reflects current fused market state and stock risk profile.
SUPR.LSE,SUPR.LSE,Real Estate,United Kingdom,UK,GBX,40.56348444098517,43.16340936294786,35,40.56348444098517,51.87556581618479,53.16340936294786,53.16340936294786,53.16340936294786,56.16340936294786,-0.009436515559014829,False,False,steady_state_low_chaos,20.596924990401064,0.3979539343665017,Regime suitability reflects current fused market state and stock risk profile.
LAND.SW,LAND.SW,Industrials,Switzerland,DACH,CHF,31.87970492158086,44.29982226881573,61.88141986326744,31.87970492158086,49.45965166693037,29.29982226881573,54.29982226881573,54.29982226881573,61.43894596800409,-0.01812029507841914,True,False,steady_state_low_chaos,20.596924990401064,0.3979539343665017,Regime suitability reflects current fused market state and stock risk profile.
603920.SHG,603920.SHG,Technology,China,Mainland China,CNY,40.304786140362765,44.069145176116976,60.930833303888335,40.304786140362765,44.24709558297682,54.069145176116976,54.069145176116976,54.069145176116976,98.18614514078297,-0.009695213859637236,False,False,steady_state_low_chaos,20.596924990401064,0.3979539343665017,Regime suitability reflects current fused market state and stock risk profile.
BG.VI,BG.VI,Financials,Austria,DACH,EUR,31.183191658278403,30.7178586175362,60,31.183191658278403,45.72189291158071,40.7178586175362,40.7178586175362,40.7178586175362,43.7178586175362,-0.018816808341721596,True,False,steady_state_low_chaos,20.596924990401064,0.3979539343665017,Regime suitability reflects current fused market state and stock risk profile.
603129.SHG,603129.SHG,Consumer Discretionary,China,Mainland China,CNY,63.88721628970033,46.51856453235392,66.64666739885973,63.88721628970033,61.710287378045265,56.51856453235392,56.51856453235392,56.51856453235392,100,0.013887216289700334,False,False,steady_state_low_chaos,20.596924990401064,0.3979539343665017,Regime suitability reflects current fused market state and stock risk profile.
BFSA.XETRA,BFSA.XETRA,Industrials,Germany,DACH,EUR,43.757945826171586,35.53442781744863,58.10779203997244,43.757945826171586,45.78892887938177,20.53442781744863,45.53442781744863,45.53442781744863,44.37157030538799,-0.006242054173828415,False,False,steady_state_low_chaos,20.596924990401064,0.3979539343665017,Regime suitability reflects current fused market state and stock risk profile.
1651.HK,1651.HK,Industrials,Hong Kong,Hong Kong,HKD,51.93243457699274,39.28276433739987,74.5509191302811,51.93243457699274,59.81307067613987,49.28276433739987,37.616097670733204,49.28276433739987,79.7438672937372,0.0019324345769927405,False,False,steady_state_low_chaos,20.596924990401064,0.3979539343665017,Regime suitability reflects current fused market state and stock risk profile.
UNCRY.US,UNCRY.US,Financials,United States,US,USD,56.11528474883558,33.83349175369938,60,56.11528474883558,57.4377861628899,43.83349175369938,43.83349175369938,43.83349175369938,46.83349175369938,0.006115284748835577,False,False,steady_state_low_chaos,20.596924990401064,0.3979539343665017,Regime suitability reflects current fused market state and stock risk profile.
EDV.LSE,EDV.LSE,Materials,United Kingdom,UK,GBX,68.18515581109243,58.33894184882361,69.55329191349998,68.18515581109243,73.19673900521101,68.33894184882361,68.33894184882361,68.33894184882361,92.35618405852355,0.018185155811092427,False,False,steady_state_low_chaos,20.596924990401064,0.3979539343665017,Regime suitability reflects current fused market state and stock risk profile.
1997.HK,1997.HK,Real Estate,Hong Kong,Hong Kong,HKD,47.60832985293129,54.46364259426872,70,47.60832985293129,56.421848050914946,64.46364259426872,64.46364259426872,64.46364259426872,100,-0.0023916701470687086,False,False,steady_state_low_chaos,20.596924990401064,0.3979539343665017,Regime suitability reflects current fused market state and stock risk profile.
601108.SHG,601108.SHG,Financials,China,Mainland China,CNY,67.06473733749348,56.79555365263383,60,67.06473733749348,61.26677132602734,66.79555365263383,66.79555365263383,66.79555365263383,69.79555365263383,0.017064737337493485,False,False,steady_state_low_chaos,20.596924990401064,0.3979539343665017,Regime suitability reflects current fused market state and stock risk profile.
603260.SHG,603260.SHG,Materials,China,Mainland China,CNY,52.577866590156475,20.4229441126105,20,52.577866590156475,30.695629284734466,30.4229441126105,18.756277445943837,30.4229441126105,0,0.002577866590156475,False,False,steady_state_low_chaos,20.596924990401064,0.3979539343665017,Regime suitability reflects current fused market state and stock risk profile.
IHP.LSE,IHP.LSE,Financials,United Kingdom,UK,GBX,55.26415201954417,49.121069790968576,76.34986225895317,55.26415201954417,58.87749333878327,59.121069790968576,59.121069790968576,74.12106979096858,91.74090450171238,0.00526415201954417,False,False,steady_state_low_chaos,20.596924990401064,0.3979539343665017,Regime suitability reflects current fused market state and stock risk profile.
DWS.XETRA,DWS.XETRA,Financials,Germany,DACH,EUR,33.46149422070788,36.202767738342914,73.08876163206872,33.46149422070788,44.716917584963305,46.202767738342914,46.202767738342914,46.202767738342914,74.90928169682537,-0.016538505779292122,True,False,steady_state_low_chaos,20.596924990401064,0.3979539343665017,Regime suitability reflects current fused market state and stock risk profile.
ENOG.LSE,ENOG.LSE,Energy,United Kingdom,UK,GBX,56.866246486111855,24.996799467305735,52.553899650578856,56.866246486111855,49.0481678589512,34.996799467305735,34.996799467305735,9.996799467305735,21.615378698579207,0.006866246486111855,False,False,steady_state_low_chaos,20.596924990401064,0.3979539343665017,Regime suitability reflects current fused market state and stock risk profile.
SHL.XETRA,SHL.XETRA,Healthcare,Germany,DACH,EUR,38.001026204117174,85.45129811850951,46.854798548628985,38.001026204117174,61.31963824777748,85.45129811850951,70.45129811850951,70.45129811850951,97.6770563768643,-0.011998973795882826,False,False,steady_state_low_chaos,20.596924990401064,0.3979539343665017,Regime suitability reflects current fused market state and stock risk profile.
600025.SHG,600025.SHG,Utilities,China,Mainland China,CNY,37.47320162293147,49.67819054931924,17.356236822281485,37.47320162293147,38.06538000757877,49.67819054931924,34.67819054931924,34.67819054931924,1.5056747360570242,-0.012526798377068531,False,False,steady_state_low_chaos,20.596924990401064,0.3979539343665017,Regime suitability reflects current fused market state and stock risk profile.
002920.SHE,002920.SHE,Consumer Discretionary,China,Mainland China,CNY,48.456541198616705,48.2652109264124,45.1424925250296,48.456541198616705,56.834150880205286,58.2652109264124,46.598544259745736,58.2652109264124,83.43620195644793,-0.001543458801383295,False,False,steady_state_low_chaos,20.596924990401064,0.3979539343665017,Regime suitability reflects current fused market state and stock risk profile.
601838.SHG,601838.SHG,Financials,China,Mainland China,CNY,80.02055615873272,48.71186248381123,60,80.02055615873272,70.01421682270123,58.71186248381123,47.04519581714457,58.71186248381123,61.71186248381123,0.03,False,False,steady_state_low_chaos,20.596924990401064,0.3979539343665017,Regime suitability reflects current fused market state and stock risk profile.
603156.SHG,603156.SHG,Consumer Staples,China,Mainland China,CNY,44.867627362394344,73.59855472428433,61.53065615140082,44.867627362394344,52.998834535781626,73.59855472428433,46.931888057617655,58.59855472428432,100,-0.005132372637605655,False,False,steady_state_low_chaos,20.596924990401064,0.3979539343665017,Regime suitability reflects current fused market state and stock risk profile.
QLT.LSE,QLT.LSE,Financials,United Kingdom,UK,GBX,60.87574890326178,54.87052016662065,95,60.87574890326178,61.64386921978375,64.87052016662065,64.87052016662065,79.87052016662065,100,0.010875748903261779,False,False,steady_state_low_chaos,20.596924990401064,0.3979539343665017,Regime suitability reflects current fused market state and stock risk profile.
EPI-A.ST,EPI-A.ST,Industrials,Sweden,EU ex-DACH,SEK,44.116459594973364,44.831318413952886,66.48675431062958,44.116459594973364,55.28079047801812,29.831318413952886,54.831318413952886,54.831318413952886,72.10217789733797,-0.005883540405026636,False,False,steady_state_low_chaos,20.596924990401064,0.3979539343665017,Regime suitability reflects current fused market state and stock risk profile.
603259.SHG,603259.SHG,Healthcare,China,Mainland China,CNY,62.776234290516,81.604753441398,50.87242499832648,62.776234290516,67.03435661722116,81.604753441398,66.604753441398,66.604753441398,98.65166343938978,0.012776234290516001,False,False,steady_state_low_chaos,20.596924990401064,0.3979539343665017,Regime suitability reflects current fused market state and stock risk profile.
601138.SHG,601138.SHG,Technology,China,Mainland China,CNY,49.100604160667125,53.274181670611945,45.0115818058876,49.100604160667125,54.55676455958027,63.274181670611945,51.60751500394528,63.274181670611945,88.28807983767706,-0.0008993958393328753,False,False,steady_state_low_chaos,20.596924990401064,0.3979539343665017,Regime suitability reflects current fused market state and stock risk profile.
KBX.XETRA,KBX.XETRA,Consumer Discretionary,Germany,DACH,EUR,42.12925384870891,52.16899661426464,51.568405139833715,42.12925384870891,52.985951737035805,37.16899661426464,62.16899661426464,62.16899661426464,95.0510827820651,-0.007870746151291087,False,False,steady_state_low_chaos,20.596924990401064,0.3979539343665017,Regime suitability reflects current fused market state and stock risk profile.
601066.SHG,601066.SHG,Financials,China,Mainland China,CNY,76.95928804015134,43.847307361944985,60,76.95928804015134,56.72221292779808,53.847307361944985,36.347307361944985,53.847307361944985,56.847307361944985,0.026959288040151335,False,False,steady_state_low_chaos,20.596924990401064,0.3979539343665017,Regime suitability reflects current fused market state and stock risk profile.
SIGN.SW,SIGN.SW,Consumer Discretionary,Switzerland,DACH,CHF,48.563599308733984,34.15015264746654,18.538784584980238,48.563599308733984,57.40574539296476,19.15015264746654,44.15015264746654,44.15015264746654,12.39669414944283,-0.0014364006912660158,False,False,steady_state_low_chaos,20.596924990401064,0.3979539343665017,Regime suitability reflects current fused market state and stock risk profile.
0788.HK,0788.HK,Communication Services,Hong Kong,Hong Kong,HKD,69.56986904242589,60.83768005397562,39.103372821248016,69.56986904242589,74.63771582265184,70.83768005397562,70.83768005397562,70.83768005397562,82.86510026072125,0.019569869042425893,False,False,steady_state_low_chaos,20.596924990401064,0.3979539343665017,Regime suitability reflects current fused market state and stock risk profile.
AJB.LSE,AJB.LSE,Financials,United Kingdom,UK,GBX,34.57912169733168,38.84915372230748,76.16555934386749,34.57912169733168,46.34932450472835,48.84915372230748,48.84915372230748,63.84915372230748,81.24782493494845,-0.01542087830266832,True,False,steady_state_low_chaos,20.596924990401064,0.3979539343665017,Regime suitability reflects current fused market state and stock risk profile.
6862.HK,6862.HK,Consumer Discretionary,Hong Kong,Hong Kong,HKD,53.8101062147298,56.97921750293551,45.40560080398826,53.8101062147298,60.633520362119405,66.97921750293551,49.47921750293551,66.97921750293551,92.46593846772143,0.0038101062147297996,False,False,steady_state_low_chaos,20.596924990401064,0.3979539343665017,Regime suitability reflects current fused market state and stock risk profile.
1787.HK,1787.HK,Materials,Hong Kong,Hong Kong,HKD,64.9416903667698,40.838820329737935,56.841675647639356,64.9416903667698,59.02577682652462,50.838820329737935,39.17215366307127,50.838820329737935,46.89050675454452,0.014941690366769804,False,False,steady_state_low_chaos,20.596924990401064,0.3979539343665017,Regime suitability reflects current fused market state and stock risk profile.
300748.SHE,300748.SHE,Industrials,China,Mainland China,CNY,38.93762197377113,42.32892965543269,70.90374538535396,38.93762197377113,45.83470956553411,52.32892965543269,40.662262988766024,52.32892965543269,78.41342411785745,-0.011062378026228871,False,False,steady_state_low_chaos,20.596924990401064,0.3979539343665017,Regime suitability reflects current fused market state and stock risk profile.
002938.SHE,002938.SHE,Technology,China,Mainland China,CNY,43.32176225594158,45.7251972533785,49.93540464667043,43.32176225594158,42.30132687402107,55.7251972533785,55.7251972533785,55.7251972533785,86.64768282938302,-0.006678237744058422,False,False,steady_state_low_chaos,20.596924990401064,0.3979539343665017,Regime suitability reflects current fused market state and stock risk profile.
300760.SHE,300760.SHE,Healthcare,China,Mainland China,CNY,56.89975417018261,80.06229258770298,52.593399992534096,56.89975417018261,59.592752513389975,80.06229258770298,65.06229258770298,65.06229258770298,99.1743725787439,0.006899754170182611,False,False,steady_state_low_chaos,20.596924990401064,0.3979539343665017,Regime suitability reflects current fused market state and stock risk profile.
0780.HK,0780.HK,Consumer Discretionary,Hong Kong,Hong Kong,HKD,58.50855310049893,50.89629365645047,52.043410485195935,58.50855310049893,55.99296151104776,60.89629365645047,60.89629365645047,60.89629365645047,94.34838623868558,0.008508553100498929,False,False,steady_state_low_chaos,20.596924990401064,0.3979539343665017,Regime suitability reflects current fused market state and stock risk profile.
3668.HK,3668.HK,Energy,Hong Kong,Hong Kong,HKD,23.150081682429146,18.56764311192755,60,23.150081682429146,30.35135261737757,28.56764311192755,16.90097644526088,28.56764311192755,31.567643111927552,-0.026849918317570855,True,False,steady_state_low_chaos,20.596924990401064,0.3979539343665017,Regime suitability reflects current fused market state and stock risk profile.
601319.SHG,601319.SHG,Financials,China,Mainland China,CNY,76.98507396331982,68.01298223235312,68.65494396204576,76.98507396331982,75.41661267813934,78.01298223235312,66.34631556568645,78.01298223235312,100,0.02698507396331982,False,False,steady_state_low_chaos,20.596924990401064,0.3979539343665017,Regime suitability reflects current fused market state and stock risk profile.
CCEP.LSE,CCEP.LSE,Consumer Staples,United Kingdom,UK,GBX,48.958715894591606,64.605518880205,32.02071163037706,48.958715894591606,55.035474606290556,64.605518880205,49.605518880205,49.605518880205,46.05108446703452,-0.0010412841054083942,False,False,steady_state_low_chaos,20.596924990401064,0.3979539343665017,Regime suitability reflects current fused market state and stock risk profile.
SRAIL.SW,SRAIL.SW,Industrials,Switzerland,DACH,CHF,12.130999708032018,43.59571786750847,65.5645639166028,12.130999708032018,41.43194004282259,28.59571786750847,53.59571786750847,53.59571786750847,68.83775848403461,-0.03,True,True,steady_state_low_chaos,20.596924990401064,0.3979539343665017,Regime suitability reflects current fused market state and stock risk profile.
8TRA.XETRA,8TRA.XETRA,Industrials,Germany,DACH,EUR,29.701794791061722,24.981926268810255,48.97102203713344,29.701794791061722,48.823051284393486,9.981926268810255,34.981926268810255,34.981926268810255,13.71817475050382,-0.020298205208938276,True,False,steady_state_low_chaos,20.596924990401064,0.3979539343665017,Regime suitability reflects current fused market state and stock risk profile.
AAF.LSE,AAF.LSE,Communication Services,United Kingdom,UK,GBX,62.97567010372524,31.68955100195282,36.13468634686347,62.97567010372524,50.741979494383145,41.68955100195282,41.68955100195282,41.68955100195282,47.185860965052456,0.012975670103725242,False,False,steady_state_low_chaos,20.596924990401064,0.3979539343665017,Regime suitability reflects current fused market state and stock risk profile.
6806.HK,6806.HK,Financials,Hong Kong,Hong Kong,HKD,26.315535126448523,38.632367265251645,60,26.315535126448523,47.482071626441865,48.632367265251645,36.96570059858498,48.632367265251645,51.632367265251645,-0.023684464873551477,True,False,steady_state_low_chaos,20.596924990401064,0.3979539343665017,Regime suitability reflects current fused market state and stock risk profile.
603379.SHG,603379.SHG,Materials,China,Mainland China,CNY,53.24762058415039,58.94227251785104,73.57265148344455,53.24762058415039,68.22959344617303,68.94227251785104,57.27560585118437,68.94227251785104,98.22945429798449,0.0032476205841503896,False,False,steady_state_low_chaos,20.596924990401064,0.3979539343665017,Regime suitability reflects current fused market state and stock risk profile.
8TRA.ST,8TRA.ST,Industrials,Sweden,EU ex-DACH,SEK,28.23573990866685,27.429805812644894,48.97102203713344,28.23573990866685,50.02104219672421,12.429805812644894,37.429805812644894,37.429805812644894,16.16605429433846,-0.02176426009133315,True,False,steady_state_low_chaos,20.596924990401064,0.3979539343665017,Regime suitability reflects current fused market state and stock risk profile.
600989.SHG,600989.SHG,Materials,China,Mainland China,CNY,65.39175596867949,52.872994548557486,61.6431637655123,65.39175596867949,62.08108403627703,62.872994548557486,62.872994548557486,62.872994548557486,69.48795483268455,0.01539175596867949,False,False,steady_state_low_chaos,20.596924990401064,0.3979539343665017,Regime suitability reflects current fused market state and stock risk profile.
6055.HK,6055.HK,Consumer Staples,Hong Kong,Hong Kong,HKD,50.08160314416561,53.359713480961176,36.498655945443225,50.08160314416561,51.21039743961563,53.359713480961176,38.359713480961176,38.359713480961176,44.65675656093627,8.160314416561221e-05,False,False,steady_state_low_chaos,20.596924990401064,0.3979539343665017,Regime suitability reflects current fused market state and stock risk profile.
3692.HK,3692.HK,Healthcare,Hong Kong,Hong Kong,HKD,47.266840671022884,74.68097824124077,67.63182438549418,47.266840671022884,57.787718681598626,74.68097824124077,59.680978241240766,59.680978241240766,100,-0.002733159328977116,False,False,steady_state_low_chaos,20.596924990401064,0.3979539343665017,Regime suitability reflects current fused market state and stock risk profile.
EQT.ST,EQT.ST,Financials,Sweden,EU ex-DACH,SEK,41.694196329128275,37.077116989194444,64.02653280745787,41.694196329128275,49.92231120261542,47.077116989194444,47.077116989194444,47.077116989194444,58.935489165601766,-0.008305803670871725,False,False,steady_state_low_chaos,20.596924990401064,0.3979539343665017,Regime suitability reflects current fused market state and stock risk profile.
FDJU.PA,FDJU.PA,Consumer Discretionary,France,EU ex-DACH,EUR,61.80405173700942,48.917074279146334,35.97537557889981,61.80405173700942,61.81277709558507,33.917074279146334,58.917074279146334,58.917074279146334,64.06290055272592,0.011804051737009416,False,False,steady_state_low_chaos,20.596924990401064,0.3979539343665017,Regime suitability reflects current fused market state and stock risk profile.
MNG.LSE,MNG.LSE,Financials,United Kingdom,UK,GBX,62.075902268350646,50.314710366859074,66.29246676514033,62.075902268350646,63.7374342454507,60.314710366859074,60.314710366859074,75.31471036685907,77.1581372501678,0.012075902268350645,False,False,steady_state_low_chaos,20.596924990401064,0.3979539343665017,Regime suitability reflects current fused market state and stock risk profile.
688188.SHG,688188.SHG,Technology,China,Mainland China,CNY,46.86801298642746,50.83943703286718,53.22618373156983,46.86801298642746,59.25920589395207,60.83943703286718,60.83943703286718,60.83943703286718,95.71085751075098,-0.003131987013572541,False,False,steady_state_low_chaos,20.596924990401064,0.3979539343665017,Regime suitability reflects current fused market state and stock risk profile.
SWON.SW,SWON.SW,Technology,Switzerland,DACH,CHF,41.2888551791025,49.074057538071884,54.4931129476584,41.2888551791025,44.52610221375619,34.074057538071884,59.074057538071884,59.074057538071884,95.46579307526197,-0.008711144820897502,False,False,steady_state_low_chaos,20.596924990401064,0.3979539343665017,Regime suitability reflects current fused market state and stock risk profile.
003816.SHE,003816.SHE,Utilities,China,Mainland China,CNY,32.29239780846761,57.93413813526121,0,32.29239780846761,39.34497515243262,57.93413813526121,42.93413813526121,42.93413813526121,0,-0.017707602191532387,True,False,steady_state_low_chaos,20.596924990401064,0.3979539343665017,Regime suitability reflects current fused market state and stock risk profile.
1876.HK,1876.HK,Consumer Staples,Hong Kong,Hong Kong,HKD,43.88236160491993,83.04396361455181,53.07789740341988,43.88236160491993,56.5925518427356,83.04396361455181,68.04396361455181,68.04396361455181,100,-0.006117638395080071,False,False,steady_state_low_chaos,20.596924990401064,0.3979539343665017,Regime suitability reflects current fused market state and stock risk profile.
688036.SHG,688036.SHG,Technology,China,Mainland China,CNY,40.02694675872075,49.249468639896754,70,40.02694675872075,48.1457309901437,59.249468639896754,47.58280197323009,59.249468639896754,100,-0.009973053241279253,False,False,steady_state_low_chaos,20.596924990401064,0.3979539343665017,Regime suitability reflects current fused market state and stock risk profile.
601077.SHG,601077.SHG,Financials,China,Mainland China,CNY,38.88988938278797,54.76199715102919,60,38.88988938278797,60.400957025517314,64.76199715102919,53.09533048436253,64.76199715102919,67.76199715102919,-0.01111011061721203,False,False,steady_state_low_chaos,20.596924990401064,0.3979539343665017,Regime suitability reflects current fused market state and stock risk profile.
6186.HK,6186.HK,Consumer Staples,Hong Kong,Hong Kong,HKD,30.58035415898151,79.53224563947208,53.57378473313504,30.58035415898151,53.88883854997964,79.53224563947208,64.53224563947208,64.53224563947208,99.82078731923413,-0.01941964584101849,True,False,steady_state_low_chaos,20.596924990401064,0.3979539343665017,Regime suitability reflects current fused market state and stock risk profile.
601916.SHG,601916.SHG,Financials,China,Mainland China,CNY,33.342093754674316,54.51835736575097,60,33.342093754674316,56.332323701175525,64.51835736575097,64.51835736575097,64.51835736575097,67.51835736575097,-0.016657906245325683,True,False,steady_state_low_chaos,20.596924990401064,0.3979539343665017,Regime suitability reflects current fused market state and stock risk profile.
601658.SHG,601658.SHG,Financials,China,Mainland China,CNY,79.18607449682399,60.66289711793303,60,79.18607449682399,71.41347465622317,70.66289711793303,70.66289711793303,70.66289711793303,73.66289711793303,0.02918607449682399,False,False,steady_state_low_chaos,20.596924990401064,0.3979539343665017,Regime suitability reflects current fused market state and stock risk profile.
N91.LSE,N91.LSE,Financials,United Kingdom,UK,GBX,45.42057950962944,47.0868918908513,95,45.42057950962944,56.21406764699306,57.0868918908513,57.0868918908513,72.08689189085129,100,-0.004579420490370559,False,False,steady_state_low_chaos,20.596924990401064,0.3979539343665017,Regime suitability reflects current fused market state and stock risk profile.
CARR.US,CARR.US,Industrials,United States,US,USD,61.258238100355214,37.47092955885394,54.84985835694051,61.258238100355214,53.15694654839759,47.47092955885394,47.47092955885394,47.47092955885394,39.140617944123065,0.011258238100355214,False,False,steady_state_low_chaos,20.596924990401064,0.3979539343665017,Regime suitability reflects current fused market state and stock risk profile.
601816.SHG,601816.SHG,Industrials,China,Mainland China,CNY,60.68314900429411,59.95922137858193,62.96682851989918,60.68314900429411,57.94057170498942,69.95922137858193,69.95922137858193,69.95922137858193,79.48624412236013,0.010683149004294108,False,False,steady_state_low_chaos,20.596924990401064,0.3979539343665017,Regime suitability reflects current fused market state and stock risk profile.
603195.SHG,603195.SHG,Industrials,China,Mainland China,CNY,55.095216836404944,54.91120518352312,84.72916941263362,55.095216836404944,64.94689169660366,64.91120518352312,64.91120518352312,64.91120518352312,100,0.005095216836404944,False,False,steady_state_low_chaos,20.596924990401064,0.3979539343665017,Regime suitability reflects current fused market state and stock risk profile.
9999.HK,9999.HK,Communication Services,Hong Kong,Hong Kong,HKD,71.12354779114104,58.90150572801694,65.46634099826024,71.12354779114104,66.75460403461031,68.90150572801694,68.90150572801694,68.90150572801694,100,0.021123547791141034,False,False,steady_state_low_chaos,20.596924990401064,0.3979539343665017,Regime suitability reflects current fused market state and stock risk profile.
9618.HK,9618.HK,Consumer Discretionary,Hong Kong,Hong Kong,HKD,45.66521137600529,67.92398511380482,49.01116890660893,45.66521137600529,63.70939067674282,77.92398511380482,77.92398511380482,77.92398511380482,100,-0.004334788623994712,False,False,steady_state_low_chaos,20.596924990401064,0.3979539343665017,Regime suitability reflects current fused market state and stock risk profile.
603087.SHG,603087.SHG,Healthcare,China,Mainland China,CNY,34.59328945043082,79.14030399091459,51.771593979725765,34.59328945043082,48.733990928898756,79.14030399091459,52.473637324247925,64.14030399091459,97.2662167665855,-0.015406710549569184,True,False,steady_state_low_chaos,20.596924990401064,0.3979539343665017,Regime suitability reflects current fused market state and stock risk profile.
6969.HK,6969.HK,Consumer Staples,Hong Kong,Hong Kong,HKD,25.716574280441407,79.85355550120116,59.260620361862834,25.716574280441407,52.23835720971864,79.85355550120116,53.18688883453449,64.85355550120116,100,-0.024283425719558594,True,False,steady_state_low_chaos,20.596924990401064,0.3979539343665017,Regime suitability reflects current fused market state and stock risk profile.
688336.SHG,688336.SHG,Healthcare,China,Mainland China,CNY,59.97974695853385,78.73667904634101,46.83970798392241,59.97974695853385,60.069862900740276,78.73667904634101,52.07001237967434,63.736679046341,90.94432862704791,0.009979746958533852,False,False,steady_state_low_chaos,20.596924990401064,0.3979539343665017,Regime suitability reflects current fused market state and stock risk profile.
9987.HK,9987.HK,Consumer Discretionary,Hong Kong,Hong Kong,HKD,51.0953948022604,58.413744763519404,42.29988726042841,51.0953948022604,62.7707782502322,68.4137447635194,68.4137447635194,68.4137447635194,87.4734967364619,0.0010953948022604009,False,False,steady_state_low_chaos,20.596924990401064,0.3979539343665017,Regime suitability reflects current fused market state and stock risk profile.
300866.SHE,300866.SHE,Technology,China,Mainland China,CNY,40.96126898514497,53.52645371457,46.16982529562844,40.96126898514497,57.33064449010907,63.52645371457,63.52645371457,63.52645371457,89.93024406932415,-0.009038731014855032,False,False,steady_state_low_chaos,20.596924990401064,0.3979539343665017,Regime suitability reflects current fused market state and stock risk profile.
UNA.AS,UNA.AS,Consumer Staples,Netherlands,EU ex-DACH,EUR,55.748452417992965,76.54540564994402,34.386216798277104,55.748452417992965,57.603227224361305,76.54540564994402,61.545405649944016,61.545405649944016,63.19508260615364,0.005748452417992965,False,False,steady_state_low_chaos,20.596924990401064,0.3979539343665017,Regime suitability reflects current fused market state and stock risk profile.
9633.HK,9633.HK,Consumer Staples,Hong Kong,Hong Kong,HKD,43.623441418225276,80.24981585875678,46.371141093774675,43.623441418225276,58.173132841848926,80.24981585875678,53.58314919209011,65.24981585875678,91.89518517128639,-0.006376558581774724,False,False,steady_state_low_chaos,20.596924990401064,0.3979539343665017,Regime suitability reflects current fused market state and stock risk profile.
1179.HK,1179.HK,Consumer Discretionary,Hong Kong,Hong Kong,HKD,57.765745139523375,48.047469526464106,30.56486061151079,57.765745139523375,63.92723479252968,58.047469526464106,46.38080285979744,58.047469526464106,51.29016287178784,0.007765745139523375,False,False,steady_state_low_chaos,20.596924990401064,0.3979539343665017,Regime suitability reflects current fused market state and stock risk profile.
2057.HK,2057.HK,Industrials,Hong Kong,Hong Kong,HKD,49.61837149112631,62.515311680098876,74.82061007816999,49.61837149112631,63.92488123654312,72.51531168009888,60.84864501343221,72.51531168009888,100,-0.000381628508873689,False,False,steady_state_low_chaos,20.596924990401064,0.3979539343665017,Regime suitability reflects current fused market state and stock risk profile.
688301.SHG,688301.SHG,Healthcare,China,Mainland China,CNY,43.19305737891224,66.05274183744186,38.920138486146726,43.19305737891224,50.44370972360851,66.05274183744186,51.05274183744186,51.05274183744186,62.67704650696466,-0.006806942621087757,False,False,steady_state_low_chaos,20.596924990401064,0.3979539343665017,Regime suitability reflects current fused market state and stock risk profile.
NA9.XETRA,NA9.XETRA,Technology,Germany,DACH,EUR,50.11225944404847,33.73238532984032,34.375649763197416,50.11225944404847,46.55281193141218,18.73238532984032,43.73238532984032,43.73238532984032,45.35881480887463,0.000112259444048469,False,False,steady_state_low_chaos,20.596924990401064,0.3979539343665017,Regime suitability reflects current fused market state and stock risk profile.
SAVE.ST,SAVE.ST,Financials,Sweden,EU ex-DACH,SEK,57.453157476417495,26.335291690975325,60,57.453157476417495,47.803473606365074,36.335291690975325,36.335291690975325,36.335291690975325,39.335291690975325,0.007453157476417495,False,False,steady_state_low_chaos,20.596924990401064,0.3979539343665017,Regime suitability reflects current fused market state and stock risk profile.
BYIT.LSE,BYIT.LSE,Technology,United Kingdom,UK,GBX,45.388432410646786,50.71936191433532,51.5973710432563,45.388432410646786,63.85229664979278,60.71936191433532,60.71936191433532,60.71936191433532,93.63620716624288,-0.004611567589353214,False,False,steady_state_low_chaos,20.596924990401064,0.3979539343665017,Regime suitability reflects current fused market state and stock risk profile.
2096.HK,2096.HK,Healthcare,Hong Kong,Hong Kong,HKD,40.90735567694213,70.1537623535026,50.839260520139206,40.90735567694213,55.29558957064559,70.1537623535026,43.487095686835936,55.1537623535026,87.16087497766965,-0.009092644323057869,False,False,steady_state_low_chaos,20.596924990401064,0.3979539343665017,Regime suitability reflects current fused market state and stock risk profile.
9901.HK,9901.HK,Consumer Staples,Hong Kong,Hong Kong,HKD,51.213471133285815,86.21347113328582,50.92311118208335,51.213471133285815,61.6674091233072,86.21347113328582,59.54680446661916,71.21347113328582,100,0.0012134711332858145,False,False,steady_state_low_chaos,20.596924990401064,0.3979539343665017,Regime suitability reflects current fused market state and stock risk profile.
TE.PA,TE.PA,Energy,France,EU ex-DACH,EUR,62.19345747688807,43.05082009982383,88.45497129042006,62.19345747688807,60.3287287313786,53.05082009982383,53.05082009982383,53.05082009982383,100,0.01219345747688807,False,False,steady_state_low_chaos,20.596924990401064,0.3979539343665017,Regime suitability reflects current fused market state and stock risk profile.
9992.HK,9992.HK,Consumer Discretionary,Hong Kong,Hong Kong,HKD,55.56437079614546,51.450876808365784,49.8797185797787,55.56437079614546,60.95268238134172,61.450876808365784,61.450876808365784,61.450876808365784,92.30653910410022,0.005564370796145461,False,False,steady_state_low_chaos,20.596924990401064,0.3979539343665017,Regime suitability reflects current fused market state and stock risk profile.
MOON.LSE,MOON.LSE,Consumer Discretionary,United Kingdom,UK,GBX,53.6474023525684,53.51595235821557,39.8303269124089,53.6474023525684,67.31700865150194,63.51595235821557,63.51595235821557,63.51595235821557,77.14267156551516,0.003647402352568399,False,False,steady_state_low_chaos,20.596924990401064,0.3979539343665017,Regime suitability reflects current fused market state and stock risk profile.
1209.HK,1209.HK,Real Estate,Hong Kong,Hong Kong,HKD,51.81131113705875,49.19268380271532,47.86349770480548,51.81131113705875,62.12490244600325,59.19268380271532,47.52601713604866,59.19268380271532,87.6288810484819,0.0018113111370587518,False,False,steady_state_low_chaos,20.596924990401064,0.3979539343665017,Regime suitability reflects current fused market state and stock risk profile.
CORD.LSE,CORD.LSE,Financials,United Kingdom,UK,GBX,26.717167568680054,42.30994099320747,60,26.717167568680054,53.87918100616871,52.30994099320747,52.30994099320747,67.30994099320748,55.309940993207476,-0.023282832431319945,True,False,steady_state_low_chaos,20.596924990401064,0.3979539343665017,Regime suitability reflects current fused market state and stock risk profile.
6690.HK,6690.HK,Consumer Discretionary,Hong Kong,Hong Kong,HKD,69.33793135646411,68.69927588489927,45.62603911365936,69.33793135646411,77.2704544235974,78.69927588489927,61.199275884899265,78.69927588489927,100,0.01933793135646411,False,False,steady_state_low_chaos,20.596924990401064,0.3979539343665017,Regime suitability reflects current fused market state and stock risk profile.
CTPNV.AS,CTPNV.AS,Real Estate,Netherlands,EU ex-DACH,EUR,32.22545350513794,19.086809524339955,19.231254506128334,32.22545350513794,34.7723915482716,29.086809524339955,29.086809524339955,29.086809524339955,0,-0.017774546494862056,True,False,steady_state_low_chaos,20.596924990401064,0.3979539343665017,Regime suitability reflects current fused market state and stock risk profile.
300919.SHE,300919.SHE,Materials,China,Mainland China,CNY,34.60149351344632,42.82734562707694,52.25871952007907,34.60149351344632,46.64164620366808,52.82734562707694,52.82734562707694,52.82734562707694,38.7965285712509,-0.015398506486553679,True,False,steady_state_low_chaos,20.596924990401064,0.3979539343665017,Regime suitability reflects current fused market state and stock risk profile.
VH2.XETRA,VH2.XETRA,Industrials,Germany,DACH,EUR,49.73490710167373,38.06438991123523,77.95125654215487,49.73490710167373,52.65195777394022,23.06438991123523,48.06438991123523,48.06438991123523,82.60589776182105,-0.00026509289832627304,False,False,steady_state_low_chaos,20.596924990401064,0.3979539343665017,Regime suitability reflects current fused market state and stock risk profile.
ALLFG.AS,ALLFG.AS,Financials,Netherlands,EU ex-DACH,EUR,16.536121124494553,44.13099914040183,69.59725617244243,16.536121124494553,38.25352813825785,54.13099914040183,54.13099914040183,54.13099914040183,78.24496271977517,-0.03,True,True,steady_state_low_chaos,20.596924990401064,0.3979539343665017,Regime suitability reflects current fused market state and stock risk profile.
1024.HK,1024.HK,Communication Services,Hong Kong,Hong Kong,HKD,66.17783321454027,69.63229949765555,40.83864304719227,66.17783321454027,66.29776472371056,79.63229949765555,67.96563283098888,79.63229949765555,95.47731420147853,0.01617783321454027,False,False,steady_state_low_chaos,20.596924990401064,0.3979539343665017,Regime suitability reflects current fused market state and stock risk profile.
HBR.LSE,HBR.LSE,Energy,United Kingdom,UK,GBX,63.9738621549789,58.58249648345149,66.01079879307606,63.9738621549789,63.59533054791834,68.5824964834515,68.5824964834515,68.5824964834515,84.80625382821884,0.013973862154978903,False,False,steady_state_low_chaos,20.596924990401064,0.3979539343665017,Regime suitability reflects current fused market state and stock risk profile.
605117.SHG,605117.SHG,Industrials,China,Mainland China,CNY,53.247106790128505,49.02692741398548,74.09227790426984,53.247106790128505,57.75818320048529,59.02692741398548,59.02692741398548,59.02692741398548,88.93766089910929,0.003247106790128505,False,False,steady_state_low_chaos,20.596924990401064,0.3979539343665017,Regime suitability reflects current fused market state and stock risk profile.
BCG.LSE,BCG.LSE,Communication Services,United Kingdom,UK,GBX,48.028249358238,47.110891516789366,41.90386888691058,48.028249358238,61.4586132490566,57.110891516789366,57.110891516789366,57.110891516789366,75.29940306799266,-0.0019717506417620003,False,False,steady_state_low_chaos,20.596924990401064,0.3979539343665017,Regime suitability reflects current fused market state and stock risk profile.
BPT.LSE,BPT.LSE,Financials,United Kingdom,UK,GBX,35.95701456764811,30.21876155096747,20,35.95701456764811,43.612450300511256,40.21876155096747,40.21876155096747,30.21876155096747,0,-0.014042985432351891,False,False,steady_state_low_chaos,20.596924990401064,0.3979539343665017,Regime suitability reflects current fused market state and stock risk profile.
605499.SHG,605499.SHG,Consumer Staples,China,Mainland China,CNY,60.33335599329601,74.56171122076847,43.884235170165525,60.33335599329601,63.04397183299977,74.56171122076847,47.89504455410181,59.56171122076847,82.10702859513263,0.01033335599329601,False,False,steady_state_low_chaos,20.596924990401064,0.3979539343665017,Regime suitability reflects current fused market state and stock risk profile.
600905.SHG,600905.SHG,Utilities,China,Mainland China,CNY,26.489765537768452,56.71171013618223,2.0409940290474466,26.489765537768452,31.27626080149652,56.71171013618223,30.045043469515562,41.71171013618223,0,-0.023510234462231546,True,False,steady_state_low_chaos,20.596924990401064,0.3979539343665017,Regime suitability reflects current fused market state and stock risk profile.
AZE.BR,AZE.BR,Materials,Belgium,EU ex-DACH,EUR,53.59733715873166,36.65829158233409,49.77504953279711,53.59733715873166,52.26714908867339,46.65829158233409,46.65829158233409,46.65829158233409,27.163400554487737,0.003597337158731662,False,False,steady_state_low_chaos,20.596924990401064,0.3979539343665017,Regime suitability reflects current fused market state and stock risk profile.
UMG.AS,UMG.AS,Communication Services,Netherlands,EU ex-DACH,EUR,46.958698512591724,56.609802951501905,38.69052079430499,46.958698512591724,57.138139420749496,66.6098029515019,66.6098029515019,66.6098029515019,77.72894869897287,-0.0030413014874082762,False,False,steady_state_low_chaos,20.596924990401064,0.3979539343665017,Regime suitability reflects current fused market state and stock risk profile.
605589.SHG,605589.SHG,Materials,China,Mainland China,CNY,44.506101910541105,50.58611144806606,64.97565376529997,44.506101910541105,52.4404296015379,60.58611144806606,60.58611144806606,60.58611144806606,74.532549731726,-0.005493898089458895,False,False,steady_state_low_chaos,20.596924990401064,0.3979539343665017,Regime suitability reflects current fused market state and stock risk profile.
601825.SHG,601825.SHG,Financials,China,Mainland China,CNY,31.84459613581427,50.59004601290471,60,31.84459613581427,56.27399230709014,60.59004601290471,60.59004601290471,60.59004601290471,63.59004601290471,-0.01815540386418573,True,False,steady_state_low_chaos,20.596924990401064,0.3979539343665017,Regime suitability reflects current fused market state and stock risk profile.
601728.SHG,601728.SHG,Communication Services,China,Mainland China,CNY,66.65552112591337,63.468942134027316,47.0883020438858,66.65552112591337,65.49235613898415,73.46894213402732,61.80227546736065,73.46894213402732,100,0.016655521125913366,False,False,steady_state_low_chaos,20.596924990401064,0.3979539343665017,Regime suitability reflects current fused market state and stock risk profile.
688187.SHG,688187.SHG,Industrials,China,Mainland China,CNY,44.45619215465419,59.91961435979273,67.42850470039967,44.45619215465419,63.99324216291182,69.91961435979273,58.25294769312607,69.91961435979273,89.26232470067201,-0.00554380784534581,False,False,steady_state_low_chaos,20.596924990401064,0.3979539343665017,Regime suitability reflects current fused market state and stock risk profile.
601868.SHG,601868.SHG,Industrials,China,Mainland China,CNY,34.99548262810728,39.53093479647414,27.601784761655765,34.99548262810728,43.94224417014618,49.53093479647414,37.86426812980748,49.53093479647414,0,-0.015004517371892718,True,False,steady_state_low_chaos,20.596924990401064,0.3979539343665017,Regime suitability reflects current fused market state and stock risk profile.
DTG.XETRA,DTG.XETRA,Industrials,Germany,DACH,EUR,62.871993200317036,31.017784010260122,50.425987624940504,62.871993200317036,50.76614085745076,16.017784010260122,41.01778401026012,41.01778401026012,22.954956785129234,0.012871993200317036,False,False,steady_state_low_chaos,20.596924990401064,0.3979539343665017,Regime suitability reflects current fused market state and stock risk profile.
6821.HK,6821.HK,Healthcare,Hong Kong,Hong Kong,HKD,25.889101603503143,79.39385477533597,61.24813843008053,25.889101603503143,52.024061929452216,79.39385477533597,64.39385477533597,64.39385477533597,100,-0.02411089839649686,True,False,steady_state_low_chaos,20.596924990401064,0.3979539343665017,Regime suitability reflects current fused market state and stock risk profile.
2276.HK,2276.HK,Healthcare,Hong Kong,Hong Kong,HKD,37.30744849949723,62.06106824396426,47.270857975580505,37.30744849949723,54.367565968469265,62.06106824396426,47.06106824396426,47.06106824396426,74.78609781466086,-0.012692551500502773,False,False,steady_state_low_chaos,20.596924990401064,0.3979539343665017,Regime suitability reflects current fused market state and stock risk profile.
600941.SHG,600941.SHG,Communication Services,China,Mainland China,CNY,52.7276352841025,52.80769387210864,47.81401339515713,52.7276352841025,58.656526786198015,62.80769387210864,51.14102720544198,62.80769387210864,91.18450994629721,0.002727635284102497,False,False,steady_state_low_chaos,20.596924990401064,0.3979539343665017,Regime suitability reflects current fused market state and stock risk profile.
6680.HK,6680.HK,Industrials,Hong Kong,Hong Kong,HKD,30.115422039590825,52.92227732488847,70.90374538535396,30.115422039590825,56.8730537804872,62.92227732488847,51.255610658221805,62.92227732488847,89.00677178731323,-0.019884577960409176,True,False,steady_state_low_chaos,20.596924990401064,0.3979539343665017,Regime suitability reflects current fused market state and stock risk profile.
001289.SHE,001289.SHE,Utilities,China,Mainland China,CNY,27.66149967083498,58.060321778933655,17.280101261344775,27.66149967083498,39.80187734941782,58.060321778933655,31.39365511226699,43.060321778933655,9.79644329254738,-0.02233850032916502,True,False,steady_state_low_chaos,20.596924990401064,0.3979539343665017,Regime suitability reflects current fused market state and stock risk profile.
6655.HK,6655.HK,Materials,Hong Kong,Hong Kong,HKD,53.4737677644645,33.88388600264622,60.997878379418594,53.4737677644645,48.22261175027868,43.88388600264622,43.88388600264622,43.88388600264622,49.07921843736713,0.0034737677644644973,False,False,steady_state_low_chaos,20.596924990401064,0.3979539343665017,Regime suitability reflects current fused market state and stock risk profile.
600938.SHG,600938.SHG,Energy,China,Mainland China,CNY,65.32007728656161,49.92977722892065,73.321315986893,65.32007728656161,58.69313757135626,59.92977722892065,59.92977722892065,59.92977722892065,88.91535641319223,0.015320077286561613,False,False,steady_state_low_chaos,20.596924990401064,0.3979539343665017,Regime suitability reflects current fused market state and stock risk profile.
2423.HK,2423.HK,Real Estate,Hong Kong,Hong Kong,HKD,33.71740946930641,31.30449525126381,35.443826538588475,33.71740946930641,38.15477300614969,41.30449525126381,41.30449525126381,41.30449525126381,45.28091363615845,-0.01628259053069359,True,False,steady_state_low_chaos,20.596924990401064,0.3979539343665017,Regime suitability reflects current fused market state and stock risk profile.
HLUN-B.CO,HLUN-B.CO,Healthcare,Denmark,EU ex-DACH,DKK,57.84466945491018,68.50112218215308,39.013253713952814,57.84466945491018,64.08040196824763,68.50112218215308,53.50112218215308,53.50112218215308,65.33028035284926,0.007844669454910183,False,False,steady_state_low_chaos,20.596924990401064,0.3979539343665017,Regime suitability reflects current fused market state and stock risk profile.
688213.SHG,688213.SHG,Technology,China,Mainland China,CNY,44.34518414996244,41.59762844741175,38.45370554628289,44.34518414996244,52.56377254879267,51.59762844741175,39.930961780745086,51.59762844741175,62.19578064923411,-0.005654815850037558,False,False,steady_state_low_chaos,20.596924990401064,0.3979539343665017,Regime suitability reflects current fused market state and stock risk profile.
HLN.LSE,HLN.LSE,Healthcare,United Kingdom,UK,GBX,56.92275065666657,74.87873993998625,32.19132563833509,56.92275065666657,51.96024643769083,74.87873993998625,59.87873993998625,59.87873993998625,56.69965634432344,0.006922750656666573,False,False,steady_state_low_chaos,20.596924990401064,0.3979539343665017,Regime suitability reflects current fused market state and stock risk profile.
9896.HK,9896.HK,Consumer Discretionary,Hong Kong,Hong Kong,HKD,56.53021663067515,37.178976339949386,39.41861897672913,56.53021663067515,60.58564759643507,47.178976339949386,47.178976339949386,47.178976339949386,59.899938088753466,0.0065302166306751485,False,False,steady_state_low_chaos,20.596924990401064,0.3979539343665017,Regime suitability reflects current fused market state and stock risk profile.
ALLEI.ST,ALLEI.ST,Materials,Sweden,EU ex-DACH,SEK,35.24113225343784,33.62504253720257,73.72820512820513,35.24113225343784,50.879505700130956,43.62504253720257,43.62504253720257,43.62504253720257,73.09888869104873,-0.01475886774656216,False,False,steady_state_low_chaos,20.596924990401064,0.3979539343665017,Regime suitability reflects current fused market state and stock risk profile.
301308.SHE,301308.SHE,Technology,China,Mainland China,CNY,49.019005071283814,31.987940201836942,26.0401425666617,49.019005071283814,43.184292376777634,41.98794020183694,41.98794020183694,41.98794020183694,25.27625384849268,-0.0009809949287161856,False,False,steady_state_low_chaos,20.596924990401064,0.3979539343665017,Regime suitability reflects current fused market state and stock risk profile.
P911.XETRA,P911.XETRA,Consumer Discretionary,Germany,DACH,EUR,48.991243957656074,51.89960911429739,39.747732893652106,48.991243957656074,47.79057846091605,36.89960911429739,61.89960911429739,61.89960911429739,75.34462148033201,-0.0010087560423439257,False,False,steady_state_low_chaos,20.596924990401064,0.3979539343665017,Regime suitability reflects current fused market state and stock risk profile.
1880.HK,1880.HK,Consumer Discretionary,Hong Kong,Hong Kong,HKD,40.782437458313744,56.92432529987485,66.15902284709198,40.782437458313744,56.07829417673014,66.92432529987485,66.92432529987485,66.92432529987485,100,-0.009217562541686255,False,False,steady_state_low_chaos,20.596924990401064,0.3979539343665017,Regime suitability reflects current fused market state and stock risk profile.
ACLN.SW,ACLN.SW,Industrials,Switzerland,DACH,CHF,38.858437940110576,34.06401783239919,66.58494827228557,38.858437940110576,50.103807289723264,19.064017832399188,44.06401783239919,44.06401783239919,61.55090403142745,-0.011141562059889424,False,False,steady_state_low_chaos,20.596924990401064,0.3979539343665017,Regime suitability reflects current fused market state and stock risk profile.
1698.HK,1698.HK,Communication Services,Hong Kong,Hong Kong,HKD,58.04577515208421,39.88709018347121,46.57607959929606,58.04577515208421,61.553977683117424,49.88709018347121,49.88709018347121,49.88709018347121,76.77838570262648,0.008045775152084211,False,False,steady_state_low_chaos,20.596924990401064,0.3979539343665017,Regime suitability reflects current fused market state and stock risk profile.
ITH.LSE,ITH.LSE,Energy,United Kingdom,UK,GBX,53.58477342556499,43.47442249582098,66.23002929957433,53.58477342556499,54.95974960563191,53.47442249582098,53.47442249582098,53.47442249582098,70.18048695488449,0.00358477342556499,False,False,steady_state_low_chaos,20.596924990401064,0.3979539343665017,Regime suitability reflects current fused market state and stock risk profile.
BAM.US,BAM.US,Financials,United States,US,USD,38.67707189263943,41.80420415459634,66.84853168469861,38.67707189263943,38.75963605942552,51.80420415459634,51.80420415459634,51.80420415459634,69.87097386093328,-0.011322928107360568,False,False,steady_state_low_chaos,20.596924990401064,0.3979539343665017,Regime suitability reflects current fused market state and stock risk profile.
2367.HK,2367.HK,Consumer Staples,Hong Kong,Hong Kong,HKD,54.34874265310173,80.0449475319732,57.94051384958888,54.34874265310173,69.33460032807713,80.0449475319732,53.37828086530653,65.0449475319732,100,0.004348742653101731,False,False,steady_state_low_chaos,20.596924990401064,0.3979539343665017,Regime suitability reflects current fused market state and stock risk profile.
2245.HK,2245.HK,Materials,Hong Kong,Hong Kong,HKD,61.133613197694814,35.133281737399926,62.903132406188334,61.133613197694814,62.643703473775076,45.133281737399926,33.46661507073326,45.133281737399926,54.52017303101426,0.011133613197694814,False,False,steady_state_low_chaos,20.596924990401064,0.3979539343665017,Regime suitability reflects current fused market state and stock risk profile.
6963.HK,6963.HK,Financials,Hong Kong,Hong Kong,HKD,66.7634976828699,60.08976275904756,67.50846388466285,66.7634976828699,72.20354783349268,70.08976275904756,58.423096092380895,70.08976275904756,89.60838330530582,0.016763497682869898,False,False,steady_state_low_chaos,20.596924990401064,0.3979539343665017,Regime suitability reflects current fused market state and stock risk profile.
URW.PA,URW.PA,Real Estate,France,EU ex-DACH,EUR,64.98457552346287,22.572222512686288,8.27747595624404,64.98457552346287,53.547573938312425,32.57222251268629,32.57222251268629,32.57222251268629,0,0.014984575523462865,False,False,steady_state_low_chaos,20.596924990401064,0.3979539343665017,Regime suitability reflects current fused market state and stock risk profile.
DSFIR.AS,DSFIR.AS,Materials,Netherlands,EU ex-DACH,EUR,44.803336935893725,61.29624190182173,65.61704338789296,44.803336935893725,57.81966713515073,71.29624190182173,71.29624190182173,71.29624190182173,86.65373735518624,-0.005196663064106275,False,False,steady_state_low_chaos,20.596924990401064,0.3979539343665017,Regime suitability reflects current fused market state and stock risk profile.
9636.HK,9636.HK,Consumer Staples,Hong Kong,Hong Kong,HKD,53.52678143868282,63.91715424013441,53.83848872183054,53.52678143868282,56.6766239397257,63.91715424013441,48.91715424013441,48.91715424013441,84.52334070633106,0.0035267814386828176,False,False,steady_state_low_chaos,20.596924990401064,0.3979539343665017,Regime suitability reflects current fused market state and stock risk profile.
014.F,014.F,Materials,Germany,DACH,EUR,22.934782608695652,17.76728439059159,60,22.934782608695652,37.77200641482538,27.76728439059159,27.76728439059159,27.76728439059159,30.76728439059159,-0.02706521739130435,True,False,steady_state_low_chaos,20.596924990401064,0.3979539343665017,Regime suitability reflects current fused market state and stock risk profile.
601061.SHG,601061.SHG,Materials,China,Mainland China,CNY,36.84456528457641,43.49787589312723,60.90856467519591,36.84456528457641,51.667628284173475,53.49787589312723,41.831209226460565,53.49787589312723,58.49671817855824,-0.013155434715423589,False,False,steady_state_low_chaos,20.596924990401064,0.3979539343665017,Regime suitability reflects current fused market state and stock risk profile.
KVUE.US,KVUE.US,Consumer Staples,United States,US,USD,52.67723028649709,80.58149314091612,32.253851306095115,52.67723028649709,49.276255076154605,80.58149314091612,65.58149314091612,65.58149314091612,62.53996601432537,0.0026772302864970926,False,False,steady_state_low_chaos,20.596924990401064,0.3979539343665017,Regime suitability reflects current fused market state and stock risk profile.
603296.SHG,603296.SHG,Technology,China,Mainland China,CNY,42.248548704512416,42.30064492439143,40.93433098872759,42.248548704512416,46.447100405582404,52.30064492439143,52.30064492439143,52.30064492439143,68.35617309959213,-0.007751451295487584,False,False,steady_state_low_chaos,20.596924990401064,0.3979539343665017,Regime suitability reflects current fused market state and stock risk profile.
MANTA.HE,MANTA.HE,Financials,Finland,EU ex-DACH,EUR,39.56881113372133,34.45832502831231,74.90167727009832,39.56881113372133,49.46993623278481,44.45832502831231,44.45832502831231,44.45832502831231,75.3403377524303,-0.010431188866278668,False,False,steady_state_low_chaos,20.596924990401064,0.3979539343665017,Regime suitability reflects current fused market state and stock risk profile.
SDZ.SW,SDZ.SW,Healthcare,Switzerland,DACH,CHF,47.803355321481135,60.3472698890327,35.0,47.803355321481135,53.938856869305255,60.3472698890327,45.3472698890327,45.3472698890327,48.3472698890327,-0.002196644678518865,False,False,steady_state_low_chaos,20.596924990401064,0.3979539343665017,Regime suitability reflects current fused market state and stock risk profile.
SYENS.BR,SYENS.BR,Materials,Belgium,EU ex-DACH,EUR,27.614372729761072,40.22560221016347,58.735955056179776,27.614372729761072,37.62476184472066,50.22560221016347,50.22560221016347,50.22560221016347,50.44470333375898,-0.022385627270238927,True,False,steady_state_low_chaos,20.596924990401064,0.3979539343665017,Regime suitability reflects current fused market state and stock risk profile.
2419.HK,2419.HK,Consumer Staples,Hong Kong,Hong Kong,HKD,45.62886531548208,60.382493400147446,42.489051776269335,45.62886531548208,56.963291881087336,60.382493400147446,33.71582673348078,45.382493400147446,64.85840730794,-0.004371134684517919,False,False,steady_state_low_chaos,20.596924990401064,0.3979539343665017,Regime suitability reflects current fused market state and stock risk profile.
R3NK.XETRA,R3NK.XETRA,Industrials,Germany,DACH,EUR,42.680698929237934,33.35284675074831,61.835170038743,42.680698929237934,51.14466497770003,18.352846750748313,43.35284675074831,43.35284675074831,50.390220835982916,-0.007319301070762066,False,False,steady_state_low_chaos,20.596924990401064,0.3979539343665017,Regime suitability reflects current fused market state and stock risk profile.
CVC.AS,CVC.AS,Financials,Netherlands,EU ex-DACH,EUR,36.95851913635847,52.56466813806704,66.3479883965382,36.95851913635847,51.89353470277716,62.56466813806704,62.56466813806704,62.56466813806704,79.5302426104511,-0.013041480863641531,False,False,steady_state_low_chaos,20.596924990401064,0.3979539343665017,Regime suitability reflects current fused market state and stock risk profile.
PUIG.MC,PUIG.MC,Consumer Staples,Spain,EU ex-DACH,EUR,37.30836250806454,80.50232431126457,43.585191331519866,37.30836250806454,54.898357934308336,80.50232431126457,65.50232431126457,65.50232431126457,87.38974524060828,-0.01269163749193546,False,False,steady_state_low_chaos,20.596924990401064,0.3979539343665017,Regime suitability reflects current fused market state and stock risk profile.
6181.HK,6181.HK,Consumer Discretionary,Hong Kong,Hong Kong,HKD,36.18852459016394,38.54602878256515,41.54139585312822,36.18852459016394,49.20031583041084,48.54602878256515,48.54602878256515,48.54602878256515,65.93709965944726,-0.013811475409836063,False,False,steady_state_low_chaos,20.596924990401064,0.3979539343665017,Regime suitability reflects current fused market state and stock risk profile.
2507.HK,2507.HK,Industrials,Hong Kong,Hong Kong,HKD,34.3313891552178,34.596751341396285,75.34308187312865,34.3313891552178,53.259243770599156,44.596751341396285,32.93008467472962,44.596751341396285,76.00844958915067,-0.015668610844782202,True,False,steady_state_low_chaos,20.596924990401064,0.3979539343665017,Regime suitability reflects current fused market state and stock risk profile.
0300.HK,0300.HK,Consumer Discretionary,Hong Kong,Hong Kong,HKD,63.572907413578136,47.79339634520422,46.42929362260433,63.572907413578136,62.10813786169322,57.79339634520422,46.12672967853756,57.79339634520422,84.50854869232943,0.013572907413578136,False,False,steady_state_low_chaos,20.596924990401064,0.3979539343665017,Regime suitability reflects current fused market state and stock risk profile.
SUNN.SW,SUNN.SW,Communication Services,Switzerland,DACH,CHF,58.38025659301497,29.872725462244773,23.655690537084396,58.38025659301497,44.42999900423463,39.87272546224477,39.87272546224477,39.87272546224477,17.915244643830448,0.00838025659301497,False,False,steady_state_low_chaos,20.596924990401064,0.3979539343665017,Regime suitability reflects current fused market state and stock risk profile.
6936.HK,6936.HK,Industrials,Hong Kong,Hong Kong,HKD,59.30712151059795,59.136558860112075,68.68146697569658,59.30712151059795,70.28974674932886,69.13655886011207,69.13655886011207,69.13655886011207,91.23578620664455,0.009307121510597953,False,False,steady_state_low_chaos,20.596924990401064,0.3979539343665017,Regime suitability reflects current fused market state and stock risk profile.
1318.HK,1318.HK,Consumer Staples,Hong Kong,Hong Kong,HKD,52.98631625399163,83.13959968656464,54.86670728651934,52.98631625399163,71.41102433826654,83.13959968656464,68.13959968656464,68.13959968656464,100,0.0029863162539916317,False,False,steady_state_low_chaos,20.596924990401064,0.3979539343665017,Regime suitability reflects current fused market state and stock risk profile.
1364.HK,1364.HK,Consumer Discretionary,Hong Kong,Hong Kong,HKD,42.817177476835354,32.233660997248556,42.24969806068405,42.817177476835354,45.7285135484867,42.233660997248556,42.233660997248556,42.233660997248556,61.18299673075346,-0.0071828225231646455,False,False,steady_state_low_chaos,20.596924990401064,0.3979539343665017,Regime suitability reflects current fused market state and stock risk profile.
PFSE.XETRA,PFSE.XETRA,Technology,Germany,DACH,EUR,25.65751960085531,28.444404846756953,47.352513785274084,25.65751960085531,43.64442266571633,13.444404846756953,38.44440484675695,38.44440484675695,66.26742138908585,-0.02434248039914469,True,False,steady_state_low_chaos,20.596924990401064,0.3979539343665017,Regime suitability reflects current fused market state and stock risk profile.
3288.HK,3288.HK,Consumer Staples,Hong Kong,Hong Kong,HKD,47.10368224213345,89.02834038576175,57.86270548295819,47.10368224213345,74.63302898708181,89.02834038576175,62.36167371909509,74.02834038576175,100,-0.002896317757866548,False,False,steady_state_low_chaos,20.596924990401064,0.3979539343665017,Regime suitability reflects current fused market state and stock risk profile.
2050.HK,2050.HK,Industrials,Hong Kong,Hong Kong,HKD,42.585786573577664,41.834262581574926,79.2081154607259,42.585786573577664,51.18328969677948,51.834262581574926,40.16759591490826,51.834262581574926,87.88400113444602,-0.007414213426422336,False,False,steady_state_low_chaos,20.596924990401064,0.3979539343665017,Regime suitability reflects current fused market state and stock risk profile.
2648.HK,2648.HK,Consumer Staples,Hong Kong,Hong Kong,HKD,54.59835064341624,66.32699620848842,60.74016884009775,54.59835064341624,64.71323795381096,66.32699620848842,51.326996208488424,51.326996208488424,95.21519881660572,0.00459835064341624,False,False,steady_state_low_chaos,20.596924990401064,0.3979539343665017,Regime suitability reflects current fused market state and stock risk profile.
6613.HK,6613.HK,Technology,Hong Kong,Hong Kong,HKD,52.29736507392466,49.007126673291204,44.99164800578468,52.29736507392466,65.32825311786608,59.007126673291204,59.007126673291204,59.007126673291204,83.98875228601752,0.0022973650739246594,False,False,steady_state_low_chaos,20.596924990401064,0.3979539343665017,Regime suitability reflects current fused market state and stock risk profile.
MTLN.LSE,MTLN.LSE,Utilities,United Kingdom,UK,EUR,30.472877454531712,56.2834646941438,22.400740394832127,30.472877454531712,50.324887723961346,56.2834646941438,41.2834646941438,16.283464694143802,16.56509356277448,-0.019527122545468286,True,False,steady_state_low_chaos,20.596924990401064,0.3979539343665017,Regime suitability reflects current fused market state and stock risk profile.
9973.HK,9973.HK,Consumer Discretionary,Hong Kong,Hong Kong,HKD,36.95473984319316,56.58054169636493,57.4465598428131,36.95473984319316,59.119297933000716,66.58054169636493,49.08054169636493,66.58054169636493,100,-0.01304526015680684,False,False,steady_state_low_chaos,20.596924990401064,0.3979539343665017,Regime suitability reflects current fused market state and stock risk profile.
SMG.SW,SMG.SW,Communication Services,Switzerland,DACH,CHF,31.943188992221405,53.20196220144926,47.8129981691739,31.943188992221405,56.56808943427533,63.20196220144926,63.20196220144926,63.20196220144926,91.57756000445795,-0.018056811007778596,True,False,steady_state_low_chaos,20.596924990401064,0.3979539343665017,Regime suitability reflects current fused market state and stock risk profile.
NOBA.ST,NOBA.ST,Financials,Sweden,EU ex-DACH,SEK,20.023164647184604,42.571275837491086,60,20.023164647184604,51.4142017106201,52.571275837491086,52.571275837491086,52.571275837491086,55.571275837491086,-0.029976835352815395,True,False,steady_state_low_chaos,20.596924990401064,0.3979539343665017,Regime suitability reflects current fused market state and stock risk profile.
2259.HK,2259.HK,Materials,Hong Kong,Hong Kong,HKD,56.58676189718287,48.87701198541267,74.30032488997459,56.58676189718287,61.8000373246649,58.87701198541267,58.87701198541267,58.87701198541267,89.03740185338219,0.006586761897182868,False,False,steady_state_low_chaos,20.596924990401064,0.3979539343665017,Regime suitability reflects current fused market state and stock risk profile.
6031.HK,6031.HK,Industrials,Hong Kong,Hong Kong,HKD,58.241521023178215,62.04096018507232,80.53299462444238,58.241521023178215,65.44023362665196,72.04096018507232,72.04096018507232,72.04096018507232,100,0.008241521023178216,False,False,steady_state_low_chaos,20.596924990401064,0.3979539343665017,Regime suitability reflects current fused market state and stock risk profile.
9927.HK,9927.HK,Consumer Discretionary,Hong Kong,Hong Kong,HKD,58.49429793300071,58.79009265858873,70,58.49429793300071,60.33455096222381,68.79009265858873,68.79009265858873,68.79009265858873,100,0.00849429793300071,False,False,steady_state_low_chaos,20.596924990401064,0.3979539343665017,Regime suitability reflects current fused market state and stock risk profile.
2698.HK,2698.HK,Consumer Staples,Hong Kong,Hong Kong,HKD,31.038845331432643,67.52138275124733,58.55012009403107,31.038845331432643,51.38676051318603,67.52138275124733,40.85471608458066,52.52138275124732,93.78152686408461,-0.018961154668567355,True,False,steady_state_low_chaos,20.596924990401064,0.3979539343665017,Regime suitability reflects current fused market state and stock risk profile.
2579.HK,2579.HK,Materials,Hong Kong,Hong Kong,HKD,22.408995553643983,37.48365626876175,52.25871952007907,22.408995553643983,47.619257751185486,47.48365626876175,35.816989602095084,47.48365626876175,33.452839212935714,-0.027591004446356017,True,False,steady_state_low_chaos,20.596924990401064,0.3979539343665017,Regime suitability reflects current fused market state and stock risk profile.
2788.HK,2788.HK,Materials,Hong Kong,Hong Kong,HKD,43.41589451176051,29.82564393590581,62.75686275272691,43.41589451176051,44.4041041647482,39.82564393590581,28.158977269239145,39.82564393590581,48.89074199190501,-0.006584105488239487,False,False,steady_state_low_chaos,20.596924990401064,0.3979539343665017,Regime suitability reflects current fused market state and stock risk profile.
9980.HK,9980.HK,Consumer Staples,Hong Kong,Hong Kong,HKD,51.11864373532498,88.0566499755117,43.884235170165525,51.11864373532498,73.39570941056652,88.0566499755117,73.0566499755117,73.0566499755117,95.60196734987586,0.00111864373532498,False,False,steady_state_low_chaos,20.596924990401064,0.3979539343665017,Regime suitability reflects current fused market state and stock risk profile.
OBCK.XETRA,OBCK.XETRA,Healthcare,Germany,DACH,EUR,38.31967213114754,63.99354096603528,32.402307894046686,38.31967213114754,49.44644753131941,63.99354096603528,48.99354096603528,48.99354096603528,46.278618332937995,-0.011680327868852458,False,False,steady_state_low_chaos,20.596924990401064,0.3979539343665017,Regime suitability reflects current fused market state and stock risk profile.
